image_path,label
C:\Users\HishamMo\Desktop\999_cs\Quantum_Inpired_PSO_Classifcation\featus\malignant\100_2HC.png,malignant
C:\Users\HishamMo\Desktop\999_cs\Quantum_Inpired_PSO_Classifcation\featus\malignant\100_2HC_Annotation.png,malignant
C:\Users\HishamMo\Desktop\999_cs\Quantum_Inpired_PSO_Classifcation\featus\malignant\101_HC.png,malignant
C:\Users\HishamMo\Desktop\999_cs\Quantum_Inpired_PSO_Classifcation\featus\malignant\101_HC_Annotation.png,malignant
C:\Users\HishamMo\Desktop\999_cs\Quantum_Inpired_PSO_Classifcation\featus\malignant\102_2HC.png,malignant
C:\Users\HishamMo\Desktop\999_cs\Quantum_Inpired_PSO_Classifcation\featus\malignant\102_2HC_Annotation.png,malignant
C:\Users\HishamMo\Desktop\999_cs\Quantum_Inpired_PSO_Classifcation\featus\malignant\103_HC.png,malignant
C:\Users\HishamMo\Desktop\999_cs\Quantum_Inpired_PSO_Classifcation\featus\malignant\103_HC_Annotation.png,malignant
C:\Users\HishamMo\Desktop\999_cs\Quantum_Inpired_PSO_Classifcation\featus\malignant\104_HC.png,malignant
C:\Users\HishamMo\Desktop\999_cs\Quantum_Inpired_PSO_Classifcation\featus\malignant\104_HC_Annotation.png,malignant
C:\Users\HishamMo\Desktop\999_cs\Quantum_Inpired_PSO_Classifcation\featus\malignant\105_HC.png,malignant
C:\Users\HishamMo\Desktop\999_cs\Quantum_Inpired_PSO_Classifcation\featus\malignant\105_HC_Annotation.png,malignant
C:\Users\HishamMo\Desktop\999_cs\Quantum_Inpired_PSO_Classifcation\featus\malignant\106_HC.png,malignant
C:\Users\HishamMo\Desktop\999_cs\Quantum_Inpired_PSO_Classifcation\featus\malignant\106_HC_Annotation.png,malignant
C:\Users\HishamMo\Desktop\999_cs\Quantum_Inpired_PSO_Classifcation\featus\malignant\107_HC.png,malignant
C:\Users\HishamMo\Desktop\999_cs\Quantum_Inpired_PSO_Classifcation\featus\malignant\107_HC_Annotation.png,malignant
C:\Users\HishamMo\Desktop\999_cs\Quantum_Inpired_PSO_Classifcation\featus\malignant\108_2HC.png,malignant
C:\Users\HishamMo\Desktop\999_cs\Quantum_Inpired_PSO_Classifcation\featus\malignant\108_2HC_Annotation.png,malignant
C:\Users\HishamMo\Desktop\999_cs\Quantum_Inpired_PSO_Classifcation\featus\malignant\109_HC.png,malignant
C:\Users\HishamMo\Desktop\999_cs\Quantum_Inpired_PSO_Classifcation\featus\malignant\109_HC_Annotation.png,malignant
C:\Users\HishamMo\Desktop\999_cs\Quantum_Inpired_PSO_Classifcation\featus\malignant\10_2HC.png,malignant
C:\Users\HishamMo\Desktop\999_cs\Quantum_Inpired_PSO_Classifcation\featus\malignant\10_2HC_Annotation.png,malignant
C:\Users\HishamMo\Desktop\999_cs\Quantum_Inpired_PSO_Classifcation\featus\malignant\110_HC.png,malignant
C:\Users\HishamMo\Desktop\999_cs\Quantum_Inpired_PSO_Classifcation\featus\malignant\110_HC_Annotation.png,malignant
C:\Users\HishamMo\Desktop\999_cs\Quantum_Inpired_PSO_Classifcation\featus\malignant\111_HC.png,malignant
C:\Users\HishamMo\Desktop\999_cs\Quantum_Inpired_PSO_Classifcation\featus\malignant\111_HC_Annotation.png,malignant
C:\Users\HishamMo\Desktop\999_cs\Quantum_Inpired_PSO_Classifcation\featus\malignant\112_HC.png,malignant
C:\Users\HishamMo\Desktop\999_cs\Quantum_Inpired_PSO_Classifcation\featus\malignant\112_HC_Annotation.png,malignant
C:\Users\HishamMo\Desktop\999_cs\Quantum_Inpired_PSO_Classifcation\featus\malignant\113_HC.png,malignant
C:\Users\HishamMo\Desktop\999_cs\Quantum_Inpired_PSO_Classifcation\featus\malignant\113_HC_Annotation.png,malignant
C:\Users\HishamMo\Desktop\999_cs\Quantum_Inpired_PSO_Classifcation\featus\malignant\114_2HC.png,malignant
C:\Users\HishamMo\Desktop\999_cs\Quantum_Inpired_PSO_Classifcation\featus\malignant\114_2HC_Annotation.png,malignant
C:\Users\HishamMo\Desktop\999_cs\Quantum_Inpired_PSO_Classifcation\featus\malignant\115_HC.png,malignant
C:\Users\HishamMo\Desktop\999_cs\Quantum_Inpired_PSO_Classifcation\featus\malignant\115_HC_Annotation.png,malignant
C:\Users\HishamMo\Desktop\999_cs\Quantum_Inpired_PSO_Classifcation\featus\malignant\116_HC.png,malignant
C:\Users\HishamMo\Desktop\999_cs\Quantum_Inpired_PSO_Classifcation\featus\malignant\116_HC_Annotation.png,malignant
C:\Users\HishamMo\Desktop\999_cs\Quantum_Inpired_PSO_Classifcation\featus\malignant\117_HC.png,malignant
C:\Users\HishamMo\Desktop\999_cs\Quantum_Inpired_PSO_Classifcation\featus\malignant\117_HC_Annotation.png,malignant
C:\Users\HishamMo\Desktop\999_cs\Quantum_Inpired_PSO_Classifcation\featus\malignant\118_HC.png,malignant
C:\Users\HishamMo\Desktop\999_cs\Quantum_Inpired_PSO_Classifcation\featus\malignant\118_HC_Annotation.png,malignant
C:\Users\HishamMo\Desktop\999_cs\Quantum_Inpired_PSO_Classifcation\featus\malignant\119_HC.png,malignant
C:\Users\HishamMo\Desktop\999_cs\Quantum_Inpired_PSO_Classifcation\featus\malignant\119_HC_Annotation.png,malignant
C:\Users\HishamMo\Desktop\999_cs\Quantum_Inpired_PSO_Classifcation\featus\malignant\11_2HC.png,malignant
C:\Users\HishamMo\Desktop\999_cs\Quantum_Inpired_PSO_Classifcation\featus\malignant\11_2HC_Annotation.png,malignant
C:\Users\HishamMo\Desktop\999_cs\Quantum_Inpired_PSO_Classifcation\featus\malignant\120_HC.png,malignant
C:\Users\HishamMo\Desktop\999_cs\Quantum_Inpired_PSO_Classifcation\featus\malignant\120_HC_Annotation.png,malignant
C:\Users\HishamMo\Desktop\999_cs\Quantum_Inpired_PSO_Classifcation\featus\malignant\121_HC.png,malignant
C:\Users\HishamMo\Desktop\999_cs\Quantum_Inpired_PSO_Classifcation\featus\malignant\121_HC_Annotation.png,malignant
C:\Users\HishamMo\Desktop\999_cs\Quantum_Inpired_PSO_Classifcation\featus\malignant\122_2HC.png,malignant
C:\Users\HishamMo\Desktop\999_cs\Quantum_Inpired_PSO_Classifcation\featus\malignant\122_2HC_Annotation.png,malignant
C:\Users\HishamMo\Desktop\999_cs\Quantum_Inpired_PSO_Classifcation\featus\malignant\123_HC.png,malignant
C:\Users\HishamMo\Desktop\999_cs\Quantum_Inpired_PSO_Classifcation\featus\malignant\123_HC_Annotation.png,malignant
C:\Users\HishamMo\Desktop\999_cs\Quantum_Inpired_PSO_Classifcation\featus\malignant\124_2HC.png,malignant
C:\Users\HishamMo\Desktop\999_cs\Quantum_Inpired_PSO_Classifcation\featus\malignant\124_2HC_Annotation.png,malignant
C:\Users\HishamMo\Desktop\999_cs\Quantum_Inpired_PSO_Classifcation\featus\malignant\125_2HC.png,malignant
C:\Users\HishamMo\Desktop\999_cs\Quantum_Inpired_PSO_Classifcation\featus\malignant\125_2HC_Annotation.png,malignant
C:\Users\HishamMo\Desktop\999_cs\Quantum_Inpired_PSO_Classifcation\featus\malignant\126_HC.png,malignant
C:\Users\HishamMo\Desktop\999_cs\Quantum_Inpired_PSO_Classifcation\featus\malignant\126_HC_Annotation.png,malignant
C:\Users\HishamMo\Desktop\999_cs\Quantum_Inpired_PSO_Classifcation\featus\malignant\127_HC.png,malignant
C:\Users\HishamMo\Desktop\999_cs\Quantum_Inpired_PSO_Classifcation\featus\malignant\127_HC_Annotation.png,malignant
C:\Users\HishamMo\Desktop\999_cs\Quantum_Inpired_PSO_Classifcation\featus\malignant\128_HC.png,malignant
C:\Users\HishamMo\Desktop\999_cs\Quantum_Inpired_PSO_Classifcation\featus\malignant\128_HC_Annotation.png,malignant
C:\Users\HishamMo\Desktop\999_cs\Quantum_Inpired_PSO_Classifcation\featus\malignant\129_HC.png,malignant
C:\Users\HishamMo\Desktop\999_cs\Quantum_Inpired_PSO_Classifcation\featus\malignant\129_HC_Annotation.png,malignant
C:\Users\HishamMo\Desktop\999_cs\Quantum_Inpired_PSO_Classifcation\featus\malignant\12_HC.png,malignant
C:\Users\HishamMo\Desktop\999_cs\Quantum_Inpired_PSO_Classifcation\featus\malignant\12_HC_Annotation.png,malignant
C:\Users\HishamMo\Desktop\999_cs\Quantum_Inpired_PSO_Classifcation\featus\malignant\130_HC.png,malignant
C:\Users\HishamMo\Desktop\999_cs\Quantum_Inpired_PSO_Classifcation\featus\malignant\130_HC_Annotation.png,malignant
C:\Users\HishamMo\Desktop\999_cs\Quantum_Inpired_PSO_Classifcation\featus\malignant\131_2HC.png,malignant
C:\Users\HishamMo\Desktop\999_cs\Quantum_Inpired_PSO_Classifcation\featus\malignant\131_2HC_Annotation.png,malignant
C:\Users\HishamMo\Desktop\999_cs\Quantum_Inpired_PSO_Classifcation\featus\malignant\132_HC.png,malignant
C:\Users\HishamMo\Desktop\999_cs\Quantum_Inpired_PSO_Classifcation\featus\malignant\132_HC_Annotation.png,malignant
C:\Users\HishamMo\Desktop\999_cs\Quantum_Inpired_PSO_Classifcation\featus\malignant\133_2HC.png,malignant
C:\Users\HishamMo\Desktop\999_cs\Quantum_Inpired_PSO_Classifcation\featus\malignant\133_2HC_Annotation.png,malignant
C:\Users\HishamMo\Desktop\999_cs\Quantum_Inpired_PSO_Classifcation\featus\malignant\134_3HC.png,malignant
C:\Users\HishamMo\Desktop\999_cs\Quantum_Inpired_PSO_Classifcation\featus\malignant\134_3HC_Annotation.png,malignant
C:\Users\HishamMo\Desktop\999_cs\Quantum_Inpired_PSO_Classifcation\featus\malignant\135_HC.png,malignant
C:\Users\HishamMo\Desktop\999_cs\Quantum_Inpired_PSO_Classifcation\featus\malignant\135_HC_Annotation.png,malignant
C:\Users\HishamMo\Desktop\999_cs\Quantum_Inpired_PSO_Classifcation\featus\malignant\136_HC.png,malignant
C:\Users\HishamMo\Desktop\999_cs\Quantum_Inpired_PSO_Classifcation\featus\malignant\136_HC_Annotation.png,malignant
C:\Users\HishamMo\Desktop\999_cs\Quantum_Inpired_PSO_Classifcation\featus\malignant\137_HC.png,malignant
C:\Users\HishamMo\Desktop\999_cs\Quantum_Inpired_PSO_Classifcation\featus\malignant\137_HC_Annotation.png,malignant
C:\Users\HishamMo\Desktop\999_cs\Quantum_Inpired_PSO_Classifcation\featus\malignant\138_HC.png,malignant
C:\Users\HishamMo\Desktop\999_cs\Quantum_Inpired_PSO_Classifcation\featus\malignant\138_HC_Annotation.png,malignant
C:\Users\HishamMo\Desktop\999_cs\Quantum_Inpired_PSO_Classifcation\featus\malignant\139_HC.png,malignant
C:\Users\HishamMo\Desktop\999_cs\Quantum_Inpired_PSO_Classifcation\featus\malignant\139_HC_Annotation.png,malignant
C:\Users\HishamMo\Desktop\999_cs\Quantum_Inpired_PSO_Classifcation\featus\malignant\13_HC.png,malignant
C:\Users\HishamMo\Desktop\999_cs\Quantum_Inpired_PSO_Classifcation\featus\malignant\13_HC_Annotation.png,malignant
C:\Users\HishamMo\Desktop\999_cs\Quantum_Inpired_PSO_Classifcation\featus\malignant\140_HC.png,malignant
C:\Users\HishamMo\Desktop\999_cs\Quantum_Inpired_PSO_Classifcation\featus\malignant\140_HC_Annotation.png,malignant
C:\Users\HishamMo\Desktop\999_cs\Quantum_Inpired_PSO_Classifcation\featus\malignant\141_HC.png,malignant
C:\Users\HishamMo\Desktop\999_cs\Quantum_Inpired_PSO_Classifcation\featus\malignant\141_HC_Annotation.png,malignant
C:\Users\HishamMo\Desktop\999_cs\Quantum_Inpired_PSO_Classifcation\featus\malignant\142_HC.png,malignant
C:\Users\HishamMo\Desktop\999_cs\Quantum_Inpired_PSO_Classifcation\featus\malignant\142_HC_Annotation.png,malignant
C:\Users\HishamMo\Desktop\999_cs\Quantum_Inpired_PSO_Classifcation\featus\malignant\143_HC.png,malignant
C:\Users\HishamMo\Desktop\999_cs\Quantum_Inpired_PSO_Classifcation\featus\malignant\143_HC_Annotation.png,malignant
C:\Users\HishamMo\Desktop\999_cs\Quantum_Inpired_PSO_Classifcation\featus\malignant\144_HC.png,malignant
C:\Users\HishamMo\Desktop\999_cs\Quantum_Inpired_PSO_Classifcation\featus\malignant\144_HC_Annotation.png,malignant
C:\Users\HishamMo\Desktop\999_cs\Quantum_Inpired_PSO_Classifcation\featus\malignant\145_HC.png,malignant
C:\Users\HishamMo\Desktop\999_cs\Quantum_Inpired_PSO_Classifcation\featus\malignant\145_HC_Annotation.png,malignant
C:\Users\HishamMo\Desktop\999_cs\Quantum_Inpired_PSO_Classifcation\featus\malignant\146_HC.png,malignant
C:\Users\HishamMo\Desktop\999_cs\Quantum_Inpired_PSO_Classifcation\featus\malignant\146_HC_Annotation.png,malignant
C:\Users\HishamMo\Desktop\999_cs\Quantum_Inpired_PSO_Classifcation\featus\malignant\147_HC.png,malignant
C:\Users\HishamMo\Desktop\999_cs\Quantum_Inpired_PSO_Classifcation\featus\malignant\147_HC_Annotation.png,malignant
C:\Users\HishamMo\Desktop\999_cs\Quantum_Inpired_PSO_Classifcation\featus\malignant\148_2HC.png,malignant
C:\Users\HishamMo\Desktop\999_cs\Quantum_Inpired_PSO_Classifcation\featus\malignant\148_2HC_Annotation.png,malignant
C:\Users\HishamMo\Desktop\999_cs\Quantum_Inpired_PSO_Classifcation\featus\malignant\149_HC.png,malignant
C:\Users\HishamMo\Desktop\999_cs\Quantum_Inpired_PSO_Classifcation\featus\malignant\149_HC_Annotation.png,malignant
C:\Users\HishamMo\Desktop\999_cs\Quantum_Inpired_PSO_Classifcation\featus\malignant\14_HC.png,malignant
C:\Users\HishamMo\Desktop\999_cs\Quantum_Inpired_PSO_Classifcation\featus\malignant\14_HC_Annotation.png,malignant
C:\Users\HishamMo\Desktop\999_cs\Quantum_Inpired_PSO_Classifcation\featus\malignant\150_HC.png,malignant
C:\Users\HishamMo\Desktop\999_cs\Quantum_Inpired_PSO_Classifcation\featus\malignant\150_HC_Annotation.png,malignant
C:\Users\HishamMo\Desktop\999_cs\Quantum_Inpired_PSO_Classifcation\featus\malignant\151_HC.png,malignant
C:\Users\HishamMo\Desktop\999_cs\Quantum_Inpired_PSO_Classifcation\featus\malignant\151_HC_Annotation.png,malignant
C:\Users\HishamMo\Desktop\999_cs\Quantum_Inpired_PSO_Classifcation\featus\malignant\152_2HC.png,malignant
C:\Users\HishamMo\Desktop\999_cs\Quantum_Inpired_PSO_Classifcation\featus\malignant\152_2HC_Annotation.png,malignant
C:\Users\HishamMo\Desktop\999_cs\Quantum_Inpired_PSO_Classifcation\featus\malignant\153_HC.png,malignant
C:\Users\HishamMo\Desktop\999_cs\Quantum_Inpired_PSO_Classifcation\featus\malignant\153_HC_Annotation.png,malignant
C:\Users\HishamMo\Desktop\999_cs\Quantum_Inpired_PSO_Classifcation\featus\malignant\154_2HC.png,malignant
C:\Users\HishamMo\Desktop\999_cs\Quantum_Inpired_PSO_Classifcation\featus\malignant\154_2HC_Annotation.png,malignant
C:\Users\HishamMo\Desktop\999_cs\Quantum_Inpired_PSO_Classifcation\featus\malignant\155_3HC.png,malignant
C:\Users\HishamMo\Desktop\999_cs\Quantum_Inpired_PSO_Classifcation\featus\malignant\155_3HC_Annotation.png,malignant
C:\Users\HishamMo\Desktop\999_cs\Quantum_Inpired_PSO_Classifcation\featus\malignant\156_HC.png,malignant
C:\Users\HishamMo\Desktop\999_cs\Quantum_Inpired_PSO_Classifcation\featus\malignant\156_HC_Annotation.png,malignant
C:\Users\HishamMo\Desktop\999_cs\Quantum_Inpired_PSO_Classifcation\featus\malignant\157_2HC.png,malignant
C:\Users\HishamMo\Desktop\999_cs\Quantum_Inpired_PSO_Classifcation\featus\malignant\157_2HC_Annotation.png,malignant
C:\Users\HishamMo\Desktop\999_cs\Quantum_Inpired_PSO_Classifcation\featus\malignant\158_3HC.png,malignant
C:\Users\HishamMo\Desktop\999_cs\Quantum_Inpired_PSO_Classifcation\featus\malignant\158_3HC_Annotation.png,malignant
C:\Users\HishamMo\Desktop\999_cs\Quantum_Inpired_PSO_Classifcation\featus\malignant\159_HC.png,malignant
C:\Users\HishamMo\Desktop\999_cs\Quantum_Inpired_PSO_Classifcation\featus\malignant\159_HC_Annotation.png,malignant
C:\Users\HishamMo\Desktop\999_cs\Quantum_Inpired_PSO_Classifcation\featus\malignant\15_HC.png,malignant
C:\Users\HishamMo\Desktop\999_cs\Quantum_Inpired_PSO_Classifcation\featus\malignant\15_HC_Annotation.png,malignant
C:\Users\HishamMo\Desktop\999_cs\Quantum_Inpired_PSO_Classifcation\featus\malignant\160_HC.png,malignant
C:\Users\HishamMo\Desktop\999_cs\Quantum_Inpired_PSO_Classifcation\featus\malignant\160_HC_Annotation.png,malignant
C:\Users\HishamMo\Desktop\999_cs\Quantum_Inpired_PSO_Classifcation\featus\malignant\161_HC.png,malignant
C:\Users\HishamMo\Desktop\999_cs\Quantum_Inpired_PSO_Classifcation\featus\malignant\161_HC_Annotation.png,malignant
C:\Users\HishamMo\Desktop\999_cs\Quantum_Inpired_PSO_Classifcation\featus\malignant\162_HC.png,malignant
C:\Users\HishamMo\Desktop\999_cs\Quantum_Inpired_PSO_Classifcation\featus\malignant\162_HC_Annotation.png,malignant
C:\Users\HishamMo\Desktop\999_cs\Quantum_Inpired_PSO_Classifcation\featus\malignant\163_HC.png,malignant
C:\Users\HishamMo\Desktop\999_cs\Quantum_Inpired_PSO_Classifcation\featus\malignant\163_HC_Annotation.png,malignant
C:\Users\HishamMo\Desktop\999_cs\Quantum_Inpired_PSO_Classifcation\featus\malignant\164_HC.png,malignant
C:\Users\HishamMo\Desktop\999_cs\Quantum_Inpired_PSO_Classifcation\featus\malignant\164_HC_Annotation.png,malignant
C:\Users\HishamMo\Desktop\999_cs\Quantum_Inpired_PSO_Classifcation\featus\malignant\165_HC.png,malignant
C:\Users\HishamMo\Desktop\999_cs\Quantum_Inpired_PSO_Classifcation\featus\malignant\165_HC_Annotation.png,malignant
C:\Users\HishamMo\Desktop\999_cs\Quantum_Inpired_PSO_Classifcation\featus\malignant\166_2HC.png,malignant
C:\Users\HishamMo\Desktop\999_cs\Quantum_Inpired_PSO_Classifcation\featus\malignant\166_2HC_Annotation.png,malignant
C:\Users\HishamMo\Desktop\999_cs\Quantum_Inpired_PSO_Classifcation\featus\malignant\167_3HC.png,malignant
C:\Users\HishamMo\Desktop\999_cs\Quantum_Inpired_PSO_Classifcation\featus\malignant\167_3HC_Annotation.png,malignant
C:\Users\HishamMo\Desktop\999_cs\Quantum_Inpired_PSO_Classifcation\featus\malignant\168_4HC.png,malignant
C:\Users\HishamMo\Desktop\999_cs\Quantum_Inpired_PSO_Classifcation\featus\malignant\168_4HC_Annotation.png,malignant
C:\Users\HishamMo\Desktop\999_cs\Quantum_Inpired_PSO_Classifcation\featus\malignant\169_HC.png,malignant
C:\Users\HishamMo\Desktop\999_cs\Quantum_Inpired_PSO_Classifcation\featus\malignant\169_HC_Annotation.png,malignant
C:\Users\HishamMo\Desktop\999_cs\Quantum_Inpired_PSO_Classifcation\featus\malignant\16_2HC.png,malignant
C:\Users\HishamMo\Desktop\999_cs\Quantum_Inpired_PSO_Classifcation\featus\malignant\16_2HC_Annotation.png,malignant
C:\Users\HishamMo\Desktop\999_cs\Quantum_Inpired_PSO_Classifcation\featus\malignant\170_HC.png,malignant
C:\Users\HishamMo\Desktop\999_cs\Quantum_Inpired_PSO_Classifcation\featus\malignant\170_HC_Annotation.png,malignant
C:\Users\HishamMo\Desktop\999_cs\Quantum_Inpired_PSO_Classifcation\featus\malignant\171_HC.png,malignant
C:\Users\HishamMo\Desktop\999_cs\Quantum_Inpired_PSO_Classifcation\featus\malignant\171_HC_Annotation.png,malignant
C:\Users\HishamMo\Desktop\999_cs\Quantum_Inpired_PSO_Classifcation\featus\malignant\172_2HC.png,malignant
C:\Users\HishamMo\Desktop\999_cs\Quantum_Inpired_PSO_Classifcation\featus\malignant\172_2HC_Annotation.png,malignant
C:\Users\HishamMo\Desktop\999_cs\Quantum_Inpired_PSO_Classifcation\featus\malignant\173_HC.png,malignant
C:\Users\HishamMo\Desktop\999_cs\Quantum_Inpired_PSO_Classifcation\featus\malignant\173_HC_Annotation.png,malignant
C:\Users\HishamMo\Desktop\999_cs\Quantum_Inpired_PSO_Classifcation\featus\malignant\174_HC.png,malignant
C:\Users\HishamMo\Desktop\999_cs\Quantum_Inpired_PSO_Classifcation\featus\malignant\174_HC_Annotation.png,malignant
C:\Users\HishamMo\Desktop\999_cs\Quantum_Inpired_PSO_Classifcation\featus\malignant\175_2HC.png,malignant
C:\Users\HishamMo\Desktop\999_cs\Quantum_Inpired_PSO_Classifcation\featus\malignant\175_2HC_Annotation.png,malignant
C:\Users\HishamMo\Desktop\999_cs\Quantum_Inpired_PSO_Classifcation\featus\malignant\176_HC.png,malignant
C:\Users\HishamMo\Desktop\999_cs\Quantum_Inpired_PSO_Classifcation\featus\malignant\176_HC_Annotation.png,malignant
C:\Users\HishamMo\Desktop\999_cs\Quantum_Inpired_PSO_Classifcation\featus\malignant\177_HC.png,malignant
C:\Users\HishamMo\Desktop\999_cs\Quantum_Inpired_PSO_Classifcation\featus\malignant\177_HC_Annotation.png,malignant
C:\Users\HishamMo\Desktop\999_cs\Quantum_Inpired_PSO_Classifcation\featus\malignant\178_HC.png,malignant
C:\Users\HishamMo\Desktop\999_cs\Quantum_Inpired_PSO_Classifcation\featus\malignant\178_HC_Annotation.png,malignant
C:\Users\HishamMo\Desktop\999_cs\Quantum_Inpired_PSO_Classifcation\featus\malignant\179_3HC.png,malignant
C:\Users\HishamMo\Desktop\999_cs\Quantum_Inpired_PSO_Classifcation\featus\malignant\179_3HC_Annotation.png,malignant
C:\Users\HishamMo\Desktop\999_cs\Quantum_Inpired_PSO_Classifcation\featus\malignant\17_3HC.png,malignant
C:\Users\HishamMo\Desktop\999_cs\Quantum_Inpired_PSO_Classifcation\featus\malignant\17_3HC_Annotation.png,malignant
C:\Users\HishamMo\Desktop\999_cs\Quantum_Inpired_PSO_Classifcation\featus\malignant\180_HC.png,malignant
C:\Users\HishamMo\Desktop\999_cs\Quantum_Inpired_PSO_Classifcation\featus\malignant\180_HC_Annotation.png,malignant
C:\Users\HishamMo\Desktop\999_cs\Quantum_Inpired_PSO_Classifcation\featus\malignant\181_HC.png,malignant
C:\Users\HishamMo\Desktop\999_cs\Quantum_Inpired_PSO_Classifcation\featus\malignant\181_HC_Annotation.png,malignant
C:\Users\HishamMo\Desktop\999_cs\Quantum_Inpired_PSO_Classifcation\featus\malignant\182_2HC.png,malignant
C:\Users\HishamMo\Desktop\999_cs\Quantum_Inpired_PSO_Classifcation\featus\malignant\182_2HC_Annotation.png,malignant
C:\Users\HishamMo\Desktop\999_cs\Quantum_Inpired_PSO_Classifcation\featus\malignant\183_HC.png,malignant
C:\Users\HishamMo\Desktop\999_cs\Quantum_Inpired_PSO_Classifcation\featus\malignant\183_HC_Annotation.png,malignant
C:\Users\HishamMo\Desktop\999_cs\Quantum_Inpired_PSO_Classifcation\featus\malignant\184_2HC.png,malignant
C:\Users\HishamMo\Desktop\999_cs\Quantum_Inpired_PSO_Classifcation\featus\malignant\184_2HC_Annotation.png,malignant
C:\Users\HishamMo\Desktop\999_cs\Quantum_Inpired_PSO_Classifcation\featus\malignant\185_HC.png,malignant
C:\Users\HishamMo\Desktop\999_cs\Quantum_Inpired_PSO_Classifcation\featus\malignant\185_HC_Annotation.png,malignant
C:\Users\HishamMo\Desktop\999_cs\Quantum_Inpired_PSO_Classifcation\featus\malignant\186_HC.png,malignant
C:\Users\HishamMo\Desktop\999_cs\Quantum_Inpired_PSO_Classifcation\featus\malignant\186_HC_Annotation.png,malignant
C:\Users\HishamMo\Desktop\999_cs\Quantum_Inpired_PSO_Classifcation\featus\malignant\187_2HC.png,malignant
C:\Users\HishamMo\Desktop\999_cs\Quantum_Inpired_PSO_Classifcation\featus\malignant\187_2HC_Annotation.png,malignant
C:\Users\HishamMo\Desktop\999_cs\Quantum_Inpired_PSO_Classifcation\featus\malignant\188_HC.png,malignant
C:\Users\HishamMo\Desktop\999_cs\Quantum_Inpired_PSO_Classifcation\featus\malignant\188_HC_Annotation.png,malignant
C:\Users\HishamMo\Desktop\999_cs\Quantum_Inpired_PSO_Classifcation\featus\malignant\189_HC.png,malignant
C:\Users\HishamMo\Desktop\999_cs\Quantum_Inpired_PSO_Classifcation\featus\malignant\189_HC_Annotation.png,malignant
C:\Users\HishamMo\Desktop\999_cs\Quantum_Inpired_PSO_Classifcation\featus\malignant\18_HC.png,malignant
C:\Users\HishamMo\Desktop\999_cs\Quantum_Inpired_PSO_Classifcation\featus\malignant\18_HC_Annotation.png,malignant
C:\Users\HishamMo\Desktop\999_cs\Quantum_Inpired_PSO_Classifcation\featus\malignant\190_HC.png,malignant
C:\Users\HishamMo\Desktop\999_cs\Quantum_Inpired_PSO_Classifcation\featus\malignant\190_HC_Annotation.png,malignant
C:\Users\HishamMo\Desktop\999_cs\Quantum_Inpired_PSO_Classifcation\featus\malignant\191_HC.png,malignant
C:\Users\HishamMo\Desktop\999_cs\Quantum_Inpired_PSO_Classifcation\featus\malignant\191_HC_Annotation.png,malignant
C:\Users\HishamMo\Desktop\999_cs\Quantum_Inpired_PSO_Classifcation\featus\malignant\192_HC.png,malignant
C:\Users\HishamMo\Desktop\999_cs\Quantum_Inpired_PSO_Classifcation\featus\malignant\192_HC_Annotation.png,malignant
C:\Users\HishamMo\Desktop\999_cs\Quantum_Inpired_PSO_Classifcation\featus\malignant\193_HC.png,malignant
C:\Users\HishamMo\Desktop\999_cs\Quantum_Inpired_PSO_Classifcation\featus\malignant\193_HC_Annotation.png,malignant
C:\Users\HishamMo\Desktop\999_cs\Quantum_Inpired_PSO_Classifcation\featus\malignant\194_HC.png,malignant
C:\Users\HishamMo\Desktop\999_cs\Quantum_Inpired_PSO_Classifcation\featus\malignant\194_HC_Annotation.png,malignant
C:\Users\HishamMo\Desktop\999_cs\Quantum_Inpired_PSO_Classifcation\featus\malignant\195_HC.png,malignant
C:\Users\HishamMo\Desktop\999_cs\Quantum_Inpired_PSO_Classifcation\featus\malignant\195_HC_Annotation.png,malignant
C:\Users\HishamMo\Desktop\999_cs\Quantum_Inpired_PSO_Classifcation\featus\malignant\196_HC.png,malignant
C:\Users\HishamMo\Desktop\999_cs\Quantum_Inpired_PSO_Classifcation\featus\malignant\196_HC_Annotation.png,malignant
C:\Users\HishamMo\Desktop\999_cs\Quantum_Inpired_PSO_Classifcation\featus\malignant\197_HC.png,malignant
C:\Users\HishamMo\Desktop\999_cs\Quantum_Inpired_PSO_Classifcation\featus\malignant\197_HC_Annotation.png,malignant
C:\Users\HishamMo\Desktop\999_cs\Quantum_Inpired_PSO_Classifcation\featus\malignant\198_2HC.png,malignant
C:\Users\HishamMo\Desktop\999_cs\Quantum_Inpired_PSO_Classifcation\featus\malignant\198_2HC_Annotation.png,malignant
C:\Users\HishamMo\Desktop\999_cs\Quantum_Inpired_PSO_Classifcation\featus\malignant\199_HC.png,malignant
C:\Users\HishamMo\Desktop\999_cs\Quantum_Inpired_PSO_Classifcation\featus\malignant\199_HC_Annotation.png,malignant
C:\Users\HishamMo\Desktop\999_cs\Quantum_Inpired_PSO_Classifcation\featus\malignant\19_HC.png,malignant
C:\Users\HishamMo\Desktop\999_cs\Quantum_Inpired_PSO_Classifcation\featus\malignant\19_HC_Annotation.png,malignant
C:\Users\HishamMo\Desktop\999_cs\Quantum_Inpired_PSO_Classifcation\featus\malignant\1_HC.png,malignant
C:\Users\HishamMo\Desktop\999_cs\Quantum_Inpired_PSO_Classifcation\featus\malignant\1_HC_Annotation.png,malignant
C:\Users\HishamMo\Desktop\999_cs\Quantum_Inpired_PSO_Classifcation\featus\malignant\200_HC.png,malignant
C:\Users\HishamMo\Desktop\999_cs\Quantum_Inpired_PSO_Classifcation\featus\malignant\200_HC_Annotation.png,malignant
C:\Users\HishamMo\Desktop\999_cs\Quantum_Inpired_PSO_Classifcation\featus\malignant\201_HC.png,malignant
C:\Users\HishamMo\Desktop\999_cs\Quantum_Inpired_PSO_Classifcation\featus\malignant\201_HC_Annotation.png,malignant
C:\Users\HishamMo\Desktop\999_cs\Quantum_Inpired_PSO_Classifcation\featus\malignant\202_HC.png,malignant
C:\Users\HishamMo\Desktop\999_cs\Quantum_Inpired_PSO_Classifcation\featus\malignant\202_HC_Annotation.png,malignant
C:\Users\HishamMo\Desktop\999_cs\Quantum_Inpired_PSO_Classifcation\featus\malignant\203_HC.png,malignant
C:\Users\HishamMo\Desktop\999_cs\Quantum_Inpired_PSO_Classifcation\featus\malignant\203_HC_Annotation.png,malignant
C:\Users\HishamMo\Desktop\999_cs\Quantum_Inpired_PSO_Classifcation\featus\malignant\204_HC.png,malignant
C:\Users\HishamMo\Desktop\999_cs\Quantum_Inpired_PSO_Classifcation\featus\malignant\204_HC_Annotation.png,malignant
C:\Users\HishamMo\Desktop\999_cs\Quantum_Inpired_PSO_Classifcation\featus\malignant\205_HC.png,malignant
C:\Users\HishamMo\Desktop\999_cs\Quantum_Inpired_PSO_Classifcation\featus\malignant\205_HC_Annotation.png,malignant
C:\Users\HishamMo\Desktop\999_cs\Quantum_Inpired_PSO_Classifcation\featus\malignant\206_HC.png,malignant
C:\Users\HishamMo\Desktop\999_cs\Quantum_Inpired_PSO_Classifcation\featus\malignant\206_HC_Annotation.png,malignant
C:\Users\HishamMo\Desktop\999_cs\Quantum_Inpired_PSO_Classifcation\featus\malignant\207_2HC.png,malignant
C:\Users\HishamMo\Desktop\999_cs\Quantum_Inpired_PSO_Classifcation\featus\malignant\207_2HC_Annotation.png,malignant
C:\Users\HishamMo\Desktop\999_cs\Quantum_Inpired_PSO_Classifcation\featus\malignant\208_HC.png,malignant
C:\Users\HishamMo\Desktop\999_cs\Quantum_Inpired_PSO_Classifcation\featus\malignant\208_HC_Annotation.png,malignant
C:\Users\HishamMo\Desktop\999_cs\Quantum_Inpired_PSO_Classifcation\featus\malignant\209_HC.png,malignant
C:\Users\HishamMo\Desktop\999_cs\Quantum_Inpired_PSO_Classifcation\featus\malignant\209_HC_Annotation.png,malignant
C:\Users\HishamMo\Desktop\999_cs\Quantum_Inpired_PSO_Classifcation\featus\malignant\20_HC.png,malignant
C:\Users\HishamMo\Desktop\999_cs\Quantum_Inpired_PSO_Classifcation\featus\malignant\20_HC_Annotation.png,malignant
C:\Users\HishamMo\Desktop\999_cs\Quantum_Inpired_PSO_Classifcation\featus\malignant\210_HC.png,malignant
C:\Users\HishamMo\Desktop\999_cs\Quantum_Inpired_PSO_Classifcation\featus\malignant\210_HC_Annotation.png,malignant
C:\Users\HishamMo\Desktop\999_cs\Quantum_Inpired_PSO_Classifcation\featus\malignant\211_HC.png,malignant
C:\Users\HishamMo\Desktop\999_cs\Quantum_Inpired_PSO_Classifcation\featus\malignant\211_HC_Annotation.png,malignant
C:\Users\HishamMo\Desktop\999_cs\Quantum_Inpired_PSO_Classifcation\featus\malignant\212_HC.png,malignant
C:\Users\HishamMo\Desktop\999_cs\Quantum_Inpired_PSO_Classifcation\featus\malignant\212_HC_Annotation.png,malignant
C:\Users\HishamMo\Desktop\999_cs\Quantum_Inpired_PSO_Classifcation\featus\malignant\213_HC.png,malignant
C:\Users\HishamMo\Desktop\999_cs\Quantum_Inpired_PSO_Classifcation\featus\malignant\213_HC_Annotation.png,malignant
C:\Users\HishamMo\Desktop\999_cs\Quantum_Inpired_PSO_Classifcation\featus\malignant\214_HC.png,malignant
C:\Users\HishamMo\Desktop\999_cs\Quantum_Inpired_PSO_Classifcation\featus\malignant\214_HC_Annotation.png,malignant
C:\Users\HishamMo\Desktop\999_cs\Quantum_Inpired_PSO_Classifcation\featus\malignant\215_2HC.png,malignant
C:\Users\HishamMo\Desktop\999_cs\Quantum_Inpired_PSO_Classifcation\featus\malignant\215_2HC_Annotation.png,malignant
C:\Users\HishamMo\Desktop\999_cs\Quantum_Inpired_PSO_Classifcation\featus\malignant\216_HC.png,malignant
C:\Users\HishamMo\Desktop\999_cs\Quantum_Inpired_PSO_Classifcation\featus\malignant\216_HC_Annotation.png,malignant
C:\Users\HishamMo\Desktop\999_cs\Quantum_Inpired_PSO_Classifcation\featus\malignant\217_HC.png,malignant
C:\Users\HishamMo\Desktop\999_cs\Quantum_Inpired_PSO_Classifcation\featus\malignant\217_HC_Annotation.png,malignant
C:\Users\HishamMo\Desktop\999_cs\Quantum_Inpired_PSO_Classifcation\featus\malignant\218_HC.png,malignant
C:\Users\HishamMo\Desktop\999_cs\Quantum_Inpired_PSO_Classifcation\featus\malignant\218_HC_Annotation.png,malignant
C:\Users\HishamMo\Desktop\999_cs\Quantum_Inpired_PSO_Classifcation\featus\malignant\219_HC.png,malignant
C:\Users\HishamMo\Desktop\999_cs\Quantum_Inpired_PSO_Classifcation\featus\malignant\219_HC_Annotation.png,malignant
C:\Users\HishamMo\Desktop\999_cs\Quantum_Inpired_PSO_Classifcation\featus\malignant\21_2HC.png,malignant
C:\Users\HishamMo\Desktop\999_cs\Quantum_Inpired_PSO_Classifcation\featus\malignant\21_2HC_Annotation.png,malignant
C:\Users\HishamMo\Desktop\999_cs\Quantum_Inpired_PSO_Classifcation\featus\malignant\220_HC.png,malignant
C:\Users\HishamMo\Desktop\999_cs\Quantum_Inpired_PSO_Classifcation\featus\malignant\220_HC_Annotation.png,malignant
C:\Users\HishamMo\Desktop\999_cs\Quantum_Inpired_PSO_Classifcation\featus\malignant\221_HC.png,malignant
C:\Users\HishamMo\Desktop\999_cs\Quantum_Inpired_PSO_Classifcation\featus\malignant\221_HC_Annotation.png,malignant
C:\Users\HishamMo\Desktop\999_cs\Quantum_Inpired_PSO_Classifcation\featus\malignant\222_2HC.png,malignant
C:\Users\HishamMo\Desktop\999_cs\Quantum_Inpired_PSO_Classifcation\featus\malignant\222_2HC_Annotation.png,malignant
C:\Users\HishamMo\Desktop\999_cs\Quantum_Inpired_PSO_Classifcation\featus\malignant\223_HC.png,malignant
C:\Users\HishamMo\Desktop\999_cs\Quantum_Inpired_PSO_Classifcation\featus\malignant\223_HC_Annotation.png,malignant
C:\Users\HishamMo\Desktop\999_cs\Quantum_Inpired_PSO_Classifcation\featus\malignant\224_HC.png,malignant
C:\Users\HishamMo\Desktop\999_cs\Quantum_Inpired_PSO_Classifcation\featus\malignant\224_HC_Annotation.png,malignant
C:\Users\HishamMo\Desktop\999_cs\Quantum_Inpired_PSO_Classifcation\featus\malignant\225_HC.png,malignant
C:\Users\HishamMo\Desktop\999_cs\Quantum_Inpired_PSO_Classifcation\featus\malignant\225_HC_Annotation.png,malignant
C:\Users\HishamMo\Desktop\999_cs\Quantum_Inpired_PSO_Classifcation\featus\malignant\226_HC.png,malignant
C:\Users\HishamMo\Desktop\999_cs\Quantum_Inpired_PSO_Classifcation\featus\malignant\226_HC_Annotation.png,malignant
C:\Users\HishamMo\Desktop\999_cs\Quantum_Inpired_PSO_Classifcation\featus\malignant\227_HC.png,malignant
C:\Users\HishamMo\Desktop\999_cs\Quantum_Inpired_PSO_Classifcation\featus\malignant\227_HC_Annotation.png,malignant
C:\Users\HishamMo\Desktop\999_cs\Quantum_Inpired_PSO_Classifcation\featus\malignant\228_HC.png,malignant
C:\Users\HishamMo\Desktop\999_cs\Quantum_Inpired_PSO_Classifcation\featus\malignant\228_HC_Annotation.png,malignant
C:\Users\HishamMo\Desktop\999_cs\Quantum_Inpired_PSO_Classifcation\featus\malignant\229_HC.png,malignant
C:\Users\HishamMo\Desktop\999_cs\Quantum_Inpired_PSO_Classifcation\featus\malignant\229_HC_Annotation.png,malignant
C:\Users\HishamMo\Desktop\999_cs\Quantum_Inpired_PSO_Classifcation\featus\malignant\22_HC.png,malignant
C:\Users\HishamMo\Desktop\999_cs\Quantum_Inpired_PSO_Classifcation\featus\malignant\22_HC_Annotation.png,malignant
C:\Users\HishamMo\Desktop\999_cs\Quantum_Inpired_PSO_Classifcation\featus\malignant\230_HC.png,malignant
C:\Users\HishamMo\Desktop\999_cs\Quantum_Inpired_PSO_Classifcation\featus\malignant\230_HC_Annotation.png,malignant
C:\Users\HishamMo\Desktop\999_cs\Quantum_Inpired_PSO_Classifcation\featus\malignant\231_HC.png,malignant
C:\Users\HishamMo\Desktop\999_cs\Quantum_Inpired_PSO_Classifcation\featus\malignant\231_HC_Annotation.png,malignant
C:\Users\HishamMo\Desktop\999_cs\Quantum_Inpired_PSO_Classifcation\featus\malignant\232_HC.png,malignant
C:\Users\HishamMo\Desktop\999_cs\Quantum_Inpired_PSO_Classifcation\featus\malignant\232_HC_Annotation.png,malignant
C:\Users\HishamMo\Desktop\999_cs\Quantum_Inpired_PSO_Classifcation\featus\malignant\233_HC.png,malignant
C:\Users\HishamMo\Desktop\999_cs\Quantum_Inpired_PSO_Classifcation\featus\malignant\233_HC_Annotation.png,malignant
C:\Users\HishamMo\Desktop\999_cs\Quantum_Inpired_PSO_Classifcation\featus\malignant\234_HC.png,malignant
C:\Users\HishamMo\Desktop\999_cs\Quantum_Inpired_PSO_Classifcation\featus\malignant\234_HC_Annotation.png,malignant
C:\Users\HishamMo\Desktop\999_cs\Quantum_Inpired_PSO_Classifcation\featus\malignant\235_HC.png,malignant
C:\Users\HishamMo\Desktop\999_cs\Quantum_Inpired_PSO_Classifcation\featus\malignant\235_HC_Annotation.png,malignant
C:\Users\HishamMo\Desktop\999_cs\Quantum_Inpired_PSO_Classifcation\featus\malignant\236_HC.png,malignant
C:\Users\HishamMo\Desktop\999_cs\Quantum_Inpired_PSO_Classifcation\featus\malignant\236_HC_Annotation.png,malignant
C:\Users\HishamMo\Desktop\999_cs\Quantum_Inpired_PSO_Classifcation\featus\malignant\237_2HC.png,malignant
C:\Users\HishamMo\Desktop\999_cs\Quantum_Inpired_PSO_Classifcation\featus\malignant\237_2HC_Annotation.png,malignant
C:\Users\HishamMo\Desktop\999_cs\Quantum_Inpired_PSO_Classifcation\featus\malignant\238_HC.png,malignant
C:\Users\HishamMo\Desktop\999_cs\Quantum_Inpired_PSO_Classifcation\featus\malignant\238_HC_Annotation.png,malignant
C:\Users\HishamMo\Desktop\999_cs\Quantum_Inpired_PSO_Classifcation\featus\malignant\239_2HC.png,malignant
C:\Users\HishamMo\Desktop\999_cs\Quantum_Inpired_PSO_Classifcation\featus\malignant\239_2HC_Annotation.png,malignant
C:\Users\HishamMo\Desktop\999_cs\Quantum_Inpired_PSO_Classifcation\featus\malignant\23_HC.png,malignant
C:\Users\HishamMo\Desktop\999_cs\Quantum_Inpired_PSO_Classifcation\featus\malignant\23_HC_Annotation.png,malignant
C:\Users\HishamMo\Desktop\999_cs\Quantum_Inpired_PSO_Classifcation\featus\malignant\240_HC.png,malignant
C:\Users\HishamMo\Desktop\999_cs\Quantum_Inpired_PSO_Classifcation\featus\malignant\240_HC_Annotation.png,malignant
C:\Users\HishamMo\Desktop\999_cs\Quantum_Inpired_PSO_Classifcation\featus\malignant\241_HC.png,malignant
C:\Users\HishamMo\Desktop\999_cs\Quantum_Inpired_PSO_Classifcation\featus\malignant\241_HC_Annotation.png,malignant
C:\Users\HishamMo\Desktop\999_cs\Quantum_Inpired_PSO_Classifcation\featus\malignant\242_2HC.png,malignant
C:\Users\HishamMo\Desktop\999_cs\Quantum_Inpired_PSO_Classifcation\featus\malignant\242_2HC_Annotation.png,malignant
C:\Users\HishamMo\Desktop\999_cs\Quantum_Inpired_PSO_Classifcation\featus\malignant\243_HC.png,malignant
C:\Users\HishamMo\Desktop\999_cs\Quantum_Inpired_PSO_Classifcation\featus\malignant\243_HC_Annotation.png,malignant
C:\Users\HishamMo\Desktop\999_cs\Quantum_Inpired_PSO_Classifcation\featus\malignant\244_HC.png,malignant
C:\Users\HishamMo\Desktop\999_cs\Quantum_Inpired_PSO_Classifcation\featus\malignant\244_HC_Annotation.png,malignant
C:\Users\HishamMo\Desktop\999_cs\Quantum_Inpired_PSO_Classifcation\featus\malignant\245_HC.png,malignant
C:\Users\HishamMo\Desktop\999_cs\Quantum_Inpired_PSO_Classifcation\featus\malignant\245_HC_Annotation.png,malignant
C:\Users\HishamMo\Desktop\999_cs\Quantum_Inpired_PSO_Classifcation\featus\malignant\246_2HC.png,malignant
C:\Users\HishamMo\Desktop\999_cs\Quantum_Inpired_PSO_Classifcation\featus\malignant\246_2HC_Annotation.png,malignant
C:\Users\HishamMo\Desktop\999_cs\Quantum_Inpired_PSO_Classifcation\featus\malignant\247_HC.png,malignant
C:\Users\HishamMo\Desktop\999_cs\Quantum_Inpired_PSO_Classifcation\featus\malignant\247_HC_Annotation.png,malignant
C:\Users\HishamMo\Desktop\999_cs\Quantum_Inpired_PSO_Classifcation\featus\malignant\248_HC.png,malignant
C:\Users\HishamMo\Desktop\999_cs\Quantum_Inpired_PSO_Classifcation\featus\malignant\248_HC_Annotation.png,malignant
C:\Users\HishamMo\Desktop\999_cs\Quantum_Inpired_PSO_Classifcation\featus\malignant\249_HC.png,malignant
C:\Users\HishamMo\Desktop\999_cs\Quantum_Inpired_PSO_Classifcation\featus\malignant\249_HC_Annotation.png,malignant
C:\Users\HishamMo\Desktop\999_cs\Quantum_Inpired_PSO_Classifcation\featus\malignant\24_2HC.png,malignant
C:\Users\HishamMo\Desktop\999_cs\Quantum_Inpired_PSO_Classifcation\featus\malignant\24_2HC_Annotation.png,malignant
C:\Users\HishamMo\Desktop\999_cs\Quantum_Inpired_PSO_Classifcation\featus\malignant\250_HC.png,malignant
C:\Users\HishamMo\Desktop\999_cs\Quantum_Inpired_PSO_Classifcation\featus\malignant\250_HC_Annotation.png,malignant
C:\Users\HishamMo\Desktop\999_cs\Quantum_Inpired_PSO_Classifcation\featus\malignant\251_HC.png,malignant
C:\Users\HishamMo\Desktop\999_cs\Quantum_Inpired_PSO_Classifcation\featus\malignant\251_HC_Annotation.png,malignant
C:\Users\HishamMo\Desktop\999_cs\Quantum_Inpired_PSO_Classifcation\featus\malignant\252_2HC.png,malignant
C:\Users\HishamMo\Desktop\999_cs\Quantum_Inpired_PSO_Classifcation\featus\malignant\252_2HC_Annotation.png,malignant
C:\Users\HishamMo\Desktop\999_cs\Quantum_Inpired_PSO_Classifcation\featus\malignant\253_3HC.png,malignant
C:\Users\HishamMo\Desktop\999_cs\Quantum_Inpired_PSO_Classifcation\featus\malignant\253_3HC_Annotation.png,malignant
C:\Users\HishamMo\Desktop\999_cs\Quantum_Inpired_PSO_Classifcation\featus\malignant\254_4HC.png,malignant
C:\Users\HishamMo\Desktop\999_cs\Quantum_Inpired_PSO_Classifcation\featus\malignant\254_4HC_Annotation.png,malignant
C:\Users\HishamMo\Desktop\999_cs\Quantum_Inpired_PSO_Classifcation\featus\malignant\255_HC.png,malignant
C:\Users\HishamMo\Desktop\999_cs\Quantum_Inpired_PSO_Classifcation\featus\malignant\255_HC_Annotation.png,malignant
C:\Users\HishamMo\Desktop\999_cs\Quantum_Inpired_PSO_Classifcation\featus\malignant\256_HC.png,malignant
C:\Users\HishamMo\Desktop\999_cs\Quantum_Inpired_PSO_Classifcation\featus\malignant\256_HC_Annotation.png,malignant
C:\Users\HishamMo\Desktop\999_cs\Quantum_Inpired_PSO_Classifcation\featus\malignant\257_HC.png,malignant
C:\Users\HishamMo\Desktop\999_cs\Quantum_Inpired_PSO_Classifcation\featus\malignant\257_HC_Annotation.png,malignant
C:\Users\HishamMo\Desktop\999_cs\Quantum_Inpired_PSO_Classifcation\featus\malignant\258_HC.png,malignant
C:\Users\HishamMo\Desktop\999_cs\Quantum_Inpired_PSO_Classifcation\featus\malignant\258_HC_Annotation.png,malignant
C:\Users\HishamMo\Desktop\999_cs\Quantum_Inpired_PSO_Classifcation\featus\malignant\259_HC.png,malignant
C:\Users\HishamMo\Desktop\999_cs\Quantum_Inpired_PSO_Classifcation\featus\malignant\259_HC_Annotation.png,malignant
C:\Users\HishamMo\Desktop\999_cs\Quantum_Inpired_PSO_Classifcation\featus\malignant\25_HC.png,malignant
C:\Users\HishamMo\Desktop\999_cs\Quantum_Inpired_PSO_Classifcation\featus\malignant\25_HC_Annotation.png,malignant
C:\Users\HishamMo\Desktop\999_cs\Quantum_Inpired_PSO_Classifcation\featus\malignant\260_HC.png,malignant
C:\Users\HishamMo\Desktop\999_cs\Quantum_Inpired_PSO_Classifcation\featus\malignant\260_HC_Annotation.png,malignant
C:\Users\HishamMo\Desktop\999_cs\Quantum_Inpired_PSO_Classifcation\featus\malignant\261_HC.png,malignant
C:\Users\HishamMo\Desktop\999_cs\Quantum_Inpired_PSO_Classifcation\featus\malignant\261_HC_Annotation.png,malignant
C:\Users\HishamMo\Desktop\999_cs\Quantum_Inpired_PSO_Classifcation\featus\malignant\262_2HC.png,malignant
C:\Users\HishamMo\Desktop\999_cs\Quantum_Inpired_PSO_Classifcation\featus\malignant\262_2HC_Annotation.png,malignant
C:\Users\HishamMo\Desktop\999_cs\Quantum_Inpired_PSO_Classifcation\featus\malignant\263_HC.png,malignant
C:\Users\HishamMo\Desktop\999_cs\Quantum_Inpired_PSO_Classifcation\featus\malignant\263_HC_Annotation.png,malignant
C:\Users\HishamMo\Desktop\999_cs\Quantum_Inpired_PSO_Classifcation\featus\malignant\264_HC.png,malignant
C:\Users\HishamMo\Desktop\999_cs\Quantum_Inpired_PSO_Classifcation\featus\malignant\264_HC_Annotation.png,malignant
C:\Users\HishamMo\Desktop\999_cs\Quantum_Inpired_PSO_Classifcation\featus\malignant\265_HC.png,malignant
C:\Users\HishamMo\Desktop\999_cs\Quantum_Inpired_PSO_Classifcation\featus\malignant\265_HC_Annotation.png,malignant
C:\Users\HishamMo\Desktop\999_cs\Quantum_Inpired_PSO_Classifcation\featus\malignant\266_2HC.png,malignant
C:\Users\HishamMo\Desktop\999_cs\Quantum_Inpired_PSO_Classifcation\featus\malignant\266_2HC_Annotation.png,malignant
C:\Users\HishamMo\Desktop\999_cs\Quantum_Inpired_PSO_Classifcation\featus\malignant\267_HC.png,malignant
C:\Users\HishamMo\Desktop\999_cs\Quantum_Inpired_PSO_Classifcation\featus\malignant\267_HC_Annotation.png,malignant
C:\Users\HishamMo\Desktop\999_cs\Quantum_Inpired_PSO_Classifcation\featus\malignant\268_HC.png,malignant
C:\Users\HishamMo\Desktop\999_cs\Quantum_Inpired_PSO_Classifcation\featus\malignant\268_HC_Annotation.png,malignant
C:\Users\HishamMo\Desktop\999_cs\Quantum_Inpired_PSO_Classifcation\featus\malignant\269_HC.png,malignant
C:\Users\HishamMo\Desktop\999_cs\Quantum_Inpired_PSO_Classifcation\featus\malignant\269_HC_Annotation.png,malignant
C:\Users\HishamMo\Desktop\999_cs\Quantum_Inpired_PSO_Classifcation\featus\malignant\26_HC.png,malignant
C:\Users\HishamMo\Desktop\999_cs\Quantum_Inpired_PSO_Classifcation\featus\malignant\26_HC_Annotation.png,malignant
C:\Users\HishamMo\Desktop\999_cs\Quantum_Inpired_PSO_Classifcation\featus\malignant\270_HC.png,malignant
C:\Users\HishamMo\Desktop\999_cs\Quantum_Inpired_PSO_Classifcation\featus\malignant\270_HC_Annotation.png,malignant
C:\Users\HishamMo\Desktop\999_cs\Quantum_Inpired_PSO_Classifcation\featus\malignant\271_HC.png,malignant
C:\Users\HishamMo\Desktop\999_cs\Quantum_Inpired_PSO_Classifcation\featus\malignant\271_HC_Annotation.png,malignant
C:\Users\HishamMo\Desktop\999_cs\Quantum_Inpired_PSO_Classifcation\featus\malignant\272_HC.png,malignant
C:\Users\HishamMo\Desktop\999_cs\Quantum_Inpired_PSO_Classifcation\featus\malignant\272_HC_Annotation.png,malignant
C:\Users\HishamMo\Desktop\999_cs\Quantum_Inpired_PSO_Classifcation\featus\malignant\273_HC.png,malignant
C:\Users\HishamMo\Desktop\999_cs\Quantum_Inpired_PSO_Classifcation\featus\malignant\273_HC_Annotation.png,malignant
C:\Users\HishamMo\Desktop\999_cs\Quantum_Inpired_PSO_Classifcation\featus\malignant\274_2HC.png,malignant
C:\Users\HishamMo\Desktop\999_cs\Quantum_Inpired_PSO_Classifcation\featus\malignant\274_2HC_Annotation.png,malignant
C:\Users\HishamMo\Desktop\999_cs\Quantum_Inpired_PSO_Classifcation\featus\malignant\275_HC.png,malignant
C:\Users\HishamMo\Desktop\999_cs\Quantum_Inpired_PSO_Classifcation\featus\malignant\275_HC_Annotation.png,malignant
C:\Users\HishamMo\Desktop\999_cs\Quantum_Inpired_PSO_Classifcation\featus\malignant\276_HC.png,malignant
C:\Users\HishamMo\Desktop\999_cs\Quantum_Inpired_PSO_Classifcation\featus\malignant\276_HC_Annotation.png,malignant
C:\Users\HishamMo\Desktop\999_cs\Quantum_Inpired_PSO_Classifcation\featus\malignant\277_HC.png,malignant
C:\Users\HishamMo\Desktop\999_cs\Quantum_Inpired_PSO_Classifcation\featus\malignant\277_HC_Annotation.png,malignant
C:\Users\HishamMo\Desktop\999_cs\Quantum_Inpired_PSO_Classifcation\featus\malignant\278_2HC.png,malignant
C:\Users\HishamMo\Desktop\999_cs\Quantum_Inpired_PSO_Classifcation\featus\malignant\278_2HC_Annotation.png,malignant
C:\Users\HishamMo\Desktop\999_cs\Quantum_Inpired_PSO_Classifcation\featus\malignant\279_HC.png,malignant
C:\Users\HishamMo\Desktop\999_cs\Quantum_Inpired_PSO_Classifcation\featus\malignant\279_HC_Annotation.png,malignant
C:\Users\HishamMo\Desktop\999_cs\Quantum_Inpired_PSO_Classifcation\featus\malignant\27_HC.png,malignant
C:\Users\HishamMo\Desktop\999_cs\Quantum_Inpired_PSO_Classifcation\featus\malignant\27_HC_Annotation.png,malignant
C:\Users\HishamMo\Desktop\999_cs\Quantum_Inpired_PSO_Classifcation\featus\malignant\280_HC.png,malignant
C:\Users\HishamMo\Desktop\999_cs\Quantum_Inpired_PSO_Classifcation\featus\malignant\280_HC_Annotation.png,malignant
C:\Users\HishamMo\Desktop\999_cs\Quantum_Inpired_PSO_Classifcation\featus\malignant\281_2HC.png,malignant
C:\Users\HishamMo\Desktop\999_cs\Quantum_Inpired_PSO_Classifcation\featus\malignant\281_2HC_Annotation.png,malignant
C:\Users\HishamMo\Desktop\999_cs\Quantum_Inpired_PSO_Classifcation\featus\malignant\282_HC.png,malignant
C:\Users\HishamMo\Desktop\999_cs\Quantum_Inpired_PSO_Classifcation\featus\malignant\282_HC_Annotation.png,malignant
C:\Users\HishamMo\Desktop\999_cs\Quantum_Inpired_PSO_Classifcation\featus\malignant\283_HC.png,malignant
C:\Users\HishamMo\Desktop\999_cs\Quantum_Inpired_PSO_Classifcation\featus\malignant\283_HC_Annotation.png,malignant
C:\Users\HishamMo\Desktop\999_cs\Quantum_Inpired_PSO_Classifcation\featus\malignant\284_2HC.png,malignant
C:\Users\HishamMo\Desktop\999_cs\Quantum_Inpired_PSO_Classifcation\featus\malignant\284_2HC_Annotation.png,malignant
C:\Users\HishamMo\Desktop\999_cs\Quantum_Inpired_PSO_Classifcation\featus\malignant\285_HC.png,malignant
C:\Users\HishamMo\Desktop\999_cs\Quantum_Inpired_PSO_Classifcation\featus\malignant\285_HC_Annotation.png,malignant
C:\Users\HishamMo\Desktop\999_cs\Quantum_Inpired_PSO_Classifcation\featus\malignant\286_HC.png,malignant
C:\Users\HishamMo\Desktop\999_cs\Quantum_Inpired_PSO_Classifcation\featus\malignant\286_HC_Annotation.png,malignant
C:\Users\HishamMo\Desktop\999_cs\Quantum_Inpired_PSO_Classifcation\featus\malignant\287_2HC.png,malignant
C:\Users\HishamMo\Desktop\999_cs\Quantum_Inpired_PSO_Classifcation\featus\malignant\287_2HC_Annotation.png,malignant
C:\Users\HishamMo\Desktop\999_cs\Quantum_Inpired_PSO_Classifcation\featus\malignant\288_HC.png,malignant
C:\Users\HishamMo\Desktop\999_cs\Quantum_Inpired_PSO_Classifcation\featus\malignant\288_HC_Annotation.png,malignant
C:\Users\HishamMo\Desktop\999_cs\Quantum_Inpired_PSO_Classifcation\featus\malignant\289_2HC.png,malignant
C:\Users\HishamMo\Desktop\999_cs\Quantum_Inpired_PSO_Classifcation\featus\malignant\289_2HC_Annotation.png,malignant
C:\Users\HishamMo\Desktop\999_cs\Quantum_Inpired_PSO_Classifcation\featus\malignant\28_2HC.png,malignant
C:\Users\HishamMo\Desktop\999_cs\Quantum_Inpired_PSO_Classifcation\featus\malignant\28_2HC_Annotation.png,malignant
C:\Users\HishamMo\Desktop\999_cs\Quantum_Inpired_PSO_Classifcation\featus\malignant\290_HC.png,malignant
C:\Users\HishamMo\Desktop\999_cs\Quantum_Inpired_PSO_Classifcation\featus\malignant\290_HC_Annotation.png,malignant
C:\Users\HishamMo\Desktop\999_cs\Quantum_Inpired_PSO_Classifcation\featus\malignant\291_HC.png,malignant
C:\Users\HishamMo\Desktop\999_cs\Quantum_Inpired_PSO_Classifcation\featus\malignant\291_HC_Annotation.png,malignant
C:\Users\HishamMo\Desktop\999_cs\Quantum_Inpired_PSO_Classifcation\featus\malignant\292_HC.png,malignant
C:\Users\HishamMo\Desktop\999_cs\Quantum_Inpired_PSO_Classifcation\featus\malignant\292_HC_Annotation.png,malignant
C:\Users\HishamMo\Desktop\999_cs\Quantum_Inpired_PSO_Classifcation\featus\malignant\293_HC.png,malignant
C:\Users\HishamMo\Desktop\999_cs\Quantum_Inpired_PSO_Classifcation\featus\malignant\293_HC_Annotation.png,malignant
C:\Users\HishamMo\Desktop\999_cs\Quantum_Inpired_PSO_Classifcation\featus\malignant\294_HC.png,malignant
C:\Users\HishamMo\Desktop\999_cs\Quantum_Inpired_PSO_Classifcation\featus\malignant\294_HC_Annotation.png,malignant
C:\Users\HishamMo\Desktop\999_cs\Quantum_Inpired_PSO_Classifcation\featus\malignant\295_2HC.png,malignant
C:\Users\HishamMo\Desktop\999_cs\Quantum_Inpired_PSO_Classifcation\featus\malignant\295_2HC_Annotation.png,malignant
C:\Users\HishamMo\Desktop\999_cs\Quantum_Inpired_PSO_Classifcation\featus\malignant\296_HC.png,malignant
C:\Users\HishamMo\Desktop\999_cs\Quantum_Inpired_PSO_Classifcation\featus\malignant\296_HC_Annotation.png,malignant
C:\Users\HishamMo\Desktop\999_cs\Quantum_Inpired_PSO_Classifcation\featus\malignant\297_HC.png,malignant
C:\Users\HishamMo\Desktop\999_cs\Quantum_Inpired_PSO_Classifcation\featus\malignant\297_HC_Annotation.png,malignant
C:\Users\HishamMo\Desktop\999_cs\Quantum_Inpired_PSO_Classifcation\featus\malignant\298_2HC.png,malignant
C:\Users\HishamMo\Desktop\999_cs\Quantum_Inpired_PSO_Classifcation\featus\malignant\298_2HC_Annotation.png,malignant
C:\Users\HishamMo\Desktop\999_cs\Quantum_Inpired_PSO_Classifcation\featus\malignant\299_3HC.png,malignant
C:\Users\HishamMo\Desktop\999_cs\Quantum_Inpired_PSO_Classifcation\featus\malignant\299_3HC_Annotation.png,malignant
C:\Users\HishamMo\Desktop\999_cs\Quantum_Inpired_PSO_Classifcation\featus\malignant\29_HC.png,malignant
C:\Users\HishamMo\Desktop\999_cs\Quantum_Inpired_PSO_Classifcation\featus\malignant\29_HC_Annotation.png,malignant
C:\Users\HishamMo\Desktop\999_cs\Quantum_Inpired_PSO_Classifcation\featus\malignant\2_HC.png,malignant
C:\Users\HishamMo\Desktop\999_cs\Quantum_Inpired_PSO_Classifcation\featus\malignant\2_HC_Annotation.png,malignant
C:\Users\HishamMo\Desktop\999_cs\Quantum_Inpired_PSO_Classifcation\featus\malignant\300_HC.png,malignant
C:\Users\HishamMo\Desktop\999_cs\Quantum_Inpired_PSO_Classifcation\featus\malignant\300_HC_Annotation.png,malignant
C:\Users\HishamMo\Desktop\999_cs\Quantum_Inpired_PSO_Classifcation\featus\malignant\301_HC.png,malignant
C:\Users\HishamMo\Desktop\999_cs\Quantum_Inpired_PSO_Classifcation\featus\malignant\301_HC_Annotation.png,malignant
C:\Users\HishamMo\Desktop\999_cs\Quantum_Inpired_PSO_Classifcation\featus\malignant\302_HC.png,malignant
C:\Users\HishamMo\Desktop\999_cs\Quantum_Inpired_PSO_Classifcation\featus\malignant\302_HC_Annotation.png,malignant
C:\Users\HishamMo\Desktop\999_cs\Quantum_Inpired_PSO_Classifcation\featus\malignant\303_HC.png,malignant
C:\Users\HishamMo\Desktop\999_cs\Quantum_Inpired_PSO_Classifcation\featus\malignant\303_HC_Annotation.png,malignant
C:\Users\HishamMo\Desktop\999_cs\Quantum_Inpired_PSO_Classifcation\featus\malignant\304_HC.png,malignant
C:\Users\HishamMo\Desktop\999_cs\Quantum_Inpired_PSO_Classifcation\featus\malignant\304_HC_Annotation.png,malignant
C:\Users\HishamMo\Desktop\999_cs\Quantum_Inpired_PSO_Classifcation\featus\malignant\305_HC.png,malignant
C:\Users\HishamMo\Desktop\999_cs\Quantum_Inpired_PSO_Classifcation\featus\malignant\305_HC_Annotation.png,malignant
C:\Users\HishamMo\Desktop\999_cs\Quantum_Inpired_PSO_Classifcation\featus\malignant\306_2HC.png,malignant
C:\Users\HishamMo\Desktop\999_cs\Quantum_Inpired_PSO_Classifcation\featus\malignant\306_2HC_Annotation.png,malignant
C:\Users\HishamMo\Desktop\999_cs\Quantum_Inpired_PSO_Classifcation\featus\malignant\307_3HC.png,malignant
C:\Users\HishamMo\Desktop\999_cs\Quantum_Inpired_PSO_Classifcation\featus\malignant\307_3HC_Annotation.png,malignant
C:\Users\HishamMo\Desktop\999_cs\Quantum_Inpired_PSO_Classifcation\featus\malignant\308_HC.png,malignant
C:\Users\HishamMo\Desktop\999_cs\Quantum_Inpired_PSO_Classifcation\featus\malignant\308_HC_Annotation.png,malignant
C:\Users\HishamMo\Desktop\999_cs\Quantum_Inpired_PSO_Classifcation\featus\malignant\309_HC.png,malignant
C:\Users\HishamMo\Desktop\999_cs\Quantum_Inpired_PSO_Classifcation\featus\malignant\309_HC_Annotation.png,malignant
C:\Users\HishamMo\Desktop\999_cs\Quantum_Inpired_PSO_Classifcation\featus\malignant\30_2HC.png,malignant
C:\Users\HishamMo\Desktop\999_cs\Quantum_Inpired_PSO_Classifcation\featus\malignant\30_2HC_Annotation.png,malignant
C:\Users\HishamMo\Desktop\999_cs\Quantum_Inpired_PSO_Classifcation\featus\malignant\310_2HC.png,malignant
C:\Users\HishamMo\Desktop\999_cs\Quantum_Inpired_PSO_Classifcation\featus\malignant\310_2HC_Annotation.png,malignant
C:\Users\HishamMo\Desktop\999_cs\Quantum_Inpired_PSO_Classifcation\featus\malignant\311_3HC.png,malignant
C:\Users\HishamMo\Desktop\999_cs\Quantum_Inpired_PSO_Classifcation\featus\malignant\311_3HC_Annotation.png,malignant
C:\Users\HishamMo\Desktop\999_cs\Quantum_Inpired_PSO_Classifcation\featus\malignant\312_HC.png,malignant
C:\Users\HishamMo\Desktop\999_cs\Quantum_Inpired_PSO_Classifcation\featus\malignant\312_HC_Annotation.png,malignant
C:\Users\HishamMo\Desktop\999_cs\Quantum_Inpired_PSO_Classifcation\featus\malignant\313_HC.png,malignant
C:\Users\HishamMo\Desktop\999_cs\Quantum_Inpired_PSO_Classifcation\featus\malignant\313_HC_Annotation.png,malignant
C:\Users\HishamMo\Desktop\999_cs\Quantum_Inpired_PSO_Classifcation\featus\malignant\314_HC.png,malignant
C:\Users\HishamMo\Desktop\999_cs\Quantum_Inpired_PSO_Classifcation\featus\malignant\314_HC_Annotation.png,malignant
C:\Users\HishamMo\Desktop\999_cs\Quantum_Inpired_PSO_Classifcation\featus\malignant\315_HC.png,malignant
C:\Users\HishamMo\Desktop\999_cs\Quantum_Inpired_PSO_Classifcation\featus\malignant\315_HC_Annotation.png,malignant
C:\Users\HishamMo\Desktop\999_cs\Quantum_Inpired_PSO_Classifcation\featus\malignant\316_HC.png,malignant
C:\Users\HishamMo\Desktop\999_cs\Quantum_Inpired_PSO_Classifcation\featus\malignant\316_HC_Annotation.png,malignant
C:\Users\HishamMo\Desktop\999_cs\Quantum_Inpired_PSO_Classifcation\featus\malignant\317_HC.png,malignant
C:\Users\HishamMo\Desktop\999_cs\Quantum_Inpired_PSO_Classifcation\featus\malignant\317_HC_Annotation.png,malignant
C:\Users\HishamMo\Desktop\999_cs\Quantum_Inpired_PSO_Classifcation\featus\malignant\318_HC.png,malignant
C:\Users\HishamMo\Desktop\999_cs\Quantum_Inpired_PSO_Classifcation\featus\malignant\318_HC_Annotation.png,malignant
C:\Users\HishamMo\Desktop\999_cs\Quantum_Inpired_PSO_Classifcation\featus\malignant\319_HC.png,malignant
C:\Users\HishamMo\Desktop\999_cs\Quantum_Inpired_PSO_Classifcation\featus\malignant\319_HC_Annotation.png,malignant
C:\Users\HishamMo\Desktop\999_cs\Quantum_Inpired_PSO_Classifcation\featus\malignant\31_HC.png,malignant
C:\Users\HishamMo\Desktop\999_cs\Quantum_Inpired_PSO_Classifcation\featus\malignant\31_HC_Annotation.png,malignant
C:\Users\HishamMo\Desktop\999_cs\Quantum_Inpired_PSO_Classifcation\featus\malignant\320_HC.png,malignant
C:\Users\HishamMo\Desktop\999_cs\Quantum_Inpired_PSO_Classifcation\featus\malignant\320_HC_Annotation.png,malignant
C:\Users\HishamMo\Desktop\999_cs\Quantum_Inpired_PSO_Classifcation\featus\malignant\321_2HC.png,malignant
C:\Users\HishamMo\Desktop\999_cs\Quantum_Inpired_PSO_Classifcation\featus\malignant\321_2HC_Annotation.png,malignant
C:\Users\HishamMo\Desktop\999_cs\Quantum_Inpired_PSO_Classifcation\featus\malignant\322_HC.png,malignant
C:\Users\HishamMo\Desktop\999_cs\Quantum_Inpired_PSO_Classifcation\featus\malignant\322_HC_Annotation.png,malignant
C:\Users\HishamMo\Desktop\999_cs\Quantum_Inpired_PSO_Classifcation\featus\malignant\323_HC.png,malignant
C:\Users\HishamMo\Desktop\999_cs\Quantum_Inpired_PSO_Classifcation\featus\malignant\323_HC_Annotation.png,malignant
C:\Users\HishamMo\Desktop\999_cs\Quantum_Inpired_PSO_Classifcation\featus\malignant\324_HC.png,malignant
C:\Users\HishamMo\Desktop\999_cs\Quantum_Inpired_PSO_Classifcation\featus\malignant\324_HC_Annotation.png,malignant
C:\Users\HishamMo\Desktop\999_cs\Quantum_Inpired_PSO_Classifcation\featus\malignant\325_HC.png,malignant
C:\Users\HishamMo\Desktop\999_cs\Quantum_Inpired_PSO_Classifcation\featus\malignant\325_HC_Annotation.png,malignant
C:\Users\HishamMo\Desktop\999_cs\Quantum_Inpired_PSO_Classifcation\featus\malignant\326_HC.png,malignant
C:\Users\HishamMo\Desktop\999_cs\Quantum_Inpired_PSO_Classifcation\featus\malignant\326_HC_Annotation.png,malignant
C:\Users\HishamMo\Desktop\999_cs\Quantum_Inpired_PSO_Classifcation\featus\malignant\327_2HC.png,malignant
C:\Users\HishamMo\Desktop\999_cs\Quantum_Inpired_PSO_Classifcation\featus\malignant\327_2HC_Annotation.png,malignant
C:\Users\HishamMo\Desktop\999_cs\Quantum_Inpired_PSO_Classifcation\featus\malignant\328_HC.png,malignant
C:\Users\HishamMo\Desktop\999_cs\Quantum_Inpired_PSO_Classifcation\featus\malignant\328_HC_Annotation.png,malignant
C:\Users\HishamMo\Desktop\999_cs\Quantum_Inpired_PSO_Classifcation\featus\malignant\329_HC.png,malignant
C:\Users\HishamMo\Desktop\999_cs\Quantum_Inpired_PSO_Classifcation\featus\malignant\329_HC_Annotation.png,malignant
C:\Users\HishamMo\Desktop\999_cs\Quantum_Inpired_PSO_Classifcation\featus\malignant\32_HC.png,malignant
C:\Users\HishamMo\Desktop\999_cs\Quantum_Inpired_PSO_Classifcation\featus\malignant\32_HC_Annotation.png,malignant
C:\Users\HishamMo\Desktop\999_cs\Quantum_Inpired_PSO_Classifcation\featus\malignant\330_HC.png,malignant
C:\Users\HishamMo\Desktop\999_cs\Quantum_Inpired_PSO_Classifcation\featus\malignant\330_HC_Annotation.png,malignant
C:\Users\HishamMo\Desktop\999_cs\Quantum_Inpired_PSO_Classifcation\featus\malignant\331_HC.png,malignant
C:\Users\HishamMo\Desktop\999_cs\Quantum_Inpired_PSO_Classifcation\featus\malignant\331_HC_Annotation.png,malignant
C:\Users\HishamMo\Desktop\999_cs\Quantum_Inpired_PSO_Classifcation\featus\malignant\332_HC.png,malignant
C:\Users\HishamMo\Desktop\999_cs\Quantum_Inpired_PSO_Classifcation\featus\malignant\332_HC_Annotation.png,malignant
C:\Users\HishamMo\Desktop\999_cs\Quantum_Inpired_PSO_Classifcation\featus\malignant\333_HC.png,malignant
C:\Users\HishamMo\Desktop\999_cs\Quantum_Inpired_PSO_Classifcation\featus\malignant\333_HC_Annotation.png,malignant
C:\Users\HishamMo\Desktop\999_cs\Quantum_Inpired_PSO_Classifcation\featus\malignant\334_2HC.png,malignant
C:\Users\HishamMo\Desktop\999_cs\Quantum_Inpired_PSO_Classifcation\featus\malignant\334_2HC_Annotation.png,malignant
C:\Users\HishamMo\Desktop\999_cs\Quantum_Inpired_PSO_Classifcation\featus\malignant\335_HC.png,malignant
C:\Users\HishamMo\Desktop\999_cs\Quantum_Inpired_PSO_Classifcation\featus\malignant\335_HC_Annotation.png,malignant
C:\Users\HishamMo\Desktop\999_cs\Quantum_Inpired_PSO_Classifcation\featus\malignant\336_HC.png,malignant
C:\Users\HishamMo\Desktop\999_cs\Quantum_Inpired_PSO_Classifcation\featus\malignant\336_HC_Annotation.png,malignant
C:\Users\HishamMo\Desktop\999_cs\Quantum_Inpired_PSO_Classifcation\featus\malignant\337_HC.png,malignant
C:\Users\HishamMo\Desktop\999_cs\Quantum_Inpired_PSO_Classifcation\featus\malignant\337_HC_Annotation.png,malignant
C:\Users\HishamMo\Desktop\999_cs\Quantum_Inpired_PSO_Classifcation\featus\malignant\338_HC.png,malignant
C:\Users\HishamMo\Desktop\999_cs\Quantum_Inpired_PSO_Classifcation\featus\malignant\338_HC_Annotation.png,malignant
C:\Users\HishamMo\Desktop\999_cs\Quantum_Inpired_PSO_Classifcation\featus\malignant\339_2HC.png,malignant
C:\Users\HishamMo\Desktop\999_cs\Quantum_Inpired_PSO_Classifcation\featus\malignant\339_2HC_Annotation.png,malignant
C:\Users\HishamMo\Desktop\999_cs\Quantum_Inpired_PSO_Classifcation\featus\malignant\33_HC.png,malignant
C:\Users\HishamMo\Desktop\999_cs\Quantum_Inpired_PSO_Classifcation\featus\malignant\33_HC_Annotation.png,malignant
C:\Users\HishamMo\Desktop\999_cs\Quantum_Inpired_PSO_Classifcation\featus\malignant\340_HC.png,malignant
C:\Users\HishamMo\Desktop\999_cs\Quantum_Inpired_PSO_Classifcation\featus\malignant\340_HC_Annotation.png,malignant
C:\Users\HishamMo\Desktop\999_cs\Quantum_Inpired_PSO_Classifcation\featus\malignant\341_HC.png,malignant
C:\Users\HishamMo\Desktop\999_cs\Quantum_Inpired_PSO_Classifcation\featus\malignant\341_HC_Annotation.png,malignant
C:\Users\HishamMo\Desktop\999_cs\Quantum_Inpired_PSO_Classifcation\featus\malignant\342_HC.png,malignant
C:\Users\HishamMo\Desktop\999_cs\Quantum_Inpired_PSO_Classifcation\featus\malignant\342_HC_Annotation.png,malignant
C:\Users\HishamMo\Desktop\999_cs\Quantum_Inpired_PSO_Classifcation\featus\malignant\343_HC.png,malignant
C:\Users\HishamMo\Desktop\999_cs\Quantum_Inpired_PSO_Classifcation\featus\malignant\343_HC_Annotation.png,malignant
C:\Users\HishamMo\Desktop\999_cs\Quantum_Inpired_PSO_Classifcation\featus\malignant\344_HC.png,malignant
C:\Users\HishamMo\Desktop\999_cs\Quantum_Inpired_PSO_Classifcation\featus\malignant\344_HC_Annotation.png,malignant
C:\Users\HishamMo\Desktop\999_cs\Quantum_Inpired_PSO_Classifcation\featus\malignant\345_2HC.png,malignant
C:\Users\HishamMo\Desktop\999_cs\Quantum_Inpired_PSO_Classifcation\featus\malignant\345_2HC_Annotation.png,malignant
C:\Users\HishamMo\Desktop\999_cs\Quantum_Inpired_PSO_Classifcation\featus\malignant\346_HC.png,malignant
C:\Users\HishamMo\Desktop\999_cs\Quantum_Inpired_PSO_Classifcation\featus\malignant\346_HC_Annotation.png,malignant
C:\Users\HishamMo\Desktop\999_cs\Quantum_Inpired_PSO_Classifcation\featus\malignant\347_HC.png,malignant
C:\Users\HishamMo\Desktop\999_cs\Quantum_Inpired_PSO_Classifcation\featus\malignant\347_HC_Annotation.png,malignant
C:\Users\HishamMo\Desktop\999_cs\Quantum_Inpired_PSO_Classifcation\featus\malignant\348_2HC.png,malignant
C:\Users\HishamMo\Desktop\999_cs\Quantum_Inpired_PSO_Classifcation\featus\malignant\348_2HC_Annotation.png,malignant
C:\Users\HishamMo\Desktop\999_cs\Quantum_Inpired_PSO_Classifcation\featus\malignant\349_HC.png,malignant
C:\Users\HishamMo\Desktop\999_cs\Quantum_Inpired_PSO_Classifcation\featus\malignant\349_HC_Annotation.png,malignant
C:\Users\HishamMo\Desktop\999_cs\Quantum_Inpired_PSO_Classifcation\featus\malignant\34_2HC.png,malignant
C:\Users\HishamMo\Desktop\999_cs\Quantum_Inpired_PSO_Classifcation\featus\malignant\34_2HC_Annotation.png,malignant
C:\Users\HishamMo\Desktop\999_cs\Quantum_Inpired_PSO_Classifcation\featus\malignant\350_HC.png,malignant
C:\Users\HishamMo\Desktop\999_cs\Quantum_Inpired_PSO_Classifcation\featus\malignant\350_HC_Annotation.png,malignant
C:\Users\HishamMo\Desktop\999_cs\Quantum_Inpired_PSO_Classifcation\featus\malignant\351_HC.png,malignant
C:\Users\HishamMo\Desktop\999_cs\Quantum_Inpired_PSO_Classifcation\featus\malignant\351_HC_Annotation.png,malignant
C:\Users\HishamMo\Desktop\999_cs\Quantum_Inpired_PSO_Classifcation\featus\malignant\352_HC.png,malignant
C:\Users\HishamMo\Desktop\999_cs\Quantum_Inpired_PSO_Classifcation\featus\malignant\352_HC_Annotation.png,malignant
C:\Users\HishamMo\Desktop\999_cs\Quantum_Inpired_PSO_Classifcation\featus\malignant\353_HC.png,malignant
C:\Users\HishamMo\Desktop\999_cs\Quantum_Inpired_PSO_Classifcation\featus\malignant\353_HC_Annotation.png,malignant
C:\Users\HishamMo\Desktop\999_cs\Quantum_Inpired_PSO_Classifcation\featus\malignant\354_2HC.png,malignant
C:\Users\HishamMo\Desktop\999_cs\Quantum_Inpired_PSO_Classifcation\featus\malignant\354_2HC_Annotation.png,malignant
C:\Users\HishamMo\Desktop\999_cs\Quantum_Inpired_PSO_Classifcation\featus\malignant\355_HC.png,malignant
C:\Users\HishamMo\Desktop\999_cs\Quantum_Inpired_PSO_Classifcation\featus\malignant\355_HC_Annotation.png,malignant
C:\Users\HishamMo\Desktop\999_cs\Quantum_Inpired_PSO_Classifcation\featus\malignant\356_HC.png,malignant
C:\Users\HishamMo\Desktop\999_cs\Quantum_Inpired_PSO_Classifcation\featus\malignant\356_HC_Annotation.png,malignant
C:\Users\HishamMo\Desktop\999_cs\Quantum_Inpired_PSO_Classifcation\featus\malignant\357_HC.png,malignant
C:\Users\HishamMo\Desktop\999_cs\Quantum_Inpired_PSO_Classifcation\featus\malignant\357_HC_Annotation.png,malignant
C:\Users\HishamMo\Desktop\999_cs\Quantum_Inpired_PSO_Classifcation\featus\malignant\358_HC.png,malignant
C:\Users\HishamMo\Desktop\999_cs\Quantum_Inpired_PSO_Classifcation\featus\malignant\358_HC_Annotation.png,malignant
C:\Users\HishamMo\Desktop\999_cs\Quantum_Inpired_PSO_Classifcation\featus\malignant\359_HC.png,malignant
C:\Users\HishamMo\Desktop\999_cs\Quantum_Inpired_PSO_Classifcation\featus\malignant\359_HC_Annotation.png,malignant
C:\Users\HishamMo\Desktop\999_cs\Quantum_Inpired_PSO_Classifcation\featus\malignant\35_HC.png,malignant
C:\Users\HishamMo\Desktop\999_cs\Quantum_Inpired_PSO_Classifcation\featus\malignant\35_HC_Annotation.png,malignant
C:\Users\HishamMo\Desktop\999_cs\Quantum_Inpired_PSO_Classifcation\featus\malignant\360_HC.png,malignant
C:\Users\HishamMo\Desktop\999_cs\Quantum_Inpired_PSO_Classifcation\featus\malignant\360_HC_Annotation.png,malignant
C:\Users\HishamMo\Desktop\999_cs\Quantum_Inpired_PSO_Classifcation\featus\malignant\361_HC.png,malignant
C:\Users\HishamMo\Desktop\999_cs\Quantum_Inpired_PSO_Classifcation\featus\malignant\361_HC_Annotation.png,malignant
C:\Users\HishamMo\Desktop\999_cs\Quantum_Inpired_PSO_Classifcation\featus\malignant\362_2HC.png,malignant
C:\Users\HishamMo\Desktop\999_cs\Quantum_Inpired_PSO_Classifcation\featus\malignant\362_2HC_Annotation.png,malignant
C:\Users\HishamMo\Desktop\999_cs\Quantum_Inpired_PSO_Classifcation\featus\malignant\363_HC.png,malignant
C:\Users\HishamMo\Desktop\999_cs\Quantum_Inpired_PSO_Classifcation\featus\malignant\363_HC_Annotation.png,malignant
C:\Users\HishamMo\Desktop\999_cs\Quantum_Inpired_PSO_Classifcation\featus\malignant\364_3HC.png,malignant
C:\Users\HishamMo\Desktop\999_cs\Quantum_Inpired_PSO_Classifcation\featus\malignant\364_3HC_Annotation.png,malignant
C:\Users\HishamMo\Desktop\999_cs\Quantum_Inpired_PSO_Classifcation\featus\malignant\365_HC.png,malignant
C:\Users\HishamMo\Desktop\999_cs\Quantum_Inpired_PSO_Classifcation\featus\malignant\365_HC_Annotation.png,malignant
C:\Users\HishamMo\Desktop\999_cs\Quantum_Inpired_PSO_Classifcation\featus\malignant\366_2HC.png,malignant
C:\Users\HishamMo\Desktop\999_cs\Quantum_Inpired_PSO_Classifcation\featus\malignant\366_2HC_Annotation.png,malignant
C:\Users\HishamMo\Desktop\999_cs\Quantum_Inpired_PSO_Classifcation\featus\malignant\367_HC.png,malignant
C:\Users\HishamMo\Desktop\999_cs\Quantum_Inpired_PSO_Classifcation\featus\malignant\367_HC_Annotation.png,malignant
C:\Users\HishamMo\Desktop\999_cs\Quantum_Inpired_PSO_Classifcation\featus\malignant\368_HC.png,malignant
C:\Users\HishamMo\Desktop\999_cs\Quantum_Inpired_PSO_Classifcation\featus\malignant\368_HC_Annotation.png,malignant
C:\Users\HishamMo\Desktop\999_cs\Quantum_Inpired_PSO_Classifcation\featus\malignant\369_HC.png,malignant
C:\Users\HishamMo\Desktop\999_cs\Quantum_Inpired_PSO_Classifcation\featus\malignant\369_HC_Annotation.png,malignant
C:\Users\HishamMo\Desktop\999_cs\Quantum_Inpired_PSO_Classifcation\featus\malignant\36_HC.png,malignant
C:\Users\HishamMo\Desktop\999_cs\Quantum_Inpired_PSO_Classifcation\featus\malignant\36_HC_Annotation.png,malignant
C:\Users\HishamMo\Desktop\999_cs\Quantum_Inpired_PSO_Classifcation\featus\malignant\370_HC.png,malignant
C:\Users\HishamMo\Desktop\999_cs\Quantum_Inpired_PSO_Classifcation\featus\malignant\370_HC_Annotation.png,malignant
C:\Users\HishamMo\Desktop\999_cs\Quantum_Inpired_PSO_Classifcation\featus\malignant\371_HC.png,malignant
C:\Users\HishamMo\Desktop\999_cs\Quantum_Inpired_PSO_Classifcation\featus\malignant\371_HC_Annotation.png,malignant
C:\Users\HishamMo\Desktop\999_cs\Quantum_Inpired_PSO_Classifcation\featus\malignant\372_2HC.png,malignant
C:\Users\HishamMo\Desktop\999_cs\Quantum_Inpired_PSO_Classifcation\featus\malignant\372_2HC_Annotation.png,malignant
C:\Users\HishamMo\Desktop\999_cs\Quantum_Inpired_PSO_Classifcation\featus\malignant\373_HC.png,malignant
C:\Users\HishamMo\Desktop\999_cs\Quantum_Inpired_PSO_Classifcation\featus\malignant\373_HC_Annotation.png,malignant
C:\Users\HishamMo\Desktop\999_cs\Quantum_Inpired_PSO_Classifcation\featus\malignant\374_2HC.png,malignant
C:\Users\HishamMo\Desktop\999_cs\Quantum_Inpired_PSO_Classifcation\featus\malignant\374_2HC_Annotation.png,malignant
C:\Users\HishamMo\Desktop\999_cs\Quantum_Inpired_PSO_Classifcation\featus\malignant\375_HC.png,malignant
C:\Users\HishamMo\Desktop\999_cs\Quantum_Inpired_PSO_Classifcation\featus\malignant\375_HC_Annotation.png,malignant
C:\Users\HishamMo\Desktop\999_cs\Quantum_Inpired_PSO_Classifcation\featus\malignant\376_HC.png,malignant
C:\Users\HishamMo\Desktop\999_cs\Quantum_Inpired_PSO_Classifcation\featus\malignant\376_HC_Annotation.png,malignant
C:\Users\HishamMo\Desktop\999_cs\Quantum_Inpired_PSO_Classifcation\featus\malignant\377_HC.png,malignant
C:\Users\HishamMo\Desktop\999_cs\Quantum_Inpired_PSO_Classifcation\featus\malignant\377_HC_Annotation.png,malignant
C:\Users\HishamMo\Desktop\999_cs\Quantum_Inpired_PSO_Classifcation\featus\malignant\378_HC.png,malignant
C:\Users\HishamMo\Desktop\999_cs\Quantum_Inpired_PSO_Classifcation\featus\malignant\378_HC_Annotation.png,malignant
C:\Users\HishamMo\Desktop\999_cs\Quantum_Inpired_PSO_Classifcation\featus\malignant\379_HC.png,malignant
C:\Users\HishamMo\Desktop\999_cs\Quantum_Inpired_PSO_Classifcation\featus\malignant\379_HC_Annotation.png,malignant
C:\Users\HishamMo\Desktop\999_cs\Quantum_Inpired_PSO_Classifcation\featus\malignant\37_HC.png,malignant
C:\Users\HishamMo\Desktop\999_cs\Quantum_Inpired_PSO_Classifcation\featus\malignant\37_HC_Annotation.png,malignant
C:\Users\HishamMo\Desktop\999_cs\Quantum_Inpired_PSO_Classifcation\featus\malignant\380_HC.png,malignant
C:\Users\HishamMo\Desktop\999_cs\Quantum_Inpired_PSO_Classifcation\featus\malignant\380_HC_Annotation.png,malignant
C:\Users\HishamMo\Desktop\999_cs\Quantum_Inpired_PSO_Classifcation\featus\malignant\381_HC.png,malignant
C:\Users\HishamMo\Desktop\999_cs\Quantum_Inpired_PSO_Classifcation\featus\malignant\381_HC_Annotation.png,malignant
C:\Users\HishamMo\Desktop\999_cs\Quantum_Inpired_PSO_Classifcation\featus\malignant\382_HC.png,malignant
C:\Users\HishamMo\Desktop\999_cs\Quantum_Inpired_PSO_Classifcation\featus\malignant\382_HC_Annotation.png,malignant
C:\Users\HishamMo\Desktop\999_cs\Quantum_Inpired_PSO_Classifcation\featus\malignant\383_HC.png,malignant
C:\Users\HishamMo\Desktop\999_cs\Quantum_Inpired_PSO_Classifcation\featus\malignant\383_HC_Annotation.png,malignant
C:\Users\HishamMo\Desktop\999_cs\Quantum_Inpired_PSO_Classifcation\featus\malignant\384_HC.png,malignant
C:\Users\HishamMo\Desktop\999_cs\Quantum_Inpired_PSO_Classifcation\featus\malignant\384_HC_Annotation.png,malignant
C:\Users\HishamMo\Desktop\999_cs\Quantum_Inpired_PSO_Classifcation\featus\malignant\385_HC.png,malignant
C:\Users\HishamMo\Desktop\999_cs\Quantum_Inpired_PSO_Classifcation\featus\malignant\385_HC_Annotation.png,malignant
C:\Users\HishamMo\Desktop\999_cs\Quantum_Inpired_PSO_Classifcation\featus\malignant\386_HC.png,malignant
C:\Users\HishamMo\Desktop\999_cs\Quantum_Inpired_PSO_Classifcation\featus\malignant\386_HC_Annotation.png,malignant
C:\Users\HishamMo\Desktop\999_cs\Quantum_Inpired_PSO_Classifcation\featus\malignant\387_2HC.png,malignant
C:\Users\HishamMo\Desktop\999_cs\Quantum_Inpired_PSO_Classifcation\featus\malignant\387_2HC_Annotation.png,malignant
C:\Users\HishamMo\Desktop\999_cs\Quantum_Inpired_PSO_Classifcation\featus\malignant\388_HC.png,malignant
C:\Users\HishamMo\Desktop\999_cs\Quantum_Inpired_PSO_Classifcation\featus\malignant\388_HC_Annotation.png,malignant
C:\Users\HishamMo\Desktop\999_cs\Quantum_Inpired_PSO_Classifcation\featus\malignant\389_HC.png,malignant
C:\Users\HishamMo\Desktop\999_cs\Quantum_Inpired_PSO_Classifcation\featus\malignant\389_HC_Annotation.png,malignant
C:\Users\HishamMo\Desktop\999_cs\Quantum_Inpired_PSO_Classifcation\featus\malignant\38_HC.png,malignant
C:\Users\HishamMo\Desktop\999_cs\Quantum_Inpired_PSO_Classifcation\featus\malignant\38_HC_Annotation.png,malignant
C:\Users\HishamMo\Desktop\999_cs\Quantum_Inpired_PSO_Classifcation\featus\malignant\390_HC.png,malignant
C:\Users\HishamMo\Desktop\999_cs\Quantum_Inpired_PSO_Classifcation\featus\malignant\390_HC_Annotation.png,malignant
C:\Users\HishamMo\Desktop\999_cs\Quantum_Inpired_PSO_Classifcation\featus\malignant\391_2HC.png,malignant
C:\Users\HishamMo\Desktop\999_cs\Quantum_Inpired_PSO_Classifcation\featus\malignant\391_2HC_Annotation.png,malignant
C:\Users\HishamMo\Desktop\999_cs\Quantum_Inpired_PSO_Classifcation\featus\malignant\392_HC.png,malignant
C:\Users\HishamMo\Desktop\999_cs\Quantum_Inpired_PSO_Classifcation\featus\malignant\392_HC_Annotation.png,malignant
C:\Users\HishamMo\Desktop\999_cs\Quantum_Inpired_PSO_Classifcation\featus\malignant\393_HC.png,malignant
C:\Users\HishamMo\Desktop\999_cs\Quantum_Inpired_PSO_Classifcation\featus\malignant\393_HC_Annotation.png,malignant
C:\Users\HishamMo\Desktop\999_cs\Quantum_Inpired_PSO_Classifcation\featus\malignant\394_HC.png,malignant
C:\Users\HishamMo\Desktop\999_cs\Quantum_Inpired_PSO_Classifcation\featus\malignant\394_HC_Annotation.png,malignant
C:\Users\HishamMo\Desktop\999_cs\Quantum_Inpired_PSO_Classifcation\featus\malignant\395_HC.png,malignant
C:\Users\HishamMo\Desktop\999_cs\Quantum_Inpired_PSO_Classifcation\featus\malignant\395_HC_Annotation.png,malignant
C:\Users\HishamMo\Desktop\999_cs\Quantum_Inpired_PSO_Classifcation\featus\malignant\396_HC.png,malignant
C:\Users\HishamMo\Desktop\999_cs\Quantum_Inpired_PSO_Classifcation\featus\malignant\396_HC_Annotation.png,malignant
C:\Users\HishamMo\Desktop\999_cs\Quantum_Inpired_PSO_Classifcation\featus\malignant\397_HC.png,malignant
C:\Users\HishamMo\Desktop\999_cs\Quantum_Inpired_PSO_Classifcation\featus\malignant\397_HC_Annotation.png,malignant
C:\Users\HishamMo\Desktop\999_cs\Quantum_Inpired_PSO_Classifcation\featus\malignant\398_HC.png,malignant
C:\Users\HishamMo\Desktop\999_cs\Quantum_Inpired_PSO_Classifcation\featus\malignant\398_HC_Annotation.png,malignant
C:\Users\HishamMo\Desktop\999_cs\Quantum_Inpired_PSO_Classifcation\featus\malignant\399_HC.png,malignant
C:\Users\HishamMo\Desktop\999_cs\Quantum_Inpired_PSO_Classifcation\featus\malignant\399_HC_Annotation.png,malignant
C:\Users\HishamMo\Desktop\999_cs\Quantum_Inpired_PSO_Classifcation\featus\malignant\39_HC.png,malignant
C:\Users\HishamMo\Desktop\999_cs\Quantum_Inpired_PSO_Classifcation\featus\malignant\39_HC_Annotation.png,malignant
C:\Users\HishamMo\Desktop\999_cs\Quantum_Inpired_PSO_Classifcation\featus\malignant\3_HC.png,malignant
C:\Users\HishamMo\Desktop\999_cs\Quantum_Inpired_PSO_Classifcation\featus\malignant\3_HC_Annotation.png,malignant
C:\Users\HishamMo\Desktop\999_cs\Quantum_Inpired_PSO_Classifcation\featus\malignant\400_2HC.png,malignant
C:\Users\HishamMo\Desktop\999_cs\Quantum_Inpired_PSO_Classifcation\featus\malignant\400_2HC_Annotation.png,malignant
C:\Users\HishamMo\Desktop\999_cs\Quantum_Inpired_PSO_Classifcation\featus\malignant\401_HC.png,malignant
C:\Users\HishamMo\Desktop\999_cs\Quantum_Inpired_PSO_Classifcation\featus\malignant\401_HC_Annotation.png,malignant
C:\Users\HishamMo\Desktop\999_cs\Quantum_Inpired_PSO_Classifcation\featus\malignant\402_HC.png,malignant
C:\Users\HishamMo\Desktop\999_cs\Quantum_Inpired_PSO_Classifcation\featus\malignant\402_HC_Annotation.png,malignant
C:\Users\HishamMo\Desktop\999_cs\Quantum_Inpired_PSO_Classifcation\featus\malignant\403_HC.png,malignant
C:\Users\HishamMo\Desktop\999_cs\Quantum_Inpired_PSO_Classifcation\featus\malignant\403_HC_Annotation.png,malignant
C:\Users\HishamMo\Desktop\999_cs\Quantum_Inpired_PSO_Classifcation\featus\malignant\404_HC.png,malignant
C:\Users\HishamMo\Desktop\999_cs\Quantum_Inpired_PSO_Classifcation\featus\malignant\404_HC_Annotation.png,malignant
C:\Users\HishamMo\Desktop\999_cs\Quantum_Inpired_PSO_Classifcation\featus\malignant\405_2HC.png,malignant
C:\Users\HishamMo\Desktop\999_cs\Quantum_Inpired_PSO_Classifcation\featus\malignant\405_2HC_Annotation.png,malignant
C:\Users\HishamMo\Desktop\999_cs\Quantum_Inpired_PSO_Classifcation\featus\malignant\406_HC.png,malignant
C:\Users\HishamMo\Desktop\999_cs\Quantum_Inpired_PSO_Classifcation\featus\malignant\406_HC_Annotation.png,malignant
C:\Users\HishamMo\Desktop\999_cs\Quantum_Inpired_PSO_Classifcation\featus\malignant\407_HC.png,malignant
C:\Users\HishamMo\Desktop\999_cs\Quantum_Inpired_PSO_Classifcation\featus\malignant\407_HC_Annotation.png,malignant
C:\Users\HishamMo\Desktop\999_cs\Quantum_Inpired_PSO_Classifcation\featus\malignant\408_HC.png,malignant
C:\Users\HishamMo\Desktop\999_cs\Quantum_Inpired_PSO_Classifcation\featus\malignant\408_HC_Annotation.png,malignant
C:\Users\HishamMo\Desktop\999_cs\Quantum_Inpired_PSO_Classifcation\featus\malignant\409_HC.png,malignant
C:\Users\HishamMo\Desktop\999_cs\Quantum_Inpired_PSO_Classifcation\featus\malignant\409_HC_Annotation.png,malignant
C:\Users\HishamMo\Desktop\999_cs\Quantum_Inpired_PSO_Classifcation\featus\malignant\40_HC.png,malignant
C:\Users\HishamMo\Desktop\999_cs\Quantum_Inpired_PSO_Classifcation\featus\malignant\40_HC_Annotation.png,malignant
C:\Users\HishamMo\Desktop\999_cs\Quantum_Inpired_PSO_Classifcation\featus\malignant\410_HC.png,malignant
C:\Users\HishamMo\Desktop\999_cs\Quantum_Inpired_PSO_Classifcation\featus\malignant\410_HC_Annotation.png,malignant
C:\Users\HishamMo\Desktop\999_cs\Quantum_Inpired_PSO_Classifcation\featus\malignant\411_HC.png,malignant
C:\Users\HishamMo\Desktop\999_cs\Quantum_Inpired_PSO_Classifcation\featus\malignant\411_HC_Annotation.png,malignant
C:\Users\HishamMo\Desktop\999_cs\Quantum_Inpired_PSO_Classifcation\featus\malignant\412_HC.png,malignant
C:\Users\HishamMo\Desktop\999_cs\Quantum_Inpired_PSO_Classifcation\featus\malignant\412_HC_Annotation.png,malignant
C:\Users\HishamMo\Desktop\999_cs\Quantum_Inpired_PSO_Classifcation\featus\malignant\413_HC.png,malignant
C:\Users\HishamMo\Desktop\999_cs\Quantum_Inpired_PSO_Classifcation\featus\malignant\413_HC_Annotation.png,malignant
C:\Users\HishamMo\Desktop\999_cs\Quantum_Inpired_PSO_Classifcation\featus\malignant\414_HC.png,malignant
C:\Users\HishamMo\Desktop\999_cs\Quantum_Inpired_PSO_Classifcation\featus\malignant\414_HC_Annotation.png,malignant
C:\Users\HishamMo\Desktop\999_cs\Quantum_Inpired_PSO_Classifcation\featus\malignant\415_HC.png,malignant
C:\Users\HishamMo\Desktop\999_cs\Quantum_Inpired_PSO_Classifcation\featus\malignant\415_HC_Annotation.png,malignant
C:\Users\HishamMo\Desktop\999_cs\Quantum_Inpired_PSO_Classifcation\featus\malignant\416_HC.png,malignant
C:\Users\HishamMo\Desktop\999_cs\Quantum_Inpired_PSO_Classifcation\featus\malignant\416_HC_Annotation.png,malignant
C:\Users\HishamMo\Desktop\999_cs\Quantum_Inpired_PSO_Classifcation\featus\malignant\417_HC.png,malignant
C:\Users\HishamMo\Desktop\999_cs\Quantum_Inpired_PSO_Classifcation\featus\malignant\417_HC_Annotation.png,malignant
C:\Users\HishamMo\Desktop\999_cs\Quantum_Inpired_PSO_Classifcation\featus\malignant\418_HC.png,malignant
C:\Users\HishamMo\Desktop\999_cs\Quantum_Inpired_PSO_Classifcation\featus\malignant\418_HC_Annotation.png,malignant
C:\Users\HishamMo\Desktop\999_cs\Quantum_Inpired_PSO_Classifcation\featus\malignant\419_2HC.png,malignant
C:\Users\HishamMo\Desktop\999_cs\Quantum_Inpired_PSO_Classifcation\featus\malignant\419_2HC_Annotation.png,malignant
C:\Users\HishamMo\Desktop\999_cs\Quantum_Inpired_PSO_Classifcation\featus\malignant\41_2HC.png,malignant
C:\Users\HishamMo\Desktop\999_cs\Quantum_Inpired_PSO_Classifcation\featus\malignant\41_2HC_Annotation.png,malignant
C:\Users\HishamMo\Desktop\999_cs\Quantum_Inpired_PSO_Classifcation\featus\malignant\420_HC.png,malignant
C:\Users\HishamMo\Desktop\999_cs\Quantum_Inpired_PSO_Classifcation\featus\malignant\420_HC_Annotation.png,malignant
C:\Users\HishamMo\Desktop\999_cs\Quantum_Inpired_PSO_Classifcation\featus\malignant\421_HC.png,malignant
C:\Users\HishamMo\Desktop\999_cs\Quantum_Inpired_PSO_Classifcation\featus\malignant\421_HC_Annotation.png,malignant
C:\Users\HishamMo\Desktop\999_cs\Quantum_Inpired_PSO_Classifcation\featus\malignant\422_HC.png,malignant
C:\Users\HishamMo\Desktop\999_cs\Quantum_Inpired_PSO_Classifcation\featus\malignant\422_HC_Annotation.png,malignant
C:\Users\HishamMo\Desktop\999_cs\Quantum_Inpired_PSO_Classifcation\featus\malignant\423_HC.png,malignant
C:\Users\HishamMo\Desktop\999_cs\Quantum_Inpired_PSO_Classifcation\featus\malignant\423_HC_Annotation.png,malignant
C:\Users\HishamMo\Desktop\999_cs\Quantum_Inpired_PSO_Classifcation\featus\malignant\424_HC.png,malignant
C:\Users\HishamMo\Desktop\999_cs\Quantum_Inpired_PSO_Classifcation\featus\malignant\424_HC_Annotation.png,malignant
C:\Users\HishamMo\Desktop\999_cs\Quantum_Inpired_PSO_Classifcation\featus\malignant\425_2HC.png,malignant
C:\Users\HishamMo\Desktop\999_cs\Quantum_Inpired_PSO_Classifcation\featus\malignant\425_2HC_Annotation.png,malignant
C:\Users\HishamMo\Desktop\999_cs\Quantum_Inpired_PSO_Classifcation\featus\malignant\426_HC.png,malignant
C:\Users\HishamMo\Desktop\999_cs\Quantum_Inpired_PSO_Classifcation\featus\malignant\426_HC_Annotation.png,malignant
C:\Users\HishamMo\Desktop\999_cs\Quantum_Inpired_PSO_Classifcation\featus\malignant\427_2HC.png,malignant
C:\Users\HishamMo\Desktop\999_cs\Quantum_Inpired_PSO_Classifcation\featus\malignant\427_2HC_Annotation.png,malignant
C:\Users\HishamMo\Desktop\999_cs\Quantum_Inpired_PSO_Classifcation\featus\malignant\428_HC.png,malignant
C:\Users\HishamMo\Desktop\999_cs\Quantum_Inpired_PSO_Classifcation\featus\malignant\428_HC_Annotation.png,malignant
C:\Users\HishamMo\Desktop\999_cs\Quantum_Inpired_PSO_Classifcation\featus\malignant\429_HC.png,malignant
C:\Users\HishamMo\Desktop\999_cs\Quantum_Inpired_PSO_Classifcation\featus\malignant\429_HC_Annotation.png,malignant
C:\Users\HishamMo\Desktop\999_cs\Quantum_Inpired_PSO_Classifcation\featus\malignant\42_HC.png,malignant
C:\Users\HishamMo\Desktop\999_cs\Quantum_Inpired_PSO_Classifcation\featus\malignant\42_HC_Annotation.png,malignant
C:\Users\HishamMo\Desktop\999_cs\Quantum_Inpired_PSO_Classifcation\featus\malignant\430_HC.png,malignant
C:\Users\HishamMo\Desktop\999_cs\Quantum_Inpired_PSO_Classifcation\featus\malignant\430_HC_Annotation.png,malignant
C:\Users\HishamMo\Desktop\999_cs\Quantum_Inpired_PSO_Classifcation\featus\malignant\431_HC.png,malignant
C:\Users\HishamMo\Desktop\999_cs\Quantum_Inpired_PSO_Classifcation\featus\malignant\431_HC_Annotation.png,malignant
C:\Users\HishamMo\Desktop\999_cs\Quantum_Inpired_PSO_Classifcation\featus\malignant\432_HC.png,malignant
C:\Users\HishamMo\Desktop\999_cs\Quantum_Inpired_PSO_Classifcation\featus\malignant\432_HC_Annotation.png,malignant
C:\Users\HishamMo\Desktop\999_cs\Quantum_Inpired_PSO_Classifcation\featus\malignant\433_2HC.png,malignant
C:\Users\HishamMo\Desktop\999_cs\Quantum_Inpired_PSO_Classifcation\featus\malignant\433_2HC_Annotation.png,malignant
C:\Users\HishamMo\Desktop\999_cs\Quantum_Inpired_PSO_Classifcation\featus\malignant\434_HC.png,malignant
C:\Users\HishamMo\Desktop\999_cs\Quantum_Inpired_PSO_Classifcation\featus\malignant\434_HC_Annotation.png,malignant
C:\Users\HishamMo\Desktop\999_cs\Quantum_Inpired_PSO_Classifcation\featus\malignant\435_HC.png,malignant
C:\Users\HishamMo\Desktop\999_cs\Quantum_Inpired_PSO_Classifcation\featus\malignant\435_HC_Annotation.png,malignant
C:\Users\HishamMo\Desktop\999_cs\Quantum_Inpired_PSO_Classifcation\featus\malignant\436_HC.png,malignant
C:\Users\HishamMo\Desktop\999_cs\Quantum_Inpired_PSO_Classifcation\featus\malignant\436_HC_Annotation.png,malignant
C:\Users\HishamMo\Desktop\999_cs\Quantum_Inpired_PSO_Classifcation\featus\malignant\437_HC.png,malignant
C:\Users\HishamMo\Desktop\999_cs\Quantum_Inpired_PSO_Classifcation\featus\malignant\437_HC_Annotation.png,malignant
C:\Users\HishamMo\Desktop\999_cs\Quantum_Inpired_PSO_Classifcation\featus\malignant\438_HC.png,malignant
C:\Users\HishamMo\Desktop\999_cs\Quantum_Inpired_PSO_Classifcation\featus\malignant\438_HC_Annotation.png,malignant
C:\Users\HishamMo\Desktop\999_cs\Quantum_Inpired_PSO_Classifcation\featus\malignant\439_HC.png,malignant
C:\Users\HishamMo\Desktop\999_cs\Quantum_Inpired_PSO_Classifcation\featus\malignant\439_HC_Annotation.png,malignant
C:\Users\HishamMo\Desktop\999_cs\Quantum_Inpired_PSO_Classifcation\featus\malignant\43_2HC.png,malignant
C:\Users\HishamMo\Desktop\999_cs\Quantum_Inpired_PSO_Classifcation\featus\malignant\43_2HC_Annotation.png,malignant
C:\Users\HishamMo\Desktop\999_cs\Quantum_Inpired_PSO_Classifcation\featus\malignant\440_HC.png,malignant
C:\Users\HishamMo\Desktop\999_cs\Quantum_Inpired_PSO_Classifcation\featus\malignant\440_HC_Annotation.png,malignant
C:\Users\HishamMo\Desktop\999_cs\Quantum_Inpired_PSO_Classifcation\featus\malignant\441_2HC.png,malignant
C:\Users\HishamMo\Desktop\999_cs\Quantum_Inpired_PSO_Classifcation\featus\malignant\441_2HC_Annotation.png,malignant
C:\Users\HishamMo\Desktop\999_cs\Quantum_Inpired_PSO_Classifcation\featus\malignant\442_HC.png,malignant
C:\Users\HishamMo\Desktop\999_cs\Quantum_Inpired_PSO_Classifcation\featus\malignant\442_HC_Annotation.png,malignant
C:\Users\HishamMo\Desktop\999_cs\Quantum_Inpired_PSO_Classifcation\featus\malignant\443_2HC.png,malignant
C:\Users\HishamMo\Desktop\999_cs\Quantum_Inpired_PSO_Classifcation\featus\malignant\443_2HC_Annotation.png,malignant
C:\Users\HishamMo\Desktop\999_cs\Quantum_Inpired_PSO_Classifcation\featus\malignant\444_HC.png,malignant
C:\Users\HishamMo\Desktop\999_cs\Quantum_Inpired_PSO_Classifcation\featus\malignant\444_HC_Annotation.png,malignant
C:\Users\HishamMo\Desktop\999_cs\Quantum_Inpired_PSO_Classifcation\featus\malignant\445_2HC.png,malignant
C:\Users\HishamMo\Desktop\999_cs\Quantum_Inpired_PSO_Classifcation\featus\malignant\445_2HC_Annotation.png,malignant
C:\Users\HishamMo\Desktop\999_cs\Quantum_Inpired_PSO_Classifcation\featus\malignant\446_HC.png,malignant
C:\Users\HishamMo\Desktop\999_cs\Quantum_Inpired_PSO_Classifcation\featus\malignant\446_HC_Annotation.png,malignant
C:\Users\HishamMo\Desktop\999_cs\Quantum_Inpired_PSO_Classifcation\featus\malignant\447_HC.png,malignant
C:\Users\HishamMo\Desktop\999_cs\Quantum_Inpired_PSO_Classifcation\featus\malignant\447_HC_Annotation.png,malignant
C:\Users\HishamMo\Desktop\999_cs\Quantum_Inpired_PSO_Classifcation\featus\malignant\448_HC.png,malignant
C:\Users\HishamMo\Desktop\999_cs\Quantum_Inpired_PSO_Classifcation\featus\malignant\448_HC_Annotation.png,malignant
C:\Users\HishamMo\Desktop\999_cs\Quantum_Inpired_PSO_Classifcation\featus\malignant\449_2HC.png,malignant
C:\Users\HishamMo\Desktop\999_cs\Quantum_Inpired_PSO_Classifcation\featus\malignant\449_2HC_Annotation.png,malignant
C:\Users\HishamMo\Desktop\999_cs\Quantum_Inpired_PSO_Classifcation\featus\malignant\44_HC.png,malignant
C:\Users\HishamMo\Desktop\999_cs\Quantum_Inpired_PSO_Classifcation\featus\malignant\44_HC_Annotation.png,malignant
C:\Users\HishamMo\Desktop\999_cs\Quantum_Inpired_PSO_Classifcation\featus\malignant\450_HC.png,malignant
C:\Users\HishamMo\Desktop\999_cs\Quantum_Inpired_PSO_Classifcation\featus\malignant\450_HC_Annotation.png,malignant
C:\Users\HishamMo\Desktop\999_cs\Quantum_Inpired_PSO_Classifcation\featus\malignant\451_HC.png,malignant
C:\Users\HishamMo\Desktop\999_cs\Quantum_Inpired_PSO_Classifcation\featus\malignant\451_HC_Annotation.png,malignant
C:\Users\HishamMo\Desktop\999_cs\Quantum_Inpired_PSO_Classifcation\featus\malignant\452_HC.png,malignant
C:\Users\HishamMo\Desktop\999_cs\Quantum_Inpired_PSO_Classifcation\featus\malignant\452_HC_Annotation.png,malignant
C:\Users\HishamMo\Desktop\999_cs\Quantum_Inpired_PSO_Classifcation\featus\malignant\453_HC.png,malignant
C:\Users\HishamMo\Desktop\999_cs\Quantum_Inpired_PSO_Classifcation\featus\malignant\453_HC_Annotation.png,malignant
C:\Users\HishamMo\Desktop\999_cs\Quantum_Inpired_PSO_Classifcation\featus\malignant\454_HC.png,malignant
C:\Users\HishamMo\Desktop\999_cs\Quantum_Inpired_PSO_Classifcation\featus\malignant\454_HC_Annotation.png,malignant
C:\Users\HishamMo\Desktop\999_cs\Quantum_Inpired_PSO_Classifcation\featus\malignant\455_HC.png,malignant
C:\Users\HishamMo\Desktop\999_cs\Quantum_Inpired_PSO_Classifcation\featus\malignant\455_HC_Annotation.png,malignant
C:\Users\HishamMo\Desktop\999_cs\Quantum_Inpired_PSO_Classifcation\featus\malignant\456_HC.png,malignant
C:\Users\HishamMo\Desktop\999_cs\Quantum_Inpired_PSO_Classifcation\featus\malignant\456_HC_Annotation.png,malignant
C:\Users\HishamMo\Desktop\999_cs\Quantum_Inpired_PSO_Classifcation\featus\malignant\457_HC.png,malignant
C:\Users\HishamMo\Desktop\999_cs\Quantum_Inpired_PSO_Classifcation\featus\malignant\457_HC_Annotation.png,malignant
C:\Users\HishamMo\Desktop\999_cs\Quantum_Inpired_PSO_Classifcation\featus\malignant\458_HC.png,malignant
C:\Users\HishamMo\Desktop\999_cs\Quantum_Inpired_PSO_Classifcation\featus\malignant\458_HC_Annotation.png,malignant
C:\Users\HishamMo\Desktop\999_cs\Quantum_Inpired_PSO_Classifcation\featus\malignant\459_2HC.png,malignant
C:\Users\HishamMo\Desktop\999_cs\Quantum_Inpired_PSO_Classifcation\featus\malignant\459_2HC_Annotation.png,malignant
C:\Users\HishamMo\Desktop\999_cs\Quantum_Inpired_PSO_Classifcation\featus\malignant\45_HC.png,malignant
C:\Users\HishamMo\Desktop\999_cs\Quantum_Inpired_PSO_Classifcation\featus\malignant\45_HC_Annotation.png,malignant
C:\Users\HishamMo\Desktop\999_cs\Quantum_Inpired_PSO_Classifcation\featus\malignant\460_HC.png,malignant
C:\Users\HishamMo\Desktop\999_cs\Quantum_Inpired_PSO_Classifcation\featus\malignant\460_HC_Annotation.png,malignant
C:\Users\HishamMo\Desktop\999_cs\Quantum_Inpired_PSO_Classifcation\featus\malignant\461_HC.png,malignant
C:\Users\HishamMo\Desktop\999_cs\Quantum_Inpired_PSO_Classifcation\featus\malignant\461_HC_Annotation.png,malignant
C:\Users\HishamMo\Desktop\999_cs\Quantum_Inpired_PSO_Classifcation\featus\malignant\462_HC.png,malignant
C:\Users\HishamMo\Desktop\999_cs\Quantum_Inpired_PSO_Classifcation\featus\malignant\462_HC_Annotation.png,malignant
C:\Users\HishamMo\Desktop\999_cs\Quantum_Inpired_PSO_Classifcation\featus\malignant\463_2HC.png,malignant
C:\Users\HishamMo\Desktop\999_cs\Quantum_Inpired_PSO_Classifcation\featus\malignant\463_2HC_Annotation.png,malignant
C:\Users\HishamMo\Desktop\999_cs\Quantum_Inpired_PSO_Classifcation\featus\malignant\464_HC.png,malignant
C:\Users\HishamMo\Desktop\999_cs\Quantum_Inpired_PSO_Classifcation\featus\malignant\464_HC_Annotation.png,malignant
C:\Users\HishamMo\Desktop\999_cs\Quantum_Inpired_PSO_Classifcation\featus\malignant\465_HC.png,malignant
C:\Users\HishamMo\Desktop\999_cs\Quantum_Inpired_PSO_Classifcation\featus\malignant\465_HC_Annotation.png,malignant
C:\Users\HishamMo\Desktop\999_cs\Quantum_Inpired_PSO_Classifcation\featus\malignant\466_HC.png,malignant
C:\Users\HishamMo\Desktop\999_cs\Quantum_Inpired_PSO_Classifcation\featus\malignant\466_HC_Annotation.png,malignant
C:\Users\HishamMo\Desktop\999_cs\Quantum_Inpired_PSO_Classifcation\featus\malignant\467_HC.png,malignant
C:\Users\HishamMo\Desktop\999_cs\Quantum_Inpired_PSO_Classifcation\featus\malignant\467_HC_Annotation.png,malignant
C:\Users\HishamMo\Desktop\999_cs\Quantum_Inpired_PSO_Classifcation\featus\malignant\468_HC.png,malignant
C:\Users\HishamMo\Desktop\999_cs\Quantum_Inpired_PSO_Classifcation\featus\malignant\468_HC_Annotation.png,malignant
C:\Users\HishamMo\Desktop\999_cs\Quantum_Inpired_PSO_Classifcation\featus\malignant\469_HC.png,malignant
C:\Users\HishamMo\Desktop\999_cs\Quantum_Inpired_PSO_Classifcation\featus\malignant\469_HC_Annotation.png,malignant
C:\Users\HishamMo\Desktop\999_cs\Quantum_Inpired_PSO_Classifcation\featus\malignant\46_HC.png,malignant
C:\Users\HishamMo\Desktop\999_cs\Quantum_Inpired_PSO_Classifcation\featus\malignant\46_HC_Annotation.png,malignant
C:\Users\HishamMo\Desktop\999_cs\Quantum_Inpired_PSO_Classifcation\featus\malignant\470_2HC.png,malignant
C:\Users\HishamMo\Desktop\999_cs\Quantum_Inpired_PSO_Classifcation\featus\malignant\470_2HC_Annotation.png,malignant
C:\Users\HishamMo\Desktop\999_cs\Quantum_Inpired_PSO_Classifcation\featus\malignant\471_HC.png,malignant
C:\Users\HishamMo\Desktop\999_cs\Quantum_Inpired_PSO_Classifcation\featus\malignant\471_HC_Annotation.png,malignant
C:\Users\HishamMo\Desktop\999_cs\Quantum_Inpired_PSO_Classifcation\featus\malignant\472_HC.png,malignant
C:\Users\HishamMo\Desktop\999_cs\Quantum_Inpired_PSO_Classifcation\featus\malignant\472_HC_Annotation.png,malignant
C:\Users\HishamMo\Desktop\999_cs\Quantum_Inpired_PSO_Classifcation\featus\malignant\473_2HC.png,malignant
C:\Users\HishamMo\Desktop\999_cs\Quantum_Inpired_PSO_Classifcation\featus\malignant\473_2HC_Annotation.png,malignant
C:\Users\HishamMo\Desktop\999_cs\Quantum_Inpired_PSO_Classifcation\featus\malignant\474_HC.png,malignant
C:\Users\HishamMo\Desktop\999_cs\Quantum_Inpired_PSO_Classifcation\featus\malignant\474_HC_Annotation.png,malignant
C:\Users\HishamMo\Desktop\999_cs\Quantum_Inpired_PSO_Classifcation\featus\malignant\475_HC.png,malignant
C:\Users\HishamMo\Desktop\999_cs\Quantum_Inpired_PSO_Classifcation\featus\malignant\475_HC_Annotation.png,malignant
C:\Users\HishamMo\Desktop\999_cs\Quantum_Inpired_PSO_Classifcation\featus\malignant\476_HC.png,malignant
C:\Users\HishamMo\Desktop\999_cs\Quantum_Inpired_PSO_Classifcation\featus\malignant\476_HC_Annotation.png,malignant
C:\Users\HishamMo\Desktop\999_cs\Quantum_Inpired_PSO_Classifcation\featus\malignant\477_HC.png,malignant
C:\Users\HishamMo\Desktop\999_cs\Quantum_Inpired_PSO_Classifcation\featus\malignant\477_HC_Annotation.png,malignant
C:\Users\HishamMo\Desktop\999_cs\Quantum_Inpired_PSO_Classifcation\featus\malignant\478_HC.png,malignant
C:\Users\HishamMo\Desktop\999_cs\Quantum_Inpired_PSO_Classifcation\featus\malignant\478_HC_Annotation.png,malignant
C:\Users\HishamMo\Desktop\999_cs\Quantum_Inpired_PSO_Classifcation\featus\malignant\479_HC.png,malignant
C:\Users\HishamMo\Desktop\999_cs\Quantum_Inpired_PSO_Classifcation\featus\malignant\479_HC_Annotation.png,malignant
C:\Users\HishamMo\Desktop\999_cs\Quantum_Inpired_PSO_Classifcation\featus\malignant\47_HC.png,malignant
C:\Users\HishamMo\Desktop\999_cs\Quantum_Inpired_PSO_Classifcation\featus\malignant\47_HC_Annotation.png,malignant
C:\Users\HishamMo\Desktop\999_cs\Quantum_Inpired_PSO_Classifcation\featus\malignant\480_HC.png,malignant
C:\Users\HishamMo\Desktop\999_cs\Quantum_Inpired_PSO_Classifcation\featus\malignant\480_HC_Annotation.png,malignant
C:\Users\HishamMo\Desktop\999_cs\Quantum_Inpired_PSO_Classifcation\featus\malignant\481_HC.png,malignant
C:\Users\HishamMo\Desktop\999_cs\Quantum_Inpired_PSO_Classifcation\featus\malignant\481_HC_Annotation.png,malignant
C:\Users\HishamMo\Desktop\999_cs\Quantum_Inpired_PSO_Classifcation\featus\malignant\482_2HC.png,malignant
C:\Users\HishamMo\Desktop\999_cs\Quantum_Inpired_PSO_Classifcation\featus\malignant\482_2HC_Annotation.png,malignant
C:\Users\HishamMo\Desktop\999_cs\Quantum_Inpired_PSO_Classifcation\featus\malignant\483_3HC.png,malignant
C:\Users\HishamMo\Desktop\999_cs\Quantum_Inpired_PSO_Classifcation\featus\malignant\483_3HC_Annotation.png,malignant
C:\Users\HishamMo\Desktop\999_cs\Quantum_Inpired_PSO_Classifcation\featus\malignant\484_HC.png,malignant
C:\Users\HishamMo\Desktop\999_cs\Quantum_Inpired_PSO_Classifcation\featus\malignant\484_HC_Annotation.png,malignant
C:\Users\HishamMo\Desktop\999_cs\Quantum_Inpired_PSO_Classifcation\featus\malignant\485_HC.png,malignant
C:\Users\HishamMo\Desktop\999_cs\Quantum_Inpired_PSO_Classifcation\featus\malignant\485_HC_Annotation.png,malignant
C:\Users\HishamMo\Desktop\999_cs\Quantum_Inpired_PSO_Classifcation\featus\malignant\486_2HC.png,malignant
C:\Users\HishamMo\Desktop\999_cs\Quantum_Inpired_PSO_Classifcation\featus\malignant\486_2HC_Annotation.png,malignant
C:\Users\HishamMo\Desktop\999_cs\Quantum_Inpired_PSO_Classifcation\featus\malignant\487_HC.png,malignant
C:\Users\HishamMo\Desktop\999_cs\Quantum_Inpired_PSO_Classifcation\featus\malignant\487_HC_Annotation.png,malignant
C:\Users\HishamMo\Desktop\999_cs\Quantum_Inpired_PSO_Classifcation\featus\malignant\488_HC.png,malignant
C:\Users\HishamMo\Desktop\999_cs\Quantum_Inpired_PSO_Classifcation\featus\malignant\488_HC_Annotation.png,malignant
C:\Users\HishamMo\Desktop\999_cs\Quantum_Inpired_PSO_Classifcation\featus\malignant\489_HC.png,malignant
C:\Users\HishamMo\Desktop\999_cs\Quantum_Inpired_PSO_Classifcation\featus\malignant\489_HC_Annotation.png,malignant
C:\Users\HishamMo\Desktop\999_cs\Quantum_Inpired_PSO_Classifcation\featus\malignant\48_HC.png,malignant
C:\Users\HishamMo\Desktop\999_cs\Quantum_Inpired_PSO_Classifcation\featus\malignant\48_HC_Annotation.png,malignant
C:\Users\HishamMo\Desktop\999_cs\Quantum_Inpired_PSO_Classifcation\featus\malignant\490_HC.png,malignant
C:\Users\HishamMo\Desktop\999_cs\Quantum_Inpired_PSO_Classifcation\featus\malignant\490_HC_Annotation.png,malignant
C:\Users\HishamMo\Desktop\999_cs\Quantum_Inpired_PSO_Classifcation\featus\malignant\491_HC.png,malignant
C:\Users\HishamMo\Desktop\999_cs\Quantum_Inpired_PSO_Classifcation\featus\malignant\491_HC_Annotation.png,malignant
C:\Users\HishamMo\Desktop\999_cs\Quantum_Inpired_PSO_Classifcation\featus\malignant\492_2HC.png,malignant
C:\Users\HishamMo\Desktop\999_cs\Quantum_Inpired_PSO_Classifcation\featus\malignant\492_2HC_Annotation.png,malignant
C:\Users\HishamMo\Desktop\999_cs\Quantum_Inpired_PSO_Classifcation\featus\malignant\493_HC.png,malignant
C:\Users\HishamMo\Desktop\999_cs\Quantum_Inpired_PSO_Classifcation\featus\malignant\493_HC_Annotation.png,malignant
C:\Users\HishamMo\Desktop\999_cs\Quantum_Inpired_PSO_Classifcation\featus\malignant\494_HC.png,malignant
C:\Users\HishamMo\Desktop\999_cs\Quantum_Inpired_PSO_Classifcation\featus\malignant\494_HC_Annotation.png,malignant
C:\Users\HishamMo\Desktop\999_cs\Quantum_Inpired_PSO_Classifcation\featus\malignant\495_HC.png,malignant
C:\Users\HishamMo\Desktop\999_cs\Quantum_Inpired_PSO_Classifcation\featus\malignant\495_HC_Annotation.png,malignant
C:\Users\HishamMo\Desktop\999_cs\Quantum_Inpired_PSO_Classifcation\featus\malignant\496_HC.png,malignant
C:\Users\HishamMo\Desktop\999_cs\Quantum_Inpired_PSO_Classifcation\featus\malignant\496_HC_Annotation.png,malignant
C:\Users\HishamMo\Desktop\999_cs\Quantum_Inpired_PSO_Classifcation\featus\malignant\497_2HC.png,malignant
C:\Users\HishamMo\Desktop\999_cs\Quantum_Inpired_PSO_Classifcation\featus\malignant\497_2HC_Annotation.png,malignant
C:\Users\HishamMo\Desktop\999_cs\Quantum_Inpired_PSO_Classifcation\featus\malignant\498_HC.png,malignant
C:\Users\HishamMo\Desktop\999_cs\Quantum_Inpired_PSO_Classifcation\featus\malignant\498_HC_Annotation.png,malignant
C:\Users\HishamMo\Desktop\999_cs\Quantum_Inpired_PSO_Classifcation\featus\malignant\499_2HC.png,malignant
C:\Users\HishamMo\Desktop\999_cs\Quantum_Inpired_PSO_Classifcation\featus\malignant\499_2HC_Annotation.png,malignant
C:\Users\HishamMo\Desktop\999_cs\Quantum_Inpired_PSO_Classifcation\featus\malignant\49_2HC.png,malignant
C:\Users\HishamMo\Desktop\999_cs\Quantum_Inpired_PSO_Classifcation\featus\malignant\49_2HC_Annotation.png,malignant
C:\Users\HishamMo\Desktop\999_cs\Quantum_Inpired_PSO_Classifcation\featus\malignant\4_HC.png,malignant
C:\Users\HishamMo\Desktop\999_cs\Quantum_Inpired_PSO_Classifcation\featus\malignant\4_HC_Annotation.png,malignant
C:\Users\HishamMo\Desktop\999_cs\Quantum_Inpired_PSO_Classifcation\featus\malignant\500_HC.png,malignant
C:\Users\HishamMo\Desktop\999_cs\Quantum_Inpired_PSO_Classifcation\featus\malignant\500_HC_Annotation.png,malignant
C:\Users\HishamMo\Desktop\999_cs\Quantum_Inpired_PSO_Classifcation\featus\malignant\501_HC.png,malignant
C:\Users\HishamMo\Desktop\999_cs\Quantum_Inpired_PSO_Classifcation\featus\malignant\501_HC_Annotation.png,malignant
C:\Users\HishamMo\Desktop\999_cs\Quantum_Inpired_PSO_Classifcation\featus\malignant\502_HC.png,malignant
C:\Users\HishamMo\Desktop\999_cs\Quantum_Inpired_PSO_Classifcation\featus\malignant\502_HC_Annotation.png,malignant
C:\Users\HishamMo\Desktop\999_cs\Quantum_Inpired_PSO_Classifcation\featus\malignant\503_HC.png,malignant
C:\Users\HishamMo\Desktop\999_cs\Quantum_Inpired_PSO_Classifcation\featus\malignant\503_HC_Annotation.png,malignant
C:\Users\HishamMo\Desktop\999_cs\Quantum_Inpired_PSO_Classifcation\featus\malignant\504_HC.png,malignant
C:\Users\HishamMo\Desktop\999_cs\Quantum_Inpired_PSO_Classifcation\featus\malignant\504_HC_Annotation.png,malignant
C:\Users\HishamMo\Desktop\999_cs\Quantum_Inpired_PSO_Classifcation\featus\malignant\505_HC.png,malignant
C:\Users\HishamMo\Desktop\999_cs\Quantum_Inpired_PSO_Classifcation\featus\malignant\505_HC_Annotation.png,malignant
C:\Users\HishamMo\Desktop\999_cs\Quantum_Inpired_PSO_Classifcation\featus\malignant\506_2HC.png,malignant
C:\Users\HishamMo\Desktop\999_cs\Quantum_Inpired_PSO_Classifcation\featus\malignant\506_2HC_Annotation.png,malignant
C:\Users\HishamMo\Desktop\999_cs\Quantum_Inpired_PSO_Classifcation\featus\malignant\507_HC.png,malignant
C:\Users\HishamMo\Desktop\999_cs\Quantum_Inpired_PSO_Classifcation\featus\malignant\507_HC_Annotation.png,malignant
C:\Users\HishamMo\Desktop\999_cs\Quantum_Inpired_PSO_Classifcation\featus\malignant\508_HC.png,malignant
C:\Users\HishamMo\Desktop\999_cs\Quantum_Inpired_PSO_Classifcation\featus\malignant\508_HC_Annotation.png,malignant
C:\Users\HishamMo\Desktop\999_cs\Quantum_Inpired_PSO_Classifcation\featus\malignant\509_HC.png,malignant
C:\Users\HishamMo\Desktop\999_cs\Quantum_Inpired_PSO_Classifcation\featus\malignant\509_HC_Annotation.png,malignant
C:\Users\HishamMo\Desktop\999_cs\Quantum_Inpired_PSO_Classifcation\featus\malignant\50_HC.png,malignant
C:\Users\HishamMo\Desktop\999_cs\Quantum_Inpired_PSO_Classifcation\featus\malignant\50_HC_Annotation.png,malignant
C:\Users\HishamMo\Desktop\999_cs\Quantum_Inpired_PSO_Classifcation\featus\malignant\510_HC.png,malignant
C:\Users\HishamMo\Desktop\999_cs\Quantum_Inpired_PSO_Classifcation\featus\malignant\510_HC_Annotation.png,malignant
C:\Users\HishamMo\Desktop\999_cs\Quantum_Inpired_PSO_Classifcation\featus\malignant\511_HC.png,malignant
C:\Users\HishamMo\Desktop\999_cs\Quantum_Inpired_PSO_Classifcation\featus\malignant\511_HC_Annotation.png,malignant
C:\Users\HishamMo\Desktop\999_cs\Quantum_Inpired_PSO_Classifcation\featus\malignant\512_HC.png,malignant
C:\Users\HishamMo\Desktop\999_cs\Quantum_Inpired_PSO_Classifcation\featus\malignant\512_HC_Annotation.png,malignant
C:\Users\HishamMo\Desktop\999_cs\Quantum_Inpired_PSO_Classifcation\featus\malignant\513_HC.png,malignant
C:\Users\HishamMo\Desktop\999_cs\Quantum_Inpired_PSO_Classifcation\featus\malignant\513_HC_Annotation.png,malignant
C:\Users\HishamMo\Desktop\999_cs\Quantum_Inpired_PSO_Classifcation\featus\malignant\514_HC.png,malignant
C:\Users\HishamMo\Desktop\999_cs\Quantum_Inpired_PSO_Classifcation\featus\malignant\514_HC_Annotation.png,malignant
C:\Users\HishamMo\Desktop\999_cs\Quantum_Inpired_PSO_Classifcation\featus\malignant\515_HC.png,malignant
C:\Users\HishamMo\Desktop\999_cs\Quantum_Inpired_PSO_Classifcation\featus\malignant\515_HC_Annotation.png,malignant
C:\Users\HishamMo\Desktop\999_cs\Quantum_Inpired_PSO_Classifcation\featus\malignant\516_HC.png,malignant
C:\Users\HishamMo\Desktop\999_cs\Quantum_Inpired_PSO_Classifcation\featus\malignant\516_HC_Annotation.png,malignant
C:\Users\HishamMo\Desktop\999_cs\Quantum_Inpired_PSO_Classifcation\featus\malignant\517_HC.png,malignant
C:\Users\HishamMo\Desktop\999_cs\Quantum_Inpired_PSO_Classifcation\featus\malignant\517_HC_Annotation.png,malignant
C:\Users\HishamMo\Desktop\999_cs\Quantum_Inpired_PSO_Classifcation\featus\malignant\518_HC.png,malignant
C:\Users\HishamMo\Desktop\999_cs\Quantum_Inpired_PSO_Classifcation\featus\malignant\518_HC_Annotation.png,malignant
C:\Users\HishamMo\Desktop\999_cs\Quantum_Inpired_PSO_Classifcation\featus\malignant\519_HC.png,malignant
C:\Users\HishamMo\Desktop\999_cs\Quantum_Inpired_PSO_Classifcation\featus\malignant\519_HC_Annotation.png,malignant
C:\Users\HishamMo\Desktop\999_cs\Quantum_Inpired_PSO_Classifcation\featus\malignant\51_HC.png,malignant
C:\Users\HishamMo\Desktop\999_cs\Quantum_Inpired_PSO_Classifcation\featus\malignant\51_HC_Annotation.png,malignant
C:\Users\HishamMo\Desktop\999_cs\Quantum_Inpired_PSO_Classifcation\featus\malignant\520_HC.png,malignant
C:\Users\HishamMo\Desktop\999_cs\Quantum_Inpired_PSO_Classifcation\featus\malignant\520_HC_Annotation.png,malignant
C:\Users\HishamMo\Desktop\999_cs\Quantum_Inpired_PSO_Classifcation\featus\malignant\521_HC.png,malignant
C:\Users\HishamMo\Desktop\999_cs\Quantum_Inpired_PSO_Classifcation\featus\malignant\521_HC_Annotation.png,malignant
C:\Users\HishamMo\Desktop\999_cs\Quantum_Inpired_PSO_Classifcation\featus\malignant\522_2HC.png,malignant
C:\Users\HishamMo\Desktop\999_cs\Quantum_Inpired_PSO_Classifcation\featus\malignant\522_2HC_Annotation.png,malignant
C:\Users\HishamMo\Desktop\999_cs\Quantum_Inpired_PSO_Classifcation\featus\malignant\523_HC.png,malignant
C:\Users\HishamMo\Desktop\999_cs\Quantum_Inpired_PSO_Classifcation\featus\malignant\523_HC_Annotation.png,malignant
C:\Users\HishamMo\Desktop\999_cs\Quantum_Inpired_PSO_Classifcation\featus\malignant\524_2HC.png,malignant
C:\Users\HishamMo\Desktop\999_cs\Quantum_Inpired_PSO_Classifcation\featus\malignant\524_2HC_Annotation.png,malignant
C:\Users\HishamMo\Desktop\999_cs\Quantum_Inpired_PSO_Classifcation\featus\malignant\525_3HC.png,malignant
C:\Users\HishamMo\Desktop\999_cs\Quantum_Inpired_PSO_Classifcation\featus\malignant\525_3HC_Annotation.png,malignant
C:\Users\HishamMo\Desktop\999_cs\Quantum_Inpired_PSO_Classifcation\featus\malignant\526_4HC.png,malignant
C:\Users\HishamMo\Desktop\999_cs\Quantum_Inpired_PSO_Classifcation\featus\malignant\526_4HC_Annotation.png,malignant
C:\Users\HishamMo\Desktop\999_cs\Quantum_Inpired_PSO_Classifcation\featus\malignant\527_HC.png,malignant
C:\Users\HishamMo\Desktop\999_cs\Quantum_Inpired_PSO_Classifcation\featus\malignant\527_HC_Annotation.png,malignant
C:\Users\HishamMo\Desktop\999_cs\Quantum_Inpired_PSO_Classifcation\featus\malignant\528_HC.png,malignant
C:\Users\HishamMo\Desktop\999_cs\Quantum_Inpired_PSO_Classifcation\featus\malignant\528_HC_Annotation.png,malignant
C:\Users\HishamMo\Desktop\999_cs\Quantum_Inpired_PSO_Classifcation\featus\malignant\529_HC.png,malignant
C:\Users\HishamMo\Desktop\999_cs\Quantum_Inpired_PSO_Classifcation\featus\malignant\529_HC_Annotation.png,malignant
C:\Users\HishamMo\Desktop\999_cs\Quantum_Inpired_PSO_Classifcation\featus\malignant\52_HC.png,malignant
C:\Users\HishamMo\Desktop\999_cs\Quantum_Inpired_PSO_Classifcation\featus\malignant\52_HC_Annotation.png,malignant
C:\Users\HishamMo\Desktop\999_cs\Quantum_Inpired_PSO_Classifcation\featus\malignant\530_HC.png,malignant
C:\Users\HishamMo\Desktop\999_cs\Quantum_Inpired_PSO_Classifcation\featus\malignant\530_HC_Annotation.png,malignant
C:\Users\HishamMo\Desktop\999_cs\Quantum_Inpired_PSO_Classifcation\featus\malignant\531_HC.png,malignant
C:\Users\HishamMo\Desktop\999_cs\Quantum_Inpired_PSO_Classifcation\featus\malignant\531_HC_Annotation.png,malignant
C:\Users\HishamMo\Desktop\999_cs\Quantum_Inpired_PSO_Classifcation\featus\malignant\532_2HC.png,malignant
C:\Users\HishamMo\Desktop\999_cs\Quantum_Inpired_PSO_Classifcation\featus\malignant\532_2HC_Annotation.png,malignant
C:\Users\HishamMo\Desktop\999_cs\Quantum_Inpired_PSO_Classifcation\featus\malignant\533_HC.png,malignant
C:\Users\HishamMo\Desktop\999_cs\Quantum_Inpired_PSO_Classifcation\featus\malignant\533_HC_Annotation.png,malignant
C:\Users\HishamMo\Desktop\999_cs\Quantum_Inpired_PSO_Classifcation\featus\malignant\534_HC.png,malignant
C:\Users\HishamMo\Desktop\999_cs\Quantum_Inpired_PSO_Classifcation\featus\malignant\534_HC_Annotation.png,malignant
C:\Users\HishamMo\Desktop\999_cs\Quantum_Inpired_PSO_Classifcation\featus\malignant\535_HC.png,malignant
C:\Users\HishamMo\Desktop\999_cs\Quantum_Inpired_PSO_Classifcation\featus\malignant\535_HC_Annotation.png,malignant
C:\Users\HishamMo\Desktop\999_cs\Quantum_Inpired_PSO_Classifcation\featus\malignant\536_2HC.png,malignant
C:\Users\HishamMo\Desktop\999_cs\Quantum_Inpired_PSO_Classifcation\featus\malignant\536_2HC_Annotation.png,malignant
C:\Users\HishamMo\Desktop\999_cs\Quantum_Inpired_PSO_Classifcation\featus\malignant\537_HC.png,malignant
C:\Users\HishamMo\Desktop\999_cs\Quantum_Inpired_PSO_Classifcation\featus\malignant\537_HC_Annotation.png,malignant
C:\Users\HishamMo\Desktop\999_cs\Quantum_Inpired_PSO_Classifcation\featus\malignant\538_HC.png,malignant
C:\Users\HishamMo\Desktop\999_cs\Quantum_Inpired_PSO_Classifcation\featus\malignant\538_HC_Annotation.png,malignant
C:\Users\HishamMo\Desktop\999_cs\Quantum_Inpired_PSO_Classifcation\featus\malignant\539_HC.png,malignant
C:\Users\HishamMo\Desktop\999_cs\Quantum_Inpired_PSO_Classifcation\featus\malignant\539_HC_Annotation.png,malignant
C:\Users\HishamMo\Desktop\999_cs\Quantum_Inpired_PSO_Classifcation\featus\malignant\53_HC.png,malignant
C:\Users\HishamMo\Desktop\999_cs\Quantum_Inpired_PSO_Classifcation\featus\malignant\53_HC_Annotation.png,malignant
C:\Users\HishamMo\Desktop\999_cs\Quantum_Inpired_PSO_Classifcation\featus\malignant\540_2HC.png,malignant
C:\Users\HishamMo\Desktop\999_cs\Quantum_Inpired_PSO_Classifcation\featus\malignant\540_2HC_Annotation.png,malignant
C:\Users\HishamMo\Desktop\999_cs\Quantum_Inpired_PSO_Classifcation\featus\malignant\541_HC.png,malignant
C:\Users\HishamMo\Desktop\999_cs\Quantum_Inpired_PSO_Classifcation\featus\malignant\541_HC_Annotation.png,malignant
C:\Users\HishamMo\Desktop\999_cs\Quantum_Inpired_PSO_Classifcation\featus\malignant\542_HC.png,malignant
C:\Users\HishamMo\Desktop\999_cs\Quantum_Inpired_PSO_Classifcation\featus\malignant\542_HC_Annotation.png,malignant
C:\Users\HishamMo\Desktop\999_cs\Quantum_Inpired_PSO_Classifcation\featus\malignant\543_HC.png,malignant
C:\Users\HishamMo\Desktop\999_cs\Quantum_Inpired_PSO_Classifcation\featus\malignant\543_HC_Annotation.png,malignant
C:\Users\HishamMo\Desktop\999_cs\Quantum_Inpired_PSO_Classifcation\featus\malignant\544_2HC.png,malignant
C:\Users\HishamMo\Desktop\999_cs\Quantum_Inpired_PSO_Classifcation\featus\malignant\544_2HC_Annotation.png,malignant
C:\Users\HishamMo\Desktop\999_cs\Quantum_Inpired_PSO_Classifcation\featus\malignant\545_HC.png,malignant
C:\Users\HishamMo\Desktop\999_cs\Quantum_Inpired_PSO_Classifcation\featus\malignant\545_HC_Annotation.png,malignant
C:\Users\HishamMo\Desktop\999_cs\Quantum_Inpired_PSO_Classifcation\featus\malignant\546_HC.png,malignant
C:\Users\HishamMo\Desktop\999_cs\Quantum_Inpired_PSO_Classifcation\featus\malignant\546_HC_Annotation.png,malignant
C:\Users\HishamMo\Desktop\999_cs\Quantum_Inpired_PSO_Classifcation\featus\malignant\547_HC.png,malignant
C:\Users\HishamMo\Desktop\999_cs\Quantum_Inpired_PSO_Classifcation\featus\malignant\547_HC_Annotation.png,malignant
C:\Users\HishamMo\Desktop\999_cs\Quantum_Inpired_PSO_Classifcation\featus\malignant\548_HC.png,malignant
C:\Users\HishamMo\Desktop\999_cs\Quantum_Inpired_PSO_Classifcation\featus\malignant\548_HC_Annotation.png,malignant
C:\Users\HishamMo\Desktop\999_cs\Quantum_Inpired_PSO_Classifcation\featus\malignant\549_2HC.png,malignant
C:\Users\HishamMo\Desktop\999_cs\Quantum_Inpired_PSO_Classifcation\featus\malignant\549_2HC_Annotation.png,malignant
C:\Users\HishamMo\Desktop\999_cs\Quantum_Inpired_PSO_Classifcation\featus\malignant\54_HC.png,malignant
C:\Users\HishamMo\Desktop\999_cs\Quantum_Inpired_PSO_Classifcation\featus\malignant\54_HC_Annotation.png,malignant
C:\Users\HishamMo\Desktop\999_cs\Quantum_Inpired_PSO_Classifcation\featus\malignant\550_HC.png,malignant
C:\Users\HishamMo\Desktop\999_cs\Quantum_Inpired_PSO_Classifcation\featus\malignant\550_HC_Annotation.png,malignant
C:\Users\HishamMo\Desktop\999_cs\Quantum_Inpired_PSO_Classifcation\featus\malignant\551_HC.png,malignant
C:\Users\HishamMo\Desktop\999_cs\Quantum_Inpired_PSO_Classifcation\featus\malignant\551_HC_Annotation.png,malignant
C:\Users\HishamMo\Desktop\999_cs\Quantum_Inpired_PSO_Classifcation\featus\malignant\552_HC.png,malignant
C:\Users\HishamMo\Desktop\999_cs\Quantum_Inpired_PSO_Classifcation\featus\malignant\552_HC_Annotation.png,malignant
C:\Users\HishamMo\Desktop\999_cs\Quantum_Inpired_PSO_Classifcation\featus\malignant\553_HC.png,malignant
C:\Users\HishamMo\Desktop\999_cs\Quantum_Inpired_PSO_Classifcation\featus\malignant\553_HC_Annotation.png,malignant
C:\Users\HishamMo\Desktop\999_cs\Quantum_Inpired_PSO_Classifcation\featus\malignant\554_HC.png,malignant
C:\Users\HishamMo\Desktop\999_cs\Quantum_Inpired_PSO_Classifcation\featus\malignant\554_HC_Annotation.png,malignant
C:\Users\HishamMo\Desktop\999_cs\Quantum_Inpired_PSO_Classifcation\featus\malignant\555_HC.png,malignant
C:\Users\HishamMo\Desktop\999_cs\Quantum_Inpired_PSO_Classifcation\featus\malignant\555_HC_Annotation.png,malignant
C:\Users\HishamMo\Desktop\999_cs\Quantum_Inpired_PSO_Classifcation\featus\malignant\556_HC.png,malignant
C:\Users\HishamMo\Desktop\999_cs\Quantum_Inpired_PSO_Classifcation\featus\malignant\556_HC_Annotation.png,malignant
C:\Users\HishamMo\Desktop\999_cs\Quantum_Inpired_PSO_Classifcation\featus\malignant\557_HC.png,malignant
C:\Users\HishamMo\Desktop\999_cs\Quantum_Inpired_PSO_Classifcation\featus\malignant\557_HC_Annotation.png,malignant
C:\Users\HishamMo\Desktop\999_cs\Quantum_Inpired_PSO_Classifcation\featus\malignant\558_HC.png,malignant
C:\Users\HishamMo\Desktop\999_cs\Quantum_Inpired_PSO_Classifcation\featus\malignant\558_HC_Annotation.png,malignant
C:\Users\HishamMo\Desktop\999_cs\Quantum_Inpired_PSO_Classifcation\featus\malignant\559_2HC.png,malignant
C:\Users\HishamMo\Desktop\999_cs\Quantum_Inpired_PSO_Classifcation\featus\malignant\559_2HC_Annotation.png,malignant
C:\Users\HishamMo\Desktop\999_cs\Quantum_Inpired_PSO_Classifcation\featus\malignant\55_HC.png,malignant
C:\Users\HishamMo\Desktop\999_cs\Quantum_Inpired_PSO_Classifcation\featus\malignant\55_HC_Annotation.png,malignant
C:\Users\HishamMo\Desktop\999_cs\Quantum_Inpired_PSO_Classifcation\featus\malignant\560_HC.png,malignant
C:\Users\HishamMo\Desktop\999_cs\Quantum_Inpired_PSO_Classifcation\featus\malignant\560_HC_Annotation.png,malignant
C:\Users\HishamMo\Desktop\999_cs\Quantum_Inpired_PSO_Classifcation\featus\malignant\561_HC.png,malignant
C:\Users\HishamMo\Desktop\999_cs\Quantum_Inpired_PSO_Classifcation\featus\malignant\561_HC_Annotation.png,malignant
C:\Users\HishamMo\Desktop\999_cs\Quantum_Inpired_PSO_Classifcation\featus\malignant\562_HC.png,malignant
C:\Users\HishamMo\Desktop\999_cs\Quantum_Inpired_PSO_Classifcation\featus\malignant\562_HC_Annotation.png,malignant
C:\Users\HishamMo\Desktop\999_cs\Quantum_Inpired_PSO_Classifcation\featus\malignant\563_HC.png,malignant
C:\Users\HishamMo\Desktop\999_cs\Quantum_Inpired_PSO_Classifcation\featus\malignant\563_HC_Annotation.png,malignant
C:\Users\HishamMo\Desktop\999_cs\Quantum_Inpired_PSO_Classifcation\featus\malignant\564_2HC.png,malignant
C:\Users\HishamMo\Desktop\999_cs\Quantum_Inpired_PSO_Classifcation\featus\malignant\564_2HC_Annotation.png,malignant
C:\Users\HishamMo\Desktop\999_cs\Quantum_Inpired_PSO_Classifcation\featus\malignant\565_HC.png,malignant
C:\Users\HishamMo\Desktop\999_cs\Quantum_Inpired_PSO_Classifcation\featus\malignant\565_HC_Annotation.png,malignant
C:\Users\HishamMo\Desktop\999_cs\Quantum_Inpired_PSO_Classifcation\featus\malignant\566_HC.png,malignant
C:\Users\HishamMo\Desktop\999_cs\Quantum_Inpired_PSO_Classifcation\featus\malignant\566_HC_Annotation.png,malignant
C:\Users\HishamMo\Desktop\999_cs\Quantum_Inpired_PSO_Classifcation\featus\malignant\567_HC.png,malignant
C:\Users\HishamMo\Desktop\999_cs\Quantum_Inpired_PSO_Classifcation\featus\malignant\567_HC_Annotation.png,malignant
C:\Users\HishamMo\Desktop\999_cs\Quantum_Inpired_PSO_Classifcation\featus\malignant\568_HC.png,malignant
C:\Users\HishamMo\Desktop\999_cs\Quantum_Inpired_PSO_Classifcation\featus\malignant\568_HC_Annotation.png,malignant
C:\Users\HishamMo\Desktop\999_cs\Quantum_Inpired_PSO_Classifcation\featus\malignant\569_HC.png,malignant
C:\Users\HishamMo\Desktop\999_cs\Quantum_Inpired_PSO_Classifcation\featus\malignant\569_HC_Annotation.png,malignant
C:\Users\HishamMo\Desktop\999_cs\Quantum_Inpired_PSO_Classifcation\featus\malignant\56_HC.png,malignant
C:\Users\HishamMo\Desktop\999_cs\Quantum_Inpired_PSO_Classifcation\featus\malignant\56_HC_Annotation.png,malignant
C:\Users\HishamMo\Desktop\999_cs\Quantum_Inpired_PSO_Classifcation\featus\malignant\570_2HC.png,malignant
C:\Users\HishamMo\Desktop\999_cs\Quantum_Inpired_PSO_Classifcation\featus\malignant\570_2HC_Annotation.png,malignant
C:\Users\HishamMo\Desktop\999_cs\Quantum_Inpired_PSO_Classifcation\featus\malignant\571_HC.png,malignant
C:\Users\HishamMo\Desktop\999_cs\Quantum_Inpired_PSO_Classifcation\featus\malignant\571_HC_Annotation.png,malignant
C:\Users\HishamMo\Desktop\999_cs\Quantum_Inpired_PSO_Classifcation\featus\malignant\572_HC.png,malignant
C:\Users\HishamMo\Desktop\999_cs\Quantum_Inpired_PSO_Classifcation\featus\malignant\572_HC_Annotation.png,malignant
C:\Users\HishamMo\Desktop\999_cs\Quantum_Inpired_PSO_Classifcation\featus\malignant\573_HC.png,malignant
C:\Users\HishamMo\Desktop\999_cs\Quantum_Inpired_PSO_Classifcation\featus\malignant\573_HC_Annotation.png,malignant
C:\Users\HishamMo\Desktop\999_cs\Quantum_Inpired_PSO_Classifcation\featus\malignant\574_HC.png,malignant
C:\Users\HishamMo\Desktop\999_cs\Quantum_Inpired_PSO_Classifcation\featus\malignant\574_HC_Annotation.png,malignant
C:\Users\HishamMo\Desktop\999_cs\Quantum_Inpired_PSO_Classifcation\featus\malignant\575_HC.png,malignant
C:\Users\HishamMo\Desktop\999_cs\Quantum_Inpired_PSO_Classifcation\featus\malignant\575_HC_Annotation.png,malignant
C:\Users\HishamMo\Desktop\999_cs\Quantum_Inpired_PSO_Classifcation\featus\malignant\576_HC.png,malignant
C:\Users\HishamMo\Desktop\999_cs\Quantum_Inpired_PSO_Classifcation\featus\malignant\576_HC_Annotation.png,malignant
C:\Users\HishamMo\Desktop\999_cs\Quantum_Inpired_PSO_Classifcation\featus\malignant\577_2HC.png,malignant
C:\Users\HishamMo\Desktop\999_cs\Quantum_Inpired_PSO_Classifcation\featus\malignant\577_2HC_Annotation.png,malignant
C:\Users\HishamMo\Desktop\999_cs\Quantum_Inpired_PSO_Classifcation\featus\malignant\578_HC.png,malignant
C:\Users\HishamMo\Desktop\999_cs\Quantum_Inpired_PSO_Classifcation\featus\malignant\578_HC_Annotation.png,malignant
C:\Users\HishamMo\Desktop\999_cs\Quantum_Inpired_PSO_Classifcation\featus\malignant\579_2HC.png,malignant
C:\Users\HishamMo\Desktop\999_cs\Quantum_Inpired_PSO_Classifcation\featus\malignant\579_2HC_Annotation.png,malignant
C:\Users\HishamMo\Desktop\999_cs\Quantum_Inpired_PSO_Classifcation\featus\malignant\57_HC.png,malignant
C:\Users\HishamMo\Desktop\999_cs\Quantum_Inpired_PSO_Classifcation\featus\malignant\57_HC_Annotation.png,malignant
C:\Users\HishamMo\Desktop\999_cs\Quantum_Inpired_PSO_Classifcation\featus\malignant\580_HC.png,malignant
C:\Users\HishamMo\Desktop\999_cs\Quantum_Inpired_PSO_Classifcation\featus\malignant\580_HC_Annotation.png,malignant
C:\Users\HishamMo\Desktop\999_cs\Quantum_Inpired_PSO_Classifcation\featus\malignant\581_HC.png,malignant
C:\Users\HishamMo\Desktop\999_cs\Quantum_Inpired_PSO_Classifcation\featus\malignant\581_HC_Annotation.png,malignant
C:\Users\HishamMo\Desktop\999_cs\Quantum_Inpired_PSO_Classifcation\featus\malignant\582_2HC.png,malignant
C:\Users\HishamMo\Desktop\999_cs\Quantum_Inpired_PSO_Classifcation\featus\malignant\582_2HC_Annotation.png,malignant
C:\Users\HishamMo\Desktop\999_cs\Quantum_Inpired_PSO_Classifcation\featus\malignant\583_HC.png,malignant
C:\Users\HishamMo\Desktop\999_cs\Quantum_Inpired_PSO_Classifcation\featus\malignant\583_HC_Annotation.png,malignant
C:\Users\HishamMo\Desktop\999_cs\Quantum_Inpired_PSO_Classifcation\featus\malignant\584_HC.png,malignant
C:\Users\HishamMo\Desktop\999_cs\Quantum_Inpired_PSO_Classifcation\featus\malignant\584_HC_Annotation.png,malignant
C:\Users\HishamMo\Desktop\999_cs\Quantum_Inpired_PSO_Classifcation\featus\malignant\585_HC.png,malignant
C:\Users\HishamMo\Desktop\999_cs\Quantum_Inpired_PSO_Classifcation\featus\malignant\585_HC_Annotation.png,malignant
C:\Users\HishamMo\Desktop\999_cs\Quantum_Inpired_PSO_Classifcation\featus\malignant\586_HC.png,malignant
C:\Users\HishamMo\Desktop\999_cs\Quantum_Inpired_PSO_Classifcation\featus\malignant\586_HC_Annotation.png,malignant
C:\Users\HishamMo\Desktop\999_cs\Quantum_Inpired_PSO_Classifcation\featus\malignant\587_HC.png,malignant
C:\Users\HishamMo\Desktop\999_cs\Quantum_Inpired_PSO_Classifcation\featus\malignant\587_HC_Annotation.png,malignant
C:\Users\HishamMo\Desktop\999_cs\Quantum_Inpired_PSO_Classifcation\featus\malignant\588_HC.png,malignant
C:\Users\HishamMo\Desktop\999_cs\Quantum_Inpired_PSO_Classifcation\featus\malignant\588_HC_Annotation.png,malignant
C:\Users\HishamMo\Desktop\999_cs\Quantum_Inpired_PSO_Classifcation\featus\malignant\589_HC.png,malignant
C:\Users\HishamMo\Desktop\999_cs\Quantum_Inpired_PSO_Classifcation\featus\malignant\589_HC_Annotation.png,malignant
C:\Users\HishamMo\Desktop\999_cs\Quantum_Inpired_PSO_Classifcation\featus\malignant\58_HC.png,malignant
C:\Users\HishamMo\Desktop\999_cs\Quantum_Inpired_PSO_Classifcation\featus\malignant\58_HC_Annotation.png,malignant
C:\Users\HishamMo\Desktop\999_cs\Quantum_Inpired_PSO_Classifcation\featus\malignant\590_HC.png,malignant
C:\Users\HishamMo\Desktop\999_cs\Quantum_Inpired_PSO_Classifcation\featus\malignant\590_HC_Annotation.png,malignant
C:\Users\HishamMo\Desktop\999_cs\Quantum_Inpired_PSO_Classifcation\featus\malignant\591_2HC.png,malignant
C:\Users\HishamMo\Desktop\999_cs\Quantum_Inpired_PSO_Classifcation\featus\malignant\591_2HC_Annotation.png,malignant
C:\Users\HishamMo\Desktop\999_cs\Quantum_Inpired_PSO_Classifcation\featus\malignant\592_HC.png,malignant
C:\Users\HishamMo\Desktop\999_cs\Quantum_Inpired_PSO_Classifcation\featus\malignant\592_HC_Annotation.png,malignant
C:\Users\HishamMo\Desktop\999_cs\Quantum_Inpired_PSO_Classifcation\featus\malignant\593_HC.png,malignant
C:\Users\HishamMo\Desktop\999_cs\Quantum_Inpired_PSO_Classifcation\featus\malignant\593_HC_Annotation.png,malignant
C:\Users\HishamMo\Desktop\999_cs\Quantum_Inpired_PSO_Classifcation\featus\malignant\594_HC.png,malignant
C:\Users\HishamMo\Desktop\999_cs\Quantum_Inpired_PSO_Classifcation\featus\malignant\594_HC_Annotation.png,malignant
C:\Users\HishamMo\Desktop\999_cs\Quantum_Inpired_PSO_Classifcation\featus\malignant\595_2HC.png,malignant
C:\Users\HishamMo\Desktop\999_cs\Quantum_Inpired_PSO_Classifcation\featus\malignant\595_2HC_Annotation.png,malignant
C:\Users\HishamMo\Desktop\999_cs\Quantum_Inpired_PSO_Classifcation\featus\malignant\596_3HC.png,malignant
C:\Users\HishamMo\Desktop\999_cs\Quantum_Inpired_PSO_Classifcation\featus\malignant\596_3HC_Annotation.png,malignant
C:\Users\HishamMo\Desktop\999_cs\Quantum_Inpired_PSO_Classifcation\featus\malignant\597_HC.png,malignant
C:\Users\HishamMo\Desktop\999_cs\Quantum_Inpired_PSO_Classifcation\featus\malignant\597_HC_Annotation.png,malignant
C:\Users\HishamMo\Desktop\999_cs\Quantum_Inpired_PSO_Classifcation\featus\malignant\598_2HC.png,malignant
C:\Users\HishamMo\Desktop\999_cs\Quantum_Inpired_PSO_Classifcation\featus\malignant\598_2HC_Annotation.png,malignant
C:\Users\HishamMo\Desktop\999_cs\Quantum_Inpired_PSO_Classifcation\featus\malignant\599_HC.png,malignant
C:\Users\HishamMo\Desktop\999_cs\Quantum_Inpired_PSO_Classifcation\featus\malignant\599_HC_Annotation.png,malignant
C:\Users\HishamMo\Desktop\999_cs\Quantum_Inpired_PSO_Classifcation\featus\malignant\59_HC.png,malignant
C:\Users\HishamMo\Desktop\999_cs\Quantum_Inpired_PSO_Classifcation\featus\malignant\59_HC_Annotation.png,malignant
C:\Users\HishamMo\Desktop\999_cs\Quantum_Inpired_PSO_Classifcation\featus\malignant\5_HC.png,malignant
C:\Users\HishamMo\Desktop\999_cs\Quantum_Inpired_PSO_Classifcation\featus\malignant\5_HC_Annotation.png,malignant
C:\Users\HishamMo\Desktop\999_cs\Quantum_Inpired_PSO_Classifcation\featus\malignant\600_HC.png,malignant
C:\Users\HishamMo\Desktop\999_cs\Quantum_Inpired_PSO_Classifcation\featus\malignant\600_HC_Annotation.png,malignant
C:\Users\HishamMo\Desktop\999_cs\Quantum_Inpired_PSO_Classifcation\featus\malignant\601_HC.png,malignant
C:\Users\HishamMo\Desktop\999_cs\Quantum_Inpired_PSO_Classifcation\featus\malignant\601_HC_Annotation.png,malignant
C:\Users\HishamMo\Desktop\999_cs\Quantum_Inpired_PSO_Classifcation\featus\malignant\602_2HC.png,malignant
C:\Users\HishamMo\Desktop\999_cs\Quantum_Inpired_PSO_Classifcation\featus\malignant\602_2HC_Annotation.png,malignant
C:\Users\HishamMo\Desktop\999_cs\Quantum_Inpired_PSO_Classifcation\featus\malignant\603_HC.png,malignant
C:\Users\HishamMo\Desktop\999_cs\Quantum_Inpired_PSO_Classifcation\featus\malignant\603_HC_Annotation.png,malignant
C:\Users\HishamMo\Desktop\999_cs\Quantum_Inpired_PSO_Classifcation\featus\malignant\604_HC.png,malignant
C:\Users\HishamMo\Desktop\999_cs\Quantum_Inpired_PSO_Classifcation\featus\malignant\604_HC_Annotation.png,malignant
C:\Users\HishamMo\Desktop\999_cs\Quantum_Inpired_PSO_Classifcation\featus\malignant\605_HC.png,malignant
C:\Users\HishamMo\Desktop\999_cs\Quantum_Inpired_PSO_Classifcation\featus\malignant\605_HC_Annotation.png,malignant
C:\Users\HishamMo\Desktop\999_cs\Quantum_Inpired_PSO_Classifcation\featus\malignant\606_HC.png,malignant
C:\Users\HishamMo\Desktop\999_cs\Quantum_Inpired_PSO_Classifcation\featus\malignant\606_HC_Annotation.png,malignant
C:\Users\HishamMo\Desktop\999_cs\Quantum_Inpired_PSO_Classifcation\featus\malignant\607_2HC.png,malignant
C:\Users\HishamMo\Desktop\999_cs\Quantum_Inpired_PSO_Classifcation\featus\malignant\607_2HC_Annotation.png,malignant
C:\Users\HishamMo\Desktop\999_cs\Quantum_Inpired_PSO_Classifcation\featus\malignant\608_HC.png,malignant
C:\Users\HishamMo\Desktop\999_cs\Quantum_Inpired_PSO_Classifcation\featus\malignant\608_HC_Annotation.png,malignant
C:\Users\HishamMo\Desktop\999_cs\Quantum_Inpired_PSO_Classifcation\featus\malignant\609_HC.png,malignant
C:\Users\HishamMo\Desktop\999_cs\Quantum_Inpired_PSO_Classifcation\featus\malignant\609_HC_Annotation.png,malignant
C:\Users\HishamMo\Desktop\999_cs\Quantum_Inpired_PSO_Classifcation\featus\malignant\60_HC.png,malignant
C:\Users\HishamMo\Desktop\999_cs\Quantum_Inpired_PSO_Classifcation\featus\malignant\60_HC_Annotation.png,malignant
C:\Users\HishamMo\Desktop\999_cs\Quantum_Inpired_PSO_Classifcation\featus\malignant\610_HC.png,malignant
C:\Users\HishamMo\Desktop\999_cs\Quantum_Inpired_PSO_Classifcation\featus\malignant\610_HC_Annotation.png,malignant
C:\Users\HishamMo\Desktop\999_cs\Quantum_Inpired_PSO_Classifcation\featus\malignant\611_HC.png,malignant
C:\Users\HishamMo\Desktop\999_cs\Quantum_Inpired_PSO_Classifcation\featus\malignant\611_HC_Annotation.png,malignant
C:\Users\HishamMo\Desktop\999_cs\Quantum_Inpired_PSO_Classifcation\featus\malignant\612_HC.png,malignant
C:\Users\HishamMo\Desktop\999_cs\Quantum_Inpired_PSO_Classifcation\featus\malignant\612_HC_Annotation.png,malignant
C:\Users\HishamMo\Desktop\999_cs\Quantum_Inpired_PSO_Classifcation\featus\malignant\613_2HC.png,malignant
C:\Users\HishamMo\Desktop\999_cs\Quantum_Inpired_PSO_Classifcation\featus\malignant\613_2HC_Annotation.png,malignant
C:\Users\HishamMo\Desktop\999_cs\Quantum_Inpired_PSO_Classifcation\featus\malignant\614_3HC.png,malignant
C:\Users\HishamMo\Desktop\999_cs\Quantum_Inpired_PSO_Classifcation\featus\malignant\614_3HC_Annotation.png,malignant
C:\Users\HishamMo\Desktop\999_cs\Quantum_Inpired_PSO_Classifcation\featus\malignant\615_4HC.png,malignant
C:\Users\HishamMo\Desktop\999_cs\Quantum_Inpired_PSO_Classifcation\featus\malignant\615_4HC_Annotation.png,malignant
C:\Users\HishamMo\Desktop\999_cs\Quantum_Inpired_PSO_Classifcation\featus\malignant\616_HC.png,malignant
C:\Users\HishamMo\Desktop\999_cs\Quantum_Inpired_PSO_Classifcation\featus\malignant\616_HC_Annotation.png,malignant
C:\Users\HishamMo\Desktop\999_cs\Quantum_Inpired_PSO_Classifcation\featus\malignant\617_HC.png,malignant
C:\Users\HishamMo\Desktop\999_cs\Quantum_Inpired_PSO_Classifcation\featus\malignant\617_HC_Annotation.png,malignant
C:\Users\HishamMo\Desktop\999_cs\Quantum_Inpired_PSO_Classifcation\featus\malignant\618_HC.png,malignant
C:\Users\HishamMo\Desktop\999_cs\Quantum_Inpired_PSO_Classifcation\featus\malignant\618_HC_Annotation.png,malignant
C:\Users\HishamMo\Desktop\999_cs\Quantum_Inpired_PSO_Classifcation\featus\malignant\619_HC.png,malignant
C:\Users\HishamMo\Desktop\999_cs\Quantum_Inpired_PSO_Classifcation\featus\malignant\619_HC_Annotation.png,malignant
C:\Users\HishamMo\Desktop\999_cs\Quantum_Inpired_PSO_Classifcation\featus\malignant\61_2HC.png,malignant
C:\Users\HishamMo\Desktop\999_cs\Quantum_Inpired_PSO_Classifcation\featus\malignant\61_2HC_Annotation.png,malignant
C:\Users\HishamMo\Desktop\999_cs\Quantum_Inpired_PSO_Classifcation\featus\malignant\620_2HC.png,malignant
C:\Users\HishamMo\Desktop\999_cs\Quantum_Inpired_PSO_Classifcation\featus\malignant\620_2HC_Annotation.png,malignant
C:\Users\HishamMo\Desktop\999_cs\Quantum_Inpired_PSO_Classifcation\featus\malignant\621_HC.png,malignant
C:\Users\HishamMo\Desktop\999_cs\Quantum_Inpired_PSO_Classifcation\featus\malignant\621_HC_Annotation.png,malignant
C:\Users\HishamMo\Desktop\999_cs\Quantum_Inpired_PSO_Classifcation\featus\malignant\622_HC.png,malignant
C:\Users\HishamMo\Desktop\999_cs\Quantum_Inpired_PSO_Classifcation\featus\malignant\622_HC_Annotation.png,malignant
C:\Users\HishamMo\Desktop\999_cs\Quantum_Inpired_PSO_Classifcation\featus\malignant\623_HC.png,malignant
C:\Users\HishamMo\Desktop\999_cs\Quantum_Inpired_PSO_Classifcation\featus\malignant\623_HC_Annotation.png,malignant
C:\Users\HishamMo\Desktop\999_cs\Quantum_Inpired_PSO_Classifcation\featus\malignant\624_HC.png,malignant
C:\Users\HishamMo\Desktop\999_cs\Quantum_Inpired_PSO_Classifcation\featus\malignant\624_HC_Annotation.png,malignant
C:\Users\HishamMo\Desktop\999_cs\Quantum_Inpired_PSO_Classifcation\featus\malignant\625_HC.png,malignant
C:\Users\HishamMo\Desktop\999_cs\Quantum_Inpired_PSO_Classifcation\featus\malignant\625_HC_Annotation.png,malignant
C:\Users\HishamMo\Desktop\999_cs\Quantum_Inpired_PSO_Classifcation\featus\malignant\626_HC.png,malignant
C:\Users\HishamMo\Desktop\999_cs\Quantum_Inpired_PSO_Classifcation\featus\malignant\626_HC_Annotation.png,malignant
C:\Users\HishamMo\Desktop\999_cs\Quantum_Inpired_PSO_Classifcation\featus\malignant\627_2HC.png,malignant
C:\Users\HishamMo\Desktop\999_cs\Quantum_Inpired_PSO_Classifcation\featus\malignant\627_2HC_Annotation.png,malignant
C:\Users\HishamMo\Desktop\999_cs\Quantum_Inpired_PSO_Classifcation\featus\malignant\628_HC.png,malignant
C:\Users\HishamMo\Desktop\999_cs\Quantum_Inpired_PSO_Classifcation\featus\malignant\628_HC_Annotation.png,malignant
C:\Users\HishamMo\Desktop\999_cs\Quantum_Inpired_PSO_Classifcation\featus\malignant\629_2HC.png,malignant
C:\Users\HishamMo\Desktop\999_cs\Quantum_Inpired_PSO_Classifcation\featus\malignant\629_2HC_Annotation.png,malignant
C:\Users\HishamMo\Desktop\999_cs\Quantum_Inpired_PSO_Classifcation\featus\malignant\62_HC.png,malignant
C:\Users\HishamMo\Desktop\999_cs\Quantum_Inpired_PSO_Classifcation\featus\malignant\62_HC_Annotation.png,malignant
C:\Users\HishamMo\Desktop\999_cs\Quantum_Inpired_PSO_Classifcation\featus\malignant\630_HC.png,malignant
C:\Users\HishamMo\Desktop\999_cs\Quantum_Inpired_PSO_Classifcation\featus\malignant\630_HC_Annotation.png,malignant
C:\Users\HishamMo\Desktop\999_cs\Quantum_Inpired_PSO_Classifcation\featus\malignant\631_HC.png,malignant
C:\Users\HishamMo\Desktop\999_cs\Quantum_Inpired_PSO_Classifcation\featus\malignant\631_HC_Annotation.png,malignant
C:\Users\HishamMo\Desktop\999_cs\Quantum_Inpired_PSO_Classifcation\featus\malignant\632_HC.png,malignant
C:\Users\HishamMo\Desktop\999_cs\Quantum_Inpired_PSO_Classifcation\featus\malignant\632_HC_Annotation.png,malignant
C:\Users\HishamMo\Desktop\999_cs\Quantum_Inpired_PSO_Classifcation\featus\malignant\633_HC.png,malignant
C:\Users\HishamMo\Desktop\999_cs\Quantum_Inpired_PSO_Classifcation\featus\malignant\633_HC_Annotation.png,malignant
C:\Users\HishamMo\Desktop\999_cs\Quantum_Inpired_PSO_Classifcation\featus\malignant\634_HC.png,malignant
C:\Users\HishamMo\Desktop\999_cs\Quantum_Inpired_PSO_Classifcation\featus\malignant\634_HC_Annotation.png,malignant
C:\Users\HishamMo\Desktop\999_cs\Quantum_Inpired_PSO_Classifcation\featus\malignant\635_HC.png,malignant
C:\Users\HishamMo\Desktop\999_cs\Quantum_Inpired_PSO_Classifcation\featus\malignant\635_HC_Annotation.png,malignant
C:\Users\HishamMo\Desktop\999_cs\Quantum_Inpired_PSO_Classifcation\featus\malignant\636_HC.png,malignant
C:\Users\HishamMo\Desktop\999_cs\Quantum_Inpired_PSO_Classifcation\featus\malignant\636_HC_Annotation.png,malignant
C:\Users\HishamMo\Desktop\999_cs\Quantum_Inpired_PSO_Classifcation\featus\malignant\637_HC.png,malignant
C:\Users\HishamMo\Desktop\999_cs\Quantum_Inpired_PSO_Classifcation\featus\malignant\637_HC_Annotation.png,malignant
C:\Users\HishamMo\Desktop\999_cs\Quantum_Inpired_PSO_Classifcation\featus\malignant\638_HC.png,malignant
C:\Users\HishamMo\Desktop\999_cs\Quantum_Inpired_PSO_Classifcation\featus\malignant\638_HC_Annotation.png,malignant
C:\Users\HishamMo\Desktop\999_cs\Quantum_Inpired_PSO_Classifcation\featus\malignant\639_HC.png,malignant
C:\Users\HishamMo\Desktop\999_cs\Quantum_Inpired_PSO_Classifcation\featus\malignant\639_HC_Annotation.png,malignant
C:\Users\HishamMo\Desktop\999_cs\Quantum_Inpired_PSO_Classifcation\featus\malignant\63_HC.png,malignant
C:\Users\HishamMo\Desktop\999_cs\Quantum_Inpired_PSO_Classifcation\featus\malignant\63_HC_Annotation.png,malignant
C:\Users\HishamMo\Desktop\999_cs\Quantum_Inpired_PSO_Classifcation\featus\malignant\640_HC.png,malignant
C:\Users\HishamMo\Desktop\999_cs\Quantum_Inpired_PSO_Classifcation\featus\malignant\640_HC_Annotation.png,malignant
C:\Users\HishamMo\Desktop\999_cs\Quantum_Inpired_PSO_Classifcation\featus\malignant\641_HC.png,malignant
C:\Users\HishamMo\Desktop\999_cs\Quantum_Inpired_PSO_Classifcation\featus\malignant\641_HC_Annotation.png,malignant
C:\Users\HishamMo\Desktop\999_cs\Quantum_Inpired_PSO_Classifcation\featus\malignant\642_HC.png,malignant
C:\Users\HishamMo\Desktop\999_cs\Quantum_Inpired_PSO_Classifcation\featus\malignant\642_HC_Annotation.png,malignant
C:\Users\HishamMo\Desktop\999_cs\Quantum_Inpired_PSO_Classifcation\featus\malignant\643_HC.png,malignant
C:\Users\HishamMo\Desktop\999_cs\Quantum_Inpired_PSO_Classifcation\featus\malignant\643_HC_Annotation.png,malignant
C:\Users\HishamMo\Desktop\999_cs\Quantum_Inpired_PSO_Classifcation\featus\malignant\644_HC.png,malignant
C:\Users\HishamMo\Desktop\999_cs\Quantum_Inpired_PSO_Classifcation\featus\malignant\644_HC_Annotation.png,malignant
C:\Users\HishamMo\Desktop\999_cs\Quantum_Inpired_PSO_Classifcation\featus\malignant\645_HC.png,malignant
C:\Users\HishamMo\Desktop\999_cs\Quantum_Inpired_PSO_Classifcation\featus\malignant\645_HC_Annotation.png,malignant
C:\Users\HishamMo\Desktop\999_cs\Quantum_Inpired_PSO_Classifcation\featus\malignant\646_HC.png,malignant
C:\Users\HishamMo\Desktop\999_cs\Quantum_Inpired_PSO_Classifcation\featus\malignant\646_HC_Annotation.png,malignant
C:\Users\HishamMo\Desktop\999_cs\Quantum_Inpired_PSO_Classifcation\featus\malignant\647_HC.png,malignant
C:\Users\HishamMo\Desktop\999_cs\Quantum_Inpired_PSO_Classifcation\featus\malignant\647_HC_Annotation.png,malignant
C:\Users\HishamMo\Desktop\999_cs\Quantum_Inpired_PSO_Classifcation\featus\malignant\648_HC.png,malignant
C:\Users\HishamMo\Desktop\999_cs\Quantum_Inpired_PSO_Classifcation\featus\malignant\648_HC_Annotation.png,malignant
C:\Users\HishamMo\Desktop\999_cs\Quantum_Inpired_PSO_Classifcation\featus\malignant\649_2HC.png,malignant
C:\Users\HishamMo\Desktop\999_cs\Quantum_Inpired_PSO_Classifcation\featus\malignant\649_2HC_Annotation.png,malignant
C:\Users\HishamMo\Desktop\999_cs\Quantum_Inpired_PSO_Classifcation\featus\malignant\64_HC.png,malignant
C:\Users\HishamMo\Desktop\999_cs\Quantum_Inpired_PSO_Classifcation\featus\malignant\64_HC_Annotation.png,malignant
C:\Users\HishamMo\Desktop\999_cs\Quantum_Inpired_PSO_Classifcation\featus\malignant\650_HC.png,malignant
C:\Users\HishamMo\Desktop\999_cs\Quantum_Inpired_PSO_Classifcation\featus\malignant\650_HC_Annotation.png,malignant
C:\Users\HishamMo\Desktop\999_cs\Quantum_Inpired_PSO_Classifcation\featus\malignant\651_HC.png,malignant
C:\Users\HishamMo\Desktop\999_cs\Quantum_Inpired_PSO_Classifcation\featus\malignant\651_HC_Annotation.png,malignant
C:\Users\HishamMo\Desktop\999_cs\Quantum_Inpired_PSO_Classifcation\featus\malignant\652_HC.png,malignant
C:\Users\HishamMo\Desktop\999_cs\Quantum_Inpired_PSO_Classifcation\featus\malignant\652_HC_Annotation.png,malignant
C:\Users\HishamMo\Desktop\999_cs\Quantum_Inpired_PSO_Classifcation\featus\malignant\653_HC.png,malignant
C:\Users\HishamMo\Desktop\999_cs\Quantum_Inpired_PSO_Classifcation\featus\malignant\653_HC_Annotation.png,malignant
C:\Users\HishamMo\Desktop\999_cs\Quantum_Inpired_PSO_Classifcation\featus\malignant\654_HC.png,malignant
C:\Users\HishamMo\Desktop\999_cs\Quantum_Inpired_PSO_Classifcation\featus\malignant\654_HC_Annotation.png,malignant
C:\Users\HishamMo\Desktop\999_cs\Quantum_Inpired_PSO_Classifcation\featus\malignant\655_2HC.png,malignant
C:\Users\HishamMo\Desktop\999_cs\Quantum_Inpired_PSO_Classifcation\featus\malignant\655_2HC_Annotation.png,malignant
C:\Users\HishamMo\Desktop\999_cs\Quantum_Inpired_PSO_Classifcation\featus\malignant\656_HC.png,malignant
C:\Users\HishamMo\Desktop\999_cs\Quantum_Inpired_PSO_Classifcation\featus\malignant\656_HC_Annotation.png,malignant
C:\Users\HishamMo\Desktop\999_cs\Quantum_Inpired_PSO_Classifcation\featus\malignant\657_2HC.png,malignant
C:\Users\HishamMo\Desktop\999_cs\Quantum_Inpired_PSO_Classifcation\featus\malignant\657_2HC_Annotation.png,malignant
C:\Users\HishamMo\Desktop\999_cs\Quantum_Inpired_PSO_Classifcation\featus\malignant\658_HC.png,malignant
C:\Users\HishamMo\Desktop\999_cs\Quantum_Inpired_PSO_Classifcation\featus\malignant\658_HC_Annotation.png,malignant
C:\Users\HishamMo\Desktop\999_cs\Quantum_Inpired_PSO_Classifcation\featus\malignant\659_HC.png,malignant
C:\Users\HishamMo\Desktop\999_cs\Quantum_Inpired_PSO_Classifcation\featus\malignant\659_HC_Annotation.png,malignant
C:\Users\HishamMo\Desktop\999_cs\Quantum_Inpired_PSO_Classifcation\featus\malignant\65_HC.png,malignant
C:\Users\HishamMo\Desktop\999_cs\Quantum_Inpired_PSO_Classifcation\featus\malignant\65_HC_Annotation.png,malignant
C:\Users\HishamMo\Desktop\999_cs\Quantum_Inpired_PSO_Classifcation\featus\malignant\660_HC.png,malignant
C:\Users\HishamMo\Desktop\999_cs\Quantum_Inpired_PSO_Classifcation\featus\malignant\660_HC_Annotation.png,malignant
C:\Users\HishamMo\Desktop\999_cs\Quantum_Inpired_PSO_Classifcation\featus\malignant\661_HC.png,malignant
C:\Users\HishamMo\Desktop\999_cs\Quantum_Inpired_PSO_Classifcation\featus\malignant\661_HC_Annotation.png,malignant
C:\Users\HishamMo\Desktop\999_cs\Quantum_Inpired_PSO_Classifcation\featus\malignant\662_HC.png,malignant
C:\Users\HishamMo\Desktop\999_cs\Quantum_Inpired_PSO_Classifcation\featus\malignant\662_HC_Annotation.png,malignant
C:\Users\HishamMo\Desktop\999_cs\Quantum_Inpired_PSO_Classifcation\featus\malignant\663_HC.png,malignant
C:\Users\HishamMo\Desktop\999_cs\Quantum_Inpired_PSO_Classifcation\featus\malignant\663_HC_Annotation.png,malignant
C:\Users\HishamMo\Desktop\999_cs\Quantum_Inpired_PSO_Classifcation\featus\malignant\664_HC.png,malignant
C:\Users\HishamMo\Desktop\999_cs\Quantum_Inpired_PSO_Classifcation\featus\malignant\664_HC_Annotation.png,malignant
C:\Users\HishamMo\Desktop\999_cs\Quantum_Inpired_PSO_Classifcation\featus\malignant\665_HC.png,malignant
C:\Users\HishamMo\Desktop\999_cs\Quantum_Inpired_PSO_Classifcation\featus\malignant\665_HC_Annotation.png,malignant
C:\Users\HishamMo\Desktop\999_cs\Quantum_Inpired_PSO_Classifcation\featus\malignant\666_HC.png,malignant
C:\Users\HishamMo\Desktop\999_cs\Quantum_Inpired_PSO_Classifcation\featus\malignant\666_HC_Annotation.png,malignant
C:\Users\HishamMo\Desktop\999_cs\Quantum_Inpired_PSO_Classifcation\featus\malignant\667_2HC.png,malignant
C:\Users\HishamMo\Desktop\999_cs\Quantum_Inpired_PSO_Classifcation\featus\malignant\667_2HC_Annotation.png,malignant
C:\Users\HishamMo\Desktop\999_cs\Quantum_Inpired_PSO_Classifcation\featus\malignant\668_HC.png,malignant
C:\Users\HishamMo\Desktop\999_cs\Quantum_Inpired_PSO_Classifcation\featus\malignant\668_HC_Annotation.png,malignant
C:\Users\HishamMo\Desktop\999_cs\Quantum_Inpired_PSO_Classifcation\featus\malignant\669_HC.png,malignant
C:\Users\HishamMo\Desktop\999_cs\Quantum_Inpired_PSO_Classifcation\featus\malignant\669_HC_Annotation.png,malignant
C:\Users\HishamMo\Desktop\999_cs\Quantum_Inpired_PSO_Classifcation\featus\malignant\66_HC.png,malignant
C:\Users\HishamMo\Desktop\999_cs\Quantum_Inpired_PSO_Classifcation\featus\malignant\66_HC_Annotation.png,malignant
C:\Users\HishamMo\Desktop\999_cs\Quantum_Inpired_PSO_Classifcation\featus\malignant\670_HC.png,malignant
C:\Users\HishamMo\Desktop\999_cs\Quantum_Inpired_PSO_Classifcation\featus\malignant\670_HC_Annotation.png,malignant
C:\Users\HishamMo\Desktop\999_cs\Quantum_Inpired_PSO_Classifcation\featus\malignant\671_2HC.png,malignant
C:\Users\HishamMo\Desktop\999_cs\Quantum_Inpired_PSO_Classifcation\featus\malignant\671_2HC_Annotation.png,malignant
C:\Users\HishamMo\Desktop\999_cs\Quantum_Inpired_PSO_Classifcation\featus\malignant\672_HC.png,malignant
C:\Users\HishamMo\Desktop\999_cs\Quantum_Inpired_PSO_Classifcation\featus\malignant\672_HC_Annotation.png,malignant
C:\Users\HishamMo\Desktop\999_cs\Quantum_Inpired_PSO_Classifcation\featus\malignant\673_2HC.png,malignant
C:\Users\HishamMo\Desktop\999_cs\Quantum_Inpired_PSO_Classifcation\featus\malignant\673_2HC_Annotation.png,malignant
C:\Users\HishamMo\Desktop\999_cs\Quantum_Inpired_PSO_Classifcation\featus\malignant\674_HC.png,malignant
C:\Users\HishamMo\Desktop\999_cs\Quantum_Inpired_PSO_Classifcation\featus\malignant\674_HC_Annotation.png,malignant
C:\Users\HishamMo\Desktop\999_cs\Quantum_Inpired_PSO_Classifcation\featus\malignant\675_HC.png,malignant
C:\Users\HishamMo\Desktop\999_cs\Quantum_Inpired_PSO_Classifcation\featus\malignant\675_HC_Annotation.png,malignant
C:\Users\HishamMo\Desktop\999_cs\Quantum_Inpired_PSO_Classifcation\featus\malignant\676_2HC.png,malignant
C:\Users\HishamMo\Desktop\999_cs\Quantum_Inpired_PSO_Classifcation\featus\malignant\676_2HC_Annotation.png,malignant
C:\Users\HishamMo\Desktop\999_cs\Quantum_Inpired_PSO_Classifcation\featus\malignant\677_HC.png,malignant
C:\Users\HishamMo\Desktop\999_cs\Quantum_Inpired_PSO_Classifcation\featus\malignant\677_HC_Annotation.png,malignant
C:\Users\HishamMo\Desktop\999_cs\Quantum_Inpired_PSO_Classifcation\featus\malignant\678_HC.png,malignant
C:\Users\HishamMo\Desktop\999_cs\Quantum_Inpired_PSO_Classifcation\featus\malignant\678_HC_Annotation.png,malignant
C:\Users\HishamMo\Desktop\999_cs\Quantum_Inpired_PSO_Classifcation\featus\malignant\679_HC.png,malignant
C:\Users\HishamMo\Desktop\999_cs\Quantum_Inpired_PSO_Classifcation\featus\malignant\679_HC_Annotation.png,malignant
C:\Users\HishamMo\Desktop\999_cs\Quantum_Inpired_PSO_Classifcation\featus\malignant\67_HC.png,malignant
C:\Users\HishamMo\Desktop\999_cs\Quantum_Inpired_PSO_Classifcation\featus\malignant\67_HC_Annotation.png,malignant
C:\Users\HishamMo\Desktop\999_cs\Quantum_Inpired_PSO_Classifcation\featus\malignant\680_3HC.png,malignant
C:\Users\HishamMo\Desktop\999_cs\Quantum_Inpired_PSO_Classifcation\featus\malignant\680_3HC_Annotation.png,malignant
C:\Users\HishamMo\Desktop\999_cs\Quantum_Inpired_PSO_Classifcation\featus\malignant\681_HC.png,malignant
C:\Users\HishamMo\Desktop\999_cs\Quantum_Inpired_PSO_Classifcation\featus\malignant\681_HC_Annotation.png,malignant
C:\Users\HishamMo\Desktop\999_cs\Quantum_Inpired_PSO_Classifcation\featus\malignant\682_HC.png,malignant
C:\Users\HishamMo\Desktop\999_cs\Quantum_Inpired_PSO_Classifcation\featus\malignant\682_HC_Annotation.png,malignant
C:\Users\HishamMo\Desktop\999_cs\Quantum_Inpired_PSO_Classifcation\featus\malignant\683_HC.png,malignant
C:\Users\HishamMo\Desktop\999_cs\Quantum_Inpired_PSO_Classifcation\featus\malignant\683_HC_Annotation.png,malignant
C:\Users\HishamMo\Desktop\999_cs\Quantum_Inpired_PSO_Classifcation\featus\malignant\684_HC.png,malignant
C:\Users\HishamMo\Desktop\999_cs\Quantum_Inpired_PSO_Classifcation\featus\malignant\684_HC_Annotation.png,malignant
C:\Users\HishamMo\Desktop\999_cs\Quantum_Inpired_PSO_Classifcation\featus\malignant\685_HC.png,malignant
C:\Users\HishamMo\Desktop\999_cs\Quantum_Inpired_PSO_Classifcation\featus\malignant\685_HC_Annotation.png,malignant
C:\Users\HishamMo\Desktop\999_cs\Quantum_Inpired_PSO_Classifcation\featus\malignant\686_2HC.png,malignant
C:\Users\HishamMo\Desktop\999_cs\Quantum_Inpired_PSO_Classifcation\featus\malignant\686_2HC_Annotation.png,malignant
C:\Users\HishamMo\Desktop\999_cs\Quantum_Inpired_PSO_Classifcation\featus\malignant\687_HC.png,malignant
C:\Users\HishamMo\Desktop\999_cs\Quantum_Inpired_PSO_Classifcation\featus\malignant\687_HC_Annotation.png,malignant
C:\Users\HishamMo\Desktop\999_cs\Quantum_Inpired_PSO_Classifcation\featus\malignant\688_HC.png,malignant
C:\Users\HishamMo\Desktop\999_cs\Quantum_Inpired_PSO_Classifcation\featus\malignant\688_HC_Annotation.png,malignant
C:\Users\HishamMo\Desktop\999_cs\Quantum_Inpired_PSO_Classifcation\featus\malignant\689_HC.png,malignant
C:\Users\HishamMo\Desktop\999_cs\Quantum_Inpired_PSO_Classifcation\featus\malignant\689_HC_Annotation.png,malignant
C:\Users\HishamMo\Desktop\999_cs\Quantum_Inpired_PSO_Classifcation\featus\malignant\68_HC.png,malignant
C:\Users\HishamMo\Desktop\999_cs\Quantum_Inpired_PSO_Classifcation\featus\malignant\68_HC_Annotation.png,malignant
C:\Users\HishamMo\Desktop\999_cs\Quantum_Inpired_PSO_Classifcation\featus\malignant\690_HC.png,malignant
C:\Users\HishamMo\Desktop\999_cs\Quantum_Inpired_PSO_Classifcation\featus\malignant\690_HC_Annotation.png,malignant
C:\Users\HishamMo\Desktop\999_cs\Quantum_Inpired_PSO_Classifcation\featus\malignant\691_HC.png,malignant
C:\Users\HishamMo\Desktop\999_cs\Quantum_Inpired_PSO_Classifcation\featus\malignant\691_HC_Annotation.png,malignant
C:\Users\HishamMo\Desktop\999_cs\Quantum_Inpired_PSO_Classifcation\featus\malignant\692_2HC.png,malignant
C:\Users\HishamMo\Desktop\999_cs\Quantum_Inpired_PSO_Classifcation\featus\malignant\692_2HC_Annotation.png,malignant
C:\Users\HishamMo\Desktop\999_cs\Quantum_Inpired_PSO_Classifcation\featus\malignant\693_3HC.png,malignant
C:\Users\HishamMo\Desktop\999_cs\Quantum_Inpired_PSO_Classifcation\featus\malignant\693_3HC_Annotation.png,malignant
C:\Users\HishamMo\Desktop\999_cs\Quantum_Inpired_PSO_Classifcation\featus\malignant\694_HC.png,malignant
C:\Users\HishamMo\Desktop\999_cs\Quantum_Inpired_PSO_Classifcation\featus\malignant\694_HC_Annotation.png,malignant
C:\Users\HishamMo\Desktop\999_cs\Quantum_Inpired_PSO_Classifcation\featus\malignant\695_HC.png,malignant
C:\Users\HishamMo\Desktop\999_cs\Quantum_Inpired_PSO_Classifcation\featus\malignant\695_HC_Annotation.png,malignant
C:\Users\HishamMo\Desktop\999_cs\Quantum_Inpired_PSO_Classifcation\featus\malignant\696_HC.png,malignant
C:\Users\HishamMo\Desktop\999_cs\Quantum_Inpired_PSO_Classifcation\featus\malignant\696_HC_Annotation.png,malignant
C:\Users\HishamMo\Desktop\999_cs\Quantum_Inpired_PSO_Classifcation\featus\malignant\697_HC.png,malignant
C:\Users\HishamMo\Desktop\999_cs\Quantum_Inpired_PSO_Classifcation\featus\malignant\697_HC_Annotation.png,malignant
C:\Users\HishamMo\Desktop\999_cs\Quantum_Inpired_PSO_Classifcation\featus\malignant\698_HC.png,malignant
C:\Users\HishamMo\Desktop\999_cs\Quantum_Inpired_PSO_Classifcation\featus\malignant\698_HC_Annotation.png,malignant
C:\Users\HishamMo\Desktop\999_cs\Quantum_Inpired_PSO_Classifcation\featus\malignant\699_2HC.png,malignant
C:\Users\HishamMo\Desktop\999_cs\Quantum_Inpired_PSO_Classifcation\featus\malignant\699_2HC_Annotation.png,malignant
C:\Users\HishamMo\Desktop\999_cs\Quantum_Inpired_PSO_Classifcation\featus\malignant\69_HC.png,malignant
C:\Users\HishamMo\Desktop\999_cs\Quantum_Inpired_PSO_Classifcation\featus\malignant\69_HC_Annotation.png,malignant
C:\Users\HishamMo\Desktop\999_cs\Quantum_Inpired_PSO_Classifcation\featus\malignant\6_HC.png,malignant
C:\Users\HishamMo\Desktop\999_cs\Quantum_Inpired_PSO_Classifcation\featus\malignant\6_HC_Annotation.png,malignant
C:\Users\HishamMo\Desktop\999_cs\Quantum_Inpired_PSO_Classifcation\featus\malignant\700_HC.png,malignant
C:\Users\HishamMo\Desktop\999_cs\Quantum_Inpired_PSO_Classifcation\featus\malignant\700_HC_Annotation.png,malignant
C:\Users\HishamMo\Desktop\999_cs\Quantum_Inpired_PSO_Classifcation\featus\malignant\701_2HC.png,malignant
C:\Users\HishamMo\Desktop\999_cs\Quantum_Inpired_PSO_Classifcation\featus\malignant\701_2HC_Annotation.png,malignant
C:\Users\HishamMo\Desktop\999_cs\Quantum_Inpired_PSO_Classifcation\featus\malignant\702_HC.png,malignant
C:\Users\HishamMo\Desktop\999_cs\Quantum_Inpired_PSO_Classifcation\featus\malignant\702_HC_Annotation.png,malignant
C:\Users\HishamMo\Desktop\999_cs\Quantum_Inpired_PSO_Classifcation\featus\malignant\703_HC.png,malignant
C:\Users\HishamMo\Desktop\999_cs\Quantum_Inpired_PSO_Classifcation\featus\malignant\703_HC_Annotation.png,malignant
C:\Users\HishamMo\Desktop\999_cs\Quantum_Inpired_PSO_Classifcation\featus\malignant\704_HC.png,malignant
C:\Users\HishamMo\Desktop\999_cs\Quantum_Inpired_PSO_Classifcation\featus\malignant\704_HC_Annotation.png,malignant
C:\Users\HishamMo\Desktop\999_cs\Quantum_Inpired_PSO_Classifcation\featus\malignant\705_2HC.png,malignant
C:\Users\HishamMo\Desktop\999_cs\Quantum_Inpired_PSO_Classifcation\featus\malignant\705_2HC_Annotation.png,malignant
C:\Users\HishamMo\Desktop\999_cs\Quantum_Inpired_PSO_Classifcation\featus\malignant\706_3HC.png,malignant
C:\Users\HishamMo\Desktop\999_cs\Quantum_Inpired_PSO_Classifcation\featus\malignant\706_3HC_Annotation.png,malignant
C:\Users\HishamMo\Desktop\999_cs\Quantum_Inpired_PSO_Classifcation\featus\malignant\707_HC.png,malignant
C:\Users\HishamMo\Desktop\999_cs\Quantum_Inpired_PSO_Classifcation\featus\malignant\707_HC_Annotation.png,malignant
C:\Users\HishamMo\Desktop\999_cs\Quantum_Inpired_PSO_Classifcation\featus\malignant\708_HC.png,malignant
C:\Users\HishamMo\Desktop\999_cs\Quantum_Inpired_PSO_Classifcation\featus\malignant\708_HC_Annotation.png,malignant
C:\Users\HishamMo\Desktop\999_cs\Quantum_Inpired_PSO_Classifcation\featus\malignant\709_HC.png,malignant
C:\Users\HishamMo\Desktop\999_cs\Quantum_Inpired_PSO_Classifcation\featus\malignant\709_HC_Annotation.png,malignant
C:\Users\HishamMo\Desktop\999_cs\Quantum_Inpired_PSO_Classifcation\featus\malignant\70_HC.png,malignant
C:\Users\HishamMo\Desktop\999_cs\Quantum_Inpired_PSO_Classifcation\featus\malignant\70_HC_Annotation.png,malignant
C:\Users\HishamMo\Desktop\999_cs\Quantum_Inpired_PSO_Classifcation\featus\malignant\710_HC.png,malignant
C:\Users\HishamMo\Desktop\999_cs\Quantum_Inpired_PSO_Classifcation\featus\malignant\710_HC_Annotation.png,malignant
C:\Users\HishamMo\Desktop\999_cs\Quantum_Inpired_PSO_Classifcation\featus\malignant\711_2HC.png,malignant
C:\Users\HishamMo\Desktop\999_cs\Quantum_Inpired_PSO_Classifcation\featus\malignant\711_2HC_Annotation.png,malignant
C:\Users\HishamMo\Desktop\999_cs\Quantum_Inpired_PSO_Classifcation\featus\malignant\712_HC.png,malignant
C:\Users\HishamMo\Desktop\999_cs\Quantum_Inpired_PSO_Classifcation\featus\malignant\712_HC_Annotation.png,malignant
C:\Users\HishamMo\Desktop\999_cs\Quantum_Inpired_PSO_Classifcation\featus\malignant\713_HC.png,malignant
C:\Users\HishamMo\Desktop\999_cs\Quantum_Inpired_PSO_Classifcation\featus\malignant\713_HC_Annotation.png,malignant
C:\Users\HishamMo\Desktop\999_cs\Quantum_Inpired_PSO_Classifcation\featus\malignant\714_HC.png,malignant
C:\Users\HishamMo\Desktop\999_cs\Quantum_Inpired_PSO_Classifcation\featus\malignant\714_HC_Annotation.png,malignant
C:\Users\HishamMo\Desktop\999_cs\Quantum_Inpired_PSO_Classifcation\featus\malignant\715_HC.png,malignant
C:\Users\HishamMo\Desktop\999_cs\Quantum_Inpired_PSO_Classifcation\featus\malignant\715_HC_Annotation.png,malignant
C:\Users\HishamMo\Desktop\999_cs\Quantum_Inpired_PSO_Classifcation\featus\malignant\716_HC.png,malignant
C:\Users\HishamMo\Desktop\999_cs\Quantum_Inpired_PSO_Classifcation\featus\malignant\716_HC_Annotation.png,malignant
C:\Users\HishamMo\Desktop\999_cs\Quantum_Inpired_PSO_Classifcation\featus\malignant\717_HC.png,malignant
C:\Users\HishamMo\Desktop\999_cs\Quantum_Inpired_PSO_Classifcation\featus\malignant\717_HC_Annotation.png,malignant
C:\Users\HishamMo\Desktop\999_cs\Quantum_Inpired_PSO_Classifcation\featus\malignant\718_HC.png,malignant
C:\Users\HishamMo\Desktop\999_cs\Quantum_Inpired_PSO_Classifcation\featus\malignant\718_HC_Annotation.png,malignant
C:\Users\HishamMo\Desktop\999_cs\Quantum_Inpired_PSO_Classifcation\featus\malignant\719_HC.png,malignant
C:\Users\HishamMo\Desktop\999_cs\Quantum_Inpired_PSO_Classifcation\featus\malignant\719_HC_Annotation.png,malignant
C:\Users\HishamMo\Desktop\999_cs\Quantum_Inpired_PSO_Classifcation\featus\malignant\71_HC.png,malignant
C:\Users\HishamMo\Desktop\999_cs\Quantum_Inpired_PSO_Classifcation\featus\malignant\71_HC_Annotation.png,malignant
C:\Users\HishamMo\Desktop\999_cs\Quantum_Inpired_PSO_Classifcation\featus\malignant\720_HC.png,malignant
C:\Users\HishamMo\Desktop\999_cs\Quantum_Inpired_PSO_Classifcation\featus\malignant\720_HC_Annotation.png,malignant
C:\Users\HishamMo\Desktop\999_cs\Quantum_Inpired_PSO_Classifcation\featus\malignant\721_2HC.png,malignant
C:\Users\HishamMo\Desktop\999_cs\Quantum_Inpired_PSO_Classifcation\featus\malignant\721_2HC_Annotation.png,malignant
C:\Users\HishamMo\Desktop\999_cs\Quantum_Inpired_PSO_Classifcation\featus\malignant\722_HC.png,malignant
C:\Users\HishamMo\Desktop\999_cs\Quantum_Inpired_PSO_Classifcation\featus\malignant\722_HC_Annotation.png,malignant
C:\Users\HishamMo\Desktop\999_cs\Quantum_Inpired_PSO_Classifcation\featus\malignant\723_HC.png,malignant
C:\Users\HishamMo\Desktop\999_cs\Quantum_Inpired_PSO_Classifcation\featus\malignant\723_HC_Annotation.png,malignant
C:\Users\HishamMo\Desktop\999_cs\Quantum_Inpired_PSO_Classifcation\featus\malignant\724_HC.png,malignant
C:\Users\HishamMo\Desktop\999_cs\Quantum_Inpired_PSO_Classifcation\featus\malignant\724_HC_Annotation.png,malignant
C:\Users\HishamMo\Desktop\999_cs\Quantum_Inpired_PSO_Classifcation\featus\malignant\725_HC.png,malignant
C:\Users\HishamMo\Desktop\999_cs\Quantum_Inpired_PSO_Classifcation\featus\malignant\725_HC_Annotation.png,malignant
C:\Users\HishamMo\Desktop\999_cs\Quantum_Inpired_PSO_Classifcation\featus\malignant\726_2HC.png,malignant
C:\Users\HishamMo\Desktop\999_cs\Quantum_Inpired_PSO_Classifcation\featus\malignant\726_2HC_Annotation.png,malignant
C:\Users\HishamMo\Desktop\999_cs\Quantum_Inpired_PSO_Classifcation\featus\malignant\727_HC.png,malignant
C:\Users\HishamMo\Desktop\999_cs\Quantum_Inpired_PSO_Classifcation\featus\malignant\727_HC_Annotation.png,malignant
C:\Users\HishamMo\Desktop\999_cs\Quantum_Inpired_PSO_Classifcation\featus\malignant\728_2HC.png,malignant
C:\Users\HishamMo\Desktop\999_cs\Quantum_Inpired_PSO_Classifcation\featus\malignant\728_2HC_Annotation.png,malignant
C:\Users\HishamMo\Desktop\999_cs\Quantum_Inpired_PSO_Classifcation\featus\malignant\729_HC.png,malignant
C:\Users\HishamMo\Desktop\999_cs\Quantum_Inpired_PSO_Classifcation\featus\malignant\729_HC_Annotation.png,malignant
C:\Users\HishamMo\Desktop\999_cs\Quantum_Inpired_PSO_Classifcation\featus\malignant\72_HC.png,malignant
C:\Users\HishamMo\Desktop\999_cs\Quantum_Inpired_PSO_Classifcation\featus\malignant\72_HC_Annotation.png,malignant
C:\Users\HishamMo\Desktop\999_cs\Quantum_Inpired_PSO_Classifcation\featus\malignant\730_HC.png,malignant
C:\Users\HishamMo\Desktop\999_cs\Quantum_Inpired_PSO_Classifcation\featus\malignant\730_HC_Annotation.png,malignant
C:\Users\HishamMo\Desktop\999_cs\Quantum_Inpired_PSO_Classifcation\featus\malignant\731_HC.png,malignant
C:\Users\HishamMo\Desktop\999_cs\Quantum_Inpired_PSO_Classifcation\featus\malignant\731_HC_Annotation.png,malignant
C:\Users\HishamMo\Desktop\999_cs\Quantum_Inpired_PSO_Classifcation\featus\malignant\732_HC.png,malignant
C:\Users\HishamMo\Desktop\999_cs\Quantum_Inpired_PSO_Classifcation\featus\malignant\732_HC_Annotation.png,malignant
C:\Users\HishamMo\Desktop\999_cs\Quantum_Inpired_PSO_Classifcation\featus\malignant\733_2HC.png,malignant
C:\Users\HishamMo\Desktop\999_cs\Quantum_Inpired_PSO_Classifcation\featus\malignant\733_2HC_Annotation.png,malignant
C:\Users\HishamMo\Desktop\999_cs\Quantum_Inpired_PSO_Classifcation\featus\malignant\734_HC.png,malignant
C:\Users\HishamMo\Desktop\999_cs\Quantum_Inpired_PSO_Classifcation\featus\malignant\734_HC_Annotation.png,malignant
C:\Users\HishamMo\Desktop\999_cs\Quantum_Inpired_PSO_Classifcation\featus\malignant\735_HC.png,malignant
C:\Users\HishamMo\Desktop\999_cs\Quantum_Inpired_PSO_Classifcation\featus\malignant\735_HC_Annotation.png,malignant
C:\Users\HishamMo\Desktop\999_cs\Quantum_Inpired_PSO_Classifcation\featus\malignant\736_HC.png,malignant
C:\Users\HishamMo\Desktop\999_cs\Quantum_Inpired_PSO_Classifcation\featus\malignant\736_HC_Annotation.png,malignant
C:\Users\HishamMo\Desktop\999_cs\Quantum_Inpired_PSO_Classifcation\featus\malignant\737_2HC.png,malignant
C:\Users\HishamMo\Desktop\999_cs\Quantum_Inpired_PSO_Classifcation\featus\malignant\737_2HC_Annotation.png,malignant
C:\Users\HishamMo\Desktop\999_cs\Quantum_Inpired_PSO_Classifcation\featus\malignant\738_HC.png,malignant
C:\Users\HishamMo\Desktop\999_cs\Quantum_Inpired_PSO_Classifcation\featus\malignant\738_HC_Annotation.png,malignant
C:\Users\HishamMo\Desktop\999_cs\Quantum_Inpired_PSO_Classifcation\featus\malignant\739_HC.png,malignant
C:\Users\HishamMo\Desktop\999_cs\Quantum_Inpired_PSO_Classifcation\featus\malignant\739_HC_Annotation.png,malignant
C:\Users\HishamMo\Desktop\999_cs\Quantum_Inpired_PSO_Classifcation\featus\malignant\73_2HC.png,malignant
C:\Users\HishamMo\Desktop\999_cs\Quantum_Inpired_PSO_Classifcation\featus\malignant\73_2HC_Annotation.png,malignant
C:\Users\HishamMo\Desktop\999_cs\Quantum_Inpired_PSO_Classifcation\featus\malignant\740_HC.png,malignant
C:\Users\HishamMo\Desktop\999_cs\Quantum_Inpired_PSO_Classifcation\featus\malignant\740_HC_Annotation.png,malignant
C:\Users\HishamMo\Desktop\999_cs\Quantum_Inpired_PSO_Classifcation\featus\malignant\741_HC.png,malignant
C:\Users\HishamMo\Desktop\999_cs\Quantum_Inpired_PSO_Classifcation\featus\malignant\741_HC_Annotation.png,malignant
C:\Users\HishamMo\Desktop\999_cs\Quantum_Inpired_PSO_Classifcation\featus\malignant\742_HC.png,malignant
C:\Users\HishamMo\Desktop\999_cs\Quantum_Inpired_PSO_Classifcation\featus\malignant\742_HC_Annotation.png,malignant
C:\Users\HishamMo\Desktop\999_cs\Quantum_Inpired_PSO_Classifcation\featus\malignant\743_HC.png,malignant
C:\Users\HishamMo\Desktop\999_cs\Quantum_Inpired_PSO_Classifcation\featus\malignant\743_HC_Annotation.png,malignant
C:\Users\HishamMo\Desktop\999_cs\Quantum_Inpired_PSO_Classifcation\featus\malignant\744_HC.png,malignant
C:\Users\HishamMo\Desktop\999_cs\Quantum_Inpired_PSO_Classifcation\featus\malignant\744_HC_Annotation.png,malignant
C:\Users\HishamMo\Desktop\999_cs\Quantum_Inpired_PSO_Classifcation\featus\malignant\745_HC.png,malignant
C:\Users\HishamMo\Desktop\999_cs\Quantum_Inpired_PSO_Classifcation\featus\malignant\745_HC_Annotation.png,malignant
C:\Users\HishamMo\Desktop\999_cs\Quantum_Inpired_PSO_Classifcation\featus\malignant\746_HC.png,malignant
C:\Users\HishamMo\Desktop\999_cs\Quantum_Inpired_PSO_Classifcation\featus\malignant\746_HC_Annotation.png,malignant
C:\Users\HishamMo\Desktop\999_cs\Quantum_Inpired_PSO_Classifcation\featus\malignant\747_HC.png,malignant
C:\Users\HishamMo\Desktop\999_cs\Quantum_Inpired_PSO_Classifcation\featus\malignant\747_HC_Annotation.png,malignant
C:\Users\HishamMo\Desktop\999_cs\Quantum_Inpired_PSO_Classifcation\featus\malignant\748_HC.png,malignant
C:\Users\HishamMo\Desktop\999_cs\Quantum_Inpired_PSO_Classifcation\featus\malignant\748_HC_Annotation.png,malignant
C:\Users\HishamMo\Desktop\999_cs\Quantum_Inpired_PSO_Classifcation\featus\malignant\749_HC.png,malignant
C:\Users\HishamMo\Desktop\999_cs\Quantum_Inpired_PSO_Classifcation\featus\malignant\749_HC_Annotation.png,malignant
C:\Users\HishamMo\Desktop\999_cs\Quantum_Inpired_PSO_Classifcation\featus\malignant\74_HC.png,malignant
C:\Users\HishamMo\Desktop\999_cs\Quantum_Inpired_PSO_Classifcation\featus\malignant\74_HC_Annotation.png,malignant
C:\Users\HishamMo\Desktop\999_cs\Quantum_Inpired_PSO_Classifcation\featus\malignant\750_HC.png,malignant
C:\Users\HishamMo\Desktop\999_cs\Quantum_Inpired_PSO_Classifcation\featus\malignant\750_HC_Annotation.png,malignant
C:\Users\HishamMo\Desktop\999_cs\Quantum_Inpired_PSO_Classifcation\featus\malignant\751_2HC.png,malignant
C:\Users\HishamMo\Desktop\999_cs\Quantum_Inpired_PSO_Classifcation\featus\malignant\751_2HC_Annotation.png,malignant
C:\Users\HishamMo\Desktop\999_cs\Quantum_Inpired_PSO_Classifcation\featus\malignant\752_HC.png,malignant
C:\Users\HishamMo\Desktop\999_cs\Quantum_Inpired_PSO_Classifcation\featus\malignant\752_HC_Annotation.png,malignant
C:\Users\HishamMo\Desktop\999_cs\Quantum_Inpired_PSO_Classifcation\featus\malignant\753_HC.png,malignant
C:\Users\HishamMo\Desktop\999_cs\Quantum_Inpired_PSO_Classifcation\featus\malignant\753_HC_Annotation.png,malignant
C:\Users\HishamMo\Desktop\999_cs\Quantum_Inpired_PSO_Classifcation\featus\malignant\754_HC.png,malignant
C:\Users\HishamMo\Desktop\999_cs\Quantum_Inpired_PSO_Classifcation\featus\malignant\754_HC_Annotation.png,malignant
C:\Users\HishamMo\Desktop\999_cs\Quantum_Inpired_PSO_Classifcation\featus\malignant\755_HC.png,malignant
C:\Users\HishamMo\Desktop\999_cs\Quantum_Inpired_PSO_Classifcation\featus\malignant\755_HC_Annotation.png,malignant
C:\Users\HishamMo\Desktop\999_cs\Quantum_Inpired_PSO_Classifcation\featus\malignant\756_2HC.png,malignant
C:\Users\HishamMo\Desktop\999_cs\Quantum_Inpired_PSO_Classifcation\featus\malignant\756_2HC_Annotation.png,malignant
C:\Users\HishamMo\Desktop\999_cs\Quantum_Inpired_PSO_Classifcation\featus\malignant\757_3HC.png,malignant
C:\Users\HishamMo\Desktop\999_cs\Quantum_Inpired_PSO_Classifcation\featus\malignant\757_3HC_Annotation.png,malignant
C:\Users\HishamMo\Desktop\999_cs\Quantum_Inpired_PSO_Classifcation\featus\malignant\758_HC.png,malignant
C:\Users\HishamMo\Desktop\999_cs\Quantum_Inpired_PSO_Classifcation\featus\malignant\758_HC_Annotation.png,malignant
C:\Users\HishamMo\Desktop\999_cs\Quantum_Inpired_PSO_Classifcation\featus\malignant\759_HC.png,malignant
C:\Users\HishamMo\Desktop\999_cs\Quantum_Inpired_PSO_Classifcation\featus\malignant\759_HC_Annotation.png,malignant
C:\Users\HishamMo\Desktop\999_cs\Quantum_Inpired_PSO_Classifcation\featus\malignant\75_HC.png,malignant
C:\Users\HishamMo\Desktop\999_cs\Quantum_Inpired_PSO_Classifcation\featus\malignant\75_HC_Annotation.png,malignant
C:\Users\HishamMo\Desktop\999_cs\Quantum_Inpired_PSO_Classifcation\featus\malignant\760_HC.png,malignant
C:\Users\HishamMo\Desktop\999_cs\Quantum_Inpired_PSO_Classifcation\featus\malignant\760_HC_Annotation.png,malignant
C:\Users\HishamMo\Desktop\999_cs\Quantum_Inpired_PSO_Classifcation\featus\malignant\761_HC.png,malignant
C:\Users\HishamMo\Desktop\999_cs\Quantum_Inpired_PSO_Classifcation\featus\malignant\761_HC_Annotation.png,malignant
C:\Users\HishamMo\Desktop\999_cs\Quantum_Inpired_PSO_Classifcation\featus\malignant\762_2HC.png,malignant
C:\Users\HishamMo\Desktop\999_cs\Quantum_Inpired_PSO_Classifcation\featus\malignant\762_2HC_Annotation.png,malignant
C:\Users\HishamMo\Desktop\999_cs\Quantum_Inpired_PSO_Classifcation\featus\malignant\763_HC.png,malignant
C:\Users\HishamMo\Desktop\999_cs\Quantum_Inpired_PSO_Classifcation\featus\malignant\763_HC_Annotation.png,malignant
C:\Users\HishamMo\Desktop\999_cs\Quantum_Inpired_PSO_Classifcation\featus\malignant\764_2HC.png,malignant
C:\Users\HishamMo\Desktop\999_cs\Quantum_Inpired_PSO_Classifcation\featus\malignant\764_2HC_Annotation.png,malignant
C:\Users\HishamMo\Desktop\999_cs\Quantum_Inpired_PSO_Classifcation\featus\malignant\765_HC.png,malignant
C:\Users\HishamMo\Desktop\999_cs\Quantum_Inpired_PSO_Classifcation\featus\malignant\765_HC_Annotation.png,malignant
C:\Users\HishamMo\Desktop\999_cs\Quantum_Inpired_PSO_Classifcation\featus\malignant\766_HC.png,malignant
C:\Users\HishamMo\Desktop\999_cs\Quantum_Inpired_PSO_Classifcation\featus\malignant\766_HC_Annotation.png,malignant
C:\Users\HishamMo\Desktop\999_cs\Quantum_Inpired_PSO_Classifcation\featus\malignant\767_HC.png,malignant
C:\Users\HishamMo\Desktop\999_cs\Quantum_Inpired_PSO_Classifcation\featus\malignant\767_HC_Annotation.png,malignant
C:\Users\HishamMo\Desktop\999_cs\Quantum_Inpired_PSO_Classifcation\featus\malignant\768_HC.png,malignant
C:\Users\HishamMo\Desktop\999_cs\Quantum_Inpired_PSO_Classifcation\featus\malignant\768_HC_Annotation.png,malignant
C:\Users\HishamMo\Desktop\999_cs\Quantum_Inpired_PSO_Classifcation\featus\malignant\769_HC.png,malignant
C:\Users\HishamMo\Desktop\999_cs\Quantum_Inpired_PSO_Classifcation\featus\malignant\769_HC_Annotation.png,malignant
C:\Users\HishamMo\Desktop\999_cs\Quantum_Inpired_PSO_Classifcation\featus\malignant\76_2HC.png,malignant
C:\Users\HishamMo\Desktop\999_cs\Quantum_Inpired_PSO_Classifcation\featus\malignant\76_2HC_Annotation.png,malignant
C:\Users\HishamMo\Desktop\999_cs\Quantum_Inpired_PSO_Classifcation\featus\malignant\770_HC.png,malignant
C:\Users\HishamMo\Desktop\999_cs\Quantum_Inpired_PSO_Classifcation\featus\malignant\770_HC_Annotation.png,malignant
C:\Users\HishamMo\Desktop\999_cs\Quantum_Inpired_PSO_Classifcation\featus\malignant\771_HC.png,malignant
C:\Users\HishamMo\Desktop\999_cs\Quantum_Inpired_PSO_Classifcation\featus\malignant\771_HC_Annotation.png,malignant
C:\Users\HishamMo\Desktop\999_cs\Quantum_Inpired_PSO_Classifcation\featus\malignant\772_HC.png,malignant
C:\Users\HishamMo\Desktop\999_cs\Quantum_Inpired_PSO_Classifcation\featus\malignant\772_HC_Annotation.png,malignant
C:\Users\HishamMo\Desktop\999_cs\Quantum_Inpired_PSO_Classifcation\featus\malignant\773_HC.png,malignant
C:\Users\HishamMo\Desktop\999_cs\Quantum_Inpired_PSO_Classifcation\featus\malignant\773_HC_Annotation.png,malignant
C:\Users\HishamMo\Desktop\999_cs\Quantum_Inpired_PSO_Classifcation\featus\malignant\774_2HC.png,malignant
C:\Users\HishamMo\Desktop\999_cs\Quantum_Inpired_PSO_Classifcation\featus\malignant\774_2HC_Annotation.png,malignant
C:\Users\HishamMo\Desktop\999_cs\Quantum_Inpired_PSO_Classifcation\featus\malignant\775_2HC.png,malignant
C:\Users\HishamMo\Desktop\999_cs\Quantum_Inpired_PSO_Classifcation\featus\malignant\775_2HC_Annotation.png,malignant
C:\Users\HishamMo\Desktop\999_cs\Quantum_Inpired_PSO_Classifcation\featus\malignant\776_HC.png,malignant
C:\Users\HishamMo\Desktop\999_cs\Quantum_Inpired_PSO_Classifcation\featus\malignant\776_HC_Annotation.png,malignant
C:\Users\HishamMo\Desktop\999_cs\Quantum_Inpired_PSO_Classifcation\featus\malignant\777_HC.png,malignant
C:\Users\HishamMo\Desktop\999_cs\Quantum_Inpired_PSO_Classifcation\featus\malignant\777_HC_Annotation.png,malignant
C:\Users\HishamMo\Desktop\999_cs\Quantum_Inpired_PSO_Classifcation\featus\malignant\778_2HC.png,malignant
C:\Users\HishamMo\Desktop\999_cs\Quantum_Inpired_PSO_Classifcation\featus\malignant\778_2HC_Annotation.png,malignant
C:\Users\HishamMo\Desktop\999_cs\Quantum_Inpired_PSO_Classifcation\featus\malignant\779_HC.png,malignant
C:\Users\HishamMo\Desktop\999_cs\Quantum_Inpired_PSO_Classifcation\featus\malignant\779_HC_Annotation.png,malignant
C:\Users\HishamMo\Desktop\999_cs\Quantum_Inpired_PSO_Classifcation\featus\malignant\77_3HC.png,malignant
C:\Users\HishamMo\Desktop\999_cs\Quantum_Inpired_PSO_Classifcation\featus\malignant\77_3HC_Annotation.png,malignant
C:\Users\HishamMo\Desktop\999_cs\Quantum_Inpired_PSO_Classifcation\featus\malignant\780_2HC.png,malignant
C:\Users\HishamMo\Desktop\999_cs\Quantum_Inpired_PSO_Classifcation\featus\malignant\780_2HC_Annotation.png,malignant
C:\Users\HishamMo\Desktop\999_cs\Quantum_Inpired_PSO_Classifcation\featus\malignant\781_HC.png,malignant
C:\Users\HishamMo\Desktop\999_cs\Quantum_Inpired_PSO_Classifcation\featus\malignant\781_HC_Annotation.png,malignant
C:\Users\HishamMo\Desktop\999_cs\Quantum_Inpired_PSO_Classifcation\featus\malignant\782_HC.png,malignant
C:\Users\HishamMo\Desktop\999_cs\Quantum_Inpired_PSO_Classifcation\featus\malignant\782_HC_Annotation.png,malignant
C:\Users\HishamMo\Desktop\999_cs\Quantum_Inpired_PSO_Classifcation\featus\malignant\783_HC.png,malignant
C:\Users\HishamMo\Desktop\999_cs\Quantum_Inpired_PSO_Classifcation\featus\malignant\783_HC_Annotation.png,malignant
C:\Users\HishamMo\Desktop\999_cs\Quantum_Inpired_PSO_Classifcation\featus\malignant\784_HC.png,malignant
C:\Users\HishamMo\Desktop\999_cs\Quantum_Inpired_PSO_Classifcation\featus\malignant\784_HC_Annotation.png,malignant
C:\Users\HishamMo\Desktop\999_cs\Quantum_Inpired_PSO_Classifcation\featus\malignant\785_HC.png,malignant
C:\Users\HishamMo\Desktop\999_cs\Quantum_Inpired_PSO_Classifcation\featus\malignant\785_HC_Annotation.png,malignant
C:\Users\HishamMo\Desktop\999_cs\Quantum_Inpired_PSO_Classifcation\featus\malignant\786_HC.png,malignant
C:\Users\HishamMo\Desktop\999_cs\Quantum_Inpired_PSO_Classifcation\featus\malignant\786_HC_Annotation.png,malignant
C:\Users\HishamMo\Desktop\999_cs\Quantum_Inpired_PSO_Classifcation\featus\malignant\787_2HC.png,malignant
C:\Users\HishamMo\Desktop\999_cs\Quantum_Inpired_PSO_Classifcation\featus\malignant\787_2HC_Annotation.png,malignant
C:\Users\HishamMo\Desktop\999_cs\Quantum_Inpired_PSO_Classifcation\featus\malignant\788_HC.png,malignant
C:\Users\HishamMo\Desktop\999_cs\Quantum_Inpired_PSO_Classifcation\featus\malignant\788_HC_Annotation.png,malignant
C:\Users\HishamMo\Desktop\999_cs\Quantum_Inpired_PSO_Classifcation\featus\malignant\789_2HC.png,malignant
C:\Users\HishamMo\Desktop\999_cs\Quantum_Inpired_PSO_Classifcation\featus\malignant\789_2HC_Annotation.png,malignant
C:\Users\HishamMo\Desktop\999_cs\Quantum_Inpired_PSO_Classifcation\featus\malignant\78_HC.png,malignant
C:\Users\HishamMo\Desktop\999_cs\Quantum_Inpired_PSO_Classifcation\featus\malignant\78_HC_Annotation.png,malignant
C:\Users\HishamMo\Desktop\999_cs\Quantum_Inpired_PSO_Classifcation\featus\malignant\790_HC.png,malignant
C:\Users\HishamMo\Desktop\999_cs\Quantum_Inpired_PSO_Classifcation\featus\malignant\790_HC_Annotation.png,malignant
C:\Users\HishamMo\Desktop\999_cs\Quantum_Inpired_PSO_Classifcation\featus\malignant\791_HC.png,malignant
C:\Users\HishamMo\Desktop\999_cs\Quantum_Inpired_PSO_Classifcation\featus\malignant\791_HC_Annotation.png,malignant
C:\Users\HishamMo\Desktop\999_cs\Quantum_Inpired_PSO_Classifcation\featus\malignant\792_HC.png,malignant
C:\Users\HishamMo\Desktop\999_cs\Quantum_Inpired_PSO_Classifcation\featus\malignant\792_HC_Annotation.png,malignant
C:\Users\HishamMo\Desktop\999_cs\Quantum_Inpired_PSO_Classifcation\featus\malignant\793_HC.png,malignant
C:\Users\HishamMo\Desktop\999_cs\Quantum_Inpired_PSO_Classifcation\featus\malignant\793_HC_Annotation.png,malignant
C:\Users\HishamMo\Desktop\999_cs\Quantum_Inpired_PSO_Classifcation\featus\malignant\794_HC.png,malignant
C:\Users\HishamMo\Desktop\999_cs\Quantum_Inpired_PSO_Classifcation\featus\malignant\794_HC_Annotation.png,malignant
C:\Users\HishamMo\Desktop\999_cs\Quantum_Inpired_PSO_Classifcation\featus\malignant\795_HC.png,malignant
C:\Users\HishamMo\Desktop\999_cs\Quantum_Inpired_PSO_Classifcation\featus\malignant\795_HC_Annotation.png,malignant
C:\Users\HishamMo\Desktop\999_cs\Quantum_Inpired_PSO_Classifcation\featus\malignant\796_HC.png,malignant
C:\Users\HishamMo\Desktop\999_cs\Quantum_Inpired_PSO_Classifcation\featus\malignant\796_HC_Annotation.png,malignant
C:\Users\HishamMo\Desktop\999_cs\Quantum_Inpired_PSO_Classifcation\featus\malignant\797_HC.png,malignant
C:\Users\HishamMo\Desktop\999_cs\Quantum_Inpired_PSO_Classifcation\featus\malignant\797_HC_Annotation.png,malignant
C:\Users\HishamMo\Desktop\999_cs\Quantum_Inpired_PSO_Classifcation\featus\malignant\798_HC.png,malignant
C:\Users\HishamMo\Desktop\999_cs\Quantum_Inpired_PSO_Classifcation\featus\malignant\798_HC_Annotation.png,malignant
C:\Users\HishamMo\Desktop\999_cs\Quantum_Inpired_PSO_Classifcation\featus\malignant\799_2HC.png,malignant
C:\Users\HishamMo\Desktop\999_cs\Quantum_Inpired_PSO_Classifcation\featus\malignant\799_2HC_Annotation.png,malignant
C:\Users\HishamMo\Desktop\999_cs\Quantum_Inpired_PSO_Classifcation\featus\malignant\79_2HC.png,malignant
C:\Users\HishamMo\Desktop\999_cs\Quantum_Inpired_PSO_Classifcation\featus\malignant\79_2HC_Annotation.png,malignant
C:\Users\HishamMo\Desktop\999_cs\Quantum_Inpired_PSO_Classifcation\featus\malignant\7_HC.png,malignant
C:\Users\HishamMo\Desktop\999_cs\Quantum_Inpired_PSO_Classifcation\featus\malignant\7_HC_Annotation.png,malignant
C:\Users\HishamMo\Desktop\999_cs\Quantum_Inpired_PSO_Classifcation\featus\malignant\800_HC.png,malignant
C:\Users\HishamMo\Desktop\999_cs\Quantum_Inpired_PSO_Classifcation\featus\malignant\800_HC_Annotation.png,malignant
C:\Users\HishamMo\Desktop\999_cs\Quantum_Inpired_PSO_Classifcation\featus\malignant\801_HC.png,malignant
C:\Users\HishamMo\Desktop\999_cs\Quantum_Inpired_PSO_Classifcation\featus\malignant\801_HC_Annotation.png,malignant
C:\Users\HishamMo\Desktop\999_cs\Quantum_Inpired_PSO_Classifcation\featus\malignant\802_HC.png,malignant
C:\Users\HishamMo\Desktop\999_cs\Quantum_Inpired_PSO_Classifcation\featus\malignant\802_HC_Annotation.png,malignant
C:\Users\HishamMo\Desktop\999_cs\Quantum_Inpired_PSO_Classifcation\featus\malignant\803_HC.png,malignant
C:\Users\HishamMo\Desktop\999_cs\Quantum_Inpired_PSO_Classifcation\featus\malignant\803_HC_Annotation.png,malignant
C:\Users\HishamMo\Desktop\999_cs\Quantum_Inpired_PSO_Classifcation\featus\malignant\804_2HC.png,malignant
C:\Users\HishamMo\Desktop\999_cs\Quantum_Inpired_PSO_Classifcation\featus\malignant\804_2HC_Annotation.png,malignant
C:\Users\HishamMo\Desktop\999_cs\Quantum_Inpired_PSO_Classifcation\featus\malignant\805_HC.png,malignant
C:\Users\HishamMo\Desktop\999_cs\Quantum_Inpired_PSO_Classifcation\featus\malignant\805_HC_Annotation.png,malignant
C:\Users\HishamMo\Desktop\999_cs\Quantum_Inpired_PSO_Classifcation\featus\malignant\806_HC.png,malignant
C:\Users\HishamMo\Desktop\999_cs\Quantum_Inpired_PSO_Classifcation\featus\malignant\806_HC_Annotation.png,malignant
C:\Users\HishamMo\Desktop\999_cs\Quantum_Inpired_PSO_Classifcation\featus\malignant\807_HC.png,malignant
C:\Users\HishamMo\Desktop\999_cs\Quantum_Inpired_PSO_Classifcation\featus\malignant\807_HC_Annotation.png,malignant
C:\Users\HishamMo\Desktop\999_cs\Quantum_Inpired_PSO_Classifcation\featus\malignant\808_HC.png,malignant
C:\Users\HishamMo\Desktop\999_cs\Quantum_Inpired_PSO_Classifcation\featus\malignant\808_HC_Annotation.png,malignant
C:\Users\HishamMo\Desktop\999_cs\Quantum_Inpired_PSO_Classifcation\featus\malignant\809_HC.png,malignant
C:\Users\HishamMo\Desktop\999_cs\Quantum_Inpired_PSO_Classifcation\featus\malignant\809_HC_Annotation.png,malignant
C:\Users\HishamMo\Desktop\999_cs\Quantum_Inpired_PSO_Classifcation\featus\malignant\80_HC.png,malignant
C:\Users\HishamMo\Desktop\999_cs\Quantum_Inpired_PSO_Classifcation\featus\malignant\80_HC_Annotation.png,malignant
C:\Users\HishamMo\Desktop\999_cs\Quantum_Inpired_PSO_Classifcation\featus\malignant\810_2HC.png,malignant
C:\Users\HishamMo\Desktop\999_cs\Quantum_Inpired_PSO_Classifcation\featus\malignant\810_2HC_Annotation.png,malignant
C:\Users\HishamMo\Desktop\999_cs\Quantum_Inpired_PSO_Classifcation\featus\malignant\811_HC.png,malignant
C:\Users\HishamMo\Desktop\999_cs\Quantum_Inpired_PSO_Classifcation\featus\malignant\811_HC_Annotation.png,malignant
C:\Users\HishamMo\Desktop\999_cs\Quantum_Inpired_PSO_Classifcation\featus\malignant\812_HC.png,malignant
C:\Users\HishamMo\Desktop\999_cs\Quantum_Inpired_PSO_Classifcation\featus\malignant\812_HC_Annotation.png,malignant
C:\Users\HishamMo\Desktop\999_cs\Quantum_Inpired_PSO_Classifcation\featus\malignant\813_HC.png,malignant
C:\Users\HishamMo\Desktop\999_cs\Quantum_Inpired_PSO_Classifcation\featus\malignant\813_HC_Annotation.png,malignant
C:\Users\HishamMo\Desktop\999_cs\Quantum_Inpired_PSO_Classifcation\featus\malignant\814_HC.png,malignant
C:\Users\HishamMo\Desktop\999_cs\Quantum_Inpired_PSO_Classifcation\featus\malignant\814_HC_Annotation.png,malignant
C:\Users\HishamMo\Desktop\999_cs\Quantum_Inpired_PSO_Classifcation\featus\malignant\815_HC.png,malignant
C:\Users\HishamMo\Desktop\999_cs\Quantum_Inpired_PSO_Classifcation\featus\malignant\815_HC_Annotation.png,malignant
C:\Users\HishamMo\Desktop\999_cs\Quantum_Inpired_PSO_Classifcation\featus\malignant\816_HC.png,malignant
C:\Users\HishamMo\Desktop\999_cs\Quantum_Inpired_PSO_Classifcation\featus\malignant\816_HC_Annotation.png,malignant
C:\Users\HishamMo\Desktop\999_cs\Quantum_Inpired_PSO_Classifcation\featus\malignant\817_HC.png,malignant
C:\Users\HishamMo\Desktop\999_cs\Quantum_Inpired_PSO_Classifcation\featus\malignant\817_HC_Annotation.png,malignant
C:\Users\HishamMo\Desktop\999_cs\Quantum_Inpired_PSO_Classifcation\featus\malignant\818_HC.png,malignant
C:\Users\HishamMo\Desktop\999_cs\Quantum_Inpired_PSO_Classifcation\featus\malignant\818_HC_Annotation.png,malignant
C:\Users\HishamMo\Desktop\999_cs\Quantum_Inpired_PSO_Classifcation\featus\malignant\819_HC.png,malignant
C:\Users\HishamMo\Desktop\999_cs\Quantum_Inpired_PSO_Classifcation\featus\malignant\819_HC_Annotation.png,malignant
C:\Users\HishamMo\Desktop\999_cs\Quantum_Inpired_PSO_Classifcation\featus\malignant\81_2HC.png,malignant
C:\Users\HishamMo\Desktop\999_cs\Quantum_Inpired_PSO_Classifcation\featus\malignant\81_2HC_Annotation.png,malignant
C:\Users\HishamMo\Desktop\999_cs\Quantum_Inpired_PSO_Classifcation\featus\malignant\820_HC.png,malignant
C:\Users\HishamMo\Desktop\999_cs\Quantum_Inpired_PSO_Classifcation\featus\malignant\820_HC_Annotation.png,malignant
C:\Users\HishamMo\Desktop\999_cs\Quantum_Inpired_PSO_Classifcation\featus\malignant\821_HC.png,malignant
C:\Users\HishamMo\Desktop\999_cs\Quantum_Inpired_PSO_Classifcation\featus\malignant\821_HC_Annotation.png,malignant
C:\Users\HishamMo\Desktop\999_cs\Quantum_Inpired_PSO_Classifcation\featus\malignant\822_2HC.png,malignant
C:\Users\HishamMo\Desktop\999_cs\Quantum_Inpired_PSO_Classifcation\featus\malignant\822_2HC_Annotation.png,malignant
C:\Users\HishamMo\Desktop\999_cs\Quantum_Inpired_PSO_Classifcation\featus\malignant\823_HC.png,malignant
C:\Users\HishamMo\Desktop\999_cs\Quantum_Inpired_PSO_Classifcation\featus\malignant\823_HC_Annotation.png,malignant
C:\Users\HishamMo\Desktop\999_cs\Quantum_Inpired_PSO_Classifcation\featus\malignant\824_HC.png,malignant
C:\Users\HishamMo\Desktop\999_cs\Quantum_Inpired_PSO_Classifcation\featus\malignant\824_HC_Annotation.png,malignant
C:\Users\HishamMo\Desktop\999_cs\Quantum_Inpired_PSO_Classifcation\featus\malignant\825_2HC.png,malignant
C:\Users\HishamMo\Desktop\999_cs\Quantum_Inpired_PSO_Classifcation\featus\malignant\825_2HC_Annotation.png,malignant
C:\Users\HishamMo\Desktop\999_cs\Quantum_Inpired_PSO_Classifcation\featus\malignant\826_3HC.png,malignant
C:\Users\HishamMo\Desktop\999_cs\Quantum_Inpired_PSO_Classifcation\featus\malignant\826_3HC_Annotation.png,malignant
C:\Users\HishamMo\Desktop\999_cs\Quantum_Inpired_PSO_Classifcation\featus\malignant\827_HC.png,malignant
C:\Users\HishamMo\Desktop\999_cs\Quantum_Inpired_PSO_Classifcation\featus\malignant\827_HC_Annotation.png,malignant
C:\Users\HishamMo\Desktop\999_cs\Quantum_Inpired_PSO_Classifcation\featus\malignant\828_HC.png,malignant
C:\Users\HishamMo\Desktop\999_cs\Quantum_Inpired_PSO_Classifcation\featus\malignant\828_HC_Annotation.png,malignant
C:\Users\HishamMo\Desktop\999_cs\Quantum_Inpired_PSO_Classifcation\featus\malignant\829_2HC.png,malignant
C:\Users\HishamMo\Desktop\999_cs\Quantum_Inpired_PSO_Classifcation\featus\malignant\829_2HC_Annotation.png,malignant
C:\Users\HishamMo\Desktop\999_cs\Quantum_Inpired_PSO_Classifcation\featus\malignant\82_2HC.png,malignant
C:\Users\HishamMo\Desktop\999_cs\Quantum_Inpired_PSO_Classifcation\featus\malignant\82_2HC_Annotation.png,malignant
C:\Users\HishamMo\Desktop\999_cs\Quantum_Inpired_PSO_Classifcation\featus\malignant\830_HC.png,malignant
C:\Users\HishamMo\Desktop\999_cs\Quantum_Inpired_PSO_Classifcation\featus\malignant\830_HC_Annotation.png,malignant
C:\Users\HishamMo\Desktop\999_cs\Quantum_Inpired_PSO_Classifcation\featus\malignant\831_2HC.png,malignant
C:\Users\HishamMo\Desktop\999_cs\Quantum_Inpired_PSO_Classifcation\featus\malignant\831_2HC_Annotation.png,malignant
C:\Users\HishamMo\Desktop\999_cs\Quantum_Inpired_PSO_Classifcation\featus\malignant\832_2HC.png,malignant
C:\Users\HishamMo\Desktop\999_cs\Quantum_Inpired_PSO_Classifcation\featus\malignant\832_2HC_Annotation.png,malignant
C:\Users\HishamMo\Desktop\999_cs\Quantum_Inpired_PSO_Classifcation\featus\malignant\833_HC.png,malignant
C:\Users\HishamMo\Desktop\999_cs\Quantum_Inpired_PSO_Classifcation\featus\malignant\833_HC_Annotation.png,malignant
C:\Users\HishamMo\Desktop\999_cs\Quantum_Inpired_PSO_Classifcation\featus\malignant\834_HC.png,malignant
C:\Users\HishamMo\Desktop\999_cs\Quantum_Inpired_PSO_Classifcation\featus\malignant\834_HC_Annotation.png,malignant
C:\Users\HishamMo\Desktop\999_cs\Quantum_Inpired_PSO_Classifcation\featus\malignant\835_2HC.png,malignant
C:\Users\HishamMo\Desktop\999_cs\Quantum_Inpired_PSO_Classifcation\featus\malignant\835_2HC_Annotation.png,malignant
C:\Users\HishamMo\Desktop\999_cs\Quantum_Inpired_PSO_Classifcation\featus\malignant\836_HC.png,malignant
C:\Users\HishamMo\Desktop\999_cs\Quantum_Inpired_PSO_Classifcation\featus\malignant\836_HC_Annotation.png,malignant
C:\Users\HishamMo\Desktop\999_cs\Quantum_Inpired_PSO_Classifcation\featus\malignant\837_HC.png,malignant
C:\Users\HishamMo\Desktop\999_cs\Quantum_Inpired_PSO_Classifcation\featus\malignant\837_HC_Annotation.png,malignant
C:\Users\HishamMo\Desktop\999_cs\Quantum_Inpired_PSO_Classifcation\featus\malignant\838_HC.png,malignant
C:\Users\HishamMo\Desktop\999_cs\Quantum_Inpired_PSO_Classifcation\featus\malignant\838_HC_Annotation.png,malignant
C:\Users\HishamMo\Desktop\999_cs\Quantum_Inpired_PSO_Classifcation\featus\malignant\839_HC.png,malignant
C:\Users\HishamMo\Desktop\999_cs\Quantum_Inpired_PSO_Classifcation\featus\malignant\839_HC_Annotation.png,malignant
C:\Users\HishamMo\Desktop\999_cs\Quantum_Inpired_PSO_Classifcation\featus\malignant\83_HC.png,malignant
C:\Users\HishamMo\Desktop\999_cs\Quantum_Inpired_PSO_Classifcation\featus\malignant\83_HC_Annotation.png,malignant
C:\Users\HishamMo\Desktop\999_cs\Quantum_Inpired_PSO_Classifcation\featus\malignant\840_HC.png,malignant
C:\Users\HishamMo\Desktop\999_cs\Quantum_Inpired_PSO_Classifcation\featus\malignant\840_HC_Annotation.png,malignant
C:\Users\HishamMo\Desktop\999_cs\Quantum_Inpired_PSO_Classifcation\featus\malignant\841_HC.png,malignant
C:\Users\HishamMo\Desktop\999_cs\Quantum_Inpired_PSO_Classifcation\featus\malignant\841_HC_Annotation.png,malignant
C:\Users\HishamMo\Desktop\999_cs\Quantum_Inpired_PSO_Classifcation\featus\malignant\842_HC.png,malignant
C:\Users\HishamMo\Desktop\999_cs\Quantum_Inpired_PSO_Classifcation\featus\malignant\842_HC_Annotation.png,malignant
C:\Users\HishamMo\Desktop\999_cs\Quantum_Inpired_PSO_Classifcation\featus\malignant\843_2HC.png,malignant
C:\Users\HishamMo\Desktop\999_cs\Quantum_Inpired_PSO_Classifcation\featus\malignant\843_2HC_Annotation.png,malignant
C:\Users\HishamMo\Desktop\999_cs\Quantum_Inpired_PSO_Classifcation\featus\malignant\844_HC.png,malignant
C:\Users\HishamMo\Desktop\999_cs\Quantum_Inpired_PSO_Classifcation\featus\malignant\844_HC_Annotation.png,malignant
C:\Users\HishamMo\Desktop\999_cs\Quantum_Inpired_PSO_Classifcation\featus\malignant\845_3HC.png,malignant
C:\Users\HishamMo\Desktop\999_cs\Quantum_Inpired_PSO_Classifcation\featus\malignant\845_3HC_Annotation.png,malignant
C:\Users\HishamMo\Desktop\999_cs\Quantum_Inpired_PSO_Classifcation\featus\malignant\846_HC.png,malignant
C:\Users\HishamMo\Desktop\999_cs\Quantum_Inpired_PSO_Classifcation\featus\malignant\846_HC_Annotation.png,malignant
C:\Users\HishamMo\Desktop\999_cs\Quantum_Inpired_PSO_Classifcation\featus\malignant\847_HC.png,malignant
C:\Users\HishamMo\Desktop\999_cs\Quantum_Inpired_PSO_Classifcation\featus\malignant\847_HC_Annotation.png,malignant
C:\Users\HishamMo\Desktop\999_cs\Quantum_Inpired_PSO_Classifcation\featus\malignant\848_HC.png,malignant
C:\Users\HishamMo\Desktop\999_cs\Quantum_Inpired_PSO_Classifcation\featus\malignant\848_HC_Annotation.png,malignant
C:\Users\HishamMo\Desktop\999_cs\Quantum_Inpired_PSO_Classifcation\featus\malignant\849_HC.png,malignant
C:\Users\HishamMo\Desktop\999_cs\Quantum_Inpired_PSO_Classifcation\featus\malignant\849_HC_Annotation.png,malignant
C:\Users\HishamMo\Desktop\999_cs\Quantum_Inpired_PSO_Classifcation\featus\malignant\84_HC.png,malignant
C:\Users\HishamMo\Desktop\999_cs\Quantum_Inpired_PSO_Classifcation\featus\malignant\84_HC_Annotation.png,malignant
C:\Users\HishamMo\Desktop\999_cs\Quantum_Inpired_PSO_Classifcation\featus\malignant\850_2HC.png,malignant
C:\Users\HishamMo\Desktop\999_cs\Quantum_Inpired_PSO_Classifcation\featus\malignant\850_2HC_Annotation.png,malignant
C:\Users\HishamMo\Desktop\999_cs\Quantum_Inpired_PSO_Classifcation\featus\malignant\851_HC.png,malignant
C:\Users\HishamMo\Desktop\999_cs\Quantum_Inpired_PSO_Classifcation\featus\malignant\851_HC_Annotation.png,malignant
C:\Users\HishamMo\Desktop\999_cs\Quantum_Inpired_PSO_Classifcation\featus\malignant\852_HC.png,malignant
C:\Users\HishamMo\Desktop\999_cs\Quantum_Inpired_PSO_Classifcation\featus\malignant\852_HC_Annotation.png,malignant
C:\Users\HishamMo\Desktop\999_cs\Quantum_Inpired_PSO_Classifcation\featus\malignant\853_2HC.png,malignant
C:\Users\HishamMo\Desktop\999_cs\Quantum_Inpired_PSO_Classifcation\featus\malignant\853_2HC_Annotation.png,malignant
C:\Users\HishamMo\Desktop\999_cs\Quantum_Inpired_PSO_Classifcation\featus\malignant\854_HC.png,malignant
C:\Users\HishamMo\Desktop\999_cs\Quantum_Inpired_PSO_Classifcation\featus\malignant\854_HC_Annotation.png,malignant
C:\Users\HishamMo\Desktop\999_cs\Quantum_Inpired_PSO_Classifcation\featus\malignant\855_HC.png,malignant
C:\Users\HishamMo\Desktop\999_cs\Quantum_Inpired_PSO_Classifcation\featus\malignant\855_HC_Annotation.png,malignant
C:\Users\HishamMo\Desktop\999_cs\Quantum_Inpired_PSO_Classifcation\featus\malignant\856_HC.png,malignant
C:\Users\HishamMo\Desktop\999_cs\Quantum_Inpired_PSO_Classifcation\featus\malignant\856_HC_Annotation.png,malignant
C:\Users\HishamMo\Desktop\999_cs\Quantum_Inpired_PSO_Classifcation\featus\malignant\857_HC.png,malignant
C:\Users\HishamMo\Desktop\999_cs\Quantum_Inpired_PSO_Classifcation\featus\malignant\857_HC_Annotation.png,malignant
C:\Users\HishamMo\Desktop\999_cs\Quantum_Inpired_PSO_Classifcation\featus\malignant\858_HC.png,malignant
C:\Users\HishamMo\Desktop\999_cs\Quantum_Inpired_PSO_Classifcation\featus\malignant\858_HC_Annotation.png,malignant
C:\Users\HishamMo\Desktop\999_cs\Quantum_Inpired_PSO_Classifcation\featus\malignant\859_HC.png,malignant
C:\Users\HishamMo\Desktop\999_cs\Quantum_Inpired_PSO_Classifcation\featus\malignant\859_HC_Annotation.png,malignant
C:\Users\HishamMo\Desktop\999_cs\Quantum_Inpired_PSO_Classifcation\featus\malignant\85_2HC.png,malignant
C:\Users\HishamMo\Desktop\999_cs\Quantum_Inpired_PSO_Classifcation\featus\malignant\85_2HC_Annotation.png,malignant
C:\Users\HishamMo\Desktop\999_cs\Quantum_Inpired_PSO_Classifcation\featus\malignant\860_HC.png,malignant
C:\Users\HishamMo\Desktop\999_cs\Quantum_Inpired_PSO_Classifcation\featus\malignant\860_HC_Annotation.png,malignant
C:\Users\HishamMo\Desktop\999_cs\Quantum_Inpired_PSO_Classifcation\featus\malignant\861_HC.png,malignant
C:\Users\HishamMo\Desktop\999_cs\Quantum_Inpired_PSO_Classifcation\featus\malignant\861_HC_Annotation.png,malignant
C:\Users\HishamMo\Desktop\999_cs\Quantum_Inpired_PSO_Classifcation\featus\malignant\862_HC.png,malignant
C:\Users\HishamMo\Desktop\999_cs\Quantum_Inpired_PSO_Classifcation\featus\malignant\862_HC_Annotation.png,malignant
C:\Users\HishamMo\Desktop\999_cs\Quantum_Inpired_PSO_Classifcation\featus\malignant\863_HC.png,malignant
C:\Users\HishamMo\Desktop\999_cs\Quantum_Inpired_PSO_Classifcation\featus\malignant\863_HC_Annotation.png,malignant
C:\Users\HishamMo\Desktop\999_cs\Quantum_Inpired_PSO_Classifcation\featus\malignant\864_HC.png,malignant
C:\Users\HishamMo\Desktop\999_cs\Quantum_Inpired_PSO_Classifcation\featus\malignant\864_HC_Annotation.png,malignant
C:\Users\HishamMo\Desktop\999_cs\Quantum_Inpired_PSO_Classifcation\featus\malignant\865_HC.png,malignant
C:\Users\HishamMo\Desktop\999_cs\Quantum_Inpired_PSO_Classifcation\featus\malignant\865_HC_Annotation.png,malignant
C:\Users\HishamMo\Desktop\999_cs\Quantum_Inpired_PSO_Classifcation\featus\malignant\866_2HC.png,malignant
C:\Users\HishamMo\Desktop\999_cs\Quantum_Inpired_PSO_Classifcation\featus\malignant\866_2HC_Annotation.png,malignant
C:\Users\HishamMo\Desktop\999_cs\Quantum_Inpired_PSO_Classifcation\featus\malignant\867_HC.png,malignant
C:\Users\HishamMo\Desktop\999_cs\Quantum_Inpired_PSO_Classifcation\featus\malignant\867_HC_Annotation.png,malignant
C:\Users\HishamMo\Desktop\999_cs\Quantum_Inpired_PSO_Classifcation\featus\malignant\868_HC.png,malignant
C:\Users\HishamMo\Desktop\999_cs\Quantum_Inpired_PSO_Classifcation\featus\malignant\868_HC_Annotation.png,malignant
C:\Users\HishamMo\Desktop\999_cs\Quantum_Inpired_PSO_Classifcation\featus\malignant\869_HC.png,malignant
C:\Users\HishamMo\Desktop\999_cs\Quantum_Inpired_PSO_Classifcation\featus\malignant\869_HC_Annotation.png,malignant
C:\Users\HishamMo\Desktop\999_cs\Quantum_Inpired_PSO_Classifcation\featus\malignant\86_HC.png,malignant
C:\Users\HishamMo\Desktop\999_cs\Quantum_Inpired_PSO_Classifcation\featus\malignant\86_HC_Annotation.png,malignant
C:\Users\HishamMo\Desktop\999_cs\Quantum_Inpired_PSO_Classifcation\featus\malignant\870_HC.png,malignant
C:\Users\HishamMo\Desktop\999_cs\Quantum_Inpired_PSO_Classifcation\featus\malignant\870_HC_Annotation.png,malignant
C:\Users\HishamMo\Desktop\999_cs\Quantum_Inpired_PSO_Classifcation\featus\malignant\871_3HC.png,malignant
C:\Users\HishamMo\Desktop\999_cs\Quantum_Inpired_PSO_Classifcation\featus\malignant\871_3HC_Annotation.png,malignant
C:\Users\HishamMo\Desktop\999_cs\Quantum_Inpired_PSO_Classifcation\featus\malignant\872_4HC.png,malignant
C:\Users\HishamMo\Desktop\999_cs\Quantum_Inpired_PSO_Classifcation\featus\malignant\872_4HC_Annotation.png,malignant
C:\Users\HishamMo\Desktop\999_cs\Quantum_Inpired_PSO_Classifcation\featus\malignant\873_HC.png,malignant
C:\Users\HishamMo\Desktop\999_cs\Quantum_Inpired_PSO_Classifcation\featus\malignant\873_HC_Annotation.png,malignant
C:\Users\HishamMo\Desktop\999_cs\Quantum_Inpired_PSO_Classifcation\featus\malignant\874_2HC.png,malignant
C:\Users\HishamMo\Desktop\999_cs\Quantum_Inpired_PSO_Classifcation\featus\malignant\874_2HC_Annotation.png,malignant
C:\Users\HishamMo\Desktop\999_cs\Quantum_Inpired_PSO_Classifcation\featus\malignant\875_HC.png,malignant
C:\Users\HishamMo\Desktop\999_cs\Quantum_Inpired_PSO_Classifcation\featus\malignant\875_HC_Annotation.png,malignant
C:\Users\HishamMo\Desktop\999_cs\Quantum_Inpired_PSO_Classifcation\featus\malignant\876_HC.png,malignant
C:\Users\HishamMo\Desktop\999_cs\Quantum_Inpired_PSO_Classifcation\featus\malignant\876_HC_Annotation.png,malignant
C:\Users\HishamMo\Desktop\999_cs\Quantum_Inpired_PSO_Classifcation\featus\malignant\877_HC.png,malignant
C:\Users\HishamMo\Desktop\999_cs\Quantum_Inpired_PSO_Classifcation\featus\malignant\877_HC_Annotation.png,malignant
C:\Users\HishamMo\Desktop\999_cs\Quantum_Inpired_PSO_Classifcation\featus\malignant\878_2HC.png,malignant
C:\Users\HishamMo\Desktop\999_cs\Quantum_Inpired_PSO_Classifcation\featus\malignant\878_2HC_Annotation.png,malignant
C:\Users\HishamMo\Desktop\999_cs\Quantum_Inpired_PSO_Classifcation\featus\malignant\879_HC.png,malignant
C:\Users\HishamMo\Desktop\999_cs\Quantum_Inpired_PSO_Classifcation\featus\malignant\879_HC_Annotation.png,malignant
C:\Users\HishamMo\Desktop\999_cs\Quantum_Inpired_PSO_Classifcation\featus\malignant\87_HC.png,malignant
C:\Users\HishamMo\Desktop\999_cs\Quantum_Inpired_PSO_Classifcation\featus\malignant\87_HC_Annotation.png,malignant
C:\Users\HishamMo\Desktop\999_cs\Quantum_Inpired_PSO_Classifcation\featus\malignant\880_HC.png,malignant
C:\Users\HishamMo\Desktop\999_cs\Quantum_Inpired_PSO_Classifcation\featus\malignant\880_HC_Annotation.png,malignant
C:\Users\HishamMo\Desktop\999_cs\Quantum_Inpired_PSO_Classifcation\featus\malignant\881_HC.png,malignant
C:\Users\HishamMo\Desktop\999_cs\Quantum_Inpired_PSO_Classifcation\featus\malignant\881_HC_Annotation.png,malignant
C:\Users\HishamMo\Desktop\999_cs\Quantum_Inpired_PSO_Classifcation\featus\malignant\882_7HC.png,malignant
C:\Users\HishamMo\Desktop\999_cs\Quantum_Inpired_PSO_Classifcation\featus\malignant\882_7HC_Annotation.png,malignant
C:\Users\HishamMo\Desktop\999_cs\Quantum_Inpired_PSO_Classifcation\featus\malignant\883_HC.png,malignant
C:\Users\HishamMo\Desktop\999_cs\Quantum_Inpired_PSO_Classifcation\featus\malignant\883_HC_Annotation.png,malignant
C:\Users\HishamMo\Desktop\999_cs\Quantum_Inpired_PSO_Classifcation\featus\malignant\884_2HC.png,malignant
C:\Users\HishamMo\Desktop\999_cs\Quantum_Inpired_PSO_Classifcation\featus\malignant\884_2HC_Annotation.png,malignant
C:\Users\HishamMo\Desktop\999_cs\Quantum_Inpired_PSO_Classifcation\featus\malignant\885_HC.png,malignant
C:\Users\HishamMo\Desktop\999_cs\Quantum_Inpired_PSO_Classifcation\featus\malignant\885_HC_Annotation.png,malignant
C:\Users\HishamMo\Desktop\999_cs\Quantum_Inpired_PSO_Classifcation\featus\malignant\886_2HC.png,malignant
C:\Users\HishamMo\Desktop\999_cs\Quantum_Inpired_PSO_Classifcation\featus\malignant\886_2HC_Annotation.png,malignant
C:\Users\HishamMo\Desktop\999_cs\Quantum_Inpired_PSO_Classifcation\featus\malignant\887_HC.png,malignant
C:\Users\HishamMo\Desktop\999_cs\Quantum_Inpired_PSO_Classifcation\featus\malignant\887_HC_Annotation.png,malignant
C:\Users\HishamMo\Desktop\999_cs\Quantum_Inpired_PSO_Classifcation\featus\malignant\888_HC.png,malignant
C:\Users\HishamMo\Desktop\999_cs\Quantum_Inpired_PSO_Classifcation\featus\malignant\888_HC_Annotation.png,malignant
C:\Users\HishamMo\Desktop\999_cs\Quantum_Inpired_PSO_Classifcation\featus\malignant\889_3HC.png,malignant
C:\Users\HishamMo\Desktop\999_cs\Quantum_Inpired_PSO_Classifcation\featus\malignant\889_3HC_Annotation.png,malignant
C:\Users\HishamMo\Desktop\999_cs\Quantum_Inpired_PSO_Classifcation\featus\malignant\88_HC.png,malignant
C:\Users\HishamMo\Desktop\999_cs\Quantum_Inpired_PSO_Classifcation\featus\malignant\88_HC_Annotation.png,malignant
C:\Users\HishamMo\Desktop\999_cs\Quantum_Inpired_PSO_Classifcation\featus\malignant\890_4HC.png,malignant
C:\Users\HishamMo\Desktop\999_cs\Quantum_Inpired_PSO_Classifcation\featus\malignant\890_4HC_Annotation.png,malignant
C:\Users\HishamMo\Desktop\999_cs\Quantum_Inpired_PSO_Classifcation\featus\malignant\891_HC.png,malignant
C:\Users\HishamMo\Desktop\999_cs\Quantum_Inpired_PSO_Classifcation\featus\malignant\891_HC_Annotation.png,malignant
C:\Users\HishamMo\Desktop\999_cs\Quantum_Inpired_PSO_Classifcation\featus\malignant\892_HC.png,malignant
C:\Users\HishamMo\Desktop\999_cs\Quantum_Inpired_PSO_Classifcation\featus\malignant\892_HC_Annotation.png,malignant
C:\Users\HishamMo\Desktop\999_cs\Quantum_Inpired_PSO_Classifcation\featus\malignant\893_HC.png,malignant
C:\Users\HishamMo\Desktop\999_cs\Quantum_Inpired_PSO_Classifcation\featus\malignant\893_HC_Annotation.png,malignant
C:\Users\HishamMo\Desktop\999_cs\Quantum_Inpired_PSO_Classifcation\featus\malignant\894_HC.png,malignant
C:\Users\HishamMo\Desktop\999_cs\Quantum_Inpired_PSO_Classifcation\featus\malignant\894_HC_Annotation.png,malignant
C:\Users\HishamMo\Desktop\999_cs\Quantum_Inpired_PSO_Classifcation\featus\malignant\895_2HC.png,malignant
C:\Users\HishamMo\Desktop\999_cs\Quantum_Inpired_PSO_Classifcation\featus\malignant\895_2HC_Annotation.png,malignant
C:\Users\HishamMo\Desktop\999_cs\Quantum_Inpired_PSO_Classifcation\featus\malignant\896_HC.png,malignant
C:\Users\HishamMo\Desktop\999_cs\Quantum_Inpired_PSO_Classifcation\featus\malignant\896_HC_Annotation.png,malignant
C:\Users\HishamMo\Desktop\999_cs\Quantum_Inpired_PSO_Classifcation\featus\malignant\897_HC.png,malignant
C:\Users\HishamMo\Desktop\999_cs\Quantum_Inpired_PSO_Classifcation\featus\malignant\897_HC_Annotation.png,malignant
C:\Users\HishamMo\Desktop\999_cs\Quantum_Inpired_PSO_Classifcation\featus\malignant\898_HC.png,malignant
C:\Users\HishamMo\Desktop\999_cs\Quantum_Inpired_PSO_Classifcation\featus\malignant\898_HC_Annotation.png,malignant
C:\Users\HishamMo\Desktop\999_cs\Quantum_Inpired_PSO_Classifcation\featus\malignant\899_HC.png,malignant
C:\Users\HishamMo\Desktop\999_cs\Quantum_Inpired_PSO_Classifcation\featus\malignant\899_HC_Annotation.png,malignant
C:\Users\HishamMo\Desktop\999_cs\Quantum_Inpired_PSO_Classifcation\featus\malignant\89_HC.png,malignant
C:\Users\HishamMo\Desktop\999_cs\Quantum_Inpired_PSO_Classifcation\featus\malignant\89_HC_Annotation.png,malignant
C:\Users\HishamMo\Desktop\999_cs\Quantum_Inpired_PSO_Classifcation\featus\malignant\8_2HC.png,malignant
C:\Users\HishamMo\Desktop\999_cs\Quantum_Inpired_PSO_Classifcation\featus\malignant\8_2HC_Annotation.png,malignant
C:\Users\HishamMo\Desktop\999_cs\Quantum_Inpired_PSO_Classifcation\featus\malignant\900_HC.png,malignant
C:\Users\HishamMo\Desktop\999_cs\Quantum_Inpired_PSO_Classifcation\featus\malignant\900_HC_Annotation.png,malignant
C:\Users\HishamMo\Desktop\999_cs\Quantum_Inpired_PSO_Classifcation\featus\malignant\901_2HC.png,malignant
C:\Users\HishamMo\Desktop\999_cs\Quantum_Inpired_PSO_Classifcation\featus\malignant\901_2HC_Annotation.png,malignant
C:\Users\HishamMo\Desktop\999_cs\Quantum_Inpired_PSO_Classifcation\featus\malignant\902_HC.png,malignant
C:\Users\HishamMo\Desktop\999_cs\Quantum_Inpired_PSO_Classifcation\featus\malignant\902_HC_Annotation.png,malignant
C:\Users\HishamMo\Desktop\999_cs\Quantum_Inpired_PSO_Classifcation\featus\malignant\903_2HC.png,malignant
C:\Users\HishamMo\Desktop\999_cs\Quantum_Inpired_PSO_Classifcation\featus\malignant\903_2HC_Annotation.png,malignant
C:\Users\HishamMo\Desktop\999_cs\Quantum_Inpired_PSO_Classifcation\featus\malignant\904_3HC.png,malignant
C:\Users\HishamMo\Desktop\999_cs\Quantum_Inpired_PSO_Classifcation\featus\malignant\904_3HC_Annotation.png,malignant
C:\Users\HishamMo\Desktop\999_cs\Quantum_Inpired_PSO_Classifcation\featus\malignant\905_HC.png,malignant
C:\Users\HishamMo\Desktop\999_cs\Quantum_Inpired_PSO_Classifcation\featus\malignant\905_HC_Annotation.png,malignant
C:\Users\HishamMo\Desktop\999_cs\Quantum_Inpired_PSO_Classifcation\featus\malignant\906_HC.png,malignant
C:\Users\HishamMo\Desktop\999_cs\Quantum_Inpired_PSO_Classifcation\featus\malignant\906_HC_Annotation.png,malignant
C:\Users\HishamMo\Desktop\999_cs\Quantum_Inpired_PSO_Classifcation\featus\malignant\907_HC.png,malignant
C:\Users\HishamMo\Desktop\999_cs\Quantum_Inpired_PSO_Classifcation\featus\malignant\907_HC_Annotation.png,malignant
C:\Users\HishamMo\Desktop\999_cs\Quantum_Inpired_PSO_Classifcation\featus\malignant\908_HC.png,malignant
C:\Users\HishamMo\Desktop\999_cs\Quantum_Inpired_PSO_Classifcation\featus\malignant\908_HC_Annotation.png,malignant
C:\Users\HishamMo\Desktop\999_cs\Quantum_Inpired_PSO_Classifcation\featus\malignant\909_HC.png,malignant
C:\Users\HishamMo\Desktop\999_cs\Quantum_Inpired_PSO_Classifcation\featus\malignant\909_HC_Annotation.png,malignant
C:\Users\HishamMo\Desktop\999_cs\Quantum_Inpired_PSO_Classifcation\featus\malignant\90_HC.png,malignant
C:\Users\HishamMo\Desktop\999_cs\Quantum_Inpired_PSO_Classifcation\featus\malignant\90_HC_Annotation.png,malignant
C:\Users\HishamMo\Desktop\999_cs\Quantum_Inpired_PSO_Classifcation\featus\malignant\910_2HC.png,malignant
C:\Users\HishamMo\Desktop\999_cs\Quantum_Inpired_PSO_Classifcation\featus\malignant\910_2HC_Annotation.png,malignant
C:\Users\HishamMo\Desktop\999_cs\Quantum_Inpired_PSO_Classifcation\featus\malignant\911_HC.png,malignant
C:\Users\HishamMo\Desktop\999_cs\Quantum_Inpired_PSO_Classifcation\featus\malignant\911_HC_Annotation.png,malignant
C:\Users\HishamMo\Desktop\999_cs\Quantum_Inpired_PSO_Classifcation\featus\malignant\912_HC.png,malignant
C:\Users\HishamMo\Desktop\999_cs\Quantum_Inpired_PSO_Classifcation\featus\malignant\912_HC_Annotation.png,malignant
C:\Users\HishamMo\Desktop\999_cs\Quantum_Inpired_PSO_Classifcation\featus\malignant\913_2HC.png,malignant
C:\Users\HishamMo\Desktop\999_cs\Quantum_Inpired_PSO_Classifcation\featus\malignant\913_2HC_Annotation.png,malignant
C:\Users\HishamMo\Desktop\999_cs\Quantum_Inpired_PSO_Classifcation\featus\malignant\914_2HC.png,malignant
C:\Users\HishamMo\Desktop\999_cs\Quantum_Inpired_PSO_Classifcation\featus\malignant\914_2HC_Annotation.png,malignant
C:\Users\HishamMo\Desktop\999_cs\Quantum_Inpired_PSO_Classifcation\featus\malignant\915_HC.png,malignant
C:\Users\HishamMo\Desktop\999_cs\Quantum_Inpired_PSO_Classifcation\featus\malignant\915_HC_Annotation.png,malignant
C:\Users\HishamMo\Desktop\999_cs\Quantum_Inpired_PSO_Classifcation\featus\malignant\916_HC.png,malignant
C:\Users\HishamMo\Desktop\999_cs\Quantum_Inpired_PSO_Classifcation\featus\malignant\916_HC_Annotation.png,malignant
C:\Users\HishamMo\Desktop\999_cs\Quantum_Inpired_PSO_Classifcation\featus\malignant\917_HC.png,malignant
C:\Users\HishamMo\Desktop\999_cs\Quantum_Inpired_PSO_Classifcation\featus\malignant\917_HC_Annotation.png,malignant
C:\Users\HishamMo\Desktop\999_cs\Quantum_Inpired_PSO_Classifcation\featus\malignant\918_HC.png,malignant
C:\Users\HishamMo\Desktop\999_cs\Quantum_Inpired_PSO_Classifcation\featus\malignant\918_HC_Annotation.png,malignant
C:\Users\HishamMo\Desktop\999_cs\Quantum_Inpired_PSO_Classifcation\featus\malignant\919_HC.png,malignant
C:\Users\HishamMo\Desktop\999_cs\Quantum_Inpired_PSO_Classifcation\featus\malignant\919_HC_Annotation.png,malignant
C:\Users\HishamMo\Desktop\999_cs\Quantum_Inpired_PSO_Classifcation\featus\malignant\91_HC.png,malignant
C:\Users\HishamMo\Desktop\999_cs\Quantum_Inpired_PSO_Classifcation\featus\malignant\91_HC_Annotation.png,malignant
C:\Users\HishamMo\Desktop\999_cs\Quantum_Inpired_PSO_Classifcation\featus\malignant\920_HC.png,malignant
C:\Users\HishamMo\Desktop\999_cs\Quantum_Inpired_PSO_Classifcation\featus\malignant\920_HC_Annotation.png,malignant
C:\Users\HishamMo\Desktop\999_cs\Quantum_Inpired_PSO_Classifcation\featus\malignant\921_2HC.png,malignant
C:\Users\HishamMo\Desktop\999_cs\Quantum_Inpired_PSO_Classifcation\featus\malignant\921_2HC_Annotation.png,malignant
C:\Users\HishamMo\Desktop\999_cs\Quantum_Inpired_PSO_Classifcation\featus\malignant\922_3HC.png,malignant
C:\Users\HishamMo\Desktop\999_cs\Quantum_Inpired_PSO_Classifcation\featus\malignant\922_3HC_Annotation.png,malignant
C:\Users\HishamMo\Desktop\999_cs\Quantum_Inpired_PSO_Classifcation\featus\malignant\923_4HC.png,malignant
C:\Users\HishamMo\Desktop\999_cs\Quantum_Inpired_PSO_Classifcation\featus\malignant\923_4HC_Annotation.png,malignant
C:\Users\HishamMo\Desktop\999_cs\Quantum_Inpired_PSO_Classifcation\featus\malignant\924_HC.png,malignant
C:\Users\HishamMo\Desktop\999_cs\Quantum_Inpired_PSO_Classifcation\featus\malignant\924_HC_Annotation.png,malignant
C:\Users\HishamMo\Desktop\999_cs\Quantum_Inpired_PSO_Classifcation\featus\malignant\925_HC.png,malignant
C:\Users\HishamMo\Desktop\999_cs\Quantum_Inpired_PSO_Classifcation\featus\malignant\925_HC_Annotation.png,malignant
C:\Users\HishamMo\Desktop\999_cs\Quantum_Inpired_PSO_Classifcation\featus\malignant\926_HC.png,malignant
C:\Users\HishamMo\Desktop\999_cs\Quantum_Inpired_PSO_Classifcation\featus\malignant\926_HC_Annotation.png,malignant
C:\Users\HishamMo\Desktop\999_cs\Quantum_Inpired_PSO_Classifcation\featus\malignant\927_HC.png,malignant
C:\Users\HishamMo\Desktop\999_cs\Quantum_Inpired_PSO_Classifcation\featus\malignant\927_HC_Annotation.png,malignant
C:\Users\HishamMo\Desktop\999_cs\Quantum_Inpired_PSO_Classifcation\featus\malignant\928_HC.png,malignant
C:\Users\HishamMo\Desktop\999_cs\Quantum_Inpired_PSO_Classifcation\featus\malignant\928_HC_Annotation.png,malignant
C:\Users\HishamMo\Desktop\999_cs\Quantum_Inpired_PSO_Classifcation\featus\malignant\929_2HC.png,malignant
C:\Users\HishamMo\Desktop\999_cs\Quantum_Inpired_PSO_Classifcation\featus\malignant\929_2HC_Annotation.png,malignant
C:\Users\HishamMo\Desktop\999_cs\Quantum_Inpired_PSO_Classifcation\featus\malignant\92_HC.png,malignant
C:\Users\HishamMo\Desktop\999_cs\Quantum_Inpired_PSO_Classifcation\featus\malignant\92_HC_Annotation.png,malignant
C:\Users\HishamMo\Desktop\999_cs\Quantum_Inpired_PSO_Classifcation\featus\malignant\930_HC.png,malignant
C:\Users\HishamMo\Desktop\999_cs\Quantum_Inpired_PSO_Classifcation\featus\malignant\930_HC_Annotation.png,malignant
C:\Users\HishamMo\Desktop\999_cs\Quantum_Inpired_PSO_Classifcation\featus\malignant\931_HC.png,malignant
C:\Users\HishamMo\Desktop\999_cs\Quantum_Inpired_PSO_Classifcation\featus\malignant\931_HC_Annotation.png,malignant
C:\Users\HishamMo\Desktop\999_cs\Quantum_Inpired_PSO_Classifcation\featus\malignant\932_3HC.png,malignant
C:\Users\HishamMo\Desktop\999_cs\Quantum_Inpired_PSO_Classifcation\featus\malignant\932_3HC_Annotation.png,malignant
C:\Users\HishamMo\Desktop\999_cs\Quantum_Inpired_PSO_Classifcation\featus\malignant\933_HC.png,malignant
C:\Users\HishamMo\Desktop\999_cs\Quantum_Inpired_PSO_Classifcation\featus\malignant\933_HC_Annotation.png,malignant
C:\Users\HishamMo\Desktop\999_cs\Quantum_Inpired_PSO_Classifcation\featus\malignant\934_HC.png,malignant
C:\Users\HishamMo\Desktop\999_cs\Quantum_Inpired_PSO_Classifcation\featus\malignant\934_HC_Annotation.png,malignant
C:\Users\HishamMo\Desktop\999_cs\Quantum_Inpired_PSO_Classifcation\featus\malignant\935_2HC.png,malignant
C:\Users\HishamMo\Desktop\999_cs\Quantum_Inpired_PSO_Classifcation\featus\malignant\935_2HC_Annotation.png,malignant
C:\Users\HishamMo\Desktop\999_cs\Quantum_Inpired_PSO_Classifcation\featus\malignant\936_HC.png,malignant
C:\Users\HishamMo\Desktop\999_cs\Quantum_Inpired_PSO_Classifcation\featus\malignant\936_HC_Annotation.png,malignant
C:\Users\HishamMo\Desktop\999_cs\Quantum_Inpired_PSO_Classifcation\featus\malignant\937_HC.png,malignant
C:\Users\HishamMo\Desktop\999_cs\Quantum_Inpired_PSO_Classifcation\featus\malignant\937_HC_Annotation.png,malignant
C:\Users\HishamMo\Desktop\999_cs\Quantum_Inpired_PSO_Classifcation\featus\malignant\938_HC.png,malignant
C:\Users\HishamMo\Desktop\999_cs\Quantum_Inpired_PSO_Classifcation\featus\malignant\938_HC_Annotation.png,malignant
C:\Users\HishamMo\Desktop\999_cs\Quantum_Inpired_PSO_Classifcation\featus\malignant\939_HC.png,malignant
C:\Users\HishamMo\Desktop\999_cs\Quantum_Inpired_PSO_Classifcation\featus\malignant\939_HC_Annotation.png,malignant
C:\Users\HishamMo\Desktop\999_cs\Quantum_Inpired_PSO_Classifcation\featus\malignant\93_HC.png,malignant
C:\Users\HishamMo\Desktop\999_cs\Quantum_Inpired_PSO_Classifcation\featus\malignant\93_HC_Annotation.png,malignant
C:\Users\HishamMo\Desktop\999_cs\Quantum_Inpired_PSO_Classifcation\featus\malignant\940_2HC.png,malignant
C:\Users\HishamMo\Desktop\999_cs\Quantum_Inpired_PSO_Classifcation\featus\malignant\940_2HC_Annotation.png,malignant
C:\Users\HishamMo\Desktop\999_cs\Quantum_Inpired_PSO_Classifcation\featus\malignant\941_HC.png,malignant
C:\Users\HishamMo\Desktop\999_cs\Quantum_Inpired_PSO_Classifcation\featus\malignant\941_HC_Annotation.png,malignant
C:\Users\HishamMo\Desktop\999_cs\Quantum_Inpired_PSO_Classifcation\featus\malignant\942_HC.png,malignant
C:\Users\HishamMo\Desktop\999_cs\Quantum_Inpired_PSO_Classifcation\featus\malignant\942_HC_Annotation.png,malignant
C:\Users\HishamMo\Desktop\999_cs\Quantum_Inpired_PSO_Classifcation\featus\malignant\943_HC.png,malignant
C:\Users\HishamMo\Desktop\999_cs\Quantum_Inpired_PSO_Classifcation\featus\malignant\943_HC_Annotation.png,malignant
C:\Users\HishamMo\Desktop\999_cs\Quantum_Inpired_PSO_Classifcation\featus\malignant\944_2HC.png,malignant
C:\Users\HishamMo\Desktop\999_cs\Quantum_Inpired_PSO_Classifcation\featus\malignant\944_2HC_Annotation.png,malignant
C:\Users\HishamMo\Desktop\999_cs\Quantum_Inpired_PSO_Classifcation\featus\malignant\945_HC.png,malignant
C:\Users\HishamMo\Desktop\999_cs\Quantum_Inpired_PSO_Classifcation\featus\malignant\945_HC_Annotation.png,malignant
C:\Users\HishamMo\Desktop\999_cs\Quantum_Inpired_PSO_Classifcation\featus\malignant\946_HC.png,malignant
C:\Users\HishamMo\Desktop\999_cs\Quantum_Inpired_PSO_Classifcation\featus\malignant\946_HC_Annotation.png,malignant
C:\Users\HishamMo\Desktop\999_cs\Quantum_Inpired_PSO_Classifcation\featus\malignant\947_HC.png,malignant
C:\Users\HishamMo\Desktop\999_cs\Quantum_Inpired_PSO_Classifcation\featus\malignant\947_HC_Annotation.png,malignant
C:\Users\HishamMo\Desktop\999_cs\Quantum_Inpired_PSO_Classifcation\featus\malignant\948_HC.png,malignant
C:\Users\HishamMo\Desktop\999_cs\Quantum_Inpired_PSO_Classifcation\featus\malignant\948_HC_Annotation.png,malignant
C:\Users\HishamMo\Desktop\999_cs\Quantum_Inpired_PSO_Classifcation\featus\malignant\949_2HC.png,malignant
C:\Users\HishamMo\Desktop\999_cs\Quantum_Inpired_PSO_Classifcation\featus\malignant\949_2HC_Annotation.png,malignant
C:\Users\HishamMo\Desktop\999_cs\Quantum_Inpired_PSO_Classifcation\featus\malignant\94_HC.png,malignant
C:\Users\HishamMo\Desktop\999_cs\Quantum_Inpired_PSO_Classifcation\featus\malignant\94_HC_Annotation.png,malignant
C:\Users\HishamMo\Desktop\999_cs\Quantum_Inpired_PSO_Classifcation\featus\malignant\950_HC.png,malignant
C:\Users\HishamMo\Desktop\999_cs\Quantum_Inpired_PSO_Classifcation\featus\malignant\950_HC_Annotation.png,malignant
C:\Users\HishamMo\Desktop\999_cs\Quantum_Inpired_PSO_Classifcation\featus\malignant\951_HC.png,malignant
C:\Users\HishamMo\Desktop\999_cs\Quantum_Inpired_PSO_Classifcation\featus\malignant\951_HC_Annotation.png,malignant
C:\Users\HishamMo\Desktop\999_cs\Quantum_Inpired_PSO_Classifcation\featus\malignant\952_HC.png,malignant
C:\Users\HishamMo\Desktop\999_cs\Quantum_Inpired_PSO_Classifcation\featus\malignant\952_HC_Annotation.png,malignant
C:\Users\HishamMo\Desktop\999_cs\Quantum_Inpired_PSO_Classifcation\featus\malignant\953_HC.png,malignant
C:\Users\HishamMo\Desktop\999_cs\Quantum_Inpired_PSO_Classifcation\featus\malignant\953_HC_Annotation.png,malignant
C:\Users\HishamMo\Desktop\999_cs\Quantum_Inpired_PSO_Classifcation\featus\malignant\954_HC.png,malignant
C:\Users\HishamMo\Desktop\999_cs\Quantum_Inpired_PSO_Classifcation\featus\malignant\954_HC_Annotation.png,malignant
C:\Users\HishamMo\Desktop\999_cs\Quantum_Inpired_PSO_Classifcation\featus\malignant\955_2HC.png,malignant
C:\Users\HishamMo\Desktop\999_cs\Quantum_Inpired_PSO_Classifcation\featus\malignant\955_2HC_Annotation.png,malignant
C:\Users\HishamMo\Desktop\999_cs\Quantum_Inpired_PSO_Classifcation\featus\malignant\956_3HC.png,malignant
C:\Users\HishamMo\Desktop\999_cs\Quantum_Inpired_PSO_Classifcation\featus\malignant\956_3HC_Annotation.png,malignant
C:\Users\HishamMo\Desktop\999_cs\Quantum_Inpired_PSO_Classifcation\featus\malignant\957_HC.png,malignant
C:\Users\HishamMo\Desktop\999_cs\Quantum_Inpired_PSO_Classifcation\featus\malignant\957_HC_Annotation.png,malignant
C:\Users\HishamMo\Desktop\999_cs\Quantum_Inpired_PSO_Classifcation\featus\malignant\958_HC.png,malignant
C:\Users\HishamMo\Desktop\999_cs\Quantum_Inpired_PSO_Classifcation\featus\malignant\958_HC_Annotation.png,malignant
C:\Users\HishamMo\Desktop\999_cs\Quantum_Inpired_PSO_Classifcation\featus\malignant\959_HC.png,malignant
C:\Users\HishamMo\Desktop\999_cs\Quantum_Inpired_PSO_Classifcation\featus\malignant\959_HC_Annotation.png,malignant
C:\Users\HishamMo\Desktop\999_cs\Quantum_Inpired_PSO_Classifcation\featus\malignant\95_HC.png,malignant
C:\Users\HishamMo\Desktop\999_cs\Quantum_Inpired_PSO_Classifcation\featus\malignant\95_HC_Annotation.png,malignant
C:\Users\HishamMo\Desktop\999_cs\Quantum_Inpired_PSO_Classifcation\featus\malignant\960_HC.png,malignant
C:\Users\HishamMo\Desktop\999_cs\Quantum_Inpired_PSO_Classifcation\featus\malignant\960_HC_Annotation.png,malignant
C:\Users\HishamMo\Desktop\999_cs\Quantum_Inpired_PSO_Classifcation\featus\malignant\961_2HC.png,malignant
C:\Users\HishamMo\Desktop\999_cs\Quantum_Inpired_PSO_Classifcation\featus\malignant\961_2HC_Annotation.png,malignant
C:\Users\HishamMo\Desktop\999_cs\Quantum_Inpired_PSO_Classifcation\featus\malignant\962_HC.png,malignant
C:\Users\HishamMo\Desktop\999_cs\Quantum_Inpired_PSO_Classifcation\featus\malignant\962_HC_Annotation.png,malignant
C:\Users\HishamMo\Desktop\999_cs\Quantum_Inpired_PSO_Classifcation\featus\malignant\963_4HC.png,malignant
C:\Users\HishamMo\Desktop\999_cs\Quantum_Inpired_PSO_Classifcation\featus\malignant\963_4HC_Annotation.png,malignant
C:\Users\HishamMo\Desktop\999_cs\Quantum_Inpired_PSO_Classifcation\featus\malignant\964_HC.png,malignant
C:\Users\HishamMo\Desktop\999_cs\Quantum_Inpired_PSO_Classifcation\featus\malignant\964_HC_Annotation.png,malignant
C:\Users\HishamMo\Desktop\999_cs\Quantum_Inpired_PSO_Classifcation\featus\malignant\965_2HC.png,malignant
C:\Users\HishamMo\Desktop\999_cs\Quantum_Inpired_PSO_Classifcation\featus\malignant\965_2HC_Annotation.png,malignant
C:\Users\HishamMo\Desktop\999_cs\Quantum_Inpired_PSO_Classifcation\featus\malignant\966_HC.png,malignant
C:\Users\HishamMo\Desktop\999_cs\Quantum_Inpired_PSO_Classifcation\featus\malignant\966_HC_Annotation.png,malignant
C:\Users\HishamMo\Desktop\999_cs\Quantum_Inpired_PSO_Classifcation\featus\malignant\967_HC.png,malignant
C:\Users\HishamMo\Desktop\999_cs\Quantum_Inpired_PSO_Classifcation\featus\malignant\967_HC_Annotation.png,malignant
C:\Users\HishamMo\Desktop\999_cs\Quantum_Inpired_PSO_Classifcation\featus\malignant\968_HC.png,malignant
C:\Users\HishamMo\Desktop\999_cs\Quantum_Inpired_PSO_Classifcation\featus\malignant\968_HC_Annotation.png,malignant
C:\Users\HishamMo\Desktop\999_cs\Quantum_Inpired_PSO_Classifcation\featus\malignant\969_2HC.png,malignant
C:\Users\HishamMo\Desktop\999_cs\Quantum_Inpired_PSO_Classifcation\featus\malignant\969_2HC_Annotation.png,malignant
C:\Users\HishamMo\Desktop\999_cs\Quantum_Inpired_PSO_Classifcation\featus\malignant\96_HC.png,malignant
C:\Users\HishamMo\Desktop\999_cs\Quantum_Inpired_PSO_Classifcation\featus\malignant\96_HC_Annotation.png,malignant
C:\Users\HishamMo\Desktop\999_cs\Quantum_Inpired_PSO_Classifcation\featus\malignant\970_3HC.png,malignant
C:\Users\HishamMo\Desktop\999_cs\Quantum_Inpired_PSO_Classifcation\featus\malignant\970_3HC_Annotation.png,malignant
C:\Users\HishamMo\Desktop\999_cs\Quantum_Inpired_PSO_Classifcation\featus\malignant\971_4HC.png,malignant
C:\Users\HishamMo\Desktop\999_cs\Quantum_Inpired_PSO_Classifcation\featus\malignant\971_4HC_Annotation.png,malignant
C:\Users\HishamMo\Desktop\999_cs\Quantum_Inpired_PSO_Classifcation\featus\malignant\972_HC.png,malignant
C:\Users\HishamMo\Desktop\999_cs\Quantum_Inpired_PSO_Classifcation\featus\malignant\972_HC_Annotation.png,malignant
C:\Users\HishamMo\Desktop\999_cs\Quantum_Inpired_PSO_Classifcation\featus\malignant\973_HC.png,malignant
C:\Users\HishamMo\Desktop\999_cs\Quantum_Inpired_PSO_Classifcation\featus\malignant\973_HC_Annotation.png,malignant
C:\Users\HishamMo\Desktop\999_cs\Quantum_Inpired_PSO_Classifcation\featus\malignant\974_2HC.png,malignant
C:\Users\HishamMo\Desktop\999_cs\Quantum_Inpired_PSO_Classifcation\featus\malignant\974_2HC_Annotation.png,malignant
C:\Users\HishamMo\Desktop\999_cs\Quantum_Inpired_PSO_Classifcation\featus\malignant\975_HC.png,malignant
C:\Users\HishamMo\Desktop\999_cs\Quantum_Inpired_PSO_Classifcation\featus\malignant\975_HC_Annotation.png,malignant
C:\Users\HishamMo\Desktop\999_cs\Quantum_Inpired_PSO_Classifcation\featus\malignant\976_HC.png,malignant
C:\Users\HishamMo\Desktop\999_cs\Quantum_Inpired_PSO_Classifcation\featus\malignant\976_HC_Annotation.png,malignant
C:\Users\HishamMo\Desktop\999_cs\Quantum_Inpired_PSO_Classifcation\featus\malignant\977_HC.png,malignant
C:\Users\HishamMo\Desktop\999_cs\Quantum_Inpired_PSO_Classifcation\featus\malignant\977_HC_Annotation.png,malignant
C:\Users\HishamMo\Desktop\999_cs\Quantum_Inpired_PSO_Classifcation\featus\malignant\978_3HC.png,malignant
C:\Users\HishamMo\Desktop\999_cs\Quantum_Inpired_PSO_Classifcation\featus\malignant\978_3HC_Annotation.png,malignant
C:\Users\HishamMo\Desktop\999_cs\Quantum_Inpired_PSO_Classifcation\featus\malignant\979_4HC.png,malignant
C:\Users\HishamMo\Desktop\999_cs\Quantum_Inpired_PSO_Classifcation\featus\malignant\979_4HC_Annotation.png,malignant
C:\Users\HishamMo\Desktop\999_cs\Quantum_Inpired_PSO_Classifcation\featus\malignant\97_HC.png,malignant
C:\Users\HishamMo\Desktop\999_cs\Quantum_Inpired_PSO_Classifcation\featus\malignant\97_HC_Annotation.png,malignant
C:\Users\HishamMo\Desktop\999_cs\Quantum_Inpired_PSO_Classifcation\featus\malignant\980_HC.png,malignant
C:\Users\HishamMo\Desktop\999_cs\Quantum_Inpired_PSO_Classifcation\featus\malignant\980_HC_Annotation.png,malignant
C:\Users\HishamMo\Desktop\999_cs\Quantum_Inpired_PSO_Classifcation\featus\malignant\981_HC.png,malignant
C:\Users\HishamMo\Desktop\999_cs\Quantum_Inpired_PSO_Classifcation\featus\malignant\981_HC_Annotation.png,malignant
C:\Users\HishamMo\Desktop\999_cs\Quantum_Inpired_PSO_Classifcation\featus\malignant\982_HC.png,malignant
C:\Users\HishamMo\Desktop\999_cs\Quantum_Inpired_PSO_Classifcation\featus\malignant\982_HC_Annotation.png,malignant
C:\Users\HishamMo\Desktop\999_cs\Quantum_Inpired_PSO_Classifcation\featus\malignant\983_HC.png,malignant
C:\Users\HishamMo\Desktop\999_cs\Quantum_Inpired_PSO_Classifcation\featus\malignant\983_HC_Annotation.png,malignant
C:\Users\HishamMo\Desktop\999_cs\Quantum_Inpired_PSO_Classifcation\featus\malignant\984_2HC.png,malignant
C:\Users\HishamMo\Desktop\999_cs\Quantum_Inpired_PSO_Classifcation\featus\malignant\984_2HC_Annotation.png,malignant
C:\Users\HishamMo\Desktop\999_cs\Quantum_Inpired_PSO_Classifcation\featus\malignant\985_HC.png,malignant
C:\Users\HishamMo\Desktop\999_cs\Quantum_Inpired_PSO_Classifcation\featus\malignant\985_HC_Annotation.png,malignant
C:\Users\HishamMo\Desktop\999_cs\Quantum_Inpired_PSO_Classifcation\featus\malignant\986_HC.png,malignant
C:\Users\HishamMo\Desktop\999_cs\Quantum_Inpired_PSO_Classifcation\featus\malignant\986_HC_Annotation.png,malignant
C:\Users\HishamMo\Desktop\999_cs\Quantum_Inpired_PSO_Classifcation\featus\malignant\987_2HC.png,malignant
C:\Users\HishamMo\Desktop\999_cs\Quantum_Inpired_PSO_Classifcation\featus\malignant\987_2HC_Annotation.png,malignant
C:\Users\HishamMo\Desktop\999_cs\Quantum_Inpired_PSO_Classifcation\featus\malignant\988_HC.png,malignant
C:\Users\HishamMo\Desktop\999_cs\Quantum_Inpired_PSO_Classifcation\featus\malignant\988_HC_Annotation.png,malignant
C:\Users\HishamMo\Desktop\999_cs\Quantum_Inpired_PSO_Classifcation\featus\malignant\989_2HC.png,malignant
C:\Users\HishamMo\Desktop\999_cs\Quantum_Inpired_PSO_Classifcation\featus\malignant\989_2HC_Annotation.png,malignant
C:\Users\HishamMo\Desktop\999_cs\Quantum_Inpired_PSO_Classifcation\featus\malignant\98_HC.png,malignant
C:\Users\HishamMo\Desktop\999_cs\Quantum_Inpired_PSO_Classifcation\featus\malignant\98_HC_Annotation.png,malignant
C:\Users\HishamMo\Desktop\999_cs\Quantum_Inpired_PSO_Classifcation\featus\malignant\990_HC.png,malignant
C:\Users\HishamMo\Desktop\999_cs\Quantum_Inpired_PSO_Classifcation\featus\malignant\990_HC_Annotation.png,malignant
C:\Users\HishamMo\Desktop\999_cs\Quantum_Inpired_PSO_Classifcation\featus\malignant\991_HC.png,malignant
C:\Users\HishamMo\Desktop\999_cs\Quantum_Inpired_PSO_Classifcation\featus\malignant\991_HC_Annotation.png,malignant
C:\Users\HishamMo\Desktop\999_cs\Quantum_Inpired_PSO_Classifcation\featus\malignant\992_HC.png,malignant
C:\Users\HishamMo\Desktop\999_cs\Quantum_Inpired_PSO_Classifcation\featus\malignant\992_HC_Annotation.png,malignant
C:\Users\HishamMo\Desktop\999_cs\Quantum_Inpired_PSO_Classifcation\featus\malignant\993_HC.png,malignant
C:\Users\HishamMo\Desktop\999_cs\Quantum_Inpired_PSO_Classifcation\featus\malignant\993_HC_Annotation.png,malignant
C:\Users\HishamMo\Desktop\999_cs\Quantum_Inpired_PSO_Classifcation\featus\malignant\994_HC.png,malignant
C:\Users\HishamMo\Desktop\999_cs\Quantum_Inpired_PSO_Classifcation\featus\malignant\994_HC_Annotation.png,malignant
C:\Users\HishamMo\Desktop\999_cs\Quantum_Inpired_PSO_Classifcation\featus\malignant\995_HC.png,malignant
C:\Users\HishamMo\Desktop\999_cs\Quantum_Inpired_PSO_Classifcation\featus\malignant\995_HC_Annotation.png,malignant
C:\Users\HishamMo\Desktop\999_cs\Quantum_Inpired_PSO_Classifcation\featus\malignant\996_HC.png,malignant
C:\Users\HishamMo\Desktop\999_cs\Quantum_Inpired_PSO_Classifcation\featus\malignant\996_HC_Annotation.png,malignant
C:\Users\HishamMo\Desktop\999_cs\Quantum_Inpired_PSO_Classifcation\featus\malignant\997_HC.png,malignant
C:\Users\HishamMo\Desktop\999_cs\Quantum_Inpired_PSO_Classifcation\featus\malignant\997_HC_Annotation.png,malignant
C:\Users\HishamMo\Desktop\999_cs\Quantum_Inpired_PSO_Classifcation\featus\malignant\998_HC.png,malignant
C:\Users\HishamMo\Desktop\999_cs\Quantum_Inpired_PSO_Classifcation\featus\malignant\998_HC_Annotation.png,malignant
C:\Users\HishamMo\Desktop\999_cs\Quantum_Inpired_PSO_Classifcation\featus\malignant\999_HC.png,malignant
C:\Users\HishamMo\Desktop\999_cs\Quantum_Inpired_PSO_Classifcation\featus\malignant\999_HC_Annotation.png,malignant
C:\Users\HishamMo\Desktop\999_cs\Quantum_Inpired_PSO_Classifcation\featus\malignant\99_HC.png,malignant
C:\Users\HishamMo\Desktop\999_cs\Quantum_Inpired_PSO_Classifcation\featus\malignant\99_HC_Annotation.png,malignant
C:\Users\HishamMo\Desktop\999_cs\Quantum_Inpired_PSO_Classifcation\featus\malignant\9_HC.png,malignant
C:\Users\HishamMo\Desktop\999_cs\Quantum_Inpired_PSO_Classifcation\featus\malignant\9_HC_Annotation.png,malignant
C:\Users\HishamMo\Desktop\999_cs\Quantum_Inpired_PSO_Classifcation\featus\malignant\malignant (1)_mask.png,malignant
C:\Users\HishamMo\Desktop\999_cs\Quantum_Inpired_PSO_Classifcation\featus\malignant\malignant (10)_mask.png,malignant
C:\Users\HishamMo\Desktop\999_cs\Quantum_Inpired_PSO_Classifcation\featus\malignant\malignant (100)_mask.png,malignant
C:\Users\HishamMo\Desktop\999_cs\Quantum_Inpired_PSO_Classifcation\featus\malignant\malignant (101)_mask.png,malignant
C:\Users\HishamMo\Desktop\999_cs\Quantum_Inpired_PSO_Classifcation\featus\malignant\malignant (102)_mask.png,malignant
C:\Users\HishamMo\Desktop\999_cs\Quantum_Inpired_PSO_Classifcation\featus\malignant\malignant (103)_mask.png,malignant
C:\Users\HishamMo\Desktop\999_cs\Quantum_Inpired_PSO_Classifcation\featus\malignant\malignant (104)_mask.png,malignant
C:\Users\HishamMo\Desktop\999_cs\Quantum_Inpired_PSO_Classifcation\featus\malignant\malignant (105)_mask.png,malignant
C:\Users\HishamMo\Desktop\999_cs\Quantum_Inpired_PSO_Classifcation\featus\malignant\malignant (106)_mask.png,malignant
C:\Users\HishamMo\Desktop\999_cs\Quantum_Inpired_PSO_Classifcation\featus\malignant\malignant (107)_mask.png,malignant
C:\Users\HishamMo\Desktop\999_cs\Quantum_Inpired_PSO_Classifcation\featus\malignant\malignant (108)_mask.png,malignant
C:\Users\HishamMo\Desktop\999_cs\Quantum_Inpired_PSO_Classifcation\featus\malignant\malignant (109)_mask.png,malignant
C:\Users\HishamMo\Desktop\999_cs\Quantum_Inpired_PSO_Classifcation\featus\malignant\malignant (11)_mask.png,malignant
C:\Users\HishamMo\Desktop\999_cs\Quantum_Inpired_PSO_Classifcation\featus\malignant\malignant (110)_mask.png,malignant
C:\Users\HishamMo\Desktop\999_cs\Quantum_Inpired_PSO_Classifcation\featus\malignant\malignant (111)_mask.png,malignant
C:\Users\HishamMo\Desktop\999_cs\Quantum_Inpired_PSO_Classifcation\featus\malignant\malignant (112)_mask.png,malignant
C:\Users\HishamMo\Desktop\999_cs\Quantum_Inpired_PSO_Classifcation\featus\malignant\malignant (113)_mask.png,malignant
C:\Users\HishamMo\Desktop\999_cs\Quantum_Inpired_PSO_Classifcation\featus\malignant\malignant (114)_mask.png,malignant
C:\Users\HishamMo\Desktop\999_cs\Quantum_Inpired_PSO_Classifcation\featus\malignant\malignant (115)_mask.png,malignant
C:\Users\HishamMo\Desktop\999_cs\Quantum_Inpired_PSO_Classifcation\featus\malignant\malignant (116)_mask.png,malignant
C:\Users\HishamMo\Desktop\999_cs\Quantum_Inpired_PSO_Classifcation\featus\malignant\malignant (117)_mask.png,malignant
C:\Users\HishamMo\Desktop\999_cs\Quantum_Inpired_PSO_Classifcation\featus\malignant\malignant (118)_mask.png,malignant
C:\Users\HishamMo\Desktop\999_cs\Quantum_Inpired_PSO_Classifcation\featus\malignant\malignant (119)_mask.png,malignant
C:\Users\HishamMo\Desktop\999_cs\Quantum_Inpired_PSO_Classifcation\featus\malignant\malignant (12)_mask.png,malignant
C:\Users\HishamMo\Desktop\999_cs\Quantum_Inpired_PSO_Classifcation\featus\malignant\malignant (120)_mask.png,malignant
C:\Users\HishamMo\Desktop\999_cs\Quantum_Inpired_PSO_Classifcation\featus\malignant\malignant (121)_mask.png,malignant
C:\Users\HishamMo\Desktop\999_cs\Quantum_Inpired_PSO_Classifcation\featus\malignant\malignant (122)_mask.png,malignant
C:\Users\HishamMo\Desktop\999_cs\Quantum_Inpired_PSO_Classifcation\featus\malignant\malignant (123)_mask.png,malignant
C:\Users\HishamMo\Desktop\999_cs\Quantum_Inpired_PSO_Classifcation\featus\malignant\malignant (124)_mask.png,malignant
C:\Users\HishamMo\Desktop\999_cs\Quantum_Inpired_PSO_Classifcation\featus\malignant\malignant (125)_mask.png,malignant
C:\Users\HishamMo\Desktop\999_cs\Quantum_Inpired_PSO_Classifcation\featus\malignant\malignant (126)_mask.png,malignant
C:\Users\HishamMo\Desktop\999_cs\Quantum_Inpired_PSO_Classifcation\featus\malignant\malignant (127)_mask.png,malignant
C:\Users\HishamMo\Desktop\999_cs\Quantum_Inpired_PSO_Classifcation\featus\malignant\malignant (128)_mask.png,malignant
C:\Users\HishamMo\Desktop\999_cs\Quantum_Inpired_PSO_Classifcation\featus\malignant\malignant (129)_mask.png,malignant
C:\Users\HishamMo\Desktop\999_cs\Quantum_Inpired_PSO_Classifcation\featus\malignant\malignant (13)_mask.png,malignant
C:\Users\HishamMo\Desktop\999_cs\Quantum_Inpired_PSO_Classifcation\featus\malignant\malignant (130)_mask.png,malignant
C:\Users\HishamMo\Desktop\999_cs\Quantum_Inpired_PSO_Classifcation\featus\malignant\malignant (131)_mask.png,malignant
C:\Users\HishamMo\Desktop\999_cs\Quantum_Inpired_PSO_Classifcation\featus\malignant\malignant (132)_mask.png,malignant
C:\Users\HishamMo\Desktop\999_cs\Quantum_Inpired_PSO_Classifcation\featus\malignant\malignant (133)_mask.png,malignant
C:\Users\HishamMo\Desktop\999_cs\Quantum_Inpired_PSO_Classifcation\featus\malignant\malignant (134)_mask.png,malignant
C:\Users\HishamMo\Desktop\999_cs\Quantum_Inpired_PSO_Classifcation\featus\malignant\malignant (135)_mask.png,malignant
C:\Users\HishamMo\Desktop\999_cs\Quantum_Inpired_PSO_Classifcation\featus\malignant\malignant (136)_mask.png,malignant
C:\Users\HishamMo\Desktop\999_cs\Quantum_Inpired_PSO_Classifcation\featus\malignant\malignant (137)_mask.png,malignant
C:\Users\HishamMo\Desktop\999_cs\Quantum_Inpired_PSO_Classifcation\featus\malignant\malignant (138)_mask.png,malignant
C:\Users\HishamMo\Desktop\999_cs\Quantum_Inpired_PSO_Classifcation\featus\malignant\malignant (139)_mask.png,malignant
C:\Users\HishamMo\Desktop\999_cs\Quantum_Inpired_PSO_Classifcation\featus\malignant\malignant (14)_mask.png,malignant
C:\Users\HishamMo\Desktop\999_cs\Quantum_Inpired_PSO_Classifcation\featus\malignant\malignant (140)_mask.png,malignant
C:\Users\HishamMo\Desktop\999_cs\Quantum_Inpired_PSO_Classifcation\featus\malignant\malignant (141)_mask.png,malignant
C:\Users\HishamMo\Desktop\999_cs\Quantum_Inpired_PSO_Classifcation\featus\malignant\malignant (142)_mask.png,malignant
C:\Users\HishamMo\Desktop\999_cs\Quantum_Inpired_PSO_Classifcation\featus\malignant\malignant (143)_mask.png,malignant
C:\Users\HishamMo\Desktop\999_cs\Quantum_Inpired_PSO_Classifcation\featus\malignant\malignant (144)_mask.png,malignant
C:\Users\HishamMo\Desktop\999_cs\Quantum_Inpired_PSO_Classifcation\featus\malignant\malignant (145)_mask.png,malignant
C:\Users\HishamMo\Desktop\999_cs\Quantum_Inpired_PSO_Classifcation\featus\malignant\malignant (146)_mask.png,malignant
C:\Users\HishamMo\Desktop\999_cs\Quantum_Inpired_PSO_Classifcation\featus\malignant\malignant (147)_mask.png,malignant
C:\Users\HishamMo\Desktop\999_cs\Quantum_Inpired_PSO_Classifcation\featus\malignant\malignant (148)_mask.png,malignant
C:\Users\HishamMo\Desktop\999_cs\Quantum_Inpired_PSO_Classifcation\featus\malignant\malignant (149)_mask.png,malignant
C:\Users\HishamMo\Desktop\999_cs\Quantum_Inpired_PSO_Classifcation\featus\malignant\malignant (15)_mask.png,malignant
C:\Users\HishamMo\Desktop\999_cs\Quantum_Inpired_PSO_Classifcation\featus\malignant\malignant (150)_mask.png,malignant
C:\Users\HishamMo\Desktop\999_cs\Quantum_Inpired_PSO_Classifcation\featus\malignant\malignant (151)_mask.png,malignant
C:\Users\HishamMo\Desktop\999_cs\Quantum_Inpired_PSO_Classifcation\featus\malignant\malignant (152)_mask.png,malignant
C:\Users\HishamMo\Desktop\999_cs\Quantum_Inpired_PSO_Classifcation\featus\malignant\malignant (153)_mask.png,malignant
C:\Users\HishamMo\Desktop\999_cs\Quantum_Inpired_PSO_Classifcation\featus\malignant\malignant (154)_mask.png,malignant
C:\Users\HishamMo\Desktop\999_cs\Quantum_Inpired_PSO_Classifcation\featus\malignant\malignant (155)_mask.png,malignant
C:\Users\HishamMo\Desktop\999_cs\Quantum_Inpired_PSO_Classifcation\featus\malignant\malignant (156)_mask.png,malignant
C:\Users\HishamMo\Desktop\999_cs\Quantum_Inpired_PSO_Classifcation\featus\malignant\malignant (157)_mask.png,malignant
C:\Users\HishamMo\Desktop\999_cs\Quantum_Inpired_PSO_Classifcation\featus\malignant\malignant (158)_mask.png,malignant
C:\Users\HishamMo\Desktop\999_cs\Quantum_Inpired_PSO_Classifcation\featus\malignant\malignant (159)_mask.png,malignant
C:\Users\HishamMo\Desktop\999_cs\Quantum_Inpired_PSO_Classifcation\featus\malignant\malignant (16)_mask.png,malignant
C:\Users\HishamMo\Desktop\999_cs\Quantum_Inpired_PSO_Classifcation\featus\malignant\malignant (160)_mask.png,malignant
C:\Users\HishamMo\Desktop\999_cs\Quantum_Inpired_PSO_Classifcation\featus\malignant\malignant (161)_mask.png,malignant
C:\Users\HishamMo\Desktop\999_cs\Quantum_Inpired_PSO_Classifcation\featus\malignant\malignant (162)_mask.png,malignant
C:\Users\HishamMo\Desktop\999_cs\Quantum_Inpired_PSO_Classifcation\featus\malignant\malignant (163)_mask.png,malignant
C:\Users\HishamMo\Desktop\999_cs\Quantum_Inpired_PSO_Classifcation\featus\malignant\malignant (164)_mask.png,malignant
C:\Users\HishamMo\Desktop\999_cs\Quantum_Inpired_PSO_Classifcation\featus\malignant\malignant (165)_mask.png,malignant
C:\Users\HishamMo\Desktop\999_cs\Quantum_Inpired_PSO_Classifcation\featus\malignant\malignant (166)_mask.png,malignant
C:\Users\HishamMo\Desktop\999_cs\Quantum_Inpired_PSO_Classifcation\featus\malignant\malignant (167)_mask.png,malignant
C:\Users\HishamMo\Desktop\999_cs\Quantum_Inpired_PSO_Classifcation\featus\malignant\malignant (168)_mask.png,malignant
C:\Users\HishamMo\Desktop\999_cs\Quantum_Inpired_PSO_Classifcation\featus\malignant\malignant (169)_mask.png,malignant
C:\Users\HishamMo\Desktop\999_cs\Quantum_Inpired_PSO_Classifcation\featus\malignant\malignant (17)_mask.png,malignant
C:\Users\HishamMo\Desktop\999_cs\Quantum_Inpired_PSO_Classifcation\featus\malignant\malignant (170)_mask.png,malignant
C:\Users\HishamMo\Desktop\999_cs\Quantum_Inpired_PSO_Classifcation\featus\malignant\malignant (171)_mask.png,malignant
C:\Users\HishamMo\Desktop\999_cs\Quantum_Inpired_PSO_Classifcation\featus\malignant\malignant (172)_mask.png,malignant
C:\Users\HishamMo\Desktop\999_cs\Quantum_Inpired_PSO_Classifcation\featus\malignant\malignant (173)_mask.png,malignant
C:\Users\HishamMo\Desktop\999_cs\Quantum_Inpired_PSO_Classifcation\featus\malignant\malignant (174)_mask.png,malignant
C:\Users\HishamMo\Desktop\999_cs\Quantum_Inpired_PSO_Classifcation\featus\malignant\malignant (175)_mask.png,malignant
C:\Users\HishamMo\Desktop\999_cs\Quantum_Inpired_PSO_Classifcation\featus\malignant\malignant (176)_mask.png,malignant
C:\Users\HishamMo\Desktop\999_cs\Quantum_Inpired_PSO_Classifcation\featus\malignant\malignant (177)_mask.png,malignant
C:\Users\HishamMo\Desktop\999_cs\Quantum_Inpired_PSO_Classifcation\featus\malignant\malignant (178)_mask.png,malignant
C:\Users\HishamMo\Desktop\999_cs\Quantum_Inpired_PSO_Classifcation\featus\malignant\malignant (179)_mask.png,malignant
C:\Users\HishamMo\Desktop\999_cs\Quantum_Inpired_PSO_Classifcation\featus\malignant\malignant (18)_mask.png,malignant
C:\Users\HishamMo\Desktop\999_cs\Quantum_Inpired_PSO_Classifcation\featus\malignant\malignant (180)_mask.png,malignant
C:\Users\HishamMo\Desktop\999_cs\Quantum_Inpired_PSO_Classifcation\featus\malignant\malignant (181)_mask.png,malignant
C:\Users\HishamMo\Desktop\999_cs\Quantum_Inpired_PSO_Classifcation\featus\malignant\malignant (182)_mask.png,malignant
C:\Users\HishamMo\Desktop\999_cs\Quantum_Inpired_PSO_Classifcation\featus\malignant\malignant (183)_mask.png,malignant
C:\Users\HishamMo\Desktop\999_cs\Quantum_Inpired_PSO_Classifcation\featus\malignant\malignant (184)_mask.png,malignant
C:\Users\HishamMo\Desktop\999_cs\Quantum_Inpired_PSO_Classifcation\featus\malignant\malignant (185)_mask.png,malignant
C:\Users\HishamMo\Desktop\999_cs\Quantum_Inpired_PSO_Classifcation\featus\malignant\malignant (186)_mask.png,malignant
C:\Users\HishamMo\Desktop\999_cs\Quantum_Inpired_PSO_Classifcation\featus\malignant\malignant (187)_mask.png,malignant
C:\Users\HishamMo\Desktop\999_cs\Quantum_Inpired_PSO_Classifcation\featus\malignant\malignant (188)_mask.png,malignant
C:\Users\HishamMo\Desktop\999_cs\Quantum_Inpired_PSO_Classifcation\featus\malignant\malignant (189)_mask.png,malignant
C:\Users\HishamMo\Desktop\999_cs\Quantum_Inpired_PSO_Classifcation\featus\malignant\malignant (19)_mask.png,malignant
C:\Users\HishamMo\Desktop\999_cs\Quantum_Inpired_PSO_Classifcation\featus\malignant\malignant (190)_mask.png,malignant
C:\Users\HishamMo\Desktop\999_cs\Quantum_Inpired_PSO_Classifcation\featus\malignant\malignant (191)_mask.png,malignant
C:\Users\HishamMo\Desktop\999_cs\Quantum_Inpired_PSO_Classifcation\featus\malignant\malignant (192)_mask.png,malignant
C:\Users\HishamMo\Desktop\999_cs\Quantum_Inpired_PSO_Classifcation\featus\malignant\malignant (193)_mask.png,malignant
C:\Users\HishamMo\Desktop\999_cs\Quantum_Inpired_PSO_Classifcation\featus\malignant\malignant (194)_mask.png,malignant
C:\Users\HishamMo\Desktop\999_cs\Quantum_Inpired_PSO_Classifcation\featus\malignant\malignant (195)_mask.png,malignant
C:\Users\HishamMo\Desktop\999_cs\Quantum_Inpired_PSO_Classifcation\featus\malignant\malignant (196)_mask.png,malignant
C:\Users\HishamMo\Desktop\999_cs\Quantum_Inpired_PSO_Classifcation\featus\malignant\malignant (197)_mask.png,malignant
C:\Users\HishamMo\Desktop\999_cs\Quantum_Inpired_PSO_Classifcation\featus\malignant\malignant (198)_mask.png,malignant
C:\Users\HishamMo\Desktop\999_cs\Quantum_Inpired_PSO_Classifcation\featus\malignant\malignant (199)_mask.png,malignant
C:\Users\HishamMo\Desktop\999_cs\Quantum_Inpired_PSO_Classifcation\featus\malignant\malignant (2)_mask.png,malignant
C:\Users\HishamMo\Desktop\999_cs\Quantum_Inpired_PSO_Classifcation\featus\malignant\malignant (20)_mask.png,malignant
C:\Users\HishamMo\Desktop\999_cs\Quantum_Inpired_PSO_Classifcation\featus\malignant\malignant (200)_mask.png,malignant
C:\Users\HishamMo\Desktop\999_cs\Quantum_Inpired_PSO_Classifcation\featus\malignant\malignant (201)_mask.png,malignant
C:\Users\HishamMo\Desktop\999_cs\Quantum_Inpired_PSO_Classifcation\featus\malignant\malignant (202)_mask.png,malignant
C:\Users\HishamMo\Desktop\999_cs\Quantum_Inpired_PSO_Classifcation\featus\malignant\malignant (203)_mask.png,malignant
C:\Users\HishamMo\Desktop\999_cs\Quantum_Inpired_PSO_Classifcation\featus\malignant\malignant (204)_mask.png,malignant
C:\Users\HishamMo\Desktop\999_cs\Quantum_Inpired_PSO_Classifcation\featus\malignant\malignant (205)_mask.png,malignant
C:\Users\HishamMo\Desktop\999_cs\Quantum_Inpired_PSO_Classifcation\featus\malignant\malignant (206)_mask.png,malignant
C:\Users\HishamMo\Desktop\999_cs\Quantum_Inpired_PSO_Classifcation\featus\malignant\malignant (207)_mask.png,malignant
C:\Users\HishamMo\Desktop\999_cs\Quantum_Inpired_PSO_Classifcation\featus\malignant\malignant (208)_mask.png,malignant
C:\Users\HishamMo\Desktop\999_cs\Quantum_Inpired_PSO_Classifcation\featus\malignant\malignant (209)_mask.png,malignant
C:\Users\HishamMo\Desktop\999_cs\Quantum_Inpired_PSO_Classifcation\featus\malignant\malignant (21)_mask.png,malignant
C:\Users\HishamMo\Desktop\999_cs\Quantum_Inpired_PSO_Classifcation\featus\malignant\malignant (210)_mask.png,malignant
C:\Users\HishamMo\Desktop\999_cs\Quantum_Inpired_PSO_Classifcation\featus\malignant\malignant (22)_mask.png,malignant
C:\Users\HishamMo\Desktop\999_cs\Quantum_Inpired_PSO_Classifcation\featus\malignant\malignant (23)_mask.png,malignant
C:\Users\HishamMo\Desktop\999_cs\Quantum_Inpired_PSO_Classifcation\featus\malignant\malignant (24)_mask.png,malignant
C:\Users\HishamMo\Desktop\999_cs\Quantum_Inpired_PSO_Classifcation\featus\malignant\malignant (25)_mask.png,malignant
C:\Users\HishamMo\Desktop\999_cs\Quantum_Inpired_PSO_Classifcation\featus\malignant\malignant (26)_mask.png,malignant
C:\Users\HishamMo\Desktop\999_cs\Quantum_Inpired_PSO_Classifcation\featus\malignant\malignant (27)_mask.png,malignant
C:\Users\HishamMo\Desktop\999_cs\Quantum_Inpired_PSO_Classifcation\featus\malignant\malignant (28)_mask.png,malignant
C:\Users\HishamMo\Desktop\999_cs\Quantum_Inpired_PSO_Classifcation\featus\malignant\malignant (29)_mask.png,malignant
C:\Users\HishamMo\Desktop\999_cs\Quantum_Inpired_PSO_Classifcation\featus\malignant\malignant (3)_mask.png,malignant
C:\Users\HishamMo\Desktop\999_cs\Quantum_Inpired_PSO_Classifcation\featus\malignant\malignant (30)_mask.png,malignant
C:\Users\HishamMo\Desktop\999_cs\Quantum_Inpired_PSO_Classifcation\featus\malignant\malignant (31)_mask.png,malignant
C:\Users\HishamMo\Desktop\999_cs\Quantum_Inpired_PSO_Classifcation\featus\malignant\malignant (32)_mask.png,malignant
C:\Users\HishamMo\Desktop\999_cs\Quantum_Inpired_PSO_Classifcation\featus\malignant\malignant (33)_mask.png,malignant
C:\Users\HishamMo\Desktop\999_cs\Quantum_Inpired_PSO_Classifcation\featus\malignant\malignant (34)_mask.png,malignant
C:\Users\HishamMo\Desktop\999_cs\Quantum_Inpired_PSO_Classifcation\featus\malignant\malignant (35)_mask.png,malignant
C:\Users\HishamMo\Desktop\999_cs\Quantum_Inpired_PSO_Classifcation\featus\malignant\malignant (36)_mask.png,malignant
C:\Users\HishamMo\Desktop\999_cs\Quantum_Inpired_PSO_Classifcation\featus\malignant\malignant (37)_mask.png,malignant
C:\Users\HishamMo\Desktop\999_cs\Quantum_Inpired_PSO_Classifcation\featus\malignant\malignant (38)_mask.png,malignant
C:\Users\HishamMo\Desktop\999_cs\Quantum_Inpired_PSO_Classifcation\featus\malignant\malignant (39)_mask.png,malignant
C:\Users\HishamMo\Desktop\999_cs\Quantum_Inpired_PSO_Classifcation\featus\malignant\malignant (4)_mask.png,malignant
C:\Users\HishamMo\Desktop\999_cs\Quantum_Inpired_PSO_Classifcation\featus\malignant\malignant (40)_mask.png,malignant
C:\Users\HishamMo\Desktop\999_cs\Quantum_Inpired_PSO_Classifcation\featus\malignant\malignant (41)_mask.png,malignant
C:\Users\HishamMo\Desktop\999_cs\Quantum_Inpired_PSO_Classifcation\featus\malignant\malignant (42)_mask.png,malignant
C:\Users\HishamMo\Desktop\999_cs\Quantum_Inpired_PSO_Classifcation\featus\malignant\malignant (43)_mask.png,malignant
C:\Users\HishamMo\Desktop\999_cs\Quantum_Inpired_PSO_Classifcation\featus\malignant\malignant (44)_mask.png,malignant
C:\Users\HishamMo\Desktop\999_cs\Quantum_Inpired_PSO_Classifcation\featus\malignant\malignant (45)_mask.png,malignant
C:\Users\HishamMo\Desktop\999_cs\Quantum_Inpired_PSO_Classifcation\featus\malignant\malignant (46)_mask.png,malignant
C:\Users\HishamMo\Desktop\999_cs\Quantum_Inpired_PSO_Classifcation\featus\malignant\malignant (47)_mask.png,malignant
C:\Users\HishamMo\Desktop\999_cs\Quantum_Inpired_PSO_Classifcation\featus\malignant\malignant (48)_mask.png,malignant
C:\Users\HishamMo\Desktop\999_cs\Quantum_Inpired_PSO_Classifcation\featus\malignant\malignant (49)_mask.png,malignant
C:\Users\HishamMo\Desktop\999_cs\Quantum_Inpired_PSO_Classifcation\featus\malignant\malignant (5)_mask.png,malignant
C:\Users\HishamMo\Desktop\999_cs\Quantum_Inpired_PSO_Classifcation\featus\malignant\malignant (50)_mask.png,malignant
C:\Users\HishamMo\Desktop\999_cs\Quantum_Inpired_PSO_Classifcation\featus\malignant\malignant (51)_mask.png,malignant
C:\Users\HishamMo\Desktop\999_cs\Quantum_Inpired_PSO_Classifcation\featus\malignant\malignant (52)_mask.png,malignant
C:\Users\HishamMo\Desktop\999_cs\Quantum_Inpired_PSO_Classifcation\featus\malignant\malignant (53)_mask.png,malignant
C:\Users\HishamMo\Desktop\999_cs\Quantum_Inpired_PSO_Classifcation\featus\malignant\malignant (53)_mask_1.png,malignant
C:\Users\HishamMo\Desktop\999_cs\Quantum_Inpired_PSO_Classifcation\featus\malignant\malignant (54)_mask.png,malignant
C:\Users\HishamMo\Desktop\999_cs\Quantum_Inpired_PSO_Classifcation\featus\malignant\malignant (55)_mask.png,malignant
C:\Users\HishamMo\Desktop\999_cs\Quantum_Inpired_PSO_Classifcation\featus\malignant\malignant (56)_mask.png,malignant
C:\Users\HishamMo\Desktop\999_cs\Quantum_Inpired_PSO_Classifcation\featus\malignant\malignant (57)_mask.png,malignant
C:\Users\HishamMo\Desktop\999_cs\Quantum_Inpired_PSO_Classifcation\featus\malignant\malignant (58)_mask.png,malignant
C:\Users\HishamMo\Desktop\999_cs\Quantum_Inpired_PSO_Classifcation\featus\malignant\malignant (59)_mask.png,malignant
C:\Users\HishamMo\Desktop\999_cs\Quantum_Inpired_PSO_Classifcation\featus\malignant\malignant (6)_mask.png,malignant
C:\Users\HishamMo\Desktop\999_cs\Quantum_Inpired_PSO_Classifcation\featus\malignant\malignant (60)_mask.png,malignant
C:\Users\HishamMo\Desktop\999_cs\Quantum_Inpired_PSO_Classifcation\featus\malignant\malignant (61)_mask.png,malignant
C:\Users\HishamMo\Desktop\999_cs\Quantum_Inpired_PSO_Classifcation\featus\malignant\malignant (62)_mask.png,malignant
C:\Users\HishamMo\Desktop\999_cs\Quantum_Inpired_PSO_Classifcation\featus\malignant\malignant (63)_mask.png,malignant
C:\Users\HishamMo\Desktop\999_cs\Quantum_Inpired_PSO_Classifcation\featus\malignant\malignant (64)_mask.png,malignant
C:\Users\HishamMo\Desktop\999_cs\Quantum_Inpired_PSO_Classifcation\featus\malignant\malignant (65)_mask.png,malignant
C:\Users\HishamMo\Desktop\999_cs\Quantum_Inpired_PSO_Classifcation\featus\malignant\malignant (66)_mask.png,malignant
C:\Users\HishamMo\Desktop\999_cs\Quantum_Inpired_PSO_Classifcation\featus\malignant\malignant (67)_mask.png,malignant
C:\Users\HishamMo\Desktop\999_cs\Quantum_Inpired_PSO_Classifcation\featus\malignant\malignant (68)_mask.png,malignant
C:\Users\HishamMo\Desktop\999_cs\Quantum_Inpired_PSO_Classifcation\featus\malignant\malignant (69)_mask.png,malignant
C:\Users\HishamMo\Desktop\999_cs\Quantum_Inpired_PSO_Classifcation\featus\malignant\malignant (7)_mask.png,malignant
C:\Users\HishamMo\Desktop\999_cs\Quantum_Inpired_PSO_Classifcation\featus\malignant\malignant (70)_mask.png,malignant
C:\Users\HishamMo\Desktop\999_cs\Quantum_Inpired_PSO_Classifcation\featus\malignant\malignant (71)_mask.png,malignant
C:\Users\HishamMo\Desktop\999_cs\Quantum_Inpired_PSO_Classifcation\featus\malignant\malignant (72)_mask.png,malignant
C:\Users\HishamMo\Desktop\999_cs\Quantum_Inpired_PSO_Classifcation\featus\malignant\malignant (73)_mask.png,malignant
C:\Users\HishamMo\Desktop\999_cs\Quantum_Inpired_PSO_Classifcation\featus\malignant\malignant (74)_mask.png,malignant
C:\Users\HishamMo\Desktop\999_cs\Quantum_Inpired_PSO_Classifcation\featus\malignant\malignant (75)_mask.png,malignant
C:\Users\HishamMo\Desktop\999_cs\Quantum_Inpired_PSO_Classifcation\featus\malignant\malignant (76)_mask.png,malignant
C:\Users\HishamMo\Desktop\999_cs\Quantum_Inpired_PSO_Classifcation\featus\malignant\malignant (77)_mask.png,malignant
C:\Users\HishamMo\Desktop\999_cs\Quantum_Inpired_PSO_Classifcation\featus\malignant\malignant (78)_mask.png,malignant
C:\Users\HishamMo\Desktop\999_cs\Quantum_Inpired_PSO_Classifcation\featus\malignant\malignant (79)_mask.png,malignant
C:\Users\HishamMo\Desktop\999_cs\Quantum_Inpired_PSO_Classifcation\featus\malignant\malignant (8)_mask.png,malignant
C:\Users\HishamMo\Desktop\999_cs\Quantum_Inpired_PSO_Classifcation\featus\malignant\malignant (80)_mask.png,malignant
C:\Users\HishamMo\Desktop\999_cs\Quantum_Inpired_PSO_Classifcation\featus\malignant\malignant (81)_mask.png,malignant
C:\Users\HishamMo\Desktop\999_cs\Quantum_Inpired_PSO_Classifcation\featus\malignant\malignant (82)_mask.png,malignant
C:\Users\HishamMo\Desktop\999_cs\Quantum_Inpired_PSO_Classifcation\featus\malignant\malignant (83)_mask.png,malignant
C:\Users\HishamMo\Desktop\999_cs\Quantum_Inpired_PSO_Classifcation\featus\malignant\malignant (84)_mask.png,malignant
C:\Users\HishamMo\Desktop\999_cs\Quantum_Inpired_PSO_Classifcation\featus\malignant\malignant (85)_mask.png,malignant
C:\Users\HishamMo\Desktop\999_cs\Quantum_Inpired_PSO_Classifcation\featus\malignant\malignant (86)_mask.png,malignant
C:\Users\HishamMo\Desktop\999_cs\Quantum_Inpired_PSO_Classifcation\featus\malignant\malignant (87)_mask.png,malignant
C:\Users\HishamMo\Desktop\999_cs\Quantum_Inpired_PSO_Classifcation\featus\malignant\malignant (88)_mask.png,malignant
C:\Users\HishamMo\Desktop\999_cs\Quantum_Inpired_PSO_Classifcation\featus\malignant\malignant (89)_mask.png,malignant
C:\Users\HishamMo\Desktop\999_cs\Quantum_Inpired_PSO_Classifcation\featus\malignant\malignant (9)_mask.png,malignant
C:\Users\HishamMo\Desktop\999_cs\Quantum_Inpired_PSO_Classifcation\featus\malignant\malignant (90)_mask.png,malignant
C:\Users\HishamMo\Desktop\999_cs\Quantum_Inpired_PSO_Classifcation\featus\malignant\malignant (91)_mask.png,malignant
C:\Users\HishamMo\Desktop\999_cs\Quantum_Inpired_PSO_Classifcation\featus\malignant\malignant (92)_mask.png,malignant
C:\Users\HishamMo\Desktop\999_cs\Quantum_Inpired_PSO_Classifcation\featus\malignant\malignant (93)_mask.png,malignant
C:\Users\HishamMo\Desktop\999_cs\Quantum_Inpired_PSO_Classifcation\featus\malignant\malignant (94)_mask.png,malignant
C:\Users\HishamMo\Desktop\999_cs\Quantum_Inpired_PSO_Classifcation\featus\malignant\malignant (95)_mask.png,malignant
C:\Users\HishamMo\Desktop\999_cs\Quantum_Inpired_PSO_Classifcation\featus\malignant\malignant (96)_mask.png,malignant
C:\Users\HishamMo\Desktop\999_cs\Quantum_Inpired_PSO_Classifcation\featus\malignant\malignant (97)_mask.png,malignant
C:\Users\HishamMo\Desktop\999_cs\Quantum_Inpired_PSO_Classifcation\featus\malignant\malignant (98)_mask.png,malignant
C:\Users\HishamMo\Desktop\999_cs\Quantum_Inpired_PSO_Classifcation\featus\malignant\malignant (99)_mask.png,malignant
