image_path,label
C:\Users\HishamMo\Desktop\999_cs\Quantum_Inpired_PSO_Classifcation\train\fog_smoke\fog_smoke0000.jpg,fog_smoke
C:\Users\HishamMo\Desktop\999_cs\Quantum_Inpired_PSO_Classifcation\train\fog_smoke\fog_smoke0001.jpg,fog_smoke
C:\Users\HishamMo\Desktop\999_cs\Quantum_Inpired_PSO_Classifcation\train\fog_smoke\fog_smoke0003.jpg,fog_smoke
C:\Users\HishamMo\Desktop\999_cs\Quantum_Inpired_PSO_Classifcation\train\fog_smoke\fog_smoke0004.jpg,fog_smoke
C:\Users\HishamMo\Desktop\999_cs\Quantum_Inpired_PSO_Classifcation\train\fog_smoke\fog_smoke0005.jpg,fog_smoke
C:\Users\HishamMo\Desktop\999_cs\Quantum_Inpired_PSO_Classifcation\train\fog_smoke\fog_smoke0007.jpg,fog_smoke
C:\Users\HishamMo\Desktop\999_cs\Quantum_Inpired_PSO_Classifcation\train\fog_smoke\fog_smoke0008.jpg,fog_smoke
C:\Users\HishamMo\Desktop\999_cs\Quantum_Inpired_PSO_Classifcation\train\fog_smoke\fog_smoke0009.jpg,fog_smoke
C:\Users\HishamMo\Desktop\999_cs\Quantum_Inpired_PSO_Classifcation\train\fog_smoke\fog_smoke0010.jpg,fog_smoke
C:\Users\HishamMo\Desktop\999_cs\Quantum_Inpired_PSO_Classifcation\train\fog_smoke\fog_smoke0011.jpg,fog_smoke
C:\Users\HishamMo\Desktop\999_cs\Quantum_Inpired_PSO_Classifcation\train\fog_smoke\fog_smoke0012.jpg,fog_smoke
C:\Users\HishamMo\Desktop\999_cs\Quantum_Inpired_PSO_Classifcation\train\fog_smoke\fog_smoke0014.jpg,fog_smoke
C:\Users\HishamMo\Desktop\999_cs\Quantum_Inpired_PSO_Classifcation\train\fog_smoke\fog_smoke0015.jpg,fog_smoke
C:\Users\HishamMo\Desktop\999_cs\Quantum_Inpired_PSO_Classifcation\train\fog_smoke\fog_smoke0016.jpg,fog_smoke
C:\Users\HishamMo\Desktop\999_cs\Quantum_Inpired_PSO_Classifcation\train\fog_smoke\fog_smoke0017.jpg,fog_smoke
C:\Users\HishamMo\Desktop\999_cs\Quantum_Inpired_PSO_Classifcation\train\fog_smoke\fog_smoke0018.jpg,fog_smoke
C:\Users\HishamMo\Desktop\999_cs\Quantum_Inpired_PSO_Classifcation\train\fog_smoke\fog_smoke0020.jpg,fog_smoke
C:\Users\HishamMo\Desktop\999_cs\Quantum_Inpired_PSO_Classifcation\train\fog_smoke\fog_smoke0021.jpg,fog_smoke
C:\Users\HishamMo\Desktop\999_cs\Quantum_Inpired_PSO_Classifcation\train\fog_smoke\fog_smoke0022.jpg,fog_smoke
C:\Users\HishamMo\Desktop\999_cs\Quantum_Inpired_PSO_Classifcation\train\fog_smoke\fog_smoke0024.jpg,fog_smoke
C:\Users\HishamMo\Desktop\999_cs\Quantum_Inpired_PSO_Classifcation\train\fog_smoke\fog_smoke0025.jpg,fog_smoke
C:\Users\HishamMo\Desktop\999_cs\Quantum_Inpired_PSO_Classifcation\train\fog_smoke\fog_smoke0027.jpg,fog_smoke
C:\Users\HishamMo\Desktop\999_cs\Quantum_Inpired_PSO_Classifcation\train\fog_smoke\fog_smoke0028.jpg,fog_smoke
C:\Users\HishamMo\Desktop\999_cs\Quantum_Inpired_PSO_Classifcation\train\fog_smoke\fog_smoke0029.jpg,fog_smoke
C:\Users\HishamMo\Desktop\999_cs\Quantum_Inpired_PSO_Classifcation\train\fog_smoke\fog_smoke0031.jpg,fog_smoke
C:\Users\HishamMo\Desktop\999_cs\Quantum_Inpired_PSO_Classifcation\train\fog_smoke\fog_smoke0032.jpg,fog_smoke
C:\Users\HishamMo\Desktop\999_cs\Quantum_Inpired_PSO_Classifcation\train\fog_smoke\fog_smoke0033.jpg,fog_smoke
C:\Users\HishamMo\Desktop\999_cs\Quantum_Inpired_PSO_Classifcation\train\fog_smoke\fog_smoke0034.jpg,fog_smoke
C:\Users\HishamMo\Desktop\999_cs\Quantum_Inpired_PSO_Classifcation\train\fog_smoke\fog_smoke0036.jpg,fog_smoke
C:\Users\HishamMo\Desktop\999_cs\Quantum_Inpired_PSO_Classifcation\train\fog_smoke\fog_smoke0037.jpg,fog_smoke
C:\Users\HishamMo\Desktop\999_cs\Quantum_Inpired_PSO_Classifcation\train\fog_smoke\fog_smoke0038.jpg,fog_smoke
C:\Users\HishamMo\Desktop\999_cs\Quantum_Inpired_PSO_Classifcation\train\fog_smoke\fog_smoke0039.jpg,fog_smoke
C:\Users\HishamMo\Desktop\999_cs\Quantum_Inpired_PSO_Classifcation\train\fog_smoke\fog_smoke0040.jpg,fog_smoke
C:\Users\HishamMo\Desktop\999_cs\Quantum_Inpired_PSO_Classifcation\train\fog_smoke\fog_smoke0041.jpg,fog_smoke
C:\Users\HishamMo\Desktop\999_cs\Quantum_Inpired_PSO_Classifcation\train\fog_smoke\fog_smoke0044.jpg,fog_smoke
C:\Users\HishamMo\Desktop\999_cs\Quantum_Inpired_PSO_Classifcation\train\fog_smoke\fog_smoke0045.jpg,fog_smoke
C:\Users\HishamMo\Desktop\999_cs\Quantum_Inpired_PSO_Classifcation\train\fog_smoke\fog_smoke0047.jpg,fog_smoke
C:\Users\HishamMo\Desktop\999_cs\Quantum_Inpired_PSO_Classifcation\train\fog_smoke\fog_smoke0049.jpg,fog_smoke
C:\Users\HishamMo\Desktop\999_cs\Quantum_Inpired_PSO_Classifcation\train\fog_smoke\fog_smoke0050.jpg,fog_smoke
C:\Users\HishamMo\Desktop\999_cs\Quantum_Inpired_PSO_Classifcation\train\fog_smoke\fog_smoke0051.jpg,fog_smoke
C:\Users\HishamMo\Desktop\999_cs\Quantum_Inpired_PSO_Classifcation\train\fog_smoke\fog_smoke0052.jpg,fog_smoke
C:\Users\HishamMo\Desktop\999_cs\Quantum_Inpired_PSO_Classifcation\train\fog_smoke\fog_smoke0053.jpg,fog_smoke
C:\Users\HishamMo\Desktop\999_cs\Quantum_Inpired_PSO_Classifcation\train\fog_smoke\fog_smoke0055.jpg,fog_smoke
C:\Users\HishamMo\Desktop\999_cs\Quantum_Inpired_PSO_Classifcation\train\fog_smoke\fog_smoke0056.jpg,fog_smoke
C:\Users\HishamMo\Desktop\999_cs\Quantum_Inpired_PSO_Classifcation\train\fog_smoke\fog_smoke0057.jpg,fog_smoke
C:\Users\HishamMo\Desktop\999_cs\Quantum_Inpired_PSO_Classifcation\train\fog_smoke\fog_smoke0058.jpg,fog_smoke
C:\Users\HishamMo\Desktop\999_cs\Quantum_Inpired_PSO_Classifcation\train\fog_smoke\fog_smoke0059.jpg,fog_smoke
C:\Users\HishamMo\Desktop\999_cs\Quantum_Inpired_PSO_Classifcation\train\fog_smoke\fog_smoke0060.jpg,fog_smoke
C:\Users\HishamMo\Desktop\999_cs\Quantum_Inpired_PSO_Classifcation\train\fog_smoke\fog_smoke0061.jpg,fog_smoke
C:\Users\HishamMo\Desktop\999_cs\Quantum_Inpired_PSO_Classifcation\train\fog_smoke\fog_smoke0062.jpg,fog_smoke
C:\Users\HishamMo\Desktop\999_cs\Quantum_Inpired_PSO_Classifcation\train\fog_smoke\fog_smoke0063.jpg,fog_smoke
C:\Users\HishamMo\Desktop\999_cs\Quantum_Inpired_PSO_Classifcation\train\fog_smoke\fog_smoke0064.jpg,fog_smoke
C:\Users\HishamMo\Desktop\999_cs\Quantum_Inpired_PSO_Classifcation\train\fog_smoke\fog_smoke0065.jpg,fog_smoke
C:\Users\HishamMo\Desktop\999_cs\Quantum_Inpired_PSO_Classifcation\train\fog_smoke\fog_smoke0066.jpg,fog_smoke
C:\Users\HishamMo\Desktop\999_cs\Quantum_Inpired_PSO_Classifcation\train\fog_smoke\fog_smoke0067.jpg,fog_smoke
C:\Users\HishamMo\Desktop\999_cs\Quantum_Inpired_PSO_Classifcation\train\fog_smoke\fog_smoke0068.jpg,fog_smoke
C:\Users\HishamMo\Desktop\999_cs\Quantum_Inpired_PSO_Classifcation\train\fog_smoke\fog_smoke0069.jpg,fog_smoke
C:\Users\HishamMo\Desktop\999_cs\Quantum_Inpired_PSO_Classifcation\train\fog_smoke\fog_smoke0071.jpg,fog_smoke
C:\Users\HishamMo\Desktop\999_cs\Quantum_Inpired_PSO_Classifcation\train\fog_smoke\fog_smoke0073.jpg,fog_smoke
C:\Users\HishamMo\Desktop\999_cs\Quantum_Inpired_PSO_Classifcation\train\fog_smoke\fog_smoke0074.jpg,fog_smoke
C:\Users\HishamMo\Desktop\999_cs\Quantum_Inpired_PSO_Classifcation\train\fog_smoke\fog_smoke0076.jpg,fog_smoke
C:\Users\HishamMo\Desktop\999_cs\Quantum_Inpired_PSO_Classifcation\train\fog_smoke\fog_smoke0077.jpg,fog_smoke
C:\Users\HishamMo\Desktop\999_cs\Quantum_Inpired_PSO_Classifcation\train\fog_smoke\fog_smoke0079.jpg,fog_smoke
C:\Users\HishamMo\Desktop\999_cs\Quantum_Inpired_PSO_Classifcation\train\fog_smoke\fog_smoke0080.jpg,fog_smoke
C:\Users\HishamMo\Desktop\999_cs\Quantum_Inpired_PSO_Classifcation\train\fog_smoke\fog_smoke0081.jpg,fog_smoke
C:\Users\HishamMo\Desktop\999_cs\Quantum_Inpired_PSO_Classifcation\train\fog_smoke\fog_smoke0084.jpg,fog_smoke
C:\Users\HishamMo\Desktop\999_cs\Quantum_Inpired_PSO_Classifcation\train\fog_smoke\fog_smoke0085.jpg,fog_smoke
C:\Users\HishamMo\Desktop\999_cs\Quantum_Inpired_PSO_Classifcation\train\fog_smoke\fog_smoke0086.jpg,fog_smoke
C:\Users\HishamMo\Desktop\999_cs\Quantum_Inpired_PSO_Classifcation\train\fog_smoke\fog_smoke0087.jpg,fog_smoke
C:\Users\HishamMo\Desktop\999_cs\Quantum_Inpired_PSO_Classifcation\train\fog_smoke\fog_smoke0088.jpg,fog_smoke
C:\Users\HishamMo\Desktop\999_cs\Quantum_Inpired_PSO_Classifcation\train\fog_smoke\fog_smoke0090.jpg,fog_smoke
C:\Users\HishamMo\Desktop\999_cs\Quantum_Inpired_PSO_Classifcation\train\fog_smoke\fog_smoke0091.jpg,fog_smoke
C:\Users\HishamMo\Desktop\999_cs\Quantum_Inpired_PSO_Classifcation\train\fog_smoke\fog_smoke0092.jpg,fog_smoke
C:\Users\HishamMo\Desktop\999_cs\Quantum_Inpired_PSO_Classifcation\train\fog_smoke\fog_smoke0093.jpg,fog_smoke
C:\Users\HishamMo\Desktop\999_cs\Quantum_Inpired_PSO_Classifcation\train\fog_smoke\fog_smoke0094.jpg,fog_smoke
C:\Users\HishamMo\Desktop\999_cs\Quantum_Inpired_PSO_Classifcation\train\fog_smoke\fog_smoke0095.jpg,fog_smoke
C:\Users\HishamMo\Desktop\999_cs\Quantum_Inpired_PSO_Classifcation\train\fog_smoke\fog_smoke0096.jpg,fog_smoke
C:\Users\HishamMo\Desktop\999_cs\Quantum_Inpired_PSO_Classifcation\train\fog_smoke\fog_smoke0097.jpg,fog_smoke
C:\Users\HishamMo\Desktop\999_cs\Quantum_Inpired_PSO_Classifcation\train\fog_smoke\fog_smoke0098.jpg,fog_smoke
C:\Users\HishamMo\Desktop\999_cs\Quantum_Inpired_PSO_Classifcation\train\fog_smoke\fog_smoke0099.jpg,fog_smoke
C:\Users\HishamMo\Desktop\999_cs\Quantum_Inpired_PSO_Classifcation\train\fog_smoke\fog_smoke0100.jpg,fog_smoke
C:\Users\HishamMo\Desktop\999_cs\Quantum_Inpired_PSO_Classifcation\train\fog_smoke\fog_smoke0101.jpg,fog_smoke
C:\Users\HishamMo\Desktop\999_cs\Quantum_Inpired_PSO_Classifcation\train\fog_smoke\fog_smoke0103.jpg,fog_smoke
C:\Users\HishamMo\Desktop\999_cs\Quantum_Inpired_PSO_Classifcation\train\fog_smoke\fog_smoke0104.jpg,fog_smoke
C:\Users\HishamMo\Desktop\999_cs\Quantum_Inpired_PSO_Classifcation\train\fog_smoke\fog_smoke0107.jpg,fog_smoke
C:\Users\HishamMo\Desktop\999_cs\Quantum_Inpired_PSO_Classifcation\train\fog_smoke\fog_smoke0108.jpg,fog_smoke
C:\Users\HishamMo\Desktop\999_cs\Quantum_Inpired_PSO_Classifcation\train\fog_smoke\fog_smoke0109.jpg,fog_smoke
C:\Users\HishamMo\Desktop\999_cs\Quantum_Inpired_PSO_Classifcation\train\fog_smoke\fog_smoke0110.jpg,fog_smoke
C:\Users\HishamMo\Desktop\999_cs\Quantum_Inpired_PSO_Classifcation\train\fog_smoke\fog_smoke0111.jpg,fog_smoke
C:\Users\HishamMo\Desktop\999_cs\Quantum_Inpired_PSO_Classifcation\train\fog_smoke\fog_smoke0112.jpg,fog_smoke
C:\Users\HishamMo\Desktop\999_cs\Quantum_Inpired_PSO_Classifcation\train\fog_smoke\fog_smoke0113.jpg,fog_smoke
C:\Users\HishamMo\Desktop\999_cs\Quantum_Inpired_PSO_Classifcation\train\fog_smoke\fog_smoke0115.jpg,fog_smoke
C:\Users\HishamMo\Desktop\999_cs\Quantum_Inpired_PSO_Classifcation\train\fog_smoke\fog_smoke0117.jpg,fog_smoke
C:\Users\HishamMo\Desktop\999_cs\Quantum_Inpired_PSO_Classifcation\train\fog_smoke\fog_smoke0119.jpg,fog_smoke
C:\Users\HishamMo\Desktop\999_cs\Quantum_Inpired_PSO_Classifcation\train\fog_smoke\fog_smoke0120.jpg,fog_smoke
C:\Users\HishamMo\Desktop\999_cs\Quantum_Inpired_PSO_Classifcation\train\fog_smoke\fog_smoke0121.jpg,fog_smoke
C:\Users\HishamMo\Desktop\999_cs\Quantum_Inpired_PSO_Classifcation\train\fog_smoke\fog_smoke0122.jpg,fog_smoke
C:\Users\HishamMo\Desktop\999_cs\Quantum_Inpired_PSO_Classifcation\train\fog_smoke\fog_smoke0123.jpg,fog_smoke
C:\Users\HishamMo\Desktop\999_cs\Quantum_Inpired_PSO_Classifcation\train\fog_smoke\fog_smoke0124.jpg,fog_smoke
C:\Users\HishamMo\Desktop\999_cs\Quantum_Inpired_PSO_Classifcation\train\fog_smoke\fog_smoke0125.jpg,fog_smoke
C:\Users\HishamMo\Desktop\999_cs\Quantum_Inpired_PSO_Classifcation\train\fog_smoke\fog_smoke0126.jpg,fog_smoke
C:\Users\HishamMo\Desktop\999_cs\Quantum_Inpired_PSO_Classifcation\train\fog_smoke\fog_smoke0127.jpg,fog_smoke
C:\Users\HishamMo\Desktop\999_cs\Quantum_Inpired_PSO_Classifcation\train\fog_smoke\fog_smoke0128.jpg,fog_smoke
C:\Users\HishamMo\Desktop\999_cs\Quantum_Inpired_PSO_Classifcation\train\fog_smoke\fog_smoke0129.jpg,fog_smoke
C:\Users\HishamMo\Desktop\999_cs\Quantum_Inpired_PSO_Classifcation\train\fog_smoke\fog_smoke0130.jpg,fog_smoke
C:\Users\HishamMo\Desktop\999_cs\Quantum_Inpired_PSO_Classifcation\train\fog_smoke\fog_smoke0131.jpg,fog_smoke
C:\Users\HishamMo\Desktop\999_cs\Quantum_Inpired_PSO_Classifcation\train\fog_smoke\fog_smoke0132.jpg,fog_smoke
C:\Users\HishamMo\Desktop\999_cs\Quantum_Inpired_PSO_Classifcation\train\fog_smoke\fog_smoke0134.jpg,fog_smoke
C:\Users\HishamMo\Desktop\999_cs\Quantum_Inpired_PSO_Classifcation\train\fog_smoke\fog_smoke0135.jpg,fog_smoke
C:\Users\HishamMo\Desktop\999_cs\Quantum_Inpired_PSO_Classifcation\train\fog_smoke\fog_smoke0136.jpg,fog_smoke
C:\Users\HishamMo\Desktop\999_cs\Quantum_Inpired_PSO_Classifcation\train\fog_smoke\fog_smoke0137.jpg,fog_smoke
C:\Users\HishamMo\Desktop\999_cs\Quantum_Inpired_PSO_Classifcation\train\fog_smoke\fog_smoke0138.jpg,fog_smoke
C:\Users\HishamMo\Desktop\999_cs\Quantum_Inpired_PSO_Classifcation\train\fog_smoke\fog_smoke0139.jpg,fog_smoke
C:\Users\HishamMo\Desktop\999_cs\Quantum_Inpired_PSO_Classifcation\train\fog_smoke\fog_smoke0141.jpg,fog_smoke
C:\Users\HishamMo\Desktop\999_cs\Quantum_Inpired_PSO_Classifcation\train\fog_smoke\fog_smoke0143.jpg,fog_smoke
C:\Users\HishamMo\Desktop\999_cs\Quantum_Inpired_PSO_Classifcation\train\fog_smoke\fog_smoke0144.jpg,fog_smoke
C:\Users\HishamMo\Desktop\999_cs\Quantum_Inpired_PSO_Classifcation\train\fog_smoke\fog_smoke0145.jpg,fog_smoke
C:\Users\HishamMo\Desktop\999_cs\Quantum_Inpired_PSO_Classifcation\train\fog_smoke\fog_smoke0146.jpg,fog_smoke
C:\Users\HishamMo\Desktop\999_cs\Quantum_Inpired_PSO_Classifcation\train\fog_smoke\fog_smoke0147.jpg,fog_smoke
C:\Users\HishamMo\Desktop\999_cs\Quantum_Inpired_PSO_Classifcation\train\fog_smoke\fog_smoke0148.jpg,fog_smoke
C:\Users\HishamMo\Desktop\999_cs\Quantum_Inpired_PSO_Classifcation\train\fog_smoke\fog_smoke0149.jpg,fog_smoke
C:\Users\HishamMo\Desktop\999_cs\Quantum_Inpired_PSO_Classifcation\train\fog_smoke\fog_smoke0150.jpg,fog_smoke
C:\Users\HishamMo\Desktop\999_cs\Quantum_Inpired_PSO_Classifcation\train\fog_smoke\fog_smoke0151.jpg,fog_smoke
C:\Users\HishamMo\Desktop\999_cs\Quantum_Inpired_PSO_Classifcation\train\fog_smoke\fog_smoke0152.jpg,fog_smoke
C:\Users\HishamMo\Desktop\999_cs\Quantum_Inpired_PSO_Classifcation\train\fog_smoke\fog_smoke0153.jpg,fog_smoke
C:\Users\HishamMo\Desktop\999_cs\Quantum_Inpired_PSO_Classifcation\train\fog_smoke\fog_smoke0154.jpg,fog_smoke
C:\Users\HishamMo\Desktop\999_cs\Quantum_Inpired_PSO_Classifcation\train\fog_smoke\fog_smoke0155.jpg,fog_smoke
C:\Users\HishamMo\Desktop\999_cs\Quantum_Inpired_PSO_Classifcation\train\fog_smoke\fog_smoke0156.jpg,fog_smoke
C:\Users\HishamMo\Desktop\999_cs\Quantum_Inpired_PSO_Classifcation\train\fog_smoke\fog_smoke0157.jpg,fog_smoke
C:\Users\HishamMo\Desktop\999_cs\Quantum_Inpired_PSO_Classifcation\train\fog_smoke\fog_smoke0158.jpg,fog_smoke
C:\Users\HishamMo\Desktop\999_cs\Quantum_Inpired_PSO_Classifcation\train\fog_smoke\fog_smoke0159.jpg,fog_smoke
C:\Users\HishamMo\Desktop\999_cs\Quantum_Inpired_PSO_Classifcation\train\fog_smoke\fog_smoke0160.jpg,fog_smoke
C:\Users\HishamMo\Desktop\999_cs\Quantum_Inpired_PSO_Classifcation\train\fog_smoke\fog_smoke0161.jpg,fog_smoke
C:\Users\HishamMo\Desktop\999_cs\Quantum_Inpired_PSO_Classifcation\train\fog_smoke\fog_smoke0162.jpg,fog_smoke
C:\Users\HishamMo\Desktop\999_cs\Quantum_Inpired_PSO_Classifcation\train\fog_smoke\fog_smoke0164.jpg,fog_smoke
C:\Users\HishamMo\Desktop\999_cs\Quantum_Inpired_PSO_Classifcation\train\fog_smoke\fog_smoke0165.jpg,fog_smoke
C:\Users\HishamMo\Desktop\999_cs\Quantum_Inpired_PSO_Classifcation\train\fog_smoke\fog_smoke0166.jpg,fog_smoke
C:\Users\HishamMo\Desktop\999_cs\Quantum_Inpired_PSO_Classifcation\train\fog_smoke\fog_smoke0167.jpg,fog_smoke
C:\Users\HishamMo\Desktop\999_cs\Quantum_Inpired_PSO_Classifcation\train\fog_smoke\fog_smoke0169.jpg,fog_smoke
C:\Users\HishamMo\Desktop\999_cs\Quantum_Inpired_PSO_Classifcation\train\fog_smoke\fog_smoke0170.jpg,fog_smoke
C:\Users\HishamMo\Desktop\999_cs\Quantum_Inpired_PSO_Classifcation\train\fog_smoke\fog_smoke0171.jpg,fog_smoke
C:\Users\HishamMo\Desktop\999_cs\Quantum_Inpired_PSO_Classifcation\train\fog_smoke\fog_smoke0174.jpg,fog_smoke
C:\Users\HishamMo\Desktop\999_cs\Quantum_Inpired_PSO_Classifcation\train\fog_smoke\fog_smoke0175.jpg,fog_smoke
C:\Users\HishamMo\Desktop\999_cs\Quantum_Inpired_PSO_Classifcation\train\fog_smoke\fog_smoke0176.jpg,fog_smoke
C:\Users\HishamMo\Desktop\999_cs\Quantum_Inpired_PSO_Classifcation\train\fog_smoke\fog_smoke0177.jpg,fog_smoke
C:\Users\HishamMo\Desktop\999_cs\Quantum_Inpired_PSO_Classifcation\train\fog_smoke\fog_smoke0178.jpg,fog_smoke
C:\Users\HishamMo\Desktop\999_cs\Quantum_Inpired_PSO_Classifcation\train\fog_smoke\fog_smoke0179.jpg,fog_smoke
C:\Users\HishamMo\Desktop\999_cs\Quantum_Inpired_PSO_Classifcation\train\fog_smoke\fog_smoke0180.jpg,fog_smoke
C:\Users\HishamMo\Desktop\999_cs\Quantum_Inpired_PSO_Classifcation\train\fog_smoke\fog_smoke0181.jpg,fog_smoke
C:\Users\HishamMo\Desktop\999_cs\Quantum_Inpired_PSO_Classifcation\train\fog_smoke\fog_smoke0182.jpg,fog_smoke
C:\Users\HishamMo\Desktop\999_cs\Quantum_Inpired_PSO_Classifcation\train\fog_smoke\fog_smoke0183.jpg,fog_smoke
C:\Users\HishamMo\Desktop\999_cs\Quantum_Inpired_PSO_Classifcation\train\fog_smoke\fog_smoke0186.jpg,fog_smoke
C:\Users\HishamMo\Desktop\999_cs\Quantum_Inpired_PSO_Classifcation\train\fog_smoke\fog_smoke0188.jpg,fog_smoke
C:\Users\HishamMo\Desktop\999_cs\Quantum_Inpired_PSO_Classifcation\train\fog_smoke\fog_smoke0189.jpg,fog_smoke
C:\Users\HishamMo\Desktop\999_cs\Quantum_Inpired_PSO_Classifcation\train\fog_smoke\fog_smoke0190.jpg,fog_smoke
C:\Users\HishamMo\Desktop\999_cs\Quantum_Inpired_PSO_Classifcation\train\fog_smoke\fog_smoke0191.jpg,fog_smoke
C:\Users\HishamMo\Desktop\999_cs\Quantum_Inpired_PSO_Classifcation\train\fog_smoke\fog_smoke0192.jpg,fog_smoke
C:\Users\HishamMo\Desktop\999_cs\Quantum_Inpired_PSO_Classifcation\train\fog_smoke\fog_smoke0193.jpg,fog_smoke
C:\Users\HishamMo\Desktop\999_cs\Quantum_Inpired_PSO_Classifcation\train\fog_smoke\fog_smoke0196.jpg,fog_smoke
C:\Users\HishamMo\Desktop\999_cs\Quantum_Inpired_PSO_Classifcation\train\fog_smoke\fog_smoke0197.jpg,fog_smoke
C:\Users\HishamMo\Desktop\999_cs\Quantum_Inpired_PSO_Classifcation\train\fog_smoke\fog_smoke0198.jpg,fog_smoke
C:\Users\HishamMo\Desktop\999_cs\Quantum_Inpired_PSO_Classifcation\train\fog_smoke\fog_smoke0200.jpg,fog_smoke
C:\Users\HishamMo\Desktop\999_cs\Quantum_Inpired_PSO_Classifcation\train\fog_smoke\fog_smoke0201.jpg,fog_smoke
C:\Users\HishamMo\Desktop\999_cs\Quantum_Inpired_PSO_Classifcation\train\fog_smoke\fog_smoke0202.jpg,fog_smoke
C:\Users\HishamMo\Desktop\999_cs\Quantum_Inpired_PSO_Classifcation\train\fog_smoke\fog_smoke0203.jpg,fog_smoke
C:\Users\HishamMo\Desktop\999_cs\Quantum_Inpired_PSO_Classifcation\train\fog_smoke\fog_smoke0204.jpg,fog_smoke
C:\Users\HishamMo\Desktop\999_cs\Quantum_Inpired_PSO_Classifcation\train\fog_smoke\fog_smoke0205.jpg,fog_smoke
C:\Users\HishamMo\Desktop\999_cs\Quantum_Inpired_PSO_Classifcation\train\fog_smoke\fog_smoke0206.jpg,fog_smoke
C:\Users\HishamMo\Desktop\999_cs\Quantum_Inpired_PSO_Classifcation\train\fog_smoke\fog_smoke0207.jpg,fog_smoke
C:\Users\HishamMo\Desktop\999_cs\Quantum_Inpired_PSO_Classifcation\train\fog_smoke\fog_smoke0208.jpg,fog_smoke
C:\Users\HishamMo\Desktop\999_cs\Quantum_Inpired_PSO_Classifcation\train\fog_smoke\fog_smoke0209.jpg,fog_smoke
C:\Users\HishamMo\Desktop\999_cs\Quantum_Inpired_PSO_Classifcation\train\fog_smoke\fog_smoke0213.jpg,fog_smoke
C:\Users\HishamMo\Desktop\999_cs\Quantum_Inpired_PSO_Classifcation\train\fog_smoke\fog_smoke0214.jpg,fog_smoke
C:\Users\HishamMo\Desktop\999_cs\Quantum_Inpired_PSO_Classifcation\train\fog_smoke\fog_smoke0215.jpg,fog_smoke
C:\Users\HishamMo\Desktop\999_cs\Quantum_Inpired_PSO_Classifcation\train\fog_smoke\fog_smoke0216.jpg,fog_smoke
C:\Users\HishamMo\Desktop\999_cs\Quantum_Inpired_PSO_Classifcation\train\fog_smoke\fog_smoke0217.jpg,fog_smoke
C:\Users\HishamMo\Desktop\999_cs\Quantum_Inpired_PSO_Classifcation\train\fog_smoke\fog_smoke0219.jpg,fog_smoke
C:\Users\HishamMo\Desktop\999_cs\Quantum_Inpired_PSO_Classifcation\train\fog_smoke\fog_smoke0221.jpg,fog_smoke
C:\Users\HishamMo\Desktop\999_cs\Quantum_Inpired_PSO_Classifcation\train\fog_smoke\fog_smoke0222.jpg,fog_smoke
C:\Users\HishamMo\Desktop\999_cs\Quantum_Inpired_PSO_Classifcation\train\fog_smoke\fog_smoke0223.jpg,fog_smoke
C:\Users\HishamMo\Desktop\999_cs\Quantum_Inpired_PSO_Classifcation\train\fog_smoke\fog_smoke0224.jpg,fog_smoke
C:\Users\HishamMo\Desktop\999_cs\Quantum_Inpired_PSO_Classifcation\train\fog_smoke\fog_smoke0225.jpg,fog_smoke
C:\Users\HishamMo\Desktop\999_cs\Quantum_Inpired_PSO_Classifcation\train\fog_smoke\fog_smoke0226.jpg,fog_smoke
C:\Users\HishamMo\Desktop\999_cs\Quantum_Inpired_PSO_Classifcation\train\fog_smoke\fog_smoke0227.jpg,fog_smoke
C:\Users\HishamMo\Desktop\999_cs\Quantum_Inpired_PSO_Classifcation\train\fog_smoke\fog_smoke0228.jpg,fog_smoke
C:\Users\HishamMo\Desktop\999_cs\Quantum_Inpired_PSO_Classifcation\train\fog_smoke\fog_smoke0229.jpg,fog_smoke
C:\Users\HishamMo\Desktop\999_cs\Quantum_Inpired_PSO_Classifcation\train\fog_smoke\fog_smoke0230.jpg,fog_smoke
C:\Users\HishamMo\Desktop\999_cs\Quantum_Inpired_PSO_Classifcation\train\fog_smoke\fog_smoke0232.jpg,fog_smoke
C:\Users\HishamMo\Desktop\999_cs\Quantum_Inpired_PSO_Classifcation\train\fog_smoke\fog_smoke0233.jpg,fog_smoke
C:\Users\HishamMo\Desktop\999_cs\Quantum_Inpired_PSO_Classifcation\train\fog_smoke\fog_smoke0234.jpg,fog_smoke
C:\Users\HishamMo\Desktop\999_cs\Quantum_Inpired_PSO_Classifcation\train\fog_smoke\fog_smoke0235.jpg,fog_smoke
C:\Users\HishamMo\Desktop\999_cs\Quantum_Inpired_PSO_Classifcation\train\fog_smoke\fog_smoke0236.jpg,fog_smoke
C:\Users\HishamMo\Desktop\999_cs\Quantum_Inpired_PSO_Classifcation\train\fog_smoke\fog_smoke0237.jpg,fog_smoke
C:\Users\HishamMo\Desktop\999_cs\Quantum_Inpired_PSO_Classifcation\train\fog_smoke\fog_smoke0239.jpg,fog_smoke
C:\Users\HishamMo\Desktop\999_cs\Quantum_Inpired_PSO_Classifcation\train\fog_smoke\fog_smoke0240.jpg,fog_smoke
C:\Users\HishamMo\Desktop\999_cs\Quantum_Inpired_PSO_Classifcation\train\fog_smoke\fog_smoke0242.jpg,fog_smoke
C:\Users\HishamMo\Desktop\999_cs\Quantum_Inpired_PSO_Classifcation\train\fog_smoke\fog_smoke0243.jpg,fog_smoke
C:\Users\HishamMo\Desktop\999_cs\Quantum_Inpired_PSO_Classifcation\train\fog_smoke\fog_smoke0244.jpg,fog_smoke
C:\Users\HishamMo\Desktop\999_cs\Quantum_Inpired_PSO_Classifcation\train\fog_smoke\fog_smoke0246.jpg,fog_smoke
C:\Users\HishamMo\Desktop\999_cs\Quantum_Inpired_PSO_Classifcation\train\fog_smoke\fog_smoke0247.jpg,fog_smoke
C:\Users\HishamMo\Desktop\999_cs\Quantum_Inpired_PSO_Classifcation\train\fog_smoke\fog_smoke0248.jpg,fog_smoke
C:\Users\HishamMo\Desktop\999_cs\Quantum_Inpired_PSO_Classifcation\train\fog_smoke\fog_smoke0249.jpg,fog_smoke
C:\Users\HishamMo\Desktop\999_cs\Quantum_Inpired_PSO_Classifcation\train\fog_smoke\fog_smoke0250.jpg,fog_smoke
C:\Users\HishamMo\Desktop\999_cs\Quantum_Inpired_PSO_Classifcation\train\fog_smoke\fog_smoke0251.jpg,fog_smoke
C:\Users\HishamMo\Desktop\999_cs\Quantum_Inpired_PSO_Classifcation\train\fog_smoke\fog_smoke0252.jpg,fog_smoke
C:\Users\HishamMo\Desktop\999_cs\Quantum_Inpired_PSO_Classifcation\train\fog_smoke\fog_smoke0253.jpg,fog_smoke
C:\Users\HishamMo\Desktop\999_cs\Quantum_Inpired_PSO_Classifcation\train\fog_smoke\fog_smoke0256.jpg,fog_smoke
C:\Users\HishamMo\Desktop\999_cs\Quantum_Inpired_PSO_Classifcation\train\fog_smoke\fog_smoke0257.jpg,fog_smoke
C:\Users\HishamMo\Desktop\999_cs\Quantum_Inpired_PSO_Classifcation\train\fog_smoke\fog_smoke0258.jpg,fog_smoke
C:\Users\HishamMo\Desktop\999_cs\Quantum_Inpired_PSO_Classifcation\train\fog_smoke\fog_smoke0259.jpg,fog_smoke
C:\Users\HishamMo\Desktop\999_cs\Quantum_Inpired_PSO_Classifcation\train\fog_smoke\fog_smoke0261.jpg,fog_smoke
C:\Users\HishamMo\Desktop\999_cs\Quantum_Inpired_PSO_Classifcation\train\fog_smoke\fog_smoke0262.jpg,fog_smoke
C:\Users\HishamMo\Desktop\999_cs\Quantum_Inpired_PSO_Classifcation\train\fog_smoke\fog_smoke0265.jpg,fog_smoke
C:\Users\HishamMo\Desktop\999_cs\Quantum_Inpired_PSO_Classifcation\train\fog_smoke\fog_smoke0266.jpg,fog_smoke
C:\Users\HishamMo\Desktop\999_cs\Quantum_Inpired_PSO_Classifcation\train\fog_smoke\fog_smoke0268.jpg,fog_smoke
C:\Users\HishamMo\Desktop\999_cs\Quantum_Inpired_PSO_Classifcation\train\fog_smoke\fog_smoke0269.jpg,fog_smoke
C:\Users\HishamMo\Desktop\999_cs\Quantum_Inpired_PSO_Classifcation\train\fog_smoke\fog_smoke0271.jpg,fog_smoke
C:\Users\HishamMo\Desktop\999_cs\Quantum_Inpired_PSO_Classifcation\train\fog_smoke\fog_smoke0273.jpg,fog_smoke
C:\Users\HishamMo\Desktop\999_cs\Quantum_Inpired_PSO_Classifcation\train\fog_smoke\fog_smoke0274.jpg,fog_smoke
C:\Users\HishamMo\Desktop\999_cs\Quantum_Inpired_PSO_Classifcation\train\fog_smoke\fog_smoke0275.jpg,fog_smoke
C:\Users\HishamMo\Desktop\999_cs\Quantum_Inpired_PSO_Classifcation\train\fog_smoke\fog_smoke0276.jpg,fog_smoke
C:\Users\HishamMo\Desktop\999_cs\Quantum_Inpired_PSO_Classifcation\train\fog_smoke\fog_smoke0277.jpg,fog_smoke
C:\Users\HishamMo\Desktop\999_cs\Quantum_Inpired_PSO_Classifcation\train\fog_smoke\fog_smoke0278.jpg,fog_smoke
C:\Users\HishamMo\Desktop\999_cs\Quantum_Inpired_PSO_Classifcation\train\fog_smoke\fog_smoke0279.jpg,fog_smoke
C:\Users\HishamMo\Desktop\999_cs\Quantum_Inpired_PSO_Classifcation\train\fog_smoke\fog_smoke0280.jpg,fog_smoke
C:\Users\HishamMo\Desktop\999_cs\Quantum_Inpired_PSO_Classifcation\train\fog_smoke\fog_smoke0281.jpg,fog_smoke
C:\Users\HishamMo\Desktop\999_cs\Quantum_Inpired_PSO_Classifcation\train\fog_smoke\fog_smoke0283.jpg,fog_smoke
C:\Users\HishamMo\Desktop\999_cs\Quantum_Inpired_PSO_Classifcation\train\fog_smoke\fog_smoke0284.jpg,fog_smoke
C:\Users\HishamMo\Desktop\999_cs\Quantum_Inpired_PSO_Classifcation\train\fog_smoke\fog_smoke0285.jpg,fog_smoke
C:\Users\HishamMo\Desktop\999_cs\Quantum_Inpired_PSO_Classifcation\train\fog_smoke\fog_smoke0286.jpg,fog_smoke
C:\Users\HishamMo\Desktop\999_cs\Quantum_Inpired_PSO_Classifcation\train\fog_smoke\fog_smoke0287.jpg,fog_smoke
C:\Users\HishamMo\Desktop\999_cs\Quantum_Inpired_PSO_Classifcation\train\fog_smoke\fog_smoke0288.jpg,fog_smoke
C:\Users\HishamMo\Desktop\999_cs\Quantum_Inpired_PSO_Classifcation\train\fog_smoke\fog_smoke0289.jpg,fog_smoke
C:\Users\HishamMo\Desktop\999_cs\Quantum_Inpired_PSO_Classifcation\train\fog_smoke\fog_smoke0290.jpg,fog_smoke
C:\Users\HishamMo\Desktop\999_cs\Quantum_Inpired_PSO_Classifcation\train\fog_smoke\fog_smoke0292.jpg,fog_smoke
C:\Users\HishamMo\Desktop\999_cs\Quantum_Inpired_PSO_Classifcation\train\fog_smoke\fog_smoke0293.jpg,fog_smoke
C:\Users\HishamMo\Desktop\999_cs\Quantum_Inpired_PSO_Classifcation\train\fog_smoke\fog_smoke0294.jpg,fog_smoke
C:\Users\HishamMo\Desktop\999_cs\Quantum_Inpired_PSO_Classifcation\train\fog_smoke\fog_smoke0295.jpg,fog_smoke
C:\Users\HishamMo\Desktop\999_cs\Quantum_Inpired_PSO_Classifcation\train\fog_smoke\fog_smoke0296.jpg,fog_smoke
C:\Users\HishamMo\Desktop\999_cs\Quantum_Inpired_PSO_Classifcation\train\fog_smoke\fog_smoke0297.jpg,fog_smoke
C:\Users\HishamMo\Desktop\999_cs\Quantum_Inpired_PSO_Classifcation\train\fog_smoke\fog_smoke0298.jpg,fog_smoke
C:\Users\HishamMo\Desktop\999_cs\Quantum_Inpired_PSO_Classifcation\train\fog_smoke\fog_smoke0299.jpg,fog_smoke
C:\Users\HishamMo\Desktop\999_cs\Quantum_Inpired_PSO_Classifcation\train\fog_smoke\fog_smoke0300.jpg,fog_smoke
C:\Users\HishamMo\Desktop\999_cs\Quantum_Inpired_PSO_Classifcation\train\fog_smoke\fog_smoke0302.jpg,fog_smoke
C:\Users\HishamMo\Desktop\999_cs\Quantum_Inpired_PSO_Classifcation\train\fog_smoke\fog_smoke0303.jpg,fog_smoke
C:\Users\HishamMo\Desktop\999_cs\Quantum_Inpired_PSO_Classifcation\train\fog_smoke\fog_smoke0304.jpg,fog_smoke
C:\Users\HishamMo\Desktop\999_cs\Quantum_Inpired_PSO_Classifcation\train\fog_smoke\fog_smoke0305.jpg,fog_smoke
C:\Users\HishamMo\Desktop\999_cs\Quantum_Inpired_PSO_Classifcation\train\fog_smoke\fog_smoke0306.jpg,fog_smoke
C:\Users\HishamMo\Desktop\999_cs\Quantum_Inpired_PSO_Classifcation\train\fog_smoke\fog_smoke0308.jpg,fog_smoke
C:\Users\HishamMo\Desktop\999_cs\Quantum_Inpired_PSO_Classifcation\train\fog_smoke\fog_smoke0309.jpg,fog_smoke
C:\Users\HishamMo\Desktop\999_cs\Quantum_Inpired_PSO_Classifcation\train\fog_smoke\fog_smoke0310.jpg,fog_smoke
C:\Users\HishamMo\Desktop\999_cs\Quantum_Inpired_PSO_Classifcation\train\fog_smoke\fog_smoke0313.jpg,fog_smoke
C:\Users\HishamMo\Desktop\999_cs\Quantum_Inpired_PSO_Classifcation\train\fog_smoke\fog_smoke0314.jpg,fog_smoke
C:\Users\HishamMo\Desktop\999_cs\Quantum_Inpired_PSO_Classifcation\train\fog_smoke\fog_smoke0315.jpg,fog_smoke
C:\Users\HishamMo\Desktop\999_cs\Quantum_Inpired_PSO_Classifcation\train\fog_smoke\fog_smoke0316.jpg,fog_smoke
C:\Users\HishamMo\Desktop\999_cs\Quantum_Inpired_PSO_Classifcation\train\fog_smoke\fog_smoke0317.jpg,fog_smoke
C:\Users\HishamMo\Desktop\999_cs\Quantum_Inpired_PSO_Classifcation\train\fog_smoke\fog_smoke0318.jpg,fog_smoke
C:\Users\HishamMo\Desktop\999_cs\Quantum_Inpired_PSO_Classifcation\train\fog_smoke\fog_smoke0319.jpg,fog_smoke
C:\Users\HishamMo\Desktop\999_cs\Quantum_Inpired_PSO_Classifcation\train\fog_smoke\fog_smoke0320.jpg,fog_smoke
C:\Users\HishamMo\Desktop\999_cs\Quantum_Inpired_PSO_Classifcation\train\fog_smoke\fog_smoke0321.jpg,fog_smoke
C:\Users\HishamMo\Desktop\999_cs\Quantum_Inpired_PSO_Classifcation\train\fog_smoke\fog_smoke0322.jpg,fog_smoke
C:\Users\HishamMo\Desktop\999_cs\Quantum_Inpired_PSO_Classifcation\train\fog_smoke\fog_smoke0324.jpg,fog_smoke
C:\Users\HishamMo\Desktop\999_cs\Quantum_Inpired_PSO_Classifcation\train\fog_smoke\fog_smoke0326.jpg,fog_smoke
C:\Users\HishamMo\Desktop\999_cs\Quantum_Inpired_PSO_Classifcation\train\fog_smoke\fog_smoke0327.jpg,fog_smoke
C:\Users\HishamMo\Desktop\999_cs\Quantum_Inpired_PSO_Classifcation\train\fog_smoke\fog_smoke0328.jpg,fog_smoke
C:\Users\HishamMo\Desktop\999_cs\Quantum_Inpired_PSO_Classifcation\train\fog_smoke\fog_smoke0329.jpg,fog_smoke
C:\Users\HishamMo\Desktop\999_cs\Quantum_Inpired_PSO_Classifcation\train\fog_smoke\fog_smoke0332.jpg,fog_smoke
C:\Users\HishamMo\Desktop\999_cs\Quantum_Inpired_PSO_Classifcation\train\fog_smoke\fog_smoke0333.jpg,fog_smoke
C:\Users\HishamMo\Desktop\999_cs\Quantum_Inpired_PSO_Classifcation\train\fog_smoke\fog_smoke0334.jpg,fog_smoke
C:\Users\HishamMo\Desktop\999_cs\Quantum_Inpired_PSO_Classifcation\train\fog_smoke\fog_smoke0335.jpg,fog_smoke
C:\Users\HishamMo\Desktop\999_cs\Quantum_Inpired_PSO_Classifcation\train\fog_smoke\fog_smoke0336.jpg,fog_smoke
C:\Users\HishamMo\Desktop\999_cs\Quantum_Inpired_PSO_Classifcation\train\fog_smoke\fog_smoke0339.jpg,fog_smoke
C:\Users\HishamMo\Desktop\999_cs\Quantum_Inpired_PSO_Classifcation\train\fog_smoke\fog_smoke0340.jpg,fog_smoke
C:\Users\HishamMo\Desktop\999_cs\Quantum_Inpired_PSO_Classifcation\train\fog_smoke\fog_smoke0341.jpg,fog_smoke
C:\Users\HishamMo\Desktop\999_cs\Quantum_Inpired_PSO_Classifcation\train\fog_smoke\fog_smoke0343.jpg,fog_smoke
C:\Users\HishamMo\Desktop\999_cs\Quantum_Inpired_PSO_Classifcation\train\fog_smoke\fog_smoke0344.jpg,fog_smoke
C:\Users\HishamMo\Desktop\999_cs\Quantum_Inpired_PSO_Classifcation\train\fog_smoke\fog_smoke0345.jpg,fog_smoke
C:\Users\HishamMo\Desktop\999_cs\Quantum_Inpired_PSO_Classifcation\train\fog_smoke\fog_smoke0346.jpg,fog_smoke
C:\Users\HishamMo\Desktop\999_cs\Quantum_Inpired_PSO_Classifcation\train\fog_smoke\fog_smoke0347.jpg,fog_smoke
C:\Users\HishamMo\Desktop\999_cs\Quantum_Inpired_PSO_Classifcation\train\fog_smoke\fog_smoke0349.jpg,fog_smoke
C:\Users\HishamMo\Desktop\999_cs\Quantum_Inpired_PSO_Classifcation\train\fog_smoke\fog_smoke0351.jpg,fog_smoke
C:\Users\HishamMo\Desktop\999_cs\Quantum_Inpired_PSO_Classifcation\train\fog_smoke\fog_smoke0353.jpg,fog_smoke
C:\Users\HishamMo\Desktop\999_cs\Quantum_Inpired_PSO_Classifcation\train\fog_smoke\fog_smoke0354.jpg,fog_smoke
C:\Users\HishamMo\Desktop\999_cs\Quantum_Inpired_PSO_Classifcation\train\fog_smoke\fog_smoke0357.jpg,fog_smoke
C:\Users\HishamMo\Desktop\999_cs\Quantum_Inpired_PSO_Classifcation\train\fog_smoke\fog_smoke0358.jpg,fog_smoke
C:\Users\HishamMo\Desktop\999_cs\Quantum_Inpired_PSO_Classifcation\train\fog_smoke\fog_smoke0360.jpg,fog_smoke
C:\Users\HishamMo\Desktop\999_cs\Quantum_Inpired_PSO_Classifcation\train\fog_smoke\fog_smoke0362.jpg,fog_smoke
C:\Users\HishamMo\Desktop\999_cs\Quantum_Inpired_PSO_Classifcation\train\fog_smoke\fog_smoke0363.jpg,fog_smoke
C:\Users\HishamMo\Desktop\999_cs\Quantum_Inpired_PSO_Classifcation\train\fog_smoke\fog_smoke0364.jpg,fog_smoke
C:\Users\HishamMo\Desktop\999_cs\Quantum_Inpired_PSO_Classifcation\train\fog_smoke\fog_smoke0365.jpg,fog_smoke
C:\Users\HishamMo\Desktop\999_cs\Quantum_Inpired_PSO_Classifcation\train\fog_smoke\fog_smoke0366.jpg,fog_smoke
C:\Users\HishamMo\Desktop\999_cs\Quantum_Inpired_PSO_Classifcation\train\fog_smoke\fog_smoke0367.jpg,fog_smoke
C:\Users\HishamMo\Desktop\999_cs\Quantum_Inpired_PSO_Classifcation\train\fog_smoke\fog_smoke0369.jpg,fog_smoke
C:\Users\HishamMo\Desktop\999_cs\Quantum_Inpired_PSO_Classifcation\train\fog_smoke\fog_smoke0370.jpg,fog_smoke
C:\Users\HishamMo\Desktop\999_cs\Quantum_Inpired_PSO_Classifcation\train\fog_smoke\fog_smoke0371.jpg,fog_smoke
C:\Users\HishamMo\Desktop\999_cs\Quantum_Inpired_PSO_Classifcation\train\fog_smoke\fog_smoke0372.jpg,fog_smoke
C:\Users\HishamMo\Desktop\999_cs\Quantum_Inpired_PSO_Classifcation\train\fog_smoke\fog_smoke0373.jpg,fog_smoke
C:\Users\HishamMo\Desktop\999_cs\Quantum_Inpired_PSO_Classifcation\train\fog_smoke\fog_smoke0374.jpg,fog_smoke
C:\Users\HishamMo\Desktop\999_cs\Quantum_Inpired_PSO_Classifcation\train\fog_smoke\fog_smoke0375.jpg,fog_smoke
C:\Users\HishamMo\Desktop\999_cs\Quantum_Inpired_PSO_Classifcation\train\fog_smoke\fog_smoke0376.jpg,fog_smoke
C:\Users\HishamMo\Desktop\999_cs\Quantum_Inpired_PSO_Classifcation\train\fog_smoke\fog_smoke0377.jpg,fog_smoke
C:\Users\HishamMo\Desktop\999_cs\Quantum_Inpired_PSO_Classifcation\train\fog_smoke\fog_smoke0378.jpg,fog_smoke
C:\Users\HishamMo\Desktop\999_cs\Quantum_Inpired_PSO_Classifcation\train\fog_smoke\fog_smoke0379.jpg,fog_smoke
C:\Users\HishamMo\Desktop\999_cs\Quantum_Inpired_PSO_Classifcation\train\fog_smoke\fog_smoke0380.jpg,fog_smoke
C:\Users\HishamMo\Desktop\999_cs\Quantum_Inpired_PSO_Classifcation\train\fog_smoke\fog_smoke0382.jpg,fog_smoke
C:\Users\HishamMo\Desktop\999_cs\Quantum_Inpired_PSO_Classifcation\train\fog_smoke\fog_smoke0383.jpg,fog_smoke
C:\Users\HishamMo\Desktop\999_cs\Quantum_Inpired_PSO_Classifcation\train\fog_smoke\fog_smoke0385.jpg,fog_smoke
C:\Users\HishamMo\Desktop\999_cs\Quantum_Inpired_PSO_Classifcation\train\fog_smoke\fog_smoke0388.jpg,fog_smoke
C:\Users\HishamMo\Desktop\999_cs\Quantum_Inpired_PSO_Classifcation\train\fog_smoke\fog_smoke0389.jpg,fog_smoke
C:\Users\HishamMo\Desktop\999_cs\Quantum_Inpired_PSO_Classifcation\train\fog_smoke\fog_smoke0390.jpg,fog_smoke
C:\Users\HishamMo\Desktop\999_cs\Quantum_Inpired_PSO_Classifcation\train\fog_smoke\fog_smoke0391.jpg,fog_smoke
C:\Users\HishamMo\Desktop\999_cs\Quantum_Inpired_PSO_Classifcation\train\fog_smoke\fog_smoke0392.jpg,fog_smoke
C:\Users\HishamMo\Desktop\999_cs\Quantum_Inpired_PSO_Classifcation\train\fog_smoke\fog_smoke0393.jpg,fog_smoke
C:\Users\HishamMo\Desktop\999_cs\Quantum_Inpired_PSO_Classifcation\train\fog_smoke\fog_smoke0394.jpg,fog_smoke
C:\Users\HishamMo\Desktop\999_cs\Quantum_Inpired_PSO_Classifcation\train\fog_smoke\fog_smoke0395.jpg,fog_smoke
C:\Users\HishamMo\Desktop\999_cs\Quantum_Inpired_PSO_Classifcation\train\fog_smoke\fog_smoke0396.jpg,fog_smoke
C:\Users\HishamMo\Desktop\999_cs\Quantum_Inpired_PSO_Classifcation\train\fog_smoke\fog_smoke0397.jpg,fog_smoke
C:\Users\HishamMo\Desktop\999_cs\Quantum_Inpired_PSO_Classifcation\train\fog_smoke\fog_smoke0398.jpg,fog_smoke
C:\Users\HishamMo\Desktop\999_cs\Quantum_Inpired_PSO_Classifcation\train\fog_smoke\fog_smoke0400.jpg,fog_smoke
C:\Users\HishamMo\Desktop\999_cs\Quantum_Inpired_PSO_Classifcation\train\fog_smoke\fog_smoke0401.jpg,fog_smoke
C:\Users\HishamMo\Desktop\999_cs\Quantum_Inpired_PSO_Classifcation\train\fog_smoke\fog_smoke0403.jpg,fog_smoke
C:\Users\HishamMo\Desktop\999_cs\Quantum_Inpired_PSO_Classifcation\train\fog_smoke\fog_smoke0404.jpg,fog_smoke
C:\Users\HishamMo\Desktop\999_cs\Quantum_Inpired_PSO_Classifcation\train\fog_smoke\fog_smoke0405.jpg,fog_smoke
C:\Users\HishamMo\Desktop\999_cs\Quantum_Inpired_PSO_Classifcation\train\fog_smoke\fog_smoke0406.jpg,fog_smoke
C:\Users\HishamMo\Desktop\999_cs\Quantum_Inpired_PSO_Classifcation\train\fog_smoke\fog_smoke0407.jpg,fog_smoke
C:\Users\HishamMo\Desktop\999_cs\Quantum_Inpired_PSO_Classifcation\train\fog_smoke\fog_smoke0408.jpg,fog_smoke
C:\Users\HishamMo\Desktop\999_cs\Quantum_Inpired_PSO_Classifcation\train\fog_smoke\fog_smoke0409.jpg,fog_smoke
C:\Users\HishamMo\Desktop\999_cs\Quantum_Inpired_PSO_Classifcation\train\fog_smoke\fog_smoke0410.jpg,fog_smoke
C:\Users\HishamMo\Desktop\999_cs\Quantum_Inpired_PSO_Classifcation\train\fog_smoke\fog_smoke0411.jpg,fog_smoke
C:\Users\HishamMo\Desktop\999_cs\Quantum_Inpired_PSO_Classifcation\train\fog_smoke\fog_smoke0412.jpg,fog_smoke
C:\Users\HishamMo\Desktop\999_cs\Quantum_Inpired_PSO_Classifcation\train\fog_smoke\fog_smoke0413.jpg,fog_smoke
C:\Users\HishamMo\Desktop\999_cs\Quantum_Inpired_PSO_Classifcation\train\fog_smoke\fog_smoke0414.jpg,fog_smoke
C:\Users\HishamMo\Desktop\999_cs\Quantum_Inpired_PSO_Classifcation\train\fog_smoke\fog_smoke0416.jpg,fog_smoke
C:\Users\HishamMo\Desktop\999_cs\Quantum_Inpired_PSO_Classifcation\train\fog_smoke\fog_smoke0417.jpg,fog_smoke
C:\Users\HishamMo\Desktop\999_cs\Quantum_Inpired_PSO_Classifcation\train\fog_smoke\fog_smoke0418.jpg,fog_smoke
C:\Users\HishamMo\Desktop\999_cs\Quantum_Inpired_PSO_Classifcation\train\fog_smoke\fog_smoke0419.jpg,fog_smoke
C:\Users\HishamMo\Desktop\999_cs\Quantum_Inpired_PSO_Classifcation\train\fog_smoke\fog_smoke0420.jpg,fog_smoke
C:\Users\HishamMo\Desktop\999_cs\Quantum_Inpired_PSO_Classifcation\train\fog_smoke\fog_smoke0421.jpg,fog_smoke
C:\Users\HishamMo\Desktop\999_cs\Quantum_Inpired_PSO_Classifcation\train\fog_smoke\fog_smoke0423.jpg,fog_smoke
C:\Users\HishamMo\Desktop\999_cs\Quantum_Inpired_PSO_Classifcation\train\fog_smoke\fog_smoke0424.jpg,fog_smoke
C:\Users\HishamMo\Desktop\999_cs\Quantum_Inpired_PSO_Classifcation\train\fog_smoke\fog_smoke0426.jpg,fog_smoke
C:\Users\HishamMo\Desktop\999_cs\Quantum_Inpired_PSO_Classifcation\train\fog_smoke\fog_smoke0427.jpg,fog_smoke
C:\Users\HishamMo\Desktop\999_cs\Quantum_Inpired_PSO_Classifcation\train\fog_smoke\fog_smoke0430.jpg,fog_smoke
C:\Users\HishamMo\Desktop\999_cs\Quantum_Inpired_PSO_Classifcation\train\fog_smoke\fog_smoke0431.jpg,fog_smoke
C:\Users\HishamMo\Desktop\999_cs\Quantum_Inpired_PSO_Classifcation\train\fog_smoke\fog_smoke0433.jpg,fog_smoke
C:\Users\HishamMo\Desktop\999_cs\Quantum_Inpired_PSO_Classifcation\train\fog_smoke\fog_smoke0434.jpg,fog_smoke
C:\Users\HishamMo\Desktop\999_cs\Quantum_Inpired_PSO_Classifcation\train\fog_smoke\fog_smoke0435.jpg,fog_smoke
C:\Users\HishamMo\Desktop\999_cs\Quantum_Inpired_PSO_Classifcation\train\fog_smoke\fog_smoke0436.jpg,fog_smoke
C:\Users\HishamMo\Desktop\999_cs\Quantum_Inpired_PSO_Classifcation\train\fog_smoke\fog_smoke0437.jpg,fog_smoke
C:\Users\HishamMo\Desktop\999_cs\Quantum_Inpired_PSO_Classifcation\train\fog_smoke\fog_smoke0439.jpg,fog_smoke
C:\Users\HishamMo\Desktop\999_cs\Quantum_Inpired_PSO_Classifcation\train\fog_smoke\fog_smoke0440.jpg,fog_smoke
C:\Users\HishamMo\Desktop\999_cs\Quantum_Inpired_PSO_Classifcation\train\fog_smoke\fog_smoke0441.jpg,fog_smoke
C:\Users\HishamMo\Desktop\999_cs\Quantum_Inpired_PSO_Classifcation\train\fog_smoke\fog_smoke0442.jpg,fog_smoke
C:\Users\HishamMo\Desktop\999_cs\Quantum_Inpired_PSO_Classifcation\train\fog_smoke\fog_smoke0444.jpg,fog_smoke
C:\Users\HishamMo\Desktop\999_cs\Quantum_Inpired_PSO_Classifcation\train\fog_smoke\fog_smoke0445.jpg,fog_smoke
C:\Users\HishamMo\Desktop\999_cs\Quantum_Inpired_PSO_Classifcation\train\fog_smoke\fog_smoke0446.jpg,fog_smoke
C:\Users\HishamMo\Desktop\999_cs\Quantum_Inpired_PSO_Classifcation\train\fog_smoke\fog_smoke0447.jpg,fog_smoke
C:\Users\HishamMo\Desktop\999_cs\Quantum_Inpired_PSO_Classifcation\train\fog_smoke\fog_smoke0448.jpg,fog_smoke
C:\Users\HishamMo\Desktop\999_cs\Quantum_Inpired_PSO_Classifcation\train\fog_smoke\fog_smoke0450.jpg,fog_smoke
C:\Users\HishamMo\Desktop\999_cs\Quantum_Inpired_PSO_Classifcation\train\fog_smoke\fog_smoke0451.jpg,fog_smoke
C:\Users\HishamMo\Desktop\999_cs\Quantum_Inpired_PSO_Classifcation\train\fog_smoke\fog_smoke0452.jpg,fog_smoke
C:\Users\HishamMo\Desktop\999_cs\Quantum_Inpired_PSO_Classifcation\train\fog_smoke\fog_smoke0453.jpg,fog_smoke
C:\Users\HishamMo\Desktop\999_cs\Quantum_Inpired_PSO_Classifcation\train\fog_smoke\fog_smoke0454.jpg,fog_smoke
C:\Users\HishamMo\Desktop\999_cs\Quantum_Inpired_PSO_Classifcation\train\fog_smoke\fog_smoke0455.jpg,fog_smoke
C:\Users\HishamMo\Desktop\999_cs\Quantum_Inpired_PSO_Classifcation\train\fog_smoke\fog_smoke0456.jpg,fog_smoke
C:\Users\HishamMo\Desktop\999_cs\Quantum_Inpired_PSO_Classifcation\train\fog_smoke\fog_smoke0457.jpg,fog_smoke
C:\Users\HishamMo\Desktop\999_cs\Quantum_Inpired_PSO_Classifcation\train\fog_smoke\fog_smoke0458.jpg,fog_smoke
C:\Users\HishamMo\Desktop\999_cs\Quantum_Inpired_PSO_Classifcation\train\fog_smoke\fog_smoke0459.jpg,fog_smoke
C:\Users\HishamMo\Desktop\999_cs\Quantum_Inpired_PSO_Classifcation\train\fog_smoke\fog_smoke0460.jpg,fog_smoke
C:\Users\HishamMo\Desktop\999_cs\Quantum_Inpired_PSO_Classifcation\train\fog_smoke\fog_smoke0462.jpg,fog_smoke
C:\Users\HishamMo\Desktop\999_cs\Quantum_Inpired_PSO_Classifcation\train\fog_smoke\fog_smoke0463.jpg,fog_smoke
C:\Users\HishamMo\Desktop\999_cs\Quantum_Inpired_PSO_Classifcation\train\fog_smoke\fog_smoke0464.jpg,fog_smoke
C:\Users\HishamMo\Desktop\999_cs\Quantum_Inpired_PSO_Classifcation\train\fog_smoke\fog_smoke0466.jpg,fog_smoke
C:\Users\HishamMo\Desktop\999_cs\Quantum_Inpired_PSO_Classifcation\train\fog_smoke\fog_smoke0467.jpg,fog_smoke
C:\Users\HishamMo\Desktop\999_cs\Quantum_Inpired_PSO_Classifcation\train\fog_smoke\fog_smoke0470.jpg,fog_smoke
C:\Users\HishamMo\Desktop\999_cs\Quantum_Inpired_PSO_Classifcation\train\fog_smoke\fog_smoke0471.jpg,fog_smoke
C:\Users\HishamMo\Desktop\999_cs\Quantum_Inpired_PSO_Classifcation\train\fog_smoke\fog_smoke0472.jpg,fog_smoke
C:\Users\HishamMo\Desktop\999_cs\Quantum_Inpired_PSO_Classifcation\train\fog_smoke\fog_smoke0473.jpg,fog_smoke
C:\Users\HishamMo\Desktop\999_cs\Quantum_Inpired_PSO_Classifcation\train\fog_smoke\fog_smoke0475.jpg,fog_smoke
C:\Users\HishamMo\Desktop\999_cs\Quantum_Inpired_PSO_Classifcation\train\fog_smoke\fog_smoke0476.jpg,fog_smoke
C:\Users\HishamMo\Desktop\999_cs\Quantum_Inpired_PSO_Classifcation\train\fog_smoke\fog_smoke0477.jpg,fog_smoke
C:\Users\HishamMo\Desktop\999_cs\Quantum_Inpired_PSO_Classifcation\train\fog_smoke\fog_smoke0478.jpg,fog_smoke
C:\Users\HishamMo\Desktop\999_cs\Quantum_Inpired_PSO_Classifcation\train\fog_smoke\fog_smoke0479.jpg,fog_smoke
C:\Users\HishamMo\Desktop\999_cs\Quantum_Inpired_PSO_Classifcation\train\fog_smoke\fog_smoke0480.jpg,fog_smoke
C:\Users\HishamMo\Desktop\999_cs\Quantum_Inpired_PSO_Classifcation\train\fog_smoke\fog_smoke0481.jpg,fog_smoke
C:\Users\HishamMo\Desktop\999_cs\Quantum_Inpired_PSO_Classifcation\train\fog_smoke\fog_smoke0482.jpg,fog_smoke
C:\Users\HishamMo\Desktop\999_cs\Quantum_Inpired_PSO_Classifcation\train\fog_smoke\fog_smoke0483.jpg,fog_smoke
C:\Users\HishamMo\Desktop\999_cs\Quantum_Inpired_PSO_Classifcation\train\fog_smoke\fog_smoke0484.jpg,fog_smoke
C:\Users\HishamMo\Desktop\999_cs\Quantum_Inpired_PSO_Classifcation\train\fog_smoke\fog_smoke0485.jpg,fog_smoke
C:\Users\HishamMo\Desktop\999_cs\Quantum_Inpired_PSO_Classifcation\train\fog_smoke\fog_smoke0486.jpg,fog_smoke
C:\Users\HishamMo\Desktop\999_cs\Quantum_Inpired_PSO_Classifcation\train\fog_smoke\fog_smoke0487.jpg,fog_smoke
C:\Users\HishamMo\Desktop\999_cs\Quantum_Inpired_PSO_Classifcation\train\fog_smoke\fog_smoke0490.jpg,fog_smoke
C:\Users\HishamMo\Desktop\999_cs\Quantum_Inpired_PSO_Classifcation\train\fog_smoke\fog_smoke0491.jpg,fog_smoke
C:\Users\HishamMo\Desktop\999_cs\Quantum_Inpired_PSO_Classifcation\train\fog_smoke\fog_smoke0493.jpg,fog_smoke
C:\Users\HishamMo\Desktop\999_cs\Quantum_Inpired_PSO_Classifcation\train\fog_smoke\fog_smoke0494.jpg,fog_smoke
C:\Users\HishamMo\Desktop\999_cs\Quantum_Inpired_PSO_Classifcation\train\fog_smoke\fog_smoke0495.jpg,fog_smoke
C:\Users\HishamMo\Desktop\999_cs\Quantum_Inpired_PSO_Classifcation\train\fog_smoke\fog_smoke0496.jpg,fog_smoke
C:\Users\HishamMo\Desktop\999_cs\Quantum_Inpired_PSO_Classifcation\train\fog_smoke\fog_smoke0497.jpg,fog_smoke
C:\Users\HishamMo\Desktop\999_cs\Quantum_Inpired_PSO_Classifcation\train\fog_smoke\fog_smoke0499.jpg,fog_smoke
C:\Users\HishamMo\Desktop\999_cs\Quantum_Inpired_PSO_Classifcation\train\fog_smoke\fog_smoke0500.jpg,fog_smoke
C:\Users\HishamMo\Desktop\999_cs\Quantum_Inpired_PSO_Classifcation\train\fog_smoke\fog_smoke0501.jpg,fog_smoke
C:\Users\HishamMo\Desktop\999_cs\Quantum_Inpired_PSO_Classifcation\train\fog_smoke\fog_smoke0502.jpg,fog_smoke
C:\Users\HishamMo\Desktop\999_cs\Quantum_Inpired_PSO_Classifcation\train\fog_smoke\fog_smoke0503.jpg,fog_smoke
C:\Users\HishamMo\Desktop\999_cs\Quantum_Inpired_PSO_Classifcation\train\fog_smoke\fog_smoke0504.jpg,fog_smoke
C:\Users\HishamMo\Desktop\999_cs\Quantum_Inpired_PSO_Classifcation\train\fog_smoke\fog_smoke0505.jpg,fog_smoke
C:\Users\HishamMo\Desktop\999_cs\Quantum_Inpired_PSO_Classifcation\train\fog_smoke\fog_smoke0506.jpg,fog_smoke
C:\Users\HishamMo\Desktop\999_cs\Quantum_Inpired_PSO_Classifcation\train\fog_smoke\fog_smoke0507.jpg,fog_smoke
C:\Users\HishamMo\Desktop\999_cs\Quantum_Inpired_PSO_Classifcation\train\fog_smoke\fog_smoke0509.jpg,fog_smoke
C:\Users\HishamMo\Desktop\999_cs\Quantum_Inpired_PSO_Classifcation\train\fog_smoke\fog_smoke0510.jpg,fog_smoke
C:\Users\HishamMo\Desktop\999_cs\Quantum_Inpired_PSO_Classifcation\train\fog_smoke\fog_smoke0514.jpg,fog_smoke
C:\Users\HishamMo\Desktop\999_cs\Quantum_Inpired_PSO_Classifcation\train\fog_smoke\fog_smoke0515.jpg,fog_smoke
C:\Users\HishamMo\Desktop\999_cs\Quantum_Inpired_PSO_Classifcation\train\fog_smoke\fog_smoke0518.jpg,fog_smoke
C:\Users\HishamMo\Desktop\999_cs\Quantum_Inpired_PSO_Classifcation\train\fog_smoke\fog_smoke0519.jpg,fog_smoke
C:\Users\HishamMo\Desktop\999_cs\Quantum_Inpired_PSO_Classifcation\train\fog_smoke\fog_smoke0520.jpg,fog_smoke
C:\Users\HishamMo\Desktop\999_cs\Quantum_Inpired_PSO_Classifcation\train\fog_smoke\fog_smoke0521.jpg,fog_smoke
C:\Users\HishamMo\Desktop\999_cs\Quantum_Inpired_PSO_Classifcation\train\fog_smoke\fog_smoke0522.jpg,fog_smoke
C:\Users\HishamMo\Desktop\999_cs\Quantum_Inpired_PSO_Classifcation\train\fog_smoke\fog_smoke0523.jpg,fog_smoke
C:\Users\HishamMo\Desktop\999_cs\Quantum_Inpired_PSO_Classifcation\train\fog_smoke\fog_smoke0524.jpg,fog_smoke
C:\Users\HishamMo\Desktop\999_cs\Quantum_Inpired_PSO_Classifcation\train\fog_smoke\fog_smoke0527.jpg,fog_smoke
C:\Users\HishamMo\Desktop\999_cs\Quantum_Inpired_PSO_Classifcation\train\fog_smoke\fog_smoke0528.jpg,fog_smoke
C:\Users\HishamMo\Desktop\999_cs\Quantum_Inpired_PSO_Classifcation\train\fog_smoke\fog_smoke0530.jpg,fog_smoke
C:\Users\HishamMo\Desktop\999_cs\Quantum_Inpired_PSO_Classifcation\train\fog_smoke\fog_smoke0532.jpg,fog_smoke
C:\Users\HishamMo\Desktop\999_cs\Quantum_Inpired_PSO_Classifcation\train\fog_smoke\fog_smoke0533.jpg,fog_smoke
C:\Users\HishamMo\Desktop\999_cs\Quantum_Inpired_PSO_Classifcation\train\fog_smoke\fog_smoke0534.jpg,fog_smoke
C:\Users\HishamMo\Desktop\999_cs\Quantum_Inpired_PSO_Classifcation\train\fog_smoke\fog_smoke0536.jpg,fog_smoke
C:\Users\HishamMo\Desktop\999_cs\Quantum_Inpired_PSO_Classifcation\train\fog_smoke\fog_smoke0538.jpg,fog_smoke
C:\Users\HishamMo\Desktop\999_cs\Quantum_Inpired_PSO_Classifcation\train\fog_smoke\fog_smoke0539.jpg,fog_smoke
C:\Users\HishamMo\Desktop\999_cs\Quantum_Inpired_PSO_Classifcation\train\fog_smoke\fog_smoke0540.jpg,fog_smoke
C:\Users\HishamMo\Desktop\999_cs\Quantum_Inpired_PSO_Classifcation\train\fog_smoke\fog_smoke0541.jpg,fog_smoke
C:\Users\HishamMo\Desktop\999_cs\Quantum_Inpired_PSO_Classifcation\train\fog_smoke\fog_smoke0542.jpg,fog_smoke
C:\Users\HishamMo\Desktop\999_cs\Quantum_Inpired_PSO_Classifcation\train\fog_smoke\fog_smoke0543.jpg,fog_smoke
C:\Users\HishamMo\Desktop\999_cs\Quantum_Inpired_PSO_Classifcation\train\fog_smoke\fog_smoke0544.jpg,fog_smoke
C:\Users\HishamMo\Desktop\999_cs\Quantum_Inpired_PSO_Classifcation\train\fog_smoke\fog_smoke0545.jpg,fog_smoke
C:\Users\HishamMo\Desktop\999_cs\Quantum_Inpired_PSO_Classifcation\train\fog_smoke\fog_smoke0546.jpg,fog_smoke
C:\Users\HishamMo\Desktop\999_cs\Quantum_Inpired_PSO_Classifcation\train\fog_smoke\fog_smoke0548.jpg,fog_smoke
C:\Users\HishamMo\Desktop\999_cs\Quantum_Inpired_PSO_Classifcation\train\fog_smoke\fog_smoke0549.jpg,fog_smoke
C:\Users\HishamMo\Desktop\999_cs\Quantum_Inpired_PSO_Classifcation\train\fog_smoke\fog_smoke0550.jpg,fog_smoke
C:\Users\HishamMo\Desktop\999_cs\Quantum_Inpired_PSO_Classifcation\train\fog_smoke\fog_smoke0551.jpg,fog_smoke
C:\Users\HishamMo\Desktop\999_cs\Quantum_Inpired_PSO_Classifcation\train\fog_smoke\fog_smoke0552.jpg,fog_smoke
C:\Users\HishamMo\Desktop\999_cs\Quantum_Inpired_PSO_Classifcation\train\fog_smoke\fog_smoke0553.jpg,fog_smoke
C:\Users\HishamMo\Desktop\999_cs\Quantum_Inpired_PSO_Classifcation\train\fog_smoke\fog_smoke0554.jpg,fog_smoke
C:\Users\HishamMo\Desktop\999_cs\Quantum_Inpired_PSO_Classifcation\train\fog_smoke\fog_smoke0556.jpg,fog_smoke
C:\Users\HishamMo\Desktop\999_cs\Quantum_Inpired_PSO_Classifcation\train\fog_smoke\fog_smoke0557.jpg,fog_smoke
C:\Users\HishamMo\Desktop\999_cs\Quantum_Inpired_PSO_Classifcation\train\fog_smoke\fog_smoke0558.jpg,fog_smoke
C:\Users\HishamMo\Desktop\999_cs\Quantum_Inpired_PSO_Classifcation\train\fog_smoke\fog_smoke0559.jpg,fog_smoke
C:\Users\HishamMo\Desktop\999_cs\Quantum_Inpired_PSO_Classifcation\train\fog_smoke\fog_smoke0560.jpg,fog_smoke
C:\Users\HishamMo\Desktop\999_cs\Quantum_Inpired_PSO_Classifcation\train\fog_smoke\fog_smoke0561.jpg,fog_smoke
C:\Users\HishamMo\Desktop\999_cs\Quantum_Inpired_PSO_Classifcation\train\fog_smoke\fog_smoke0562.jpg,fog_smoke
C:\Users\HishamMo\Desktop\999_cs\Quantum_Inpired_PSO_Classifcation\train\fog_smoke\fog_smoke0563.jpg,fog_smoke
C:\Users\HishamMo\Desktop\999_cs\Quantum_Inpired_PSO_Classifcation\train\fog_smoke\fog_smoke0564.jpg,fog_smoke
C:\Users\HishamMo\Desktop\999_cs\Quantum_Inpired_PSO_Classifcation\train\fog_smoke\fog_smoke0565.jpg,fog_smoke
C:\Users\HishamMo\Desktop\999_cs\Quantum_Inpired_PSO_Classifcation\train\fog_smoke\fog_smoke0567.jpg,fog_smoke
C:\Users\HishamMo\Desktop\999_cs\Quantum_Inpired_PSO_Classifcation\train\fog_smoke\fog_smoke0568.jpg,fog_smoke
C:\Users\HishamMo\Desktop\999_cs\Quantum_Inpired_PSO_Classifcation\train\fog_smoke\fog_smoke0569.jpg,fog_smoke
C:\Users\HishamMo\Desktop\999_cs\Quantum_Inpired_PSO_Classifcation\train\fog_smoke\fog_smoke0570.jpg,fog_smoke
C:\Users\HishamMo\Desktop\999_cs\Quantum_Inpired_PSO_Classifcation\train\fog_smoke\fog_smoke0571.jpg,fog_smoke
C:\Users\HishamMo\Desktop\999_cs\Quantum_Inpired_PSO_Classifcation\train\fog_smoke\fog_smoke0573.jpg,fog_smoke
C:\Users\HishamMo\Desktop\999_cs\Quantum_Inpired_PSO_Classifcation\train\fog_smoke\fog_smoke0574.jpg,fog_smoke
C:\Users\HishamMo\Desktop\999_cs\Quantum_Inpired_PSO_Classifcation\train\fog_smoke\fog_smoke0575.jpg,fog_smoke
C:\Users\HishamMo\Desktop\999_cs\Quantum_Inpired_PSO_Classifcation\train\fog_smoke\fog_smoke0576.jpg,fog_smoke
C:\Users\HishamMo\Desktop\999_cs\Quantum_Inpired_PSO_Classifcation\train\fog_smoke\fog_smoke0577.jpg,fog_smoke
C:\Users\HishamMo\Desktop\999_cs\Quantum_Inpired_PSO_Classifcation\train\fog_smoke\fog_smoke0579.jpg,fog_smoke
C:\Users\HishamMo\Desktop\999_cs\Quantum_Inpired_PSO_Classifcation\train\fog_smoke\fog_smoke0580.jpg,fog_smoke
C:\Users\HishamMo\Desktop\999_cs\Quantum_Inpired_PSO_Classifcation\train\fog_smoke\fog_smoke0582.jpg,fog_smoke
C:\Users\HishamMo\Desktop\999_cs\Quantum_Inpired_PSO_Classifcation\train\fog_smoke\fog_smoke0583.jpg,fog_smoke
C:\Users\HishamMo\Desktop\999_cs\Quantum_Inpired_PSO_Classifcation\train\fog_smoke\fog_smoke0584.jpg,fog_smoke
C:\Users\HishamMo\Desktop\999_cs\Quantum_Inpired_PSO_Classifcation\train\fog_smoke\fog_smoke0586.jpg,fog_smoke
C:\Users\HishamMo\Desktop\999_cs\Quantum_Inpired_PSO_Classifcation\train\fog_smoke\fog_smoke0587.jpg,fog_smoke
C:\Users\HishamMo\Desktop\999_cs\Quantum_Inpired_PSO_Classifcation\train\fog_smoke\fog_smoke0588.jpg,fog_smoke
C:\Users\HishamMo\Desktop\999_cs\Quantum_Inpired_PSO_Classifcation\train\fog_smoke\fog_smoke0589.jpg,fog_smoke
C:\Users\HishamMo\Desktop\999_cs\Quantum_Inpired_PSO_Classifcation\train\fog_smoke\fog_smoke0591.jpg,fog_smoke
C:\Users\HishamMo\Desktop\999_cs\Quantum_Inpired_PSO_Classifcation\train\fog_smoke\fog_smoke0592.jpg,fog_smoke
C:\Users\HishamMo\Desktop\999_cs\Quantum_Inpired_PSO_Classifcation\train\fog_smoke\fog_smoke0593.jpg,fog_smoke
C:\Users\HishamMo\Desktop\999_cs\Quantum_Inpired_PSO_Classifcation\train\fog_smoke\fog_smoke0594.jpg,fog_smoke
C:\Users\HishamMo\Desktop\999_cs\Quantum_Inpired_PSO_Classifcation\train\fog_smoke\fog_smoke0595.jpg,fog_smoke
C:\Users\HishamMo\Desktop\999_cs\Quantum_Inpired_PSO_Classifcation\train\fog_smoke\fog_smoke0597.jpg,fog_smoke
C:\Users\HishamMo\Desktop\999_cs\Quantum_Inpired_PSO_Classifcation\train\fog_smoke\fog_smoke0598.jpg,fog_smoke
C:\Users\HishamMo\Desktop\999_cs\Quantum_Inpired_PSO_Classifcation\train\fog_smoke\fog_smoke0599.jpg,fog_smoke
C:\Users\HishamMo\Desktop\999_cs\Quantum_Inpired_PSO_Classifcation\train\fog_smoke\fog_smoke0603.jpg,fog_smoke
C:\Users\HishamMo\Desktop\999_cs\Quantum_Inpired_PSO_Classifcation\train\fog_smoke\fog_smoke0604.jpg,fog_smoke
C:\Users\HishamMo\Desktop\999_cs\Quantum_Inpired_PSO_Classifcation\train\fog_smoke\fog_smoke0605.jpg,fog_smoke
C:\Users\HishamMo\Desktop\999_cs\Quantum_Inpired_PSO_Classifcation\train\fog_smoke\fog_smoke0606.jpg,fog_smoke
C:\Users\HishamMo\Desktop\999_cs\Quantum_Inpired_PSO_Classifcation\train\fog_smoke\fog_smoke0607.jpg,fog_smoke
C:\Users\HishamMo\Desktop\999_cs\Quantum_Inpired_PSO_Classifcation\train\fog_smoke\fog_smoke0608.jpg,fog_smoke
C:\Users\HishamMo\Desktop\999_cs\Quantum_Inpired_PSO_Classifcation\train\fog_smoke\fog_smoke0609.jpg,fog_smoke
C:\Users\HishamMo\Desktop\999_cs\Quantum_Inpired_PSO_Classifcation\train\fog_smoke\fog_smoke0610.jpg,fog_smoke
C:\Users\HishamMo\Desktop\999_cs\Quantum_Inpired_PSO_Classifcation\train\fog_smoke\fog_smoke0612.jpg,fog_smoke
C:\Users\HishamMo\Desktop\999_cs\Quantum_Inpired_PSO_Classifcation\train\fog_smoke\fog_smoke0613.jpg,fog_smoke
C:\Users\HishamMo\Desktop\999_cs\Quantum_Inpired_PSO_Classifcation\train\fog_smoke\fog_smoke0614.jpg,fog_smoke
C:\Users\HishamMo\Desktop\999_cs\Quantum_Inpired_PSO_Classifcation\train\fog_smoke\fog_smoke0615.jpg,fog_smoke
C:\Users\HishamMo\Desktop\999_cs\Quantum_Inpired_PSO_Classifcation\train\fog_smoke\fog_smoke0616.jpg,fog_smoke
C:\Users\HishamMo\Desktop\999_cs\Quantum_Inpired_PSO_Classifcation\train\fog_smoke\fog_smoke0617.jpg,fog_smoke
C:\Users\HishamMo\Desktop\999_cs\Quantum_Inpired_PSO_Classifcation\train\fog_smoke\fog_smoke0618.jpg,fog_smoke
C:\Users\HishamMo\Desktop\999_cs\Quantum_Inpired_PSO_Classifcation\train\fog_smoke\fog_smoke0619.jpg,fog_smoke
C:\Users\HishamMo\Desktop\999_cs\Quantum_Inpired_PSO_Classifcation\train\fog_smoke\fog_smoke0620.jpg,fog_smoke
C:\Users\HishamMo\Desktop\999_cs\Quantum_Inpired_PSO_Classifcation\train\fog_smoke\fog_smoke0621.jpg,fog_smoke
C:\Users\HishamMo\Desktop\999_cs\Quantum_Inpired_PSO_Classifcation\train\fog_smoke\fog_smoke0622.jpg,fog_smoke
C:\Users\HishamMo\Desktop\999_cs\Quantum_Inpired_PSO_Classifcation\train\fog_smoke\fog_smoke0623.jpg,fog_smoke
C:\Users\HishamMo\Desktop\999_cs\Quantum_Inpired_PSO_Classifcation\train\fog_smoke\fog_smoke0624.jpg,fog_smoke
C:\Users\HishamMo\Desktop\999_cs\Quantum_Inpired_PSO_Classifcation\train\fog_smoke\fog_smoke0625.jpg,fog_smoke
C:\Users\HishamMo\Desktop\999_cs\Quantum_Inpired_PSO_Classifcation\train\fog_smoke\fog_smoke0626.jpg,fog_smoke
C:\Users\HishamMo\Desktop\999_cs\Quantum_Inpired_PSO_Classifcation\train\fog_smoke\fog_smoke0627.jpg,fog_smoke
C:\Users\HishamMo\Desktop\999_cs\Quantum_Inpired_PSO_Classifcation\train\fog_smoke\fog_smoke0628.jpg,fog_smoke
C:\Users\HishamMo\Desktop\999_cs\Quantum_Inpired_PSO_Classifcation\train\fog_smoke\fog_smoke0629.jpg,fog_smoke
C:\Users\HishamMo\Desktop\999_cs\Quantum_Inpired_PSO_Classifcation\train\fog_smoke\fog_smoke0630.jpg,fog_smoke
C:\Users\HishamMo\Desktop\999_cs\Quantum_Inpired_PSO_Classifcation\train\fog_smoke\fog_smoke0632.jpg,fog_smoke
C:\Users\HishamMo\Desktop\999_cs\Quantum_Inpired_PSO_Classifcation\train\fog_smoke\fog_smoke0633.jpg,fog_smoke
C:\Users\HishamMo\Desktop\999_cs\Quantum_Inpired_PSO_Classifcation\train\fog_smoke\fog_smoke0634.jpg,fog_smoke
C:\Users\HishamMo\Desktop\999_cs\Quantum_Inpired_PSO_Classifcation\train\fog_smoke\fog_smoke0635.jpg,fog_smoke
C:\Users\HishamMo\Desktop\999_cs\Quantum_Inpired_PSO_Classifcation\train\fog_smoke\fog_smoke0636.jpg,fog_smoke
C:\Users\HishamMo\Desktop\999_cs\Quantum_Inpired_PSO_Classifcation\train\fog_smoke\fog_smoke0637.jpg,fog_smoke
C:\Users\HishamMo\Desktop\999_cs\Quantum_Inpired_PSO_Classifcation\train\fog_smoke\fog_smoke0639.jpg,fog_smoke
C:\Users\HishamMo\Desktop\999_cs\Quantum_Inpired_PSO_Classifcation\train\fog_smoke\fog_smoke0640.jpg,fog_smoke
C:\Users\HishamMo\Desktop\999_cs\Quantum_Inpired_PSO_Classifcation\train\fog_smoke\fog_smoke0641.jpg,fog_smoke
C:\Users\HishamMo\Desktop\999_cs\Quantum_Inpired_PSO_Classifcation\train\fog_smoke\fog_smoke0643.jpg,fog_smoke
C:\Users\HishamMo\Desktop\999_cs\Quantum_Inpired_PSO_Classifcation\train\fog_smoke\fog_smoke0644.jpg,fog_smoke
C:\Users\HishamMo\Desktop\999_cs\Quantum_Inpired_PSO_Classifcation\train\fog_smoke\fog_smoke0645.jpg,fog_smoke
C:\Users\HishamMo\Desktop\999_cs\Quantum_Inpired_PSO_Classifcation\train\fog_smoke\fog_smoke0646.jpg,fog_smoke
C:\Users\HishamMo\Desktop\999_cs\Quantum_Inpired_PSO_Classifcation\train\fog_smoke\fog_smoke0647.jpg,fog_smoke
C:\Users\HishamMo\Desktop\999_cs\Quantum_Inpired_PSO_Classifcation\train\fog_smoke\fog_smoke0648.jpg,fog_smoke
C:\Users\HishamMo\Desktop\999_cs\Quantum_Inpired_PSO_Classifcation\train\fog_smoke\fog_smoke0650.jpg,fog_smoke
C:\Users\HishamMo\Desktop\999_cs\Quantum_Inpired_PSO_Classifcation\train\fog_smoke\fog_smoke0651.jpg,fog_smoke
C:\Users\HishamMo\Desktop\999_cs\Quantum_Inpired_PSO_Classifcation\train\fog_smoke\fog_smoke0652.jpg,fog_smoke
C:\Users\HishamMo\Desktop\999_cs\Quantum_Inpired_PSO_Classifcation\train\fog_smoke\fog_smoke0653.jpg,fog_smoke
C:\Users\HishamMo\Desktop\999_cs\Quantum_Inpired_PSO_Classifcation\train\fog_smoke\fog_smoke0655.jpg,fog_smoke
C:\Users\HishamMo\Desktop\999_cs\Quantum_Inpired_PSO_Classifcation\train\fog_smoke\fog_smoke0656.jpg,fog_smoke
C:\Users\HishamMo\Desktop\999_cs\Quantum_Inpired_PSO_Classifcation\train\fog_smoke\fog_smoke0657.jpg,fog_smoke
C:\Users\HishamMo\Desktop\999_cs\Quantum_Inpired_PSO_Classifcation\train\fog_smoke\fog_smoke0659.jpg,fog_smoke
C:\Users\HishamMo\Desktop\999_cs\Quantum_Inpired_PSO_Classifcation\train\fog_smoke\fog_smoke0660.jpg,fog_smoke
C:\Users\HishamMo\Desktop\999_cs\Quantum_Inpired_PSO_Classifcation\train\fog_smoke\fog_smoke0661.jpg,fog_smoke
C:\Users\HishamMo\Desktop\999_cs\Quantum_Inpired_PSO_Classifcation\train\fog_smoke\fog_smoke0662.jpg,fog_smoke
C:\Users\HishamMo\Desktop\999_cs\Quantum_Inpired_PSO_Classifcation\train\fog_smoke\fog_smoke0663.jpg,fog_smoke
C:\Users\HishamMo\Desktop\999_cs\Quantum_Inpired_PSO_Classifcation\train\fog_smoke\fog_smoke0664.jpg,fog_smoke
C:\Users\HishamMo\Desktop\999_cs\Quantum_Inpired_PSO_Classifcation\train\fog_smoke\fog_smoke0665.jpg,fog_smoke
C:\Users\HishamMo\Desktop\999_cs\Quantum_Inpired_PSO_Classifcation\train\fog_smoke\fog_smoke0666.jpg,fog_smoke
C:\Users\HishamMo\Desktop\999_cs\Quantum_Inpired_PSO_Classifcation\train\fog_smoke\fog_smoke0667.jpg,fog_smoke
C:\Users\HishamMo\Desktop\999_cs\Quantum_Inpired_PSO_Classifcation\train\fog_smoke\fog_smoke0668.jpg,fog_smoke
C:\Users\HishamMo\Desktop\999_cs\Quantum_Inpired_PSO_Classifcation\train\fog_smoke\fog_smoke0669.jpg,fog_smoke
C:\Users\HishamMo\Desktop\999_cs\Quantum_Inpired_PSO_Classifcation\train\fog_smoke\fog_smoke0670.jpg,fog_smoke
C:\Users\HishamMo\Desktop\999_cs\Quantum_Inpired_PSO_Classifcation\train\fog_smoke\fog_smoke0671.jpg,fog_smoke
C:\Users\HishamMo\Desktop\999_cs\Quantum_Inpired_PSO_Classifcation\train\fog_smoke\fog_smoke0672.jpg,fog_smoke
C:\Users\HishamMo\Desktop\999_cs\Quantum_Inpired_PSO_Classifcation\train\fog_smoke\fog_smoke0673.jpg,fog_smoke
C:\Users\HishamMo\Desktop\999_cs\Quantum_Inpired_PSO_Classifcation\train\fog_smoke\fog_smoke0674.jpg,fog_smoke
C:\Users\HishamMo\Desktop\999_cs\Quantum_Inpired_PSO_Classifcation\train\fog_smoke\fog_smoke0677.jpg,fog_smoke
C:\Users\HishamMo\Desktop\999_cs\Quantum_Inpired_PSO_Classifcation\train\fog_smoke\fog_smoke0680.jpg,fog_smoke
C:\Users\HishamMo\Desktop\999_cs\Quantum_Inpired_PSO_Classifcation\train\fog_smoke\fog_smoke0681.jpg,fog_smoke
C:\Users\HishamMo\Desktop\999_cs\Quantum_Inpired_PSO_Classifcation\train\fog_smoke\fog_smoke0682.jpg,fog_smoke
C:\Users\HishamMo\Desktop\999_cs\Quantum_Inpired_PSO_Classifcation\train\fog_smoke\fog_smoke0683.jpg,fog_smoke
C:\Users\HishamMo\Desktop\999_cs\Quantum_Inpired_PSO_Classifcation\train\fog_smoke\fog_smoke0685.jpg,fog_smoke
C:\Users\HishamMo\Desktop\999_cs\Quantum_Inpired_PSO_Classifcation\train\fog_smoke\fog_smoke0687.jpg,fog_smoke
C:\Users\HishamMo\Desktop\999_cs\Quantum_Inpired_PSO_Classifcation\train\fog_smoke\fog_smoke0688.jpg,fog_smoke
C:\Users\HishamMo\Desktop\999_cs\Quantum_Inpired_PSO_Classifcation\train\fog_smoke\fog_smoke0689.jpg,fog_smoke
C:\Users\HishamMo\Desktop\999_cs\Quantum_Inpired_PSO_Classifcation\train\fog_smoke\fog_smoke0690.jpg,fog_smoke
C:\Users\HishamMo\Desktop\999_cs\Quantum_Inpired_PSO_Classifcation\train\fog_smoke\fog_smoke0691.jpg,fog_smoke
C:\Users\HishamMo\Desktop\999_cs\Quantum_Inpired_PSO_Classifcation\train\fog_smoke\fog_smoke0692.jpg,fog_smoke
C:\Users\HishamMo\Desktop\999_cs\Quantum_Inpired_PSO_Classifcation\train\fog_smoke\fog_smoke0693.jpg,fog_smoke
C:\Users\HishamMo\Desktop\999_cs\Quantum_Inpired_PSO_Classifcation\train\fog_smoke\fog_smoke0694.jpg,fog_smoke
C:\Users\HishamMo\Desktop\999_cs\Quantum_Inpired_PSO_Classifcation\train\fog_smoke\fog_smoke0695.jpg,fog_smoke
C:\Users\HishamMo\Desktop\999_cs\Quantum_Inpired_PSO_Classifcation\train\fog_smoke\fog_smoke0696.jpg,fog_smoke
C:\Users\HishamMo\Desktop\999_cs\Quantum_Inpired_PSO_Classifcation\train\fog_smoke\fog_smoke0698.jpg,fog_smoke
C:\Users\HishamMo\Desktop\999_cs\Quantum_Inpired_PSO_Classifcation\train\fog_smoke\fog_smoke0699.jpg,fog_smoke
C:\Users\HishamMo\Desktop\999_cs\Quantum_Inpired_PSO_Classifcation\train\fog_smoke\fog_smoke0700.jpg,fog_smoke
C:\Users\HishamMo\Desktop\999_cs\Quantum_Inpired_PSO_Classifcation\train\fog_smoke\fog_smoke0701.jpg,fog_smoke
C:\Users\HishamMo\Desktop\999_cs\Quantum_Inpired_PSO_Classifcation\train\fog_smoke\fog_smoke0702.jpg,fog_smoke
C:\Users\HishamMo\Desktop\999_cs\Quantum_Inpired_PSO_Classifcation\train\fog_smoke\fog_smoke0703.jpg,fog_smoke
C:\Users\HishamMo\Desktop\999_cs\Quantum_Inpired_PSO_Classifcation\train\fog_smoke\fog_smoke0704.jpg,fog_smoke
C:\Users\HishamMo\Desktop\999_cs\Quantum_Inpired_PSO_Classifcation\train\fog_smoke\fog_smoke0705.jpg,fog_smoke
C:\Users\HishamMo\Desktop\999_cs\Quantum_Inpired_PSO_Classifcation\train\fog_smoke\fog_smoke0706.jpg,fog_smoke
C:\Users\HishamMo\Desktop\999_cs\Quantum_Inpired_PSO_Classifcation\train\fog_smoke\fog_smoke0708.jpg,fog_smoke
C:\Users\HishamMo\Desktop\999_cs\Quantum_Inpired_PSO_Classifcation\train\fog_smoke\fog_smoke0709.jpg,fog_smoke
C:\Users\HishamMo\Desktop\999_cs\Quantum_Inpired_PSO_Classifcation\train\fog_smoke\fog_smoke0710.jpg,fog_smoke
C:\Users\HishamMo\Desktop\999_cs\Quantum_Inpired_PSO_Classifcation\train\fog_smoke\fog_smoke0711.jpg,fog_smoke
C:\Users\HishamMo\Desktop\999_cs\Quantum_Inpired_PSO_Classifcation\train\fog_smoke\fog_smoke0712.jpg,fog_smoke
C:\Users\HishamMo\Desktop\999_cs\Quantum_Inpired_PSO_Classifcation\train\fog_smoke\fog_smoke0713.jpg,fog_smoke
C:\Users\HishamMo\Desktop\999_cs\Quantum_Inpired_PSO_Classifcation\train\fog_smoke\fog_smoke0716.jpg,fog_smoke
C:\Users\HishamMo\Desktop\999_cs\Quantum_Inpired_PSO_Classifcation\train\fog_smoke\fog_smoke0718.jpg,fog_smoke
C:\Users\HishamMo\Desktop\999_cs\Quantum_Inpired_PSO_Classifcation\train\fog_smoke\fog_smoke0719.jpg,fog_smoke
C:\Users\HishamMo\Desktop\999_cs\Quantum_Inpired_PSO_Classifcation\train\fog_smoke\fog_smoke0720.jpg,fog_smoke
C:\Users\HishamMo\Desktop\999_cs\Quantum_Inpired_PSO_Classifcation\train\fog_smoke\fog_smoke0721.jpg,fog_smoke
C:\Users\HishamMo\Desktop\999_cs\Quantum_Inpired_PSO_Classifcation\train\fog_smoke\fog_smoke0723.jpg,fog_smoke
C:\Users\HishamMo\Desktop\999_cs\Quantum_Inpired_PSO_Classifcation\train\fog_smoke\fog_smoke0724.jpg,fog_smoke
C:\Users\HishamMo\Desktop\999_cs\Quantum_Inpired_PSO_Classifcation\train\fog_smoke\fog_smoke0725.jpg,fog_smoke
C:\Users\HishamMo\Desktop\999_cs\Quantum_Inpired_PSO_Classifcation\train\fog_smoke\fog_smoke0726.jpg,fog_smoke
C:\Users\HishamMo\Desktop\999_cs\Quantum_Inpired_PSO_Classifcation\train\fog_smoke\fog_smoke0728.jpg,fog_smoke
C:\Users\HishamMo\Desktop\999_cs\Quantum_Inpired_PSO_Classifcation\train\fog_smoke\fog_smoke0729.jpg,fog_smoke
C:\Users\HishamMo\Desktop\999_cs\Quantum_Inpired_PSO_Classifcation\train\fog_smoke\fog_smoke0730.jpg,fog_smoke
C:\Users\HishamMo\Desktop\999_cs\Quantum_Inpired_PSO_Classifcation\train\fog_smoke\fog_smoke0731.jpg,fog_smoke
C:\Users\HishamMo\Desktop\999_cs\Quantum_Inpired_PSO_Classifcation\train\fog_smoke\fog_smoke0733.jpg,fog_smoke
C:\Users\HishamMo\Desktop\999_cs\Quantum_Inpired_PSO_Classifcation\train\fog_smoke\fog_smoke0735.jpg,fog_smoke
C:\Users\HishamMo\Desktop\999_cs\Quantum_Inpired_PSO_Classifcation\train\fog_smoke\fog_smoke0736.jpg,fog_smoke
C:\Users\HishamMo\Desktop\999_cs\Quantum_Inpired_PSO_Classifcation\train\fog_smoke\fog_smoke0737.jpg,fog_smoke
C:\Users\HishamMo\Desktop\999_cs\Quantum_Inpired_PSO_Classifcation\train\fog_smoke\fog_smoke0738.jpg,fog_smoke
C:\Users\HishamMo\Desktop\999_cs\Quantum_Inpired_PSO_Classifcation\train\fog_smoke\fog_smoke0740.jpg,fog_smoke
C:\Users\HishamMo\Desktop\999_cs\Quantum_Inpired_PSO_Classifcation\train\fog_smoke\fog_smoke0742.jpg,fog_smoke
C:\Users\HishamMo\Desktop\999_cs\Quantum_Inpired_PSO_Classifcation\train\fog_smoke\fog_smoke0743.jpg,fog_smoke
C:\Users\HishamMo\Desktop\999_cs\Quantum_Inpired_PSO_Classifcation\train\fog_smoke\fog_smoke0744.jpg,fog_smoke
C:\Users\HishamMo\Desktop\999_cs\Quantum_Inpired_PSO_Classifcation\train\fog_smoke\fog_smoke0745.jpg,fog_smoke
C:\Users\HishamMo\Desktop\999_cs\Quantum_Inpired_PSO_Classifcation\train\fog_smoke\fog_smoke0746.jpg,fog_smoke
C:\Users\HishamMo\Desktop\999_cs\Quantum_Inpired_PSO_Classifcation\train\fog_smoke\fog_smoke0747.jpg,fog_smoke
C:\Users\HishamMo\Desktop\999_cs\Quantum_Inpired_PSO_Classifcation\train\fog_smoke\fog_smoke0748.jpg,fog_smoke
C:\Users\HishamMo\Desktop\999_cs\Quantum_Inpired_PSO_Classifcation\train\fog_smoke\fog_smoke0749.jpg,fog_smoke
C:\Users\HishamMo\Desktop\999_cs\Quantum_Inpired_PSO_Classifcation\train\fog_smoke\fog_smoke0751.jpg,fog_smoke
C:\Users\HishamMo\Desktop\999_cs\Quantum_Inpired_PSO_Classifcation\train\fog_smoke\fog_smoke0752.jpg,fog_smoke
C:\Users\HishamMo\Desktop\999_cs\Quantum_Inpired_PSO_Classifcation\train\fog_smoke\fog_smoke0753.jpg,fog_smoke
C:\Users\HishamMo\Desktop\999_cs\Quantum_Inpired_PSO_Classifcation\train\fog_smoke\fog_smoke0756.jpg,fog_smoke
C:\Users\HishamMo\Desktop\999_cs\Quantum_Inpired_PSO_Classifcation\train\fog_smoke\fog_smoke0757.jpg,fog_smoke
C:\Users\HishamMo\Desktop\999_cs\Quantum_Inpired_PSO_Classifcation\train\fog_smoke\fog_smoke0758.jpg,fog_smoke
C:\Users\HishamMo\Desktop\999_cs\Quantum_Inpired_PSO_Classifcation\train\fog_smoke\fog_smoke0761.jpg,fog_smoke
C:\Users\HishamMo\Desktop\999_cs\Quantum_Inpired_PSO_Classifcation\train\fog_smoke\fog_smoke0762.jpg,fog_smoke
C:\Users\HishamMo\Desktop\999_cs\Quantum_Inpired_PSO_Classifcation\train\fog_smoke\fog_smoke0763.jpg,fog_smoke
C:\Users\HishamMo\Desktop\999_cs\Quantum_Inpired_PSO_Classifcation\train\fog_smoke\fog_smoke0764.jpg,fog_smoke
C:\Users\HishamMo\Desktop\999_cs\Quantum_Inpired_PSO_Classifcation\train\fog_smoke\fog_smoke0765.jpg,fog_smoke
C:\Users\HishamMo\Desktop\999_cs\Quantum_Inpired_PSO_Classifcation\train\fog_smoke\fog_smoke0767.jpg,fog_smoke
C:\Users\HishamMo\Desktop\999_cs\Quantum_Inpired_PSO_Classifcation\train\fog_smoke\fog_smoke0768.jpg,fog_smoke
C:\Users\HishamMo\Desktop\999_cs\Quantum_Inpired_PSO_Classifcation\train\fog_smoke\fog_smoke0770.jpg,fog_smoke
C:\Users\HishamMo\Desktop\999_cs\Quantum_Inpired_PSO_Classifcation\train\fog_smoke\fog_smoke0771.jpg,fog_smoke
C:\Users\HishamMo\Desktop\999_cs\Quantum_Inpired_PSO_Classifcation\train\fog_smoke\fog_smoke0772.jpg,fog_smoke
C:\Users\HishamMo\Desktop\999_cs\Quantum_Inpired_PSO_Classifcation\train\fog_smoke\fog_smoke0775.jpg,fog_smoke
C:\Users\HishamMo\Desktop\999_cs\Quantum_Inpired_PSO_Classifcation\train\fog_smoke\fog_smoke0776.jpg,fog_smoke
C:\Users\HishamMo\Desktop\999_cs\Quantum_Inpired_PSO_Classifcation\train\fog_smoke\fog_smoke0778.jpg,fog_smoke
C:\Users\HishamMo\Desktop\999_cs\Quantum_Inpired_PSO_Classifcation\train\fog_smoke\fog_smoke0779.jpg,fog_smoke
C:\Users\HishamMo\Desktop\999_cs\Quantum_Inpired_PSO_Classifcation\train\fog_smoke\fog_smoke0780.jpg,fog_smoke
C:\Users\HishamMo\Desktop\999_cs\Quantum_Inpired_PSO_Classifcation\train\fog_smoke\fog_smoke0781.jpg,fog_smoke
C:\Users\HishamMo\Desktop\999_cs\Quantum_Inpired_PSO_Classifcation\train\fog_smoke\fog_smoke0782.jpg,fog_smoke
C:\Users\HishamMo\Desktop\999_cs\Quantum_Inpired_PSO_Classifcation\train\fog_smoke\fog_smoke0783.jpg,fog_smoke
C:\Users\HishamMo\Desktop\999_cs\Quantum_Inpired_PSO_Classifcation\train\fog_smoke\fog_smoke0784.jpg,fog_smoke
C:\Users\HishamMo\Desktop\999_cs\Quantum_Inpired_PSO_Classifcation\train\fog_smoke\fog_smoke0786.jpg,fog_smoke
C:\Users\HishamMo\Desktop\999_cs\Quantum_Inpired_PSO_Classifcation\train\fog_smoke\fog_smoke0787.jpg,fog_smoke
C:\Users\HishamMo\Desktop\999_cs\Quantum_Inpired_PSO_Classifcation\train\fog_smoke\fog_smoke0788.jpg,fog_smoke
C:\Users\HishamMo\Desktop\999_cs\Quantum_Inpired_PSO_Classifcation\train\fog_smoke\fog_smoke0789.jpg,fog_smoke
C:\Users\HishamMo\Desktop\999_cs\Quantum_Inpired_PSO_Classifcation\train\fog_smoke\fog_smoke0790.jpg,fog_smoke
C:\Users\HishamMo\Desktop\999_cs\Quantum_Inpired_PSO_Classifcation\train\fog_smoke\fog_smoke0791.jpg,fog_smoke
C:\Users\HishamMo\Desktop\999_cs\Quantum_Inpired_PSO_Classifcation\train\fog_smoke\fog_smoke0792.jpg,fog_smoke
C:\Users\HishamMo\Desktop\999_cs\Quantum_Inpired_PSO_Classifcation\train\fog_smoke\fog_smoke0794.jpg,fog_smoke
C:\Users\HishamMo\Desktop\999_cs\Quantum_Inpired_PSO_Classifcation\train\fog_smoke\fog_smoke0795.jpg,fog_smoke
C:\Users\HishamMo\Desktop\999_cs\Quantum_Inpired_PSO_Classifcation\train\fog_smoke\fog_smoke0796.jpg,fog_smoke
C:\Users\HishamMo\Desktop\999_cs\Quantum_Inpired_PSO_Classifcation\train\fog_smoke\fog_smoke0797.jpg,fog_smoke
C:\Users\HishamMo\Desktop\999_cs\Quantum_Inpired_PSO_Classifcation\train\fog_smoke\fog_smoke0798.jpg,fog_smoke
C:\Users\HishamMo\Desktop\999_cs\Quantum_Inpired_PSO_Classifcation\train\fog_smoke\fog_smoke0799.jpg,fog_smoke
C:\Users\HishamMo\Desktop\999_cs\Quantum_Inpired_PSO_Classifcation\train\fog_smoke\fog_smoke0800.jpg,fog_smoke
C:\Users\HishamMo\Desktop\999_cs\Quantum_Inpired_PSO_Classifcation\train\fog_smoke\fog_smoke0801.jpg,fog_smoke
C:\Users\HishamMo\Desktop\999_cs\Quantum_Inpired_PSO_Classifcation\train\fog_smoke\fog_smoke0802.jpg,fog_smoke
C:\Users\HishamMo\Desktop\999_cs\Quantum_Inpired_PSO_Classifcation\train\fog_smoke\fog_smoke0803.jpg,fog_smoke
C:\Users\HishamMo\Desktop\999_cs\Quantum_Inpired_PSO_Classifcation\train\fog_smoke\fog_smoke0805.jpg,fog_smoke
C:\Users\HishamMo\Desktop\999_cs\Quantum_Inpired_PSO_Classifcation\train\fog_smoke\fog_smoke0806.jpg,fog_smoke
C:\Users\HishamMo\Desktop\999_cs\Quantum_Inpired_PSO_Classifcation\train\fog_smoke\fog_smoke0808.jpg,fog_smoke
C:\Users\HishamMo\Desktop\999_cs\Quantum_Inpired_PSO_Classifcation\train\fog_smoke\fog_smoke0809.jpg,fog_smoke
C:\Users\HishamMo\Desktop\999_cs\Quantum_Inpired_PSO_Classifcation\train\fog_smoke\fog_smoke0810.jpg,fog_smoke
C:\Users\HishamMo\Desktop\999_cs\Quantum_Inpired_PSO_Classifcation\train\fog_smoke\fog_smoke0811.jpg,fog_smoke
C:\Users\HishamMo\Desktop\999_cs\Quantum_Inpired_PSO_Classifcation\train\fog_smoke\fog_smoke0812.jpg,fog_smoke
C:\Users\HishamMo\Desktop\999_cs\Quantum_Inpired_PSO_Classifcation\train\fog_smoke\fog_smoke0813.jpg,fog_smoke
C:\Users\HishamMo\Desktop\999_cs\Quantum_Inpired_PSO_Classifcation\train\fog_smoke\fog_smoke0815.jpg,fog_smoke
C:\Users\HishamMo\Desktop\999_cs\Quantum_Inpired_PSO_Classifcation\train\fog_smoke\fog_smoke0816.jpg,fog_smoke
C:\Users\HishamMo\Desktop\999_cs\Quantum_Inpired_PSO_Classifcation\train\fog_smoke\fog_smoke0817.jpg,fog_smoke
C:\Users\HishamMo\Desktop\999_cs\Quantum_Inpired_PSO_Classifcation\train\fog_smoke\fog_smoke0818.jpg,fog_smoke
C:\Users\HishamMo\Desktop\999_cs\Quantum_Inpired_PSO_Classifcation\train\fog_smoke\fog_smoke0819.jpg,fog_smoke
C:\Users\HishamMo\Desktop\999_cs\Quantum_Inpired_PSO_Classifcation\train\fog_smoke\fog_smoke0820.jpg,fog_smoke
C:\Users\HishamMo\Desktop\999_cs\Quantum_Inpired_PSO_Classifcation\train\fog_smoke\fog_smoke0821.jpg,fog_smoke
C:\Users\HishamMo\Desktop\999_cs\Quantum_Inpired_PSO_Classifcation\train\fog_smoke\fog_smoke0822.jpg,fog_smoke
C:\Users\HishamMo\Desktop\999_cs\Quantum_Inpired_PSO_Classifcation\train\fog_smoke\fog_smoke0824.jpg,fog_smoke
C:\Users\HishamMo\Desktop\999_cs\Quantum_Inpired_PSO_Classifcation\train\fog_smoke\fog_smoke0827.jpg,fog_smoke
C:\Users\HishamMo\Desktop\999_cs\Quantum_Inpired_PSO_Classifcation\train\fog_smoke\fog_smoke0829.jpg,fog_smoke
C:\Users\HishamMo\Desktop\999_cs\Quantum_Inpired_PSO_Classifcation\train\fog_smoke\fog_smoke0831.jpg,fog_smoke
C:\Users\HishamMo\Desktop\999_cs\Quantum_Inpired_PSO_Classifcation\train\fog_smoke\fog_smoke0832.jpg,fog_smoke
C:\Users\HishamMo\Desktop\999_cs\Quantum_Inpired_PSO_Classifcation\train\fog_smoke\fog_smoke0833.jpg,fog_smoke
C:\Users\HishamMo\Desktop\999_cs\Quantum_Inpired_PSO_Classifcation\train\fog_smoke\fog_smoke0834.jpg,fog_smoke
C:\Users\HishamMo\Desktop\999_cs\Quantum_Inpired_PSO_Classifcation\train\fog_smoke\fog_smoke0837.jpg,fog_smoke
C:\Users\HishamMo\Desktop\999_cs\Quantum_Inpired_PSO_Classifcation\train\fog_smoke\fog_smoke0838.jpg,fog_smoke
C:\Users\HishamMo\Desktop\999_cs\Quantum_Inpired_PSO_Classifcation\train\fog_smoke\fog_smoke0840.jpg,fog_smoke
C:\Users\HishamMo\Desktop\999_cs\Quantum_Inpired_PSO_Classifcation\train\fog_smoke\fog_smoke0841.jpg,fog_smoke
C:\Users\HishamMo\Desktop\999_cs\Quantum_Inpired_PSO_Classifcation\train\fog_smoke\fog_smoke0842.jpg,fog_smoke
C:\Users\HishamMo\Desktop\999_cs\Quantum_Inpired_PSO_Classifcation\train\fog_smoke\fog_smoke0843.jpg,fog_smoke
C:\Users\HishamMo\Desktop\999_cs\Quantum_Inpired_PSO_Classifcation\train\fog_smoke\fog_smoke0844.jpg,fog_smoke
C:\Users\HishamMo\Desktop\999_cs\Quantum_Inpired_PSO_Classifcation\train\fog_smoke\fog_smoke0846.jpg,fog_smoke
C:\Users\HishamMo\Desktop\999_cs\Quantum_Inpired_PSO_Classifcation\train\fog_smoke\fog_smoke0848.jpg,fog_smoke
C:\Users\HishamMo\Desktop\999_cs\Quantum_Inpired_PSO_Classifcation\train\fog_smoke\fog_smoke0849.jpg,fog_smoke
C:\Users\HishamMo\Desktop\999_cs\Quantum_Inpired_PSO_Classifcation\train\fog_smoke\fog_smoke0850.jpg,fog_smoke
C:\Users\HishamMo\Desktop\999_cs\Quantum_Inpired_PSO_Classifcation\train\fog_smoke\fog_smoke0852.jpg,fog_smoke
C:\Users\HishamMo\Desktop\999_cs\Quantum_Inpired_PSO_Classifcation\train\fog_smoke\fog_smoke0853.jpg,fog_smoke
C:\Users\HishamMo\Desktop\999_cs\Quantum_Inpired_PSO_Classifcation\train\fog_smoke\fog_smoke0854.jpg,fog_smoke
C:\Users\HishamMo\Desktop\999_cs\Quantum_Inpired_PSO_Classifcation\train\fog_smoke\fog_smoke0855.jpg,fog_smoke
C:\Users\HishamMo\Desktop\999_cs\Quantum_Inpired_PSO_Classifcation\train\fog_smoke\fog_smoke0856.jpg,fog_smoke
C:\Users\HishamMo\Desktop\999_cs\Quantum_Inpired_PSO_Classifcation\train\fog_smoke\fog_smoke0859.jpg,fog_smoke
C:\Users\HishamMo\Desktop\999_cs\Quantum_Inpired_PSO_Classifcation\train\fog_smoke\fog_smoke0860.jpg,fog_smoke
C:\Users\HishamMo\Desktop\999_cs\Quantum_Inpired_PSO_Classifcation\train\fog_smoke\fog_smoke0861.jpg,fog_smoke
C:\Users\HishamMo\Desktop\999_cs\Quantum_Inpired_PSO_Classifcation\train\fog_smoke\fog_smoke0862.jpg,fog_smoke
C:\Users\HishamMo\Desktop\999_cs\Quantum_Inpired_PSO_Classifcation\train\fog_smoke\fog_smoke0863.jpg,fog_smoke
C:\Users\HishamMo\Desktop\999_cs\Quantum_Inpired_PSO_Classifcation\train\fog_smoke\fog_smoke0864.jpg,fog_smoke
C:\Users\HishamMo\Desktop\999_cs\Quantum_Inpired_PSO_Classifcation\train\fog_smoke\fog_smoke0865.jpg,fog_smoke
C:\Users\HishamMo\Desktop\999_cs\Quantum_Inpired_PSO_Classifcation\train\fog_smoke\fog_smoke0867.jpg,fog_smoke
C:\Users\HishamMo\Desktop\999_cs\Quantum_Inpired_PSO_Classifcation\train\fog_smoke\fog_smoke0868.jpg,fog_smoke
C:\Users\HishamMo\Desktop\999_cs\Quantum_Inpired_PSO_Classifcation\train\fog_smoke\fog_smoke0869.jpg,fog_smoke
C:\Users\HishamMo\Desktop\999_cs\Quantum_Inpired_PSO_Classifcation\train\fog_smoke\fog_smoke0870.jpg,fog_smoke
C:\Users\HishamMo\Desktop\999_cs\Quantum_Inpired_PSO_Classifcation\train\fog_smoke\fog_smoke0871.jpg,fog_smoke
C:\Users\HishamMo\Desktop\999_cs\Quantum_Inpired_PSO_Classifcation\train\fog_smoke\fog_smoke0872.jpg,fog_smoke
C:\Users\HishamMo\Desktop\999_cs\Quantum_Inpired_PSO_Classifcation\train\fog_smoke\fog_smoke0873.jpg,fog_smoke
C:\Users\HishamMo\Desktop\999_cs\Quantum_Inpired_PSO_Classifcation\train\fog_smoke\fog_smoke0874.jpg,fog_smoke
C:\Users\HishamMo\Desktop\999_cs\Quantum_Inpired_PSO_Classifcation\train\fog_smoke\fog_smoke0876.jpg,fog_smoke
C:\Users\HishamMo\Desktop\999_cs\Quantum_Inpired_PSO_Classifcation\train\fog_smoke\fog_smoke0877.jpg,fog_smoke
C:\Users\HishamMo\Desktop\999_cs\Quantum_Inpired_PSO_Classifcation\train\fog_smoke\fog_smoke0878.jpg,fog_smoke
C:\Users\HishamMo\Desktop\999_cs\Quantum_Inpired_PSO_Classifcation\train\fog_smoke\fog_smoke0879.jpg,fog_smoke
C:\Users\HishamMo\Desktop\999_cs\Quantum_Inpired_PSO_Classifcation\train\fog_smoke\fog_smoke0881.jpg,fog_smoke
C:\Users\HishamMo\Desktop\999_cs\Quantum_Inpired_PSO_Classifcation\train\fog_smoke\fog_smoke0883.jpg,fog_smoke
C:\Users\HishamMo\Desktop\999_cs\Quantum_Inpired_PSO_Classifcation\train\fog_smoke\fog_smoke0884.jpg,fog_smoke
C:\Users\HishamMo\Desktop\999_cs\Quantum_Inpired_PSO_Classifcation\train\fog_smoke\fog_smoke0885.jpg,fog_smoke
C:\Users\HishamMo\Desktop\999_cs\Quantum_Inpired_PSO_Classifcation\train\fog_smoke\fog_smoke0886.jpg,fog_smoke
C:\Users\HishamMo\Desktop\999_cs\Quantum_Inpired_PSO_Classifcation\train\fog_smoke\fog_smoke0887.jpg,fog_smoke
C:\Users\HishamMo\Desktop\999_cs\Quantum_Inpired_PSO_Classifcation\train\fog_smoke\fog_smoke0888.jpg,fog_smoke
C:\Users\HishamMo\Desktop\999_cs\Quantum_Inpired_PSO_Classifcation\train\fog_smoke\fog_smoke0890.jpg,fog_smoke
C:\Users\HishamMo\Desktop\999_cs\Quantum_Inpired_PSO_Classifcation\train\fog_smoke\fog_smoke0891.jpg,fog_smoke
C:\Users\HishamMo\Desktop\999_cs\Quantum_Inpired_PSO_Classifcation\train\fog_smoke\fog_smoke0892.jpg,fog_smoke
C:\Users\HishamMo\Desktop\999_cs\Quantum_Inpired_PSO_Classifcation\train\fog_smoke\fog_smoke0893.jpg,fog_smoke
C:\Users\HishamMo\Desktop\999_cs\Quantum_Inpired_PSO_Classifcation\train\fog_smoke\fog_smoke0894.jpg,fog_smoke
C:\Users\HishamMo\Desktop\999_cs\Quantum_Inpired_PSO_Classifcation\train\fog_smoke\fog_smoke0895.jpg,fog_smoke
C:\Users\HishamMo\Desktop\999_cs\Quantum_Inpired_PSO_Classifcation\train\fog_smoke\fog_smoke0896.jpg,fog_smoke
C:\Users\HishamMo\Desktop\999_cs\Quantum_Inpired_PSO_Classifcation\train\fog_smoke\fog_smoke0897.jpg,fog_smoke
C:\Users\HishamMo\Desktop\999_cs\Quantum_Inpired_PSO_Classifcation\train\fog_smoke\fog_smoke0898.jpg,fog_smoke
C:\Users\HishamMo\Desktop\999_cs\Quantum_Inpired_PSO_Classifcation\train\fog_smoke\fog_smoke0899.jpg,fog_smoke
C:\Users\HishamMo\Desktop\999_cs\Quantum_Inpired_PSO_Classifcation\train\fog_smoke\fog_smoke0900.jpg,fog_smoke
C:\Users\HishamMo\Desktop\999_cs\Quantum_Inpired_PSO_Classifcation\train\fog_smoke\fog_smoke0901.jpg,fog_smoke
C:\Users\HishamMo\Desktop\999_cs\Quantum_Inpired_PSO_Classifcation\train\fog_smoke\fog_smoke0902.jpg,fog_smoke
C:\Users\HishamMo\Desktop\999_cs\Quantum_Inpired_PSO_Classifcation\train\fog_smoke\fog_smoke0904.jpg,fog_smoke
C:\Users\HishamMo\Desktop\999_cs\Quantum_Inpired_PSO_Classifcation\train\fog_smoke\fog_smoke0905.jpg,fog_smoke
C:\Users\HishamMo\Desktop\999_cs\Quantum_Inpired_PSO_Classifcation\train\fog_smoke\fog_smoke0906.jpg,fog_smoke
C:\Users\HishamMo\Desktop\999_cs\Quantum_Inpired_PSO_Classifcation\train\fog_smoke\fog_smoke0907.jpg,fog_smoke
C:\Users\HishamMo\Desktop\999_cs\Quantum_Inpired_PSO_Classifcation\train\fog_smoke\fog_smoke0909.jpg,fog_smoke
C:\Users\HishamMo\Desktop\999_cs\Quantum_Inpired_PSO_Classifcation\train\fog_smoke\fog_smoke0910.jpg,fog_smoke
C:\Users\HishamMo\Desktop\999_cs\Quantum_Inpired_PSO_Classifcation\train\fog_smoke\fog_smoke0911.jpg,fog_smoke
C:\Users\HishamMo\Desktop\999_cs\Quantum_Inpired_PSO_Classifcation\train\fog_smoke\fog_smoke0912.jpg,fog_smoke
C:\Users\HishamMo\Desktop\999_cs\Quantum_Inpired_PSO_Classifcation\train\fog_smoke\fog_smoke0913.jpg,fog_smoke
C:\Users\HishamMo\Desktop\999_cs\Quantum_Inpired_PSO_Classifcation\train\fog_smoke\fog_smoke0915.jpg,fog_smoke
C:\Users\HishamMo\Desktop\999_cs\Quantum_Inpired_PSO_Classifcation\train\fog_smoke\fog_smoke0916.jpg,fog_smoke
C:\Users\HishamMo\Desktop\999_cs\Quantum_Inpired_PSO_Classifcation\train\fog_smoke\fog_smoke0917.jpg,fog_smoke
C:\Users\HishamMo\Desktop\999_cs\Quantum_Inpired_PSO_Classifcation\train\fog_smoke\fog_smoke0918.jpg,fog_smoke
C:\Users\HishamMo\Desktop\999_cs\Quantum_Inpired_PSO_Classifcation\train\fog_smoke\fog_smoke0919.jpg,fog_smoke
C:\Users\HishamMo\Desktop\999_cs\Quantum_Inpired_PSO_Classifcation\train\fog_smoke\fog_smoke0920.jpg,fog_smoke
C:\Users\HishamMo\Desktop\999_cs\Quantum_Inpired_PSO_Classifcation\train\fog_smoke\fog_smoke0921.jpg,fog_smoke
C:\Users\HishamMo\Desktop\999_cs\Quantum_Inpired_PSO_Classifcation\train\fog_smoke\fog_smoke0922.jpg,fog_smoke
C:\Users\HishamMo\Desktop\999_cs\Quantum_Inpired_PSO_Classifcation\train\fog_smoke\fog_smoke0924.jpg,fog_smoke
C:\Users\HishamMo\Desktop\999_cs\Quantum_Inpired_PSO_Classifcation\train\fog_smoke\fog_smoke0925.jpg,fog_smoke
C:\Users\HishamMo\Desktop\999_cs\Quantum_Inpired_PSO_Classifcation\train\fog_smoke\fog_smoke0926.jpg,fog_smoke
C:\Users\HishamMo\Desktop\999_cs\Quantum_Inpired_PSO_Classifcation\train\fog_smoke\fog_smoke0928.jpg,fog_smoke
C:\Users\HishamMo\Desktop\999_cs\Quantum_Inpired_PSO_Classifcation\train\fog_smoke\fog_smoke0929.jpg,fog_smoke
C:\Users\HishamMo\Desktop\999_cs\Quantum_Inpired_PSO_Classifcation\train\fog_smoke\fog_smoke0930.jpg,fog_smoke
C:\Users\HishamMo\Desktop\999_cs\Quantum_Inpired_PSO_Classifcation\train\fog_smoke\fog_smoke0931.jpg,fog_smoke
C:\Users\HishamMo\Desktop\999_cs\Quantum_Inpired_PSO_Classifcation\train\fog_smoke\fog_smoke0932.jpg,fog_smoke
C:\Users\HishamMo\Desktop\999_cs\Quantum_Inpired_PSO_Classifcation\train\fog_smoke\fog_smoke0933.jpg,fog_smoke
C:\Users\HishamMo\Desktop\999_cs\Quantum_Inpired_PSO_Classifcation\train\fog_smoke\fog_smoke0934.jpg,fog_smoke
C:\Users\HishamMo\Desktop\999_cs\Quantum_Inpired_PSO_Classifcation\train\fog_smoke\fog_smoke0935.jpg,fog_smoke
C:\Users\HishamMo\Desktop\999_cs\Quantum_Inpired_PSO_Classifcation\train\fog_smoke\fog_smoke0936.jpg,fog_smoke
C:\Users\HishamMo\Desktop\999_cs\Quantum_Inpired_PSO_Classifcation\train\fog_smoke\fog_smoke0938.jpg,fog_smoke
C:\Users\HishamMo\Desktop\999_cs\Quantum_Inpired_PSO_Classifcation\train\fog_smoke\fog_smoke0939.jpg,fog_smoke
C:\Users\HishamMo\Desktop\999_cs\Quantum_Inpired_PSO_Classifcation\train\fog_smoke\fog_smoke0940.jpg,fog_smoke
C:\Users\HishamMo\Desktop\999_cs\Quantum_Inpired_PSO_Classifcation\train\fog_smoke\fog_smoke0941.jpg,fog_smoke
C:\Users\HishamMo\Desktop\999_cs\Quantum_Inpired_PSO_Classifcation\train\fog_smoke\fog_smoke0942.jpg,fog_smoke
C:\Users\HishamMo\Desktop\999_cs\Quantum_Inpired_PSO_Classifcation\train\fog_smoke\fog_smoke0943.jpg,fog_smoke
C:\Users\HishamMo\Desktop\999_cs\Quantum_Inpired_PSO_Classifcation\train\fog_smoke\fog_smoke0944.jpg,fog_smoke
C:\Users\HishamMo\Desktop\999_cs\Quantum_Inpired_PSO_Classifcation\train\fog_smoke\fog_smoke0945.jpg,fog_smoke
C:\Users\HishamMo\Desktop\999_cs\Quantum_Inpired_PSO_Classifcation\train\fog_smoke\fog_smoke0946.jpg,fog_smoke
C:\Users\HishamMo\Desktop\999_cs\Quantum_Inpired_PSO_Classifcation\train\fog_smoke\fog_smoke0947.jpg,fog_smoke
C:\Users\HishamMo\Desktop\999_cs\Quantum_Inpired_PSO_Classifcation\train\fog_smoke\fog_smoke0948.jpg,fog_smoke
C:\Users\HishamMo\Desktop\999_cs\Quantum_Inpired_PSO_Classifcation\train\fog_smoke\fog_smoke0949.jpg,fog_smoke
C:\Users\HishamMo\Desktop\999_cs\Quantum_Inpired_PSO_Classifcation\train\fog_smoke\fog_smoke0950.jpg,fog_smoke
C:\Users\HishamMo\Desktop\999_cs\Quantum_Inpired_PSO_Classifcation\train\fog_smoke\fog_smoke0951.jpg,fog_smoke
C:\Users\HishamMo\Desktop\999_cs\Quantum_Inpired_PSO_Classifcation\train\fog_smoke\fog_smoke0952.jpg,fog_smoke
C:\Users\HishamMo\Desktop\999_cs\Quantum_Inpired_PSO_Classifcation\train\fog_smoke\fog_smoke0954.jpg,fog_smoke
C:\Users\HishamMo\Desktop\999_cs\Quantum_Inpired_PSO_Classifcation\train\fog_smoke\fog_smoke0955.jpg,fog_smoke
C:\Users\HishamMo\Desktop\999_cs\Quantum_Inpired_PSO_Classifcation\train\fog_smoke\fog_smoke0956.jpg,fog_smoke
C:\Users\HishamMo\Desktop\999_cs\Quantum_Inpired_PSO_Classifcation\train\fog_smoke\fog_smoke0957.jpg,fog_smoke
C:\Users\HishamMo\Desktop\999_cs\Quantum_Inpired_PSO_Classifcation\train\fog_smoke\fog_smoke0959.jpg,fog_smoke
C:\Users\HishamMo\Desktop\999_cs\Quantum_Inpired_PSO_Classifcation\train\fog_smoke\fog_smoke0960.jpg,fog_smoke
C:\Users\HishamMo\Desktop\999_cs\Quantum_Inpired_PSO_Classifcation\train\fog_smoke\fog_smoke0961.jpg,fog_smoke
C:\Users\HishamMo\Desktop\999_cs\Quantum_Inpired_PSO_Classifcation\train\fog_smoke\fog_smoke0962.jpg,fog_smoke
C:\Users\HishamMo\Desktop\999_cs\Quantum_Inpired_PSO_Classifcation\train\fog_smoke\fog_smoke0963.jpg,fog_smoke
C:\Users\HishamMo\Desktop\999_cs\Quantum_Inpired_PSO_Classifcation\train\fog_smoke\fog_smoke0964.jpg,fog_smoke
C:\Users\HishamMo\Desktop\999_cs\Quantum_Inpired_PSO_Classifcation\train\fog_smoke\fog_smoke0965.jpg,fog_smoke
C:\Users\HishamMo\Desktop\999_cs\Quantum_Inpired_PSO_Classifcation\train\fog_smoke\fog_smoke0966.jpg,fog_smoke
C:\Users\HishamMo\Desktop\999_cs\Quantum_Inpired_PSO_Classifcation\train\fog_smoke\fog_smoke0968.jpg,fog_smoke
C:\Users\HishamMo\Desktop\999_cs\Quantum_Inpired_PSO_Classifcation\train\fog_smoke\fog_smoke0969.jpg,fog_smoke
C:\Users\HishamMo\Desktop\999_cs\Quantum_Inpired_PSO_Classifcation\train\fog_smoke\fog_smoke0970.jpg,fog_smoke
C:\Users\HishamMo\Desktop\999_cs\Quantum_Inpired_PSO_Classifcation\train\fog_smoke\fog_smoke0971.jpg,fog_smoke
C:\Users\HishamMo\Desktop\999_cs\Quantum_Inpired_PSO_Classifcation\train\fog_smoke\fog_smoke0973.jpg,fog_smoke
C:\Users\HishamMo\Desktop\999_cs\Quantum_Inpired_PSO_Classifcation\train\fog_smoke\fog_smoke0974.jpg,fog_smoke
C:\Users\HishamMo\Desktop\999_cs\Quantum_Inpired_PSO_Classifcation\train\fog_smoke\fog_smoke0975.jpg,fog_smoke
C:\Users\HishamMo\Desktop\999_cs\Quantum_Inpired_PSO_Classifcation\train\fog_smoke\fog_smoke0976.jpg,fog_smoke
C:\Users\HishamMo\Desktop\999_cs\Quantum_Inpired_PSO_Classifcation\train\fog_smoke\fog_smoke0978.jpg,fog_smoke
C:\Users\HishamMo\Desktop\999_cs\Quantum_Inpired_PSO_Classifcation\train\fog_smoke\fog_smoke0980.jpg,fog_smoke
C:\Users\HishamMo\Desktop\999_cs\Quantum_Inpired_PSO_Classifcation\train\fog_smoke\fog_smoke0981.jpg,fog_smoke
C:\Users\HishamMo\Desktop\999_cs\Quantum_Inpired_PSO_Classifcation\train\fog_smoke\fog_smoke0982.jpg,fog_smoke
C:\Users\HishamMo\Desktop\999_cs\Quantum_Inpired_PSO_Classifcation\train\fog_smoke\fog_smoke0983.jpg,fog_smoke
C:\Users\HishamMo\Desktop\999_cs\Quantum_Inpired_PSO_Classifcation\train\fog_smoke\fog_smoke0984.jpg,fog_smoke
C:\Users\HishamMo\Desktop\999_cs\Quantum_Inpired_PSO_Classifcation\train\fog_smoke\fog_smoke0985.jpg,fog_smoke
C:\Users\HishamMo\Desktop\999_cs\Quantum_Inpired_PSO_Classifcation\train\fog_smoke\fog_smoke0986.jpg,fog_smoke
C:\Users\HishamMo\Desktop\999_cs\Quantum_Inpired_PSO_Classifcation\train\fog_smoke\fog_smoke0987.jpg,fog_smoke
C:\Users\HishamMo\Desktop\999_cs\Quantum_Inpired_PSO_Classifcation\train\fog_smoke\fog_smoke0988.jpg,fog_smoke
C:\Users\HishamMo\Desktop\999_cs\Quantum_Inpired_PSO_Classifcation\train\fog_smoke\fog_smoke0989.jpg,fog_smoke
C:\Users\HishamMo\Desktop\999_cs\Quantum_Inpired_PSO_Classifcation\train\fog_smoke\fog_smoke0992.jpg,fog_smoke
C:\Users\HishamMo\Desktop\999_cs\Quantum_Inpired_PSO_Classifcation\train\fog_smoke\fog_smoke0994.jpg,fog_smoke
C:\Users\HishamMo\Desktop\999_cs\Quantum_Inpired_PSO_Classifcation\train\fog_smoke\fog_smoke0995.jpg,fog_smoke
C:\Users\HishamMo\Desktop\999_cs\Quantum_Inpired_PSO_Classifcation\train\fog_smoke\fog_smoke0996.jpg,fog_smoke
C:\Users\HishamMo\Desktop\999_cs\Quantum_Inpired_PSO_Classifcation\train\fog_smoke\fog_smoke0997.jpg,fog_smoke
C:\Users\HishamMo\Desktop\999_cs\Quantum_Inpired_PSO_Classifcation\train\fog_smoke\fog_smoke0998.jpg,fog_smoke
C:\Users\HishamMo\Desktop\999_cs\Quantum_Inpired_PSO_Classifcation\train\fog_smoke\fog_smoke1000.jpg,fog_smoke
C:\Users\HishamMo\Desktop\999_cs\Quantum_Inpired_PSO_Classifcation\train\fog_smoke\fog_smoke1001.jpg,fog_smoke
C:\Users\HishamMo\Desktop\999_cs\Quantum_Inpired_PSO_Classifcation\train\fog_smoke\fog_smoke1003.jpg,fog_smoke
C:\Users\HishamMo\Desktop\999_cs\Quantum_Inpired_PSO_Classifcation\train\fog_smoke\fog_smoke1004.jpg,fog_smoke
C:\Users\HishamMo\Desktop\999_cs\Quantum_Inpired_PSO_Classifcation\train\fog_smoke\fog_smoke1005.jpg,fog_smoke
C:\Users\HishamMo\Desktop\999_cs\Quantum_Inpired_PSO_Classifcation\train\fog_smoke\fog_smoke1006.jpg,fog_smoke
C:\Users\HishamMo\Desktop\999_cs\Quantum_Inpired_PSO_Classifcation\train\fog_smoke\fog_smoke1007.jpg,fog_smoke
C:\Users\HishamMo\Desktop\999_cs\Quantum_Inpired_PSO_Classifcation\train\fog_smoke\fog_smoke1008.jpg,fog_smoke
C:\Users\HishamMo\Desktop\999_cs\Quantum_Inpired_PSO_Classifcation\train\fog_smoke\fog_smoke1009.jpg,fog_smoke
C:\Users\HishamMo\Desktop\999_cs\Quantum_Inpired_PSO_Classifcation\train\fog_smoke\fog_smoke1011.jpg,fog_smoke
C:\Users\HishamMo\Desktop\999_cs\Quantum_Inpired_PSO_Classifcation\train\fog_smoke\fog_smoke1012.jpg,fog_smoke
C:\Users\HishamMo\Desktop\999_cs\Quantum_Inpired_PSO_Classifcation\train\fog_smoke\fog_smoke1013.jpg,fog_smoke
C:\Users\HishamMo\Desktop\999_cs\Quantum_Inpired_PSO_Classifcation\train\fog_smoke\fog_smoke1014.jpg,fog_smoke
C:\Users\HishamMo\Desktop\999_cs\Quantum_Inpired_PSO_Classifcation\train\fog_smoke\fog_smoke1015.jpg,fog_smoke
C:\Users\HishamMo\Desktop\999_cs\Quantum_Inpired_PSO_Classifcation\train\fog_smoke\fog_smoke1016.jpg,fog_smoke
C:\Users\HishamMo\Desktop\999_cs\Quantum_Inpired_PSO_Classifcation\train\fog_smoke\fog_smoke1017.jpg,fog_smoke
C:\Users\HishamMo\Desktop\999_cs\Quantum_Inpired_PSO_Classifcation\train\fog_smoke\fog_smoke1018.jpg,fog_smoke
C:\Users\HishamMo\Desktop\999_cs\Quantum_Inpired_PSO_Classifcation\train\fog_smoke\fog_smoke1020.jpg,fog_smoke
C:\Users\HishamMo\Desktop\999_cs\Quantum_Inpired_PSO_Classifcation\train\fog_smoke\fog_smoke1021.jpg,fog_smoke
C:\Users\HishamMo\Desktop\999_cs\Quantum_Inpired_PSO_Classifcation\train\fog_smoke\fog_smoke1022.jpg,fog_smoke
C:\Users\HishamMo\Desktop\999_cs\Quantum_Inpired_PSO_Classifcation\train\fog_smoke\fog_smoke1023.jpg,fog_smoke
C:\Users\HishamMo\Desktop\999_cs\Quantum_Inpired_PSO_Classifcation\train\fog_smoke\fog_smoke1025.jpg,fog_smoke
C:\Users\HishamMo\Desktop\999_cs\Quantum_Inpired_PSO_Classifcation\train\fog_smoke\fog_smoke1027.jpg,fog_smoke
C:\Users\HishamMo\Desktop\999_cs\Quantum_Inpired_PSO_Classifcation\train\fog_smoke\fog_smoke1028.jpg,fog_smoke
C:\Users\HishamMo\Desktop\999_cs\Quantum_Inpired_PSO_Classifcation\train\fog_smoke\fog_smoke1029.jpg,fog_smoke
C:\Users\HishamMo\Desktop\999_cs\Quantum_Inpired_PSO_Classifcation\train\fog_smoke\fog_smoke1030.jpg,fog_smoke
C:\Users\HishamMo\Desktop\999_cs\Quantum_Inpired_PSO_Classifcation\train\fog_smoke\fog_smoke1031.jpg,fog_smoke
C:\Users\HishamMo\Desktop\999_cs\Quantum_Inpired_PSO_Classifcation\train\fog_smoke\fog_smoke1035.jpg,fog_smoke
C:\Users\HishamMo\Desktop\999_cs\Quantum_Inpired_PSO_Classifcation\train\fog_smoke\fog_smoke1038.jpg,fog_smoke
C:\Users\HishamMo\Desktop\999_cs\Quantum_Inpired_PSO_Classifcation\train\fog_smoke\fog_smoke1039.jpg,fog_smoke
C:\Users\HishamMo\Desktop\999_cs\Quantum_Inpired_PSO_Classifcation\train\fog_smoke\fog_smoke1040.jpg,fog_smoke
C:\Users\HishamMo\Desktop\999_cs\Quantum_Inpired_PSO_Classifcation\train\fog_smoke\fog_smoke1041.jpg,fog_smoke
C:\Users\HishamMo\Desktop\999_cs\Quantum_Inpired_PSO_Classifcation\train\fog_smoke\fog_smoke1043.jpg,fog_smoke
C:\Users\HishamMo\Desktop\999_cs\Quantum_Inpired_PSO_Classifcation\train\fog_smoke\fog_smoke1044.jpg,fog_smoke
C:\Users\HishamMo\Desktop\999_cs\Quantum_Inpired_PSO_Classifcation\train\fog_smoke\fog_smoke1045.jpg,fog_smoke
C:\Users\HishamMo\Desktop\999_cs\Quantum_Inpired_PSO_Classifcation\train\fog_smoke\fog_smoke1046.jpg,fog_smoke
C:\Users\HishamMo\Desktop\999_cs\Quantum_Inpired_PSO_Classifcation\train\fog_smoke\fog_smoke1048.jpg,fog_smoke
C:\Users\HishamMo\Desktop\999_cs\Quantum_Inpired_PSO_Classifcation\train\fog_smoke\fog_smoke1049.jpg,fog_smoke
C:\Users\HishamMo\Desktop\999_cs\Quantum_Inpired_PSO_Classifcation\train\fog_smoke\fog_smoke1050.jpg,fog_smoke
C:\Users\HishamMo\Desktop\999_cs\Quantum_Inpired_PSO_Classifcation\train\fog_smoke\fog_smoke1053.jpg,fog_smoke
C:\Users\HishamMo\Desktop\999_cs\Quantum_Inpired_PSO_Classifcation\train\fog_smoke\fog_smoke1054.jpg,fog_smoke
C:\Users\HishamMo\Desktop\999_cs\Quantum_Inpired_PSO_Classifcation\train\fog_smoke\fog_smoke1055.jpg,fog_smoke
C:\Users\HishamMo\Desktop\999_cs\Quantum_Inpired_PSO_Classifcation\train\fog_smoke\fog_smoke1056.jpg,fog_smoke
C:\Users\HishamMo\Desktop\999_cs\Quantum_Inpired_PSO_Classifcation\train\fog_smoke\fog_smoke1057.jpg,fog_smoke
C:\Users\HishamMo\Desktop\999_cs\Quantum_Inpired_PSO_Classifcation\train\fog_smoke\fog_smoke1058.jpg,fog_smoke
C:\Users\HishamMo\Desktop\999_cs\Quantum_Inpired_PSO_Classifcation\train\fog_smoke\fog_smoke1060.jpg,fog_smoke
C:\Users\HishamMo\Desktop\999_cs\Quantum_Inpired_PSO_Classifcation\train\fog_smoke\fog_smoke1061.jpg,fog_smoke
C:\Users\HishamMo\Desktop\999_cs\Quantum_Inpired_PSO_Classifcation\train\fog_smoke\fog_smoke1063.jpg,fog_smoke
C:\Users\HishamMo\Desktop\999_cs\Quantum_Inpired_PSO_Classifcation\train\fog_smoke\fog_smoke1064.jpg,fog_smoke
C:\Users\HishamMo\Desktop\999_cs\Quantum_Inpired_PSO_Classifcation\train\fog_smoke\fog_smoke1066.jpg,fog_smoke
C:\Users\HishamMo\Desktop\999_cs\Quantum_Inpired_PSO_Classifcation\train\fog_smoke\fog_smoke1068.jpg,fog_smoke
C:\Users\HishamMo\Desktop\999_cs\Quantum_Inpired_PSO_Classifcation\train\fog_smoke\fog_smoke1069.jpg,fog_smoke
C:\Users\HishamMo\Desktop\999_cs\Quantum_Inpired_PSO_Classifcation\train\fog_smoke\fog_smoke1070.jpg,fog_smoke
C:\Users\HishamMo\Desktop\999_cs\Quantum_Inpired_PSO_Classifcation\train\fog_smoke\fog_smoke1071.jpg,fog_smoke
C:\Users\HishamMo\Desktop\999_cs\Quantum_Inpired_PSO_Classifcation\train\fog_smoke\fog_smoke1072.jpg,fog_smoke
C:\Users\HishamMo\Desktop\999_cs\Quantum_Inpired_PSO_Classifcation\train\fog_smoke\fog_smoke1073.jpg,fog_smoke
C:\Users\HishamMo\Desktop\999_cs\Quantum_Inpired_PSO_Classifcation\train\fog_smoke\fog_smoke1074.jpg,fog_smoke
C:\Users\HishamMo\Desktop\999_cs\Quantum_Inpired_PSO_Classifcation\train\fog_smoke\fog_smoke1075.jpg,fog_smoke
C:\Users\HishamMo\Desktop\999_cs\Quantum_Inpired_PSO_Classifcation\train\fog_smoke\fog_smoke1076.jpg,fog_smoke
C:\Users\HishamMo\Desktop\999_cs\Quantum_Inpired_PSO_Classifcation\train\fog_smoke\fog_smoke1077.jpg,fog_smoke
C:\Users\HishamMo\Desktop\999_cs\Quantum_Inpired_PSO_Classifcation\train\fog_smoke\fog_smoke1078.jpg,fog_smoke
C:\Users\HishamMo\Desktop\999_cs\Quantum_Inpired_PSO_Classifcation\train\fog_smoke\fog_smoke1079.jpg,fog_smoke
C:\Users\HishamMo\Desktop\999_cs\Quantum_Inpired_PSO_Classifcation\train\fog_smoke\fog_smoke1081.jpg,fog_smoke
C:\Users\HishamMo\Desktop\999_cs\Quantum_Inpired_PSO_Classifcation\train\fog_smoke\fog_smoke1082.jpg,fog_smoke
C:\Users\HishamMo\Desktop\999_cs\Quantum_Inpired_PSO_Classifcation\train\fog_smoke\fog_smoke1084.jpg,fog_smoke
C:\Users\HishamMo\Desktop\999_cs\Quantum_Inpired_PSO_Classifcation\train\fog_smoke\fog_smoke1085.jpg,fog_smoke
C:\Users\HishamMo\Desktop\999_cs\Quantum_Inpired_PSO_Classifcation\train\fog_smoke\fog_smoke1086.jpg,fog_smoke
C:\Users\HishamMo\Desktop\999_cs\Quantum_Inpired_PSO_Classifcation\train\fog_smoke\fog_smoke1087.jpg,fog_smoke
C:\Users\HishamMo\Desktop\999_cs\Quantum_Inpired_PSO_Classifcation\train\fog_smoke\fog_smoke1088.jpg,fog_smoke
C:\Users\HishamMo\Desktop\999_cs\Quantum_Inpired_PSO_Classifcation\train\fog_smoke\fog_smoke1089.jpg,fog_smoke
C:\Users\HishamMo\Desktop\999_cs\Quantum_Inpired_PSO_Classifcation\train\fog_smoke\fog_smoke1090.jpg,fog_smoke
C:\Users\HishamMo\Desktop\999_cs\Quantum_Inpired_PSO_Classifcation\train\fog_smoke\fog_smoke1092.jpg,fog_smoke
C:\Users\HishamMo\Desktop\999_cs\Quantum_Inpired_PSO_Classifcation\train\fog_smoke\fog_smoke1094.jpg,fog_smoke
C:\Users\HishamMo\Desktop\999_cs\Quantum_Inpired_PSO_Classifcation\train\fog_smoke\fog_smoke1095.jpg,fog_smoke
C:\Users\HishamMo\Desktop\999_cs\Quantum_Inpired_PSO_Classifcation\train\fog_smoke\fog_smoke1096.jpg,fog_smoke
C:\Users\HishamMo\Desktop\999_cs\Quantum_Inpired_PSO_Classifcation\train\fog_smoke\fog_smoke1097.jpg,fog_smoke
C:\Users\HishamMo\Desktop\999_cs\Quantum_Inpired_PSO_Classifcation\train\fog_smoke\fog_smoke1098.jpg,fog_smoke
C:\Users\HishamMo\Desktop\999_cs\Quantum_Inpired_PSO_Classifcation\train\fog_smoke\fog_smoke1099.jpg,fog_smoke
C:\Users\HishamMo\Desktop\999_cs\Quantum_Inpired_PSO_Classifcation\train\fog_smoke\fog_smoke1101.jpg,fog_smoke
C:\Users\HishamMo\Desktop\999_cs\Quantum_Inpired_PSO_Classifcation\train\fog_smoke\fog_smoke1105.jpg,fog_smoke
C:\Users\HishamMo\Desktop\999_cs\Quantum_Inpired_PSO_Classifcation\train\fog_smoke\fog_smoke1107.jpg,fog_smoke
C:\Users\HishamMo\Desktop\999_cs\Quantum_Inpired_PSO_Classifcation\train\fog_smoke\fog_smoke1108.jpg,fog_smoke
C:\Users\HishamMo\Desktop\999_cs\Quantum_Inpired_PSO_Classifcation\train\fog_smoke\fog_smoke1110.jpg,fog_smoke
C:\Users\HishamMo\Desktop\999_cs\Quantum_Inpired_PSO_Classifcation\train\fog_smoke\fog_smoke1111.jpg,fog_smoke
C:\Users\HishamMo\Desktop\999_cs\Quantum_Inpired_PSO_Classifcation\train\fog_smoke\fog_smoke1115.jpg,fog_smoke
C:\Users\HishamMo\Desktop\999_cs\Quantum_Inpired_PSO_Classifcation\train\fog_smoke\fog_smoke1116.jpg,fog_smoke
C:\Users\HishamMo\Desktop\999_cs\Quantum_Inpired_PSO_Classifcation\train\fog_smoke\fog_smoke1118.jpg,fog_smoke
C:\Users\HishamMo\Desktop\999_cs\Quantum_Inpired_PSO_Classifcation\train\fog_smoke\fog_smoke1119.jpg,fog_smoke
C:\Users\HishamMo\Desktop\999_cs\Quantum_Inpired_PSO_Classifcation\train\fog_smoke\fog_smoke1120.jpg,fog_smoke
C:\Users\HishamMo\Desktop\999_cs\Quantum_Inpired_PSO_Classifcation\train\fog_smoke\fog_smoke1121.jpg,fog_smoke
C:\Users\HishamMo\Desktop\999_cs\Quantum_Inpired_PSO_Classifcation\train\fog_smoke\fog_smoke1122.jpg,fog_smoke
C:\Users\HishamMo\Desktop\999_cs\Quantum_Inpired_PSO_Classifcation\train\fog_smoke\fog_smoke1123.jpg,fog_smoke
C:\Users\HishamMo\Desktop\999_cs\Quantum_Inpired_PSO_Classifcation\train\fog_smoke\fog_smoke1124.jpg,fog_smoke
C:\Users\HishamMo\Desktop\999_cs\Quantum_Inpired_PSO_Classifcation\train\fog_smoke\fog_smoke1126.jpg,fog_smoke
C:\Users\HishamMo\Desktop\999_cs\Quantum_Inpired_PSO_Classifcation\train\fog_smoke\fog_smoke1127.jpg,fog_smoke
C:\Users\HishamMo\Desktop\999_cs\Quantum_Inpired_PSO_Classifcation\train\fog_smoke\fog_smoke1128.jpg,fog_smoke
C:\Users\HishamMo\Desktop\999_cs\Quantum_Inpired_PSO_Classifcation\train\fog_smoke\fog_smoke1129.jpg,fog_smoke
C:\Users\HishamMo\Desktop\999_cs\Quantum_Inpired_PSO_Classifcation\train\fog_smoke\fog_smoke1130.jpg,fog_smoke
C:\Users\HishamMo\Desktop\999_cs\Quantum_Inpired_PSO_Classifcation\train\fog_smoke\fog_smoke1131.jpg,fog_smoke
C:\Users\HishamMo\Desktop\999_cs\Quantum_Inpired_PSO_Classifcation\train\fog_smoke\fog_smoke1132.jpg,fog_smoke
C:\Users\HishamMo\Desktop\999_cs\Quantum_Inpired_PSO_Classifcation\train\fog_smoke\fog_smoke1133.jpg,fog_smoke
C:\Users\HishamMo\Desktop\999_cs\Quantum_Inpired_PSO_Classifcation\train\fog_smoke\fog_smoke1134.jpg,fog_smoke
C:\Users\HishamMo\Desktop\999_cs\Quantum_Inpired_PSO_Classifcation\train\fog_smoke\fog_smoke1135.jpg,fog_smoke
C:\Users\HishamMo\Desktop\999_cs\Quantum_Inpired_PSO_Classifcation\train\fog_smoke\fog_smoke1136.jpg,fog_smoke
C:\Users\HishamMo\Desktop\999_cs\Quantum_Inpired_PSO_Classifcation\train\fog_smoke\fog_smoke1137.jpg,fog_smoke
C:\Users\HishamMo\Desktop\999_cs\Quantum_Inpired_PSO_Classifcation\train\fog_smoke\fog_smoke1138.jpg,fog_smoke
C:\Users\HishamMo\Desktop\999_cs\Quantum_Inpired_PSO_Classifcation\train\fog_smoke\fog_smoke1139.jpg,fog_smoke
C:\Users\HishamMo\Desktop\999_cs\Quantum_Inpired_PSO_Classifcation\train\fog_smoke\fog_smoke1141.jpg,fog_smoke
C:\Users\HishamMo\Desktop\999_cs\Quantum_Inpired_PSO_Classifcation\train\fog_smoke\fog_smoke1142.jpg,fog_smoke
C:\Users\HishamMo\Desktop\999_cs\Quantum_Inpired_PSO_Classifcation\train\fog_smoke\fog_smoke1143.jpg,fog_smoke
C:\Users\HishamMo\Desktop\999_cs\Quantum_Inpired_PSO_Classifcation\train\fog_smoke\fog_smoke1145.jpg,fog_smoke
C:\Users\HishamMo\Desktop\999_cs\Quantum_Inpired_PSO_Classifcation\train\fog_smoke\fog_smoke1146.jpg,fog_smoke
C:\Users\HishamMo\Desktop\999_cs\Quantum_Inpired_PSO_Classifcation\train\fog_smoke\fog_smoke1147.jpg,fog_smoke
C:\Users\HishamMo\Desktop\999_cs\Quantum_Inpired_PSO_Classifcation\train\fog_smoke\fog_smoke1148.jpg,fog_smoke
C:\Users\HishamMo\Desktop\999_cs\Quantum_Inpired_PSO_Classifcation\train\fog_smoke\fog_smoke1150.jpg,fog_smoke
C:\Users\HishamMo\Desktop\999_cs\Quantum_Inpired_PSO_Classifcation\train\fog_smoke\fog_smoke1152.jpg,fog_smoke
C:\Users\HishamMo\Desktop\999_cs\Quantum_Inpired_PSO_Classifcation\train\fog_smoke\fog_smoke1153.jpg,fog_smoke
C:\Users\HishamMo\Desktop\999_cs\Quantum_Inpired_PSO_Classifcation\train\fog_smoke\fog_smoke1154.jpg,fog_smoke
C:\Users\HishamMo\Desktop\999_cs\Quantum_Inpired_PSO_Classifcation\train\fog_smoke\fog_smoke1155.jpg,fog_smoke
C:\Users\HishamMo\Desktop\999_cs\Quantum_Inpired_PSO_Classifcation\train\fog_smoke\fog_smoke1156.jpg,fog_smoke
C:\Users\HishamMo\Desktop\999_cs\Quantum_Inpired_PSO_Classifcation\train\fog_smoke\fog_smoke1157.jpg,fog_smoke
C:\Users\HishamMo\Desktop\999_cs\Quantum_Inpired_PSO_Classifcation\train\fog_smoke\fog_smoke1160.jpg,fog_smoke
C:\Users\HishamMo\Desktop\999_cs\Quantum_Inpired_PSO_Classifcation\train\fog_smoke\fog_smoke1161.jpg,fog_smoke
C:\Users\HishamMo\Desktop\999_cs\Quantum_Inpired_PSO_Classifcation\train\fog_smoke\fog_smoke1162.jpg,fog_smoke
C:\Users\HishamMo\Desktop\999_cs\Quantum_Inpired_PSO_Classifcation\train\fog_smoke\fog_smoke1163.jpg,fog_smoke
C:\Users\HishamMo\Desktop\999_cs\Quantum_Inpired_PSO_Classifcation\train\fog_smoke\fog_smoke1165.jpg,fog_smoke
C:\Users\HishamMo\Desktop\999_cs\Quantum_Inpired_PSO_Classifcation\train\fog_smoke\fog_smoke1166.jpg,fog_smoke
C:\Users\HishamMo\Desktop\999_cs\Quantum_Inpired_PSO_Classifcation\train\fog_smoke\fog_smoke1167.jpg,fog_smoke
C:\Users\HishamMo\Desktop\999_cs\Quantum_Inpired_PSO_Classifcation\train\fog_smoke\fog_smoke1168.jpg,fog_smoke
C:\Users\HishamMo\Desktop\999_cs\Quantum_Inpired_PSO_Classifcation\train\fog_smoke\fog_smoke1169.jpg,fog_smoke
C:\Users\HishamMo\Desktop\999_cs\Quantum_Inpired_PSO_Classifcation\train\fog_smoke\fog_smoke1170.jpg,fog_smoke
C:\Users\HishamMo\Desktop\999_cs\Quantum_Inpired_PSO_Classifcation\train\fog_smoke\fog_smoke1172.jpg,fog_smoke
C:\Users\HishamMo\Desktop\999_cs\Quantum_Inpired_PSO_Classifcation\train\fog_smoke\fog_smoke1173.jpg,fog_smoke
C:\Users\HishamMo\Desktop\999_cs\Quantum_Inpired_PSO_Classifcation\train\fog_smoke\fog_smoke1174.jpg,fog_smoke
C:\Users\HishamMo\Desktop\999_cs\Quantum_Inpired_PSO_Classifcation\train\fog_smoke\fog_smoke1175.jpg,fog_smoke
C:\Users\HishamMo\Desktop\999_cs\Quantum_Inpired_PSO_Classifcation\train\fog_smoke\fog_smoke1178.jpg,fog_smoke
C:\Users\HishamMo\Desktop\999_cs\Quantum_Inpired_PSO_Classifcation\train\fog_smoke\fog_smoke1180.jpg,fog_smoke
C:\Users\HishamMo\Desktop\999_cs\Quantum_Inpired_PSO_Classifcation\train\fog_smoke\fog_smoke1181.jpg,fog_smoke
C:\Users\HishamMo\Desktop\999_cs\Quantum_Inpired_PSO_Classifcation\train\fog_smoke\fog_smoke1182.jpg,fog_smoke
C:\Users\HishamMo\Desktop\999_cs\Quantum_Inpired_PSO_Classifcation\train\fog_smoke\fog_smoke1183.jpg,fog_smoke
C:\Users\HishamMo\Desktop\999_cs\Quantum_Inpired_PSO_Classifcation\train\fog_smoke\fog_smoke1184.jpg,fog_smoke
C:\Users\HishamMo\Desktop\999_cs\Quantum_Inpired_PSO_Classifcation\train\fog_smoke\fog_smoke1185.jpg,fog_smoke
C:\Users\HishamMo\Desktop\999_cs\Quantum_Inpired_PSO_Classifcation\train\fog_smoke\fog_smoke1186.jpg,fog_smoke
C:\Users\HishamMo\Desktop\999_cs\Quantum_Inpired_PSO_Classifcation\train\fog_smoke\fog_smoke1187.jpg,fog_smoke
C:\Users\HishamMo\Desktop\999_cs\Quantum_Inpired_PSO_Classifcation\train\fog_smoke\fog_smoke1188.jpg,fog_smoke
C:\Users\HishamMo\Desktop\999_cs\Quantum_Inpired_PSO_Classifcation\train\fog_smoke\fog_smoke1189.jpg,fog_smoke
C:\Users\HishamMo\Desktop\999_cs\Quantum_Inpired_PSO_Classifcation\train\fog_smoke\fog_smoke1191.jpg,fog_smoke
C:\Users\HishamMo\Desktop\999_cs\Quantum_Inpired_PSO_Classifcation\train\fog_smoke\fog_smoke1192.jpg,fog_smoke
C:\Users\HishamMo\Desktop\999_cs\Quantum_Inpired_PSO_Classifcation\train\fog_smoke\fog_smoke1193.jpg,fog_smoke
C:\Users\HishamMo\Desktop\999_cs\Quantum_Inpired_PSO_Classifcation\train\fog_smoke\fog_smoke1194.jpg,fog_smoke
C:\Users\HishamMo\Desktop\999_cs\Quantum_Inpired_PSO_Classifcation\train\fog_smoke\fog_smoke1195.jpg,fog_smoke
C:\Users\HishamMo\Desktop\999_cs\Quantum_Inpired_PSO_Classifcation\train\fog_smoke\fog_smoke1196.jpg,fog_smoke
C:\Users\HishamMo\Desktop\999_cs\Quantum_Inpired_PSO_Classifcation\train\fog_smoke\fog_smoke1200.jpg,fog_smoke
C:\Users\HishamMo\Desktop\999_cs\Quantum_Inpired_PSO_Classifcation\train\fog_smoke\fog_smoke1201.jpg,fog_smoke
C:\Users\HishamMo\Desktop\999_cs\Quantum_Inpired_PSO_Classifcation\train\fog_smoke\fog_smoke1202.jpg,fog_smoke
C:\Users\HishamMo\Desktop\999_cs\Quantum_Inpired_PSO_Classifcation\train\fog_smoke\fog_smoke1203.jpg,fog_smoke
C:\Users\HishamMo\Desktop\999_cs\Quantum_Inpired_PSO_Classifcation\train\fog_smoke\fog_smoke1204.jpg,fog_smoke
C:\Users\HishamMo\Desktop\999_cs\Quantum_Inpired_PSO_Classifcation\train\fog_smoke\fog_smoke1206.jpg,fog_smoke
C:\Users\HishamMo\Desktop\999_cs\Quantum_Inpired_PSO_Classifcation\train\fog_smoke\fog_smoke1207.jpg,fog_smoke
C:\Users\HishamMo\Desktop\999_cs\Quantum_Inpired_PSO_Classifcation\train\fog_smoke\fog_smoke1208.jpg,fog_smoke
C:\Users\HishamMo\Desktop\999_cs\Quantum_Inpired_PSO_Classifcation\train\fog_smoke\fog_smoke1209.jpg,fog_smoke
C:\Users\HishamMo\Desktop\999_cs\Quantum_Inpired_PSO_Classifcation\train\fog_smoke\fog_smoke1210.jpg,fog_smoke
C:\Users\HishamMo\Desktop\999_cs\Quantum_Inpired_PSO_Classifcation\train\fog_smoke\fog_smoke1211.jpg,fog_smoke
C:\Users\HishamMo\Desktop\999_cs\Quantum_Inpired_PSO_Classifcation\train\fog_smoke\fog_smoke1212.jpg,fog_smoke
C:\Users\HishamMo\Desktop\999_cs\Quantum_Inpired_PSO_Classifcation\train\fog_smoke\fog_smoke1213.jpg,fog_smoke
C:\Users\HishamMo\Desktop\999_cs\Quantum_Inpired_PSO_Classifcation\train\fog_smoke\fog_smoke1214.jpg,fog_smoke
C:\Users\HishamMo\Desktop\999_cs\Quantum_Inpired_PSO_Classifcation\train\fog_smoke\fog_smoke1215.jpg,fog_smoke
C:\Users\HishamMo\Desktop\999_cs\Quantum_Inpired_PSO_Classifcation\train\fog_smoke\fog_smoke1216.jpg,fog_smoke
C:\Users\HishamMo\Desktop\999_cs\Quantum_Inpired_PSO_Classifcation\train\fog_smoke\fog_smoke1217.jpg,fog_smoke
C:\Users\HishamMo\Desktop\999_cs\Quantum_Inpired_PSO_Classifcation\train\fog_smoke\fog_smoke1218.jpg,fog_smoke
C:\Users\HishamMo\Desktop\999_cs\Quantum_Inpired_PSO_Classifcation\train\fog_smoke\fog_smoke1219.jpg,fog_smoke
C:\Users\HishamMo\Desktop\999_cs\Quantum_Inpired_PSO_Classifcation\train\fog_smoke\fog_smoke1220.jpg,fog_smoke
C:\Users\HishamMo\Desktop\999_cs\Quantum_Inpired_PSO_Classifcation\train\fog_smoke\fog_smoke1221.jpg,fog_smoke
C:\Users\HishamMo\Desktop\999_cs\Quantum_Inpired_PSO_Classifcation\train\fog_smoke\fog_smoke1222.jpg,fog_smoke
C:\Users\HishamMo\Desktop\999_cs\Quantum_Inpired_PSO_Classifcation\train\fog_smoke\fog_smoke1223.jpg,fog_smoke
C:\Users\HishamMo\Desktop\999_cs\Quantum_Inpired_PSO_Classifcation\train\fog_smoke\fog_smoke1224.jpg,fog_smoke
C:\Users\HishamMo\Desktop\999_cs\Quantum_Inpired_PSO_Classifcation\train\fog_smoke\fog_smoke1225.jpg,fog_smoke
C:\Users\HishamMo\Desktop\999_cs\Quantum_Inpired_PSO_Classifcation\train\fog_smoke\fog_smoke1226.jpg,fog_smoke
C:\Users\HishamMo\Desktop\999_cs\Quantum_Inpired_PSO_Classifcation\train\fog_smoke\fog_smoke1227.jpg,fog_smoke
C:\Users\HishamMo\Desktop\999_cs\Quantum_Inpired_PSO_Classifcation\train\fog_smoke\fog_smoke1228.jpg,fog_smoke
C:\Users\HishamMo\Desktop\999_cs\Quantum_Inpired_PSO_Classifcation\train\fog_smoke\fog_smoke1229.jpg,fog_smoke
C:\Users\HishamMo\Desktop\999_cs\Quantum_Inpired_PSO_Classifcation\train\fog_smoke\fog_smoke1230.jpg,fog_smoke
C:\Users\HishamMo\Desktop\999_cs\Quantum_Inpired_PSO_Classifcation\train\fog_smoke\fog_smoke1231.jpg,fog_smoke
C:\Users\HishamMo\Desktop\999_cs\Quantum_Inpired_PSO_Classifcation\train\fog_smoke\fog_smoke1232.jpg,fog_smoke
C:\Users\HishamMo\Desktop\999_cs\Quantum_Inpired_PSO_Classifcation\train\fog_smoke\fog_smoke1234.jpg,fog_smoke
C:\Users\HishamMo\Desktop\999_cs\Quantum_Inpired_PSO_Classifcation\train\fog_smoke\fog_smoke1235.jpg,fog_smoke
C:\Users\HishamMo\Desktop\999_cs\Quantum_Inpired_PSO_Classifcation\train\fog_smoke\fog_smoke1236.jpg,fog_smoke
C:\Users\HishamMo\Desktop\999_cs\Quantum_Inpired_PSO_Classifcation\train\fog_smoke\fog_smoke1237.jpg,fog_smoke
C:\Users\HishamMo\Desktop\999_cs\Quantum_Inpired_PSO_Classifcation\train\fog_smoke\fog_smoke1238.jpg,fog_smoke
C:\Users\HishamMo\Desktop\999_cs\Quantum_Inpired_PSO_Classifcation\train\fog_smoke\fog_smoke1239.jpg,fog_smoke
C:\Users\HishamMo\Desktop\999_cs\Quantum_Inpired_PSO_Classifcation\train\fog_smoke\fog_smoke1241.jpg,fog_smoke
C:\Users\HishamMo\Desktop\999_cs\Quantum_Inpired_PSO_Classifcation\train\fog_smoke\fog_smoke1243.jpg,fog_smoke
C:\Users\HishamMo\Desktop\999_cs\Quantum_Inpired_PSO_Classifcation\train\fog_smoke\fog_smoke1244.jpg,fog_smoke
C:\Users\HishamMo\Desktop\999_cs\Quantum_Inpired_PSO_Classifcation\train\fog_smoke\fog_smoke1245.jpg,fog_smoke
C:\Users\HishamMo\Desktop\999_cs\Quantum_Inpired_PSO_Classifcation\train\fog_smoke\fog_smoke1246.jpg,fog_smoke
C:\Users\HishamMo\Desktop\999_cs\Quantum_Inpired_PSO_Classifcation\train\fog_smoke\fog_smoke1248.jpg,fog_smoke
C:\Users\HishamMo\Desktop\999_cs\Quantum_Inpired_PSO_Classifcation\train\fog_smoke\fog_smoke1249.jpg,fog_smoke
C:\Users\HishamMo\Desktop\999_cs\Quantum_Inpired_PSO_Classifcation\train\fog_smoke\fog_smoke1250.jpg,fog_smoke
C:\Users\HishamMo\Desktop\999_cs\Quantum_Inpired_PSO_Classifcation\train\fog_smoke\fog_smoke1251.jpg,fog_smoke
C:\Users\HishamMo\Desktop\999_cs\Quantum_Inpired_PSO_Classifcation\train\fog_smoke\fog_smoke1253.jpg,fog_smoke
C:\Users\HishamMo\Desktop\999_cs\Quantum_Inpired_PSO_Classifcation\train\fog_smoke\fog_smoke1254.jpg,fog_smoke
C:\Users\HishamMo\Desktop\999_cs\Quantum_Inpired_PSO_Classifcation\train\fog_smoke\fog_smoke1255.jpg,fog_smoke
C:\Users\HishamMo\Desktop\999_cs\Quantum_Inpired_PSO_Classifcation\train\fog_smoke\fog_smoke1256.jpg,fog_smoke
C:\Users\HishamMo\Desktop\999_cs\Quantum_Inpired_PSO_Classifcation\train\fog_smoke\fog_smoke1257.jpg,fog_smoke
C:\Users\HishamMo\Desktop\999_cs\Quantum_Inpired_PSO_Classifcation\train\fog_smoke\fog_smoke1258.jpg,fog_smoke
C:\Users\HishamMo\Desktop\999_cs\Quantum_Inpired_PSO_Classifcation\train\fog_smoke\fog_smoke1262.jpg,fog_smoke
C:\Users\HishamMo\Desktop\999_cs\Quantum_Inpired_PSO_Classifcation\train\fog_smoke\fog_smoke1263.jpg,fog_smoke
C:\Users\HishamMo\Desktop\999_cs\Quantum_Inpired_PSO_Classifcation\train\fog_smoke\fog_smoke1264.jpg,fog_smoke
C:\Users\HishamMo\Desktop\999_cs\Quantum_Inpired_PSO_Classifcation\train\fog_smoke\fog_smoke1266.jpg,fog_smoke
C:\Users\HishamMo\Desktop\999_cs\Quantum_Inpired_PSO_Classifcation\train\fog_smoke\fog_smoke1268.jpg,fog_smoke
C:\Users\HishamMo\Desktop\999_cs\Quantum_Inpired_PSO_Classifcation\train\fog_smoke\fog_smoke1269.jpg,fog_smoke
C:\Users\HishamMo\Desktop\999_cs\Quantum_Inpired_PSO_Classifcation\train\fog_smoke\fog_smoke1270.jpg,fog_smoke
C:\Users\HishamMo\Desktop\999_cs\Quantum_Inpired_PSO_Classifcation\train\fog_smoke\fog_smoke1271.jpg,fog_smoke
C:\Users\HishamMo\Desktop\999_cs\Quantum_Inpired_PSO_Classifcation\train\fog_smoke\fog_smoke1272.jpg,fog_smoke
C:\Users\HishamMo\Desktop\999_cs\Quantum_Inpired_PSO_Classifcation\train\fog_smoke\fog_smoke1273.jpg,fog_smoke
C:\Users\HishamMo\Desktop\999_cs\Quantum_Inpired_PSO_Classifcation\train\fog_smoke\fog_smoke1274.jpg,fog_smoke
C:\Users\HishamMo\Desktop\999_cs\Quantum_Inpired_PSO_Classifcation\train\fog_smoke\fog_smoke1277.jpg,fog_smoke
C:\Users\HishamMo\Desktop\999_cs\Quantum_Inpired_PSO_Classifcation\train\fog_smoke\fog_smoke1278.jpg,fog_smoke
C:\Users\HishamMo\Desktop\999_cs\Quantum_Inpired_PSO_Classifcation\train\fog_smoke\fog_smoke1280.jpg,fog_smoke
C:\Users\HishamMo\Desktop\999_cs\Quantum_Inpired_PSO_Classifcation\train\fog_smoke\fog_smoke1281.jpg,fog_smoke
C:\Users\HishamMo\Desktop\999_cs\Quantum_Inpired_PSO_Classifcation\train\fog_smoke\fog_smoke1282.jpg,fog_smoke
C:\Users\HishamMo\Desktop\999_cs\Quantum_Inpired_PSO_Classifcation\train\fog_smoke\fog_smoke1283.jpg,fog_smoke
C:\Users\HishamMo\Desktop\999_cs\Quantum_Inpired_PSO_Classifcation\train\fog_smoke\fog_smoke1284.jpg,fog_smoke
C:\Users\HishamMo\Desktop\999_cs\Quantum_Inpired_PSO_Classifcation\train\fog_smoke\fog_smoke1285.jpg,fog_smoke
C:\Users\HishamMo\Desktop\999_cs\Quantum_Inpired_PSO_Classifcation\train\fog_smoke\fog_smoke1286.jpg,fog_smoke
C:\Users\HishamMo\Desktop\999_cs\Quantum_Inpired_PSO_Classifcation\train\fog_smoke\fog_smoke1287.jpg,fog_smoke
C:\Users\HishamMo\Desktop\999_cs\Quantum_Inpired_PSO_Classifcation\train\fog_smoke\fog_smoke1288.jpg,fog_smoke
C:\Users\HishamMo\Desktop\999_cs\Quantum_Inpired_PSO_Classifcation\train\fog_smoke\fog_smoke1289.jpg,fog_smoke
C:\Users\HishamMo\Desktop\999_cs\Quantum_Inpired_PSO_Classifcation\train\fog_smoke\fog_smoke1290.jpg,fog_smoke
C:\Users\HishamMo\Desktop\999_cs\Quantum_Inpired_PSO_Classifcation\train\fog_smoke\fog_smoke1291.jpg,fog_smoke
C:\Users\HishamMo\Desktop\999_cs\Quantum_Inpired_PSO_Classifcation\train\fog_smoke\fog_smoke1292.jpg,fog_smoke
C:\Users\HishamMo\Desktop\999_cs\Quantum_Inpired_PSO_Classifcation\train\fog_smoke\fog_smoke1293.jpg,fog_smoke
C:\Users\HishamMo\Desktop\999_cs\Quantum_Inpired_PSO_Classifcation\train\fog_smoke\fog_smoke1294.jpg,fog_smoke
C:\Users\HishamMo\Desktop\999_cs\Quantum_Inpired_PSO_Classifcation\train\fog_smoke\fog_smoke1295.jpg,fog_smoke
C:\Users\HishamMo\Desktop\999_cs\Quantum_Inpired_PSO_Classifcation\train\fog_smoke\fog_smoke1296.jpg,fog_smoke
C:\Users\HishamMo\Desktop\999_cs\Quantum_Inpired_PSO_Classifcation\train\fog_smoke\fog_smoke1297.jpg,fog_smoke
C:\Users\HishamMo\Desktop\999_cs\Quantum_Inpired_PSO_Classifcation\train\fog_smoke\fog_smoke1300.jpg,fog_smoke
C:\Users\HishamMo\Desktop\999_cs\Quantum_Inpired_PSO_Classifcation\train\fog_smoke\fog_smoke1302.jpg,fog_smoke
C:\Users\HishamMo\Desktop\999_cs\Quantum_Inpired_PSO_Classifcation\train\fog_smoke\fog_smoke1303.jpg,fog_smoke
C:\Users\HishamMo\Desktop\999_cs\Quantum_Inpired_PSO_Classifcation\train\fog_smoke\fog_smoke1305.jpg,fog_smoke
C:\Users\HishamMo\Desktop\999_cs\Quantum_Inpired_PSO_Classifcation\train\fog_smoke\fog_smoke1306.jpg,fog_smoke
C:\Users\HishamMo\Desktop\999_cs\Quantum_Inpired_PSO_Classifcation\train\fog_smoke\fog_smoke1309.jpg,fog_smoke
C:\Users\HishamMo\Desktop\999_cs\Quantum_Inpired_PSO_Classifcation\train\fog_smoke\fog_smoke1310.jpg,fog_smoke
C:\Users\HishamMo\Desktop\999_cs\Quantum_Inpired_PSO_Classifcation\train\fog_smoke\fog_smoke1311.jpg,fog_smoke
C:\Users\HishamMo\Desktop\999_cs\Quantum_Inpired_PSO_Classifcation\train\fog_smoke\fog_smoke1312.jpg,fog_smoke
C:\Users\HishamMo\Desktop\999_cs\Quantum_Inpired_PSO_Classifcation\train\fog_smoke\fog_smoke1314.jpg,fog_smoke
C:\Users\HishamMo\Desktop\999_cs\Quantum_Inpired_PSO_Classifcation\train\fog_smoke\fog_smoke1315.jpg,fog_smoke
C:\Users\HishamMo\Desktop\999_cs\Quantum_Inpired_PSO_Classifcation\train\fog_smoke\fog_smoke1316.jpg,fog_smoke
C:\Users\HishamMo\Desktop\999_cs\Quantum_Inpired_PSO_Classifcation\train\fog_smoke\fog_smoke1317.jpg,fog_smoke
C:\Users\HishamMo\Desktop\999_cs\Quantum_Inpired_PSO_Classifcation\train\fog_smoke\fog_smoke1320.jpg,fog_smoke
C:\Users\HishamMo\Desktop\999_cs\Quantum_Inpired_PSO_Classifcation\train\fog_smoke\fog_smoke1322.jpg,fog_smoke
C:\Users\HishamMo\Desktop\999_cs\Quantum_Inpired_PSO_Classifcation\train\fog_smoke\fog_smoke1323.jpg,fog_smoke
C:\Users\HishamMo\Desktop\999_cs\Quantum_Inpired_PSO_Classifcation\train\fog_smoke\fog_smoke1324.jpg,fog_smoke
C:\Users\HishamMo\Desktop\999_cs\Quantum_Inpired_PSO_Classifcation\train\fog_smoke\fog_smoke1325.jpg,fog_smoke
C:\Users\HishamMo\Desktop\999_cs\Quantum_Inpired_PSO_Classifcation\train\fog_smoke\fog_smoke1326.jpg,fog_smoke
C:\Users\HishamMo\Desktop\999_cs\Quantum_Inpired_PSO_Classifcation\train\fog_smoke\fog_smoke1327.jpg,fog_smoke
C:\Users\HishamMo\Desktop\999_cs\Quantum_Inpired_PSO_Classifcation\train\fog_smoke\fog_smoke1328.jpg,fog_smoke
C:\Users\HishamMo\Desktop\999_cs\Quantum_Inpired_PSO_Classifcation\train\fog_smoke\fog_smoke1329.jpg,fog_smoke
C:\Users\HishamMo\Desktop\999_cs\Quantum_Inpired_PSO_Classifcation\train\fog_smoke\fog_smoke1330.jpg,fog_smoke
C:\Users\HishamMo\Desktop\999_cs\Quantum_Inpired_PSO_Classifcation\train\fog_smoke\fog_smoke1333.jpg,fog_smoke
C:\Users\HishamMo\Desktop\999_cs\Quantum_Inpired_PSO_Classifcation\train\fog_smoke\fog_smoke1334.jpg,fog_smoke
C:\Users\HishamMo\Desktop\999_cs\Quantum_Inpired_PSO_Classifcation\train\fog_smoke\fog_smoke1335.jpg,fog_smoke
C:\Users\HishamMo\Desktop\999_cs\Quantum_Inpired_PSO_Classifcation\train\fog_smoke\fog_smoke1336.jpg,fog_smoke
C:\Users\HishamMo\Desktop\999_cs\Quantum_Inpired_PSO_Classifcation\train\fog_smoke\fog_smoke1337.jpg,fog_smoke
C:\Users\HishamMo\Desktop\999_cs\Quantum_Inpired_PSO_Classifcation\train\fog_smoke\fog_smoke1339.jpg,fog_smoke
C:\Users\HishamMo\Desktop\999_cs\Quantum_Inpired_PSO_Classifcation\train\fog_smoke\fog_smoke1340.jpg,fog_smoke
C:\Users\HishamMo\Desktop\999_cs\Quantum_Inpired_PSO_Classifcation\train\fog_smoke\fog_smoke1343.jpg,fog_smoke
C:\Users\HishamMo\Desktop\999_cs\Quantum_Inpired_PSO_Classifcation\train\fog_smoke\fog_smoke1344.jpg,fog_smoke
C:\Users\HishamMo\Desktop\999_cs\Quantum_Inpired_PSO_Classifcation\train\fog_smoke\fog_smoke1345.jpg,fog_smoke
C:\Users\HishamMo\Desktop\999_cs\Quantum_Inpired_PSO_Classifcation\train\fog_smoke\fog_smoke1346.jpg,fog_smoke
C:\Users\HishamMo\Desktop\999_cs\Quantum_Inpired_PSO_Classifcation\train\fog_smoke\fog_smoke1347.jpg,fog_smoke
C:\Users\HishamMo\Desktop\999_cs\Quantum_Inpired_PSO_Classifcation\train\fog_smoke\fog_smoke1348.jpg,fog_smoke
C:\Users\HishamMo\Desktop\999_cs\Quantum_Inpired_PSO_Classifcation\train\fog_smoke\fog_smoke1350.jpg,fog_smoke
C:\Users\HishamMo\Desktop\999_cs\Quantum_Inpired_PSO_Classifcation\train\fog_smoke\fog_smoke1351.jpg,fog_smoke
C:\Users\HishamMo\Desktop\999_cs\Quantum_Inpired_PSO_Classifcation\train\fog_smoke\fog_smoke1352.jpg,fog_smoke
C:\Users\HishamMo\Desktop\999_cs\Quantum_Inpired_PSO_Classifcation\train\fog_smoke\fog_smoke1353.jpg,fog_smoke
C:\Users\HishamMo\Desktop\999_cs\Quantum_Inpired_PSO_Classifcation\train\fog_smoke\fog_smoke1354.jpg,fog_smoke
C:\Users\HishamMo\Desktop\999_cs\Quantum_Inpired_PSO_Classifcation\train\fog_smoke\fog_smoke1355.jpg,fog_smoke
C:\Users\HishamMo\Desktop\999_cs\Quantum_Inpired_PSO_Classifcation\train\fog_smoke\fog_smoke1356.jpg,fog_smoke
C:\Users\HishamMo\Desktop\999_cs\Quantum_Inpired_PSO_Classifcation\train\fog_smoke\fog_smoke1357.jpg,fog_smoke
C:\Users\HishamMo\Desktop\999_cs\Quantum_Inpired_PSO_Classifcation\train\fog_smoke\fog_smoke1358.jpg,fog_smoke
C:\Users\HishamMo\Desktop\999_cs\Quantum_Inpired_PSO_Classifcation\train\fog_smoke\fog_smoke1360.jpg,fog_smoke
C:\Users\HishamMo\Desktop\999_cs\Quantum_Inpired_PSO_Classifcation\train\fog_smoke\fog_smoke1361.jpg,fog_smoke
C:\Users\HishamMo\Desktop\999_cs\Quantum_Inpired_PSO_Classifcation\train\fog_smoke\fog_smoke1362.jpg,fog_smoke
C:\Users\HishamMo\Desktop\999_cs\Quantum_Inpired_PSO_Classifcation\train\fog_smoke\fog_smoke1363.jpg,fog_smoke
C:\Users\HishamMo\Desktop\999_cs\Quantum_Inpired_PSO_Classifcation\train\fog_smoke\fog_smoke1364.jpg,fog_smoke
C:\Users\HishamMo\Desktop\999_cs\Quantum_Inpired_PSO_Classifcation\train\fog_smoke\fog_smoke1365.jpg,fog_smoke
C:\Users\HishamMo\Desktop\999_cs\Quantum_Inpired_PSO_Classifcation\train\fog_smoke\fog_smoke1367.jpg,fog_smoke
C:\Users\HishamMo\Desktop\999_cs\Quantum_Inpired_PSO_Classifcation\train\fog_smoke\fog_smoke1368.jpg,fog_smoke
C:\Users\HishamMo\Desktop\999_cs\Quantum_Inpired_PSO_Classifcation\train\fog_smoke\fog_smoke1369.jpg,fog_smoke
C:\Users\HishamMo\Desktop\999_cs\Quantum_Inpired_PSO_Classifcation\train\fog_smoke\fog_smoke1371.jpg,fog_smoke
C:\Users\HishamMo\Desktop\999_cs\Quantum_Inpired_PSO_Classifcation\train\fog_smoke\fog_smoke1372.jpg,fog_smoke
C:\Users\HishamMo\Desktop\999_cs\Quantum_Inpired_PSO_Classifcation\train\fog_smoke\fog_smoke1373.jpg,fog_smoke
C:\Users\HishamMo\Desktop\999_cs\Quantum_Inpired_PSO_Classifcation\train\fog_smoke\fog_smoke1374.jpg,fog_smoke
C:\Users\HishamMo\Desktop\999_cs\Quantum_Inpired_PSO_Classifcation\train\fog_smoke\fog_smoke1375.jpg,fog_smoke
C:\Users\HishamMo\Desktop\999_cs\Quantum_Inpired_PSO_Classifcation\train\fog_smoke\fog_smoke1379.jpg,fog_smoke
C:\Users\HishamMo\Desktop\999_cs\Quantum_Inpired_PSO_Classifcation\train\fog_smoke\fog_smoke1380.jpg,fog_smoke
C:\Users\HishamMo\Desktop\999_cs\Quantum_Inpired_PSO_Classifcation\train\fog_smoke\fog_smoke1382.jpg,fog_smoke
C:\Users\HishamMo\Desktop\999_cs\Quantum_Inpired_PSO_Classifcation\train\fog_smoke\fog_smoke1383.jpg,fog_smoke
C:\Users\HishamMo\Desktop\999_cs\Quantum_Inpired_PSO_Classifcation\train\fog_smoke\fog_smoke1384.jpg,fog_smoke
C:\Users\HishamMo\Desktop\999_cs\Quantum_Inpired_PSO_Classifcation\train\fog_smoke\fog_smoke1386.jpg,fog_smoke
C:\Users\HishamMo\Desktop\999_cs\Quantum_Inpired_PSO_Classifcation\train\fog_smoke\fog_smoke1387.jpg,fog_smoke
C:\Users\HishamMo\Desktop\999_cs\Quantum_Inpired_PSO_Classifcation\train\fog_smoke\fog_smoke1388.jpg,fog_smoke
C:\Users\HishamMo\Desktop\999_cs\Quantum_Inpired_PSO_Classifcation\train\fog_smoke\fog_smoke1389.jpg,fog_smoke
C:\Users\HishamMo\Desktop\999_cs\Quantum_Inpired_PSO_Classifcation\train\fog_smoke\fog_smoke1390.jpg,fog_smoke
C:\Users\HishamMo\Desktop\999_cs\Quantum_Inpired_PSO_Classifcation\train\fog_smoke\fog_smoke1391.jpg,fog_smoke
C:\Users\HishamMo\Desktop\999_cs\Quantum_Inpired_PSO_Classifcation\train\fog_smoke\fog_smoke1392.jpg,fog_smoke
C:\Users\HishamMo\Desktop\999_cs\Quantum_Inpired_PSO_Classifcation\train\fog_smoke\fog_smoke1394.jpg,fog_smoke
C:\Users\HishamMo\Desktop\999_cs\Quantum_Inpired_PSO_Classifcation\train\fog_smoke\fog_smoke1395.jpg,fog_smoke
C:\Users\HishamMo\Desktop\999_cs\Quantum_Inpired_PSO_Classifcation\train\fog_smoke\fog_smoke1396.jpg,fog_smoke
C:\Users\HishamMo\Desktop\999_cs\Quantum_Inpired_PSO_Classifcation\train\fog_smoke\fog_smoke1397.jpg,fog_smoke
C:\Users\HishamMo\Desktop\999_cs\Quantum_Inpired_PSO_Classifcation\train\fog_smoke\fog_smoke1398.jpg,fog_smoke
C:\Users\HishamMo\Desktop\999_cs\Quantum_Inpired_PSO_Classifcation\train\fog_smoke\fog_smoke1400.jpg,fog_smoke
C:\Users\HishamMo\Desktop\999_cs\Quantum_Inpired_PSO_Classifcation\train\fog_smoke\fog_smoke1401.jpg,fog_smoke
C:\Users\HishamMo\Desktop\999_cs\Quantum_Inpired_PSO_Classifcation\train\fog_smoke\fog_smoke1402.jpg,fog_smoke
C:\Users\HishamMo\Desktop\999_cs\Quantum_Inpired_PSO_Classifcation\train\fog_smoke\fog_smoke1403.jpg,fog_smoke
C:\Users\HishamMo\Desktop\999_cs\Quantum_Inpired_PSO_Classifcation\train\fog_smoke\fog_smoke1404.jpg,fog_smoke
C:\Users\HishamMo\Desktop\999_cs\Quantum_Inpired_PSO_Classifcation\train\fog_smoke\fog_smoke1405.jpg,fog_smoke
C:\Users\HishamMo\Desktop\999_cs\Quantum_Inpired_PSO_Classifcation\train\fog_smoke\fog_smoke1406.jpg,fog_smoke
C:\Users\HishamMo\Desktop\999_cs\Quantum_Inpired_PSO_Classifcation\train\fog_smoke\fog_smoke1407.jpg,fog_smoke
C:\Users\HishamMo\Desktop\999_cs\Quantum_Inpired_PSO_Classifcation\train\fog_smoke\fog_smoke1408.jpg,fog_smoke
C:\Users\HishamMo\Desktop\999_cs\Quantum_Inpired_PSO_Classifcation\train\fog_smoke\fog_smoke1410.jpg,fog_smoke
C:\Users\HishamMo\Desktop\999_cs\Quantum_Inpired_PSO_Classifcation\train\fog_smoke\fog_smoke1411.jpg,fog_smoke
C:\Users\HishamMo\Desktop\999_cs\Quantum_Inpired_PSO_Classifcation\train\fog_smoke\fog_smoke1412.jpg,fog_smoke
C:\Users\HishamMo\Desktop\999_cs\Quantum_Inpired_PSO_Classifcation\train\fog_smoke\fog_smoke1413.jpg,fog_smoke
C:\Users\HishamMo\Desktop\999_cs\Quantum_Inpired_PSO_Classifcation\train\fog_smoke\fog_smoke1414.jpg,fog_smoke
C:\Users\HishamMo\Desktop\999_cs\Quantum_Inpired_PSO_Classifcation\train\fog_smoke\fog_smoke1415.jpg,fog_smoke
C:\Users\HishamMo\Desktop\999_cs\Quantum_Inpired_PSO_Classifcation\train\fog_smoke\fog_smoke1416.jpg,fog_smoke
C:\Users\HishamMo\Desktop\999_cs\Quantum_Inpired_PSO_Classifcation\train\fog_smoke\fog_smoke1418.jpg,fog_smoke
C:\Users\HishamMo\Desktop\999_cs\Quantum_Inpired_PSO_Classifcation\train\fog_smoke\fog_smoke1419.jpg,fog_smoke
C:\Users\HishamMo\Desktop\999_cs\Quantum_Inpired_PSO_Classifcation\train\fog_smoke\fog_smoke1420.jpg,fog_smoke
C:\Users\HishamMo\Desktop\999_cs\Quantum_Inpired_PSO_Classifcation\train\fog_smoke\fog_smoke1421.jpg,fog_smoke
C:\Users\HishamMo\Desktop\999_cs\Quantum_Inpired_PSO_Classifcation\train\fog_smoke\fog_smoke1422.jpg,fog_smoke
C:\Users\HishamMo\Desktop\999_cs\Quantum_Inpired_PSO_Classifcation\train\fog_smoke\fog_smoke1423.jpg,fog_smoke
C:\Users\HishamMo\Desktop\999_cs\Quantum_Inpired_PSO_Classifcation\train\fog_smoke\fog_smoke1424.jpg,fog_smoke
C:\Users\HishamMo\Desktop\999_cs\Quantum_Inpired_PSO_Classifcation\train\fog_smoke\fog_smoke1425.jpg,fog_smoke
C:\Users\HishamMo\Desktop\999_cs\Quantum_Inpired_PSO_Classifcation\train\fog_smoke\fog_smoke1426.jpg,fog_smoke
C:\Users\HishamMo\Desktop\999_cs\Quantum_Inpired_PSO_Classifcation\train\fog_smoke\fog_smoke1427.jpg,fog_smoke
C:\Users\HishamMo\Desktop\999_cs\Quantum_Inpired_PSO_Classifcation\train\fog_smoke\fog_smoke1428.jpg,fog_smoke
C:\Users\HishamMo\Desktop\999_cs\Quantum_Inpired_PSO_Classifcation\train\fog_smoke\fog_smoke1429.jpg,fog_smoke
C:\Users\HishamMo\Desktop\999_cs\Quantum_Inpired_PSO_Classifcation\train\fog_smoke\fog_smoke1434.jpg,fog_smoke
C:\Users\HishamMo\Desktop\999_cs\Quantum_Inpired_PSO_Classifcation\train\fog_smoke\fog_smoke1435.jpg,fog_smoke
C:\Users\HishamMo\Desktop\999_cs\Quantum_Inpired_PSO_Classifcation\train\fog_smoke\fog_smoke1436.jpg,fog_smoke
C:\Users\HishamMo\Desktop\999_cs\Quantum_Inpired_PSO_Classifcation\train\fog_smoke\fog_smoke1437.jpg,fog_smoke
C:\Users\HishamMo\Desktop\999_cs\Quantum_Inpired_PSO_Classifcation\train\fog_smoke\fog_smoke1438.jpg,fog_smoke
C:\Users\HishamMo\Desktop\999_cs\Quantum_Inpired_PSO_Classifcation\train\fog_smoke\fog_smoke1439.jpg,fog_smoke
C:\Users\HishamMo\Desktop\999_cs\Quantum_Inpired_PSO_Classifcation\train\fog_smoke\fog_smoke1440.jpg,fog_smoke
C:\Users\HishamMo\Desktop\999_cs\Quantum_Inpired_PSO_Classifcation\train\fog_smoke\fog_smoke1441.jpg,fog_smoke
C:\Users\HishamMo\Desktop\999_cs\Quantum_Inpired_PSO_Classifcation\train\fog_smoke\fog_smoke1442.jpg,fog_smoke
C:\Users\HishamMo\Desktop\999_cs\Quantum_Inpired_PSO_Classifcation\train\fog_smoke\fog_smoke1443.jpg,fog_smoke
C:\Users\HishamMo\Desktop\999_cs\Quantum_Inpired_PSO_Classifcation\train\fog_smoke\fog_smoke1444.jpg,fog_smoke
C:\Users\HishamMo\Desktop\999_cs\Quantum_Inpired_PSO_Classifcation\train\fog_smoke\fog_smoke1446.jpg,fog_smoke
C:\Users\HishamMo\Desktop\999_cs\Quantum_Inpired_PSO_Classifcation\train\fog_smoke\fog_smoke1447.jpg,fog_smoke
C:\Users\HishamMo\Desktop\999_cs\Quantum_Inpired_PSO_Classifcation\train\fog_smoke\fog_smoke1448.jpg,fog_smoke
C:\Users\HishamMo\Desktop\999_cs\Quantum_Inpired_PSO_Classifcation\train\fog_smoke\fog_smoke1449.jpg,fog_smoke
C:\Users\HishamMo\Desktop\999_cs\Quantum_Inpired_PSO_Classifcation\train\fog_smoke\fog_smoke1450.jpg,fog_smoke
C:\Users\HishamMo\Desktop\999_cs\Quantum_Inpired_PSO_Classifcation\train\fog_smoke\fog_smoke1452.jpg,fog_smoke
C:\Users\HishamMo\Desktop\999_cs\Quantum_Inpired_PSO_Classifcation\train\fog_smoke\fog_smoke1453.jpg,fog_smoke
C:\Users\HishamMo\Desktop\999_cs\Quantum_Inpired_PSO_Classifcation\train\fog_smoke\fog_smoke1455.jpg,fog_smoke
C:\Users\HishamMo\Desktop\999_cs\Quantum_Inpired_PSO_Classifcation\train\fog_smoke\fog_smoke1456.jpg,fog_smoke
C:\Users\HishamMo\Desktop\999_cs\Quantum_Inpired_PSO_Classifcation\train\fog_smoke\fog_smoke1457.jpg,fog_smoke
C:\Users\HishamMo\Desktop\999_cs\Quantum_Inpired_PSO_Classifcation\train\fog_smoke\fog_smoke1458.jpg,fog_smoke
C:\Users\HishamMo\Desktop\999_cs\Quantum_Inpired_PSO_Classifcation\train\fog_smoke\fog_smoke1459.jpg,fog_smoke
C:\Users\HishamMo\Desktop\999_cs\Quantum_Inpired_PSO_Classifcation\train\fog_smoke\fog_smoke1460.jpg,fog_smoke
C:\Users\HishamMo\Desktop\999_cs\Quantum_Inpired_PSO_Classifcation\train\fog_smoke\fog_smoke1462.jpg,fog_smoke
C:\Users\HishamMo\Desktop\999_cs\Quantum_Inpired_PSO_Classifcation\train\fog_smoke\fog_smoke1463.jpg,fog_smoke
C:\Users\HishamMo\Desktop\999_cs\Quantum_Inpired_PSO_Classifcation\train\fog_smoke\fog_smoke1465.jpg,fog_smoke
C:\Users\HishamMo\Desktop\999_cs\Quantum_Inpired_PSO_Classifcation\train\fog_smoke\fog_smoke1466.jpg,fog_smoke
C:\Users\HishamMo\Desktop\999_cs\Quantum_Inpired_PSO_Classifcation\train\fog_smoke\fog_smoke1467.jpg,fog_smoke
C:\Users\HishamMo\Desktop\999_cs\Quantum_Inpired_PSO_Classifcation\train\fog_smoke\fog_smoke1468.jpg,fog_smoke
C:\Users\HishamMo\Desktop\999_cs\Quantum_Inpired_PSO_Classifcation\train\fog_smoke\fog_smoke1470.jpg,fog_smoke
C:\Users\HishamMo\Desktop\999_cs\Quantum_Inpired_PSO_Classifcation\train\fog_smoke\fog_smoke1471.jpg,fog_smoke
C:\Users\HishamMo\Desktop\999_cs\Quantum_Inpired_PSO_Classifcation\train\fog_smoke\fog_smoke1473.jpg,fog_smoke
C:\Users\HishamMo\Desktop\999_cs\Quantum_Inpired_PSO_Classifcation\train\fog_smoke\fog_smoke1474.jpg,fog_smoke
C:\Users\HishamMo\Desktop\999_cs\Quantum_Inpired_PSO_Classifcation\train\fog_smoke\fog_smoke1475.jpg,fog_smoke
C:\Users\HishamMo\Desktop\999_cs\Quantum_Inpired_PSO_Classifcation\train\fog_smoke\fog_smoke1477.jpg,fog_smoke
C:\Users\HishamMo\Desktop\999_cs\Quantum_Inpired_PSO_Classifcation\train\fog_smoke\fog_smoke1478.jpg,fog_smoke
C:\Users\HishamMo\Desktop\999_cs\Quantum_Inpired_PSO_Classifcation\train\fog_smoke\fog_smoke1479.jpg,fog_smoke
C:\Users\HishamMo\Desktop\999_cs\Quantum_Inpired_PSO_Classifcation\train\fog_smoke\fog_smoke1482.jpg,fog_smoke
C:\Users\HishamMo\Desktop\999_cs\Quantum_Inpired_PSO_Classifcation\train\fog_smoke\fog_smoke1483.jpg,fog_smoke
C:\Users\HishamMo\Desktop\999_cs\Quantum_Inpired_PSO_Classifcation\train\fog_smoke\fog_smoke1484.jpg,fog_smoke
C:\Users\HishamMo\Desktop\999_cs\Quantum_Inpired_PSO_Classifcation\train\fog_smoke\fog_smoke1485.jpg,fog_smoke
C:\Users\HishamMo\Desktop\999_cs\Quantum_Inpired_PSO_Classifcation\train\fog_smoke\fog_smoke1487.jpg,fog_smoke
C:\Users\HishamMo\Desktop\999_cs\Quantum_Inpired_PSO_Classifcation\train\fog_smoke\fog_smoke1488.jpg,fog_smoke
C:\Users\HishamMo\Desktop\999_cs\Quantum_Inpired_PSO_Classifcation\train\fog_smoke\fog_smoke1489.jpg,fog_smoke
C:\Users\HishamMo\Desktop\999_cs\Quantum_Inpired_PSO_Classifcation\train\fog_smoke\fog_smoke1490.jpg,fog_smoke
C:\Users\HishamMo\Desktop\999_cs\Quantum_Inpired_PSO_Classifcation\train\fog_smoke\fog_smoke1491.jpg,fog_smoke
C:\Users\HishamMo\Desktop\999_cs\Quantum_Inpired_PSO_Classifcation\train\fog_smoke\fog_smoke1495.jpg,fog_smoke
C:\Users\HishamMo\Desktop\999_cs\Quantum_Inpired_PSO_Classifcation\train\fog_smoke\fog_smoke1497.jpg,fog_smoke
C:\Users\HishamMo\Desktop\999_cs\Quantum_Inpired_PSO_Classifcation\train\fog_smoke\fog_smoke1498.jpg,fog_smoke
C:\Users\HishamMo\Desktop\999_cs\Quantum_Inpired_PSO_Classifcation\train\fog_smoke\fog_smoke1499.jpg,fog_smoke
C:\Users\HishamMo\Desktop\999_cs\Quantum_Inpired_PSO_Classifcation\train\fog_smoke\fog_smoke1500.jpg,fog_smoke
C:\Users\HishamMo\Desktop\999_cs\Quantum_Inpired_PSO_Classifcation\train\fog_smoke\fog_smoke1501.jpg,fog_smoke
C:\Users\HishamMo\Desktop\999_cs\Quantum_Inpired_PSO_Classifcation\train\fog_smoke\fog_smoke1503.jpg,fog_smoke
C:\Users\HishamMo\Desktop\999_cs\Quantum_Inpired_PSO_Classifcation\train\fog_smoke\fog_smoke1505.jpg,fog_smoke
C:\Users\HishamMo\Desktop\999_cs\Quantum_Inpired_PSO_Classifcation\train\fog_smoke\fog_smoke1506.jpg,fog_smoke
C:\Users\HishamMo\Desktop\999_cs\Quantum_Inpired_PSO_Classifcation\train\fog_smoke\fog_smoke1508.jpg,fog_smoke
C:\Users\HishamMo\Desktop\999_cs\Quantum_Inpired_PSO_Classifcation\train\fog_smoke\fog_smoke1509.jpg,fog_smoke
C:\Users\HishamMo\Desktop\999_cs\Quantum_Inpired_PSO_Classifcation\train\fog_smoke\fog_smoke1510.jpg,fog_smoke
C:\Users\HishamMo\Desktop\999_cs\Quantum_Inpired_PSO_Classifcation\train\fog_smoke\fog_smoke1511.jpg,fog_smoke
C:\Users\HishamMo\Desktop\999_cs\Quantum_Inpired_PSO_Classifcation\train\fog_smoke\fog_smoke1513.jpg,fog_smoke
C:\Users\HishamMo\Desktop\999_cs\Quantum_Inpired_PSO_Classifcation\train\fog_smoke\fog_smoke1514.jpg,fog_smoke
C:\Users\HishamMo\Desktop\999_cs\Quantum_Inpired_PSO_Classifcation\train\fog_smoke\fog_smoke1515.jpg,fog_smoke
C:\Users\HishamMo\Desktop\999_cs\Quantum_Inpired_PSO_Classifcation\train\fog_smoke\fog_smoke1516.jpg,fog_smoke
C:\Users\HishamMo\Desktop\999_cs\Quantum_Inpired_PSO_Classifcation\train\fog_smoke\fog_smoke1517.jpg,fog_smoke
C:\Users\HishamMo\Desktop\999_cs\Quantum_Inpired_PSO_Classifcation\train\fog_smoke\fog_smoke1518.jpg,fog_smoke
C:\Users\HishamMo\Desktop\999_cs\Quantum_Inpired_PSO_Classifcation\train\fog_smoke\fog_smoke1520.jpg,fog_smoke
C:\Users\HishamMo\Desktop\999_cs\Quantum_Inpired_PSO_Classifcation\train\fog_smoke\fog_smoke1521.jpg,fog_smoke
C:\Users\HishamMo\Desktop\999_cs\Quantum_Inpired_PSO_Classifcation\train\fog_smoke\fog_smoke1522.jpg,fog_smoke
C:\Users\HishamMo\Desktop\999_cs\Quantum_Inpired_PSO_Classifcation\train\fog_smoke\fog_smoke1524.jpg,fog_smoke
C:\Users\HishamMo\Desktop\999_cs\Quantum_Inpired_PSO_Classifcation\train\fog_smoke\fog_smoke1525.jpg,fog_smoke
C:\Users\HishamMo\Desktop\999_cs\Quantum_Inpired_PSO_Classifcation\train\fog_smoke\fog_smoke1526.jpg,fog_smoke
C:\Users\HishamMo\Desktop\999_cs\Quantum_Inpired_PSO_Classifcation\train\fog_smoke\fog_smoke1527.jpg,fog_smoke
C:\Users\HishamMo\Desktop\999_cs\Quantum_Inpired_PSO_Classifcation\train\fog_smoke\fog_smoke1528.jpg,fog_smoke
C:\Users\HishamMo\Desktop\999_cs\Quantum_Inpired_PSO_Classifcation\train\fog_smoke\fog_smoke1529.jpg,fog_smoke
C:\Users\HishamMo\Desktop\999_cs\Quantum_Inpired_PSO_Classifcation\train\fog_smoke\fog_smoke1530.jpg,fog_smoke
C:\Users\HishamMo\Desktop\999_cs\Quantum_Inpired_PSO_Classifcation\train\fog_smoke\fog_smoke1531.jpg,fog_smoke
C:\Users\HishamMo\Desktop\999_cs\Quantum_Inpired_PSO_Classifcation\train\fog_smoke\fog_smoke1532.jpg,fog_smoke
C:\Users\HishamMo\Desktop\999_cs\Quantum_Inpired_PSO_Classifcation\train\fog_smoke\fog_smoke1533.jpg,fog_smoke
C:\Users\HishamMo\Desktop\999_cs\Quantum_Inpired_PSO_Classifcation\train\fog_smoke\fog_smoke1534.jpg,fog_smoke
C:\Users\HishamMo\Desktop\999_cs\Quantum_Inpired_PSO_Classifcation\train\fog_smoke\fog_smoke1535.jpg,fog_smoke
C:\Users\HishamMo\Desktop\999_cs\Quantum_Inpired_PSO_Classifcation\train\fog_smoke\fog_smoke1536.jpg,fog_smoke
C:\Users\HishamMo\Desktop\999_cs\Quantum_Inpired_PSO_Classifcation\train\fog_smoke\fog_smoke1537.jpg,fog_smoke
C:\Users\HishamMo\Desktop\999_cs\Quantum_Inpired_PSO_Classifcation\train\fog_smoke\fog_smoke1538.jpg,fog_smoke
C:\Users\HishamMo\Desktop\999_cs\Quantum_Inpired_PSO_Classifcation\train\fog_smoke\fog_smoke1539.jpg,fog_smoke
C:\Users\HishamMo\Desktop\999_cs\Quantum_Inpired_PSO_Classifcation\train\fog_smoke\fog_smoke1541.jpg,fog_smoke
C:\Users\HishamMo\Desktop\999_cs\Quantum_Inpired_PSO_Classifcation\train\fog_smoke\fog_smoke1542.jpg,fog_smoke
C:\Users\HishamMo\Desktop\999_cs\Quantum_Inpired_PSO_Classifcation\train\fog_smoke\fog_smoke1544.jpg,fog_smoke
C:\Users\HishamMo\Desktop\999_cs\Quantum_Inpired_PSO_Classifcation\train\fog_smoke\fog_smoke1545.jpg,fog_smoke
C:\Users\HishamMo\Desktop\999_cs\Quantum_Inpired_PSO_Classifcation\train\fog_smoke\fog_smoke1546.jpg,fog_smoke
C:\Users\HishamMo\Desktop\999_cs\Quantum_Inpired_PSO_Classifcation\train\fog_smoke\fog_smoke1549.jpg,fog_smoke
C:\Users\HishamMo\Desktop\999_cs\Quantum_Inpired_PSO_Classifcation\train\fog_smoke\fog_smoke1550.jpg,fog_smoke
C:\Users\HishamMo\Desktop\999_cs\Quantum_Inpired_PSO_Classifcation\train\fog_smoke\fog_smoke1551.jpg,fog_smoke
C:\Users\HishamMo\Desktop\999_cs\Quantum_Inpired_PSO_Classifcation\train\fog_smoke\fog_smoke1552.jpg,fog_smoke
C:\Users\HishamMo\Desktop\999_cs\Quantum_Inpired_PSO_Classifcation\train\fog_smoke\fog_smoke1553.jpg,fog_smoke
C:\Users\HishamMo\Desktop\999_cs\Quantum_Inpired_PSO_Classifcation\train\fog_smoke\fog_smoke1554.jpg,fog_smoke
C:\Users\HishamMo\Desktop\999_cs\Quantum_Inpired_PSO_Classifcation\train\fog_smoke\fog_smoke1558.jpg,fog_smoke
C:\Users\HishamMo\Desktop\999_cs\Quantum_Inpired_PSO_Classifcation\train\fog_smoke\fog_smoke1559.jpg,fog_smoke
C:\Users\HishamMo\Desktop\999_cs\Quantum_Inpired_PSO_Classifcation\train\fog_smoke\fog_smoke1560.jpg,fog_smoke
C:\Users\HishamMo\Desktop\999_cs\Quantum_Inpired_PSO_Classifcation\train\fog_smoke\fog_smoke1561.jpg,fog_smoke
C:\Users\HishamMo\Desktop\999_cs\Quantum_Inpired_PSO_Classifcation\train\fog_smoke\fog_smoke1562.jpg,fog_smoke
C:\Users\HishamMo\Desktop\999_cs\Quantum_Inpired_PSO_Classifcation\train\fog_smoke\fog_smoke1563.jpg,fog_smoke
C:\Users\HishamMo\Desktop\999_cs\Quantum_Inpired_PSO_Classifcation\train\fog_smoke\fog_smoke1564.jpg,fog_smoke
C:\Users\HishamMo\Desktop\999_cs\Quantum_Inpired_PSO_Classifcation\train\fog_smoke\fog_smoke1565.jpg,fog_smoke
C:\Users\HishamMo\Desktop\999_cs\Quantum_Inpired_PSO_Classifcation\train\fog_smoke\fog_smoke1567.jpg,fog_smoke
C:\Users\HishamMo\Desktop\999_cs\Quantum_Inpired_PSO_Classifcation\train\fog_smoke\fog_smoke1568.jpg,fog_smoke
C:\Users\HishamMo\Desktop\999_cs\Quantum_Inpired_PSO_Classifcation\train\fog_smoke\fog_smoke1569.jpg,fog_smoke
C:\Users\HishamMo\Desktop\999_cs\Quantum_Inpired_PSO_Classifcation\train\fog_smoke\fog_smoke1572.jpg,fog_smoke
C:\Users\HishamMo\Desktop\999_cs\Quantum_Inpired_PSO_Classifcation\train\fog_smoke\fog_smoke1573.jpg,fog_smoke
C:\Users\HishamMo\Desktop\999_cs\Quantum_Inpired_PSO_Classifcation\train\fog_smoke\fog_smoke1574.jpg,fog_smoke
C:\Users\HishamMo\Desktop\999_cs\Quantum_Inpired_PSO_Classifcation\train\fog_smoke\fog_smoke1575.jpg,fog_smoke
C:\Users\HishamMo\Desktop\999_cs\Quantum_Inpired_PSO_Classifcation\train\fog_smoke\fog_smoke1577.jpg,fog_smoke
C:\Users\HishamMo\Desktop\999_cs\Quantum_Inpired_PSO_Classifcation\train\fog_smoke\fog_smoke1579.jpg,fog_smoke
C:\Users\HishamMo\Desktop\999_cs\Quantum_Inpired_PSO_Classifcation\train\fog_smoke\fog_smoke1580.jpg,fog_smoke
C:\Users\HishamMo\Desktop\999_cs\Quantum_Inpired_PSO_Classifcation\train\fog_smoke\fog_smoke1581.jpg,fog_smoke
C:\Users\HishamMo\Desktop\999_cs\Quantum_Inpired_PSO_Classifcation\train\fog_smoke\fog_smoke1583.jpg,fog_smoke
C:\Users\HishamMo\Desktop\999_cs\Quantum_Inpired_PSO_Classifcation\train\fog_smoke\fog_smoke1584.jpg,fog_smoke
C:\Users\HishamMo\Desktop\999_cs\Quantum_Inpired_PSO_Classifcation\train\fog_smoke\fog_smoke1585.jpg,fog_smoke
C:\Users\HishamMo\Desktop\999_cs\Quantum_Inpired_PSO_Classifcation\train\fog_smoke\fog_smoke1586.jpg,fog_smoke
C:\Users\HishamMo\Desktop\999_cs\Quantum_Inpired_PSO_Classifcation\train\fog_smoke\fog_smoke1587.jpg,fog_smoke
C:\Users\HishamMo\Desktop\999_cs\Quantum_Inpired_PSO_Classifcation\train\fog_smoke\fog_smoke1588.jpg,fog_smoke
C:\Users\HishamMo\Desktop\999_cs\Quantum_Inpired_PSO_Classifcation\train\fog_smoke\fog_smoke1591.jpg,fog_smoke
C:\Users\HishamMo\Desktop\999_cs\Quantum_Inpired_PSO_Classifcation\train\fog_smoke\fog_smoke1592.jpg,fog_smoke
C:\Users\HishamMo\Desktop\999_cs\Quantum_Inpired_PSO_Classifcation\train\fog_smoke\fog_smoke1594.jpg,fog_smoke
C:\Users\HishamMo\Desktop\999_cs\Quantum_Inpired_PSO_Classifcation\train\fog_smoke\fog_smoke1595.jpg,fog_smoke
C:\Users\HishamMo\Desktop\999_cs\Quantum_Inpired_PSO_Classifcation\train\fog_smoke\fog_smoke1596.jpg,fog_smoke
C:\Users\HishamMo\Desktop\999_cs\Quantum_Inpired_PSO_Classifcation\train\fog_smoke\fog_smoke1597.jpg,fog_smoke
C:\Users\HishamMo\Desktop\999_cs\Quantum_Inpired_PSO_Classifcation\train\fog_smoke\fog_smoke1598.jpg,fog_smoke
C:\Users\HishamMo\Desktop\999_cs\Quantum_Inpired_PSO_Classifcation\train\fog_smoke\fog_smoke1600.jpg,fog_smoke
C:\Users\HishamMo\Desktop\999_cs\Quantum_Inpired_PSO_Classifcation\train\fog_smoke\fog_smoke1601.jpg,fog_smoke
C:\Users\HishamMo\Desktop\999_cs\Quantum_Inpired_PSO_Classifcation\train\fog_smoke\fog_smoke1602.jpg,fog_smoke
C:\Users\HishamMo\Desktop\999_cs\Quantum_Inpired_PSO_Classifcation\train\fog_smoke\fog_smoke1603.jpg,fog_smoke
C:\Users\HishamMo\Desktop\999_cs\Quantum_Inpired_PSO_Classifcation\train\fog_smoke\fog_smoke1604.jpg,fog_smoke
C:\Users\HishamMo\Desktop\999_cs\Quantum_Inpired_PSO_Classifcation\train\fog_smoke\fog_smoke1606.jpg,fog_smoke
C:\Users\HishamMo\Desktop\999_cs\Quantum_Inpired_PSO_Classifcation\train\fog_smoke\fog_smoke1608.jpg,fog_smoke
C:\Users\HishamMo\Desktop\999_cs\Quantum_Inpired_PSO_Classifcation\train\fog_smoke\fog_smoke1609.jpg,fog_smoke
C:\Users\HishamMo\Desktop\999_cs\Quantum_Inpired_PSO_Classifcation\train\fog_smoke\fog_smoke1610.jpg,fog_smoke
C:\Users\HishamMo\Desktop\999_cs\Quantum_Inpired_PSO_Classifcation\train\fog_smoke\fog_smoke1611.jpg,fog_smoke
C:\Users\HishamMo\Desktop\999_cs\Quantum_Inpired_PSO_Classifcation\train\fog_smoke\fog_smoke1613.jpg,fog_smoke
C:\Users\HishamMo\Desktop\999_cs\Quantum_Inpired_PSO_Classifcation\train\fog_smoke\fog_smoke1615.jpg,fog_smoke
C:\Users\HishamMo\Desktop\999_cs\Quantum_Inpired_PSO_Classifcation\train\fog_smoke\fog_smoke1617.jpg,fog_smoke
C:\Users\HishamMo\Desktop\999_cs\Quantum_Inpired_PSO_Classifcation\train\fog_smoke\fog_smoke1618.jpg,fog_smoke
C:\Users\HishamMo\Desktop\999_cs\Quantum_Inpired_PSO_Classifcation\train\fog_smoke\fog_smoke1619.jpg,fog_smoke
C:\Users\HishamMo\Desktop\999_cs\Quantum_Inpired_PSO_Classifcation\train\fog_smoke\fog_smoke1620.jpg,fog_smoke
C:\Users\HishamMo\Desktop\999_cs\Quantum_Inpired_PSO_Classifcation\train\fog_smoke\fog_smoke1621.jpg,fog_smoke
C:\Users\HishamMo\Desktop\999_cs\Quantum_Inpired_PSO_Classifcation\train\fog_smoke\fog_smoke1622.jpg,fog_smoke
C:\Users\HishamMo\Desktop\999_cs\Quantum_Inpired_PSO_Classifcation\train\fog_smoke\fog_smoke1624.jpg,fog_smoke
C:\Users\HishamMo\Desktop\999_cs\Quantum_Inpired_PSO_Classifcation\train\fog_smoke\fog_smoke1625.jpg,fog_smoke
C:\Users\HishamMo\Desktop\999_cs\Quantum_Inpired_PSO_Classifcation\train\fog_smoke\fog_smoke1626.jpg,fog_smoke
C:\Users\HishamMo\Desktop\999_cs\Quantum_Inpired_PSO_Classifcation\train\fog_smoke\fog_smoke1628.jpg,fog_smoke
C:\Users\HishamMo\Desktop\999_cs\Quantum_Inpired_PSO_Classifcation\train\fog_smoke\fog_smoke1629.jpg,fog_smoke
C:\Users\HishamMo\Desktop\999_cs\Quantum_Inpired_PSO_Classifcation\train\fog_smoke\fog_smoke1630.jpg,fog_smoke
C:\Users\HishamMo\Desktop\999_cs\Quantum_Inpired_PSO_Classifcation\train\fog_smoke\fog_smoke1631.jpg,fog_smoke
C:\Users\HishamMo\Desktop\999_cs\Quantum_Inpired_PSO_Classifcation\train\fog_smoke\fog_smoke1632.jpg,fog_smoke
C:\Users\HishamMo\Desktop\999_cs\Quantum_Inpired_PSO_Classifcation\train\fog_smoke\fog_smoke1633.jpg,fog_smoke
C:\Users\HishamMo\Desktop\999_cs\Quantum_Inpired_PSO_Classifcation\train\fog_smoke\fog_smoke1635.jpg,fog_smoke
C:\Users\HishamMo\Desktop\999_cs\Quantum_Inpired_PSO_Classifcation\train\fog_smoke\fog_smoke1636.jpg,fog_smoke
C:\Users\HishamMo\Desktop\999_cs\Quantum_Inpired_PSO_Classifcation\train\fog_smoke\fog_smoke1637.jpg,fog_smoke
C:\Users\HishamMo\Desktop\999_cs\Quantum_Inpired_PSO_Classifcation\train\fog_smoke\fog_smoke1639.jpg,fog_smoke
C:\Users\HishamMo\Desktop\999_cs\Quantum_Inpired_PSO_Classifcation\train\fog_smoke\fog_smoke1640.jpg,fog_smoke
C:\Users\HishamMo\Desktop\999_cs\Quantum_Inpired_PSO_Classifcation\train\fog_smoke\fog_smoke1641.jpg,fog_smoke
C:\Users\HishamMo\Desktop\999_cs\Quantum_Inpired_PSO_Classifcation\train\fog_smoke\fog_smoke1642.jpg,fog_smoke
C:\Users\HishamMo\Desktop\999_cs\Quantum_Inpired_PSO_Classifcation\train\fog_smoke\fog_smoke1643.jpg,fog_smoke
C:\Users\HishamMo\Desktop\999_cs\Quantum_Inpired_PSO_Classifcation\train\fog_smoke\fog_smoke1644.jpg,fog_smoke
C:\Users\HishamMo\Desktop\999_cs\Quantum_Inpired_PSO_Classifcation\train\fog_smoke\fog_smoke1646.jpg,fog_smoke
C:\Users\HishamMo\Desktop\999_cs\Quantum_Inpired_PSO_Classifcation\train\fog_smoke\fog_smoke1647.jpg,fog_smoke
C:\Users\HishamMo\Desktop\999_cs\Quantum_Inpired_PSO_Classifcation\train\fog_smoke\fog_smoke1648.jpg,fog_smoke
C:\Users\HishamMo\Desktop\999_cs\Quantum_Inpired_PSO_Classifcation\train\fog_smoke\fog_smoke1649.jpg,fog_smoke
C:\Users\HishamMo\Desktop\999_cs\Quantum_Inpired_PSO_Classifcation\train\fog_smoke\fog_smoke1650.jpg,fog_smoke
C:\Users\HishamMo\Desktop\999_cs\Quantum_Inpired_PSO_Classifcation\train\fog_smoke\fog_smoke1651.jpg,fog_smoke
C:\Users\HishamMo\Desktop\999_cs\Quantum_Inpired_PSO_Classifcation\train\fog_smoke\fog_smoke1652.jpg,fog_smoke
C:\Users\HishamMo\Desktop\999_cs\Quantum_Inpired_PSO_Classifcation\train\fog_smoke\fog_smoke1653.jpg,fog_smoke
C:\Users\HishamMo\Desktop\999_cs\Quantum_Inpired_PSO_Classifcation\train\fog_smoke\fog_smoke1654.jpg,fog_smoke
C:\Users\HishamMo\Desktop\999_cs\Quantum_Inpired_PSO_Classifcation\train\fog_smoke\fog_smoke1655.jpg,fog_smoke
C:\Users\HishamMo\Desktop\999_cs\Quantum_Inpired_PSO_Classifcation\train\fog_smoke\fog_smoke1656.jpg,fog_smoke
C:\Users\HishamMo\Desktop\999_cs\Quantum_Inpired_PSO_Classifcation\train\fog_smoke\fog_smoke1658.jpg,fog_smoke
C:\Users\HishamMo\Desktop\999_cs\Quantum_Inpired_PSO_Classifcation\train\fog_smoke\fog_smoke1659.jpg,fog_smoke
C:\Users\HishamMo\Desktop\999_cs\Quantum_Inpired_PSO_Classifcation\train\fog_smoke\fog_smoke1660.jpg,fog_smoke
C:\Users\HishamMo\Desktop\999_cs\Quantum_Inpired_PSO_Classifcation\train\fog_smoke\fog_smoke1661.jpg,fog_smoke
C:\Users\HishamMo\Desktop\999_cs\Quantum_Inpired_PSO_Classifcation\train\fog_smoke\fog_smoke1662.jpg,fog_smoke
C:\Users\HishamMo\Desktop\999_cs\Quantum_Inpired_PSO_Classifcation\train\fog_smoke\fog_smoke1663.jpg,fog_smoke
C:\Users\HishamMo\Desktop\999_cs\Quantum_Inpired_PSO_Classifcation\train\fog_smoke\fog_smoke1664.jpg,fog_smoke
C:\Users\HishamMo\Desktop\999_cs\Quantum_Inpired_PSO_Classifcation\train\fog_smoke\fog_smoke1666.jpg,fog_smoke
C:\Users\HishamMo\Desktop\999_cs\Quantum_Inpired_PSO_Classifcation\train\fog_smoke\fog_smoke1667.jpg,fog_smoke
C:\Users\HishamMo\Desktop\999_cs\Quantum_Inpired_PSO_Classifcation\train\fog_smoke\fog_smoke1668.jpg,fog_smoke
C:\Users\HishamMo\Desktop\999_cs\Quantum_Inpired_PSO_Classifcation\train\fog_smoke\fog_smoke1669.jpg,fog_smoke
C:\Users\HishamMo\Desktop\999_cs\Quantum_Inpired_PSO_Classifcation\train\fog_smoke\fog_smoke1670.jpg,fog_smoke
C:\Users\HishamMo\Desktop\999_cs\Quantum_Inpired_PSO_Classifcation\train\fog_smoke\fog_smoke1671.jpg,fog_smoke
C:\Users\HishamMo\Desktop\999_cs\Quantum_Inpired_PSO_Classifcation\train\fog_smoke\fog_smoke1672.jpg,fog_smoke
C:\Users\HishamMo\Desktop\999_cs\Quantum_Inpired_PSO_Classifcation\train\fog_smoke\fog_smoke1674.jpg,fog_smoke
C:\Users\HishamMo\Desktop\999_cs\Quantum_Inpired_PSO_Classifcation\train\fog_smoke\fog_smoke1675.jpg,fog_smoke
C:\Users\HishamMo\Desktop\999_cs\Quantum_Inpired_PSO_Classifcation\train\fog_smoke\fog_smoke1677.jpg,fog_smoke
C:\Users\HishamMo\Desktop\999_cs\Quantum_Inpired_PSO_Classifcation\train\fog_smoke\fog_smoke1678.jpg,fog_smoke
C:\Users\HishamMo\Desktop\999_cs\Quantum_Inpired_PSO_Classifcation\train\fog_smoke\fog_smoke1679.jpg,fog_smoke
C:\Users\HishamMo\Desktop\999_cs\Quantum_Inpired_PSO_Classifcation\train\fog_smoke\fog_smoke1680.jpg,fog_smoke
C:\Users\HishamMo\Desktop\999_cs\Quantum_Inpired_PSO_Classifcation\train\fog_smoke\fog_smoke1681.jpg,fog_smoke
C:\Users\HishamMo\Desktop\999_cs\Quantum_Inpired_PSO_Classifcation\train\fog_smoke\fog_smoke1683.jpg,fog_smoke
C:\Users\HishamMo\Desktop\999_cs\Quantum_Inpired_PSO_Classifcation\train\fog_smoke\fog_smoke1684.jpg,fog_smoke
C:\Users\HishamMo\Desktop\999_cs\Quantum_Inpired_PSO_Classifcation\train\fog_smoke\fog_smoke1685.jpg,fog_smoke
C:\Users\HishamMo\Desktop\999_cs\Quantum_Inpired_PSO_Classifcation\train\fog_smoke\fog_smoke1688.jpg,fog_smoke
C:\Users\HishamMo\Desktop\999_cs\Quantum_Inpired_PSO_Classifcation\train\fog_smoke\fog_smoke1689.jpg,fog_smoke
C:\Users\HishamMo\Desktop\999_cs\Quantum_Inpired_PSO_Classifcation\train\fog_smoke\fog_smoke1691.jpg,fog_smoke
C:\Users\HishamMo\Desktop\999_cs\Quantum_Inpired_PSO_Classifcation\train\fog_smoke\fog_smoke1692.jpg,fog_smoke
C:\Users\HishamMo\Desktop\999_cs\Quantum_Inpired_PSO_Classifcation\train\fog_smoke\fog_smoke1693.jpg,fog_smoke
C:\Users\HishamMo\Desktop\999_cs\Quantum_Inpired_PSO_Classifcation\train\fog_smoke\fog_smoke1696.jpg,fog_smoke
C:\Users\HishamMo\Desktop\999_cs\Quantum_Inpired_PSO_Classifcation\train\fog_smoke\fog_smoke1697.jpg,fog_smoke
C:\Users\HishamMo\Desktop\999_cs\Quantum_Inpired_PSO_Classifcation\train\fog_smoke\fog_smoke1698.jpg,fog_smoke
C:\Users\HishamMo\Desktop\999_cs\Quantum_Inpired_PSO_Classifcation\train\fog_smoke\fog_smoke1699.jpg,fog_smoke
C:\Users\HishamMo\Desktop\999_cs\Quantum_Inpired_PSO_Classifcation\train\fog_smoke\fog_smoke1700.jpg,fog_smoke
C:\Users\HishamMo\Desktop\999_cs\Quantum_Inpired_PSO_Classifcation\train\fog_smoke\fog_smoke1701.jpg,fog_smoke
C:\Users\HishamMo\Desktop\999_cs\Quantum_Inpired_PSO_Classifcation\train\fog_smoke\fog_smoke1702.jpg,fog_smoke
C:\Users\HishamMo\Desktop\999_cs\Quantum_Inpired_PSO_Classifcation\train\fog_smoke\fog_smoke1704.jpg,fog_smoke
C:\Users\HishamMo\Desktop\999_cs\Quantum_Inpired_PSO_Classifcation\train\fog_smoke\fog_smoke1706.jpg,fog_smoke
C:\Users\HishamMo\Desktop\999_cs\Quantum_Inpired_PSO_Classifcation\train\fog_smoke\fog_smoke1707.jpg,fog_smoke
C:\Users\HishamMo\Desktop\999_cs\Quantum_Inpired_PSO_Classifcation\train\fog_smoke\fog_smoke1708.jpg,fog_smoke
C:\Users\HishamMo\Desktop\999_cs\Quantum_Inpired_PSO_Classifcation\train\fog_smoke\fog_smoke1709.jpg,fog_smoke
C:\Users\HishamMo\Desktop\999_cs\Quantum_Inpired_PSO_Classifcation\train\fog_smoke\fog_smoke1710.jpg,fog_smoke
C:\Users\HishamMo\Desktop\999_cs\Quantum_Inpired_PSO_Classifcation\train\fog_smoke\fog_smoke1711.jpg,fog_smoke
C:\Users\HishamMo\Desktop\999_cs\Quantum_Inpired_PSO_Classifcation\train\fog_smoke\fog_smoke1712.jpg,fog_smoke
C:\Users\HishamMo\Desktop\999_cs\Quantum_Inpired_PSO_Classifcation\train\fog_smoke\fog_smoke1713.jpg,fog_smoke
C:\Users\HishamMo\Desktop\999_cs\Quantum_Inpired_PSO_Classifcation\train\fog_smoke\fog_smoke1714.jpg,fog_smoke
C:\Users\HishamMo\Desktop\999_cs\Quantum_Inpired_PSO_Classifcation\train\fog_smoke\fog_smoke1715.jpg,fog_smoke
C:\Users\HishamMo\Desktop\999_cs\Quantum_Inpired_PSO_Classifcation\train\fog_smoke\fog_smoke1716.jpg,fog_smoke
C:\Users\HishamMo\Desktop\999_cs\Quantum_Inpired_PSO_Classifcation\train\fog_smoke\fog_smoke1718.jpg,fog_smoke
C:\Users\HishamMo\Desktop\999_cs\Quantum_Inpired_PSO_Classifcation\train\fog_smoke\fog_smoke1719.jpg,fog_smoke
C:\Users\HishamMo\Desktop\999_cs\Quantum_Inpired_PSO_Classifcation\train\fog_smoke\fog_smoke1720.jpg,fog_smoke
C:\Users\HishamMo\Desktop\999_cs\Quantum_Inpired_PSO_Classifcation\train\fog_smoke\fog_smoke1721.jpg,fog_smoke
C:\Users\HishamMo\Desktop\999_cs\Quantum_Inpired_PSO_Classifcation\train\fog_smoke\fog_smoke1722.jpg,fog_smoke
C:\Users\HishamMo\Desktop\999_cs\Quantum_Inpired_PSO_Classifcation\train\fog_smoke\fog_smoke1723.jpg,fog_smoke
C:\Users\HishamMo\Desktop\999_cs\Quantum_Inpired_PSO_Classifcation\train\fog_smoke\fog_smoke1724.jpg,fog_smoke
C:\Users\HishamMo\Desktop\999_cs\Quantum_Inpired_PSO_Classifcation\train\fog_smoke\fog_smoke1725.jpg,fog_smoke
C:\Users\HishamMo\Desktop\999_cs\Quantum_Inpired_PSO_Classifcation\train\fog_smoke\fog_smoke1726.jpg,fog_smoke
C:\Users\HishamMo\Desktop\999_cs\Quantum_Inpired_PSO_Classifcation\train\fog_smoke\fog_smoke1727.jpg,fog_smoke
C:\Users\HishamMo\Desktop\999_cs\Quantum_Inpired_PSO_Classifcation\train\fog_smoke\fog_smoke1728.jpg,fog_smoke
C:\Users\HishamMo\Desktop\999_cs\Quantum_Inpired_PSO_Classifcation\train\fog_smoke\fog_smoke1729.jpg,fog_smoke
C:\Users\HishamMo\Desktop\999_cs\Quantum_Inpired_PSO_Classifcation\train\fog_smoke\fog_smoke1730.jpg,fog_smoke
C:\Users\HishamMo\Desktop\999_cs\Quantum_Inpired_PSO_Classifcation\train\fog_smoke\fog_smoke1731.jpg,fog_smoke
C:\Users\HishamMo\Desktop\999_cs\Quantum_Inpired_PSO_Classifcation\train\fog_smoke\fog_smoke1732.jpg,fog_smoke
C:\Users\HishamMo\Desktop\999_cs\Quantum_Inpired_PSO_Classifcation\train\fog_smoke\fog_smoke1734.jpg,fog_smoke
C:\Users\HishamMo\Desktop\999_cs\Quantum_Inpired_PSO_Classifcation\train\fog_smoke\fog_smoke1735.jpg,fog_smoke
C:\Users\HishamMo\Desktop\999_cs\Quantum_Inpired_PSO_Classifcation\train\fog_smoke\fog_smoke1737.jpg,fog_smoke
C:\Users\HishamMo\Desktop\999_cs\Quantum_Inpired_PSO_Classifcation\train\fog_smoke\fog_smoke1738.jpg,fog_smoke
C:\Users\HishamMo\Desktop\999_cs\Quantum_Inpired_PSO_Classifcation\train\fog_smoke\fog_smoke1739.jpg,fog_smoke
C:\Users\HishamMo\Desktop\999_cs\Quantum_Inpired_PSO_Classifcation\train\fog_smoke\fog_smoke1740.jpg,fog_smoke
C:\Users\HishamMo\Desktop\999_cs\Quantum_Inpired_PSO_Classifcation\train\fog_smoke\fog_smoke1741.jpg,fog_smoke
C:\Users\HishamMo\Desktop\999_cs\Quantum_Inpired_PSO_Classifcation\train\fog_smoke\fog_smoke1742.jpg,fog_smoke
C:\Users\HishamMo\Desktop\999_cs\Quantum_Inpired_PSO_Classifcation\train\fog_smoke\fog_smoke1743.jpg,fog_smoke
C:\Users\HishamMo\Desktop\999_cs\Quantum_Inpired_PSO_Classifcation\train\fog_smoke\fog_smoke1744.jpg,fog_smoke
C:\Users\HishamMo\Desktop\999_cs\Quantum_Inpired_PSO_Classifcation\train\fog_smoke\fog_smoke1745.jpg,fog_smoke
C:\Users\HishamMo\Desktop\999_cs\Quantum_Inpired_PSO_Classifcation\train\fog_smoke\fog_smoke1746.jpg,fog_smoke
C:\Users\HishamMo\Desktop\999_cs\Quantum_Inpired_PSO_Classifcation\train\fog_smoke\fog_smoke1748.jpg,fog_smoke
C:\Users\HishamMo\Desktop\999_cs\Quantum_Inpired_PSO_Classifcation\train\fog_smoke\fog_smoke1749.jpg,fog_smoke
C:\Users\HishamMo\Desktop\999_cs\Quantum_Inpired_PSO_Classifcation\train\fog_smoke\fog_smoke1750.jpg,fog_smoke
C:\Users\HishamMo\Desktop\999_cs\Quantum_Inpired_PSO_Classifcation\train\fog_smoke\fog_smoke1751.jpg,fog_smoke
C:\Users\HishamMo\Desktop\999_cs\Quantum_Inpired_PSO_Classifcation\train\fog_smoke\fog_smoke1752.jpg,fog_smoke
C:\Users\HishamMo\Desktop\999_cs\Quantum_Inpired_PSO_Classifcation\train\fog_smoke\fog_smoke1753.jpg,fog_smoke
C:\Users\HishamMo\Desktop\999_cs\Quantum_Inpired_PSO_Classifcation\train\fog_smoke\fog_smoke1754.jpg,fog_smoke
C:\Users\HishamMo\Desktop\999_cs\Quantum_Inpired_PSO_Classifcation\train\fog_smoke\fog_smoke1755.jpg,fog_smoke
C:\Users\HishamMo\Desktop\999_cs\Quantum_Inpired_PSO_Classifcation\train\fog_smoke\fog_smoke1756.jpg,fog_smoke
C:\Users\HishamMo\Desktop\999_cs\Quantum_Inpired_PSO_Classifcation\train\fog_smoke\fog_smoke1757.jpg,fog_smoke
C:\Users\HishamMo\Desktop\999_cs\Quantum_Inpired_PSO_Classifcation\train\fog_smoke\fog_smoke1758.jpg,fog_smoke
C:\Users\HishamMo\Desktop\999_cs\Quantum_Inpired_PSO_Classifcation\train\fog_smoke\fog_smoke1759.jpg,fog_smoke
C:\Users\HishamMo\Desktop\999_cs\Quantum_Inpired_PSO_Classifcation\train\fog_smoke\fog_smoke1760.jpg,fog_smoke
C:\Users\HishamMo\Desktop\999_cs\Quantum_Inpired_PSO_Classifcation\train\fog_smoke\fog_smoke1761.jpg,fog_smoke
C:\Users\HishamMo\Desktop\999_cs\Quantum_Inpired_PSO_Classifcation\train\fog_smoke\fog_smoke1762.jpg,fog_smoke
C:\Users\HishamMo\Desktop\999_cs\Quantum_Inpired_PSO_Classifcation\train\fog_smoke\fog_smoke1763.jpg,fog_smoke
C:\Users\HishamMo\Desktop\999_cs\Quantum_Inpired_PSO_Classifcation\train\fog_smoke\fog_smoke1764.jpg,fog_smoke
C:\Users\HishamMo\Desktop\999_cs\Quantum_Inpired_PSO_Classifcation\train\fog_smoke\fog_smoke1766.jpg,fog_smoke
C:\Users\HishamMo\Desktop\999_cs\Quantum_Inpired_PSO_Classifcation\train\fog_smoke\fog_smoke1767.jpg,fog_smoke
C:\Users\HishamMo\Desktop\999_cs\Quantum_Inpired_PSO_Classifcation\train\fog_smoke\fog_smoke1768.jpg,fog_smoke
C:\Users\HishamMo\Desktop\999_cs\Quantum_Inpired_PSO_Classifcation\train\fog_smoke\fog_smoke1770.jpg,fog_smoke
C:\Users\HishamMo\Desktop\999_cs\Quantum_Inpired_PSO_Classifcation\train\fog_smoke\fog_smoke1772.jpg,fog_smoke
C:\Users\HishamMo\Desktop\999_cs\Quantum_Inpired_PSO_Classifcation\train\fog_smoke\fog_smoke1773.jpg,fog_smoke
C:\Users\HishamMo\Desktop\999_cs\Quantum_Inpired_PSO_Classifcation\train\fog_smoke\fog_smoke1775.jpg,fog_smoke
C:\Users\HishamMo\Desktop\999_cs\Quantum_Inpired_PSO_Classifcation\train\fog_smoke\fog_smoke1776.jpg,fog_smoke
C:\Users\HishamMo\Desktop\999_cs\Quantum_Inpired_PSO_Classifcation\train\fog_smoke\fog_smoke1777.jpg,fog_smoke
C:\Users\HishamMo\Desktop\999_cs\Quantum_Inpired_PSO_Classifcation\train\fog_smoke\fog_smoke1778.jpg,fog_smoke
C:\Users\HishamMo\Desktop\999_cs\Quantum_Inpired_PSO_Classifcation\train\fog_smoke\fog_smoke1779.jpg,fog_smoke
C:\Users\HishamMo\Desktop\999_cs\Quantum_Inpired_PSO_Classifcation\train\fog_smoke\fog_smoke1780.jpg,fog_smoke
C:\Users\HishamMo\Desktop\999_cs\Quantum_Inpired_PSO_Classifcation\train\fog_smoke\fog_smoke1781.jpg,fog_smoke
C:\Users\HishamMo\Desktop\999_cs\Quantum_Inpired_PSO_Classifcation\train\fog_smoke\fog_smoke1782.jpg,fog_smoke
C:\Users\HishamMo\Desktop\999_cs\Quantum_Inpired_PSO_Classifcation\train\fog_smoke\fog_smoke1783.jpg,fog_smoke
C:\Users\HishamMo\Desktop\999_cs\Quantum_Inpired_PSO_Classifcation\train\fog_smoke\fog_smoke1784.jpg,fog_smoke
C:\Users\HishamMo\Desktop\999_cs\Quantum_Inpired_PSO_Classifcation\train\fog_smoke\fog_smoke1785.jpg,fog_smoke
C:\Users\HishamMo\Desktop\999_cs\Quantum_Inpired_PSO_Classifcation\train\fog_smoke\fog_smoke1786.jpg,fog_smoke
C:\Users\HishamMo\Desktop\999_cs\Quantum_Inpired_PSO_Classifcation\train\fog_smoke\fog_smoke1787.jpg,fog_smoke
C:\Users\HishamMo\Desktop\999_cs\Quantum_Inpired_PSO_Classifcation\train\fog_smoke\fog_smoke1788.jpg,fog_smoke
C:\Users\HishamMo\Desktop\999_cs\Quantum_Inpired_PSO_Classifcation\train\fog_smoke\fog_smoke1789.jpg,fog_smoke
C:\Users\HishamMo\Desktop\999_cs\Quantum_Inpired_PSO_Classifcation\train\fog_smoke\fog_smoke1790.jpg,fog_smoke
C:\Users\HishamMo\Desktop\999_cs\Quantum_Inpired_PSO_Classifcation\train\fog_smoke\fog_smoke1791.jpg,fog_smoke
C:\Users\HishamMo\Desktop\999_cs\Quantum_Inpired_PSO_Classifcation\train\fog_smoke\fog_smoke1792.jpg,fog_smoke
C:\Users\HishamMo\Desktop\999_cs\Quantum_Inpired_PSO_Classifcation\train\fog_smoke\fog_smoke1793.jpg,fog_smoke
C:\Users\HishamMo\Desktop\999_cs\Quantum_Inpired_PSO_Classifcation\train\fog_smoke\fog_smoke1795.jpg,fog_smoke
C:\Users\HishamMo\Desktop\999_cs\Quantum_Inpired_PSO_Classifcation\train\fog_smoke\fog_smoke1796.jpg,fog_smoke
C:\Users\HishamMo\Desktop\999_cs\Quantum_Inpired_PSO_Classifcation\train\fog_smoke\fog_smoke1797.jpg,fog_smoke
C:\Users\HishamMo\Desktop\999_cs\Quantum_Inpired_PSO_Classifcation\train\fog_smoke\fog_smoke1798.jpg,fog_smoke
C:\Users\HishamMo\Desktop\999_cs\Quantum_Inpired_PSO_Classifcation\train\fog_smoke\fog_smoke1799.jpg,fog_smoke
C:\Users\HishamMo\Desktop\999_cs\Quantum_Inpired_PSO_Classifcation\train\fog_smoke\fog_smoke1800.jpg,fog_smoke
C:\Users\HishamMo\Desktop\999_cs\Quantum_Inpired_PSO_Classifcation\train\fog_smoke\fog_smoke1801.jpg,fog_smoke
C:\Users\HishamMo\Desktop\999_cs\Quantum_Inpired_PSO_Classifcation\train\fog_smoke\fog_smoke1802.jpg,fog_smoke
C:\Users\HishamMo\Desktop\999_cs\Quantum_Inpired_PSO_Classifcation\train\fog_smoke\fog_smoke1803.jpg,fog_smoke
C:\Users\HishamMo\Desktop\999_cs\Quantum_Inpired_PSO_Classifcation\train\fog_smoke\fog_smoke1804.jpg,fog_smoke
C:\Users\HishamMo\Desktop\999_cs\Quantum_Inpired_PSO_Classifcation\train\fog_smoke\fog_smoke1805.jpg,fog_smoke
C:\Users\HishamMo\Desktop\999_cs\Quantum_Inpired_PSO_Classifcation\train\fog_smoke\fog_smoke1806.jpg,fog_smoke
C:\Users\HishamMo\Desktop\999_cs\Quantum_Inpired_PSO_Classifcation\train\fog_smoke\fog_smoke1807.jpg,fog_smoke
C:\Users\HishamMo\Desktop\999_cs\Quantum_Inpired_PSO_Classifcation\train\fog_smoke\fog_smoke1808.jpg,fog_smoke
C:\Users\HishamMo\Desktop\999_cs\Quantum_Inpired_PSO_Classifcation\train\fog_smoke\fog_smoke1810.jpg,fog_smoke
C:\Users\HishamMo\Desktop\999_cs\Quantum_Inpired_PSO_Classifcation\train\fog_smoke\fog_smoke1811.jpg,fog_smoke
C:\Users\HishamMo\Desktop\999_cs\Quantum_Inpired_PSO_Classifcation\train\fog_smoke\fog_smoke1812.jpg,fog_smoke
C:\Users\HishamMo\Desktop\999_cs\Quantum_Inpired_PSO_Classifcation\train\fog_smoke\fog_smoke1813.jpg,fog_smoke
C:\Users\HishamMo\Desktop\999_cs\Quantum_Inpired_PSO_Classifcation\train\fog_smoke\fog_smoke1814.jpg,fog_smoke
C:\Users\HishamMo\Desktop\999_cs\Quantum_Inpired_PSO_Classifcation\train\fog_smoke\fog_smoke1816.jpg,fog_smoke
C:\Users\HishamMo\Desktop\999_cs\Quantum_Inpired_PSO_Classifcation\train\fog_smoke\fog_smoke1817.jpg,fog_smoke
C:\Users\HishamMo\Desktop\999_cs\Quantum_Inpired_PSO_Classifcation\train\fog_smoke\fog_smoke1818.jpg,fog_smoke
C:\Users\HishamMo\Desktop\999_cs\Quantum_Inpired_PSO_Classifcation\train\fog_smoke\fog_smoke1820.jpg,fog_smoke
C:\Users\HishamMo\Desktop\999_cs\Quantum_Inpired_PSO_Classifcation\train\fog_smoke\fog_smoke1822.jpg,fog_smoke
C:\Users\HishamMo\Desktop\999_cs\Quantum_Inpired_PSO_Classifcation\train\fog_smoke\fog_smoke1823.jpg,fog_smoke
C:\Users\HishamMo\Desktop\999_cs\Quantum_Inpired_PSO_Classifcation\train\fog_smoke\fog_smoke1824.jpg,fog_smoke
C:\Users\HishamMo\Desktop\999_cs\Quantum_Inpired_PSO_Classifcation\train\fog_smoke\fog_smoke1825.jpg,fog_smoke
C:\Users\HishamMo\Desktop\999_cs\Quantum_Inpired_PSO_Classifcation\train\fog_smoke\fog_smoke1826.jpg,fog_smoke
C:\Users\HishamMo\Desktop\999_cs\Quantum_Inpired_PSO_Classifcation\train\fog_smoke\fog_smoke1827.jpg,fog_smoke
C:\Users\HishamMo\Desktop\999_cs\Quantum_Inpired_PSO_Classifcation\train\fog_smoke\fog_smoke1828.jpg,fog_smoke
C:\Users\HishamMo\Desktop\999_cs\Quantum_Inpired_PSO_Classifcation\train\fog_smoke\fog_smoke1829.jpg,fog_smoke
C:\Users\HishamMo\Desktop\999_cs\Quantum_Inpired_PSO_Classifcation\train\fog_smoke\fog_smoke1830.jpg,fog_smoke
C:\Users\HishamMo\Desktop\999_cs\Quantum_Inpired_PSO_Classifcation\train\fog_smoke\fog_smoke1831.jpg,fog_smoke
C:\Users\HishamMo\Desktop\999_cs\Quantum_Inpired_PSO_Classifcation\train\fog_smoke\fog_smoke1832.jpg,fog_smoke
C:\Users\HishamMo\Desktop\999_cs\Quantum_Inpired_PSO_Classifcation\train\fog_smoke\fog_smoke1833.jpg,fog_smoke
C:\Users\HishamMo\Desktop\999_cs\Quantum_Inpired_PSO_Classifcation\train\fog_smoke\fog_smoke1834.jpg,fog_smoke
C:\Users\HishamMo\Desktop\999_cs\Quantum_Inpired_PSO_Classifcation\train\fog_smoke\fog_smoke1835.jpg,fog_smoke
C:\Users\HishamMo\Desktop\999_cs\Quantum_Inpired_PSO_Classifcation\train\fog_smoke\fog_smoke1837.jpg,fog_smoke
C:\Users\HishamMo\Desktop\999_cs\Quantum_Inpired_PSO_Classifcation\train\fog_smoke\fog_smoke1838.jpg,fog_smoke
C:\Users\HishamMo\Desktop\999_cs\Quantum_Inpired_PSO_Classifcation\train\fog_smoke\fog_smoke1839.jpg,fog_smoke
C:\Users\HishamMo\Desktop\999_cs\Quantum_Inpired_PSO_Classifcation\train\fog_smoke\fog_smoke1840.jpg,fog_smoke
C:\Users\HishamMo\Desktop\999_cs\Quantum_Inpired_PSO_Classifcation\train\fog_smoke\fog_smoke1843.jpg,fog_smoke
C:\Users\HishamMo\Desktop\999_cs\Quantum_Inpired_PSO_Classifcation\train\fog_smoke\fog_smoke1844.jpg,fog_smoke
C:\Users\HishamMo\Desktop\999_cs\Quantum_Inpired_PSO_Classifcation\train\fog_smoke\fog_smoke1845.jpg,fog_smoke
C:\Users\HishamMo\Desktop\999_cs\Quantum_Inpired_PSO_Classifcation\train\fog_smoke\fog_smoke1847.jpg,fog_smoke
C:\Users\HishamMo\Desktop\999_cs\Quantum_Inpired_PSO_Classifcation\train\fog_smoke\fog_smoke1848.jpg,fog_smoke
C:\Users\HishamMo\Desktop\999_cs\Quantum_Inpired_PSO_Classifcation\train\fog_smoke\fog_smoke1849.jpg,fog_smoke
C:\Users\HishamMo\Desktop\999_cs\Quantum_Inpired_PSO_Classifcation\train\fog_smoke\fog_smoke1850.jpg,fog_smoke
C:\Users\HishamMo\Desktop\999_cs\Quantum_Inpired_PSO_Classifcation\train\fog_smoke\fog_smoke1851.jpg,fog_smoke
C:\Users\HishamMo\Desktop\999_cs\Quantum_Inpired_PSO_Classifcation\train\fog_smoke\fog_smoke1852.jpg,fog_smoke
C:\Users\HishamMo\Desktop\999_cs\Quantum_Inpired_PSO_Classifcation\train\fog_smoke\fog_smoke1853.jpg,fog_smoke
C:\Users\HishamMo\Desktop\999_cs\Quantum_Inpired_PSO_Classifcation\train\fog_smoke\fog_smoke1855.jpg,fog_smoke
C:\Users\HishamMo\Desktop\999_cs\Quantum_Inpired_PSO_Classifcation\train\fog_smoke\fog_smoke1856.jpg,fog_smoke
C:\Users\HishamMo\Desktop\999_cs\Quantum_Inpired_PSO_Classifcation\train\fog_smoke\fog_smoke1857.jpg,fog_smoke
C:\Users\HishamMo\Desktop\999_cs\Quantum_Inpired_PSO_Classifcation\train\fog_smoke\fog_smoke1858.jpg,fog_smoke
C:\Users\HishamMo\Desktop\999_cs\Quantum_Inpired_PSO_Classifcation\train\fog_smoke\fog_smoke1859.jpg,fog_smoke
C:\Users\HishamMo\Desktop\999_cs\Quantum_Inpired_PSO_Classifcation\train\fog_smoke\fog_smoke1860.jpg,fog_smoke
C:\Users\HishamMo\Desktop\999_cs\Quantum_Inpired_PSO_Classifcation\train\fog_smoke\fog_smoke1861.jpg,fog_smoke
C:\Users\HishamMo\Desktop\999_cs\Quantum_Inpired_PSO_Classifcation\train\fog_smoke\fog_smoke1862.jpg,fog_smoke
C:\Users\HishamMo\Desktop\999_cs\Quantum_Inpired_PSO_Classifcation\train\fog_smoke\fog_smoke1863.jpg,fog_smoke
C:\Users\HishamMo\Desktop\999_cs\Quantum_Inpired_PSO_Classifcation\train\fog_smoke\fog_smoke1865.jpg,fog_smoke
C:\Users\HishamMo\Desktop\999_cs\Quantum_Inpired_PSO_Classifcation\train\fog_smoke\fog_smoke1866.jpg,fog_smoke
C:\Users\HishamMo\Desktop\999_cs\Quantum_Inpired_PSO_Classifcation\train\fog_smoke\fog_smoke1867.jpg,fog_smoke
C:\Users\HishamMo\Desktop\999_cs\Quantum_Inpired_PSO_Classifcation\train\fog_smoke\fog_smoke1868.jpg,fog_smoke
C:\Users\HishamMo\Desktop\999_cs\Quantum_Inpired_PSO_Classifcation\train\fog_smoke\fog_smoke1869.jpg,fog_smoke
C:\Users\HishamMo\Desktop\999_cs\Quantum_Inpired_PSO_Classifcation\train\fog_smoke\fog_smoke1870.jpg,fog_smoke
C:\Users\HishamMo\Desktop\999_cs\Quantum_Inpired_PSO_Classifcation\train\fog_smoke\fog_smoke1871.jpg,fog_smoke
C:\Users\HishamMo\Desktop\999_cs\Quantum_Inpired_PSO_Classifcation\train\fog_smoke\fog_smoke1872.jpg,fog_smoke
C:\Users\HishamMo\Desktop\999_cs\Quantum_Inpired_PSO_Classifcation\train\fog_smoke\fog_smoke1873.jpg,fog_smoke
C:\Users\HishamMo\Desktop\999_cs\Quantum_Inpired_PSO_Classifcation\train\fog_smoke\fog_smoke1876.jpg,fog_smoke
C:\Users\HishamMo\Desktop\999_cs\Quantum_Inpired_PSO_Classifcation\train\fog_smoke\fog_smoke1878.jpg,fog_smoke
C:\Users\HishamMo\Desktop\999_cs\Quantum_Inpired_PSO_Classifcation\train\fog_smoke\fog_smoke1879.jpg,fog_smoke
C:\Users\HishamMo\Desktop\999_cs\Quantum_Inpired_PSO_Classifcation\train\fog_smoke\fog_smoke1881.jpg,fog_smoke
C:\Users\HishamMo\Desktop\999_cs\Quantum_Inpired_PSO_Classifcation\train\fog_smoke\fog_smoke1882.jpg,fog_smoke
C:\Users\HishamMo\Desktop\999_cs\Quantum_Inpired_PSO_Classifcation\train\fog_smoke\fog_smoke1883.jpg,fog_smoke
C:\Users\HishamMo\Desktop\999_cs\Quantum_Inpired_PSO_Classifcation\train\fog_smoke\fog_smoke1884.jpg,fog_smoke
C:\Users\HishamMo\Desktop\999_cs\Quantum_Inpired_PSO_Classifcation\train\fog_smoke\fog_smoke1885.jpg,fog_smoke
C:\Users\HishamMo\Desktop\999_cs\Quantum_Inpired_PSO_Classifcation\train\fog_smoke\fog_smoke1886.jpg,fog_smoke
C:\Users\HishamMo\Desktop\999_cs\Quantum_Inpired_PSO_Classifcation\train\fog_smoke\fog_smoke1887.jpg,fog_smoke
C:\Users\HishamMo\Desktop\999_cs\Quantum_Inpired_PSO_Classifcation\train\fog_smoke\fog_smoke1888.jpg,fog_smoke
C:\Users\HishamMo\Desktop\999_cs\Quantum_Inpired_PSO_Classifcation\train\fog_smoke\fog_smoke1889.jpg,fog_smoke
C:\Users\HishamMo\Desktop\999_cs\Quantum_Inpired_PSO_Classifcation\train\fog_smoke\fog_smoke1893.jpg,fog_smoke
C:\Users\HishamMo\Desktop\999_cs\Quantum_Inpired_PSO_Classifcation\train\fog_smoke\fog_smoke1895.jpg,fog_smoke
C:\Users\HishamMo\Desktop\999_cs\Quantum_Inpired_PSO_Classifcation\train\fog_smoke\fog_smoke1897.jpg,fog_smoke
C:\Users\HishamMo\Desktop\999_cs\Quantum_Inpired_PSO_Classifcation\train\fog_smoke\fog_smoke1899.jpg,fog_smoke
C:\Users\HishamMo\Desktop\999_cs\Quantum_Inpired_PSO_Classifcation\train\fog_smoke\fog_smoke1901.jpg,fog_smoke
C:\Users\HishamMo\Desktop\999_cs\Quantum_Inpired_PSO_Classifcation\train\fog_smoke\fog_smoke1902.jpg,fog_smoke
C:\Users\HishamMo\Desktop\999_cs\Quantum_Inpired_PSO_Classifcation\train\fog_smoke\fog_smoke1904.jpg,fog_smoke
C:\Users\HishamMo\Desktop\999_cs\Quantum_Inpired_PSO_Classifcation\train\fog_smoke\fog_smoke1905.jpg,fog_smoke
C:\Users\HishamMo\Desktop\999_cs\Quantum_Inpired_PSO_Classifcation\train\fog_smoke\fog_smoke1906.jpg,fog_smoke
C:\Users\HishamMo\Desktop\999_cs\Quantum_Inpired_PSO_Classifcation\train\fog_smoke\fog_smoke1907.jpg,fog_smoke
C:\Users\HishamMo\Desktop\999_cs\Quantum_Inpired_PSO_Classifcation\train\fog_smoke\fog_smoke1908.jpg,fog_smoke
C:\Users\HishamMo\Desktop\999_cs\Quantum_Inpired_PSO_Classifcation\train\fog_smoke\fog_smoke1910.jpg,fog_smoke
C:\Users\HishamMo\Desktop\999_cs\Quantum_Inpired_PSO_Classifcation\train\fog_smoke\fog_smoke1912.jpg,fog_smoke
C:\Users\HishamMo\Desktop\999_cs\Quantum_Inpired_PSO_Classifcation\train\fog_smoke\fog_smoke1914.jpg,fog_smoke
C:\Users\HishamMo\Desktop\999_cs\Quantum_Inpired_PSO_Classifcation\train\fog_smoke\fog_smoke1915.jpg,fog_smoke
C:\Users\HishamMo\Desktop\999_cs\Quantum_Inpired_PSO_Classifcation\train\fog_smoke\fog_smoke1916.jpg,fog_smoke
C:\Users\HishamMo\Desktop\999_cs\Quantum_Inpired_PSO_Classifcation\train\fog_smoke\fog_smoke1917.jpg,fog_smoke
C:\Users\HishamMo\Desktop\999_cs\Quantum_Inpired_PSO_Classifcation\train\fog_smoke\fog_smoke1918.jpg,fog_smoke
C:\Users\HishamMo\Desktop\999_cs\Quantum_Inpired_PSO_Classifcation\train\fog_smoke\fog_smoke1919.jpg,fog_smoke
C:\Users\HishamMo\Desktop\999_cs\Quantum_Inpired_PSO_Classifcation\train\fog_smoke\fog_smoke1921.jpg,fog_smoke
C:\Users\HishamMo\Desktop\999_cs\Quantum_Inpired_PSO_Classifcation\train\fog_smoke\fog_smoke1922.jpg,fog_smoke
C:\Users\HishamMo\Desktop\999_cs\Quantum_Inpired_PSO_Classifcation\train\fog_smoke\fog_smoke1923.jpg,fog_smoke
C:\Users\HishamMo\Desktop\999_cs\Quantum_Inpired_PSO_Classifcation\train\fog_smoke\fog_smoke1928.jpg,fog_smoke
C:\Users\HishamMo\Desktop\999_cs\Quantum_Inpired_PSO_Classifcation\train\fog_smoke\fog_smoke1929.jpg,fog_smoke
C:\Users\HishamMo\Desktop\999_cs\Quantum_Inpired_PSO_Classifcation\train\fog_smoke\fog_smoke1930.jpg,fog_smoke
C:\Users\HishamMo\Desktop\999_cs\Quantum_Inpired_PSO_Classifcation\train\fog_smoke\fog_smoke1931.jpg,fog_smoke
C:\Users\HishamMo\Desktop\999_cs\Quantum_Inpired_PSO_Classifcation\train\fog_smoke\fog_smoke1932.jpg,fog_smoke
C:\Users\HishamMo\Desktop\999_cs\Quantum_Inpired_PSO_Classifcation\train\fog_smoke\fog_smoke1934.jpg,fog_smoke
C:\Users\HishamMo\Desktop\999_cs\Quantum_Inpired_PSO_Classifcation\train\fog_smoke\fog_smoke1935.jpg,fog_smoke
C:\Users\HishamMo\Desktop\999_cs\Quantum_Inpired_PSO_Classifcation\train\fog_smoke\fog_smoke1936.jpg,fog_smoke
C:\Users\HishamMo\Desktop\999_cs\Quantum_Inpired_PSO_Classifcation\train\fog_smoke\fog_smoke1937.jpg,fog_smoke
C:\Users\HishamMo\Desktop\999_cs\Quantum_Inpired_PSO_Classifcation\train\fog_smoke\fog_smoke1938.jpg,fog_smoke
C:\Users\HishamMo\Desktop\999_cs\Quantum_Inpired_PSO_Classifcation\train\fog_smoke\fog_smoke1939.jpg,fog_smoke
C:\Users\HishamMo\Desktop\999_cs\Quantum_Inpired_PSO_Classifcation\train\fog_smoke\fog_smoke1940.jpg,fog_smoke
C:\Users\HishamMo\Desktop\999_cs\Quantum_Inpired_PSO_Classifcation\train\fog_smoke\fog_smoke1942.jpg,fog_smoke
C:\Users\HishamMo\Desktop\999_cs\Quantum_Inpired_PSO_Classifcation\train\fog_smoke\fog_smoke1943.jpg,fog_smoke
C:\Users\HishamMo\Desktop\999_cs\Quantum_Inpired_PSO_Classifcation\train\fog_smoke\fog_smoke1944.jpg,fog_smoke
C:\Users\HishamMo\Desktop\999_cs\Quantum_Inpired_PSO_Classifcation\train\fog_smoke\fog_smoke1946.jpg,fog_smoke
C:\Users\HishamMo\Desktop\999_cs\Quantum_Inpired_PSO_Classifcation\train\fog_smoke\fog_smoke1947.jpg,fog_smoke
C:\Users\HishamMo\Desktop\999_cs\Quantum_Inpired_PSO_Classifcation\train\fog_smoke\fog_smoke1948.jpg,fog_smoke
C:\Users\HishamMo\Desktop\999_cs\Quantum_Inpired_PSO_Classifcation\train\fog_smoke\fog_smoke1949.jpg,fog_smoke
C:\Users\HishamMo\Desktop\999_cs\Quantum_Inpired_PSO_Classifcation\train\fog_smoke\fog_smoke1950.jpg,fog_smoke
C:\Users\HishamMo\Desktop\999_cs\Quantum_Inpired_PSO_Classifcation\train\fog_smoke\fog_smoke1951.jpg,fog_smoke
C:\Users\HishamMo\Desktop\999_cs\Quantum_Inpired_PSO_Classifcation\train\fog_smoke\fog_smoke1953.jpg,fog_smoke
C:\Users\HishamMo\Desktop\999_cs\Quantum_Inpired_PSO_Classifcation\train\fog_smoke\fog_smoke1954.jpg,fog_smoke
C:\Users\HishamMo\Desktop\999_cs\Quantum_Inpired_PSO_Classifcation\train\fog_smoke\fog_smoke1955.jpg,fog_smoke
C:\Users\HishamMo\Desktop\999_cs\Quantum_Inpired_PSO_Classifcation\train\fog_smoke\fog_smoke1956.jpg,fog_smoke
C:\Users\HishamMo\Desktop\999_cs\Quantum_Inpired_PSO_Classifcation\train\fog_smoke\fog_smoke1957.jpg,fog_smoke
C:\Users\HishamMo\Desktop\999_cs\Quantum_Inpired_PSO_Classifcation\train\fog_smoke\fog_smoke1958.jpg,fog_smoke
C:\Users\HishamMo\Desktop\999_cs\Quantum_Inpired_PSO_Classifcation\train\fog_smoke\fog_smoke1960.jpg,fog_smoke
C:\Users\HishamMo\Desktop\999_cs\Quantum_Inpired_PSO_Classifcation\train\fog_smoke\fog_smoke1961.jpg,fog_smoke
C:\Users\HishamMo\Desktop\999_cs\Quantum_Inpired_PSO_Classifcation\train\fog_smoke\fog_smoke1962.jpg,fog_smoke
C:\Users\HishamMo\Desktop\999_cs\Quantum_Inpired_PSO_Classifcation\train\fog_smoke\fog_smoke1963.jpg,fog_smoke
C:\Users\HishamMo\Desktop\999_cs\Quantum_Inpired_PSO_Classifcation\train\fog_smoke\fog_smoke1964.jpg,fog_smoke
C:\Users\HishamMo\Desktop\999_cs\Quantum_Inpired_PSO_Classifcation\train\fog_smoke\fog_smoke1966.jpg,fog_smoke
C:\Users\HishamMo\Desktop\999_cs\Quantum_Inpired_PSO_Classifcation\train\fog_smoke\fog_smoke1967.jpg,fog_smoke
C:\Users\HishamMo\Desktop\999_cs\Quantum_Inpired_PSO_Classifcation\train\fog_smoke\fog_smoke1969.jpg,fog_smoke
C:\Users\HishamMo\Desktop\999_cs\Quantum_Inpired_PSO_Classifcation\train\fog_smoke\fog_smoke1970.jpg,fog_smoke
C:\Users\HishamMo\Desktop\999_cs\Quantum_Inpired_PSO_Classifcation\train\fog_smoke\fog_smoke1971.jpg,fog_smoke
C:\Users\HishamMo\Desktop\999_cs\Quantum_Inpired_PSO_Classifcation\train\fog_smoke\fog_smoke1973.jpg,fog_smoke
C:\Users\HishamMo\Desktop\999_cs\Quantum_Inpired_PSO_Classifcation\train\fog_smoke\fog_smoke1974.jpg,fog_smoke
C:\Users\HishamMo\Desktop\999_cs\Quantum_Inpired_PSO_Classifcation\train\fog_smoke\fog_smoke1975.jpg,fog_smoke
C:\Users\HishamMo\Desktop\999_cs\Quantum_Inpired_PSO_Classifcation\train\fog_smoke\fog_smoke1977.jpg,fog_smoke
C:\Users\HishamMo\Desktop\999_cs\Quantum_Inpired_PSO_Classifcation\train\fog_smoke\fog_smoke1978.jpg,fog_smoke
C:\Users\HishamMo\Desktop\999_cs\Quantum_Inpired_PSO_Classifcation\train\fog_smoke\fog_smoke1979.jpg,fog_smoke
C:\Users\HishamMo\Desktop\999_cs\Quantum_Inpired_PSO_Classifcation\train\fog_smoke\fog_smoke1980.jpg,fog_smoke
C:\Users\HishamMo\Desktop\999_cs\Quantum_Inpired_PSO_Classifcation\train\fog_smoke\fog_smoke1981.jpg,fog_smoke
C:\Users\HishamMo\Desktop\999_cs\Quantum_Inpired_PSO_Classifcation\train\fog_smoke\fog_smoke1983.jpg,fog_smoke
C:\Users\HishamMo\Desktop\999_cs\Quantum_Inpired_PSO_Classifcation\train\fog_smoke\fog_smoke1984.jpg,fog_smoke
C:\Users\HishamMo\Desktop\999_cs\Quantum_Inpired_PSO_Classifcation\train\fog_smoke\fog_smoke1985.jpg,fog_smoke
C:\Users\HishamMo\Desktop\999_cs\Quantum_Inpired_PSO_Classifcation\train\fog_smoke\fog_smoke1986.jpg,fog_smoke
C:\Users\HishamMo\Desktop\999_cs\Quantum_Inpired_PSO_Classifcation\train\fog_smoke\fog_smoke1988.jpg,fog_smoke
C:\Users\HishamMo\Desktop\999_cs\Quantum_Inpired_PSO_Classifcation\train\fog_smoke\fog_smoke1989.jpg,fog_smoke
C:\Users\HishamMo\Desktop\999_cs\Quantum_Inpired_PSO_Classifcation\train\fog_smoke\fog_smoke1990.jpg,fog_smoke
C:\Users\HishamMo\Desktop\999_cs\Quantum_Inpired_PSO_Classifcation\train\fog_smoke\fog_smoke1991.jpg,fog_smoke
C:\Users\HishamMo\Desktop\999_cs\Quantum_Inpired_PSO_Classifcation\train\fog_smoke\fog_smoke1994.jpg,fog_smoke
C:\Users\HishamMo\Desktop\999_cs\Quantum_Inpired_PSO_Classifcation\train\fog_smoke\fog_smoke1995.jpg,fog_smoke
C:\Users\HishamMo\Desktop\999_cs\Quantum_Inpired_PSO_Classifcation\train\fog_smoke\fog_smoke1996.jpg,fog_smoke
C:\Users\HishamMo\Desktop\999_cs\Quantum_Inpired_PSO_Classifcation\train\fog_smoke\fog_smoke1998.jpg,fog_smoke
C:\Users\HishamMo\Desktop\999_cs\Quantum_Inpired_PSO_Classifcation\train\fog_smoke\fog_smoke1999.jpg,fog_smoke
C:\Users\HishamMo\Desktop\999_cs\Quantum_Inpired_PSO_Classifcation\train\fog_smoke\fog_smoke2000.jpg,fog_smoke
C:\Users\HishamMo\Desktop\999_cs\Quantum_Inpired_PSO_Classifcation\train\fog_smoke\fog_smoke2001.jpg,fog_smoke
C:\Users\HishamMo\Desktop\999_cs\Quantum_Inpired_PSO_Classifcation\train\fog_smoke\fog_smoke2003.jpg,fog_smoke
C:\Users\HishamMo\Desktop\999_cs\Quantum_Inpired_PSO_Classifcation\train\fog_smoke\fog_smoke2004.jpg,fog_smoke
C:\Users\HishamMo\Desktop\999_cs\Quantum_Inpired_PSO_Classifcation\train\fog_smoke\fog_smoke2005.jpg,fog_smoke
C:\Users\HishamMo\Desktop\999_cs\Quantum_Inpired_PSO_Classifcation\train\fog_smoke\fog_smoke2006.jpg,fog_smoke
C:\Users\HishamMo\Desktop\999_cs\Quantum_Inpired_PSO_Classifcation\train\fog_smoke\fog_smoke2007.jpg,fog_smoke
C:\Users\HishamMo\Desktop\999_cs\Quantum_Inpired_PSO_Classifcation\train\fog_smoke\fog_smoke2009.jpg,fog_smoke
C:\Users\HishamMo\Desktop\999_cs\Quantum_Inpired_PSO_Classifcation\train\fog_smoke\fog_smoke2010.jpg,fog_smoke
C:\Users\HishamMo\Desktop\999_cs\Quantum_Inpired_PSO_Classifcation\train\fog_smoke\fog_smoke2011.jpg,fog_smoke
C:\Users\HishamMo\Desktop\999_cs\Quantum_Inpired_PSO_Classifcation\train\fog_smoke\fog_smoke2012.jpg,fog_smoke
C:\Users\HishamMo\Desktop\999_cs\Quantum_Inpired_PSO_Classifcation\train\fog_smoke\fog_smoke2013.jpg,fog_smoke
C:\Users\HishamMo\Desktop\999_cs\Quantum_Inpired_PSO_Classifcation\train\fog_smoke\fog_smoke2014.jpg,fog_smoke
C:\Users\HishamMo\Desktop\999_cs\Quantum_Inpired_PSO_Classifcation\train\fog_smoke\fog_smoke2015.jpg,fog_smoke
C:\Users\HishamMo\Desktop\999_cs\Quantum_Inpired_PSO_Classifcation\train\fog_smoke\fog_smoke2016.jpg,fog_smoke
C:\Users\HishamMo\Desktop\999_cs\Quantum_Inpired_PSO_Classifcation\train\fog_smoke\fog_smoke2018.jpg,fog_smoke
C:\Users\HishamMo\Desktop\999_cs\Quantum_Inpired_PSO_Classifcation\train\fog_smoke\fog_smoke2020.jpg,fog_smoke
C:\Users\HishamMo\Desktop\999_cs\Quantum_Inpired_PSO_Classifcation\train\fog_smoke\fog_smoke2021.jpg,fog_smoke
C:\Users\HishamMo\Desktop\999_cs\Quantum_Inpired_PSO_Classifcation\train\fog_smoke\fog_smoke2022.jpg,fog_smoke
C:\Users\HishamMo\Desktop\999_cs\Quantum_Inpired_PSO_Classifcation\train\fog_smoke\fog_smoke2023.jpg,fog_smoke
C:\Users\HishamMo\Desktop\999_cs\Quantum_Inpired_PSO_Classifcation\train\fog_smoke\fog_smoke2024.jpg,fog_smoke
C:\Users\HishamMo\Desktop\999_cs\Quantum_Inpired_PSO_Classifcation\train\fog_smoke\fog_smoke2025.jpg,fog_smoke
C:\Users\HishamMo\Desktop\999_cs\Quantum_Inpired_PSO_Classifcation\train\fog_smoke\fog_smoke2026.jpg,fog_smoke
C:\Users\HishamMo\Desktop\999_cs\Quantum_Inpired_PSO_Classifcation\train\fog_smoke\fog_smoke2027.jpg,fog_smoke
C:\Users\HishamMo\Desktop\999_cs\Quantum_Inpired_PSO_Classifcation\train\fog_smoke\fog_smoke2028.jpg,fog_smoke
C:\Users\HishamMo\Desktop\999_cs\Quantum_Inpired_PSO_Classifcation\train\fog_smoke\fog_smoke2029.jpg,fog_smoke
C:\Users\HishamMo\Desktop\999_cs\Quantum_Inpired_PSO_Classifcation\train\fog_smoke\fog_smoke2030.jpg,fog_smoke
C:\Users\HishamMo\Desktop\999_cs\Quantum_Inpired_PSO_Classifcation\train\fog_smoke\fog_smoke2031.jpg,fog_smoke
C:\Users\HishamMo\Desktop\999_cs\Quantum_Inpired_PSO_Classifcation\train\fog_smoke\fog_smoke2032.jpg,fog_smoke
C:\Users\HishamMo\Desktop\999_cs\Quantum_Inpired_PSO_Classifcation\train\fog_smoke\fog_smoke2033.jpg,fog_smoke
C:\Users\HishamMo\Desktop\999_cs\Quantum_Inpired_PSO_Classifcation\train\fog_smoke\fog_smoke2034.jpg,fog_smoke
C:\Users\HishamMo\Desktop\999_cs\Quantum_Inpired_PSO_Classifcation\train\fog_smoke\fog_smoke2036.jpg,fog_smoke
C:\Users\HishamMo\Desktop\999_cs\Quantum_Inpired_PSO_Classifcation\train\fog_smoke\fog_smoke2037.jpg,fog_smoke
C:\Users\HishamMo\Desktop\999_cs\Quantum_Inpired_PSO_Classifcation\train\fog_smoke\fog_smoke2038.jpg,fog_smoke
C:\Users\HishamMo\Desktop\999_cs\Quantum_Inpired_PSO_Classifcation\train\fog_smoke\fog_smoke2039.jpg,fog_smoke
C:\Users\HishamMo\Desktop\999_cs\Quantum_Inpired_PSO_Classifcation\train\fog_smoke\fog_smoke2041.jpg,fog_smoke
C:\Users\HishamMo\Desktop\999_cs\Quantum_Inpired_PSO_Classifcation\train\fog_smoke\fog_smoke2042.jpg,fog_smoke
C:\Users\HishamMo\Desktop\999_cs\Quantum_Inpired_PSO_Classifcation\train\fog_smoke\fog_smoke2043.jpg,fog_smoke
C:\Users\HishamMo\Desktop\999_cs\Quantum_Inpired_PSO_Classifcation\train\fog_smoke\fog_smoke2044.jpg,fog_smoke
C:\Users\HishamMo\Desktop\999_cs\Quantum_Inpired_PSO_Classifcation\train\fog_smoke\fog_smoke2046.jpg,fog_smoke
C:\Users\HishamMo\Desktop\999_cs\Quantum_Inpired_PSO_Classifcation\train\fog_smoke\fog_smoke2047.jpg,fog_smoke
C:\Users\HishamMo\Desktop\999_cs\Quantum_Inpired_PSO_Classifcation\train\fog_smoke\fog_smoke2048.jpg,fog_smoke
C:\Users\HishamMo\Desktop\999_cs\Quantum_Inpired_PSO_Classifcation\train\fog_smoke\fog_smoke2049.jpg,fog_smoke
C:\Users\HishamMo\Desktop\999_cs\Quantum_Inpired_PSO_Classifcation\train\fog_smoke\fog_smoke2050.jpg,fog_smoke
C:\Users\HishamMo\Desktop\999_cs\Quantum_Inpired_PSO_Classifcation\train\fog_smoke\fog_smoke2051.jpg,fog_smoke
C:\Users\HishamMo\Desktop\999_cs\Quantum_Inpired_PSO_Classifcation\train\fog_smoke\fog_smoke2052.jpg,fog_smoke
C:\Users\HishamMo\Desktop\999_cs\Quantum_Inpired_PSO_Classifcation\train\fog_smoke\fog_smoke2053.jpg,fog_smoke
C:\Users\HishamMo\Desktop\999_cs\Quantum_Inpired_PSO_Classifcation\train\fog_smoke\fog_smoke2054.jpg,fog_smoke
C:\Users\HishamMo\Desktop\999_cs\Quantum_Inpired_PSO_Classifcation\train\fog_smoke\fog_smoke2055.jpg,fog_smoke
C:\Users\HishamMo\Desktop\999_cs\Quantum_Inpired_PSO_Classifcation\train\fog_smoke\fog_smoke2056.jpg,fog_smoke
C:\Users\HishamMo\Desktop\999_cs\Quantum_Inpired_PSO_Classifcation\train\fog_smoke\fog_smoke2057.jpg,fog_smoke
C:\Users\HishamMo\Desktop\999_cs\Quantum_Inpired_PSO_Classifcation\train\fog_smoke\fog_smoke2058.jpg,fog_smoke
C:\Users\HishamMo\Desktop\999_cs\Quantum_Inpired_PSO_Classifcation\train\fog_smoke\fog_smoke2059.jpg,fog_smoke
C:\Users\HishamMo\Desktop\999_cs\Quantum_Inpired_PSO_Classifcation\train\fog_smoke\fog_smoke2061.jpg,fog_smoke
C:\Users\HishamMo\Desktop\999_cs\Quantum_Inpired_PSO_Classifcation\train\fog_smoke\fog_smoke2062.jpg,fog_smoke
C:\Users\HishamMo\Desktop\999_cs\Quantum_Inpired_PSO_Classifcation\train\fog_smoke\fog_smoke2063.jpg,fog_smoke
C:\Users\HishamMo\Desktop\999_cs\Quantum_Inpired_PSO_Classifcation\train\fog_smoke\fog_smoke2065.jpg,fog_smoke
C:\Users\HishamMo\Desktop\999_cs\Quantum_Inpired_PSO_Classifcation\train\fog_smoke\fog_smoke2066.jpg,fog_smoke
C:\Users\HishamMo\Desktop\999_cs\Quantum_Inpired_PSO_Classifcation\train\fog_smoke\fog_smoke2067.jpg,fog_smoke
C:\Users\HishamMo\Desktop\999_cs\Quantum_Inpired_PSO_Classifcation\train\fog_smoke\fog_smoke2068.jpg,fog_smoke
C:\Users\HishamMo\Desktop\999_cs\Quantum_Inpired_PSO_Classifcation\train\fog_smoke\fog_smoke2069.jpg,fog_smoke
C:\Users\HishamMo\Desktop\999_cs\Quantum_Inpired_PSO_Classifcation\train\fog_smoke\fog_smoke2070.jpg,fog_smoke
C:\Users\HishamMo\Desktop\999_cs\Quantum_Inpired_PSO_Classifcation\train\fog_smoke\fog_smoke2071.jpg,fog_smoke
C:\Users\HishamMo\Desktop\999_cs\Quantum_Inpired_PSO_Classifcation\train\fog_smoke\fog_smoke2072.jpg,fog_smoke
C:\Users\HishamMo\Desktop\999_cs\Quantum_Inpired_PSO_Classifcation\train\fog_smoke\fog_smoke2073.jpg,fog_smoke
C:\Users\HishamMo\Desktop\999_cs\Quantum_Inpired_PSO_Classifcation\train\fog_smoke\fog_smoke2074.jpg,fog_smoke
C:\Users\HishamMo\Desktop\999_cs\Quantum_Inpired_PSO_Classifcation\train\fog_smoke\fog_smoke2076.jpg,fog_smoke
C:\Users\HishamMo\Desktop\999_cs\Quantum_Inpired_PSO_Classifcation\train\fog_smoke\fog_smoke2077.jpg,fog_smoke
C:\Users\HishamMo\Desktop\999_cs\Quantum_Inpired_PSO_Classifcation\train\fog_smoke\fog_smoke2078.jpg,fog_smoke
C:\Users\HishamMo\Desktop\999_cs\Quantum_Inpired_PSO_Classifcation\train\fog_smoke\fog_smoke2079.jpg,fog_smoke
C:\Users\HishamMo\Desktop\999_cs\Quantum_Inpired_PSO_Classifcation\train\fog_smoke\fog_smoke2080.jpg,fog_smoke
C:\Users\HishamMo\Desktop\999_cs\Quantum_Inpired_PSO_Classifcation\train\fog_smoke\fog_smoke2081.jpg,fog_smoke
C:\Users\HishamMo\Desktop\999_cs\Quantum_Inpired_PSO_Classifcation\train\fog_smoke\fog_smoke2082.jpg,fog_smoke
C:\Users\HishamMo\Desktop\999_cs\Quantum_Inpired_PSO_Classifcation\train\fog_smoke\fog_smoke2083.jpg,fog_smoke
C:\Users\HishamMo\Desktop\999_cs\Quantum_Inpired_PSO_Classifcation\train\fog_smoke\fog_smoke2085.jpg,fog_smoke
C:\Users\HishamMo\Desktop\999_cs\Quantum_Inpired_PSO_Classifcation\train\fog_smoke\fog_smoke2086.jpg,fog_smoke
C:\Users\HishamMo\Desktop\999_cs\Quantum_Inpired_PSO_Classifcation\train\fog_smoke\fog_smoke2088.jpg,fog_smoke
C:\Users\HishamMo\Desktop\999_cs\Quantum_Inpired_PSO_Classifcation\train\fog_smoke\fog_smoke2089.jpg,fog_smoke
C:\Users\HishamMo\Desktop\999_cs\Quantum_Inpired_PSO_Classifcation\train\fog_smoke\fog_smoke2090.jpg,fog_smoke
C:\Users\HishamMo\Desktop\999_cs\Quantum_Inpired_PSO_Classifcation\train\fog_smoke\fog_smoke2091.jpg,fog_smoke
C:\Users\HishamMo\Desktop\999_cs\Quantum_Inpired_PSO_Classifcation\train\fog_smoke\fog_smoke2092.jpg,fog_smoke
C:\Users\HishamMo\Desktop\999_cs\Quantum_Inpired_PSO_Classifcation\train\fog_smoke\fog_smoke2093.jpg,fog_smoke
C:\Users\HishamMo\Desktop\999_cs\Quantum_Inpired_PSO_Classifcation\train\fog_smoke\fog_smoke2094.jpg,fog_smoke
C:\Users\HishamMo\Desktop\999_cs\Quantum_Inpired_PSO_Classifcation\train\fog_smoke\fog_smoke2095.jpg,fog_smoke
C:\Users\HishamMo\Desktop\999_cs\Quantum_Inpired_PSO_Classifcation\train\fog_smoke\fog_smoke2096.jpg,fog_smoke
C:\Users\HishamMo\Desktop\999_cs\Quantum_Inpired_PSO_Classifcation\train\fog_smoke\fog_smoke2097.jpg,fog_smoke
C:\Users\HishamMo\Desktop\999_cs\Quantum_Inpired_PSO_Classifcation\train\fog_smoke\fog_smoke2098.jpg,fog_smoke
C:\Users\HishamMo\Desktop\999_cs\Quantum_Inpired_PSO_Classifcation\train\fog_smoke\fog_smoke2099.jpg,fog_smoke
C:\Users\HishamMo\Desktop\999_cs\Quantum_Inpired_PSO_Classifcation\train\fog_smoke\fog_smoke2101.jpg,fog_smoke
C:\Users\HishamMo\Desktop\999_cs\Quantum_Inpired_PSO_Classifcation\train\fog_smoke\fog_smoke2102.jpg,fog_smoke
C:\Users\HishamMo\Desktop\999_cs\Quantum_Inpired_PSO_Classifcation\train\fog_smoke\fog_smoke2103.jpg,fog_smoke
C:\Users\HishamMo\Desktop\999_cs\Quantum_Inpired_PSO_Classifcation\train\fog_smoke\fog_smoke2105.jpg,fog_smoke
C:\Users\HishamMo\Desktop\999_cs\Quantum_Inpired_PSO_Classifcation\train\fog_smoke\fog_smoke2107.jpg,fog_smoke
C:\Users\HishamMo\Desktop\999_cs\Quantum_Inpired_PSO_Classifcation\train\fog_smoke\fog_smoke2108.jpg,fog_smoke
C:\Users\HishamMo\Desktop\999_cs\Quantum_Inpired_PSO_Classifcation\train\fog_smoke\fog_smoke2109.jpg,fog_smoke
C:\Users\HishamMo\Desktop\999_cs\Quantum_Inpired_PSO_Classifcation\train\fog_smoke\fog_smoke2110.jpg,fog_smoke
C:\Users\HishamMo\Desktop\999_cs\Quantum_Inpired_PSO_Classifcation\train\fog_smoke\fog_smoke2111.jpg,fog_smoke
C:\Users\HishamMo\Desktop\999_cs\Quantum_Inpired_PSO_Classifcation\train\fog_smoke\fog_smoke2112.jpg,fog_smoke
C:\Users\HishamMo\Desktop\999_cs\Quantum_Inpired_PSO_Classifcation\train\fog_smoke\fog_smoke2113.jpg,fog_smoke
C:\Users\HishamMo\Desktop\999_cs\Quantum_Inpired_PSO_Classifcation\train\fog_smoke\fog_smoke2114.jpg,fog_smoke
C:\Users\HishamMo\Desktop\999_cs\Quantum_Inpired_PSO_Classifcation\train\fog_smoke\fog_smoke2115.jpg,fog_smoke
C:\Users\HishamMo\Desktop\999_cs\Quantum_Inpired_PSO_Classifcation\train\fog_smoke\fog_smoke2117.jpg,fog_smoke
C:\Users\HishamMo\Desktop\999_cs\Quantum_Inpired_PSO_Classifcation\train\fog_smoke\fog_smoke2118.jpg,fog_smoke
C:\Users\HishamMo\Desktop\999_cs\Quantum_Inpired_PSO_Classifcation\train\fog_smoke\fog_smoke2119.jpg,fog_smoke
C:\Users\HishamMo\Desktop\999_cs\Quantum_Inpired_PSO_Classifcation\train\fog_smoke\fog_smoke2120.jpg,fog_smoke
C:\Users\HishamMo\Desktop\999_cs\Quantum_Inpired_PSO_Classifcation\train\fog_smoke\fog_smoke2121.jpg,fog_smoke
C:\Users\HishamMo\Desktop\999_cs\Quantum_Inpired_PSO_Classifcation\train\fog_smoke\fog_smoke2122.jpg,fog_smoke
C:\Users\HishamMo\Desktop\999_cs\Quantum_Inpired_PSO_Classifcation\train\fog_smoke\fog_smoke2123.jpg,fog_smoke
C:\Users\HishamMo\Desktop\999_cs\Quantum_Inpired_PSO_Classifcation\train\fog_smoke\fog_smoke2124.jpg,fog_smoke
C:\Users\HishamMo\Desktop\999_cs\Quantum_Inpired_PSO_Classifcation\train\fog_smoke\fog_smoke2126.jpg,fog_smoke
C:\Users\HishamMo\Desktop\999_cs\Quantum_Inpired_PSO_Classifcation\train\fog_smoke\fog_smoke2128.jpg,fog_smoke
C:\Users\HishamMo\Desktop\999_cs\Quantum_Inpired_PSO_Classifcation\train\fog_smoke\fog_smoke2130.jpg,fog_smoke
C:\Users\HishamMo\Desktop\999_cs\Quantum_Inpired_PSO_Classifcation\train\fog_smoke\fog_smoke2131.jpg,fog_smoke
C:\Users\HishamMo\Desktop\999_cs\Quantum_Inpired_PSO_Classifcation\train\fog_smoke\fog_smoke2133.jpg,fog_smoke
C:\Users\HishamMo\Desktop\999_cs\Quantum_Inpired_PSO_Classifcation\train\fog_smoke\fog_smoke2134.jpg,fog_smoke
C:\Users\HishamMo\Desktop\999_cs\Quantum_Inpired_PSO_Classifcation\train\fog_smoke\fog_smoke2135.jpg,fog_smoke
C:\Users\HishamMo\Desktop\999_cs\Quantum_Inpired_PSO_Classifcation\train\fog_smoke\fog_smoke2136.jpg,fog_smoke
C:\Users\HishamMo\Desktop\999_cs\Quantum_Inpired_PSO_Classifcation\train\fog_smoke\fog_smoke2137.jpg,fog_smoke
C:\Users\HishamMo\Desktop\999_cs\Quantum_Inpired_PSO_Classifcation\train\fog_smoke\fog_smoke2138.jpg,fog_smoke
C:\Users\HishamMo\Desktop\999_cs\Quantum_Inpired_PSO_Classifcation\train\fog_smoke\fog_smoke2139.jpg,fog_smoke
C:\Users\HishamMo\Desktop\999_cs\Quantum_Inpired_PSO_Classifcation\train\fog_smoke\fog_smoke2140.jpg,fog_smoke
C:\Users\HishamMo\Desktop\999_cs\Quantum_Inpired_PSO_Classifcation\train\fog_smoke\fog_smoke2141.jpg,fog_smoke
C:\Users\HishamMo\Desktop\999_cs\Quantum_Inpired_PSO_Classifcation\train\fog_smoke\fog_smoke2142.jpg,fog_smoke
C:\Users\HishamMo\Desktop\999_cs\Quantum_Inpired_PSO_Classifcation\train\fog_smoke\fog_smoke2143.jpg,fog_smoke
C:\Users\HishamMo\Desktop\999_cs\Quantum_Inpired_PSO_Classifcation\train\fog_smoke\fog_smoke2144.jpg,fog_smoke
C:\Users\HishamMo\Desktop\999_cs\Quantum_Inpired_PSO_Classifcation\train\fog_smoke\fog_smoke2146.jpg,fog_smoke
C:\Users\HishamMo\Desktop\999_cs\Quantum_Inpired_PSO_Classifcation\train\fog_smoke\fog_smoke2147.jpg,fog_smoke
C:\Users\HishamMo\Desktop\999_cs\Quantum_Inpired_PSO_Classifcation\train\fog_smoke\fog_smoke2148.jpg,fog_smoke
C:\Users\HishamMo\Desktop\999_cs\Quantum_Inpired_PSO_Classifcation\train\fog_smoke\fog_smoke2149.jpg,fog_smoke
C:\Users\HishamMo\Desktop\999_cs\Quantum_Inpired_PSO_Classifcation\train\fog_smoke\fog_smoke2151.jpg,fog_smoke
C:\Users\HishamMo\Desktop\999_cs\Quantum_Inpired_PSO_Classifcation\train\fog_smoke\fog_smoke2152.jpg,fog_smoke
C:\Users\HishamMo\Desktop\999_cs\Quantum_Inpired_PSO_Classifcation\train\fog_smoke\fog_smoke2153.jpg,fog_smoke
C:\Users\HishamMo\Desktop\999_cs\Quantum_Inpired_PSO_Classifcation\train\fog_smoke\fog_smoke2154.jpg,fog_smoke
C:\Users\HishamMo\Desktop\999_cs\Quantum_Inpired_PSO_Classifcation\train\fog_smoke\fog_smoke2155.jpg,fog_smoke
C:\Users\HishamMo\Desktop\999_cs\Quantum_Inpired_PSO_Classifcation\train\fog_smoke\fog_smoke2157.jpg,fog_smoke
C:\Users\HishamMo\Desktop\999_cs\Quantum_Inpired_PSO_Classifcation\train\fog_smoke\fog_smoke2158.jpg,fog_smoke
C:\Users\HishamMo\Desktop\999_cs\Quantum_Inpired_PSO_Classifcation\train\fog_smoke\fog_smoke2159.jpg,fog_smoke
C:\Users\HishamMo\Desktop\999_cs\Quantum_Inpired_PSO_Classifcation\train\fog_smoke\fog_smoke2160.jpg,fog_smoke
C:\Users\HishamMo\Desktop\999_cs\Quantum_Inpired_PSO_Classifcation\train\fog_smoke\fog_smoke2161.jpg,fog_smoke
C:\Users\HishamMo\Desktop\999_cs\Quantum_Inpired_PSO_Classifcation\train\fog_smoke\fog_smoke2162.jpg,fog_smoke
C:\Users\HishamMo\Desktop\999_cs\Quantum_Inpired_PSO_Classifcation\train\fog_smoke\fog_smoke2163.jpg,fog_smoke
C:\Users\HishamMo\Desktop\999_cs\Quantum_Inpired_PSO_Classifcation\train\fog_smoke\fog_smoke2164.jpg,fog_smoke
C:\Users\HishamMo\Desktop\999_cs\Quantum_Inpired_PSO_Classifcation\train\fog_smoke\fog_smoke2165.jpg,fog_smoke
C:\Users\HishamMo\Desktop\999_cs\Quantum_Inpired_PSO_Classifcation\train\fog_smoke\fog_smoke2166.jpg,fog_smoke
C:\Users\HishamMo\Desktop\999_cs\Quantum_Inpired_PSO_Classifcation\train\fog_smoke\fog_smoke2168.jpg,fog_smoke
C:\Users\HishamMo\Desktop\999_cs\Quantum_Inpired_PSO_Classifcation\train\fog_smoke\fog_smoke2169.jpg,fog_smoke
C:\Users\HishamMo\Desktop\999_cs\Quantum_Inpired_PSO_Classifcation\train\fog_smoke\fog_smoke2170.jpg,fog_smoke
C:\Users\HishamMo\Desktop\999_cs\Quantum_Inpired_PSO_Classifcation\train\fog_smoke\fog_smoke2172.jpg,fog_smoke
C:\Users\HishamMo\Desktop\999_cs\Quantum_Inpired_PSO_Classifcation\train\fog_smoke\fog_smoke2175.jpg,fog_smoke
C:\Users\HishamMo\Desktop\999_cs\Quantum_Inpired_PSO_Classifcation\train\fog_smoke\fog_smoke2176.jpg,fog_smoke
C:\Users\HishamMo\Desktop\999_cs\Quantum_Inpired_PSO_Classifcation\train\fog_smoke\fog_smoke2177.jpg,fog_smoke
C:\Users\HishamMo\Desktop\999_cs\Quantum_Inpired_PSO_Classifcation\train\fog_smoke\fog_smoke2181.jpg,fog_smoke
C:\Users\HishamMo\Desktop\999_cs\Quantum_Inpired_PSO_Classifcation\train\fog_smoke\fog_smoke2182.jpg,fog_smoke
C:\Users\HishamMo\Desktop\999_cs\Quantum_Inpired_PSO_Classifcation\train\fog_smoke\fog_smoke2185.jpg,fog_smoke
C:\Users\HishamMo\Desktop\999_cs\Quantum_Inpired_PSO_Classifcation\train\fog_smoke\fog_smoke2186.jpg,fog_smoke
C:\Users\HishamMo\Desktop\999_cs\Quantum_Inpired_PSO_Classifcation\train\fog_smoke\fog_smoke2187.jpg,fog_smoke
C:\Users\HishamMo\Desktop\999_cs\Quantum_Inpired_PSO_Classifcation\train\fog_smoke\fog_smoke2188.jpg,fog_smoke
C:\Users\HishamMo\Desktop\999_cs\Quantum_Inpired_PSO_Classifcation\train\fog_smoke\fog_smoke2189.jpg,fog_smoke
C:\Users\HishamMo\Desktop\999_cs\Quantum_Inpired_PSO_Classifcation\train\fog_smoke\fog_smoke2191.jpg,fog_smoke
C:\Users\HishamMo\Desktop\999_cs\Quantum_Inpired_PSO_Classifcation\train\fog_smoke\fog_smoke2193.jpg,fog_smoke
C:\Users\HishamMo\Desktop\999_cs\Quantum_Inpired_PSO_Classifcation\train\fog_smoke\fog_smoke2194.jpg,fog_smoke
C:\Users\HishamMo\Desktop\999_cs\Quantum_Inpired_PSO_Classifcation\train\fog_smoke\fog_smoke2195.jpg,fog_smoke
C:\Users\HishamMo\Desktop\999_cs\Quantum_Inpired_PSO_Classifcation\train\fog_smoke\fog_smoke2196.jpg,fog_smoke
C:\Users\HishamMo\Desktop\999_cs\Quantum_Inpired_PSO_Classifcation\train\fog_smoke\fog_smoke2198.jpg,fog_smoke
C:\Users\HishamMo\Desktop\999_cs\Quantum_Inpired_PSO_Classifcation\train\fog_smoke\fog_smoke2199.jpg,fog_smoke
C:\Users\HishamMo\Desktop\999_cs\Quantum_Inpired_PSO_Classifcation\train\fog_smoke\fog_smoke2200.jpg,fog_smoke
C:\Users\HishamMo\Desktop\999_cs\Quantum_Inpired_PSO_Classifcation\train\fog_smoke\fog_smoke2201.jpg,fog_smoke
C:\Users\HishamMo\Desktop\999_cs\Quantum_Inpired_PSO_Classifcation\train\fog_smoke\fog_smoke2202.jpg,fog_smoke
C:\Users\HishamMo\Desktop\999_cs\Quantum_Inpired_PSO_Classifcation\train\fog_smoke\fog_smoke2203.jpg,fog_smoke
C:\Users\HishamMo\Desktop\999_cs\Quantum_Inpired_PSO_Classifcation\train\fog_smoke\fog_smoke2204.jpg,fog_smoke
C:\Users\HishamMo\Desktop\999_cs\Quantum_Inpired_PSO_Classifcation\train\fog_smoke\fog_smoke2206.jpg,fog_smoke
C:\Users\HishamMo\Desktop\999_cs\Quantum_Inpired_PSO_Classifcation\train\fog_smoke\fog_smoke2208.jpg,fog_smoke
C:\Users\HishamMo\Desktop\999_cs\Quantum_Inpired_PSO_Classifcation\train\fog_smoke\fog_smoke2210.jpg,fog_smoke
C:\Users\HishamMo\Desktop\999_cs\Quantum_Inpired_PSO_Classifcation\train\fog_smoke\fog_smoke2211.jpg,fog_smoke
C:\Users\HishamMo\Desktop\999_cs\Quantum_Inpired_PSO_Classifcation\train\fog_smoke\fog_smoke2212.jpg,fog_smoke
C:\Users\HishamMo\Desktop\999_cs\Quantum_Inpired_PSO_Classifcation\train\fog_smoke\fog_smoke2213.jpg,fog_smoke
C:\Users\HishamMo\Desktop\999_cs\Quantum_Inpired_PSO_Classifcation\train\fog_smoke\fog_smoke2214.jpg,fog_smoke
C:\Users\HishamMo\Desktop\999_cs\Quantum_Inpired_PSO_Classifcation\train\fog_smoke\fog_smoke2216.jpg,fog_smoke
C:\Users\HishamMo\Desktop\999_cs\Quantum_Inpired_PSO_Classifcation\train\fog_smoke\fog_smoke2217.jpg,fog_smoke
C:\Users\HishamMo\Desktop\999_cs\Quantum_Inpired_PSO_Classifcation\train\fog_smoke\fog_smoke2219.jpg,fog_smoke
C:\Users\HishamMo\Desktop\999_cs\Quantum_Inpired_PSO_Classifcation\train\fog_smoke\fog_smoke2220.jpg,fog_smoke
C:\Users\HishamMo\Desktop\999_cs\Quantum_Inpired_PSO_Classifcation\train\fog_smoke\fog_smoke2221.jpg,fog_smoke
C:\Users\HishamMo\Desktop\999_cs\Quantum_Inpired_PSO_Classifcation\train\fog_smoke\fog_smoke2222.jpg,fog_smoke
C:\Users\HishamMo\Desktop\999_cs\Quantum_Inpired_PSO_Classifcation\train\fog_smoke\fog_smoke2223.jpg,fog_smoke
C:\Users\HishamMo\Desktop\999_cs\Quantum_Inpired_PSO_Classifcation\train\fog_smoke\fog_smoke2224.jpg,fog_smoke
C:\Users\HishamMo\Desktop\999_cs\Quantum_Inpired_PSO_Classifcation\train\fog_smoke\fog_smoke2225.jpg,fog_smoke
C:\Users\HishamMo\Desktop\999_cs\Quantum_Inpired_PSO_Classifcation\train\fog_smoke\fog_smoke2228.jpg,fog_smoke
C:\Users\HishamMo\Desktop\999_cs\Quantum_Inpired_PSO_Classifcation\train\fog_smoke\fog_smoke2229.jpg,fog_smoke
C:\Users\HishamMo\Desktop\999_cs\Quantum_Inpired_PSO_Classifcation\train\fog_smoke\fog_smoke2230.jpg,fog_smoke
C:\Users\HishamMo\Desktop\999_cs\Quantum_Inpired_PSO_Classifcation\train\fog_smoke\fog_smoke2231.jpg,fog_smoke
C:\Users\HishamMo\Desktop\999_cs\Quantum_Inpired_PSO_Classifcation\train\fog_smoke\fog_smoke2232.jpg,fog_smoke
C:\Users\HishamMo\Desktop\999_cs\Quantum_Inpired_PSO_Classifcation\train\fog_smoke\fog_smoke2233.jpg,fog_smoke
C:\Users\HishamMo\Desktop\999_cs\Quantum_Inpired_PSO_Classifcation\train\fog_smoke\fog_smoke2235.jpg,fog_smoke
C:\Users\HishamMo\Desktop\999_cs\Quantum_Inpired_PSO_Classifcation\train\fog_smoke\fog_smoke2236.jpg,fog_smoke
C:\Users\HishamMo\Desktop\999_cs\Quantum_Inpired_PSO_Classifcation\train\fog_smoke\fog_smoke2237.jpg,fog_smoke
C:\Users\HishamMo\Desktop\999_cs\Quantum_Inpired_PSO_Classifcation\train\fog_smoke\fog_smoke2238.jpg,fog_smoke
C:\Users\HishamMo\Desktop\999_cs\Quantum_Inpired_PSO_Classifcation\train\fog_smoke\fog_smoke2239.jpg,fog_smoke
C:\Users\HishamMo\Desktop\999_cs\Quantum_Inpired_PSO_Classifcation\train\fog_smoke\fog_smoke2240.jpg,fog_smoke
C:\Users\HishamMo\Desktop\999_cs\Quantum_Inpired_PSO_Classifcation\train\fog_smoke\fog_smoke2241.jpg,fog_smoke
C:\Users\HishamMo\Desktop\999_cs\Quantum_Inpired_PSO_Classifcation\train\fog_smoke\fog_smoke2242.jpg,fog_smoke
C:\Users\HishamMo\Desktop\999_cs\Quantum_Inpired_PSO_Classifcation\train\fog_smoke\fog_smoke2243.jpg,fog_smoke
C:\Users\HishamMo\Desktop\999_cs\Quantum_Inpired_PSO_Classifcation\train\fog_smoke\fog_smoke2244.jpg,fog_smoke
C:\Users\HishamMo\Desktop\999_cs\Quantum_Inpired_PSO_Classifcation\train\fog_smoke\fog_smoke2245.jpg,fog_smoke
C:\Users\HishamMo\Desktop\999_cs\Quantum_Inpired_PSO_Classifcation\train\fog_smoke\fog_smoke2246.jpg,fog_smoke
C:\Users\HishamMo\Desktop\999_cs\Quantum_Inpired_PSO_Classifcation\train\fog_smoke\fog_smoke2247.jpg,fog_smoke
C:\Users\HishamMo\Desktop\999_cs\Quantum_Inpired_PSO_Classifcation\train\fog_smoke\fog_smoke2248.jpg,fog_smoke
C:\Users\HishamMo\Desktop\999_cs\Quantum_Inpired_PSO_Classifcation\train\fog_smoke\fog_smoke2249.jpg,fog_smoke
C:\Users\HishamMo\Desktop\999_cs\Quantum_Inpired_PSO_Classifcation\train\fog_smoke\fog_smoke2250.jpg,fog_smoke
C:\Users\HishamMo\Desktop\999_cs\Quantum_Inpired_PSO_Classifcation\train\fog_smoke\fog_smoke2251.jpg,fog_smoke
C:\Users\HishamMo\Desktop\999_cs\Quantum_Inpired_PSO_Classifcation\train\fog_smoke\fog_smoke2253.jpg,fog_smoke
C:\Users\HishamMo\Desktop\999_cs\Quantum_Inpired_PSO_Classifcation\train\fog_smoke\fog_smoke2254.jpg,fog_smoke
C:\Users\HishamMo\Desktop\999_cs\Quantum_Inpired_PSO_Classifcation\train\fog_smoke\fog_smoke2255.jpg,fog_smoke
C:\Users\HishamMo\Desktop\999_cs\Quantum_Inpired_PSO_Classifcation\train\fog_smoke\fog_smoke2256.jpg,fog_smoke
C:\Users\HishamMo\Desktop\999_cs\Quantum_Inpired_PSO_Classifcation\train\fog_smoke\fog_smoke2257.jpg,fog_smoke
C:\Users\HishamMo\Desktop\999_cs\Quantum_Inpired_PSO_Classifcation\train\fog_smoke\fog_smoke2258.jpg,fog_smoke
C:\Users\HishamMo\Desktop\999_cs\Quantum_Inpired_PSO_Classifcation\train\fog_smoke\fog_smoke2259.jpg,fog_smoke
C:\Users\HishamMo\Desktop\999_cs\Quantum_Inpired_PSO_Classifcation\train\fog_smoke\fog_smoke2260.jpg,fog_smoke
C:\Users\HishamMo\Desktop\999_cs\Quantum_Inpired_PSO_Classifcation\train\fog_smoke\fog_smoke2261.jpg,fog_smoke
C:\Users\HishamMo\Desktop\999_cs\Quantum_Inpired_PSO_Classifcation\train\fog_smoke\fog_smoke2262.jpg,fog_smoke
C:\Users\HishamMo\Desktop\999_cs\Quantum_Inpired_PSO_Classifcation\train\fog_smoke\fog_smoke2263.jpg,fog_smoke
C:\Users\HishamMo\Desktop\999_cs\Quantum_Inpired_PSO_Classifcation\train\fog_smoke\fog_smoke2264.jpg,fog_smoke
C:\Users\HishamMo\Desktop\999_cs\Quantum_Inpired_PSO_Classifcation\train\fog_smoke\fog_smoke2267.jpg,fog_smoke
C:\Users\HishamMo\Desktop\999_cs\Quantum_Inpired_PSO_Classifcation\train\fog_smoke\fog_smoke2268.jpg,fog_smoke
C:\Users\HishamMo\Desktop\999_cs\Quantum_Inpired_PSO_Classifcation\train\fog_smoke\fog_smoke2269.jpg,fog_smoke
C:\Users\HishamMo\Desktop\999_cs\Quantum_Inpired_PSO_Classifcation\train\fog_smoke\fog_smoke2270.jpg,fog_smoke
C:\Users\HishamMo\Desktop\999_cs\Quantum_Inpired_PSO_Classifcation\train\fog_smoke\fog_smoke2271.jpg,fog_smoke
C:\Users\HishamMo\Desktop\999_cs\Quantum_Inpired_PSO_Classifcation\train\fog_smoke\fog_smoke2272.jpg,fog_smoke
C:\Users\HishamMo\Desktop\999_cs\Quantum_Inpired_PSO_Classifcation\train\fog_smoke\fog_smoke2273.jpg,fog_smoke
C:\Users\HishamMo\Desktop\999_cs\Quantum_Inpired_PSO_Classifcation\train\fog_smoke\fog_smoke2274.jpg,fog_smoke
C:\Users\HishamMo\Desktop\999_cs\Quantum_Inpired_PSO_Classifcation\train\fog_smoke\fog_smoke2275.jpg,fog_smoke
C:\Users\HishamMo\Desktop\999_cs\Quantum_Inpired_PSO_Classifcation\train\fog_smoke\fog_smoke2276.jpg,fog_smoke
C:\Users\HishamMo\Desktop\999_cs\Quantum_Inpired_PSO_Classifcation\train\fog_smoke\fog_smoke2277.jpg,fog_smoke
C:\Users\HishamMo\Desktop\999_cs\Quantum_Inpired_PSO_Classifcation\train\fog_smoke\fog_smoke2278.jpg,fog_smoke
C:\Users\HishamMo\Desktop\999_cs\Quantum_Inpired_PSO_Classifcation\train\fog_smoke\fog_smoke2279.jpg,fog_smoke
C:\Users\HishamMo\Desktop\999_cs\Quantum_Inpired_PSO_Classifcation\train\fog_smoke\fog_smoke2280.jpg,fog_smoke
C:\Users\HishamMo\Desktop\999_cs\Quantum_Inpired_PSO_Classifcation\train\fog_smoke\fog_smoke2281.jpg,fog_smoke
C:\Users\HishamMo\Desktop\999_cs\Quantum_Inpired_PSO_Classifcation\train\fog_smoke\fog_smoke2282.jpg,fog_smoke
C:\Users\HishamMo\Desktop\999_cs\Quantum_Inpired_PSO_Classifcation\train\fog_smoke\fog_smoke2283.jpg,fog_smoke
C:\Users\HishamMo\Desktop\999_cs\Quantum_Inpired_PSO_Classifcation\train\fog_smoke\fog_smoke2284.jpg,fog_smoke
C:\Users\HishamMo\Desktop\999_cs\Quantum_Inpired_PSO_Classifcation\train\fog_smoke\fog_smoke2285.jpg,fog_smoke
C:\Users\HishamMo\Desktop\999_cs\Quantum_Inpired_PSO_Classifcation\train\fog_smoke\fog_smoke2286.jpg,fog_smoke
C:\Users\HishamMo\Desktop\999_cs\Quantum_Inpired_PSO_Classifcation\train\fog_smoke\fog_smoke2287.jpg,fog_smoke
C:\Users\HishamMo\Desktop\999_cs\Quantum_Inpired_PSO_Classifcation\train\fog_smoke\fog_smoke2289.jpg,fog_smoke
C:\Users\HishamMo\Desktop\999_cs\Quantum_Inpired_PSO_Classifcation\train\fog_smoke\fog_smoke2290.jpg,fog_smoke
C:\Users\HishamMo\Desktop\999_cs\Quantum_Inpired_PSO_Classifcation\train\fog_smoke\fog_smoke2291.jpg,fog_smoke
C:\Users\HishamMo\Desktop\999_cs\Quantum_Inpired_PSO_Classifcation\train\fog_smoke\fog_smoke2292.jpg,fog_smoke
C:\Users\HishamMo\Desktop\999_cs\Quantum_Inpired_PSO_Classifcation\train\fog_smoke\fog_smoke2293.jpg,fog_smoke
C:\Users\HishamMo\Desktop\999_cs\Quantum_Inpired_PSO_Classifcation\train\fog_smoke\fog_smoke2294.jpg,fog_smoke
C:\Users\HishamMo\Desktop\999_cs\Quantum_Inpired_PSO_Classifcation\train\fog_smoke\fog_smoke2295.jpg,fog_smoke
C:\Users\HishamMo\Desktop\999_cs\Quantum_Inpired_PSO_Classifcation\train\fog_smoke\fog_smoke2296.jpg,fog_smoke
C:\Users\HishamMo\Desktop\999_cs\Quantum_Inpired_PSO_Classifcation\train\fog_smoke\fog_smoke2297.jpg,fog_smoke
C:\Users\HishamMo\Desktop\999_cs\Quantum_Inpired_PSO_Classifcation\train\fog_smoke\fog_smoke2298.jpg,fog_smoke
C:\Users\HishamMo\Desktop\999_cs\Quantum_Inpired_PSO_Classifcation\train\fog_smoke\fog_smoke2299.jpg,fog_smoke
C:\Users\HishamMo\Desktop\999_cs\Quantum_Inpired_PSO_Classifcation\train\fog_smoke\fog_smoke2300.jpg,fog_smoke
C:\Users\HishamMo\Desktop\999_cs\Quantum_Inpired_PSO_Classifcation\train\fog_smoke\fog_smoke2301.jpg,fog_smoke
C:\Users\HishamMo\Desktop\999_cs\Quantum_Inpired_PSO_Classifcation\train\fog_smoke\fog_smoke2302.jpg,fog_smoke
C:\Users\HishamMo\Desktop\999_cs\Quantum_Inpired_PSO_Classifcation\train\fog_smoke\fog_smoke2303.jpg,fog_smoke
C:\Users\HishamMo\Desktop\999_cs\Quantum_Inpired_PSO_Classifcation\train\fog_smoke\fog_smoke2304.jpg,fog_smoke
C:\Users\HishamMo\Desktop\999_cs\Quantum_Inpired_PSO_Classifcation\train\fog_smoke\fog_smoke2305.jpg,fog_smoke
C:\Users\HishamMo\Desktop\999_cs\Quantum_Inpired_PSO_Classifcation\train\fog_smoke\fog_smoke2306.jpg,fog_smoke
C:\Users\HishamMo\Desktop\999_cs\Quantum_Inpired_PSO_Classifcation\train\fog_smoke\fog_smoke2307.jpg,fog_smoke
C:\Users\HishamMo\Desktop\999_cs\Quantum_Inpired_PSO_Classifcation\train\fog_smoke\fog_smoke2308.jpg,fog_smoke
C:\Users\HishamMo\Desktop\999_cs\Quantum_Inpired_PSO_Classifcation\train\fog_smoke\fog_smoke2309.jpg,fog_smoke
C:\Users\HishamMo\Desktop\999_cs\Quantum_Inpired_PSO_Classifcation\train\fog_smoke\fog_smoke2310.jpg,fog_smoke
C:\Users\HishamMo\Desktop\999_cs\Quantum_Inpired_PSO_Classifcation\train\fog_smoke\fog_smoke2311.jpg,fog_smoke
C:\Users\HishamMo\Desktop\999_cs\Quantum_Inpired_PSO_Classifcation\train\fog_smoke\fog_smoke2312.jpg,fog_smoke
C:\Users\HishamMo\Desktop\999_cs\Quantum_Inpired_PSO_Classifcation\train\fog_smoke\fog_smoke2315.jpg,fog_smoke
C:\Users\HishamMo\Desktop\999_cs\Quantum_Inpired_PSO_Classifcation\train\fog_smoke\fog_smoke2316.jpg,fog_smoke
C:\Users\HishamMo\Desktop\999_cs\Quantum_Inpired_PSO_Classifcation\train\fog_smoke\fog_smoke2317.jpg,fog_smoke
C:\Users\HishamMo\Desktop\999_cs\Quantum_Inpired_PSO_Classifcation\train\fog_smoke\fog_smoke2318.jpg,fog_smoke
C:\Users\HishamMo\Desktop\999_cs\Quantum_Inpired_PSO_Classifcation\train\fog_smoke\fog_smoke2319.jpg,fog_smoke
C:\Users\HishamMo\Desktop\999_cs\Quantum_Inpired_PSO_Classifcation\train\fog_smoke\fog_smoke2321.jpg,fog_smoke
C:\Users\HishamMo\Desktop\999_cs\Quantum_Inpired_PSO_Classifcation\train\fog_smoke\fog_smoke2322.jpg,fog_smoke
C:\Users\HishamMo\Desktop\999_cs\Quantum_Inpired_PSO_Classifcation\train\fog_smoke\fog_smoke2324.jpg,fog_smoke
C:\Users\HishamMo\Desktop\999_cs\Quantum_Inpired_PSO_Classifcation\train\fog_smoke\fog_smoke2325.jpg,fog_smoke
C:\Users\HishamMo\Desktop\999_cs\Quantum_Inpired_PSO_Classifcation\train\fog_smoke\fog_smoke2326.jpg,fog_smoke
C:\Users\HishamMo\Desktop\999_cs\Quantum_Inpired_PSO_Classifcation\train\fog_smoke\fog_smoke2327.jpg,fog_smoke
C:\Users\HishamMo\Desktop\999_cs\Quantum_Inpired_PSO_Classifcation\train\fog_smoke\fog_smoke2329.jpg,fog_smoke
C:\Users\HishamMo\Desktop\999_cs\Quantum_Inpired_PSO_Classifcation\train\fog_smoke\fog_smoke2330.jpg,fog_smoke
C:\Users\HishamMo\Desktop\999_cs\Quantum_Inpired_PSO_Classifcation\train\fog_smoke\fog_smoke2331.jpg,fog_smoke
C:\Users\HishamMo\Desktop\999_cs\Quantum_Inpired_PSO_Classifcation\train\fog_smoke\fog_smoke2332.jpg,fog_smoke
C:\Users\HishamMo\Desktop\999_cs\Quantum_Inpired_PSO_Classifcation\train\fog_smoke\fog_smoke2334.jpg,fog_smoke
C:\Users\HishamMo\Desktop\999_cs\Quantum_Inpired_PSO_Classifcation\train\fog_smoke\fog_smoke2336.jpg,fog_smoke
C:\Users\HishamMo\Desktop\999_cs\Quantum_Inpired_PSO_Classifcation\train\fog_smoke\fog_smoke2337.jpg,fog_smoke
C:\Users\HishamMo\Desktop\999_cs\Quantum_Inpired_PSO_Classifcation\train\fog_smoke\fog_smoke2338.jpg,fog_smoke
C:\Users\HishamMo\Desktop\999_cs\Quantum_Inpired_PSO_Classifcation\train\fog_smoke\fog_smoke2339.jpg,fog_smoke
C:\Users\HishamMo\Desktop\999_cs\Quantum_Inpired_PSO_Classifcation\train\fog_smoke\fog_smoke2340.jpg,fog_smoke
C:\Users\HishamMo\Desktop\999_cs\Quantum_Inpired_PSO_Classifcation\train\fog_smoke\fog_smoke2341.jpg,fog_smoke
C:\Users\HishamMo\Desktop\999_cs\Quantum_Inpired_PSO_Classifcation\train\fog_smoke\fog_smoke2342.jpg,fog_smoke
C:\Users\HishamMo\Desktop\999_cs\Quantum_Inpired_PSO_Classifcation\train\fog_smoke\fog_smoke2343.jpg,fog_smoke
C:\Users\HishamMo\Desktop\999_cs\Quantum_Inpired_PSO_Classifcation\train\fog_smoke\fog_smoke2344.jpg,fog_smoke
C:\Users\HishamMo\Desktop\999_cs\Quantum_Inpired_PSO_Classifcation\train\fog_smoke\fog_smoke2345.jpg,fog_smoke
C:\Users\HishamMo\Desktop\999_cs\Quantum_Inpired_PSO_Classifcation\train\fog_smoke\fog_smoke2346.jpg,fog_smoke
C:\Users\HishamMo\Desktop\999_cs\Quantum_Inpired_PSO_Classifcation\train\fog_smoke\fog_smoke2347.jpg,fog_smoke
C:\Users\HishamMo\Desktop\999_cs\Quantum_Inpired_PSO_Classifcation\train\fog_smoke\fog_smoke2348.jpg,fog_smoke
C:\Users\HishamMo\Desktop\999_cs\Quantum_Inpired_PSO_Classifcation\train\fog_smoke\fog_smoke2352.jpg,fog_smoke
C:\Users\HishamMo\Desktop\999_cs\Quantum_Inpired_PSO_Classifcation\train\fog_smoke\fog_smoke2353.jpg,fog_smoke
C:\Users\HishamMo\Desktop\999_cs\Quantum_Inpired_PSO_Classifcation\train\fog_smoke\fog_smoke2354.jpg,fog_smoke
C:\Users\HishamMo\Desktop\999_cs\Quantum_Inpired_PSO_Classifcation\train\fog_smoke\fog_smoke2355.jpg,fog_smoke
C:\Users\HishamMo\Desktop\999_cs\Quantum_Inpired_PSO_Classifcation\train\fog_smoke\fog_smoke2357.jpg,fog_smoke
C:\Users\HishamMo\Desktop\999_cs\Quantum_Inpired_PSO_Classifcation\train\fog_smoke\fog_smoke2358.jpg,fog_smoke
C:\Users\HishamMo\Desktop\999_cs\Quantum_Inpired_PSO_Classifcation\train\fog_smoke\fog_smoke2360.jpg,fog_smoke
C:\Users\HishamMo\Desktop\999_cs\Quantum_Inpired_PSO_Classifcation\train\fog_smoke\fog_smoke2361.jpg,fog_smoke
C:\Users\HishamMo\Desktop\999_cs\Quantum_Inpired_PSO_Classifcation\train\fog_smoke\fog_smoke2362.jpg,fog_smoke
C:\Users\HishamMo\Desktop\999_cs\Quantum_Inpired_PSO_Classifcation\train\fog_smoke\fog_smoke2363.jpg,fog_smoke
C:\Users\HishamMo\Desktop\999_cs\Quantum_Inpired_PSO_Classifcation\train\fog_smoke\fog_smoke2364.jpg,fog_smoke
C:\Users\HishamMo\Desktop\999_cs\Quantum_Inpired_PSO_Classifcation\train\fog_smoke\fog_smoke2366.jpg,fog_smoke
C:\Users\HishamMo\Desktop\999_cs\Quantum_Inpired_PSO_Classifcation\train\fog_smoke\fog_smoke2367.jpg,fog_smoke
C:\Users\HishamMo\Desktop\999_cs\Quantum_Inpired_PSO_Classifcation\train\fog_smoke\fog_smoke2368.jpg,fog_smoke
C:\Users\HishamMo\Desktop\999_cs\Quantum_Inpired_PSO_Classifcation\train\fog_smoke\fog_smoke2369.jpg,fog_smoke
C:\Users\HishamMo\Desktop\999_cs\Quantum_Inpired_PSO_Classifcation\train\fog_smoke\fog_smoke2371.jpg,fog_smoke
C:\Users\HishamMo\Desktop\999_cs\Quantum_Inpired_PSO_Classifcation\train\fog_smoke\fog_smoke2372.jpg,fog_smoke
C:\Users\HishamMo\Desktop\999_cs\Quantum_Inpired_PSO_Classifcation\train\fog_smoke\fog_smoke2373.jpg,fog_smoke
C:\Users\HishamMo\Desktop\999_cs\Quantum_Inpired_PSO_Classifcation\train\fog_smoke\fog_smoke2374.jpg,fog_smoke
C:\Users\HishamMo\Desktop\999_cs\Quantum_Inpired_PSO_Classifcation\train\fog_smoke\fog_smoke2375.jpg,fog_smoke
C:\Users\HishamMo\Desktop\999_cs\Quantum_Inpired_PSO_Classifcation\train\fog_smoke\fog_smoke2376.jpg,fog_smoke
C:\Users\HishamMo\Desktop\999_cs\Quantum_Inpired_PSO_Classifcation\train\fog_smoke\fog_smoke2377.jpg,fog_smoke
C:\Users\HishamMo\Desktop\999_cs\Quantum_Inpired_PSO_Classifcation\train\fog_smoke\fog_smoke2378.jpg,fog_smoke
C:\Users\HishamMo\Desktop\999_cs\Quantum_Inpired_PSO_Classifcation\train\fog_smoke\fog_smoke2379.jpg,fog_smoke
C:\Users\HishamMo\Desktop\999_cs\Quantum_Inpired_PSO_Classifcation\train\fog_smoke\fog_smoke2381.jpg,fog_smoke
C:\Users\HishamMo\Desktop\999_cs\Quantum_Inpired_PSO_Classifcation\train\fog_smoke\fog_smoke2382.jpg,fog_smoke
C:\Users\HishamMo\Desktop\999_cs\Quantum_Inpired_PSO_Classifcation\train\fog_smoke\fog_smoke2383.jpg,fog_smoke
C:\Users\HishamMo\Desktop\999_cs\Quantum_Inpired_PSO_Classifcation\train\fog_smoke\fog_smoke2384.jpg,fog_smoke
C:\Users\HishamMo\Desktop\999_cs\Quantum_Inpired_PSO_Classifcation\train\fog_smoke\fog_smoke2386.jpg,fog_smoke
C:\Users\HishamMo\Desktop\999_cs\Quantum_Inpired_PSO_Classifcation\train\fog_smoke\fog_smoke2388.jpg,fog_smoke
C:\Users\HishamMo\Desktop\999_cs\Quantum_Inpired_PSO_Classifcation\train\fog_smoke\fog_smoke2391.jpg,fog_smoke
C:\Users\HishamMo\Desktop\999_cs\Quantum_Inpired_PSO_Classifcation\train\fog_smoke\fog_smoke2392.jpg,fog_smoke
C:\Users\HishamMo\Desktop\999_cs\Quantum_Inpired_PSO_Classifcation\train\fog_smoke\fog_smoke2393.jpg,fog_smoke
C:\Users\HishamMo\Desktop\999_cs\Quantum_Inpired_PSO_Classifcation\train\fog_smoke\fog_smoke2394.jpg,fog_smoke
C:\Users\HishamMo\Desktop\999_cs\Quantum_Inpired_PSO_Classifcation\train\fog_smoke\fog_smoke2395.jpg,fog_smoke
C:\Users\HishamMo\Desktop\999_cs\Quantum_Inpired_PSO_Classifcation\train\fog_smoke\fog_smoke2396.jpg,fog_smoke
C:\Users\HishamMo\Desktop\999_cs\Quantum_Inpired_PSO_Classifcation\train\fog_smoke\fog_smoke2397.jpg,fog_smoke
C:\Users\HishamMo\Desktop\999_cs\Quantum_Inpired_PSO_Classifcation\train\fog_smoke\fog_smoke2398.jpg,fog_smoke
C:\Users\HishamMo\Desktop\999_cs\Quantum_Inpired_PSO_Classifcation\train\fog_smoke\fog_smoke2399.jpg,fog_smoke
C:\Users\HishamMo\Desktop\999_cs\Quantum_Inpired_PSO_Classifcation\train\fog_smoke\fog_smoke2400.jpg,fog_smoke
C:\Users\HishamMo\Desktop\999_cs\Quantum_Inpired_PSO_Classifcation\train\fog_smoke\fog_smoke2401.jpg,fog_smoke
C:\Users\HishamMo\Desktop\999_cs\Quantum_Inpired_PSO_Classifcation\train\fog_smoke\fog_smoke2402.jpg,fog_smoke
C:\Users\HishamMo\Desktop\999_cs\Quantum_Inpired_PSO_Classifcation\train\fog_smoke\fog_smoke2404.jpg,fog_smoke
C:\Users\HishamMo\Desktop\999_cs\Quantum_Inpired_PSO_Classifcation\train\fog_smoke\fog_smoke2405.jpg,fog_smoke
C:\Users\HishamMo\Desktop\999_cs\Quantum_Inpired_PSO_Classifcation\train\fog_smoke\fog_smoke2406.jpg,fog_smoke
C:\Users\HishamMo\Desktop\999_cs\Quantum_Inpired_PSO_Classifcation\train\fog_smoke\fog_smoke2407.jpg,fog_smoke
C:\Users\HishamMo\Desktop\999_cs\Quantum_Inpired_PSO_Classifcation\train\fog_smoke\fog_smoke2408.jpg,fog_smoke
C:\Users\HishamMo\Desktop\999_cs\Quantum_Inpired_PSO_Classifcation\train\fog_smoke\fog_smoke2410.jpg,fog_smoke
C:\Users\HishamMo\Desktop\999_cs\Quantum_Inpired_PSO_Classifcation\train\fog_smoke\fog_smoke2411.jpg,fog_smoke
C:\Users\HishamMo\Desktop\999_cs\Quantum_Inpired_PSO_Classifcation\train\fog_smoke\fog_smoke2412.jpg,fog_smoke
C:\Users\HishamMo\Desktop\999_cs\Quantum_Inpired_PSO_Classifcation\train\fog_smoke\fog_smoke2413.jpg,fog_smoke
C:\Users\HishamMo\Desktop\999_cs\Quantum_Inpired_PSO_Classifcation\train\fog_smoke\fog_smoke2414.jpg,fog_smoke
C:\Users\HishamMo\Desktop\999_cs\Quantum_Inpired_PSO_Classifcation\train\fog_smoke\fog_smoke2415.jpg,fog_smoke
C:\Users\HishamMo\Desktop\999_cs\Quantum_Inpired_PSO_Classifcation\train\fog_smoke\fog_smoke2416.jpg,fog_smoke
C:\Users\HishamMo\Desktop\999_cs\Quantum_Inpired_PSO_Classifcation\train\fog_smoke\fog_smoke2417.jpg,fog_smoke
C:\Users\HishamMo\Desktop\999_cs\Quantum_Inpired_PSO_Classifcation\train\fog_smoke\fog_smoke2418.jpg,fog_smoke
C:\Users\HishamMo\Desktop\999_cs\Quantum_Inpired_PSO_Classifcation\train\fog_smoke\fog_smoke2419.jpg,fog_smoke
C:\Users\HishamMo\Desktop\999_cs\Quantum_Inpired_PSO_Classifcation\train\fog_smoke\fog_smoke2420.jpg,fog_smoke
C:\Users\HishamMo\Desktop\999_cs\Quantum_Inpired_PSO_Classifcation\train\fog_smoke\fog_smoke2421.jpg,fog_smoke
C:\Users\HishamMo\Desktop\999_cs\Quantum_Inpired_PSO_Classifcation\train\fog_smoke\fog_smoke2422.jpg,fog_smoke
C:\Users\HishamMo\Desktop\999_cs\Quantum_Inpired_PSO_Classifcation\train\fog_smoke\fog_smoke2423.jpg,fog_smoke
C:\Users\HishamMo\Desktop\999_cs\Quantum_Inpired_PSO_Classifcation\train\fog_smoke\fog_smoke2425.jpg,fog_smoke
C:\Users\HishamMo\Desktop\999_cs\Quantum_Inpired_PSO_Classifcation\train\fog_smoke\fog_smoke2427.jpg,fog_smoke
C:\Users\HishamMo\Desktop\999_cs\Quantum_Inpired_PSO_Classifcation\train\fog_smoke\fog_smoke2428.jpg,fog_smoke
C:\Users\HishamMo\Desktop\999_cs\Quantum_Inpired_PSO_Classifcation\train\fog_smoke\fog_smoke2429.jpg,fog_smoke
C:\Users\HishamMo\Desktop\999_cs\Quantum_Inpired_PSO_Classifcation\train\fog_smoke\fog_smoke2431.jpg,fog_smoke
C:\Users\HishamMo\Desktop\999_cs\Quantum_Inpired_PSO_Classifcation\train\fog_smoke\fog_smoke2432.jpg,fog_smoke
C:\Users\HishamMo\Desktop\999_cs\Quantum_Inpired_PSO_Classifcation\train\fog_smoke\fog_smoke2434.jpg,fog_smoke
C:\Users\HishamMo\Desktop\999_cs\Quantum_Inpired_PSO_Classifcation\train\fog_smoke\fog_smoke2435.jpg,fog_smoke
C:\Users\HishamMo\Desktop\999_cs\Quantum_Inpired_PSO_Classifcation\train\fog_smoke\fog_smoke2436.jpg,fog_smoke
C:\Users\HishamMo\Desktop\999_cs\Quantum_Inpired_PSO_Classifcation\train\fog_smoke\fog_smoke2437.jpg,fog_smoke
C:\Users\HishamMo\Desktop\999_cs\Quantum_Inpired_PSO_Classifcation\train\fog_smoke\fog_smoke2438.jpg,fog_smoke
C:\Users\HishamMo\Desktop\999_cs\Quantum_Inpired_PSO_Classifcation\train\fog_smoke\fog_smoke2439.jpg,fog_smoke
C:\Users\HishamMo\Desktop\999_cs\Quantum_Inpired_PSO_Classifcation\train\fog_smoke\fog_smoke2440.jpg,fog_smoke
C:\Users\HishamMo\Desktop\999_cs\Quantum_Inpired_PSO_Classifcation\train\fog_smoke\fog_smoke2441.jpg,fog_smoke
C:\Users\HishamMo\Desktop\999_cs\Quantum_Inpired_PSO_Classifcation\train\fog_smoke\fog_smoke2442.jpg,fog_smoke
C:\Users\HishamMo\Desktop\999_cs\Quantum_Inpired_PSO_Classifcation\train\fog_smoke\fog_smoke2443.jpg,fog_smoke
C:\Users\HishamMo\Desktop\999_cs\Quantum_Inpired_PSO_Classifcation\train\fog_smoke\fog_smoke2444.jpg,fog_smoke
C:\Users\HishamMo\Desktop\999_cs\Quantum_Inpired_PSO_Classifcation\train\fog_smoke\fog_smoke2446.jpg,fog_smoke
C:\Users\HishamMo\Desktop\999_cs\Quantum_Inpired_PSO_Classifcation\train\fog_smoke\fog_smoke2447.jpg,fog_smoke
C:\Users\HishamMo\Desktop\999_cs\Quantum_Inpired_PSO_Classifcation\train\fog_smoke\fog_smoke2448.jpg,fog_smoke
C:\Users\HishamMo\Desktop\999_cs\Quantum_Inpired_PSO_Classifcation\train\fog_smoke\fog_smoke2449.jpg,fog_smoke
C:\Users\HishamMo\Desktop\999_cs\Quantum_Inpired_PSO_Classifcation\train\fog_smoke\fog_smoke2451.jpg,fog_smoke
C:\Users\HishamMo\Desktop\999_cs\Quantum_Inpired_PSO_Classifcation\train\fog_smoke\fog_smoke2453.jpg,fog_smoke
C:\Users\HishamMo\Desktop\999_cs\Quantum_Inpired_PSO_Classifcation\train\fog_smoke\fog_smoke2454.jpg,fog_smoke
C:\Users\HishamMo\Desktop\999_cs\Quantum_Inpired_PSO_Classifcation\train\fog_smoke\fog_smoke2455.jpg,fog_smoke
C:\Users\HishamMo\Desktop\999_cs\Quantum_Inpired_PSO_Classifcation\train\fog_smoke\fog_smoke2456.jpg,fog_smoke
C:\Users\HishamMo\Desktop\999_cs\Quantum_Inpired_PSO_Classifcation\train\fog_smoke\fog_smoke2457.jpg,fog_smoke
C:\Users\HishamMo\Desktop\999_cs\Quantum_Inpired_PSO_Classifcation\train\fog_smoke\fog_smoke2458.jpg,fog_smoke
C:\Users\HishamMo\Desktop\999_cs\Quantum_Inpired_PSO_Classifcation\train\fog_smoke\fog_smoke2459.jpg,fog_smoke
C:\Users\HishamMo\Desktop\999_cs\Quantum_Inpired_PSO_Classifcation\train\fog_smoke\fog_smoke2460.jpg,fog_smoke
C:\Users\HishamMo\Desktop\999_cs\Quantum_Inpired_PSO_Classifcation\train\fog_smoke\fog_smoke2461.jpg,fog_smoke
C:\Users\HishamMo\Desktop\999_cs\Quantum_Inpired_PSO_Classifcation\train\fog_smoke\fog_smoke2462.jpg,fog_smoke
C:\Users\HishamMo\Desktop\999_cs\Quantum_Inpired_PSO_Classifcation\train\fog_smoke\fog_smoke2463.jpg,fog_smoke
C:\Users\HishamMo\Desktop\999_cs\Quantum_Inpired_PSO_Classifcation\train\fog_smoke\fog_smoke2464.jpg,fog_smoke
C:\Users\HishamMo\Desktop\999_cs\Quantum_Inpired_PSO_Classifcation\train\fog_smoke\fog_smoke2465.jpg,fog_smoke
C:\Users\HishamMo\Desktop\999_cs\Quantum_Inpired_PSO_Classifcation\train\fog_smoke\fog_smoke2466.jpg,fog_smoke
C:\Users\HishamMo\Desktop\999_cs\Quantum_Inpired_PSO_Classifcation\train\fog_smoke\fog_smoke2467.jpg,fog_smoke
C:\Users\HishamMo\Desktop\999_cs\Quantum_Inpired_PSO_Classifcation\train\fog_smoke\fog_smoke2468.jpg,fog_smoke
C:\Users\HishamMo\Desktop\999_cs\Quantum_Inpired_PSO_Classifcation\train\fog_smoke\fog_smoke2469.jpg,fog_smoke
C:\Users\HishamMo\Desktop\999_cs\Quantum_Inpired_PSO_Classifcation\train\fog_smoke\fog_smoke2470.jpg,fog_smoke
C:\Users\HishamMo\Desktop\999_cs\Quantum_Inpired_PSO_Classifcation\train\fog_smoke\fog_smoke2471.jpg,fog_smoke
C:\Users\HishamMo\Desktop\999_cs\Quantum_Inpired_PSO_Classifcation\train\fog_smoke\fog_smoke2472.jpg,fog_smoke
C:\Users\HishamMo\Desktop\999_cs\Quantum_Inpired_PSO_Classifcation\train\fog_smoke\fog_smoke2474.jpg,fog_smoke
C:\Users\HishamMo\Desktop\999_cs\Quantum_Inpired_PSO_Classifcation\train\fog_smoke\fog_smoke2475.jpg,fog_smoke
C:\Users\HishamMo\Desktop\999_cs\Quantum_Inpired_PSO_Classifcation\train\fog_smoke\fog_smoke2476.jpg,fog_smoke
C:\Users\HishamMo\Desktop\999_cs\Quantum_Inpired_PSO_Classifcation\train\fog_smoke\fog_smoke2481.jpg,fog_smoke
C:\Users\HishamMo\Desktop\999_cs\Quantum_Inpired_PSO_Classifcation\train\fog_smoke\fog_smoke2482.jpg,fog_smoke
C:\Users\HishamMo\Desktop\999_cs\Quantum_Inpired_PSO_Classifcation\train\fog_smoke\fog_smoke2483.jpg,fog_smoke
C:\Users\HishamMo\Desktop\999_cs\Quantum_Inpired_PSO_Classifcation\train\fog_smoke\fog_smoke2484.jpg,fog_smoke
C:\Users\HishamMo\Desktop\999_cs\Quantum_Inpired_PSO_Classifcation\train\fog_smoke\fog_smoke2485.jpg,fog_smoke
C:\Users\HishamMo\Desktop\999_cs\Quantum_Inpired_PSO_Classifcation\train\fog_smoke\fog_smoke2486.jpg,fog_smoke
C:\Users\HishamMo\Desktop\999_cs\Quantum_Inpired_PSO_Classifcation\train\fog_smoke\fog_smoke2487.jpg,fog_smoke
C:\Users\HishamMo\Desktop\999_cs\Quantum_Inpired_PSO_Classifcation\train\fog_smoke\fog_smoke2489.jpg,fog_smoke
C:\Users\HishamMo\Desktop\999_cs\Quantum_Inpired_PSO_Classifcation\train\fog_smoke\fog_smoke2490.jpg,fog_smoke
C:\Users\HishamMo\Desktop\999_cs\Quantum_Inpired_PSO_Classifcation\train\fog_smoke\fog_smoke2493.jpg,fog_smoke
C:\Users\HishamMo\Desktop\999_cs\Quantum_Inpired_PSO_Classifcation\train\fog_smoke\fog_smoke2494.jpg,fog_smoke
C:\Users\HishamMo\Desktop\999_cs\Quantum_Inpired_PSO_Classifcation\train\fog_smoke\fog_smoke2495.jpg,fog_smoke
C:\Users\HishamMo\Desktop\999_cs\Quantum_Inpired_PSO_Classifcation\train\fog_smoke\fog_smoke2496.jpg,fog_smoke
C:\Users\HishamMo\Desktop\999_cs\Quantum_Inpired_PSO_Classifcation\train\fog_smoke\fog_smoke2497.jpg,fog_smoke
C:\Users\HishamMo\Desktop\999_cs\Quantum_Inpired_PSO_Classifcation\train\fog_smoke\fog_smoke2498.jpg,fog_smoke
C:\Users\HishamMo\Desktop\999_cs\Quantum_Inpired_PSO_Classifcation\train\fog_smoke\fog_smoke2500.jpg,fog_smoke
C:\Users\HishamMo\Desktop\999_cs\Quantum_Inpired_PSO_Classifcation\train\fog_smoke\fog_smoke2501.jpg,fog_smoke
C:\Users\HishamMo\Desktop\999_cs\Quantum_Inpired_PSO_Classifcation\train\fog_smoke\fog_smoke2502.jpg,fog_smoke
C:\Users\HishamMo\Desktop\999_cs\Quantum_Inpired_PSO_Classifcation\train\fog_smoke\fog_smoke2504.jpg,fog_smoke
C:\Users\HishamMo\Desktop\999_cs\Quantum_Inpired_PSO_Classifcation\train\fog_smoke\fog_smoke2505.jpg,fog_smoke
C:\Users\HishamMo\Desktop\999_cs\Quantum_Inpired_PSO_Classifcation\train\fog_smoke\fog_smoke2506.jpg,fog_smoke
C:\Users\HishamMo\Desktop\999_cs\Quantum_Inpired_PSO_Classifcation\train\fog_smoke\fog_smoke2507.jpg,fog_smoke
C:\Users\HishamMo\Desktop\999_cs\Quantum_Inpired_PSO_Classifcation\train\fog_smoke\fog_smoke2509.jpg,fog_smoke
C:\Users\HishamMo\Desktop\999_cs\Quantum_Inpired_PSO_Classifcation\train\fog_smoke\fog_smoke2510.jpg,fog_smoke
C:\Users\HishamMo\Desktop\999_cs\Quantum_Inpired_PSO_Classifcation\train\fog_smoke\fog_smoke2511.jpg,fog_smoke
C:\Users\HishamMo\Desktop\999_cs\Quantum_Inpired_PSO_Classifcation\train\fog_smoke\fog_smoke2512.jpg,fog_smoke
C:\Users\HishamMo\Desktop\999_cs\Quantum_Inpired_PSO_Classifcation\train\fog_smoke\fog_smoke2514.jpg,fog_smoke
C:\Users\HishamMo\Desktop\999_cs\Quantum_Inpired_PSO_Classifcation\train\fog_smoke\fog_smoke2515.jpg,fog_smoke
C:\Users\HishamMo\Desktop\999_cs\Quantum_Inpired_PSO_Classifcation\train\fog_smoke\fog_smoke2516.jpg,fog_smoke
C:\Users\HishamMo\Desktop\999_cs\Quantum_Inpired_PSO_Classifcation\train\fog_smoke\fog_smoke2517.jpg,fog_smoke
C:\Users\HishamMo\Desktop\999_cs\Quantum_Inpired_PSO_Classifcation\train\fog_smoke\fog_smoke2518.jpg,fog_smoke
C:\Users\HishamMo\Desktop\999_cs\Quantum_Inpired_PSO_Classifcation\train\fog_smoke\fog_smoke2519.jpg,fog_smoke
C:\Users\HishamMo\Desktop\999_cs\Quantum_Inpired_PSO_Classifcation\train\fog_smoke\fog_smoke2520.jpg,fog_smoke
C:\Users\HishamMo\Desktop\999_cs\Quantum_Inpired_PSO_Classifcation\train\fog_smoke\fog_smoke2521.jpg,fog_smoke
C:\Users\HishamMo\Desktop\999_cs\Quantum_Inpired_PSO_Classifcation\train\fog_smoke\fog_smoke2522.jpg,fog_smoke
C:\Users\HishamMo\Desktop\999_cs\Quantum_Inpired_PSO_Classifcation\train\fog_smoke\fog_smoke2523.jpg,fog_smoke
C:\Users\HishamMo\Desktop\999_cs\Quantum_Inpired_PSO_Classifcation\train\fog_smoke\fog_smoke2525.jpg,fog_smoke
C:\Users\HishamMo\Desktop\999_cs\Quantum_Inpired_PSO_Classifcation\train\fog_smoke\fog_smoke2527.jpg,fog_smoke
C:\Users\HishamMo\Desktop\999_cs\Quantum_Inpired_PSO_Classifcation\train\fog_smoke\fog_smoke2528.jpg,fog_smoke
C:\Users\HishamMo\Desktop\999_cs\Quantum_Inpired_PSO_Classifcation\train\fog_smoke\fog_smoke2529.jpg,fog_smoke
C:\Users\HishamMo\Desktop\999_cs\Quantum_Inpired_PSO_Classifcation\train\fog_smoke\fog_smoke2530.jpg,fog_smoke
C:\Users\HishamMo\Desktop\999_cs\Quantum_Inpired_PSO_Classifcation\train\fog_smoke\fog_smoke2531.jpg,fog_smoke
C:\Users\HishamMo\Desktop\999_cs\Quantum_Inpired_PSO_Classifcation\train\fog_smoke\fog_smoke2533.jpg,fog_smoke
C:\Users\HishamMo\Desktop\999_cs\Quantum_Inpired_PSO_Classifcation\train\fog_smoke\fog_smoke2534.jpg,fog_smoke
C:\Users\HishamMo\Desktop\999_cs\Quantum_Inpired_PSO_Classifcation\train\fog_smoke\fog_smoke2535.jpg,fog_smoke
C:\Users\HishamMo\Desktop\999_cs\Quantum_Inpired_PSO_Classifcation\train\fog_smoke\fog_smoke2536.jpg,fog_smoke
C:\Users\HishamMo\Desktop\999_cs\Quantum_Inpired_PSO_Classifcation\train\fog_smoke\fog_smoke2537.jpg,fog_smoke
C:\Users\HishamMo\Desktop\999_cs\Quantum_Inpired_PSO_Classifcation\train\fog_smoke\fog_smoke2538.jpg,fog_smoke
C:\Users\HishamMo\Desktop\999_cs\Quantum_Inpired_PSO_Classifcation\train\fog_smoke\fog_smoke2539.jpg,fog_smoke
C:\Users\HishamMo\Desktop\999_cs\Quantum_Inpired_PSO_Classifcation\train\fog_smoke\fog_smoke2541.jpg,fog_smoke
C:\Users\HishamMo\Desktop\999_cs\Quantum_Inpired_PSO_Classifcation\train\fog_smoke\fog_smoke2543.jpg,fog_smoke
C:\Users\HishamMo\Desktop\999_cs\Quantum_Inpired_PSO_Classifcation\train\fog_smoke\fog_smoke2544.jpg,fog_smoke
C:\Users\HishamMo\Desktop\999_cs\Quantum_Inpired_PSO_Classifcation\train\fog_smoke\fog_smoke2546.jpg,fog_smoke
C:\Users\HishamMo\Desktop\999_cs\Quantum_Inpired_PSO_Classifcation\train\fog_smoke\fog_smoke2548.jpg,fog_smoke
C:\Users\HishamMo\Desktop\999_cs\Quantum_Inpired_PSO_Classifcation\train\fog_smoke\fog_smoke2549.jpg,fog_smoke
C:\Users\HishamMo\Desktop\999_cs\Quantum_Inpired_PSO_Classifcation\train\fog_smoke\fog_smoke2550.jpg,fog_smoke
C:\Users\HishamMo\Desktop\999_cs\Quantum_Inpired_PSO_Classifcation\train\fog_smoke\fog_smoke2552.jpg,fog_smoke
C:\Users\HishamMo\Desktop\999_cs\Quantum_Inpired_PSO_Classifcation\train\fog_smoke\fog_smoke2553.jpg,fog_smoke
C:\Users\HishamMo\Desktop\999_cs\Quantum_Inpired_PSO_Classifcation\train\fog_smoke\fog_smoke2554.jpg,fog_smoke
C:\Users\HishamMo\Desktop\999_cs\Quantum_Inpired_PSO_Classifcation\train\fog_smoke\fog_smoke2555.jpg,fog_smoke
C:\Users\HishamMo\Desktop\999_cs\Quantum_Inpired_PSO_Classifcation\train\fog_smoke\fog_smoke2556.jpg,fog_smoke
C:\Users\HishamMo\Desktop\999_cs\Quantum_Inpired_PSO_Classifcation\train\fog_smoke\fog_smoke2558.jpg,fog_smoke
C:\Users\HishamMo\Desktop\999_cs\Quantum_Inpired_PSO_Classifcation\train\fog_smoke\fog_smoke2559.jpg,fog_smoke
C:\Users\HishamMo\Desktop\999_cs\Quantum_Inpired_PSO_Classifcation\train\fog_smoke\fog_smoke2560.jpg,fog_smoke
C:\Users\HishamMo\Desktop\999_cs\Quantum_Inpired_PSO_Classifcation\train\fog_smoke\fog_smoke2561.jpg,fog_smoke
C:\Users\HishamMo\Desktop\999_cs\Quantum_Inpired_PSO_Classifcation\train\fog_smoke\fog_smoke2562.jpg,fog_smoke
C:\Users\HishamMo\Desktop\999_cs\Quantum_Inpired_PSO_Classifcation\train\fog_smoke\fog_smoke2563.jpg,fog_smoke
C:\Users\HishamMo\Desktop\999_cs\Quantum_Inpired_PSO_Classifcation\train\fog_smoke\fog_smoke2564.jpg,fog_smoke
C:\Users\HishamMo\Desktop\999_cs\Quantum_Inpired_PSO_Classifcation\train\fog_smoke\fog_smoke2565.jpg,fog_smoke
C:\Users\HishamMo\Desktop\999_cs\Quantum_Inpired_PSO_Classifcation\train\fog_smoke\fog_smoke2566.jpg,fog_smoke
C:\Users\HishamMo\Desktop\999_cs\Quantum_Inpired_PSO_Classifcation\train\fog_smoke\fog_smoke2568.jpg,fog_smoke
C:\Users\HishamMo\Desktop\999_cs\Quantum_Inpired_PSO_Classifcation\train\fog_smoke\fog_smoke2569.jpg,fog_smoke
C:\Users\HishamMo\Desktop\999_cs\Quantum_Inpired_PSO_Classifcation\train\fog_smoke\fog_smoke2570.jpg,fog_smoke
C:\Users\HishamMo\Desktop\999_cs\Quantum_Inpired_PSO_Classifcation\train\fog_smoke\fog_smoke2571.jpg,fog_smoke
C:\Users\HishamMo\Desktop\999_cs\Quantum_Inpired_PSO_Classifcation\train\fog_smoke\fog_smoke2572.jpg,fog_smoke
C:\Users\HishamMo\Desktop\999_cs\Quantum_Inpired_PSO_Classifcation\train\fog_smoke\fog_smoke2573.jpg,fog_smoke
C:\Users\HishamMo\Desktop\999_cs\Quantum_Inpired_PSO_Classifcation\train\fog_smoke\fog_smoke2574.jpg,fog_smoke
C:\Users\HishamMo\Desktop\999_cs\Quantum_Inpired_PSO_Classifcation\train\fog_smoke\fog_smoke2575.jpg,fog_smoke
C:\Users\HishamMo\Desktop\999_cs\Quantum_Inpired_PSO_Classifcation\train\fog_smoke\fog_smoke2576.jpg,fog_smoke
C:\Users\HishamMo\Desktop\999_cs\Quantum_Inpired_PSO_Classifcation\train\fog_smoke\fog_smoke2577.jpg,fog_smoke
C:\Users\HishamMo\Desktop\999_cs\Quantum_Inpired_PSO_Classifcation\train\fog_smoke\fog_smoke2578.jpg,fog_smoke
C:\Users\HishamMo\Desktop\999_cs\Quantum_Inpired_PSO_Classifcation\train\fog_smoke\fog_smoke2579.jpg,fog_smoke
C:\Users\HishamMo\Desktop\999_cs\Quantum_Inpired_PSO_Classifcation\train\fog_smoke\fog_smoke2580.jpg,fog_smoke
C:\Users\HishamMo\Desktop\999_cs\Quantum_Inpired_PSO_Classifcation\train\fog_smoke\fog_smoke2581.jpg,fog_smoke
C:\Users\HishamMo\Desktop\999_cs\Quantum_Inpired_PSO_Classifcation\train\fog_smoke\fog_smoke2583.jpg,fog_smoke
C:\Users\HishamMo\Desktop\999_cs\Quantum_Inpired_PSO_Classifcation\train\fog_smoke\fog_smoke2585.jpg,fog_smoke
C:\Users\HishamMo\Desktop\999_cs\Quantum_Inpired_PSO_Classifcation\train\fog_smoke\fog_smoke2586.jpg,fog_smoke
C:\Users\HishamMo\Desktop\999_cs\Quantum_Inpired_PSO_Classifcation\train\fog_smoke\fog_smoke2587.jpg,fog_smoke
C:\Users\HishamMo\Desktop\999_cs\Quantum_Inpired_PSO_Classifcation\train\fog_smoke\fog_smoke2588.jpg,fog_smoke
C:\Users\HishamMo\Desktop\999_cs\Quantum_Inpired_PSO_Classifcation\train\fog_smoke\fog_smoke2590.jpg,fog_smoke
C:\Users\HishamMo\Desktop\999_cs\Quantum_Inpired_PSO_Classifcation\train\fog_smoke\fog_smoke2591.jpg,fog_smoke
C:\Users\HishamMo\Desktop\999_cs\Quantum_Inpired_PSO_Classifcation\train\fog_smoke\fog_smoke2592.jpg,fog_smoke
C:\Users\HishamMo\Desktop\999_cs\Quantum_Inpired_PSO_Classifcation\train\fog_smoke\fog_smoke2593.jpg,fog_smoke
C:\Users\HishamMo\Desktop\999_cs\Quantum_Inpired_PSO_Classifcation\train\fog_smoke\fog_smoke2594.jpg,fog_smoke
C:\Users\HishamMo\Desktop\999_cs\Quantum_Inpired_PSO_Classifcation\train\fog_smoke\fog_smoke2595.jpg,fog_smoke
C:\Users\HishamMo\Desktop\999_cs\Quantum_Inpired_PSO_Classifcation\train\fog_smoke\fog_smoke2596.jpg,fog_smoke
C:\Users\HishamMo\Desktop\999_cs\Quantum_Inpired_PSO_Classifcation\train\fog_smoke\fog_smoke2598.jpg,fog_smoke
C:\Users\HishamMo\Desktop\999_cs\Quantum_Inpired_PSO_Classifcation\train\fog_smoke\fog_smoke2599.jpg,fog_smoke
C:\Users\HishamMo\Desktop\999_cs\Quantum_Inpired_PSO_Classifcation\train\fog_smoke\fog_smoke2600.jpg,fog_smoke
C:\Users\HishamMo\Desktop\999_cs\Quantum_Inpired_PSO_Classifcation\train\fog_smoke\fog_smoke2601.jpg,fog_smoke
C:\Users\HishamMo\Desktop\999_cs\Quantum_Inpired_PSO_Classifcation\train\fog_smoke\fog_smoke2602.jpg,fog_smoke
C:\Users\HishamMo\Desktop\999_cs\Quantum_Inpired_PSO_Classifcation\train\fog_smoke\fog_smoke2603.jpg,fog_smoke
C:\Users\HishamMo\Desktop\999_cs\Quantum_Inpired_PSO_Classifcation\train\fog_smoke\fog_smoke2604.jpg,fog_smoke
C:\Users\HishamMo\Desktop\999_cs\Quantum_Inpired_PSO_Classifcation\train\fog_smoke\fog_smoke2605.jpg,fog_smoke
C:\Users\HishamMo\Desktop\999_cs\Quantum_Inpired_PSO_Classifcation\train\fog_smoke\fog_smoke2606.jpg,fog_smoke
C:\Users\HishamMo\Desktop\999_cs\Quantum_Inpired_PSO_Classifcation\train\fog_smoke\fog_smoke2607.jpg,fog_smoke
C:\Users\HishamMo\Desktop\999_cs\Quantum_Inpired_PSO_Classifcation\train\fog_smoke\fog_smoke2608.jpg,fog_smoke
C:\Users\HishamMo\Desktop\999_cs\Quantum_Inpired_PSO_Classifcation\train\fog_smoke\fog_smoke2610.jpg,fog_smoke
C:\Users\HishamMo\Desktop\999_cs\Quantum_Inpired_PSO_Classifcation\train\fog_smoke\fog_smoke2611.jpg,fog_smoke
C:\Users\HishamMo\Desktop\999_cs\Quantum_Inpired_PSO_Classifcation\train\fog_smoke\fog_smoke2612.jpg,fog_smoke
C:\Users\HishamMo\Desktop\999_cs\Quantum_Inpired_PSO_Classifcation\train\fog_smoke\fog_smoke2613.jpg,fog_smoke
C:\Users\HishamMo\Desktop\999_cs\Quantum_Inpired_PSO_Classifcation\train\fog_smoke\fog_smoke2614.jpg,fog_smoke
C:\Users\HishamMo\Desktop\999_cs\Quantum_Inpired_PSO_Classifcation\train\fog_smoke\fog_smoke2615.jpg,fog_smoke
C:\Users\HishamMo\Desktop\999_cs\Quantum_Inpired_PSO_Classifcation\train\fog_smoke\fog_smoke2616.jpg,fog_smoke
C:\Users\HishamMo\Desktop\999_cs\Quantum_Inpired_PSO_Classifcation\train\fog_smoke\fog_smoke2617.jpg,fog_smoke
C:\Users\HishamMo\Desktop\999_cs\Quantum_Inpired_PSO_Classifcation\train\fog_smoke\fog_smoke2618.jpg,fog_smoke
C:\Users\HishamMo\Desktop\999_cs\Quantum_Inpired_PSO_Classifcation\train\fog_smoke\fog_smoke2620.jpg,fog_smoke
C:\Users\HishamMo\Desktop\999_cs\Quantum_Inpired_PSO_Classifcation\train\fog_smoke\fog_smoke2621.jpg,fog_smoke
C:\Users\HishamMo\Desktop\999_cs\Quantum_Inpired_PSO_Classifcation\train\fog_smoke\fog_smoke2622.jpg,fog_smoke
C:\Users\HishamMo\Desktop\999_cs\Quantum_Inpired_PSO_Classifcation\train\fog_smoke\fog_smoke2623.jpg,fog_smoke
C:\Users\HishamMo\Desktop\999_cs\Quantum_Inpired_PSO_Classifcation\train\fog_smoke\fog_smoke2625.jpg,fog_smoke
C:\Users\HishamMo\Desktop\999_cs\Quantum_Inpired_PSO_Classifcation\train\fog_smoke\fog_smoke2627.jpg,fog_smoke
C:\Users\HishamMo\Desktop\999_cs\Quantum_Inpired_PSO_Classifcation\train\fog_smoke\fog_smoke2628.jpg,fog_smoke
C:\Users\HishamMo\Desktop\999_cs\Quantum_Inpired_PSO_Classifcation\train\fog_smoke\fog_smoke2629.jpg,fog_smoke
C:\Users\HishamMo\Desktop\999_cs\Quantum_Inpired_PSO_Classifcation\train\fog_smoke\fog_smoke2630.jpg,fog_smoke
C:\Users\HishamMo\Desktop\999_cs\Quantum_Inpired_PSO_Classifcation\train\fog_smoke\fog_smoke2631.jpg,fog_smoke
C:\Users\HishamMo\Desktop\999_cs\Quantum_Inpired_PSO_Classifcation\train\fog_smoke\fog_smoke2633.jpg,fog_smoke
C:\Users\HishamMo\Desktop\999_cs\Quantum_Inpired_PSO_Classifcation\train\fog_smoke\fog_smoke2634.jpg,fog_smoke
C:\Users\HishamMo\Desktop\999_cs\Quantum_Inpired_PSO_Classifcation\train\fog_smoke\fog_smoke2635.jpg,fog_smoke
C:\Users\HishamMo\Desktop\999_cs\Quantum_Inpired_PSO_Classifcation\train\fog_smoke\fog_smoke2636.jpg,fog_smoke
C:\Users\HishamMo\Desktop\999_cs\Quantum_Inpired_PSO_Classifcation\train\fog_smoke\fog_smoke2640.jpg,fog_smoke
C:\Users\HishamMo\Desktop\999_cs\Quantum_Inpired_PSO_Classifcation\train\fog_smoke\fog_smoke2642.jpg,fog_smoke
C:\Users\HishamMo\Desktop\999_cs\Quantum_Inpired_PSO_Classifcation\train\fog_smoke\fog_smoke2643.jpg,fog_smoke
C:\Users\HishamMo\Desktop\999_cs\Quantum_Inpired_PSO_Classifcation\train\fog_smoke\fog_smoke2644.jpg,fog_smoke
C:\Users\HishamMo\Desktop\999_cs\Quantum_Inpired_PSO_Classifcation\train\fog_smoke\fog_smoke2645.jpg,fog_smoke
C:\Users\HishamMo\Desktop\999_cs\Quantum_Inpired_PSO_Classifcation\train\fog_smoke\fog_smoke2646.jpg,fog_smoke
C:\Users\HishamMo\Desktop\999_cs\Quantum_Inpired_PSO_Classifcation\train\fog_smoke\fog_smoke2648.jpg,fog_smoke
C:\Users\HishamMo\Desktop\999_cs\Quantum_Inpired_PSO_Classifcation\train\fog_smoke\fog_smoke2649.jpg,fog_smoke
C:\Users\HishamMo\Desktop\999_cs\Quantum_Inpired_PSO_Classifcation\train\fog_smoke\fog_smoke2650.jpg,fog_smoke
C:\Users\HishamMo\Desktop\999_cs\Quantum_Inpired_PSO_Classifcation\train\fog_smoke\fog_smoke2651.jpg,fog_smoke
C:\Users\HishamMo\Desktop\999_cs\Quantum_Inpired_PSO_Classifcation\train\fog_smoke\fog_smoke2652.jpg,fog_smoke
C:\Users\HishamMo\Desktop\999_cs\Quantum_Inpired_PSO_Classifcation\train\fog_smoke\fog_smoke2653.jpg,fog_smoke
C:\Users\HishamMo\Desktop\999_cs\Quantum_Inpired_PSO_Classifcation\train\fog_smoke\fog_smoke2654.jpg,fog_smoke
C:\Users\HishamMo\Desktop\999_cs\Quantum_Inpired_PSO_Classifcation\train\fog_smoke\fog_smoke2655.jpg,fog_smoke
C:\Users\HishamMo\Desktop\999_cs\Quantum_Inpired_PSO_Classifcation\train\fog_smoke\fog_smoke2656.jpg,fog_smoke
C:\Users\HishamMo\Desktop\999_cs\Quantum_Inpired_PSO_Classifcation\train\fog_smoke\fog_smoke2657.jpg,fog_smoke
C:\Users\HishamMo\Desktop\999_cs\Quantum_Inpired_PSO_Classifcation\train\fog_smoke\fog_smoke2658.jpg,fog_smoke
C:\Users\HishamMo\Desktop\999_cs\Quantum_Inpired_PSO_Classifcation\train\fog_smoke\fog_smoke2663.jpg,fog_smoke
C:\Users\HishamMo\Desktop\999_cs\Quantum_Inpired_PSO_Classifcation\train\fog_smoke\fog_smoke2664.jpg,fog_smoke
C:\Users\HishamMo\Desktop\999_cs\Quantum_Inpired_PSO_Classifcation\train\fog_smoke\fog_smoke2665.jpg,fog_smoke
C:\Users\HishamMo\Desktop\999_cs\Quantum_Inpired_PSO_Classifcation\train\fog_smoke\fog_smoke2666.jpg,fog_smoke
C:\Users\HishamMo\Desktop\999_cs\Quantum_Inpired_PSO_Classifcation\train\fog_smoke\fog_smoke2670.jpg,fog_smoke
C:\Users\HishamMo\Desktop\999_cs\Quantum_Inpired_PSO_Classifcation\train\fog_smoke\fog_smoke2671.jpg,fog_smoke
C:\Users\HishamMo\Desktop\999_cs\Quantum_Inpired_PSO_Classifcation\train\fog_smoke\fog_smoke2672.jpg,fog_smoke
C:\Users\HishamMo\Desktop\999_cs\Quantum_Inpired_PSO_Classifcation\train\fog_smoke\fog_smoke2673.jpg,fog_smoke
C:\Users\HishamMo\Desktop\999_cs\Quantum_Inpired_PSO_Classifcation\train\fog_smoke\fog_smoke2674.jpg,fog_smoke
C:\Users\HishamMo\Desktop\999_cs\Quantum_Inpired_PSO_Classifcation\train\fog_smoke\fog_smoke2675.jpg,fog_smoke
C:\Users\HishamMo\Desktop\999_cs\Quantum_Inpired_PSO_Classifcation\train\fog_smoke\fog_smoke2676.jpg,fog_smoke
C:\Users\HishamMo\Desktop\999_cs\Quantum_Inpired_PSO_Classifcation\train\fog_smoke\fog_smoke2677.jpg,fog_smoke
C:\Users\HishamMo\Desktop\999_cs\Quantum_Inpired_PSO_Classifcation\train\fog_smoke\fog_smoke2678.jpg,fog_smoke
C:\Users\HishamMo\Desktop\999_cs\Quantum_Inpired_PSO_Classifcation\train\fog_smoke\fog_smoke2679.jpg,fog_smoke
C:\Users\HishamMo\Desktop\999_cs\Quantum_Inpired_PSO_Classifcation\train\fog_smoke\fog_smoke2680.jpg,fog_smoke
C:\Users\HishamMo\Desktop\999_cs\Quantum_Inpired_PSO_Classifcation\train\fog_smoke\fog_smoke2682.jpg,fog_smoke
C:\Users\HishamMo\Desktop\999_cs\Quantum_Inpired_PSO_Classifcation\train\fog_smoke\fog_smoke2683.jpg,fog_smoke
C:\Users\HishamMo\Desktop\999_cs\Quantum_Inpired_PSO_Classifcation\train\fog_smoke\fog_smoke2684.jpg,fog_smoke
C:\Users\HishamMo\Desktop\999_cs\Quantum_Inpired_PSO_Classifcation\train\fog_smoke\fog_smoke2685.jpg,fog_smoke
C:\Users\HishamMo\Desktop\999_cs\Quantum_Inpired_PSO_Classifcation\train\fog_smoke\fog_smoke2686.jpg,fog_smoke
C:\Users\HishamMo\Desktop\999_cs\Quantum_Inpired_PSO_Classifcation\train\fog_smoke\fog_smoke2687.jpg,fog_smoke
C:\Users\HishamMo\Desktop\999_cs\Quantum_Inpired_PSO_Classifcation\train\fog_smoke\fog_smoke2688.jpg,fog_smoke
C:\Users\HishamMo\Desktop\999_cs\Quantum_Inpired_PSO_Classifcation\train\fog_smoke\fog_smoke2689.jpg,fog_smoke
C:\Users\HishamMo\Desktop\999_cs\Quantum_Inpired_PSO_Classifcation\train\fog_smoke\fog_smoke2690.jpg,fog_smoke
C:\Users\HishamMo\Desktop\999_cs\Quantum_Inpired_PSO_Classifcation\train\fog_smoke\fog_smoke2691.jpg,fog_smoke
C:\Users\HishamMo\Desktop\999_cs\Quantum_Inpired_PSO_Classifcation\train\fog_smoke\fog_smoke2692.jpg,fog_smoke
C:\Users\HishamMo\Desktop\999_cs\Quantum_Inpired_PSO_Classifcation\train\fog_smoke\fog_smoke2693.jpg,fog_smoke
C:\Users\HishamMo\Desktop\999_cs\Quantum_Inpired_PSO_Classifcation\train\fog_smoke\fog_smoke2694.jpg,fog_smoke
C:\Users\HishamMo\Desktop\999_cs\Quantum_Inpired_PSO_Classifcation\train\fog_smoke\fog_smoke2696.jpg,fog_smoke
C:\Users\HishamMo\Desktop\999_cs\Quantum_Inpired_PSO_Classifcation\train\fog_smoke\fog_smoke2697.jpg,fog_smoke
C:\Users\HishamMo\Desktop\999_cs\Quantum_Inpired_PSO_Classifcation\train\fog_smoke\fog_smoke2698.jpg,fog_smoke
C:\Users\HishamMo\Desktop\999_cs\Quantum_Inpired_PSO_Classifcation\train\fog_smoke\fog_smoke2699.jpg,fog_smoke
C:\Users\HishamMo\Desktop\999_cs\Quantum_Inpired_PSO_Classifcation\train\fog_smoke\fog_smoke2700.jpg,fog_smoke
C:\Users\HishamMo\Desktop\999_cs\Quantum_Inpired_PSO_Classifcation\train\fog_smoke\fog_smoke2702.jpg,fog_smoke
C:\Users\HishamMo\Desktop\999_cs\Quantum_Inpired_PSO_Classifcation\train\fog_smoke\fog_smoke2703.jpg,fog_smoke
C:\Users\HishamMo\Desktop\999_cs\Quantum_Inpired_PSO_Classifcation\train\fog_smoke\fog_smoke2705.jpg,fog_smoke
C:\Users\HishamMo\Desktop\999_cs\Quantum_Inpired_PSO_Classifcation\train\fog_smoke\fog_smoke2706.jpg,fog_smoke
C:\Users\HishamMo\Desktop\999_cs\Quantum_Inpired_PSO_Classifcation\train\fog_smoke\fog_smoke2707.jpg,fog_smoke
C:\Users\HishamMo\Desktop\999_cs\Quantum_Inpired_PSO_Classifcation\train\fog_smoke\fog_smoke2708.jpg,fog_smoke
C:\Users\HishamMo\Desktop\999_cs\Quantum_Inpired_PSO_Classifcation\train\fog_smoke\fog_smoke2709.jpg,fog_smoke
C:\Users\HishamMo\Desktop\999_cs\Quantum_Inpired_PSO_Classifcation\train\fog_smoke\fog_smoke2712.jpg,fog_smoke
C:\Users\HishamMo\Desktop\999_cs\Quantum_Inpired_PSO_Classifcation\train\fog_smoke\fog_smoke2713.jpg,fog_smoke
C:\Users\HishamMo\Desktop\999_cs\Quantum_Inpired_PSO_Classifcation\train\fog_smoke\fog_smoke2714.jpg,fog_smoke
C:\Users\HishamMo\Desktop\999_cs\Quantum_Inpired_PSO_Classifcation\train\fog_smoke\fog_smoke2715.jpg,fog_smoke
C:\Users\HishamMo\Desktop\999_cs\Quantum_Inpired_PSO_Classifcation\train\fog_smoke\fog_smoke2716.jpg,fog_smoke
C:\Users\HishamMo\Desktop\999_cs\Quantum_Inpired_PSO_Classifcation\train\fog_smoke\fog_smoke2717.jpg,fog_smoke
C:\Users\HishamMo\Desktop\999_cs\Quantum_Inpired_PSO_Classifcation\train\fog_smoke\fog_smoke2718.jpg,fog_smoke
C:\Users\HishamMo\Desktop\999_cs\Quantum_Inpired_PSO_Classifcation\train\fog_smoke\fog_smoke2719.jpg,fog_smoke
C:\Users\HishamMo\Desktop\999_cs\Quantum_Inpired_PSO_Classifcation\train\fog_smoke\fog_smoke2720.jpg,fog_smoke
C:\Users\HishamMo\Desktop\999_cs\Quantum_Inpired_PSO_Classifcation\train\fog_smoke\fog_smoke2723.jpg,fog_smoke
C:\Users\HishamMo\Desktop\999_cs\Quantum_Inpired_PSO_Classifcation\train\fog_smoke\fog_smoke2724.jpg,fog_smoke
C:\Users\HishamMo\Desktop\999_cs\Quantum_Inpired_PSO_Classifcation\train\fog_smoke\fog_smoke2725.jpg,fog_smoke
C:\Users\HishamMo\Desktop\999_cs\Quantum_Inpired_PSO_Classifcation\train\fog_smoke\fog_smoke2726.jpg,fog_smoke
C:\Users\HishamMo\Desktop\999_cs\Quantum_Inpired_PSO_Classifcation\train\fog_smoke\fog_smoke2727.jpg,fog_smoke
C:\Users\HishamMo\Desktop\999_cs\Quantum_Inpired_PSO_Classifcation\train\fog_smoke\fog_smoke2729.jpg,fog_smoke
C:\Users\HishamMo\Desktop\999_cs\Quantum_Inpired_PSO_Classifcation\train\fog_smoke\fog_smoke2730.jpg,fog_smoke
C:\Users\HishamMo\Desktop\999_cs\Quantum_Inpired_PSO_Classifcation\train\fog_smoke\fog_smoke2731.jpg,fog_smoke
C:\Users\HishamMo\Desktop\999_cs\Quantum_Inpired_PSO_Classifcation\train\fog_smoke\fog_smoke2732.jpg,fog_smoke
C:\Users\HishamMo\Desktop\999_cs\Quantum_Inpired_PSO_Classifcation\train\fog_smoke\fog_smoke2733.jpg,fog_smoke
C:\Users\HishamMo\Desktop\999_cs\Quantum_Inpired_PSO_Classifcation\train\fog_smoke\fog_smoke2735.jpg,fog_smoke
C:\Users\HishamMo\Desktop\999_cs\Quantum_Inpired_PSO_Classifcation\train\fog_smoke\fog_smoke2736.jpg,fog_smoke
C:\Users\HishamMo\Desktop\999_cs\Quantum_Inpired_PSO_Classifcation\train\fog_smoke\fog_smoke2738.jpg,fog_smoke
C:\Users\HishamMo\Desktop\999_cs\Quantum_Inpired_PSO_Classifcation\train\fog_smoke\fog_smoke2739.jpg,fog_smoke
C:\Users\HishamMo\Desktop\999_cs\Quantum_Inpired_PSO_Classifcation\train\fog_smoke\fog_smoke2740.jpg,fog_smoke
C:\Users\HishamMo\Desktop\999_cs\Quantum_Inpired_PSO_Classifcation\train\fog_smoke\fog_smoke2741.jpg,fog_smoke
C:\Users\HishamMo\Desktop\999_cs\Quantum_Inpired_PSO_Classifcation\train\fog_smoke\fog_smoke2744.jpg,fog_smoke
C:\Users\HishamMo\Desktop\999_cs\Quantum_Inpired_PSO_Classifcation\train\fog_smoke\fog_smoke2745.jpg,fog_smoke
C:\Users\HishamMo\Desktop\999_cs\Quantum_Inpired_PSO_Classifcation\train\fog_smoke\fog_smoke2747.jpg,fog_smoke
C:\Users\HishamMo\Desktop\999_cs\Quantum_Inpired_PSO_Classifcation\train\fog_smoke\fog_smoke2748.jpg,fog_smoke
C:\Users\HishamMo\Desktop\999_cs\Quantum_Inpired_PSO_Classifcation\train\fog_smoke\fog_smoke2749.jpg,fog_smoke
C:\Users\HishamMo\Desktop\999_cs\Quantum_Inpired_PSO_Classifcation\train\fog_smoke\fog_smoke2750.jpg,fog_smoke
C:\Users\HishamMo\Desktop\999_cs\Quantum_Inpired_PSO_Classifcation\train\fog_smoke\fog_smoke2751.jpg,fog_smoke
C:\Users\HishamMo\Desktop\999_cs\Quantum_Inpired_PSO_Classifcation\train\fog_smoke\fog_smoke2752.jpg,fog_smoke
C:\Users\HishamMo\Desktop\999_cs\Quantum_Inpired_PSO_Classifcation\train\fog_smoke\fog_smoke2754.jpg,fog_smoke
C:\Users\HishamMo\Desktop\999_cs\Quantum_Inpired_PSO_Classifcation\train\fog_smoke\fog_smoke2755.jpg,fog_smoke
C:\Users\HishamMo\Desktop\999_cs\Quantum_Inpired_PSO_Classifcation\train\fog_smoke\fog_smoke2756.jpg,fog_smoke
C:\Users\HishamMo\Desktop\999_cs\Quantum_Inpired_PSO_Classifcation\train\fog_smoke\fog_smoke2757.jpg,fog_smoke
C:\Users\HishamMo\Desktop\999_cs\Quantum_Inpired_PSO_Classifcation\train\fog_smoke\fog_smoke2759.jpg,fog_smoke
C:\Users\HishamMo\Desktop\999_cs\Quantum_Inpired_PSO_Classifcation\train\fog_smoke\fog_smoke2761.jpg,fog_smoke
C:\Users\HishamMo\Desktop\999_cs\Quantum_Inpired_PSO_Classifcation\train\fog_smoke\fog_smoke2763.jpg,fog_smoke
C:\Users\HishamMo\Desktop\999_cs\Quantum_Inpired_PSO_Classifcation\train\fog_smoke\fog_smoke2764.jpg,fog_smoke
C:\Users\HishamMo\Desktop\999_cs\Quantum_Inpired_PSO_Classifcation\train\fog_smoke\fog_smoke2765.jpg,fog_smoke
C:\Users\HishamMo\Desktop\999_cs\Quantum_Inpired_PSO_Classifcation\train\fog_smoke\fog_smoke2768.jpg,fog_smoke
C:\Users\HishamMo\Desktop\999_cs\Quantum_Inpired_PSO_Classifcation\train\fog_smoke\fog_smoke2769.jpg,fog_smoke
C:\Users\HishamMo\Desktop\999_cs\Quantum_Inpired_PSO_Classifcation\train\fog_smoke\fog_smoke2771.jpg,fog_smoke
C:\Users\HishamMo\Desktop\999_cs\Quantum_Inpired_PSO_Classifcation\train\fog_smoke\fog_smoke2772.jpg,fog_smoke
C:\Users\HishamMo\Desktop\999_cs\Quantum_Inpired_PSO_Classifcation\train\fog_smoke\fog_smoke2773.jpg,fog_smoke
C:\Users\HishamMo\Desktop\999_cs\Quantum_Inpired_PSO_Classifcation\train\fog_smoke\fog_smoke2775.jpg,fog_smoke
C:\Users\HishamMo\Desktop\999_cs\Quantum_Inpired_PSO_Classifcation\train\fog_smoke\fog_smoke2776.jpg,fog_smoke
C:\Users\HishamMo\Desktop\999_cs\Quantum_Inpired_PSO_Classifcation\train\fog_smoke\fog_smoke2777.jpg,fog_smoke
C:\Users\HishamMo\Desktop\999_cs\Quantum_Inpired_PSO_Classifcation\train\fog_smoke\fog_smoke2778.jpg,fog_smoke
C:\Users\HishamMo\Desktop\999_cs\Quantum_Inpired_PSO_Classifcation\train\fog_smoke\fog_smoke2779.jpg,fog_smoke
C:\Users\HishamMo\Desktop\999_cs\Quantum_Inpired_PSO_Classifcation\train\fog_smoke\fog_smoke2780.jpg,fog_smoke
C:\Users\HishamMo\Desktop\999_cs\Quantum_Inpired_PSO_Classifcation\train\fog_smoke\fog_smoke2781.jpg,fog_smoke
C:\Users\HishamMo\Desktop\999_cs\Quantum_Inpired_PSO_Classifcation\train\fog_smoke\fog_smoke2782.jpg,fog_smoke
C:\Users\HishamMo\Desktop\999_cs\Quantum_Inpired_PSO_Classifcation\train\fog_smoke\fog_smoke2783.jpg,fog_smoke
C:\Users\HishamMo\Desktop\999_cs\Quantum_Inpired_PSO_Classifcation\train\fog_smoke\fog_smoke2784.jpg,fog_smoke
C:\Users\HishamMo\Desktop\999_cs\Quantum_Inpired_PSO_Classifcation\train\fog_smoke\fog_smoke2786.jpg,fog_smoke
C:\Users\HishamMo\Desktop\999_cs\Quantum_Inpired_PSO_Classifcation\train\fog_smoke\fog_smoke2787.jpg,fog_smoke
C:\Users\HishamMo\Desktop\999_cs\Quantum_Inpired_PSO_Classifcation\train\fog_smoke\fog_smoke2788.jpg,fog_smoke
C:\Users\HishamMo\Desktop\999_cs\Quantum_Inpired_PSO_Classifcation\train\fog_smoke\fog_smoke2790.jpg,fog_smoke
C:\Users\HishamMo\Desktop\999_cs\Quantum_Inpired_PSO_Classifcation\train\fog_smoke\fog_smoke2792.jpg,fog_smoke
C:\Users\HishamMo\Desktop\999_cs\Quantum_Inpired_PSO_Classifcation\train\fog_smoke\fog_smoke2793.jpg,fog_smoke
C:\Users\HishamMo\Desktop\999_cs\Quantum_Inpired_PSO_Classifcation\train\fog_smoke\fog_smoke2795.jpg,fog_smoke
C:\Users\HishamMo\Desktop\999_cs\Quantum_Inpired_PSO_Classifcation\train\fog_smoke\fog_smoke2796.jpg,fog_smoke
C:\Users\HishamMo\Desktop\999_cs\Quantum_Inpired_PSO_Classifcation\train\fog_smoke\fog_smoke2798.jpg,fog_smoke
C:\Users\HishamMo\Desktop\999_cs\Quantum_Inpired_PSO_Classifcation\train\fog_smoke\fog_smoke2799.jpg,fog_smoke
C:\Users\HishamMo\Desktop\999_cs\Quantum_Inpired_PSO_Classifcation\train\fog_smoke\fog_smoke2800.jpg,fog_smoke
C:\Users\HishamMo\Desktop\999_cs\Quantum_Inpired_PSO_Classifcation\train\fog_smoke\fog_smoke2801.jpg,fog_smoke
C:\Users\HishamMo\Desktop\999_cs\Quantum_Inpired_PSO_Classifcation\train\fog_smoke\fog_smoke2802.jpg,fog_smoke
C:\Users\HishamMo\Desktop\999_cs\Quantum_Inpired_PSO_Classifcation\train\fog_smoke\fog_smoke2803.jpg,fog_smoke
C:\Users\HishamMo\Desktop\999_cs\Quantum_Inpired_PSO_Classifcation\train\fog_smoke\fog_smoke2804.jpg,fog_smoke
C:\Users\HishamMo\Desktop\999_cs\Quantum_Inpired_PSO_Classifcation\train\fog_smoke\fog_smoke2805.jpg,fog_smoke
C:\Users\HishamMo\Desktop\999_cs\Quantum_Inpired_PSO_Classifcation\train\fog_smoke\fog_smoke2806.jpg,fog_smoke
C:\Users\HishamMo\Desktop\999_cs\Quantum_Inpired_PSO_Classifcation\train\fog_smoke\fog_smoke2807.jpg,fog_smoke
C:\Users\HishamMo\Desktop\999_cs\Quantum_Inpired_PSO_Classifcation\train\fog_smoke\fog_smoke2808.jpg,fog_smoke
C:\Users\HishamMo\Desktop\999_cs\Quantum_Inpired_PSO_Classifcation\train\fog_smoke\fog_smoke2809.jpg,fog_smoke
C:\Users\HishamMo\Desktop\999_cs\Quantum_Inpired_PSO_Classifcation\train\fog_smoke\fog_smoke2811.jpg,fog_smoke
C:\Users\HishamMo\Desktop\999_cs\Quantum_Inpired_PSO_Classifcation\train\fog_smoke\fog_smoke2812.jpg,fog_smoke
C:\Users\HishamMo\Desktop\999_cs\Quantum_Inpired_PSO_Classifcation\train\fog_smoke\fog_smoke2815.jpg,fog_smoke
C:\Users\HishamMo\Desktop\999_cs\Quantum_Inpired_PSO_Classifcation\train\fog_smoke\fog_smoke2816.jpg,fog_smoke
C:\Users\HishamMo\Desktop\999_cs\Quantum_Inpired_PSO_Classifcation\train\fog_smoke\fog_smoke2819.jpg,fog_smoke
C:\Users\HishamMo\Desktop\999_cs\Quantum_Inpired_PSO_Classifcation\train\fog_smoke\fog_smoke2821.jpg,fog_smoke
C:\Users\HishamMo\Desktop\999_cs\Quantum_Inpired_PSO_Classifcation\train\fog_smoke\fog_smoke2822.jpg,fog_smoke
C:\Users\HishamMo\Desktop\999_cs\Quantum_Inpired_PSO_Classifcation\train\fog_smoke\fog_smoke2823.jpg,fog_smoke
C:\Users\HishamMo\Desktop\999_cs\Quantum_Inpired_PSO_Classifcation\train\fog_smoke\fog_smoke2824.jpg,fog_smoke
C:\Users\HishamMo\Desktop\999_cs\Quantum_Inpired_PSO_Classifcation\train\fog_smoke\fog_smoke2825.jpg,fog_smoke
C:\Users\HishamMo\Desktop\999_cs\Quantum_Inpired_PSO_Classifcation\train\fog_smoke\fog_smoke2826.jpg,fog_smoke
C:\Users\HishamMo\Desktop\999_cs\Quantum_Inpired_PSO_Classifcation\train\fog_smoke\fog_smoke2827.jpg,fog_smoke
C:\Users\HishamMo\Desktop\999_cs\Quantum_Inpired_PSO_Classifcation\train\fog_smoke\fog_smoke2828.jpg,fog_smoke
C:\Users\HishamMo\Desktop\999_cs\Quantum_Inpired_PSO_Classifcation\train\fog_smoke\fog_smoke2829.jpg,fog_smoke
C:\Users\HishamMo\Desktop\999_cs\Quantum_Inpired_PSO_Classifcation\train\fog_smoke\fog_smoke2831.jpg,fog_smoke
C:\Users\HishamMo\Desktop\999_cs\Quantum_Inpired_PSO_Classifcation\train\fog_smoke\fog_smoke2832.jpg,fog_smoke
C:\Users\HishamMo\Desktop\999_cs\Quantum_Inpired_PSO_Classifcation\train\fog_smoke\fog_smoke2833.jpg,fog_smoke
C:\Users\HishamMo\Desktop\999_cs\Quantum_Inpired_PSO_Classifcation\train\fog_smoke\fog_smoke2835.jpg,fog_smoke
C:\Users\HishamMo\Desktop\999_cs\Quantum_Inpired_PSO_Classifcation\train\fog_smoke\fog_smoke2836.jpg,fog_smoke
C:\Users\HishamMo\Desktop\999_cs\Quantum_Inpired_PSO_Classifcation\train\fog_smoke\fog_smoke2837.jpg,fog_smoke
C:\Users\HishamMo\Desktop\999_cs\Quantum_Inpired_PSO_Classifcation\train\fog_smoke\fog_smoke2838.jpg,fog_smoke
C:\Users\HishamMo\Desktop\999_cs\Quantum_Inpired_PSO_Classifcation\train\fog_smoke\fog_smoke2839.jpg,fog_smoke
C:\Users\HishamMo\Desktop\999_cs\Quantum_Inpired_PSO_Classifcation\train\fog_smoke\fog_smoke2841.jpg,fog_smoke
C:\Users\HishamMo\Desktop\999_cs\Quantum_Inpired_PSO_Classifcation\train\fog_smoke\fog_smoke2842.jpg,fog_smoke
C:\Users\HishamMo\Desktop\999_cs\Quantum_Inpired_PSO_Classifcation\train\fog_smoke\fog_smoke2843.jpg,fog_smoke
C:\Users\HishamMo\Desktop\999_cs\Quantum_Inpired_PSO_Classifcation\train\fog_smoke\fog_smoke2844.jpg,fog_smoke
C:\Users\HishamMo\Desktop\999_cs\Quantum_Inpired_PSO_Classifcation\train\fog_smoke\fog_smoke2845.jpg,fog_smoke
C:\Users\HishamMo\Desktop\999_cs\Quantum_Inpired_PSO_Classifcation\train\fog_smoke\fog_smoke2847.jpg,fog_smoke
C:\Users\HishamMo\Desktop\999_cs\Quantum_Inpired_PSO_Classifcation\train\fog_smoke\fog_smoke2848.jpg,fog_smoke
C:\Users\HishamMo\Desktop\999_cs\Quantum_Inpired_PSO_Classifcation\train\fog_smoke\fog_smoke2849.jpg,fog_smoke
C:\Users\HishamMo\Desktop\999_cs\Quantum_Inpired_PSO_Classifcation\train\fog_smoke\fog_smoke2850.jpg,fog_smoke
C:\Users\HishamMo\Desktop\999_cs\Quantum_Inpired_PSO_Classifcation\train\fog_smoke\fog_smoke2851.jpg,fog_smoke
C:\Users\HishamMo\Desktop\999_cs\Quantum_Inpired_PSO_Classifcation\train\fog_smoke\fog_smoke2854.jpg,fog_smoke
C:\Users\HishamMo\Desktop\999_cs\Quantum_Inpired_PSO_Classifcation\train\fog_smoke\fog_smoke2855.jpg,fog_smoke
C:\Users\HishamMo\Desktop\999_cs\Quantum_Inpired_PSO_Classifcation\train\fog_smoke\fog_smoke2856.jpg,fog_smoke
C:\Users\HishamMo\Desktop\999_cs\Quantum_Inpired_PSO_Classifcation\train\fog_smoke\fog_smoke2857.jpg,fog_smoke
C:\Users\HishamMo\Desktop\999_cs\Quantum_Inpired_PSO_Classifcation\train\fog_smoke\fog_smoke2858.jpg,fog_smoke
C:\Users\HishamMo\Desktop\999_cs\Quantum_Inpired_PSO_Classifcation\train\fog_smoke\fog_smoke2861.jpg,fog_smoke
C:\Users\HishamMo\Desktop\999_cs\Quantum_Inpired_PSO_Classifcation\train\fog_smoke\fog_smoke2862.jpg,fog_smoke
C:\Users\HishamMo\Desktop\999_cs\Quantum_Inpired_PSO_Classifcation\train\fog_smoke\fog_smoke2864.jpg,fog_smoke
C:\Users\HishamMo\Desktop\999_cs\Quantum_Inpired_PSO_Classifcation\train\fog_smoke\fog_smoke2865.jpg,fog_smoke
C:\Users\HishamMo\Desktop\999_cs\Quantum_Inpired_PSO_Classifcation\train\fog_smoke\fog_smoke2867.jpg,fog_smoke
C:\Users\HishamMo\Desktop\999_cs\Quantum_Inpired_PSO_Classifcation\train\fog_smoke\fog_smoke2869.jpg,fog_smoke
C:\Users\HishamMo\Desktop\999_cs\Quantum_Inpired_PSO_Classifcation\train\fog_smoke\fog_smoke2870.jpg,fog_smoke
C:\Users\HishamMo\Desktop\999_cs\Quantum_Inpired_PSO_Classifcation\train\fog_smoke\fog_smoke2872.jpg,fog_smoke
C:\Users\HishamMo\Desktop\999_cs\Quantum_Inpired_PSO_Classifcation\train\fog_smoke\fog_smoke2874.jpg,fog_smoke
C:\Users\HishamMo\Desktop\999_cs\Quantum_Inpired_PSO_Classifcation\train\fog_smoke\fog_smoke2875.jpg,fog_smoke
C:\Users\HishamMo\Desktop\999_cs\Quantum_Inpired_PSO_Classifcation\train\fog_smoke\fog_smoke2876.jpg,fog_smoke
C:\Users\HishamMo\Desktop\999_cs\Quantum_Inpired_PSO_Classifcation\train\fog_smoke\fog_smoke2877.jpg,fog_smoke
C:\Users\HishamMo\Desktop\999_cs\Quantum_Inpired_PSO_Classifcation\train\fog_smoke\fog_smoke2878.jpg,fog_smoke
C:\Users\HishamMo\Desktop\999_cs\Quantum_Inpired_PSO_Classifcation\train\fog_smoke\fog_smoke2879.jpg,fog_smoke
C:\Users\HishamMo\Desktop\999_cs\Quantum_Inpired_PSO_Classifcation\train\fog_smoke\fog_smoke2880.jpg,fog_smoke
C:\Users\HishamMo\Desktop\999_cs\Quantum_Inpired_PSO_Classifcation\train\fog_smoke\fog_smoke2881.jpg,fog_smoke
C:\Users\HishamMo\Desktop\999_cs\Quantum_Inpired_PSO_Classifcation\train\fog_smoke\fog_smoke2884.jpg,fog_smoke
C:\Users\HishamMo\Desktop\999_cs\Quantum_Inpired_PSO_Classifcation\train\fog_smoke\fog_smoke2885.jpg,fog_smoke
C:\Users\HishamMo\Desktop\999_cs\Quantum_Inpired_PSO_Classifcation\train\fog_smoke\fog_smoke2886.jpg,fog_smoke
C:\Users\HishamMo\Desktop\999_cs\Quantum_Inpired_PSO_Classifcation\train\fog_smoke\fog_smoke2887.jpg,fog_smoke
C:\Users\HishamMo\Desktop\999_cs\Quantum_Inpired_PSO_Classifcation\train\fog_smoke\fog_smoke2888.jpg,fog_smoke
C:\Users\HishamMo\Desktop\999_cs\Quantum_Inpired_PSO_Classifcation\train\fog_smoke\fog_smoke2892.jpg,fog_smoke
C:\Users\HishamMo\Desktop\999_cs\Quantum_Inpired_PSO_Classifcation\train\fog_smoke\fog_smoke2893.jpg,fog_smoke
C:\Users\HishamMo\Desktop\999_cs\Quantum_Inpired_PSO_Classifcation\train\fog_smoke\fog_smoke2894.jpg,fog_smoke
C:\Users\HishamMo\Desktop\999_cs\Quantum_Inpired_PSO_Classifcation\train\fog_smoke\fog_smoke2895.jpg,fog_smoke
C:\Users\HishamMo\Desktop\999_cs\Quantum_Inpired_PSO_Classifcation\train\fog_smoke\fog_smoke2896.jpg,fog_smoke
C:\Users\HishamMo\Desktop\999_cs\Quantum_Inpired_PSO_Classifcation\train\fog_smoke\fog_smoke2897.jpg,fog_smoke
C:\Users\HishamMo\Desktop\999_cs\Quantum_Inpired_PSO_Classifcation\train\fog_smoke\fog_smoke2898.jpg,fog_smoke
C:\Users\HishamMo\Desktop\999_cs\Quantum_Inpired_PSO_Classifcation\train\fog_smoke\fog_smoke2899.jpg,fog_smoke
C:\Users\HishamMo\Desktop\999_cs\Quantum_Inpired_PSO_Classifcation\train\fog_smoke\fog_smoke2900.jpg,fog_smoke
C:\Users\HishamMo\Desktop\999_cs\Quantum_Inpired_PSO_Classifcation\train\fog_smoke\fog_smoke2901.jpg,fog_smoke
C:\Users\HishamMo\Desktop\999_cs\Quantum_Inpired_PSO_Classifcation\train\fog_smoke\fog_smoke2902.jpg,fog_smoke
C:\Users\HishamMo\Desktop\999_cs\Quantum_Inpired_PSO_Classifcation\train\fog_smoke\fog_smoke2903.jpg,fog_smoke
C:\Users\HishamMo\Desktop\999_cs\Quantum_Inpired_PSO_Classifcation\train\fog_smoke\fog_smoke2904.jpg,fog_smoke
C:\Users\HishamMo\Desktop\999_cs\Quantum_Inpired_PSO_Classifcation\train\fog_smoke\fog_smoke2905.jpg,fog_smoke
C:\Users\HishamMo\Desktop\999_cs\Quantum_Inpired_PSO_Classifcation\train\fog_smoke\fog_smoke2906.jpg,fog_smoke
C:\Users\HishamMo\Desktop\999_cs\Quantum_Inpired_PSO_Classifcation\train\fog_smoke\fog_smoke2907.jpg,fog_smoke
C:\Users\HishamMo\Desktop\999_cs\Quantum_Inpired_PSO_Classifcation\train\fog_smoke\fog_smoke2909.jpg,fog_smoke
C:\Users\HishamMo\Desktop\999_cs\Quantum_Inpired_PSO_Classifcation\train\fog_smoke\fog_smoke2910.jpg,fog_smoke
C:\Users\HishamMo\Desktop\999_cs\Quantum_Inpired_PSO_Classifcation\train\fog_smoke\fog_smoke2911.jpg,fog_smoke
C:\Users\HishamMo\Desktop\999_cs\Quantum_Inpired_PSO_Classifcation\train\fog_smoke\fog_smoke2912.jpg,fog_smoke
C:\Users\HishamMo\Desktop\999_cs\Quantum_Inpired_PSO_Classifcation\train\fog_smoke\fog_smoke2913.jpg,fog_smoke
C:\Users\HishamMo\Desktop\999_cs\Quantum_Inpired_PSO_Classifcation\train\fog_smoke\fog_smoke2914.jpg,fog_smoke
C:\Users\HishamMo\Desktop\999_cs\Quantum_Inpired_PSO_Classifcation\train\fog_smoke\fog_smoke2915.jpg,fog_smoke
C:\Users\HishamMo\Desktop\999_cs\Quantum_Inpired_PSO_Classifcation\train\fog_smoke\fog_smoke2916.jpg,fog_smoke
C:\Users\HishamMo\Desktop\999_cs\Quantum_Inpired_PSO_Classifcation\train\fog_smoke\fog_smoke2917.jpg,fog_smoke
C:\Users\HishamMo\Desktop\999_cs\Quantum_Inpired_PSO_Classifcation\train\fog_smoke\fog_smoke2918.jpg,fog_smoke
C:\Users\HishamMo\Desktop\999_cs\Quantum_Inpired_PSO_Classifcation\train\fog_smoke\fog_smoke2919.jpg,fog_smoke
C:\Users\HishamMo\Desktop\999_cs\Quantum_Inpired_PSO_Classifcation\train\fog_smoke\fog_smoke2921.jpg,fog_smoke
C:\Users\HishamMo\Desktop\999_cs\Quantum_Inpired_PSO_Classifcation\train\fog_smoke\fog_smoke2922.jpg,fog_smoke
C:\Users\HishamMo\Desktop\999_cs\Quantum_Inpired_PSO_Classifcation\train\fog_smoke\fog_smoke2923.jpg,fog_smoke
C:\Users\HishamMo\Desktop\999_cs\Quantum_Inpired_PSO_Classifcation\train\fog_smoke\fog_smoke2924.jpg,fog_smoke
C:\Users\HishamMo\Desktop\999_cs\Quantum_Inpired_PSO_Classifcation\train\fog_smoke\fog_smoke2925.jpg,fog_smoke
C:\Users\HishamMo\Desktop\999_cs\Quantum_Inpired_PSO_Classifcation\train\fog_smoke\fog_smoke2926.jpg,fog_smoke
C:\Users\HishamMo\Desktop\999_cs\Quantum_Inpired_PSO_Classifcation\train\fog_smoke\fog_smoke2927.jpg,fog_smoke
C:\Users\HishamMo\Desktop\999_cs\Quantum_Inpired_PSO_Classifcation\train\fog_smoke\fog_smoke2928.jpg,fog_smoke
C:\Users\HishamMo\Desktop\999_cs\Quantum_Inpired_PSO_Classifcation\train\fog_smoke\fog_smoke2930.jpg,fog_smoke
C:\Users\HishamMo\Desktop\999_cs\Quantum_Inpired_PSO_Classifcation\train\fog_smoke\fog_smoke2931.jpg,fog_smoke
C:\Users\HishamMo\Desktop\999_cs\Quantum_Inpired_PSO_Classifcation\train\fog_smoke\fog_smoke2932.jpg,fog_smoke
C:\Users\HishamMo\Desktop\999_cs\Quantum_Inpired_PSO_Classifcation\train\fog_smoke\fog_smoke2933.jpg,fog_smoke
C:\Users\HishamMo\Desktop\999_cs\Quantum_Inpired_PSO_Classifcation\train\fog_smoke\fog_smoke2935.jpg,fog_smoke
C:\Users\HishamMo\Desktop\999_cs\Quantum_Inpired_PSO_Classifcation\train\fog_smoke\fog_smoke2937.jpg,fog_smoke
C:\Users\HishamMo\Desktop\999_cs\Quantum_Inpired_PSO_Classifcation\train\fog_smoke\fog_smoke2942.jpg,fog_smoke
C:\Users\HishamMo\Desktop\999_cs\Quantum_Inpired_PSO_Classifcation\train\fog_smoke\fog_smoke2943.jpg,fog_smoke
C:\Users\HishamMo\Desktop\999_cs\Quantum_Inpired_PSO_Classifcation\train\fog_smoke\fog_smoke2944.jpg,fog_smoke
C:\Users\HishamMo\Desktop\999_cs\Quantum_Inpired_PSO_Classifcation\train\fog_smoke\fog_smoke2945.jpg,fog_smoke
C:\Users\HishamMo\Desktop\999_cs\Quantum_Inpired_PSO_Classifcation\train\fog_smoke\fog_smoke2946.jpg,fog_smoke
C:\Users\HishamMo\Desktop\999_cs\Quantum_Inpired_PSO_Classifcation\train\fog_smoke\fog_smoke2947.jpg,fog_smoke
C:\Users\HishamMo\Desktop\999_cs\Quantum_Inpired_PSO_Classifcation\train\fog_smoke\fog_smoke2948.jpg,fog_smoke
C:\Users\HishamMo\Desktop\999_cs\Quantum_Inpired_PSO_Classifcation\train\fog_smoke\fog_smoke2949.jpg,fog_smoke
C:\Users\HishamMo\Desktop\999_cs\Quantum_Inpired_PSO_Classifcation\train\fog_smoke\fog_smoke2950.jpg,fog_smoke
C:\Users\HishamMo\Desktop\999_cs\Quantum_Inpired_PSO_Classifcation\train\fog_smoke\fog_smoke2951.jpg,fog_smoke
C:\Users\HishamMo\Desktop\999_cs\Quantum_Inpired_PSO_Classifcation\train\fog_smoke\fog_smoke2952.jpg,fog_smoke
C:\Users\HishamMo\Desktop\999_cs\Quantum_Inpired_PSO_Classifcation\train\fog_smoke\fog_smoke2953.jpg,fog_smoke
C:\Users\HishamMo\Desktop\999_cs\Quantum_Inpired_PSO_Classifcation\train\fog_smoke\fog_smoke2955.jpg,fog_smoke
C:\Users\HishamMo\Desktop\999_cs\Quantum_Inpired_PSO_Classifcation\train\fog_smoke\fog_smoke2956.jpg,fog_smoke
C:\Users\HishamMo\Desktop\999_cs\Quantum_Inpired_PSO_Classifcation\train\fog_smoke\fog_smoke2957.jpg,fog_smoke
C:\Users\HishamMo\Desktop\999_cs\Quantum_Inpired_PSO_Classifcation\train\fog_smoke\fog_smoke2959.jpg,fog_smoke
C:\Users\HishamMo\Desktop\999_cs\Quantum_Inpired_PSO_Classifcation\train\fog_smoke\fog_smoke2960.jpg,fog_smoke
C:\Users\HishamMo\Desktop\999_cs\Quantum_Inpired_PSO_Classifcation\train\fog_smoke\fog_smoke2962.jpg,fog_smoke
C:\Users\HishamMo\Desktop\999_cs\Quantum_Inpired_PSO_Classifcation\train\fog_smoke\fog_smoke2963.jpg,fog_smoke
C:\Users\HishamMo\Desktop\999_cs\Quantum_Inpired_PSO_Classifcation\train\fog_smoke\fog_smoke2965.jpg,fog_smoke
C:\Users\HishamMo\Desktop\999_cs\Quantum_Inpired_PSO_Classifcation\train\fog_smoke\fog_smoke2966.jpg,fog_smoke
C:\Users\HishamMo\Desktop\999_cs\Quantum_Inpired_PSO_Classifcation\train\fog_smoke\fog_smoke2967.jpg,fog_smoke
C:\Users\HishamMo\Desktop\999_cs\Quantum_Inpired_PSO_Classifcation\train\fog_smoke\fog_smoke2968.jpg,fog_smoke
C:\Users\HishamMo\Desktop\999_cs\Quantum_Inpired_PSO_Classifcation\train\fog_smoke\fog_smoke2969.jpg,fog_smoke
C:\Users\HishamMo\Desktop\999_cs\Quantum_Inpired_PSO_Classifcation\train\fog_smoke\fog_smoke2970.jpg,fog_smoke
C:\Users\HishamMo\Desktop\999_cs\Quantum_Inpired_PSO_Classifcation\train\fog_smoke\fog_smoke2972.jpg,fog_smoke
C:\Users\HishamMo\Desktop\999_cs\Quantum_Inpired_PSO_Classifcation\train\fog_smoke\fog_smoke2973.jpg,fog_smoke
C:\Users\HishamMo\Desktop\999_cs\Quantum_Inpired_PSO_Classifcation\train\fog_smoke\fog_smoke2974.jpg,fog_smoke
C:\Users\HishamMo\Desktop\999_cs\Quantum_Inpired_PSO_Classifcation\train\fog_smoke\fog_smoke2975.jpg,fog_smoke
C:\Users\HishamMo\Desktop\999_cs\Quantum_Inpired_PSO_Classifcation\train\fog_smoke\fog_smoke2976.jpg,fog_smoke
C:\Users\HishamMo\Desktop\999_cs\Quantum_Inpired_PSO_Classifcation\train\fog_smoke\fog_smoke2978.jpg,fog_smoke
C:\Users\HishamMo\Desktop\999_cs\Quantum_Inpired_PSO_Classifcation\train\fog_smoke\fog_smoke2979.jpg,fog_smoke
C:\Users\HishamMo\Desktop\999_cs\Quantum_Inpired_PSO_Classifcation\train\fog_smoke\fog_smoke2980.jpg,fog_smoke
C:\Users\HishamMo\Desktop\999_cs\Quantum_Inpired_PSO_Classifcation\train\fog_smoke\fog_smoke2981.jpg,fog_smoke
C:\Users\HishamMo\Desktop\999_cs\Quantum_Inpired_PSO_Classifcation\train\fog_smoke\fog_smoke2982.jpg,fog_smoke
C:\Users\HishamMo\Desktop\999_cs\Quantum_Inpired_PSO_Classifcation\train\fog_smoke\fog_smoke2983.jpg,fog_smoke
C:\Users\HishamMo\Desktop\999_cs\Quantum_Inpired_PSO_Classifcation\train\fog_smoke\fog_smoke2984.jpg,fog_smoke
C:\Users\HishamMo\Desktop\999_cs\Quantum_Inpired_PSO_Classifcation\train\fog_smoke\fog_smoke2985.jpg,fog_smoke
C:\Users\HishamMo\Desktop\999_cs\Quantum_Inpired_PSO_Classifcation\train\fog_smoke\fog_smoke2986.jpg,fog_smoke
C:\Users\HishamMo\Desktop\999_cs\Quantum_Inpired_PSO_Classifcation\train\fog_smoke\fog_smoke2987.jpg,fog_smoke
C:\Users\HishamMo\Desktop\999_cs\Quantum_Inpired_PSO_Classifcation\train\fog_smoke\fog_smoke2989.jpg,fog_smoke
C:\Users\HishamMo\Desktop\999_cs\Quantum_Inpired_PSO_Classifcation\train\fog_smoke\fog_smoke2990.jpg,fog_smoke
C:\Users\HishamMo\Desktop\999_cs\Quantum_Inpired_PSO_Classifcation\train\fog_smoke\fog_smoke2992.jpg,fog_smoke
C:\Users\HishamMo\Desktop\999_cs\Quantum_Inpired_PSO_Classifcation\train\fog_smoke\fog_smoke2993.jpg,fog_smoke
C:\Users\HishamMo\Desktop\999_cs\Quantum_Inpired_PSO_Classifcation\train\fog_smoke\fog_smoke2995.jpg,fog_smoke
C:\Users\HishamMo\Desktop\999_cs\Quantum_Inpired_PSO_Classifcation\train\fog_smoke\fog_smoke2996.jpg,fog_smoke
C:\Users\HishamMo\Desktop\999_cs\Quantum_Inpired_PSO_Classifcation\train\fog_smoke\fog_smoke2997.jpg,fog_smoke
C:\Users\HishamMo\Desktop\999_cs\Quantum_Inpired_PSO_Classifcation\train\fog_smoke\fog_smoke2998.jpg,fog_smoke
C:\Users\HishamMo\Desktop\999_cs\Quantum_Inpired_PSO_Classifcation\train\fog_smoke\fog_smoke2999.jpg,fog_smoke
C:\Users\HishamMo\Desktop\999_cs\Quantum_Inpired_PSO_Classifcation\train\fog_smoke\fog_smoke3001.jpg,fog_smoke
C:\Users\HishamMo\Desktop\999_cs\Quantum_Inpired_PSO_Classifcation\train\fog_smoke\fog_smoke3002.jpg,fog_smoke
C:\Users\HishamMo\Desktop\999_cs\Quantum_Inpired_PSO_Classifcation\train\fog_smoke\fog_smoke3003.jpg,fog_smoke
C:\Users\HishamMo\Desktop\999_cs\Quantum_Inpired_PSO_Classifcation\train\fog_smoke\fog_smoke3004.jpg,fog_smoke
C:\Users\HishamMo\Desktop\999_cs\Quantum_Inpired_PSO_Classifcation\train\fog_smoke\fog_smoke3005.jpg,fog_smoke
C:\Users\HishamMo\Desktop\999_cs\Quantum_Inpired_PSO_Classifcation\train\fog_smoke\fog_smoke3006.jpg,fog_smoke
C:\Users\HishamMo\Desktop\999_cs\Quantum_Inpired_PSO_Classifcation\train\fog_smoke\fog_smoke3007.jpg,fog_smoke
C:\Users\HishamMo\Desktop\999_cs\Quantum_Inpired_PSO_Classifcation\train\fog_smoke\fog_smoke3008.jpg,fog_smoke
C:\Users\HishamMo\Desktop\999_cs\Quantum_Inpired_PSO_Classifcation\train\fog_smoke\fog_smoke3009.jpg,fog_smoke
C:\Users\HishamMo\Desktop\999_cs\Quantum_Inpired_PSO_Classifcation\train\fog_smoke\fog_smoke3010.jpg,fog_smoke
C:\Users\HishamMo\Desktop\999_cs\Quantum_Inpired_PSO_Classifcation\train\fog_smoke\fog_smoke3011.jpg,fog_smoke
C:\Users\HishamMo\Desktop\999_cs\Quantum_Inpired_PSO_Classifcation\train\fog_smoke\fog_smoke3013.jpg,fog_smoke
C:\Users\HishamMo\Desktop\999_cs\Quantum_Inpired_PSO_Classifcation\train\fog_smoke\fog_smoke3014.jpg,fog_smoke
C:\Users\HishamMo\Desktop\999_cs\Quantum_Inpired_PSO_Classifcation\train\fog_smoke\fog_smoke3015.jpg,fog_smoke
C:\Users\HishamMo\Desktop\999_cs\Quantum_Inpired_PSO_Classifcation\train\fog_smoke\fog_smoke3017.jpg,fog_smoke
C:\Users\HishamMo\Desktop\999_cs\Quantum_Inpired_PSO_Classifcation\train\fog_smoke\fog_smoke3019.jpg,fog_smoke
C:\Users\HishamMo\Desktop\999_cs\Quantum_Inpired_PSO_Classifcation\train\fog_smoke\fog_smoke3020.jpg,fog_smoke
C:\Users\HishamMo\Desktop\999_cs\Quantum_Inpired_PSO_Classifcation\train\fog_smoke\fog_smoke3023.jpg,fog_smoke
C:\Users\HishamMo\Desktop\999_cs\Quantum_Inpired_PSO_Classifcation\train\fog_smoke\fog_smoke3024.jpg,fog_smoke
C:\Users\HishamMo\Desktop\999_cs\Quantum_Inpired_PSO_Classifcation\train\fog_smoke\fog_smoke3025.jpg,fog_smoke
C:\Users\HishamMo\Desktop\999_cs\Quantum_Inpired_PSO_Classifcation\train\fog_smoke\fog_smoke3026.jpg,fog_smoke
C:\Users\HishamMo\Desktop\999_cs\Quantum_Inpired_PSO_Classifcation\train\fog_smoke\fog_smoke3027.jpg,fog_smoke
C:\Users\HishamMo\Desktop\999_cs\Quantum_Inpired_PSO_Classifcation\train\fog_smoke\fog_smoke3028.jpg,fog_smoke
C:\Users\HishamMo\Desktop\999_cs\Quantum_Inpired_PSO_Classifcation\train\fog_smoke\fog_smoke3030.jpg,fog_smoke
C:\Users\HishamMo\Desktop\999_cs\Quantum_Inpired_PSO_Classifcation\train\fog_smoke\fog_smoke3031.jpg,fog_smoke
C:\Users\HishamMo\Desktop\999_cs\Quantum_Inpired_PSO_Classifcation\train\fog_smoke\fog_smoke3032.jpg,fog_smoke
C:\Users\HishamMo\Desktop\999_cs\Quantum_Inpired_PSO_Classifcation\train\fog_smoke\fog_smoke3033.jpg,fog_smoke
C:\Users\HishamMo\Desktop\999_cs\Quantum_Inpired_PSO_Classifcation\train\fog_smoke\fog_smoke3034.jpg,fog_smoke
C:\Users\HishamMo\Desktop\999_cs\Quantum_Inpired_PSO_Classifcation\train\fog_smoke\fog_smoke3035.jpg,fog_smoke
C:\Users\HishamMo\Desktop\999_cs\Quantum_Inpired_PSO_Classifcation\train\fog_smoke\fog_smoke3037.jpg,fog_smoke
C:\Users\HishamMo\Desktop\999_cs\Quantum_Inpired_PSO_Classifcation\train\fog_smoke\fog_smoke3038.jpg,fog_smoke
C:\Users\HishamMo\Desktop\999_cs\Quantum_Inpired_PSO_Classifcation\train\fog_smoke\fog_smoke3039.jpg,fog_smoke
C:\Users\HishamMo\Desktop\999_cs\Quantum_Inpired_PSO_Classifcation\train\fog_smoke\fog_smoke3040.jpg,fog_smoke
C:\Users\HishamMo\Desktop\999_cs\Quantum_Inpired_PSO_Classifcation\train\fog_smoke\fog_smoke3041.jpg,fog_smoke
C:\Users\HishamMo\Desktop\999_cs\Quantum_Inpired_PSO_Classifcation\train\fog_smoke\fog_smoke3042.jpg,fog_smoke
C:\Users\HishamMo\Desktop\999_cs\Quantum_Inpired_PSO_Classifcation\train\fog_smoke\fog_smoke3043.jpg,fog_smoke
C:\Users\HishamMo\Desktop\999_cs\Quantum_Inpired_PSO_Classifcation\train\fog_smoke\fog_smoke3045.jpg,fog_smoke
C:\Users\HishamMo\Desktop\999_cs\Quantum_Inpired_PSO_Classifcation\train\fog_smoke\fog_smoke3047.jpg,fog_smoke
C:\Users\HishamMo\Desktop\999_cs\Quantum_Inpired_PSO_Classifcation\train\fog_smoke\fog_smoke3049.jpg,fog_smoke
C:\Users\HishamMo\Desktop\999_cs\Quantum_Inpired_PSO_Classifcation\train\fog_smoke\fog_smoke3050.jpg,fog_smoke
C:\Users\HishamMo\Desktop\999_cs\Quantum_Inpired_PSO_Classifcation\train\fog_smoke\fog_smoke3052.jpg,fog_smoke
C:\Users\HishamMo\Desktop\999_cs\Quantum_Inpired_PSO_Classifcation\train\fog_smoke\fog_smoke3054.jpg,fog_smoke
C:\Users\HishamMo\Desktop\999_cs\Quantum_Inpired_PSO_Classifcation\train\fog_smoke\fog_smoke3055.jpg,fog_smoke
C:\Users\HishamMo\Desktop\999_cs\Quantum_Inpired_PSO_Classifcation\train\fog_smoke\fog_smoke3056.jpg,fog_smoke
C:\Users\HishamMo\Desktop\999_cs\Quantum_Inpired_PSO_Classifcation\train\fog_smoke\fog_smoke3057.jpg,fog_smoke
C:\Users\HishamMo\Desktop\999_cs\Quantum_Inpired_PSO_Classifcation\train\fog_smoke\fog_smoke3058.jpg,fog_smoke
C:\Users\HishamMo\Desktop\999_cs\Quantum_Inpired_PSO_Classifcation\train\fog_smoke\fog_smoke3060.jpg,fog_smoke
C:\Users\HishamMo\Desktop\999_cs\Quantum_Inpired_PSO_Classifcation\train\fog_smoke\fog_smoke3061.jpg,fog_smoke
C:\Users\HishamMo\Desktop\999_cs\Quantum_Inpired_PSO_Classifcation\train\fog_smoke\fog_smoke3062.jpg,fog_smoke
C:\Users\HishamMo\Desktop\999_cs\Quantum_Inpired_PSO_Classifcation\train\fog_smoke\fog_smoke3063.jpg,fog_smoke
C:\Users\HishamMo\Desktop\999_cs\Quantum_Inpired_PSO_Classifcation\train\fog_smoke\fog_smoke3064.jpg,fog_smoke
C:\Users\HishamMo\Desktop\999_cs\Quantum_Inpired_PSO_Classifcation\train\fog_smoke\fog_smoke3066.jpg,fog_smoke
C:\Users\HishamMo\Desktop\999_cs\Quantum_Inpired_PSO_Classifcation\train\fog_smoke\fog_smoke3067.jpg,fog_smoke
C:\Users\HishamMo\Desktop\999_cs\Quantum_Inpired_PSO_Classifcation\train\fog_smoke\fog_smoke3069.jpg,fog_smoke
C:\Users\HishamMo\Desktop\999_cs\Quantum_Inpired_PSO_Classifcation\train\fog_smoke\fog_smoke3070.jpg,fog_smoke
C:\Users\HishamMo\Desktop\999_cs\Quantum_Inpired_PSO_Classifcation\train\fog_smoke\fog_smoke3072.jpg,fog_smoke
C:\Users\HishamMo\Desktop\999_cs\Quantum_Inpired_PSO_Classifcation\train\fog_smoke\fog_smoke3073.jpg,fog_smoke
C:\Users\HishamMo\Desktop\999_cs\Quantum_Inpired_PSO_Classifcation\train\fog_smoke\fog_smoke3075.jpg,fog_smoke
C:\Users\HishamMo\Desktop\999_cs\Quantum_Inpired_PSO_Classifcation\train\fog_smoke\fog_smoke3077.jpg,fog_smoke
C:\Users\HishamMo\Desktop\999_cs\Quantum_Inpired_PSO_Classifcation\train\fog_smoke\fog_smoke3078.jpg,fog_smoke
C:\Users\HishamMo\Desktop\999_cs\Quantum_Inpired_PSO_Classifcation\train\fog_smoke\fog_smoke3079.jpg,fog_smoke
C:\Users\HishamMo\Desktop\999_cs\Quantum_Inpired_PSO_Classifcation\train\fog_smoke\fog_smoke3080.jpg,fog_smoke
C:\Users\HishamMo\Desktop\999_cs\Quantum_Inpired_PSO_Classifcation\train\fog_smoke\fog_smoke3081.jpg,fog_smoke
C:\Users\HishamMo\Desktop\999_cs\Quantum_Inpired_PSO_Classifcation\train\fog_smoke\fog_smoke3082.jpg,fog_smoke
C:\Users\HishamMo\Desktop\999_cs\Quantum_Inpired_PSO_Classifcation\train\fog_smoke\fog_smoke3084.jpg,fog_smoke
C:\Users\HishamMo\Desktop\999_cs\Quantum_Inpired_PSO_Classifcation\train\fog_smoke\fog_smoke3085.jpg,fog_smoke
C:\Users\HishamMo\Desktop\999_cs\Quantum_Inpired_PSO_Classifcation\train\fog_smoke\fog_smoke3086.jpg,fog_smoke
C:\Users\HishamMo\Desktop\999_cs\Quantum_Inpired_PSO_Classifcation\train\fog_smoke\fog_smoke3087.jpg,fog_smoke
C:\Users\HishamMo\Desktop\999_cs\Quantum_Inpired_PSO_Classifcation\train\fog_smoke\fog_smoke3088.jpg,fog_smoke
C:\Users\HishamMo\Desktop\999_cs\Quantum_Inpired_PSO_Classifcation\train\fog_smoke\fog_smoke3089.jpg,fog_smoke
C:\Users\HishamMo\Desktop\999_cs\Quantum_Inpired_PSO_Classifcation\train\fog_smoke\fog_smoke3090.jpg,fog_smoke
C:\Users\HishamMo\Desktop\999_cs\Quantum_Inpired_PSO_Classifcation\train\fog_smoke\fog_smoke3091.jpg,fog_smoke
C:\Users\HishamMo\Desktop\999_cs\Quantum_Inpired_PSO_Classifcation\train\fog_smoke\fog_smoke3094.jpg,fog_smoke
C:\Users\HishamMo\Desktop\999_cs\Quantum_Inpired_PSO_Classifcation\train\fog_smoke\fog_smoke3095.jpg,fog_smoke
C:\Users\HishamMo\Desktop\999_cs\Quantum_Inpired_PSO_Classifcation\train\fog_smoke\fog_smoke3096.jpg,fog_smoke
C:\Users\HishamMo\Desktop\999_cs\Quantum_Inpired_PSO_Classifcation\train\fog_smoke\fog_smoke3097.jpg,fog_smoke
C:\Users\HishamMo\Desktop\999_cs\Quantum_Inpired_PSO_Classifcation\train\fog_smoke\fog_smoke3098.jpg,fog_smoke
C:\Users\HishamMo\Desktop\999_cs\Quantum_Inpired_PSO_Classifcation\train\fog_smoke\fog_smoke3099.jpg,fog_smoke
C:\Users\HishamMo\Desktop\999_cs\Quantum_Inpired_PSO_Classifcation\train\fog_smoke\fog_smoke3102.jpg,fog_smoke
C:\Users\HishamMo\Desktop\999_cs\Quantum_Inpired_PSO_Classifcation\train\fog_smoke\fog_smoke3103.jpg,fog_smoke
C:\Users\HishamMo\Desktop\999_cs\Quantum_Inpired_PSO_Classifcation\train\fog_smoke\fog_smoke3104.jpg,fog_smoke
C:\Users\HishamMo\Desktop\999_cs\Quantum_Inpired_PSO_Classifcation\train\fog_smoke\fog_smoke3106.jpg,fog_smoke
C:\Users\HishamMo\Desktop\999_cs\Quantum_Inpired_PSO_Classifcation\train\fog_smoke\fog_smoke3107.jpg,fog_smoke
C:\Users\HishamMo\Desktop\999_cs\Quantum_Inpired_PSO_Classifcation\train\fog_smoke\fog_smoke3108.jpg,fog_smoke
C:\Users\HishamMo\Desktop\999_cs\Quantum_Inpired_PSO_Classifcation\train\fog_smoke\fog_smoke3109.jpg,fog_smoke
C:\Users\HishamMo\Desktop\999_cs\Quantum_Inpired_PSO_Classifcation\train\fog_smoke\fog_smoke3110.jpg,fog_smoke
C:\Users\HishamMo\Desktop\999_cs\Quantum_Inpired_PSO_Classifcation\train\fog_smoke\fog_smoke3111.jpg,fog_smoke
C:\Users\HishamMo\Desktop\999_cs\Quantum_Inpired_PSO_Classifcation\train\fog_smoke\fog_smoke3112.jpg,fog_smoke
C:\Users\HishamMo\Desktop\999_cs\Quantum_Inpired_PSO_Classifcation\train\fog_smoke\fog_smoke3113.jpg,fog_smoke
C:\Users\HishamMo\Desktop\999_cs\Quantum_Inpired_PSO_Classifcation\train\fog_smoke\fog_smoke3114.jpg,fog_smoke
C:\Users\HishamMo\Desktop\999_cs\Quantum_Inpired_PSO_Classifcation\train\fog_smoke\fog_smoke3115.jpg,fog_smoke
C:\Users\HishamMo\Desktop\999_cs\Quantum_Inpired_PSO_Classifcation\train\fog_smoke\fog_smoke3116.jpg,fog_smoke
C:\Users\HishamMo\Desktop\999_cs\Quantum_Inpired_PSO_Classifcation\train\fog_smoke\fog_smoke3118.jpg,fog_smoke
C:\Users\HishamMo\Desktop\999_cs\Quantum_Inpired_PSO_Classifcation\train\fog_smoke\fog_smoke3119.jpg,fog_smoke
C:\Users\HishamMo\Desktop\999_cs\Quantum_Inpired_PSO_Classifcation\train\fog_smoke\fog_smoke3120.jpg,fog_smoke
C:\Users\HishamMo\Desktop\999_cs\Quantum_Inpired_PSO_Classifcation\train\fog_smoke\fog_smoke3121.jpg,fog_smoke
C:\Users\HishamMo\Desktop\999_cs\Quantum_Inpired_PSO_Classifcation\train\fog_smoke\fog_smoke3122.jpg,fog_smoke
C:\Users\HishamMo\Desktop\999_cs\Quantum_Inpired_PSO_Classifcation\train\fog_smoke\fog_smoke3123.jpg,fog_smoke
C:\Users\HishamMo\Desktop\999_cs\Quantum_Inpired_PSO_Classifcation\train\fog_smoke\fog_smoke3124.jpg,fog_smoke
C:\Users\HishamMo\Desktop\999_cs\Quantum_Inpired_PSO_Classifcation\train\fog_smoke\fog_smoke3125.jpg,fog_smoke
C:\Users\HishamMo\Desktop\999_cs\Quantum_Inpired_PSO_Classifcation\train\fog_smoke\fog_smoke3127.jpg,fog_smoke
C:\Users\HishamMo\Desktop\999_cs\Quantum_Inpired_PSO_Classifcation\train\fog_smoke\fog_smoke3128.jpg,fog_smoke
C:\Users\HishamMo\Desktop\999_cs\Quantum_Inpired_PSO_Classifcation\train\fog_smoke\fog_smoke3129.jpg,fog_smoke
C:\Users\HishamMo\Desktop\999_cs\Quantum_Inpired_PSO_Classifcation\train\fog_smoke\fog_smoke3130.jpg,fog_smoke
C:\Users\HishamMo\Desktop\999_cs\Quantum_Inpired_PSO_Classifcation\train\fog_smoke\fog_smoke3131.jpg,fog_smoke
C:\Users\HishamMo\Desktop\999_cs\Quantum_Inpired_PSO_Classifcation\train\fog_smoke\fog_smoke3133.jpg,fog_smoke
C:\Users\HishamMo\Desktop\999_cs\Quantum_Inpired_PSO_Classifcation\train\fog_smoke\fog_smoke3134.jpg,fog_smoke
C:\Users\HishamMo\Desktop\999_cs\Quantum_Inpired_PSO_Classifcation\train\fog_smoke\fog_smoke3136.jpg,fog_smoke
C:\Users\HishamMo\Desktop\999_cs\Quantum_Inpired_PSO_Classifcation\train\fog_smoke\fog_smoke3137.jpg,fog_smoke
C:\Users\HishamMo\Desktop\999_cs\Quantum_Inpired_PSO_Classifcation\train\fog_smoke\fog_smoke3138.jpg,fog_smoke
C:\Users\HishamMo\Desktop\999_cs\Quantum_Inpired_PSO_Classifcation\train\fog_smoke\fog_smoke3139.jpg,fog_smoke
C:\Users\HishamMo\Desktop\999_cs\Quantum_Inpired_PSO_Classifcation\train\fog_smoke\fog_smoke3140.jpg,fog_smoke
C:\Users\HishamMo\Desktop\999_cs\Quantum_Inpired_PSO_Classifcation\train\fog_smoke\fog_smoke3141.jpg,fog_smoke
C:\Users\HishamMo\Desktop\999_cs\Quantum_Inpired_PSO_Classifcation\train\fog_smoke\fog_smoke3142.jpg,fog_smoke
C:\Users\HishamMo\Desktop\999_cs\Quantum_Inpired_PSO_Classifcation\train\fog_smoke\fog_smoke3144.jpg,fog_smoke
C:\Users\HishamMo\Desktop\999_cs\Quantum_Inpired_PSO_Classifcation\train\fog_smoke\fog_smoke3145.jpg,fog_smoke
C:\Users\HishamMo\Desktop\999_cs\Quantum_Inpired_PSO_Classifcation\train\fog_smoke\fog_smoke3146.jpg,fog_smoke
C:\Users\HishamMo\Desktop\999_cs\Quantum_Inpired_PSO_Classifcation\train\fog_smoke\fog_smoke3147.jpg,fog_smoke
C:\Users\HishamMo\Desktop\999_cs\Quantum_Inpired_PSO_Classifcation\train\fog_smoke\fog_smoke3149.jpg,fog_smoke
C:\Users\HishamMo\Desktop\999_cs\Quantum_Inpired_PSO_Classifcation\train\fog_smoke\fog_smoke3150.jpg,fog_smoke
C:\Users\HishamMo\Desktop\999_cs\Quantum_Inpired_PSO_Classifcation\train\fog_smoke\fog_smoke3151.jpg,fog_smoke
C:\Users\HishamMo\Desktop\999_cs\Quantum_Inpired_PSO_Classifcation\train\fog_smoke\fog_smoke3152.jpg,fog_smoke
C:\Users\HishamMo\Desktop\999_cs\Quantum_Inpired_PSO_Classifcation\train\fog_smoke\fog_smoke3153.jpg,fog_smoke
C:\Users\HishamMo\Desktop\999_cs\Quantum_Inpired_PSO_Classifcation\train\fog_smoke\fog_smoke3154.jpg,fog_smoke
C:\Users\HishamMo\Desktop\999_cs\Quantum_Inpired_PSO_Classifcation\train\fog_smoke\fog_smoke3155.jpg,fog_smoke
C:\Users\HishamMo\Desktop\999_cs\Quantum_Inpired_PSO_Classifcation\train\fog_smoke\fog_smoke3156.jpg,fog_smoke
C:\Users\HishamMo\Desktop\999_cs\Quantum_Inpired_PSO_Classifcation\train\fog_smoke\fog_smoke3157.jpg,fog_smoke
C:\Users\HishamMo\Desktop\999_cs\Quantum_Inpired_PSO_Classifcation\train\fog_smoke\fog_smoke3159.jpg,fog_smoke
C:\Users\HishamMo\Desktop\999_cs\Quantum_Inpired_PSO_Classifcation\train\fog_smoke\fog_smoke3160.jpg,fog_smoke
C:\Users\HishamMo\Desktop\999_cs\Quantum_Inpired_PSO_Classifcation\train\fog_smoke\fog_smoke3161.jpg,fog_smoke
C:\Users\HishamMo\Desktop\999_cs\Quantum_Inpired_PSO_Classifcation\train\fog_smoke\fog_smoke3162.jpg,fog_smoke
C:\Users\HishamMo\Desktop\999_cs\Quantum_Inpired_PSO_Classifcation\train\fog_smoke\fog_smoke3163.jpg,fog_smoke
C:\Users\HishamMo\Desktop\999_cs\Quantum_Inpired_PSO_Classifcation\train\fog_smoke\fog_smoke3165.jpg,fog_smoke
C:\Users\HishamMo\Desktop\999_cs\Quantum_Inpired_PSO_Classifcation\train\fog_smoke\fog_smoke3167.jpg,fog_smoke
C:\Users\HishamMo\Desktop\999_cs\Quantum_Inpired_PSO_Classifcation\train\fog_smoke\fog_smoke3168.jpg,fog_smoke
C:\Users\HishamMo\Desktop\999_cs\Quantum_Inpired_PSO_Classifcation\train\fog_smoke\fog_smoke3169.jpg,fog_smoke
C:\Users\HishamMo\Desktop\999_cs\Quantum_Inpired_PSO_Classifcation\train\fog_smoke\fog_smoke3170.jpg,fog_smoke
C:\Users\HishamMo\Desktop\999_cs\Quantum_Inpired_PSO_Classifcation\train\fog_smoke\fog_smoke3171.jpg,fog_smoke
C:\Users\HishamMo\Desktop\999_cs\Quantum_Inpired_PSO_Classifcation\train\fog_smoke\fog_smoke3174.jpg,fog_smoke
C:\Users\HishamMo\Desktop\999_cs\Quantum_Inpired_PSO_Classifcation\train\fog_smoke\fog_smoke3176.jpg,fog_smoke
C:\Users\HishamMo\Desktop\999_cs\Quantum_Inpired_PSO_Classifcation\train\fog_smoke\fog_smoke3177.jpg,fog_smoke
C:\Users\HishamMo\Desktop\999_cs\Quantum_Inpired_PSO_Classifcation\train\fog_smoke\fog_smoke3178.jpg,fog_smoke
C:\Users\HishamMo\Desktop\999_cs\Quantum_Inpired_PSO_Classifcation\train\fog_smoke\fog_smoke3179.jpg,fog_smoke
C:\Users\HishamMo\Desktop\999_cs\Quantum_Inpired_PSO_Classifcation\train\fog_smoke\fog_smoke3182.jpg,fog_smoke
C:\Users\HishamMo\Desktop\999_cs\Quantum_Inpired_PSO_Classifcation\train\fog_smoke\fog_smoke3183.jpg,fog_smoke
C:\Users\HishamMo\Desktop\999_cs\Quantum_Inpired_PSO_Classifcation\train\fog_smoke\fog_smoke3184.jpg,fog_smoke
C:\Users\HishamMo\Desktop\999_cs\Quantum_Inpired_PSO_Classifcation\train\fog_smoke\fog_smoke3185.jpg,fog_smoke
C:\Users\HishamMo\Desktop\999_cs\Quantum_Inpired_PSO_Classifcation\train\fog_smoke\fog_smoke3186.jpg,fog_smoke
C:\Users\HishamMo\Desktop\999_cs\Quantum_Inpired_PSO_Classifcation\train\fog_smoke\fog_smoke3187.jpg,fog_smoke
C:\Users\HishamMo\Desktop\999_cs\Quantum_Inpired_PSO_Classifcation\train\fog_smoke\fog_smoke3189.jpg,fog_smoke
C:\Users\HishamMo\Desktop\999_cs\Quantum_Inpired_PSO_Classifcation\train\fog_smoke\fog_smoke3190.jpg,fog_smoke
C:\Users\HishamMo\Desktop\999_cs\Quantum_Inpired_PSO_Classifcation\train\fog_smoke\fog_smoke3191.jpg,fog_smoke
C:\Users\HishamMo\Desktop\999_cs\Quantum_Inpired_PSO_Classifcation\train\fog_smoke\fog_smoke3192.jpg,fog_smoke
C:\Users\HishamMo\Desktop\999_cs\Quantum_Inpired_PSO_Classifcation\train\fog_smoke\fog_smoke3193.jpg,fog_smoke
C:\Users\HishamMo\Desktop\999_cs\Quantum_Inpired_PSO_Classifcation\train\fog_smoke\fog_smoke3194.jpg,fog_smoke
C:\Users\HishamMo\Desktop\999_cs\Quantum_Inpired_PSO_Classifcation\train\fog_smoke\fog_smoke3196.jpg,fog_smoke
C:\Users\HishamMo\Desktop\999_cs\Quantum_Inpired_PSO_Classifcation\train\fog_smoke\fog_smoke3197.jpg,fog_smoke
C:\Users\HishamMo\Desktop\999_cs\Quantum_Inpired_PSO_Classifcation\train\fog_smoke\fog_smoke3198.jpg,fog_smoke
C:\Users\HishamMo\Desktop\999_cs\Quantum_Inpired_PSO_Classifcation\train\fog_smoke\fog_smoke3201.jpg,fog_smoke
C:\Users\HishamMo\Desktop\999_cs\Quantum_Inpired_PSO_Classifcation\train\fog_smoke\fog_smoke3202.jpg,fog_smoke
C:\Users\HishamMo\Desktop\999_cs\Quantum_Inpired_PSO_Classifcation\train\fog_smoke\fog_smoke3203.jpg,fog_smoke
C:\Users\HishamMo\Desktop\999_cs\Quantum_Inpired_PSO_Classifcation\train\fog_smoke\fog_smoke3205.jpg,fog_smoke
C:\Users\HishamMo\Desktop\999_cs\Quantum_Inpired_PSO_Classifcation\train\fog_smoke\fog_smoke3206.jpg,fog_smoke
C:\Users\HishamMo\Desktop\999_cs\Quantum_Inpired_PSO_Classifcation\train\fog_smoke\fog_smoke3207.jpg,fog_smoke
C:\Users\HishamMo\Desktop\999_cs\Quantum_Inpired_PSO_Classifcation\train\fog_smoke\fog_smoke3208.jpg,fog_smoke
C:\Users\HishamMo\Desktop\999_cs\Quantum_Inpired_PSO_Classifcation\train\fog_smoke\fog_smoke3210.jpg,fog_smoke
C:\Users\HishamMo\Desktop\999_cs\Quantum_Inpired_PSO_Classifcation\train\fog_smoke\fog_smoke3211.jpg,fog_smoke
C:\Users\HishamMo\Desktop\999_cs\Quantum_Inpired_PSO_Classifcation\train\fog_smoke\fog_smoke3212.jpg,fog_smoke
C:\Users\HishamMo\Desktop\999_cs\Quantum_Inpired_PSO_Classifcation\train\fog_smoke\fog_smoke3213.jpg,fog_smoke
C:\Users\HishamMo\Desktop\999_cs\Quantum_Inpired_PSO_Classifcation\train\fog_smoke\fog_smoke3215.jpg,fog_smoke
C:\Users\HishamMo\Desktop\999_cs\Quantum_Inpired_PSO_Classifcation\train\fog_smoke\fog_smoke3217.jpg,fog_smoke
C:\Users\HishamMo\Desktop\999_cs\Quantum_Inpired_PSO_Classifcation\train\fog_smoke\fog_smoke3218.jpg,fog_smoke
C:\Users\HishamMo\Desktop\999_cs\Quantum_Inpired_PSO_Classifcation\train\fog_smoke\fog_smoke3219.jpg,fog_smoke
C:\Users\HishamMo\Desktop\999_cs\Quantum_Inpired_PSO_Classifcation\train\fog_smoke\fog_smoke3220.jpg,fog_smoke
C:\Users\HishamMo\Desktop\999_cs\Quantum_Inpired_PSO_Classifcation\train\fog_smoke\fog_smoke3221.jpg,fog_smoke
C:\Users\HishamMo\Desktop\999_cs\Quantum_Inpired_PSO_Classifcation\train\fog_smoke\fog_smoke3222.jpg,fog_smoke
C:\Users\HishamMo\Desktop\999_cs\Quantum_Inpired_PSO_Classifcation\train\fog_smoke\fog_smoke3223.jpg,fog_smoke
C:\Users\HishamMo\Desktop\999_cs\Quantum_Inpired_PSO_Classifcation\train\fog_smoke\fog_smoke3226.jpg,fog_smoke
C:\Users\HishamMo\Desktop\999_cs\Quantum_Inpired_PSO_Classifcation\train\fog_smoke\fog_smoke3227.jpg,fog_smoke
C:\Users\HishamMo\Desktop\999_cs\Quantum_Inpired_PSO_Classifcation\train\fog_smoke\fog_smoke3228.jpg,fog_smoke
C:\Users\HishamMo\Desktop\999_cs\Quantum_Inpired_PSO_Classifcation\train\fog_smoke\fog_smoke3229.jpg,fog_smoke
C:\Users\HishamMo\Desktop\999_cs\Quantum_Inpired_PSO_Classifcation\train\fog_smoke\fog_smoke3230.jpg,fog_smoke
C:\Users\HishamMo\Desktop\999_cs\Quantum_Inpired_PSO_Classifcation\train\fog_smoke\fog_smoke3231.jpg,fog_smoke
C:\Users\HishamMo\Desktop\999_cs\Quantum_Inpired_PSO_Classifcation\train\fog_smoke\fog_smoke3232.jpg,fog_smoke
C:\Users\HishamMo\Desktop\999_cs\Quantum_Inpired_PSO_Classifcation\train\fog_smoke\fog_smoke3233.jpg,fog_smoke
C:\Users\HishamMo\Desktop\999_cs\Quantum_Inpired_PSO_Classifcation\train\fog_smoke\fog_smoke3234.jpg,fog_smoke
C:\Users\HishamMo\Desktop\999_cs\Quantum_Inpired_PSO_Classifcation\train\fog_smoke\fog_smoke3235.jpg,fog_smoke
C:\Users\HishamMo\Desktop\999_cs\Quantum_Inpired_PSO_Classifcation\train\fog_smoke\fog_smoke3236.jpg,fog_smoke
C:\Users\HishamMo\Desktop\999_cs\Quantum_Inpired_PSO_Classifcation\train\fog_smoke\fog_smoke3237.jpg,fog_smoke
C:\Users\HishamMo\Desktop\999_cs\Quantum_Inpired_PSO_Classifcation\train\fog_smoke\fog_smoke3238.jpg,fog_smoke
C:\Users\HishamMo\Desktop\999_cs\Quantum_Inpired_PSO_Classifcation\train\fog_smoke\fog_smoke3240.jpg,fog_smoke
C:\Users\HishamMo\Desktop\999_cs\Quantum_Inpired_PSO_Classifcation\train\fog_smoke\fog_smoke3241.jpg,fog_smoke
C:\Users\HishamMo\Desktop\999_cs\Quantum_Inpired_PSO_Classifcation\train\fog_smoke\fog_smoke3244.jpg,fog_smoke
C:\Users\HishamMo\Desktop\999_cs\Quantum_Inpired_PSO_Classifcation\train\fog_smoke\fog_smoke3245.jpg,fog_smoke
C:\Users\HishamMo\Desktop\999_cs\Quantum_Inpired_PSO_Classifcation\train\fog_smoke\fog_smoke3247.jpg,fog_smoke
C:\Users\HishamMo\Desktop\999_cs\Quantum_Inpired_PSO_Classifcation\train\fog_smoke\fog_smoke3248.jpg,fog_smoke
C:\Users\HishamMo\Desktop\999_cs\Quantum_Inpired_PSO_Classifcation\train\fog_smoke\fog_smoke3249.jpg,fog_smoke
C:\Users\HishamMo\Desktop\999_cs\Quantum_Inpired_PSO_Classifcation\train\fog_smoke\fog_smoke3250.jpg,fog_smoke
C:\Users\HishamMo\Desktop\999_cs\Quantum_Inpired_PSO_Classifcation\train\fog_smoke\fog_smoke3251.jpg,fog_smoke
C:\Users\HishamMo\Desktop\999_cs\Quantum_Inpired_PSO_Classifcation\train\fog_smoke\fog_smoke3252.jpg,fog_smoke
C:\Users\HishamMo\Desktop\999_cs\Quantum_Inpired_PSO_Classifcation\train\fog_smoke\fog_smoke3253.jpg,fog_smoke
C:\Users\HishamMo\Desktop\999_cs\Quantum_Inpired_PSO_Classifcation\train\fog_smoke\fog_smoke3254.jpg,fog_smoke
C:\Users\HishamMo\Desktop\999_cs\Quantum_Inpired_PSO_Classifcation\train\fog_smoke\fog_smoke3255.jpg,fog_smoke
C:\Users\HishamMo\Desktop\999_cs\Quantum_Inpired_PSO_Classifcation\train\fog_smoke\fog_smoke3256.jpg,fog_smoke
C:\Users\HishamMo\Desktop\999_cs\Quantum_Inpired_PSO_Classifcation\train\fog_smoke\fog_smoke3257.jpg,fog_smoke
C:\Users\HishamMo\Desktop\999_cs\Quantum_Inpired_PSO_Classifcation\train\fog_smoke\fog_smoke3258.jpg,fog_smoke
C:\Users\HishamMo\Desktop\999_cs\Quantum_Inpired_PSO_Classifcation\train\fog_smoke\fog_smoke3259.jpg,fog_smoke
C:\Users\HishamMo\Desktop\999_cs\Quantum_Inpired_PSO_Classifcation\train\fog_smoke\fog_smoke3260.jpg,fog_smoke
C:\Users\HishamMo\Desktop\999_cs\Quantum_Inpired_PSO_Classifcation\train\fog_smoke\fog_smoke3264.jpg,fog_smoke
C:\Users\HishamMo\Desktop\999_cs\Quantum_Inpired_PSO_Classifcation\train\fog_smoke\fog_smoke3265.jpg,fog_smoke
C:\Users\HishamMo\Desktop\999_cs\Quantum_Inpired_PSO_Classifcation\train\fog_smoke\fog_smoke3266.jpg,fog_smoke
C:\Users\HishamMo\Desktop\999_cs\Quantum_Inpired_PSO_Classifcation\train\fog_smoke\fog_smoke3267.jpg,fog_smoke
C:\Users\HishamMo\Desktop\999_cs\Quantum_Inpired_PSO_Classifcation\train\fog_smoke\fog_smoke3268.jpg,fog_smoke
C:\Users\HishamMo\Desktop\999_cs\Quantum_Inpired_PSO_Classifcation\train\fog_smoke\fog_smoke3270.jpg,fog_smoke
C:\Users\HishamMo\Desktop\999_cs\Quantum_Inpired_PSO_Classifcation\train\fog_smoke\fog_smoke3272.jpg,fog_smoke
C:\Users\HishamMo\Desktop\999_cs\Quantum_Inpired_PSO_Classifcation\train\fog_smoke\fog_smoke3273.jpg,fog_smoke
C:\Users\HishamMo\Desktop\999_cs\Quantum_Inpired_PSO_Classifcation\train\fog_smoke\fog_smoke3276.jpg,fog_smoke
C:\Users\HishamMo\Desktop\999_cs\Quantum_Inpired_PSO_Classifcation\train\fog_smoke\fog_smoke3277.jpg,fog_smoke
C:\Users\HishamMo\Desktop\999_cs\Quantum_Inpired_PSO_Classifcation\train\fog_smoke\fog_smoke3278.jpg,fog_smoke
C:\Users\HishamMo\Desktop\999_cs\Quantum_Inpired_PSO_Classifcation\train\fog_smoke\fog_smoke3279.jpg,fog_smoke
C:\Users\HishamMo\Desktop\999_cs\Quantum_Inpired_PSO_Classifcation\train\fog_smoke\fog_smoke3280.jpg,fog_smoke
C:\Users\HishamMo\Desktop\999_cs\Quantum_Inpired_PSO_Classifcation\train\fog_smoke\fog_smoke3281.jpg,fog_smoke
C:\Users\HishamMo\Desktop\999_cs\Quantum_Inpired_PSO_Classifcation\train\fog_smoke\fog_smoke3283.jpg,fog_smoke
C:\Users\HishamMo\Desktop\999_cs\Quantum_Inpired_PSO_Classifcation\train\fog_smoke\fog_smoke3284.jpg,fog_smoke
C:\Users\HishamMo\Desktop\999_cs\Quantum_Inpired_PSO_Classifcation\train\fog_smoke\fog_smoke3285.jpg,fog_smoke
C:\Users\HishamMo\Desktop\999_cs\Quantum_Inpired_PSO_Classifcation\train\fog_smoke\fog_smoke3286.jpg,fog_smoke
C:\Users\HishamMo\Desktop\999_cs\Quantum_Inpired_PSO_Classifcation\train\fog_smoke\fog_smoke3288.jpg,fog_smoke
C:\Users\HishamMo\Desktop\999_cs\Quantum_Inpired_PSO_Classifcation\train\fog_smoke\fog_smoke3289.jpg,fog_smoke
C:\Users\HishamMo\Desktop\999_cs\Quantum_Inpired_PSO_Classifcation\train\fog_smoke\fog_smoke3290.jpg,fog_smoke
C:\Users\HishamMo\Desktop\999_cs\Quantum_Inpired_PSO_Classifcation\train\fog_smoke\fog_smoke3291.jpg,fog_smoke
C:\Users\HishamMo\Desktop\999_cs\Quantum_Inpired_PSO_Classifcation\train\fog_smoke\fog_smoke3292.jpg,fog_smoke
C:\Users\HishamMo\Desktop\999_cs\Quantum_Inpired_PSO_Classifcation\train\fog_smoke\fog_smoke3293.jpg,fog_smoke
C:\Users\HishamMo\Desktop\999_cs\Quantum_Inpired_PSO_Classifcation\train\fog_smoke\fog_smoke3294.jpg,fog_smoke
C:\Users\HishamMo\Desktop\999_cs\Quantum_Inpired_PSO_Classifcation\train\fog_smoke\fog_smoke3295.jpg,fog_smoke
C:\Users\HishamMo\Desktop\999_cs\Quantum_Inpired_PSO_Classifcation\train\fog_smoke\fog_smoke3296.jpg,fog_smoke
C:\Users\HishamMo\Desktop\999_cs\Quantum_Inpired_PSO_Classifcation\train\fog_smoke\fog_smoke3297.jpg,fog_smoke
C:\Users\HishamMo\Desktop\999_cs\Quantum_Inpired_PSO_Classifcation\train\fog_smoke\fog_smoke3298.jpg,fog_smoke
C:\Users\HishamMo\Desktop\999_cs\Quantum_Inpired_PSO_Classifcation\train\fog_smoke\fog_smoke3299.jpg,fog_smoke
C:\Users\HishamMo\Desktop\999_cs\Quantum_Inpired_PSO_Classifcation\train\fog_smoke\fog_smoke3300.jpg,fog_smoke
C:\Users\HishamMo\Desktop\999_cs\Quantum_Inpired_PSO_Classifcation\train\fog_smoke\fog_smoke3301.jpg,fog_smoke
C:\Users\HishamMo\Desktop\999_cs\Quantum_Inpired_PSO_Classifcation\train\fog_smoke\fog_smoke3302.jpg,fog_smoke
C:\Users\HishamMo\Desktop\999_cs\Quantum_Inpired_PSO_Classifcation\train\fog_smoke\fog_smoke3303.jpg,fog_smoke
C:\Users\HishamMo\Desktop\999_cs\Quantum_Inpired_PSO_Classifcation\train\fog_smoke\fog_smoke3304.jpg,fog_smoke
C:\Users\HishamMo\Desktop\999_cs\Quantum_Inpired_PSO_Classifcation\train\fog_smoke\fog_smoke3305.jpg,fog_smoke
C:\Users\HishamMo\Desktop\999_cs\Quantum_Inpired_PSO_Classifcation\train\fog_smoke\fog_smoke3307.jpg,fog_smoke
C:\Users\HishamMo\Desktop\999_cs\Quantum_Inpired_PSO_Classifcation\train\fog_smoke\fog_smoke3308.jpg,fog_smoke
C:\Users\HishamMo\Desktop\999_cs\Quantum_Inpired_PSO_Classifcation\train\fog_smoke\fog_smoke3309.jpg,fog_smoke
C:\Users\HishamMo\Desktop\999_cs\Quantum_Inpired_PSO_Classifcation\train\fog_smoke\fog_smoke3310.jpg,fog_smoke
C:\Users\HishamMo\Desktop\999_cs\Quantum_Inpired_PSO_Classifcation\train\fog_smoke\fog_smoke3312.jpg,fog_smoke
C:\Users\HishamMo\Desktop\999_cs\Quantum_Inpired_PSO_Classifcation\train\fog_smoke\fog_smoke3313.jpg,fog_smoke
C:\Users\HishamMo\Desktop\999_cs\Quantum_Inpired_PSO_Classifcation\train\fog_smoke\fog_smoke3314.jpg,fog_smoke
C:\Users\HishamMo\Desktop\999_cs\Quantum_Inpired_PSO_Classifcation\train\fog_smoke\fog_smoke3316.jpg,fog_smoke
C:\Users\HishamMo\Desktop\999_cs\Quantum_Inpired_PSO_Classifcation\train\fog_smoke\fog_smoke3317.jpg,fog_smoke
C:\Users\HishamMo\Desktop\999_cs\Quantum_Inpired_PSO_Classifcation\train\fog_smoke\fog_smoke3318.jpg,fog_smoke
C:\Users\HishamMo\Desktop\999_cs\Quantum_Inpired_PSO_Classifcation\train\fog_smoke\fog_smoke3320.jpg,fog_smoke
C:\Users\HishamMo\Desktop\999_cs\Quantum_Inpired_PSO_Classifcation\train\fog_smoke\fog_smoke3321.jpg,fog_smoke
C:\Users\HishamMo\Desktop\999_cs\Quantum_Inpired_PSO_Classifcation\train\fog_smoke\fog_smoke3322.jpg,fog_smoke
C:\Users\HishamMo\Desktop\999_cs\Quantum_Inpired_PSO_Classifcation\train\fog_smoke\fog_smoke3324.jpg,fog_smoke
C:\Users\HishamMo\Desktop\999_cs\Quantum_Inpired_PSO_Classifcation\train\fog_smoke\fog_smoke3325.jpg,fog_smoke
C:\Users\HishamMo\Desktop\999_cs\Quantum_Inpired_PSO_Classifcation\train\fog_smoke\fog_smoke3326.jpg,fog_smoke
C:\Users\HishamMo\Desktop\999_cs\Quantum_Inpired_PSO_Classifcation\train\fog_smoke\fog_smoke3327.jpg,fog_smoke
C:\Users\HishamMo\Desktop\999_cs\Quantum_Inpired_PSO_Classifcation\train\fog_smoke\fog_smoke3328.jpg,fog_smoke
C:\Users\HishamMo\Desktop\999_cs\Quantum_Inpired_PSO_Classifcation\train\fog_smoke\fog_smoke3330.jpg,fog_smoke
C:\Users\HishamMo\Desktop\999_cs\Quantum_Inpired_PSO_Classifcation\train\fog_smoke\fog_smoke3331.jpg,fog_smoke
C:\Users\HishamMo\Desktop\999_cs\Quantum_Inpired_PSO_Classifcation\train\fog_smoke\fog_smoke3332.jpg,fog_smoke
C:\Users\HishamMo\Desktop\999_cs\Quantum_Inpired_PSO_Classifcation\train\fog_smoke\fog_smoke3333.jpg,fog_smoke
C:\Users\HishamMo\Desktop\999_cs\Quantum_Inpired_PSO_Classifcation\train\fog_smoke\fog_smoke3334.jpg,fog_smoke
C:\Users\HishamMo\Desktop\999_cs\Quantum_Inpired_PSO_Classifcation\train\fog_smoke\fog_smoke3335.jpg,fog_smoke
C:\Users\HishamMo\Desktop\999_cs\Quantum_Inpired_PSO_Classifcation\train\fog_smoke\fog_smoke3337.jpg,fog_smoke
C:\Users\HishamMo\Desktop\999_cs\Quantum_Inpired_PSO_Classifcation\train\fog_smoke\fog_smoke3338.jpg,fog_smoke
C:\Users\HishamMo\Desktop\999_cs\Quantum_Inpired_PSO_Classifcation\train\fog_smoke\fog_smoke3339.jpg,fog_smoke
C:\Users\HishamMo\Desktop\999_cs\Quantum_Inpired_PSO_Classifcation\train\fog_smoke\fog_smoke3340.jpg,fog_smoke
C:\Users\HishamMo\Desktop\999_cs\Quantum_Inpired_PSO_Classifcation\train\fog_smoke\fog_smoke3341.jpg,fog_smoke
C:\Users\HishamMo\Desktop\999_cs\Quantum_Inpired_PSO_Classifcation\train\fog_smoke\fog_smoke3342.jpg,fog_smoke
C:\Users\HishamMo\Desktop\999_cs\Quantum_Inpired_PSO_Classifcation\train\fog_smoke\fog_smoke3343.jpg,fog_smoke
C:\Users\HishamMo\Desktop\999_cs\Quantum_Inpired_PSO_Classifcation\train\fog_smoke\fog_smoke3344.jpg,fog_smoke
C:\Users\HishamMo\Desktop\999_cs\Quantum_Inpired_PSO_Classifcation\train\fog_smoke\fog_smoke3345.jpg,fog_smoke
C:\Users\HishamMo\Desktop\999_cs\Quantum_Inpired_PSO_Classifcation\train\fog_smoke\fog_smoke3346.jpg,fog_smoke
C:\Users\HishamMo\Desktop\999_cs\Quantum_Inpired_PSO_Classifcation\train\fog_smoke\fog_smoke3347.jpg,fog_smoke
C:\Users\HishamMo\Desktop\999_cs\Quantum_Inpired_PSO_Classifcation\train\fog_smoke\fog_smoke3348.jpg,fog_smoke
C:\Users\HishamMo\Desktop\999_cs\Quantum_Inpired_PSO_Classifcation\train\fog_smoke\fog_smoke3349.jpg,fog_smoke
C:\Users\HishamMo\Desktop\999_cs\Quantum_Inpired_PSO_Classifcation\train\fog_smoke\fog_smoke3350.jpg,fog_smoke
C:\Users\HishamMo\Desktop\999_cs\Quantum_Inpired_PSO_Classifcation\train\fog_smoke\fog_smoke3351.jpg,fog_smoke
C:\Users\HishamMo\Desktop\999_cs\Quantum_Inpired_PSO_Classifcation\train\fog_smoke\fog_smoke3352.jpg,fog_smoke
C:\Users\HishamMo\Desktop\999_cs\Quantum_Inpired_PSO_Classifcation\train\fog_smoke\fog_smoke3353.jpg,fog_smoke
C:\Users\HishamMo\Desktop\999_cs\Quantum_Inpired_PSO_Classifcation\train\fog_smoke\fog_smoke3354.jpg,fog_smoke
C:\Users\HishamMo\Desktop\999_cs\Quantum_Inpired_PSO_Classifcation\train\fog_smoke\fog_smoke3355.jpg,fog_smoke
C:\Users\HishamMo\Desktop\999_cs\Quantum_Inpired_PSO_Classifcation\train\fog_smoke\fog_smoke3356.jpg,fog_smoke
C:\Users\HishamMo\Desktop\999_cs\Quantum_Inpired_PSO_Classifcation\train\fog_smoke\fog_smoke3357.jpg,fog_smoke
C:\Users\HishamMo\Desktop\999_cs\Quantum_Inpired_PSO_Classifcation\train\fog_smoke\fog_smoke3358.jpg,fog_smoke
C:\Users\HishamMo\Desktop\999_cs\Quantum_Inpired_PSO_Classifcation\train\fog_smoke\fog_smoke3360.jpg,fog_smoke
C:\Users\HishamMo\Desktop\999_cs\Quantum_Inpired_PSO_Classifcation\train\fog_smoke\fog_smoke3361.jpg,fog_smoke
C:\Users\HishamMo\Desktop\999_cs\Quantum_Inpired_PSO_Classifcation\train\fog_smoke\fog_smoke3362.jpg,fog_smoke
C:\Users\HishamMo\Desktop\999_cs\Quantum_Inpired_PSO_Classifcation\train\fog_smoke\fog_smoke3363.jpg,fog_smoke
C:\Users\HishamMo\Desktop\999_cs\Quantum_Inpired_PSO_Classifcation\train\fog_smoke\fog_smoke3365.jpg,fog_smoke
C:\Users\HishamMo\Desktop\999_cs\Quantum_Inpired_PSO_Classifcation\train\fog_smoke\fog_smoke3367.jpg,fog_smoke
C:\Users\HishamMo\Desktop\999_cs\Quantum_Inpired_PSO_Classifcation\train\fog_smoke\fog_smoke3368.jpg,fog_smoke
C:\Users\HishamMo\Desktop\999_cs\Quantum_Inpired_PSO_Classifcation\train\fog_smoke\fog_smoke3369.jpg,fog_smoke
C:\Users\HishamMo\Desktop\999_cs\Quantum_Inpired_PSO_Classifcation\train\fog_smoke\fog_smoke3370.jpg,fog_smoke
C:\Users\HishamMo\Desktop\999_cs\Quantum_Inpired_PSO_Classifcation\train\fog_smoke\fog_smoke3371.jpg,fog_smoke
C:\Users\HishamMo\Desktop\999_cs\Quantum_Inpired_PSO_Classifcation\train\fog_smoke\fog_smoke3372.jpg,fog_smoke
C:\Users\HishamMo\Desktop\999_cs\Quantum_Inpired_PSO_Classifcation\train\fog_smoke\fog_smoke3374.jpg,fog_smoke
C:\Users\HishamMo\Desktop\999_cs\Quantum_Inpired_PSO_Classifcation\train\fog_smoke\fog_smoke3375.jpg,fog_smoke
C:\Users\HishamMo\Desktop\999_cs\Quantum_Inpired_PSO_Classifcation\train\fog_smoke\fog_smoke3377.jpg,fog_smoke
C:\Users\HishamMo\Desktop\999_cs\Quantum_Inpired_PSO_Classifcation\train\fog_smoke\fog_smoke3378.jpg,fog_smoke
C:\Users\HishamMo\Desktop\999_cs\Quantum_Inpired_PSO_Classifcation\train\fog_smoke\fog_smoke3379.jpg,fog_smoke
C:\Users\HishamMo\Desktop\999_cs\Quantum_Inpired_PSO_Classifcation\train\fog_smoke\fog_smoke3380.jpg,fog_smoke
C:\Users\HishamMo\Desktop\999_cs\Quantum_Inpired_PSO_Classifcation\train\fog_smoke\fog_smoke3381.jpg,fog_smoke
C:\Users\HishamMo\Desktop\999_cs\Quantum_Inpired_PSO_Classifcation\train\fog_smoke\fog_smoke3382.jpg,fog_smoke
C:\Users\HishamMo\Desktop\999_cs\Quantum_Inpired_PSO_Classifcation\train\fog_smoke\fog_smoke3383.jpg,fog_smoke
C:\Users\HishamMo\Desktop\999_cs\Quantum_Inpired_PSO_Classifcation\train\fog_smoke\fog_smoke3384.jpg,fog_smoke
C:\Users\HishamMo\Desktop\999_cs\Quantum_Inpired_PSO_Classifcation\train\fog_smoke\fog_smoke3385.jpg,fog_smoke
C:\Users\HishamMo\Desktop\999_cs\Quantum_Inpired_PSO_Classifcation\train\fog_smoke\fog_smoke3386.jpg,fog_smoke
C:\Users\HishamMo\Desktop\999_cs\Quantum_Inpired_PSO_Classifcation\train\fog_smoke\fog_smoke3387.jpg,fog_smoke
C:\Users\HishamMo\Desktop\999_cs\Quantum_Inpired_PSO_Classifcation\train\fog_smoke\fog_smoke3388.jpg,fog_smoke
C:\Users\HishamMo\Desktop\999_cs\Quantum_Inpired_PSO_Classifcation\train\fog_smoke\fog_smoke3389.jpg,fog_smoke
C:\Users\HishamMo\Desktop\999_cs\Quantum_Inpired_PSO_Classifcation\train\fog_smoke\fog_smoke3390.jpg,fog_smoke
C:\Users\HishamMo\Desktop\999_cs\Quantum_Inpired_PSO_Classifcation\train\fog_smoke\fog_smoke3391.jpg,fog_smoke
C:\Users\HishamMo\Desktop\999_cs\Quantum_Inpired_PSO_Classifcation\train\fog_smoke\fog_smoke3394.jpg,fog_smoke
C:\Users\HishamMo\Desktop\999_cs\Quantum_Inpired_PSO_Classifcation\train\fog_smoke\fog_smoke3398.jpg,fog_smoke
C:\Users\HishamMo\Desktop\999_cs\Quantum_Inpired_PSO_Classifcation\train\fog_smoke\fog_smoke3399.jpg,fog_smoke
C:\Users\HishamMo\Desktop\999_cs\Quantum_Inpired_PSO_Classifcation\train\fog_smoke\fog_smoke3400.jpg,fog_smoke
C:\Users\HishamMo\Desktop\999_cs\Quantum_Inpired_PSO_Classifcation\train\fog_smoke\fog_smoke3401.jpg,fog_smoke
C:\Users\HishamMo\Desktop\999_cs\Quantum_Inpired_PSO_Classifcation\train\fog_smoke\fog_smoke3403.jpg,fog_smoke
C:\Users\HishamMo\Desktop\999_cs\Quantum_Inpired_PSO_Classifcation\train\fog_smoke\fog_smoke3404.jpg,fog_smoke
C:\Users\HishamMo\Desktop\999_cs\Quantum_Inpired_PSO_Classifcation\train\fog_smoke\fog_smoke3405.jpg,fog_smoke
C:\Users\HishamMo\Desktop\999_cs\Quantum_Inpired_PSO_Classifcation\train\fog_smoke\fog_smoke3406.jpg,fog_smoke
C:\Users\HishamMo\Desktop\999_cs\Quantum_Inpired_PSO_Classifcation\train\fog_smoke\fog_smoke3410.jpg,fog_smoke
C:\Users\HishamMo\Desktop\999_cs\Quantum_Inpired_PSO_Classifcation\train\fog_smoke\fog_smoke3412.jpg,fog_smoke
C:\Users\HishamMo\Desktop\999_cs\Quantum_Inpired_PSO_Classifcation\train\fog_smoke\fog_smoke3413.jpg,fog_smoke
C:\Users\HishamMo\Desktop\999_cs\Quantum_Inpired_PSO_Classifcation\train\fog_smoke\fog_smoke3415.jpg,fog_smoke
C:\Users\HishamMo\Desktop\999_cs\Quantum_Inpired_PSO_Classifcation\train\fog_smoke\fog_smoke3416.jpg,fog_smoke
C:\Users\HishamMo\Desktop\999_cs\Quantum_Inpired_PSO_Classifcation\train\fog_smoke\fog_smoke3419.jpg,fog_smoke
C:\Users\HishamMo\Desktop\999_cs\Quantum_Inpired_PSO_Classifcation\train\fog_smoke\fog_smoke3420.jpg,fog_smoke
C:\Users\HishamMo\Desktop\999_cs\Quantum_Inpired_PSO_Classifcation\train\fog_smoke\fog_smoke3421.jpg,fog_smoke
C:\Users\HishamMo\Desktop\999_cs\Quantum_Inpired_PSO_Classifcation\train\fog_smoke\fog_smoke3422.jpg,fog_smoke
C:\Users\HishamMo\Desktop\999_cs\Quantum_Inpired_PSO_Classifcation\train\fog_smoke\fog_smoke3423.jpg,fog_smoke
C:\Users\HishamMo\Desktop\999_cs\Quantum_Inpired_PSO_Classifcation\train\fog_smoke\fog_smoke3424.jpg,fog_smoke
C:\Users\HishamMo\Desktop\999_cs\Quantum_Inpired_PSO_Classifcation\train\fog_smoke\fog_smoke3425.jpg,fog_smoke
C:\Users\HishamMo\Desktop\999_cs\Quantum_Inpired_PSO_Classifcation\train\fog_smoke\fog_smoke3426.jpg,fog_smoke
C:\Users\HishamMo\Desktop\999_cs\Quantum_Inpired_PSO_Classifcation\train\fog_smoke\fog_smoke3427.jpg,fog_smoke
C:\Users\HishamMo\Desktop\999_cs\Quantum_Inpired_PSO_Classifcation\train\fog_smoke\fog_smoke3428.jpg,fog_smoke
C:\Users\HishamMo\Desktop\999_cs\Quantum_Inpired_PSO_Classifcation\train\fog_smoke\fog_smoke3429.jpg,fog_smoke
C:\Users\HishamMo\Desktop\999_cs\Quantum_Inpired_PSO_Classifcation\train\fog_smoke\fog_smoke3431.jpg,fog_smoke
C:\Users\HishamMo\Desktop\999_cs\Quantum_Inpired_PSO_Classifcation\train\fog_smoke\fog_smoke3433.jpg,fog_smoke
C:\Users\HishamMo\Desktop\999_cs\Quantum_Inpired_PSO_Classifcation\train\fog_smoke\fog_smoke3434.jpg,fog_smoke
C:\Users\HishamMo\Desktop\999_cs\Quantum_Inpired_PSO_Classifcation\train\fog_smoke\fog_smoke3437.jpg,fog_smoke
C:\Users\HishamMo\Desktop\999_cs\Quantum_Inpired_PSO_Classifcation\train\fog_smoke\fog_smoke3438.jpg,fog_smoke
C:\Users\HishamMo\Desktop\999_cs\Quantum_Inpired_PSO_Classifcation\train\fog_smoke\fog_smoke3439.jpg,fog_smoke
C:\Users\HishamMo\Desktop\999_cs\Quantum_Inpired_PSO_Classifcation\train\fog_smoke\fog_smoke3440.jpg,fog_smoke
C:\Users\HishamMo\Desktop\999_cs\Quantum_Inpired_PSO_Classifcation\train\fog_smoke\fog_smoke3441.jpg,fog_smoke
C:\Users\HishamMo\Desktop\999_cs\Quantum_Inpired_PSO_Classifcation\train\fog_smoke\fog_smoke3442.jpg,fog_smoke
C:\Users\HishamMo\Desktop\999_cs\Quantum_Inpired_PSO_Classifcation\train\fog_smoke\fog_smoke3445.jpg,fog_smoke
C:\Users\HishamMo\Desktop\999_cs\Quantum_Inpired_PSO_Classifcation\train\fog_smoke\fog_smoke3448.jpg,fog_smoke
C:\Users\HishamMo\Desktop\999_cs\Quantum_Inpired_PSO_Classifcation\train\fog_smoke\fog_smoke3449.jpg,fog_smoke
C:\Users\HishamMo\Desktop\999_cs\Quantum_Inpired_PSO_Classifcation\train\fog_smoke\fog_smoke3450.jpg,fog_smoke
C:\Users\HishamMo\Desktop\999_cs\Quantum_Inpired_PSO_Classifcation\train\fog_smoke\fog_smoke3452.jpg,fog_smoke
C:\Users\HishamMo\Desktop\999_cs\Quantum_Inpired_PSO_Classifcation\train\fog_smoke\fog_smoke3453.jpg,fog_smoke
C:\Users\HishamMo\Desktop\999_cs\Quantum_Inpired_PSO_Classifcation\train\fog_smoke\fog_smoke3454.jpg,fog_smoke
C:\Users\HishamMo\Desktop\999_cs\Quantum_Inpired_PSO_Classifcation\train\fog_smoke\fog_smoke3455.jpg,fog_smoke
C:\Users\HishamMo\Desktop\999_cs\Quantum_Inpired_PSO_Classifcation\train\fog_smoke\fog_smoke3456.jpg,fog_smoke
C:\Users\HishamMo\Desktop\999_cs\Quantum_Inpired_PSO_Classifcation\train\fog_smoke\fog_smoke3457.jpg,fog_smoke
C:\Users\HishamMo\Desktop\999_cs\Quantum_Inpired_PSO_Classifcation\train\fog_smoke\fog_smoke3458.jpg,fog_smoke
C:\Users\HishamMo\Desktop\999_cs\Quantum_Inpired_PSO_Classifcation\train\fog_smoke\fog_smoke3460.jpg,fog_smoke
C:\Users\HishamMo\Desktop\999_cs\Quantum_Inpired_PSO_Classifcation\train\fog_smoke\fog_smoke3461.jpg,fog_smoke
C:\Users\HishamMo\Desktop\999_cs\Quantum_Inpired_PSO_Classifcation\train\fog_smoke\fog_smoke3463.jpg,fog_smoke
C:\Users\HishamMo\Desktop\999_cs\Quantum_Inpired_PSO_Classifcation\train\fog_smoke\fog_smoke3464.jpg,fog_smoke
C:\Users\HishamMo\Desktop\999_cs\Quantum_Inpired_PSO_Classifcation\train\fog_smoke\fog_smoke3465.jpg,fog_smoke
C:\Users\HishamMo\Desktop\999_cs\Quantum_Inpired_PSO_Classifcation\train\fog_smoke\fog_smoke3466.jpg,fog_smoke
C:\Users\HishamMo\Desktop\999_cs\Quantum_Inpired_PSO_Classifcation\train\fog_smoke\fog_smoke3467.jpg,fog_smoke
C:\Users\HishamMo\Desktop\999_cs\Quantum_Inpired_PSO_Classifcation\train\fog_smoke\fog_smoke3468.jpg,fog_smoke
C:\Users\HishamMo\Desktop\999_cs\Quantum_Inpired_PSO_Classifcation\train\fog_smoke\fog_smoke3469.jpg,fog_smoke
C:\Users\HishamMo\Desktop\999_cs\Quantum_Inpired_PSO_Classifcation\train\fog_smoke\fog_smoke3470.jpg,fog_smoke
C:\Users\HishamMo\Desktop\999_cs\Quantum_Inpired_PSO_Classifcation\train\fog_smoke\fog_smoke3471.jpg,fog_smoke
C:\Users\HishamMo\Desktop\999_cs\Quantum_Inpired_PSO_Classifcation\train\fog_smoke\fog_smoke3472.jpg,fog_smoke
C:\Users\HishamMo\Desktop\999_cs\Quantum_Inpired_PSO_Classifcation\train\fog_smoke\fog_smoke3473.jpg,fog_smoke
C:\Users\HishamMo\Desktop\999_cs\Quantum_Inpired_PSO_Classifcation\train\fog_smoke\fog_smoke3474.jpg,fog_smoke
C:\Users\HishamMo\Desktop\999_cs\Quantum_Inpired_PSO_Classifcation\train\fog_smoke\fog_smoke3475.jpg,fog_smoke
C:\Users\HishamMo\Desktop\999_cs\Quantum_Inpired_PSO_Classifcation\train\fog_smoke\fog_smoke3476.jpg,fog_smoke
C:\Users\HishamMo\Desktop\999_cs\Quantum_Inpired_PSO_Classifcation\train\fog_smoke\fog_smoke3477.jpg,fog_smoke
C:\Users\HishamMo\Desktop\999_cs\Quantum_Inpired_PSO_Classifcation\train\fog_smoke\fog_smoke3478.jpg,fog_smoke
C:\Users\HishamMo\Desktop\999_cs\Quantum_Inpired_PSO_Classifcation\train\fog_smoke\fog_smoke3479.jpg,fog_smoke
C:\Users\HishamMo\Desktop\999_cs\Quantum_Inpired_PSO_Classifcation\train\fog_smoke\fog_smoke3480.jpg,fog_smoke
C:\Users\HishamMo\Desktop\999_cs\Quantum_Inpired_PSO_Classifcation\train\fog_smoke\fog_smoke3482.jpg,fog_smoke
C:\Users\HishamMo\Desktop\999_cs\Quantum_Inpired_PSO_Classifcation\train\fog_smoke\fog_smoke3483.jpg,fog_smoke
C:\Users\HishamMo\Desktop\999_cs\Quantum_Inpired_PSO_Classifcation\train\fog_smoke\fog_smoke3484.jpg,fog_smoke
C:\Users\HishamMo\Desktop\999_cs\Quantum_Inpired_PSO_Classifcation\train\fog_smoke\fog_smoke3485.jpg,fog_smoke
C:\Users\HishamMo\Desktop\999_cs\Quantum_Inpired_PSO_Classifcation\train\fog_smoke\fog_smoke3486.jpg,fog_smoke
C:\Users\HishamMo\Desktop\999_cs\Quantum_Inpired_PSO_Classifcation\train\fog_smoke\fog_smoke3487.jpg,fog_smoke
C:\Users\HishamMo\Desktop\999_cs\Quantum_Inpired_PSO_Classifcation\train\fog_smoke\fog_smoke3488.jpg,fog_smoke
C:\Users\HishamMo\Desktop\999_cs\Quantum_Inpired_PSO_Classifcation\train\fog_smoke\fog_smoke3489.jpg,fog_smoke
C:\Users\HishamMo\Desktop\999_cs\Quantum_Inpired_PSO_Classifcation\train\fog_smoke\fog_smoke3490.jpg,fog_smoke
C:\Users\HishamMo\Desktop\999_cs\Quantum_Inpired_PSO_Classifcation\train\fog_smoke\fog_smoke3491.jpg,fog_smoke
C:\Users\HishamMo\Desktop\999_cs\Quantum_Inpired_PSO_Classifcation\train\fog_smoke\fog_smoke3492.jpg,fog_smoke
C:\Users\HishamMo\Desktop\999_cs\Quantum_Inpired_PSO_Classifcation\train\fog_smoke\fog_smoke3493.jpg,fog_smoke
C:\Users\HishamMo\Desktop\999_cs\Quantum_Inpired_PSO_Classifcation\train\fog_smoke\fog_smoke3494.jpg,fog_smoke
C:\Users\HishamMo\Desktop\999_cs\Quantum_Inpired_PSO_Classifcation\train\fog_smoke\fog_smoke3495.jpg,fog_smoke
C:\Users\HishamMo\Desktop\999_cs\Quantum_Inpired_PSO_Classifcation\train\fog_smoke\fog_smoke3498.jpg,fog_smoke
C:\Users\HishamMo\Desktop\999_cs\Quantum_Inpired_PSO_Classifcation\train\fog_smoke\fog_smoke3499.jpg,fog_smoke
C:\Users\HishamMo\Desktop\999_cs\Quantum_Inpired_PSO_Classifcation\train\fog_smoke\fog_smoke3500.jpg,fog_smoke
C:\Users\HishamMo\Desktop\999_cs\Quantum_Inpired_PSO_Classifcation\train\fog_smoke\fog_smoke3502.jpg,fog_smoke
C:\Users\HishamMo\Desktop\999_cs\Quantum_Inpired_PSO_Classifcation\train\fog_smoke\fog_smoke3503.jpg,fog_smoke
C:\Users\HishamMo\Desktop\999_cs\Quantum_Inpired_PSO_Classifcation\train\fog_smoke\fog_smoke3504.jpg,fog_smoke
C:\Users\HishamMo\Desktop\999_cs\Quantum_Inpired_PSO_Classifcation\train\fog_smoke\fog_smoke3505.jpg,fog_smoke
C:\Users\HishamMo\Desktop\999_cs\Quantum_Inpired_PSO_Classifcation\train\fog_smoke\fog_smoke3506.jpg,fog_smoke
C:\Users\HishamMo\Desktop\999_cs\Quantum_Inpired_PSO_Classifcation\train\fog_smoke\fog_smoke3509.jpg,fog_smoke
C:\Users\HishamMo\Desktop\999_cs\Quantum_Inpired_PSO_Classifcation\train\fog_smoke\fog_smoke3512.jpg,fog_smoke
C:\Users\HishamMo\Desktop\999_cs\Quantum_Inpired_PSO_Classifcation\train\fog_smoke\fog_smoke3513.jpg,fog_smoke
C:\Users\HishamMo\Desktop\999_cs\Quantum_Inpired_PSO_Classifcation\train\fog_smoke\fog_smoke3515.jpg,fog_smoke
C:\Users\HishamMo\Desktop\999_cs\Quantum_Inpired_PSO_Classifcation\train\fog_smoke\fog_smoke3516.jpg,fog_smoke
C:\Users\HishamMo\Desktop\999_cs\Quantum_Inpired_PSO_Classifcation\train\fog_smoke\fog_smoke3518.jpg,fog_smoke
C:\Users\HishamMo\Desktop\999_cs\Quantum_Inpired_PSO_Classifcation\train\fog_smoke\fog_smoke3519.jpg,fog_smoke
C:\Users\HishamMo\Desktop\999_cs\Quantum_Inpired_PSO_Classifcation\train\fog_smoke\fog_smoke3520.jpg,fog_smoke
C:\Users\HishamMo\Desktop\999_cs\Quantum_Inpired_PSO_Classifcation\train\fog_smoke\fog_smoke3521.jpg,fog_smoke
C:\Users\HishamMo\Desktop\999_cs\Quantum_Inpired_PSO_Classifcation\train\fog_smoke\fog_smoke3522.jpg,fog_smoke
C:\Users\HishamMo\Desktop\999_cs\Quantum_Inpired_PSO_Classifcation\train\fog_smoke\fog_smoke3523.jpg,fog_smoke
C:\Users\HishamMo\Desktop\999_cs\Quantum_Inpired_PSO_Classifcation\train\fog_smoke\fog_smoke3525.jpg,fog_smoke
C:\Users\HishamMo\Desktop\999_cs\Quantum_Inpired_PSO_Classifcation\train\fog_smoke\fog_smoke3526.jpg,fog_smoke
C:\Users\HishamMo\Desktop\999_cs\Quantum_Inpired_PSO_Classifcation\train\fog_smoke\fog_smoke3528.jpg,fog_smoke
C:\Users\HishamMo\Desktop\999_cs\Quantum_Inpired_PSO_Classifcation\train\fog_smoke\fog_smoke3529.jpg,fog_smoke
C:\Users\HishamMo\Desktop\999_cs\Quantum_Inpired_PSO_Classifcation\train\fog_smoke\fog_smoke3530.jpg,fog_smoke
C:\Users\HishamMo\Desktop\999_cs\Quantum_Inpired_PSO_Classifcation\train\fog_smoke\fog_smoke3531.jpg,fog_smoke
C:\Users\HishamMo\Desktop\999_cs\Quantum_Inpired_PSO_Classifcation\train\fog_smoke\fog_smoke3532.jpg,fog_smoke
C:\Users\HishamMo\Desktop\999_cs\Quantum_Inpired_PSO_Classifcation\train\fog_smoke\fog_smoke3534.jpg,fog_smoke
C:\Users\HishamMo\Desktop\999_cs\Quantum_Inpired_PSO_Classifcation\train\fog_smoke\fog_smoke3535.jpg,fog_smoke
C:\Users\HishamMo\Desktop\999_cs\Quantum_Inpired_PSO_Classifcation\train\fog_smoke\fog_smoke3536.jpg,fog_smoke
C:\Users\HishamMo\Desktop\999_cs\Quantum_Inpired_PSO_Classifcation\train\fog_smoke\fog_smoke3538.jpg,fog_smoke
C:\Users\HishamMo\Desktop\999_cs\Quantum_Inpired_PSO_Classifcation\train\fog_smoke\fog_smoke3539.jpg,fog_smoke
C:\Users\HishamMo\Desktop\999_cs\Quantum_Inpired_PSO_Classifcation\train\fog_smoke\fog_smoke3541.jpg,fog_smoke
C:\Users\HishamMo\Desktop\999_cs\Quantum_Inpired_PSO_Classifcation\train\fog_smoke\fog_smoke3542.jpg,fog_smoke
C:\Users\HishamMo\Desktop\999_cs\Quantum_Inpired_PSO_Classifcation\train\fog_smoke\fog_smoke3543.jpg,fog_smoke
C:\Users\HishamMo\Desktop\999_cs\Quantum_Inpired_PSO_Classifcation\train\fog_smoke\fog_smoke3546.jpg,fog_smoke
C:\Users\HishamMo\Desktop\999_cs\Quantum_Inpired_PSO_Classifcation\train\fog_smoke\fog_smoke3547.jpg,fog_smoke
C:\Users\HishamMo\Desktop\999_cs\Quantum_Inpired_PSO_Classifcation\train\fog_smoke\fog_smoke3549.jpg,fog_smoke
C:\Users\HishamMo\Desktop\999_cs\Quantum_Inpired_PSO_Classifcation\train\fog_smoke\fog_smoke3550.jpg,fog_smoke
C:\Users\HishamMo\Desktop\999_cs\Quantum_Inpired_PSO_Classifcation\train\fog_smoke\fog_smoke3551.jpg,fog_smoke
C:\Users\HishamMo\Desktop\999_cs\Quantum_Inpired_PSO_Classifcation\train\fog_smoke\fog_smoke3552.jpg,fog_smoke
C:\Users\HishamMo\Desktop\999_cs\Quantum_Inpired_PSO_Classifcation\train\fog_smoke\fog_smoke3553.jpg,fog_smoke
C:\Users\HishamMo\Desktop\999_cs\Quantum_Inpired_PSO_Classifcation\train\fog_smoke\fog_smoke3554.jpg,fog_smoke
C:\Users\HishamMo\Desktop\999_cs\Quantum_Inpired_PSO_Classifcation\train\fog_smoke\fog_smoke3556.jpg,fog_smoke
C:\Users\HishamMo\Desktop\999_cs\Quantum_Inpired_PSO_Classifcation\train\fog_smoke\fog_smoke3559.jpg,fog_smoke
C:\Users\HishamMo\Desktop\999_cs\Quantum_Inpired_PSO_Classifcation\train\fog_smoke\fog_smoke3561.jpg,fog_smoke
C:\Users\HishamMo\Desktop\999_cs\Quantum_Inpired_PSO_Classifcation\train\fog_smoke\fog_smoke3562.jpg,fog_smoke
C:\Users\HishamMo\Desktop\999_cs\Quantum_Inpired_PSO_Classifcation\train\fog_smoke\fog_smoke3563.jpg,fog_smoke
C:\Users\HishamMo\Desktop\999_cs\Quantum_Inpired_PSO_Classifcation\train\fog_smoke\fog_smoke3565.jpg,fog_smoke
C:\Users\HishamMo\Desktop\999_cs\Quantum_Inpired_PSO_Classifcation\train\fog_smoke\fog_smoke3566.jpg,fog_smoke
C:\Users\HishamMo\Desktop\999_cs\Quantum_Inpired_PSO_Classifcation\train\fog_smoke\fog_smoke3567.jpg,fog_smoke
C:\Users\HishamMo\Desktop\999_cs\Quantum_Inpired_PSO_Classifcation\train\fog_smoke\fog_smoke3569.jpg,fog_smoke
C:\Users\HishamMo\Desktop\999_cs\Quantum_Inpired_PSO_Classifcation\train\fog_smoke\fog_smoke3570.jpg,fog_smoke
C:\Users\HishamMo\Desktop\999_cs\Quantum_Inpired_PSO_Classifcation\train\fog_smoke\fog_smoke3575.jpg,fog_smoke
C:\Users\HishamMo\Desktop\999_cs\Quantum_Inpired_PSO_Classifcation\train\fog_smoke\fog_smoke3576.jpg,fog_smoke
C:\Users\HishamMo\Desktop\999_cs\Quantum_Inpired_PSO_Classifcation\train\fog_smoke\fog_smoke3577.jpg,fog_smoke
C:\Users\HishamMo\Desktop\999_cs\Quantum_Inpired_PSO_Classifcation\train\fog_smoke\fog_smoke3579.jpg,fog_smoke
C:\Users\HishamMo\Desktop\999_cs\Quantum_Inpired_PSO_Classifcation\train\fog_smoke\fog_smoke3580.jpg,fog_smoke
C:\Users\HishamMo\Desktop\999_cs\Quantum_Inpired_PSO_Classifcation\train\fog_smoke\fog_smoke3581.jpg,fog_smoke
C:\Users\HishamMo\Desktop\999_cs\Quantum_Inpired_PSO_Classifcation\train\fog_smoke\fog_smoke3582.jpg,fog_smoke
C:\Users\HishamMo\Desktop\999_cs\Quantum_Inpired_PSO_Classifcation\train\fog_smoke\fog_smoke3583.jpg,fog_smoke
C:\Users\HishamMo\Desktop\999_cs\Quantum_Inpired_PSO_Classifcation\train\fog_smoke\fog_smoke3584.jpg,fog_smoke
C:\Users\HishamMo\Desktop\999_cs\Quantum_Inpired_PSO_Classifcation\train\fog_smoke\fog_smoke3585.jpg,fog_smoke
C:\Users\HishamMo\Desktop\999_cs\Quantum_Inpired_PSO_Classifcation\train\fog_smoke\fog_smoke3586.jpg,fog_smoke
C:\Users\HishamMo\Desktop\999_cs\Quantum_Inpired_PSO_Classifcation\train\fog_smoke\fog_smoke3587.jpg,fog_smoke
C:\Users\HishamMo\Desktop\999_cs\Quantum_Inpired_PSO_Classifcation\train\fog_smoke\fog_smoke3588.jpg,fog_smoke
C:\Users\HishamMo\Desktop\999_cs\Quantum_Inpired_PSO_Classifcation\train\fog_smoke\fog_smoke3589.jpg,fog_smoke
C:\Users\HishamMo\Desktop\999_cs\Quantum_Inpired_PSO_Classifcation\train\fog_smoke\fog_smoke3590.jpg,fog_smoke
C:\Users\HishamMo\Desktop\999_cs\Quantum_Inpired_PSO_Classifcation\train\fog_smoke\fog_smoke3591.jpg,fog_smoke
C:\Users\HishamMo\Desktop\999_cs\Quantum_Inpired_PSO_Classifcation\train\fog_smoke\fog_smoke3592.jpg,fog_smoke
C:\Users\HishamMo\Desktop\999_cs\Quantum_Inpired_PSO_Classifcation\train\fog_smoke\fog_smoke3593.jpg,fog_smoke
C:\Users\HishamMo\Desktop\999_cs\Quantum_Inpired_PSO_Classifcation\train\fog_smoke\fog_smoke3595.jpg,fog_smoke
C:\Users\HishamMo\Desktop\999_cs\Quantum_Inpired_PSO_Classifcation\train\fog_smoke\fog_smoke3596.jpg,fog_smoke
C:\Users\HishamMo\Desktop\999_cs\Quantum_Inpired_PSO_Classifcation\train\fog_smoke\fog_smoke3597.jpg,fog_smoke
C:\Users\HishamMo\Desktop\999_cs\Quantum_Inpired_PSO_Classifcation\train\fog_smoke\fog_smoke3599.jpg,fog_smoke
C:\Users\HishamMo\Desktop\999_cs\Quantum_Inpired_PSO_Classifcation\train\fog_smoke\fog_smoke3601.jpg,fog_smoke
C:\Users\HishamMo\Desktop\999_cs\Quantum_Inpired_PSO_Classifcation\train\fog_smoke\fog_smoke3602.jpg,fog_smoke
C:\Users\HishamMo\Desktop\999_cs\Quantum_Inpired_PSO_Classifcation\train\fog_smoke\fog_smoke3603.jpg,fog_smoke
C:\Users\HishamMo\Desktop\999_cs\Quantum_Inpired_PSO_Classifcation\train\fog_smoke\fog_smoke3604.jpg,fog_smoke
C:\Users\HishamMo\Desktop\999_cs\Quantum_Inpired_PSO_Classifcation\train\fog_smoke\fog_smoke3605.jpg,fog_smoke
C:\Users\HishamMo\Desktop\999_cs\Quantum_Inpired_PSO_Classifcation\train\fog_smoke\fog_smoke3606.jpg,fog_smoke
C:\Users\HishamMo\Desktop\999_cs\Quantum_Inpired_PSO_Classifcation\train\fog_smoke\fog_smoke3607.jpg,fog_smoke
C:\Users\HishamMo\Desktop\999_cs\Quantum_Inpired_PSO_Classifcation\train\fog_smoke\fog_smoke3608.jpg,fog_smoke
C:\Users\HishamMo\Desktop\999_cs\Quantum_Inpired_PSO_Classifcation\train\fog_smoke\fog_smoke3609.jpg,fog_smoke
C:\Users\HishamMo\Desktop\999_cs\Quantum_Inpired_PSO_Classifcation\train\fog_smoke\fog_smoke3610.jpg,fog_smoke
C:\Users\HishamMo\Desktop\999_cs\Quantum_Inpired_PSO_Classifcation\train\fog_smoke\fog_smoke3611.jpg,fog_smoke
C:\Users\HishamMo\Desktop\999_cs\Quantum_Inpired_PSO_Classifcation\train\fog_smoke\fog_smoke3614.jpg,fog_smoke
C:\Users\HishamMo\Desktop\999_cs\Quantum_Inpired_PSO_Classifcation\train\fog_smoke\fog_smoke3615.jpg,fog_smoke
C:\Users\HishamMo\Desktop\999_cs\Quantum_Inpired_PSO_Classifcation\train\fog_smoke\fog_smoke3616.jpg,fog_smoke
C:\Users\HishamMo\Desktop\999_cs\Quantum_Inpired_PSO_Classifcation\train\fog_smoke\fog_smoke3617.jpg,fog_smoke
C:\Users\HishamMo\Desktop\999_cs\Quantum_Inpired_PSO_Classifcation\train\fog_smoke\fog_smoke3618.jpg,fog_smoke
C:\Users\HishamMo\Desktop\999_cs\Quantum_Inpired_PSO_Classifcation\train\fog_smoke\fog_smoke3619.jpg,fog_smoke
C:\Users\HishamMo\Desktop\999_cs\Quantum_Inpired_PSO_Classifcation\train\fog_smoke\fog_smoke3620.jpg,fog_smoke
C:\Users\HishamMo\Desktop\999_cs\Quantum_Inpired_PSO_Classifcation\train\fog_smoke\fog_smoke3621.jpg,fog_smoke
C:\Users\HishamMo\Desktop\999_cs\Quantum_Inpired_PSO_Classifcation\train\fog_smoke\fog_smoke3622.jpg,fog_smoke
C:\Users\HishamMo\Desktop\999_cs\Quantum_Inpired_PSO_Classifcation\train\fog_smoke\fog_smoke3623.jpg,fog_smoke
C:\Users\HishamMo\Desktop\999_cs\Quantum_Inpired_PSO_Classifcation\train\fog_smoke\fog_smoke3624.jpg,fog_smoke
C:\Users\HishamMo\Desktop\999_cs\Quantum_Inpired_PSO_Classifcation\train\fog_smoke\fog_smoke3625.jpg,fog_smoke
C:\Users\HishamMo\Desktop\999_cs\Quantum_Inpired_PSO_Classifcation\train\fog_smoke\fog_smoke3627.jpg,fog_smoke
C:\Users\HishamMo\Desktop\999_cs\Quantum_Inpired_PSO_Classifcation\train\fog_smoke\fog_smoke3628.jpg,fog_smoke
C:\Users\HishamMo\Desktop\999_cs\Quantum_Inpired_PSO_Classifcation\train\fog_smoke\fog_smoke3629.jpg,fog_smoke
C:\Users\HishamMo\Desktop\999_cs\Quantum_Inpired_PSO_Classifcation\train\fog_smoke\fog_smoke3630.jpg,fog_smoke
C:\Users\HishamMo\Desktop\999_cs\Quantum_Inpired_PSO_Classifcation\train\fog_smoke\fog_smoke3631.jpg,fog_smoke
C:\Users\HishamMo\Desktop\999_cs\Quantum_Inpired_PSO_Classifcation\train\fog_smoke\fog_smoke3633.jpg,fog_smoke
C:\Users\HishamMo\Desktop\999_cs\Quantum_Inpired_PSO_Classifcation\train\fog_smoke\fog_smoke3634.jpg,fog_smoke
C:\Users\HishamMo\Desktop\999_cs\Quantum_Inpired_PSO_Classifcation\train\fog_smoke\fog_smoke3635.jpg,fog_smoke
C:\Users\HishamMo\Desktop\999_cs\Quantum_Inpired_PSO_Classifcation\train\fog_smoke\fog_smoke3636.jpg,fog_smoke
C:\Users\HishamMo\Desktop\999_cs\Quantum_Inpired_PSO_Classifcation\train\fog_smoke\fog_smoke3637.jpg,fog_smoke
C:\Users\HishamMo\Desktop\999_cs\Quantum_Inpired_PSO_Classifcation\train\fog_smoke\fog_smoke3639.jpg,fog_smoke
C:\Users\HishamMo\Desktop\999_cs\Quantum_Inpired_PSO_Classifcation\train\fog_smoke\fog_smoke3642.jpg,fog_smoke
C:\Users\HishamMo\Desktop\999_cs\Quantum_Inpired_PSO_Classifcation\train\fog_smoke\fog_smoke3644.jpg,fog_smoke
C:\Users\HishamMo\Desktop\999_cs\Quantum_Inpired_PSO_Classifcation\train\fog_smoke\fog_smoke3646.jpg,fog_smoke
C:\Users\HishamMo\Desktop\999_cs\Quantum_Inpired_PSO_Classifcation\train\fog_smoke\fog_smoke3647.jpg,fog_smoke
C:\Users\HishamMo\Desktop\999_cs\Quantum_Inpired_PSO_Classifcation\train\fog_smoke\fog_smoke3649.jpg,fog_smoke
C:\Users\HishamMo\Desktop\999_cs\Quantum_Inpired_PSO_Classifcation\train\fog_smoke\fog_smoke3650.jpg,fog_smoke
C:\Users\HishamMo\Desktop\999_cs\Quantum_Inpired_PSO_Classifcation\train\fog_smoke\fog_smoke3651.jpg,fog_smoke
C:\Users\HishamMo\Desktop\999_cs\Quantum_Inpired_PSO_Classifcation\train\fog_smoke\fog_smoke3652.jpg,fog_smoke
C:\Users\HishamMo\Desktop\999_cs\Quantum_Inpired_PSO_Classifcation\train\fog_smoke\fog_smoke3653.jpg,fog_smoke
C:\Users\HishamMo\Desktop\999_cs\Quantum_Inpired_PSO_Classifcation\train\fog_smoke\fog_smoke3654.jpg,fog_smoke
C:\Users\HishamMo\Desktop\999_cs\Quantum_Inpired_PSO_Classifcation\train\fog_smoke\fog_smoke3655.jpg,fog_smoke
C:\Users\HishamMo\Desktop\999_cs\Quantum_Inpired_PSO_Classifcation\train\fog_smoke\fog_smoke3656.jpg,fog_smoke
C:\Users\HishamMo\Desktop\999_cs\Quantum_Inpired_PSO_Classifcation\train\fog_smoke\fog_smoke3657.jpg,fog_smoke
C:\Users\HishamMo\Desktop\999_cs\Quantum_Inpired_PSO_Classifcation\train\fog_smoke\fog_smoke3658.jpg,fog_smoke
C:\Users\HishamMo\Desktop\999_cs\Quantum_Inpired_PSO_Classifcation\train\fog_smoke\fog_smoke3659.jpg,fog_smoke
C:\Users\HishamMo\Desktop\999_cs\Quantum_Inpired_PSO_Classifcation\train\fog_smoke\fog_smoke3660.jpg,fog_smoke
C:\Users\HishamMo\Desktop\999_cs\Quantum_Inpired_PSO_Classifcation\train\fog_smoke\fog_smoke3662.jpg,fog_smoke
C:\Users\HishamMo\Desktop\999_cs\Quantum_Inpired_PSO_Classifcation\train\fog_smoke\fog_smoke3663.jpg,fog_smoke
C:\Users\HishamMo\Desktop\999_cs\Quantum_Inpired_PSO_Classifcation\train\fog_smoke\fog_smoke3666.jpg,fog_smoke
C:\Users\HishamMo\Desktop\999_cs\Quantum_Inpired_PSO_Classifcation\train\fog_smoke\fog_smoke3667.jpg,fog_smoke
C:\Users\HishamMo\Desktop\999_cs\Quantum_Inpired_PSO_Classifcation\train\fog_smoke\fog_smoke3668.jpg,fog_smoke
C:\Users\HishamMo\Desktop\999_cs\Quantum_Inpired_PSO_Classifcation\train\fog_smoke\fog_smoke3669.jpg,fog_smoke
C:\Users\HishamMo\Desktop\999_cs\Quantum_Inpired_PSO_Classifcation\train\fog_smoke\fog_smoke3670.jpg,fog_smoke
C:\Users\HishamMo\Desktop\999_cs\Quantum_Inpired_PSO_Classifcation\train\fog_smoke\fog_smoke3671.jpg,fog_smoke
C:\Users\HishamMo\Desktop\999_cs\Quantum_Inpired_PSO_Classifcation\train\fog_smoke\fog_smoke3673.jpg,fog_smoke
C:\Users\HishamMo\Desktop\999_cs\Quantum_Inpired_PSO_Classifcation\train\fog_smoke\fog_smoke3675.jpg,fog_smoke
C:\Users\HishamMo\Desktop\999_cs\Quantum_Inpired_PSO_Classifcation\train\fog_smoke\fog_smoke3677.jpg,fog_smoke
C:\Users\HishamMo\Desktop\999_cs\Quantum_Inpired_PSO_Classifcation\train\fog_smoke\fog_smoke3679.jpg,fog_smoke
C:\Users\HishamMo\Desktop\999_cs\Quantum_Inpired_PSO_Classifcation\train\fog_smoke\fog_smoke3680.jpg,fog_smoke
C:\Users\HishamMo\Desktop\999_cs\Quantum_Inpired_PSO_Classifcation\train\fog_smoke\fog_smoke3681.jpg,fog_smoke
C:\Users\HishamMo\Desktop\999_cs\Quantum_Inpired_PSO_Classifcation\train\fog_smoke\fog_smoke3682.jpg,fog_smoke
C:\Users\HishamMo\Desktop\999_cs\Quantum_Inpired_PSO_Classifcation\train\fog_smoke\fog_smoke3683.jpg,fog_smoke
C:\Users\HishamMo\Desktop\999_cs\Quantum_Inpired_PSO_Classifcation\train\fog_smoke\fog_smoke3685.jpg,fog_smoke
C:\Users\HishamMo\Desktop\999_cs\Quantum_Inpired_PSO_Classifcation\train\fog_smoke\fog_smoke3686.jpg,fog_smoke
C:\Users\HishamMo\Desktop\999_cs\Quantum_Inpired_PSO_Classifcation\train\fog_smoke\fog_smoke3687.jpg,fog_smoke
C:\Users\HishamMo\Desktop\999_cs\Quantum_Inpired_PSO_Classifcation\train\fog_smoke\fog_smoke3689.jpg,fog_smoke
C:\Users\HishamMo\Desktop\999_cs\Quantum_Inpired_PSO_Classifcation\train\fog_smoke\fog_smoke3690.jpg,fog_smoke
C:\Users\HishamMo\Desktop\999_cs\Quantum_Inpired_PSO_Classifcation\train\fog_smoke\fog_smoke3692.jpg,fog_smoke
C:\Users\HishamMo\Desktop\999_cs\Quantum_Inpired_PSO_Classifcation\train\fog_smoke\fog_smoke3694.jpg,fog_smoke
C:\Users\HishamMo\Desktop\999_cs\Quantum_Inpired_PSO_Classifcation\train\fog_smoke\fog_smoke3696.jpg,fog_smoke
C:\Users\HishamMo\Desktop\999_cs\Quantum_Inpired_PSO_Classifcation\train\fog_smoke\fog_smoke3697.jpg,fog_smoke
C:\Users\HishamMo\Desktop\999_cs\Quantum_Inpired_PSO_Classifcation\train\fog_smoke\fog_smoke3698.jpg,fog_smoke
C:\Users\HishamMo\Desktop\999_cs\Quantum_Inpired_PSO_Classifcation\train\fog_smoke\fog_smoke3699.jpg,fog_smoke
C:\Users\HishamMo\Desktop\999_cs\Quantum_Inpired_PSO_Classifcation\train\fog_smoke\fog_smoke3700.jpg,fog_smoke
C:\Users\HishamMo\Desktop\999_cs\Quantum_Inpired_PSO_Classifcation\train\fog_smoke\fog_smoke3701.jpg,fog_smoke
C:\Users\HishamMo\Desktop\999_cs\Quantum_Inpired_PSO_Classifcation\train\fog_smoke\fog_smoke3702.jpg,fog_smoke
C:\Users\HishamMo\Desktop\999_cs\Quantum_Inpired_PSO_Classifcation\train\fog_smoke\fog_smoke3703.jpg,fog_smoke
C:\Users\HishamMo\Desktop\999_cs\Quantum_Inpired_PSO_Classifcation\train\fog_smoke\fog_smoke3704.jpg,fog_smoke
C:\Users\HishamMo\Desktop\999_cs\Quantum_Inpired_PSO_Classifcation\train\fog_smoke\fog_smoke3705.jpg,fog_smoke
C:\Users\HishamMo\Desktop\999_cs\Quantum_Inpired_PSO_Classifcation\train\fog_smoke\fog_smoke3706.jpg,fog_smoke
C:\Users\HishamMo\Desktop\999_cs\Quantum_Inpired_PSO_Classifcation\train\fog_smoke\fog_smoke3707.jpg,fog_smoke
C:\Users\HishamMo\Desktop\999_cs\Quantum_Inpired_PSO_Classifcation\train\fog_smoke\fog_smoke3708.jpg,fog_smoke
C:\Users\HishamMo\Desktop\999_cs\Quantum_Inpired_PSO_Classifcation\train\fog_smoke\fog_smoke3709.jpg,fog_smoke
C:\Users\HishamMo\Desktop\999_cs\Quantum_Inpired_PSO_Classifcation\train\fog_smoke\fog_smoke3710.jpg,fog_smoke
C:\Users\HishamMo\Desktop\999_cs\Quantum_Inpired_PSO_Classifcation\train\fog_smoke\fog_smoke3712.jpg,fog_smoke
C:\Users\HishamMo\Desktop\999_cs\Quantum_Inpired_PSO_Classifcation\train\fog_smoke\fog_smoke3713.jpg,fog_smoke
C:\Users\HishamMo\Desktop\999_cs\Quantum_Inpired_PSO_Classifcation\train\fog_smoke\fog_smoke3714.jpg,fog_smoke
C:\Users\HishamMo\Desktop\999_cs\Quantum_Inpired_PSO_Classifcation\train\fog_smoke\fog_smoke3715.jpg,fog_smoke
C:\Users\HishamMo\Desktop\999_cs\Quantum_Inpired_PSO_Classifcation\train\fog_smoke\fog_smoke3716.jpg,fog_smoke
C:\Users\HishamMo\Desktop\999_cs\Quantum_Inpired_PSO_Classifcation\train\fog_smoke\fog_smoke3717.jpg,fog_smoke
C:\Users\HishamMo\Desktop\999_cs\Quantum_Inpired_PSO_Classifcation\train\fog_smoke\fog_smoke3718.jpg,fog_smoke
C:\Users\HishamMo\Desktop\999_cs\Quantum_Inpired_PSO_Classifcation\train\fog_smoke\fog_smoke3721.jpg,fog_smoke
C:\Users\HishamMo\Desktop\999_cs\Quantum_Inpired_PSO_Classifcation\train\fog_smoke\fog_smoke3722.jpg,fog_smoke
C:\Users\HishamMo\Desktop\999_cs\Quantum_Inpired_PSO_Classifcation\train\fog_smoke\fog_smoke3723.jpg,fog_smoke
C:\Users\HishamMo\Desktop\999_cs\Quantum_Inpired_PSO_Classifcation\train\fog_smoke\fog_smoke3724.jpg,fog_smoke
C:\Users\HishamMo\Desktop\999_cs\Quantum_Inpired_PSO_Classifcation\train\fog_smoke\fog_smoke3726.jpg,fog_smoke
C:\Users\HishamMo\Desktop\999_cs\Quantum_Inpired_PSO_Classifcation\train\fog_smoke\fog_smoke3727.jpg,fog_smoke
C:\Users\HishamMo\Desktop\999_cs\Quantum_Inpired_PSO_Classifcation\train\fog_smoke\fog_smoke3728.jpg,fog_smoke
C:\Users\HishamMo\Desktop\999_cs\Quantum_Inpired_PSO_Classifcation\train\fog_smoke\fog_smoke3729.jpg,fog_smoke
C:\Users\HishamMo\Desktop\999_cs\Quantum_Inpired_PSO_Classifcation\train\fog_smoke\fog_smoke3730.jpg,fog_smoke
C:\Users\HishamMo\Desktop\999_cs\Quantum_Inpired_PSO_Classifcation\train\fog_smoke\fog_smoke3732.jpg,fog_smoke
C:\Users\HishamMo\Desktop\999_cs\Quantum_Inpired_PSO_Classifcation\train\fog_smoke\fog_smoke3733.jpg,fog_smoke
C:\Users\HishamMo\Desktop\999_cs\Quantum_Inpired_PSO_Classifcation\train\fog_smoke\fog_smoke3734.jpg,fog_smoke
C:\Users\HishamMo\Desktop\999_cs\Quantum_Inpired_PSO_Classifcation\train\fog_smoke\fog_smoke3735.jpg,fog_smoke
C:\Users\HishamMo\Desktop\999_cs\Quantum_Inpired_PSO_Classifcation\train\fog_smoke\fog_smoke3736.jpg,fog_smoke
C:\Users\HishamMo\Desktop\999_cs\Quantum_Inpired_PSO_Classifcation\train\fog_smoke\fog_smoke3737.jpg,fog_smoke
C:\Users\HishamMo\Desktop\999_cs\Quantum_Inpired_PSO_Classifcation\train\fog_smoke\fog_smoke3739.jpg,fog_smoke
C:\Users\HishamMo\Desktop\999_cs\Quantum_Inpired_PSO_Classifcation\train\fog_smoke\fog_smoke3740.jpg,fog_smoke
C:\Users\HishamMo\Desktop\999_cs\Quantum_Inpired_PSO_Classifcation\train\fog_smoke\fog_smoke3742.jpg,fog_smoke
C:\Users\HishamMo\Desktop\999_cs\Quantum_Inpired_PSO_Classifcation\train\fog_smoke\fog_smoke3743.jpg,fog_smoke
C:\Users\HishamMo\Desktop\999_cs\Quantum_Inpired_PSO_Classifcation\train\fog_smoke\fog_smoke3744.jpg,fog_smoke
C:\Users\HishamMo\Desktop\999_cs\Quantum_Inpired_PSO_Classifcation\train\fog_smoke\fog_smoke3745.jpg,fog_smoke
C:\Users\HishamMo\Desktop\999_cs\Quantum_Inpired_PSO_Classifcation\train\fog_smoke\fog_smoke3746.jpg,fog_smoke
C:\Users\HishamMo\Desktop\999_cs\Quantum_Inpired_PSO_Classifcation\train\fog_smoke\fog_smoke3747.jpg,fog_smoke
C:\Users\HishamMo\Desktop\999_cs\Quantum_Inpired_PSO_Classifcation\train\fog_smoke\fog_smoke3749.jpg,fog_smoke
C:\Users\HishamMo\Desktop\999_cs\Quantum_Inpired_PSO_Classifcation\train\fog_smoke\fog_smoke3750.jpg,fog_smoke
C:\Users\HishamMo\Desktop\999_cs\Quantum_Inpired_PSO_Classifcation\train\fog_smoke\fog_smoke3751.jpg,fog_smoke
C:\Users\HishamMo\Desktop\999_cs\Quantum_Inpired_PSO_Classifcation\train\fog_smoke\fog_smoke3752.jpg,fog_smoke
C:\Users\HishamMo\Desktop\999_cs\Quantum_Inpired_PSO_Classifcation\train\fog_smoke\fog_smoke3753.jpg,fog_smoke
C:\Users\HishamMo\Desktop\999_cs\Quantum_Inpired_PSO_Classifcation\train\fog_smoke\fog_smoke3754.jpg,fog_smoke
C:\Users\HishamMo\Desktop\999_cs\Quantum_Inpired_PSO_Classifcation\train\fog_smoke\fog_smoke3755.jpg,fog_smoke
C:\Users\HishamMo\Desktop\999_cs\Quantum_Inpired_PSO_Classifcation\train\fog_smoke\fog_smoke3756.jpg,fog_smoke
C:\Users\HishamMo\Desktop\999_cs\Quantum_Inpired_PSO_Classifcation\train\fog_smoke\fog_smoke3757.jpg,fog_smoke
C:\Users\HishamMo\Desktop\999_cs\Quantum_Inpired_PSO_Classifcation\train\fog_smoke\fog_smoke3758.jpg,fog_smoke
C:\Users\HishamMo\Desktop\999_cs\Quantum_Inpired_PSO_Classifcation\train\fog_smoke\fog_smoke3759.jpg,fog_smoke
C:\Users\HishamMo\Desktop\999_cs\Quantum_Inpired_PSO_Classifcation\train\fog_smoke\fog_smoke3760.jpg,fog_smoke
C:\Users\HishamMo\Desktop\999_cs\Quantum_Inpired_PSO_Classifcation\train\fog_smoke\fog_smoke3761.jpg,fog_smoke
C:\Users\HishamMo\Desktop\999_cs\Quantum_Inpired_PSO_Classifcation\train\fog_smoke\fog_smoke3762.jpg,fog_smoke
C:\Users\HishamMo\Desktop\999_cs\Quantum_Inpired_PSO_Classifcation\train\fog_smoke\fog_smoke3763.jpg,fog_smoke
C:\Users\HishamMo\Desktop\999_cs\Quantum_Inpired_PSO_Classifcation\train\fog_smoke\fog_smoke3764.jpg,fog_smoke
C:\Users\HishamMo\Desktop\999_cs\Quantum_Inpired_PSO_Classifcation\train\fog_smoke\fog_smoke3765.jpg,fog_smoke
C:\Users\HishamMo\Desktop\999_cs\Quantum_Inpired_PSO_Classifcation\train\fog_smoke\fog_smoke3766.jpg,fog_smoke
C:\Users\HishamMo\Desktop\999_cs\Quantum_Inpired_PSO_Classifcation\train\fog_smoke\fog_smoke3767.jpg,fog_smoke
C:\Users\HishamMo\Desktop\999_cs\Quantum_Inpired_PSO_Classifcation\train\fog_smoke\fog_smoke3768.jpg,fog_smoke
C:\Users\HishamMo\Desktop\999_cs\Quantum_Inpired_PSO_Classifcation\train\fog_smoke\fog_smoke3770.jpg,fog_smoke
C:\Users\HishamMo\Desktop\999_cs\Quantum_Inpired_PSO_Classifcation\train\fog_smoke\fog_smoke3771.jpg,fog_smoke
C:\Users\HishamMo\Desktop\999_cs\Quantum_Inpired_PSO_Classifcation\train\fog_smoke\fog_smoke3772.jpg,fog_smoke
C:\Users\HishamMo\Desktop\999_cs\Quantum_Inpired_PSO_Classifcation\train\fog_smoke\fog_smoke3773.jpg,fog_smoke
C:\Users\HishamMo\Desktop\999_cs\Quantum_Inpired_PSO_Classifcation\train\fog_smoke\fog_smoke3775.jpg,fog_smoke
C:\Users\HishamMo\Desktop\999_cs\Quantum_Inpired_PSO_Classifcation\train\fog_smoke\fog_smoke3776.jpg,fog_smoke
C:\Users\HishamMo\Desktop\999_cs\Quantum_Inpired_PSO_Classifcation\train\fog_smoke\fog_smoke3777.jpg,fog_smoke
C:\Users\HishamMo\Desktop\999_cs\Quantum_Inpired_PSO_Classifcation\train\fog_smoke\fog_smoke3780.jpg,fog_smoke
C:\Users\HishamMo\Desktop\999_cs\Quantum_Inpired_PSO_Classifcation\train\fog_smoke\fog_smoke3781.jpg,fog_smoke
C:\Users\HishamMo\Desktop\999_cs\Quantum_Inpired_PSO_Classifcation\train\fog_smoke\fog_smoke3782.jpg,fog_smoke
C:\Users\HishamMo\Desktop\999_cs\Quantum_Inpired_PSO_Classifcation\train\fog_smoke\fog_smoke3784.jpg,fog_smoke
C:\Users\HishamMo\Desktop\999_cs\Quantum_Inpired_PSO_Classifcation\train\fog_smoke\fog_smoke3785.jpg,fog_smoke
C:\Users\HishamMo\Desktop\999_cs\Quantum_Inpired_PSO_Classifcation\train\fog_smoke\fog_smoke3786.jpg,fog_smoke
C:\Users\HishamMo\Desktop\999_cs\Quantum_Inpired_PSO_Classifcation\train\fog_smoke\fog_smoke3787.jpg,fog_smoke
C:\Users\HishamMo\Desktop\999_cs\Quantum_Inpired_PSO_Classifcation\train\fog_smoke\fog_smoke3788.jpg,fog_smoke
C:\Users\HishamMo\Desktop\999_cs\Quantum_Inpired_PSO_Classifcation\train\fog_smoke\fog_smoke3789.jpg,fog_smoke
C:\Users\HishamMo\Desktop\999_cs\Quantum_Inpired_PSO_Classifcation\train\fog_smoke\fog_smoke3790.jpg,fog_smoke
C:\Users\HishamMo\Desktop\999_cs\Quantum_Inpired_PSO_Classifcation\train\fog_smoke\fog_smoke3791.jpg,fog_smoke
C:\Users\HishamMo\Desktop\999_cs\Quantum_Inpired_PSO_Classifcation\train\fog_smoke\fog_smoke3792.jpg,fog_smoke
C:\Users\HishamMo\Desktop\999_cs\Quantum_Inpired_PSO_Classifcation\train\fog_smoke\fog_smoke3793.jpg,fog_smoke
C:\Users\HishamMo\Desktop\999_cs\Quantum_Inpired_PSO_Classifcation\train\fog_smoke\fog_smoke3795.jpg,fog_smoke
C:\Users\HishamMo\Desktop\999_cs\Quantum_Inpired_PSO_Classifcation\train\fog_smoke\fog_smoke3798.jpg,fog_smoke
C:\Users\HishamMo\Desktop\999_cs\Quantum_Inpired_PSO_Classifcation\train\fog_smoke\fog_smoke3800.jpg,fog_smoke
C:\Users\HishamMo\Desktop\999_cs\Quantum_Inpired_PSO_Classifcation\train\fog_smoke\fog_smoke3801.jpg,fog_smoke
C:\Users\HishamMo\Desktop\999_cs\Quantum_Inpired_PSO_Classifcation\train\fog_smoke\fog_smoke3802.jpg,fog_smoke
C:\Users\HishamMo\Desktop\999_cs\Quantum_Inpired_PSO_Classifcation\train\fog_smoke\fog_smoke3803.jpg,fog_smoke
C:\Users\HishamMo\Desktop\999_cs\Quantum_Inpired_PSO_Classifcation\train\fog_smoke\fog_smoke3804.jpg,fog_smoke
C:\Users\HishamMo\Desktop\999_cs\Quantum_Inpired_PSO_Classifcation\train\fog_smoke\fog_smoke3805.jpg,fog_smoke
C:\Users\HishamMo\Desktop\999_cs\Quantum_Inpired_PSO_Classifcation\train\fog_smoke\fog_smoke3806.jpg,fog_smoke
C:\Users\HishamMo\Desktop\999_cs\Quantum_Inpired_PSO_Classifcation\train\fog_smoke\fog_smoke3807.jpg,fog_smoke
C:\Users\HishamMo\Desktop\999_cs\Quantum_Inpired_PSO_Classifcation\train\fog_smoke\fog_smoke3809.jpg,fog_smoke
C:\Users\HishamMo\Desktop\999_cs\Quantum_Inpired_PSO_Classifcation\train\fog_smoke\fog_smoke3810.jpg,fog_smoke
C:\Users\HishamMo\Desktop\999_cs\Quantum_Inpired_PSO_Classifcation\train\fog_smoke\fog_smoke3811.jpg,fog_smoke
C:\Users\HishamMo\Desktop\999_cs\Quantum_Inpired_PSO_Classifcation\train\fog_smoke\fog_smoke3814.jpg,fog_smoke
C:\Users\HishamMo\Desktop\999_cs\Quantum_Inpired_PSO_Classifcation\train\fog_smoke\fog_smoke3818.jpg,fog_smoke
C:\Users\HishamMo\Desktop\999_cs\Quantum_Inpired_PSO_Classifcation\train\fog_smoke\fog_smoke3820.jpg,fog_smoke
C:\Users\HishamMo\Desktop\999_cs\Quantum_Inpired_PSO_Classifcation\train\fog_smoke\fog_smoke3821.jpg,fog_smoke
C:\Users\HishamMo\Desktop\999_cs\Quantum_Inpired_PSO_Classifcation\train\fog_smoke\fog_smoke3822.jpg,fog_smoke
C:\Users\HishamMo\Desktop\999_cs\Quantum_Inpired_PSO_Classifcation\train\fog_smoke\fog_smoke3823.jpg,fog_smoke
C:\Users\HishamMo\Desktop\999_cs\Quantum_Inpired_PSO_Classifcation\train\fog_smoke\fog_smoke3824.jpg,fog_smoke
C:\Users\HishamMo\Desktop\999_cs\Quantum_Inpired_PSO_Classifcation\train\fog_smoke\fog_smoke3825.jpg,fog_smoke
C:\Users\HishamMo\Desktop\999_cs\Quantum_Inpired_PSO_Classifcation\train\fog_smoke\fog_smoke3826.jpg,fog_smoke
C:\Users\HishamMo\Desktop\999_cs\Quantum_Inpired_PSO_Classifcation\train\fog_smoke\fog_smoke3827.jpg,fog_smoke
C:\Users\HishamMo\Desktop\999_cs\Quantum_Inpired_PSO_Classifcation\train\fog_smoke\fog_smoke3829.jpg,fog_smoke
C:\Users\HishamMo\Desktop\999_cs\Quantum_Inpired_PSO_Classifcation\train\fog_smoke\fog_smoke3830.jpg,fog_smoke
C:\Users\HishamMo\Desktop\999_cs\Quantum_Inpired_PSO_Classifcation\train\fog_smoke\fog_smoke3832.jpg,fog_smoke
C:\Users\HishamMo\Desktop\999_cs\Quantum_Inpired_PSO_Classifcation\train\fog_smoke\fog_smoke3833.jpg,fog_smoke
C:\Users\HishamMo\Desktop\999_cs\Quantum_Inpired_PSO_Classifcation\train\fog_smoke\fog_smoke3834.jpg,fog_smoke
C:\Users\HishamMo\Desktop\999_cs\Quantum_Inpired_PSO_Classifcation\train\fog_smoke\fog_smoke3835.jpg,fog_smoke
C:\Users\HishamMo\Desktop\999_cs\Quantum_Inpired_PSO_Classifcation\train\fog_smoke\fog_smoke3836.jpg,fog_smoke
C:\Users\HishamMo\Desktop\999_cs\Quantum_Inpired_PSO_Classifcation\train\fog_smoke\fog_smoke3837.jpg,fog_smoke
C:\Users\HishamMo\Desktop\999_cs\Quantum_Inpired_PSO_Classifcation\train\fog_smoke\fog_smoke3838.jpg,fog_smoke
C:\Users\HishamMo\Desktop\999_cs\Quantum_Inpired_PSO_Classifcation\train\fog_smoke\fog_smoke3839.jpg,fog_smoke
C:\Users\HishamMo\Desktop\999_cs\Quantum_Inpired_PSO_Classifcation\train\fog_smoke\fog_smoke3840.jpg,fog_smoke
C:\Users\HishamMo\Desktop\999_cs\Quantum_Inpired_PSO_Classifcation\train\fog_smoke\fog_smoke3842.jpg,fog_smoke
C:\Users\HishamMo\Desktop\999_cs\Quantum_Inpired_PSO_Classifcation\train\fog_smoke\fog_smoke3843.jpg,fog_smoke
C:\Users\HishamMo\Desktop\999_cs\Quantum_Inpired_PSO_Classifcation\train\fog_smoke\fog_smoke3845.jpg,fog_smoke
C:\Users\HishamMo\Desktop\999_cs\Quantum_Inpired_PSO_Classifcation\train\fog_smoke\fog_smoke3846.jpg,fog_smoke
C:\Users\HishamMo\Desktop\999_cs\Quantum_Inpired_PSO_Classifcation\train\fog_smoke\fog_smoke3847.jpg,fog_smoke
C:\Users\HishamMo\Desktop\999_cs\Quantum_Inpired_PSO_Classifcation\train\fog_smoke\fog_smoke3848.jpg,fog_smoke
C:\Users\HishamMo\Desktop\999_cs\Quantum_Inpired_PSO_Classifcation\train\fog_smoke\fog_smoke3849.jpg,fog_smoke
C:\Users\HishamMo\Desktop\999_cs\Quantum_Inpired_PSO_Classifcation\train\fog_smoke\fog_smoke3850.jpg,fog_smoke
C:\Users\HishamMo\Desktop\999_cs\Quantum_Inpired_PSO_Classifcation\train\fog_smoke\fog_smoke3851.jpg,fog_smoke
C:\Users\HishamMo\Desktop\999_cs\Quantum_Inpired_PSO_Classifcation\train\fog_smoke\fog_smoke3853.jpg,fog_smoke
C:\Users\HishamMo\Desktop\999_cs\Quantum_Inpired_PSO_Classifcation\train\fog_smoke\fog_smoke3854.jpg,fog_smoke
C:\Users\HishamMo\Desktop\999_cs\Quantum_Inpired_PSO_Classifcation\train\fog_smoke\fog_smoke3856.jpg,fog_smoke
C:\Users\HishamMo\Desktop\999_cs\Quantum_Inpired_PSO_Classifcation\train\fog_smoke\fog_smoke3858.jpg,fog_smoke
C:\Users\HishamMo\Desktop\999_cs\Quantum_Inpired_PSO_Classifcation\train\fog_smoke\fog_smoke3859.jpg,fog_smoke
C:\Users\HishamMo\Desktop\999_cs\Quantum_Inpired_PSO_Classifcation\train\fog_smoke\fog_smoke3860.jpg,fog_smoke
C:\Users\HishamMo\Desktop\999_cs\Quantum_Inpired_PSO_Classifcation\train\fog_smoke\fog_smoke3861.jpg,fog_smoke
C:\Users\HishamMo\Desktop\999_cs\Quantum_Inpired_PSO_Classifcation\train\fog_smoke\fog_smoke3862.jpg,fog_smoke
C:\Users\HishamMo\Desktop\999_cs\Quantum_Inpired_PSO_Classifcation\train\fog_smoke\fog_smoke3863.jpg,fog_smoke
C:\Users\HishamMo\Desktop\999_cs\Quantum_Inpired_PSO_Classifcation\train\fog_smoke\fog_smoke3865.jpg,fog_smoke
C:\Users\HishamMo\Desktop\999_cs\Quantum_Inpired_PSO_Classifcation\train\fog_smoke\fog_smoke3866.jpg,fog_smoke
C:\Users\HishamMo\Desktop\999_cs\Quantum_Inpired_PSO_Classifcation\train\fog_smoke\fog_smoke3867.jpg,fog_smoke
C:\Users\HishamMo\Desktop\999_cs\Quantum_Inpired_PSO_Classifcation\train\fog_smoke\fog_smoke3868.jpg,fog_smoke
C:\Users\HishamMo\Desktop\999_cs\Quantum_Inpired_PSO_Classifcation\train\fog_smoke\fog_smoke3871.jpg,fog_smoke
C:\Users\HishamMo\Desktop\999_cs\Quantum_Inpired_PSO_Classifcation\train\fog_smoke\fog_smoke3872.jpg,fog_smoke
C:\Users\HishamMo\Desktop\999_cs\Quantum_Inpired_PSO_Classifcation\train\fog_smoke\fog_smoke3873.jpg,fog_smoke
C:\Users\HishamMo\Desktop\999_cs\Quantum_Inpired_PSO_Classifcation\train\fog_smoke\fog_smoke3874.jpg,fog_smoke
C:\Users\HishamMo\Desktop\999_cs\Quantum_Inpired_PSO_Classifcation\train\fog_smoke\fog_smoke3875.jpg,fog_smoke
C:\Users\HishamMo\Desktop\999_cs\Quantum_Inpired_PSO_Classifcation\train\fog_smoke\fog_smoke3876.jpg,fog_smoke
C:\Users\HishamMo\Desktop\999_cs\Quantum_Inpired_PSO_Classifcation\train\fog_smoke\fog_smoke3877.jpg,fog_smoke
C:\Users\HishamMo\Desktop\999_cs\Quantum_Inpired_PSO_Classifcation\train\fog_smoke\fog_smoke3878.jpg,fog_smoke
C:\Users\HishamMo\Desktop\999_cs\Quantum_Inpired_PSO_Classifcation\train\fog_smoke\fog_smoke3879.jpg,fog_smoke
C:\Users\HishamMo\Desktop\999_cs\Quantum_Inpired_PSO_Classifcation\train\fog_smoke\fog_smoke3880.jpg,fog_smoke
C:\Users\HishamMo\Desktop\999_cs\Quantum_Inpired_PSO_Classifcation\train\fog_smoke\fog_smoke3881.jpg,fog_smoke
C:\Users\HishamMo\Desktop\999_cs\Quantum_Inpired_PSO_Classifcation\train\fog_smoke\fog_smoke3882.jpg,fog_smoke
C:\Users\HishamMo\Desktop\999_cs\Quantum_Inpired_PSO_Classifcation\train\fog_smoke\fog_smoke3883.jpg,fog_smoke
C:\Users\HishamMo\Desktop\999_cs\Quantum_Inpired_PSO_Classifcation\train\fog_smoke\fog_smoke3884.jpg,fog_smoke
C:\Users\HishamMo\Desktop\999_cs\Quantum_Inpired_PSO_Classifcation\train\fog_smoke\fog_smoke3885.jpg,fog_smoke
C:\Users\HishamMo\Desktop\999_cs\Quantum_Inpired_PSO_Classifcation\train\fog_smoke\fog_smoke3887.jpg,fog_smoke
C:\Users\HishamMo\Desktop\999_cs\Quantum_Inpired_PSO_Classifcation\train\fog_smoke\fog_smoke3888.jpg,fog_smoke
C:\Users\HishamMo\Desktop\999_cs\Quantum_Inpired_PSO_Classifcation\train\fog_smoke\fog_smoke3890.jpg,fog_smoke
C:\Users\HishamMo\Desktop\999_cs\Quantum_Inpired_PSO_Classifcation\train\fog_smoke\fog_smoke3891.jpg,fog_smoke
C:\Users\HishamMo\Desktop\999_cs\Quantum_Inpired_PSO_Classifcation\train\fog_smoke\fog_smoke3893.jpg,fog_smoke
C:\Users\HishamMo\Desktop\999_cs\Quantum_Inpired_PSO_Classifcation\train\fog_smoke\fog_smoke3894.jpg,fog_smoke
C:\Users\HishamMo\Desktop\999_cs\Quantum_Inpired_PSO_Classifcation\train\fog_smoke\fog_smoke3895.jpg,fog_smoke
C:\Users\HishamMo\Desktop\999_cs\Quantum_Inpired_PSO_Classifcation\train\fog_smoke\fog_smoke3897.jpg,fog_smoke
C:\Users\HishamMo\Desktop\999_cs\Quantum_Inpired_PSO_Classifcation\train\fog_smoke\fog_smoke3901.jpg,fog_smoke
C:\Users\HishamMo\Desktop\999_cs\Quantum_Inpired_PSO_Classifcation\train\fog_smoke\fog_smoke3902.jpg,fog_smoke
C:\Users\HishamMo\Desktop\999_cs\Quantum_Inpired_PSO_Classifcation\train\fog_smoke\fog_smoke3903.jpg,fog_smoke
C:\Users\HishamMo\Desktop\999_cs\Quantum_Inpired_PSO_Classifcation\train\fog_smoke\fog_smoke3904.jpg,fog_smoke
C:\Users\HishamMo\Desktop\999_cs\Quantum_Inpired_PSO_Classifcation\train\fog_smoke\fog_smoke3905.jpg,fog_smoke
C:\Users\HishamMo\Desktop\999_cs\Quantum_Inpired_PSO_Classifcation\train\fog_smoke\fog_smoke3907.jpg,fog_smoke
C:\Users\HishamMo\Desktop\999_cs\Quantum_Inpired_PSO_Classifcation\train\fog_smoke\fog_smoke3908.jpg,fog_smoke
C:\Users\HishamMo\Desktop\999_cs\Quantum_Inpired_PSO_Classifcation\train\fog_smoke\fog_smoke3909.jpg,fog_smoke
C:\Users\HishamMo\Desktop\999_cs\Quantum_Inpired_PSO_Classifcation\train\fog_smoke\fog_smoke3911.jpg,fog_smoke
C:\Users\HishamMo\Desktop\999_cs\Quantum_Inpired_PSO_Classifcation\train\fog_smoke\fog_smoke3912.jpg,fog_smoke
C:\Users\HishamMo\Desktop\999_cs\Quantum_Inpired_PSO_Classifcation\train\fog_smoke\fog_smoke3913.jpg,fog_smoke
C:\Users\HishamMo\Desktop\999_cs\Quantum_Inpired_PSO_Classifcation\train\fog_smoke\fog_smoke3914.jpg,fog_smoke
C:\Users\HishamMo\Desktop\999_cs\Quantum_Inpired_PSO_Classifcation\train\fog_smoke\fog_smoke3915.jpg,fog_smoke
C:\Users\HishamMo\Desktop\999_cs\Quantum_Inpired_PSO_Classifcation\train\fog_smoke\fog_smoke3916.jpg,fog_smoke
C:\Users\HishamMo\Desktop\999_cs\Quantum_Inpired_PSO_Classifcation\train\fog_smoke\fog_smoke3917.jpg,fog_smoke
C:\Users\HishamMo\Desktop\999_cs\Quantum_Inpired_PSO_Classifcation\train\fog_smoke\fog_smoke3918.jpg,fog_smoke
C:\Users\HishamMo\Desktop\999_cs\Quantum_Inpired_PSO_Classifcation\train\fog_smoke\fog_smoke3919.jpg,fog_smoke
C:\Users\HishamMo\Desktop\999_cs\Quantum_Inpired_PSO_Classifcation\train\fog_smoke\fog_smoke3920.jpg,fog_smoke
C:\Users\HishamMo\Desktop\999_cs\Quantum_Inpired_PSO_Classifcation\train\fog_smoke\fog_smoke3921.jpg,fog_smoke
C:\Users\HishamMo\Desktop\999_cs\Quantum_Inpired_PSO_Classifcation\train\fog_smoke\fog_smoke3922.jpg,fog_smoke
C:\Users\HishamMo\Desktop\999_cs\Quantum_Inpired_PSO_Classifcation\train\fog_smoke\fog_smoke3923.jpg,fog_smoke
C:\Users\HishamMo\Desktop\999_cs\Quantum_Inpired_PSO_Classifcation\train\fog_smoke\fog_smoke3924.jpg,fog_smoke
C:\Users\HishamMo\Desktop\999_cs\Quantum_Inpired_PSO_Classifcation\train\fog_smoke\fog_smoke3925.jpg,fog_smoke
C:\Users\HishamMo\Desktop\999_cs\Quantum_Inpired_PSO_Classifcation\train\fog_smoke\fog_smoke3926.jpg,fog_smoke
C:\Users\HishamMo\Desktop\999_cs\Quantum_Inpired_PSO_Classifcation\train\fog_smoke\fog_smoke3928.jpg,fog_smoke
C:\Users\HishamMo\Desktop\999_cs\Quantum_Inpired_PSO_Classifcation\train\fog_smoke\fog_smoke3929.jpg,fog_smoke
C:\Users\HishamMo\Desktop\999_cs\Quantum_Inpired_PSO_Classifcation\train\fog_smoke\fog_smoke3931.jpg,fog_smoke
C:\Users\HishamMo\Desktop\999_cs\Quantum_Inpired_PSO_Classifcation\train\fog_smoke\fog_smoke3932.jpg,fog_smoke
C:\Users\HishamMo\Desktop\999_cs\Quantum_Inpired_PSO_Classifcation\train\fog_smoke\fog_smoke3933.jpg,fog_smoke
C:\Users\HishamMo\Desktop\999_cs\Quantum_Inpired_PSO_Classifcation\train\fog_smoke\fog_smoke3934.jpg,fog_smoke
C:\Users\HishamMo\Desktop\999_cs\Quantum_Inpired_PSO_Classifcation\train\fog_smoke\fog_smoke3935.jpg,fog_smoke
C:\Users\HishamMo\Desktop\999_cs\Quantum_Inpired_PSO_Classifcation\train\fog_smoke\fog_smoke3936.jpg,fog_smoke
C:\Users\HishamMo\Desktop\999_cs\Quantum_Inpired_PSO_Classifcation\train\fog_smoke\fog_smoke3937.jpg,fog_smoke
C:\Users\HishamMo\Desktop\999_cs\Quantum_Inpired_PSO_Classifcation\train\fog_smoke\fog_smoke3938.jpg,fog_smoke
C:\Users\HishamMo\Desktop\999_cs\Quantum_Inpired_PSO_Classifcation\train\fog_smoke\fog_smoke3940.jpg,fog_smoke
C:\Users\HishamMo\Desktop\999_cs\Quantum_Inpired_PSO_Classifcation\train\fog_smoke\fog_smoke3941.jpg,fog_smoke
C:\Users\HishamMo\Desktop\999_cs\Quantum_Inpired_PSO_Classifcation\train\fog_smoke\fog_smoke3942.jpg,fog_smoke
C:\Users\HishamMo\Desktop\999_cs\Quantum_Inpired_PSO_Classifcation\train\fog_smoke\fog_smoke3943.jpg,fog_smoke
C:\Users\HishamMo\Desktop\999_cs\Quantum_Inpired_PSO_Classifcation\train\fog_smoke\fog_smoke3944.jpg,fog_smoke
C:\Users\HishamMo\Desktop\999_cs\Quantum_Inpired_PSO_Classifcation\train\fog_smoke\fog_smoke3945.jpg,fog_smoke
C:\Users\HishamMo\Desktop\999_cs\Quantum_Inpired_PSO_Classifcation\train\fog_smoke\fog_smoke3946.jpg,fog_smoke
C:\Users\HishamMo\Desktop\999_cs\Quantum_Inpired_PSO_Classifcation\train\fog_smoke\fog_smoke3947.jpg,fog_smoke
C:\Users\HishamMo\Desktop\999_cs\Quantum_Inpired_PSO_Classifcation\train\fog_smoke\fog_smoke3948.jpg,fog_smoke
C:\Users\HishamMo\Desktop\999_cs\Quantum_Inpired_PSO_Classifcation\train\fog_smoke\fog_smoke3949.jpg,fog_smoke
C:\Users\HishamMo\Desktop\999_cs\Quantum_Inpired_PSO_Classifcation\train\fog_smoke\fog_smoke3950.jpg,fog_smoke
C:\Users\HishamMo\Desktop\999_cs\Quantum_Inpired_PSO_Classifcation\train\fog_smoke\fog_smoke3952.jpg,fog_smoke
C:\Users\HishamMo\Desktop\999_cs\Quantum_Inpired_PSO_Classifcation\train\fog_smoke\fog_smoke3953.jpg,fog_smoke
C:\Users\HishamMo\Desktop\999_cs\Quantum_Inpired_PSO_Classifcation\train\fog_smoke\fog_smoke3954.jpg,fog_smoke
C:\Users\HishamMo\Desktop\999_cs\Quantum_Inpired_PSO_Classifcation\train\fog_smoke\fog_smoke3955.jpg,fog_smoke
C:\Users\HishamMo\Desktop\999_cs\Quantum_Inpired_PSO_Classifcation\train\fog_smoke\fog_smoke3957.jpg,fog_smoke
C:\Users\HishamMo\Desktop\999_cs\Quantum_Inpired_PSO_Classifcation\train\fog_smoke\fog_smoke3958.jpg,fog_smoke
C:\Users\HishamMo\Desktop\999_cs\Quantum_Inpired_PSO_Classifcation\train\fog_smoke\fog_smoke3959.jpg,fog_smoke
C:\Users\HishamMo\Desktop\999_cs\Quantum_Inpired_PSO_Classifcation\train\fog_smoke\fog_smoke3960.jpg,fog_smoke
C:\Users\HishamMo\Desktop\999_cs\Quantum_Inpired_PSO_Classifcation\train\fog_smoke\fog_smoke3961.jpg,fog_smoke
C:\Users\HishamMo\Desktop\999_cs\Quantum_Inpired_PSO_Classifcation\train\fog_smoke\fog_smoke3962.jpg,fog_smoke
C:\Users\HishamMo\Desktop\999_cs\Quantum_Inpired_PSO_Classifcation\train\fog_smoke\fog_smoke3965.jpg,fog_smoke
C:\Users\HishamMo\Desktop\999_cs\Quantum_Inpired_PSO_Classifcation\train\fog_smoke\fog_smoke3966.jpg,fog_smoke
C:\Users\HishamMo\Desktop\999_cs\Quantum_Inpired_PSO_Classifcation\train\fog_smoke\fog_smoke3967.jpg,fog_smoke
C:\Users\HishamMo\Desktop\999_cs\Quantum_Inpired_PSO_Classifcation\train\fog_smoke\fog_smoke3968.jpg,fog_smoke
C:\Users\HishamMo\Desktop\999_cs\Quantum_Inpired_PSO_Classifcation\train\fog_smoke\fog_smoke3969.jpg,fog_smoke
C:\Users\HishamMo\Desktop\999_cs\Quantum_Inpired_PSO_Classifcation\train\fog_smoke\fog_smoke3970.jpg,fog_smoke
C:\Users\HishamMo\Desktop\999_cs\Quantum_Inpired_PSO_Classifcation\train\fog_smoke\fog_smoke3971.jpg,fog_smoke
C:\Users\HishamMo\Desktop\999_cs\Quantum_Inpired_PSO_Classifcation\train\fog_smoke\fog_smoke3972.jpg,fog_smoke
C:\Users\HishamMo\Desktop\999_cs\Quantum_Inpired_PSO_Classifcation\train\fog_smoke\fog_smoke3973.jpg,fog_smoke
C:\Users\HishamMo\Desktop\999_cs\Quantum_Inpired_PSO_Classifcation\train\fog_smoke\fog_smoke3974.jpg,fog_smoke
C:\Users\HishamMo\Desktop\999_cs\Quantum_Inpired_PSO_Classifcation\train\fog_smoke\fog_smoke3975.jpg,fog_smoke
C:\Users\HishamMo\Desktop\999_cs\Quantum_Inpired_PSO_Classifcation\train\fog_smoke\fog_smoke3976.jpg,fog_smoke
C:\Users\HishamMo\Desktop\999_cs\Quantum_Inpired_PSO_Classifcation\train\fog_smoke\fog_smoke3977.jpg,fog_smoke
C:\Users\HishamMo\Desktop\999_cs\Quantum_Inpired_PSO_Classifcation\train\fog_smoke\fog_smoke3978.jpg,fog_smoke
C:\Users\HishamMo\Desktop\999_cs\Quantum_Inpired_PSO_Classifcation\train\fog_smoke\fog_smoke3979.jpg,fog_smoke
C:\Users\HishamMo\Desktop\999_cs\Quantum_Inpired_PSO_Classifcation\train\fog_smoke\fog_smoke3983.jpg,fog_smoke
C:\Users\HishamMo\Desktop\999_cs\Quantum_Inpired_PSO_Classifcation\train\fog_smoke\fog_smoke3984.jpg,fog_smoke
C:\Users\HishamMo\Desktop\999_cs\Quantum_Inpired_PSO_Classifcation\train\fog_smoke\fog_smoke3985.jpg,fog_smoke
C:\Users\HishamMo\Desktop\999_cs\Quantum_Inpired_PSO_Classifcation\train\fog_smoke\fog_smoke3986.jpg,fog_smoke
C:\Users\HishamMo\Desktop\999_cs\Quantum_Inpired_PSO_Classifcation\train\fog_smoke\fog_smoke3987.jpg,fog_smoke
C:\Users\HishamMo\Desktop\999_cs\Quantum_Inpired_PSO_Classifcation\train\fog_smoke\fog_smoke3989.jpg,fog_smoke
C:\Users\HishamMo\Desktop\999_cs\Quantum_Inpired_PSO_Classifcation\train\fog_smoke\fog_smoke3990.jpg,fog_smoke
C:\Users\HishamMo\Desktop\999_cs\Quantum_Inpired_PSO_Classifcation\train\fog_smoke\fog_smoke3991.jpg,fog_smoke
C:\Users\HishamMo\Desktop\999_cs\Quantum_Inpired_PSO_Classifcation\train\fog_smoke\fog_smoke3992.jpg,fog_smoke
C:\Users\HishamMo\Desktop\999_cs\Quantum_Inpired_PSO_Classifcation\train\fog_smoke\fog_smoke3994.jpg,fog_smoke
C:\Users\HishamMo\Desktop\999_cs\Quantum_Inpired_PSO_Classifcation\train\fog_smoke\fog_smoke3995.jpg,fog_smoke
C:\Users\HishamMo\Desktop\999_cs\Quantum_Inpired_PSO_Classifcation\train\fog_smoke\fog_smoke3996.jpg,fog_smoke
C:\Users\HishamMo\Desktop\999_cs\Quantum_Inpired_PSO_Classifcation\train\fog_smoke\fog_smoke3997.jpg,fog_smoke
C:\Users\HishamMo\Desktop\999_cs\Quantum_Inpired_PSO_Classifcation\train\fog_smoke\fog_smoke4001.jpg,fog_smoke
C:\Users\HishamMo\Desktop\999_cs\Quantum_Inpired_PSO_Classifcation\train\fog_smoke\fog_smoke4002.jpg,fog_smoke
C:\Users\HishamMo\Desktop\999_cs\Quantum_Inpired_PSO_Classifcation\train\fog_smoke\fog_smoke4003.jpg,fog_smoke
C:\Users\HishamMo\Desktop\999_cs\Quantum_Inpired_PSO_Classifcation\train\fog_smoke\fog_smoke4004.jpg,fog_smoke
C:\Users\HishamMo\Desktop\999_cs\Quantum_Inpired_PSO_Classifcation\train\fog_smoke\fog_smoke4005.jpg,fog_smoke
C:\Users\HishamMo\Desktop\999_cs\Quantum_Inpired_PSO_Classifcation\train\fog_smoke\fog_smoke4006.jpg,fog_smoke
C:\Users\HishamMo\Desktop\999_cs\Quantum_Inpired_PSO_Classifcation\train\fog_smoke\fog_smoke4007.jpg,fog_smoke
C:\Users\HishamMo\Desktop\999_cs\Quantum_Inpired_PSO_Classifcation\train\fog_smoke\fog_smoke4008.jpg,fog_smoke
C:\Users\HishamMo\Desktop\999_cs\Quantum_Inpired_PSO_Classifcation\train\fog_smoke\fog_smoke4009.jpg,fog_smoke
C:\Users\HishamMo\Desktop\999_cs\Quantum_Inpired_PSO_Classifcation\train\fog_smoke\fog_smoke4010.jpg,fog_smoke
C:\Users\HishamMo\Desktop\999_cs\Quantum_Inpired_PSO_Classifcation\train\fog_smoke\fog_smoke4011.jpg,fog_smoke
C:\Users\HishamMo\Desktop\999_cs\Quantum_Inpired_PSO_Classifcation\train\fog_smoke\fog_smoke4012.jpg,fog_smoke
C:\Users\HishamMo\Desktop\999_cs\Quantum_Inpired_PSO_Classifcation\train\fog_smoke\fog_smoke4013.jpg,fog_smoke
C:\Users\HishamMo\Desktop\999_cs\Quantum_Inpired_PSO_Classifcation\train\fog_smoke\fog_smoke4014.jpg,fog_smoke
C:\Users\HishamMo\Desktop\999_cs\Quantum_Inpired_PSO_Classifcation\train\fog_smoke\fog_smoke4015.jpg,fog_smoke
C:\Users\HishamMo\Desktop\999_cs\Quantum_Inpired_PSO_Classifcation\train\fog_smoke\fog_smoke4016.jpg,fog_smoke
C:\Users\HishamMo\Desktop\999_cs\Quantum_Inpired_PSO_Classifcation\train\fog_smoke\fog_smoke4017.jpg,fog_smoke
C:\Users\HishamMo\Desktop\999_cs\Quantum_Inpired_PSO_Classifcation\train\fog_smoke\fog_smoke4018.jpg,fog_smoke
C:\Users\HishamMo\Desktop\999_cs\Quantum_Inpired_PSO_Classifcation\train\fog_smoke\fog_smoke4019.jpg,fog_smoke
C:\Users\HishamMo\Desktop\999_cs\Quantum_Inpired_PSO_Classifcation\train\fog_smoke\fog_smoke4021.jpg,fog_smoke
C:\Users\HishamMo\Desktop\999_cs\Quantum_Inpired_PSO_Classifcation\train\fog_smoke\fog_smoke4022.jpg,fog_smoke
C:\Users\HishamMo\Desktop\999_cs\Quantum_Inpired_PSO_Classifcation\train\fog_smoke\fog_smoke4023.jpg,fog_smoke
C:\Users\HishamMo\Desktop\999_cs\Quantum_Inpired_PSO_Classifcation\train\fog_smoke\fog_smoke4024.jpg,fog_smoke
C:\Users\HishamMo\Desktop\999_cs\Quantum_Inpired_PSO_Classifcation\train\fog_smoke\fog_smoke4025.jpg,fog_smoke
C:\Users\HishamMo\Desktop\999_cs\Quantum_Inpired_PSO_Classifcation\train\fog_smoke\fog_smoke4027.jpg,fog_smoke
C:\Users\HishamMo\Desktop\999_cs\Quantum_Inpired_PSO_Classifcation\train\fog_smoke\fog_smoke4028.jpg,fog_smoke
C:\Users\HishamMo\Desktop\999_cs\Quantum_Inpired_PSO_Classifcation\train\fog_smoke\fog_smoke4029.jpg,fog_smoke
C:\Users\HishamMo\Desktop\999_cs\Quantum_Inpired_PSO_Classifcation\train\fog_smoke\fog_smoke4030.jpg,fog_smoke
C:\Users\HishamMo\Desktop\999_cs\Quantum_Inpired_PSO_Classifcation\train\fog_smoke\fog_smoke4031.jpg,fog_smoke
C:\Users\HishamMo\Desktop\999_cs\Quantum_Inpired_PSO_Classifcation\train\fog_smoke\fog_smoke4033.jpg,fog_smoke
C:\Users\HishamMo\Desktop\999_cs\Quantum_Inpired_PSO_Classifcation\train\fog_smoke\fog_smoke4034.jpg,fog_smoke
C:\Users\HishamMo\Desktop\999_cs\Quantum_Inpired_PSO_Classifcation\train\fog_smoke\fog_smoke4035.jpg,fog_smoke
C:\Users\HishamMo\Desktop\999_cs\Quantum_Inpired_PSO_Classifcation\train\fog_smoke\fog_smoke4036.jpg,fog_smoke
C:\Users\HishamMo\Desktop\999_cs\Quantum_Inpired_PSO_Classifcation\train\fog_smoke\fog_smoke4037.jpg,fog_smoke
C:\Users\HishamMo\Desktop\999_cs\Quantum_Inpired_PSO_Classifcation\train\fog_smoke\fog_smoke4038.jpg,fog_smoke
C:\Users\HishamMo\Desktop\999_cs\Quantum_Inpired_PSO_Classifcation\train\fog_smoke\fog_smoke4039.jpg,fog_smoke
C:\Users\HishamMo\Desktop\999_cs\Quantum_Inpired_PSO_Classifcation\train\fog_smoke\fog_smoke4041.jpg,fog_smoke
C:\Users\HishamMo\Desktop\999_cs\Quantum_Inpired_PSO_Classifcation\train\fog_smoke\fog_smoke4042.jpg,fog_smoke
C:\Users\HishamMo\Desktop\999_cs\Quantum_Inpired_PSO_Classifcation\train\fog_smoke\fog_smoke4043.jpg,fog_smoke
C:\Users\HishamMo\Desktop\999_cs\Quantum_Inpired_PSO_Classifcation\train\fog_smoke\fog_smoke4044.jpg,fog_smoke
C:\Users\HishamMo\Desktop\999_cs\Quantum_Inpired_PSO_Classifcation\train\fog_smoke\fog_smoke4045.jpg,fog_smoke
C:\Users\HishamMo\Desktop\999_cs\Quantum_Inpired_PSO_Classifcation\train\fog_smoke\fog_smoke4046.jpg,fog_smoke
C:\Users\HishamMo\Desktop\999_cs\Quantum_Inpired_PSO_Classifcation\train\fog_smoke\fog_smoke4047.jpg,fog_smoke
C:\Users\HishamMo\Desktop\999_cs\Quantum_Inpired_PSO_Classifcation\train\fog_smoke\fog_smoke4048.jpg,fog_smoke
C:\Users\HishamMo\Desktop\999_cs\Quantum_Inpired_PSO_Classifcation\train\fog_smoke\fog_smoke4049.jpg,fog_smoke
C:\Users\HishamMo\Desktop\999_cs\Quantum_Inpired_PSO_Classifcation\train\fog_smoke\fog_smoke4051.jpg,fog_smoke
C:\Users\HishamMo\Desktop\999_cs\Quantum_Inpired_PSO_Classifcation\train\fog_smoke\fog_smoke4052.jpg,fog_smoke
C:\Users\HishamMo\Desktop\999_cs\Quantum_Inpired_PSO_Classifcation\train\fog_smoke\fog_smoke4054.jpg,fog_smoke
C:\Users\HishamMo\Desktop\999_cs\Quantum_Inpired_PSO_Classifcation\train\fog_smoke\fog_smoke4056.jpg,fog_smoke
C:\Users\HishamMo\Desktop\999_cs\Quantum_Inpired_PSO_Classifcation\train\fog_smoke\fog_smoke4057.jpg,fog_smoke
C:\Users\HishamMo\Desktop\999_cs\Quantum_Inpired_PSO_Classifcation\train\fog_smoke\fog_smoke4058.jpg,fog_smoke
C:\Users\HishamMo\Desktop\999_cs\Quantum_Inpired_PSO_Classifcation\train\fog_smoke\fog_smoke4059.jpg,fog_smoke
C:\Users\HishamMo\Desktop\999_cs\Quantum_Inpired_PSO_Classifcation\train\fog_smoke\fog_smoke4060.jpg,fog_smoke
C:\Users\HishamMo\Desktop\999_cs\Quantum_Inpired_PSO_Classifcation\train\fog_smoke\fog_smoke4061.jpg,fog_smoke
C:\Users\HishamMo\Desktop\999_cs\Quantum_Inpired_PSO_Classifcation\train\fog_smoke\fog_smoke4062.jpg,fog_smoke
C:\Users\HishamMo\Desktop\999_cs\Quantum_Inpired_PSO_Classifcation\train\fog_smoke\fog_smoke4063.jpg,fog_smoke
C:\Users\HishamMo\Desktop\999_cs\Quantum_Inpired_PSO_Classifcation\train\fog_smoke\fog_smoke4064.jpg,fog_smoke
C:\Users\HishamMo\Desktop\999_cs\Quantum_Inpired_PSO_Classifcation\train\fog_smoke\fog_smoke4065.jpg,fog_smoke
C:\Users\HishamMo\Desktop\999_cs\Quantum_Inpired_PSO_Classifcation\train\fog_smoke\fog_smoke4067.jpg,fog_smoke
C:\Users\HishamMo\Desktop\999_cs\Quantum_Inpired_PSO_Classifcation\train\fog_smoke\fog_smoke4068.jpg,fog_smoke
C:\Users\HishamMo\Desktop\999_cs\Quantum_Inpired_PSO_Classifcation\train\fog_smoke\fog_smoke4071.jpg,fog_smoke
C:\Users\HishamMo\Desktop\999_cs\Quantum_Inpired_PSO_Classifcation\train\fog_smoke\fog_smoke4072.jpg,fog_smoke
C:\Users\HishamMo\Desktop\999_cs\Quantum_Inpired_PSO_Classifcation\train\fog_smoke\fog_smoke4073.jpg,fog_smoke
C:\Users\HishamMo\Desktop\999_cs\Quantum_Inpired_PSO_Classifcation\train\fog_smoke\fog_smoke4074.jpg,fog_smoke
C:\Users\HishamMo\Desktop\999_cs\Quantum_Inpired_PSO_Classifcation\train\fog_smoke\fog_smoke4076.jpg,fog_smoke
C:\Users\HishamMo\Desktop\999_cs\Quantum_Inpired_PSO_Classifcation\train\fog_smoke\fog_smoke4077.jpg,fog_smoke
C:\Users\HishamMo\Desktop\999_cs\Quantum_Inpired_PSO_Classifcation\train\fog_smoke\fog_smoke4078.jpg,fog_smoke
C:\Users\HishamMo\Desktop\999_cs\Quantum_Inpired_PSO_Classifcation\train\fog_smoke\fog_smoke4079.jpg,fog_smoke
C:\Users\HishamMo\Desktop\999_cs\Quantum_Inpired_PSO_Classifcation\train\fog_smoke\fog_smoke4080.jpg,fog_smoke
C:\Users\HishamMo\Desktop\999_cs\Quantum_Inpired_PSO_Classifcation\train\fog_smoke\fog_smoke4081.jpg,fog_smoke
C:\Users\HishamMo\Desktop\999_cs\Quantum_Inpired_PSO_Classifcation\train\fog_smoke\fog_smoke4082.jpg,fog_smoke
C:\Users\HishamMo\Desktop\999_cs\Quantum_Inpired_PSO_Classifcation\train\fog_smoke\fog_smoke4083.jpg,fog_smoke
C:\Users\HishamMo\Desktop\999_cs\Quantum_Inpired_PSO_Classifcation\train\fog_smoke\fog_smoke4085.jpg,fog_smoke
C:\Users\HishamMo\Desktop\999_cs\Quantum_Inpired_PSO_Classifcation\train\fog_smoke\fog_smoke4087.jpg,fog_smoke
C:\Users\HishamMo\Desktop\999_cs\Quantum_Inpired_PSO_Classifcation\train\fog_smoke\fog_smoke4088.jpg,fog_smoke
C:\Users\HishamMo\Desktop\999_cs\Quantum_Inpired_PSO_Classifcation\train\fog_smoke\fog_smoke4089.jpg,fog_smoke
C:\Users\HishamMo\Desktop\999_cs\Quantum_Inpired_PSO_Classifcation\train\fog_smoke\fog_smoke4090.jpg,fog_smoke
C:\Users\HishamMo\Desktop\999_cs\Quantum_Inpired_PSO_Classifcation\train\fog_smoke\fog_smoke4091.jpg,fog_smoke
C:\Users\HishamMo\Desktop\999_cs\Quantum_Inpired_PSO_Classifcation\train\fog_smoke\fog_smoke4093.jpg,fog_smoke
C:\Users\HishamMo\Desktop\999_cs\Quantum_Inpired_PSO_Classifcation\train\fog_smoke\fog_smoke4095.jpg,fog_smoke
C:\Users\HishamMo\Desktop\999_cs\Quantum_Inpired_PSO_Classifcation\train\fog_smoke\fog_smoke4098.jpg,fog_smoke
C:\Users\HishamMo\Desktop\999_cs\Quantum_Inpired_PSO_Classifcation\train\fog_smoke\fog_smoke4101.jpg,fog_smoke
C:\Users\HishamMo\Desktop\999_cs\Quantum_Inpired_PSO_Classifcation\train\fog_smoke\fog_smoke4102.jpg,fog_smoke
C:\Users\HishamMo\Desktop\999_cs\Quantum_Inpired_PSO_Classifcation\train\fog_smoke\fog_smoke4103.jpg,fog_smoke
C:\Users\HishamMo\Desktop\999_cs\Quantum_Inpired_PSO_Classifcation\train\fog_smoke\fog_smoke4105.jpg,fog_smoke
C:\Users\HishamMo\Desktop\999_cs\Quantum_Inpired_PSO_Classifcation\train\fog_smoke\fog_smoke4107.jpg,fog_smoke
C:\Users\HishamMo\Desktop\999_cs\Quantum_Inpired_PSO_Classifcation\train\fog_smoke\fog_smoke4108.jpg,fog_smoke
C:\Users\HishamMo\Desktop\999_cs\Quantum_Inpired_PSO_Classifcation\train\fog_smoke\fog_smoke4109.jpg,fog_smoke
C:\Users\HishamMo\Desktop\999_cs\Quantum_Inpired_PSO_Classifcation\train\fog_smoke\fog_smoke4110.jpg,fog_smoke
C:\Users\HishamMo\Desktop\999_cs\Quantum_Inpired_PSO_Classifcation\train\fog_smoke\fog_smoke4111.jpg,fog_smoke
C:\Users\HishamMo\Desktop\999_cs\Quantum_Inpired_PSO_Classifcation\train\fog_smoke\fog_smoke4112.jpg,fog_smoke
C:\Users\HishamMo\Desktop\999_cs\Quantum_Inpired_PSO_Classifcation\train\fog_smoke\fog_smoke4113.jpg,fog_smoke
C:\Users\HishamMo\Desktop\999_cs\Quantum_Inpired_PSO_Classifcation\train\fog_smoke\fog_smoke4114.jpg,fog_smoke
C:\Users\HishamMo\Desktop\999_cs\Quantum_Inpired_PSO_Classifcation\train\fog_smoke\fog_smoke4115.jpg,fog_smoke
C:\Users\HishamMo\Desktop\999_cs\Quantum_Inpired_PSO_Classifcation\train\fog_smoke\fog_smoke4116.jpg,fog_smoke
C:\Users\HishamMo\Desktop\999_cs\Quantum_Inpired_PSO_Classifcation\train\fog_smoke\fog_smoke4117.jpg,fog_smoke
C:\Users\HishamMo\Desktop\999_cs\Quantum_Inpired_PSO_Classifcation\train\fog_smoke\fog_smoke4118.jpg,fog_smoke
C:\Users\HishamMo\Desktop\999_cs\Quantum_Inpired_PSO_Classifcation\train\fog_smoke\fog_smoke4120.jpg,fog_smoke
C:\Users\HishamMo\Desktop\999_cs\Quantum_Inpired_PSO_Classifcation\train\fog_smoke\fog_smoke4121.jpg,fog_smoke
C:\Users\HishamMo\Desktop\999_cs\Quantum_Inpired_PSO_Classifcation\train\fog_smoke\fog_smoke4122.jpg,fog_smoke
C:\Users\HishamMo\Desktop\999_cs\Quantum_Inpired_PSO_Classifcation\train\fog_smoke\fog_smoke4123.jpg,fog_smoke
C:\Users\HishamMo\Desktop\999_cs\Quantum_Inpired_PSO_Classifcation\train\fog_smoke\fog_smoke4124.jpg,fog_smoke
C:\Users\HishamMo\Desktop\999_cs\Quantum_Inpired_PSO_Classifcation\train\fog_smoke\fog_smoke4125.jpg,fog_smoke
C:\Users\HishamMo\Desktop\999_cs\Quantum_Inpired_PSO_Classifcation\train\fog_smoke\fog_smoke4126.jpg,fog_smoke
C:\Users\HishamMo\Desktop\999_cs\Quantum_Inpired_PSO_Classifcation\train\fog_smoke\fog_smoke4127.jpg,fog_smoke
C:\Users\HishamMo\Desktop\999_cs\Quantum_Inpired_PSO_Classifcation\train\fog_smoke\fog_smoke4128.jpg,fog_smoke
C:\Users\HishamMo\Desktop\999_cs\Quantum_Inpired_PSO_Classifcation\train\fog_smoke\fog_smoke4130.jpg,fog_smoke
C:\Users\HishamMo\Desktop\999_cs\Quantum_Inpired_PSO_Classifcation\train\fog_smoke\fog_smoke4131.jpg,fog_smoke
C:\Users\HishamMo\Desktop\999_cs\Quantum_Inpired_PSO_Classifcation\train\fog_smoke\fog_smoke4132.jpg,fog_smoke
C:\Users\HishamMo\Desktop\999_cs\Quantum_Inpired_PSO_Classifcation\train\fog_smoke\fog_smoke4133.jpg,fog_smoke
C:\Users\HishamMo\Desktop\999_cs\Quantum_Inpired_PSO_Classifcation\train\fog_smoke\fog_smoke4135.jpg,fog_smoke
C:\Users\HishamMo\Desktop\999_cs\Quantum_Inpired_PSO_Classifcation\train\fog_smoke\fog_smoke4137.jpg,fog_smoke
C:\Users\HishamMo\Desktop\999_cs\Quantum_Inpired_PSO_Classifcation\train\fog_smoke\fog_smoke4139.jpg,fog_smoke
C:\Users\HishamMo\Desktop\999_cs\Quantum_Inpired_PSO_Classifcation\train\fog_smoke\fog_smoke4140.jpg,fog_smoke
C:\Users\HishamMo\Desktop\999_cs\Quantum_Inpired_PSO_Classifcation\train\fog_smoke\fog_smoke4141.jpg,fog_smoke
C:\Users\HishamMo\Desktop\999_cs\Quantum_Inpired_PSO_Classifcation\train\fog_smoke\fog_smoke4142.jpg,fog_smoke
C:\Users\HishamMo\Desktop\999_cs\Quantum_Inpired_PSO_Classifcation\train\fog_smoke\fog_smoke4144.jpg,fog_smoke
C:\Users\HishamMo\Desktop\999_cs\Quantum_Inpired_PSO_Classifcation\train\fog_smoke\fog_smoke4145.jpg,fog_smoke
C:\Users\HishamMo\Desktop\999_cs\Quantum_Inpired_PSO_Classifcation\train\fog_smoke\fog_smoke4146.jpg,fog_smoke
C:\Users\HishamMo\Desktop\999_cs\Quantum_Inpired_PSO_Classifcation\train\fog_smoke\fog_smoke4150.jpg,fog_smoke
C:\Users\HishamMo\Desktop\999_cs\Quantum_Inpired_PSO_Classifcation\train\fog_smoke\fog_smoke4151.jpg,fog_smoke
C:\Users\HishamMo\Desktop\999_cs\Quantum_Inpired_PSO_Classifcation\train\fog_smoke\fog_smoke4152.jpg,fog_smoke
C:\Users\HishamMo\Desktop\999_cs\Quantum_Inpired_PSO_Classifcation\train\fog_smoke\fog_smoke4153.jpg,fog_smoke
C:\Users\HishamMo\Desktop\999_cs\Quantum_Inpired_PSO_Classifcation\train\fog_smoke\fog_smoke4154.jpg,fog_smoke
C:\Users\HishamMo\Desktop\999_cs\Quantum_Inpired_PSO_Classifcation\train\fog_smoke\fog_smoke4155.jpg,fog_smoke
C:\Users\HishamMo\Desktop\999_cs\Quantum_Inpired_PSO_Classifcation\train\fog_smoke\fog_smoke4156.jpg,fog_smoke
C:\Users\HishamMo\Desktop\999_cs\Quantum_Inpired_PSO_Classifcation\train\fog_smoke\fog_smoke4158.jpg,fog_smoke
C:\Users\HishamMo\Desktop\999_cs\Quantum_Inpired_PSO_Classifcation\train\fog_smoke\fog_smoke4159.jpg,fog_smoke
C:\Users\HishamMo\Desktop\999_cs\Quantum_Inpired_PSO_Classifcation\train\fog_smoke\fog_smoke4160.jpg,fog_smoke
C:\Users\HishamMo\Desktop\999_cs\Quantum_Inpired_PSO_Classifcation\train\fog_smoke\fog_smoke4161.jpg,fog_smoke
C:\Users\HishamMo\Desktop\999_cs\Quantum_Inpired_PSO_Classifcation\train\fog_smoke\fog_smoke4162.jpg,fog_smoke
C:\Users\HishamMo\Desktop\999_cs\Quantum_Inpired_PSO_Classifcation\train\fog_smoke\fog_smoke4163.jpg,fog_smoke
C:\Users\HishamMo\Desktop\999_cs\Quantum_Inpired_PSO_Classifcation\train\fog_smoke\fog_smoke4164.jpg,fog_smoke
C:\Users\HishamMo\Desktop\999_cs\Quantum_Inpired_PSO_Classifcation\train\fog_smoke\fog_smoke4167.jpg,fog_smoke
C:\Users\HishamMo\Desktop\999_cs\Quantum_Inpired_PSO_Classifcation\train\fog_smoke\fog_smoke4168.jpg,fog_smoke
C:\Users\HishamMo\Desktop\999_cs\Quantum_Inpired_PSO_Classifcation\train\fog_smoke\fog_smoke4169.jpg,fog_smoke
C:\Users\HishamMo\Desktop\999_cs\Quantum_Inpired_PSO_Classifcation\train\fog_smoke\fog_smoke4170.jpg,fog_smoke
C:\Users\HishamMo\Desktop\999_cs\Quantum_Inpired_PSO_Classifcation\train\fog_smoke\fog_smoke4172.jpg,fog_smoke
C:\Users\HishamMo\Desktop\999_cs\Quantum_Inpired_PSO_Classifcation\train\fog_smoke\fog_smoke4173.jpg,fog_smoke
C:\Users\HishamMo\Desktop\999_cs\Quantum_Inpired_PSO_Classifcation\train\fog_smoke\fog_smoke4174.jpg,fog_smoke
C:\Users\HishamMo\Desktop\999_cs\Quantum_Inpired_PSO_Classifcation\train\fog_smoke\fog_smoke4176.jpg,fog_smoke
C:\Users\HishamMo\Desktop\999_cs\Quantum_Inpired_PSO_Classifcation\train\fog_smoke\fog_smoke4177.jpg,fog_smoke
C:\Users\HishamMo\Desktop\999_cs\Quantum_Inpired_PSO_Classifcation\train\fog_smoke\fog_smoke4179.jpg,fog_smoke
C:\Users\HishamMo\Desktop\999_cs\Quantum_Inpired_PSO_Classifcation\train\fog_smoke\fog_smoke4181.jpg,fog_smoke
C:\Users\HishamMo\Desktop\999_cs\Quantum_Inpired_PSO_Classifcation\train\fog_smoke\fog_smoke4183.jpg,fog_smoke
C:\Users\HishamMo\Desktop\999_cs\Quantum_Inpired_PSO_Classifcation\train\fog_smoke\fog_smoke4184.jpg,fog_smoke
C:\Users\HishamMo\Desktop\999_cs\Quantum_Inpired_PSO_Classifcation\train\fog_smoke\fog_smoke4185.jpg,fog_smoke
C:\Users\HishamMo\Desktop\999_cs\Quantum_Inpired_PSO_Classifcation\train\fog_smoke\fog_smoke4186.jpg,fog_smoke
C:\Users\HishamMo\Desktop\999_cs\Quantum_Inpired_PSO_Classifcation\train\fog_smoke\fog_smoke4187.jpg,fog_smoke
C:\Users\HishamMo\Desktop\999_cs\Quantum_Inpired_PSO_Classifcation\train\fog_smoke\fog_smoke4188.jpg,fog_smoke
C:\Users\HishamMo\Desktop\999_cs\Quantum_Inpired_PSO_Classifcation\train\fog_smoke\fog_smoke4189.jpg,fog_smoke
C:\Users\HishamMo\Desktop\999_cs\Quantum_Inpired_PSO_Classifcation\train\fog_smoke\fog_smoke4190.jpg,fog_smoke
C:\Users\HishamMo\Desktop\999_cs\Quantum_Inpired_PSO_Classifcation\train\fog_smoke\fog_smoke4191.jpg,fog_smoke
C:\Users\HishamMo\Desktop\999_cs\Quantum_Inpired_PSO_Classifcation\train\fog_smoke\fog_smoke4192.jpg,fog_smoke
C:\Users\HishamMo\Desktop\999_cs\Quantum_Inpired_PSO_Classifcation\train\fog_smoke\fog_smoke4193.jpg,fog_smoke
C:\Users\HishamMo\Desktop\999_cs\Quantum_Inpired_PSO_Classifcation\train\fog_smoke\fog_smoke4194.jpg,fog_smoke
C:\Users\HishamMo\Desktop\999_cs\Quantum_Inpired_PSO_Classifcation\train\fog_smoke\fog_smoke4195.jpg,fog_smoke
C:\Users\HishamMo\Desktop\999_cs\Quantum_Inpired_PSO_Classifcation\train\fog_smoke\fog_smoke4196.jpg,fog_smoke
C:\Users\HishamMo\Desktop\999_cs\Quantum_Inpired_PSO_Classifcation\train\fog_smoke\fog_smoke4197.jpg,fog_smoke
C:\Users\HishamMo\Desktop\999_cs\Quantum_Inpired_PSO_Classifcation\train\fog_smoke\fog_smoke4198.jpg,fog_smoke
C:\Users\HishamMo\Desktop\999_cs\Quantum_Inpired_PSO_Classifcation\train\fog_smoke\fog_smoke4199.jpg,fog_smoke
C:\Users\HishamMo\Desktop\999_cs\Quantum_Inpired_PSO_Classifcation\train\fog_smoke\fog_smoke4202.jpg,fog_smoke
C:\Users\HishamMo\Desktop\999_cs\Quantum_Inpired_PSO_Classifcation\train\fog_smoke\fog_smoke4203.jpg,fog_smoke
C:\Users\HishamMo\Desktop\999_cs\Quantum_Inpired_PSO_Classifcation\train\fog_smoke\fog_smoke4204.jpg,fog_smoke
C:\Users\HishamMo\Desktop\999_cs\Quantum_Inpired_PSO_Classifcation\train\fog_smoke\fog_smoke4205.jpg,fog_smoke
C:\Users\HishamMo\Desktop\999_cs\Quantum_Inpired_PSO_Classifcation\train\fog_smoke\fog_smoke4206.jpg,fog_smoke
C:\Users\HishamMo\Desktop\999_cs\Quantum_Inpired_PSO_Classifcation\train\fog_smoke\fog_smoke4207.jpg,fog_smoke
C:\Users\HishamMo\Desktop\999_cs\Quantum_Inpired_PSO_Classifcation\train\fog_smoke\fog_smoke4208.jpg,fog_smoke
C:\Users\HishamMo\Desktop\999_cs\Quantum_Inpired_PSO_Classifcation\train\fog_smoke\fog_smoke4209.jpg,fog_smoke
C:\Users\HishamMo\Desktop\999_cs\Quantum_Inpired_PSO_Classifcation\train\fog_smoke\fog_smoke4210.jpg,fog_smoke
C:\Users\HishamMo\Desktop\999_cs\Quantum_Inpired_PSO_Classifcation\train\fog_smoke\fog_smoke4211.jpg,fog_smoke
C:\Users\HishamMo\Desktop\999_cs\Quantum_Inpired_PSO_Classifcation\train\fog_smoke\fog_smoke4212.jpg,fog_smoke
C:\Users\HishamMo\Desktop\999_cs\Quantum_Inpired_PSO_Classifcation\train\fog_smoke\fog_smoke4213.jpg,fog_smoke
C:\Users\HishamMo\Desktop\999_cs\Quantum_Inpired_PSO_Classifcation\train\fog_smoke\fog_smoke4214.jpg,fog_smoke
C:\Users\HishamMo\Desktop\999_cs\Quantum_Inpired_PSO_Classifcation\train\fog_smoke\fog_smoke4215.jpg,fog_smoke
C:\Users\HishamMo\Desktop\999_cs\Quantum_Inpired_PSO_Classifcation\train\fog_smoke\fog_smoke4217.jpg,fog_smoke
C:\Users\HishamMo\Desktop\999_cs\Quantum_Inpired_PSO_Classifcation\train\fog_smoke\fog_smoke4218.jpg,fog_smoke
C:\Users\HishamMo\Desktop\999_cs\Quantum_Inpired_PSO_Classifcation\train\fog_smoke\fog_smoke4219.jpg,fog_smoke
C:\Users\HishamMo\Desktop\999_cs\Quantum_Inpired_PSO_Classifcation\train\fog_smoke\fog_smoke4220.jpg,fog_smoke
C:\Users\HishamMo\Desktop\999_cs\Quantum_Inpired_PSO_Classifcation\train\fog_smoke\fog_smoke4221.jpg,fog_smoke
C:\Users\HishamMo\Desktop\999_cs\Quantum_Inpired_PSO_Classifcation\train\fog_smoke\fog_smoke4223.jpg,fog_smoke
C:\Users\HishamMo\Desktop\999_cs\Quantum_Inpired_PSO_Classifcation\train\fog_smoke\fog_smoke4224.jpg,fog_smoke
C:\Users\HishamMo\Desktop\999_cs\Quantum_Inpired_PSO_Classifcation\train\fog_smoke\fog_smoke4226.jpg,fog_smoke
C:\Users\HishamMo\Desktop\999_cs\Quantum_Inpired_PSO_Classifcation\train\fog_smoke\fog_smoke4227.jpg,fog_smoke
C:\Users\HishamMo\Desktop\999_cs\Quantum_Inpired_PSO_Classifcation\train\fog_smoke\fog_smoke4228.jpg,fog_smoke
C:\Users\HishamMo\Desktop\999_cs\Quantum_Inpired_PSO_Classifcation\train\fog_smoke\fog_smoke4229.jpg,fog_smoke
C:\Users\HishamMo\Desktop\999_cs\Quantum_Inpired_PSO_Classifcation\train\fog_smoke\fog_smoke4230.jpg,fog_smoke
C:\Users\HishamMo\Desktop\999_cs\Quantum_Inpired_PSO_Classifcation\train\fog_smoke\fog_smoke4231.jpg,fog_smoke
C:\Users\HishamMo\Desktop\999_cs\Quantum_Inpired_PSO_Classifcation\train\fog_smoke\fog_smoke4232.jpg,fog_smoke
C:\Users\HishamMo\Desktop\999_cs\Quantum_Inpired_PSO_Classifcation\train\fog_smoke\fog_smoke4234.jpg,fog_smoke
C:\Users\HishamMo\Desktop\999_cs\Quantum_Inpired_PSO_Classifcation\train\fog_smoke\fog_smoke4235.jpg,fog_smoke
C:\Users\HishamMo\Desktop\999_cs\Quantum_Inpired_PSO_Classifcation\train\fog_smoke\fog_smoke4238.jpg,fog_smoke
C:\Users\HishamMo\Desktop\999_cs\Quantum_Inpired_PSO_Classifcation\train\fog_smoke\fog_smoke4239.jpg,fog_smoke
C:\Users\HishamMo\Desktop\999_cs\Quantum_Inpired_PSO_Classifcation\train\fog_smoke\fog_smoke4240.jpg,fog_smoke
C:\Users\HishamMo\Desktop\999_cs\Quantum_Inpired_PSO_Classifcation\train\fog_smoke\fog_smoke4241.jpg,fog_smoke
C:\Users\HishamMo\Desktop\999_cs\Quantum_Inpired_PSO_Classifcation\train\fog_smoke\fog_smoke4242.jpg,fog_smoke
C:\Users\HishamMo\Desktop\999_cs\Quantum_Inpired_PSO_Classifcation\train\fog_smoke\fog_smoke4243.jpg,fog_smoke
C:\Users\HishamMo\Desktop\999_cs\Quantum_Inpired_PSO_Classifcation\train\fog_smoke\fog_smoke4244.jpg,fog_smoke
C:\Users\HishamMo\Desktop\999_cs\Quantum_Inpired_PSO_Classifcation\train\fog_smoke\fog_smoke4245.jpg,fog_smoke
C:\Users\HishamMo\Desktop\999_cs\Quantum_Inpired_PSO_Classifcation\train\fog_smoke\fog_smoke4246.jpg,fog_smoke
C:\Users\HishamMo\Desktop\999_cs\Quantum_Inpired_PSO_Classifcation\train\fog_smoke\fog_smoke4247.jpg,fog_smoke
C:\Users\HishamMo\Desktop\999_cs\Quantum_Inpired_PSO_Classifcation\train\fog_smoke\fog_smoke4248.jpg,fog_smoke
C:\Users\HishamMo\Desktop\999_cs\Quantum_Inpired_PSO_Classifcation\train\fog_smoke\fog_smoke4250.jpg,fog_smoke
C:\Users\HishamMo\Desktop\999_cs\Quantum_Inpired_PSO_Classifcation\train\fog_smoke\fog_smoke4251.jpg,fog_smoke
C:\Users\HishamMo\Desktop\999_cs\Quantum_Inpired_PSO_Classifcation\train\fog_smoke\fog_smoke4252.jpg,fog_smoke
C:\Users\HishamMo\Desktop\999_cs\Quantum_Inpired_PSO_Classifcation\train\fog_smoke\fog_smoke4253.jpg,fog_smoke
C:\Users\HishamMo\Desktop\999_cs\Quantum_Inpired_PSO_Classifcation\train\fog_smoke\fog_smoke4254.jpg,fog_smoke
C:\Users\HishamMo\Desktop\999_cs\Quantum_Inpired_PSO_Classifcation\train\fog_smoke\fog_smoke4256.jpg,fog_smoke
C:\Users\HishamMo\Desktop\999_cs\Quantum_Inpired_PSO_Classifcation\train\fog_smoke\fog_smoke4258.jpg,fog_smoke
C:\Users\HishamMo\Desktop\999_cs\Quantum_Inpired_PSO_Classifcation\train\fog_smoke\fog_smoke4259.jpg,fog_smoke
C:\Users\HishamMo\Desktop\999_cs\Quantum_Inpired_PSO_Classifcation\train\fog_smoke\fog_smoke4260.jpg,fog_smoke
C:\Users\HishamMo\Desktop\999_cs\Quantum_Inpired_PSO_Classifcation\train\fog_smoke\fog_smoke4261.jpg,fog_smoke
C:\Users\HishamMo\Desktop\999_cs\Quantum_Inpired_PSO_Classifcation\train\fog_smoke\fog_smoke4263.jpg,fog_smoke
C:\Users\HishamMo\Desktop\999_cs\Quantum_Inpired_PSO_Classifcation\train\fog_smoke\fog_smoke4267.jpg,fog_smoke
C:\Users\HishamMo\Desktop\999_cs\Quantum_Inpired_PSO_Classifcation\train\fog_smoke\fog_smoke4268.jpg,fog_smoke
C:\Users\HishamMo\Desktop\999_cs\Quantum_Inpired_PSO_Classifcation\train\fog_smoke\fog_smoke4269.jpg,fog_smoke
C:\Users\HishamMo\Desktop\999_cs\Quantum_Inpired_PSO_Classifcation\train\fog_smoke\fog_smoke4270.jpg,fog_smoke
C:\Users\HishamMo\Desktop\999_cs\Quantum_Inpired_PSO_Classifcation\train\fog_smoke\fog_smoke4271.jpg,fog_smoke
C:\Users\HishamMo\Desktop\999_cs\Quantum_Inpired_PSO_Classifcation\train\fog_smoke\fog_smoke4274.jpg,fog_smoke
C:\Users\HishamMo\Desktop\999_cs\Quantum_Inpired_PSO_Classifcation\train\fog_smoke\fog_smoke4275.jpg,fog_smoke
C:\Users\HishamMo\Desktop\999_cs\Quantum_Inpired_PSO_Classifcation\train\fog_smoke\fog_smoke4276.jpg,fog_smoke
C:\Users\HishamMo\Desktop\999_cs\Quantum_Inpired_PSO_Classifcation\train\fog_smoke\fog_smoke4277.jpg,fog_smoke
C:\Users\HishamMo\Desktop\999_cs\Quantum_Inpired_PSO_Classifcation\train\fog_smoke\fog_smoke4278.jpg,fog_smoke
C:\Users\HishamMo\Desktop\999_cs\Quantum_Inpired_PSO_Classifcation\train\fog_smoke\fog_smoke4279.jpg,fog_smoke
C:\Users\HishamMo\Desktop\999_cs\Quantum_Inpired_PSO_Classifcation\train\fog_smoke\fog_smoke4280.jpg,fog_smoke
C:\Users\HishamMo\Desktop\999_cs\Quantum_Inpired_PSO_Classifcation\train\fog_smoke\fog_smoke4281.jpg,fog_smoke
C:\Users\HishamMo\Desktop\999_cs\Quantum_Inpired_PSO_Classifcation\train\fog_smoke\fog_smoke4282.jpg,fog_smoke
C:\Users\HishamMo\Desktop\999_cs\Quantum_Inpired_PSO_Classifcation\train\fog_smoke\fog_smoke4283.jpg,fog_smoke
C:\Users\HishamMo\Desktop\999_cs\Quantum_Inpired_PSO_Classifcation\train\fog_smoke\fog_smoke4284.jpg,fog_smoke
C:\Users\HishamMo\Desktop\999_cs\Quantum_Inpired_PSO_Classifcation\train\fog_smoke\fog_smoke4285.jpg,fog_smoke
C:\Users\HishamMo\Desktop\999_cs\Quantum_Inpired_PSO_Classifcation\train\fog_smoke\fog_smoke4286.jpg,fog_smoke
C:\Users\HishamMo\Desktop\999_cs\Quantum_Inpired_PSO_Classifcation\train\fog_smoke\fog_smoke4287.jpg,fog_smoke
C:\Users\HishamMo\Desktop\999_cs\Quantum_Inpired_PSO_Classifcation\train\fog_smoke\fog_smoke4288.jpg,fog_smoke
C:\Users\HishamMo\Desktop\999_cs\Quantum_Inpired_PSO_Classifcation\train\fog_smoke\fog_smoke4289.jpg,fog_smoke
C:\Users\HishamMo\Desktop\999_cs\Quantum_Inpired_PSO_Classifcation\train\fog_smoke\fog_smoke4290.jpg,fog_smoke
C:\Users\HishamMo\Desktop\999_cs\Quantum_Inpired_PSO_Classifcation\train\fog_smoke\fog_smoke4291.jpg,fog_smoke
C:\Users\HishamMo\Desktop\999_cs\Quantum_Inpired_PSO_Classifcation\train\fog_smoke\fog_smoke4292.jpg,fog_smoke
C:\Users\HishamMo\Desktop\999_cs\Quantum_Inpired_PSO_Classifcation\train\fog_smoke\fog_smoke4295.jpg,fog_smoke
C:\Users\HishamMo\Desktop\999_cs\Quantum_Inpired_PSO_Classifcation\train\fog_smoke\fog_smoke4296.jpg,fog_smoke
C:\Users\HishamMo\Desktop\999_cs\Quantum_Inpired_PSO_Classifcation\train\fog_smoke\fog_smoke4297.jpg,fog_smoke
C:\Users\HishamMo\Desktop\999_cs\Quantum_Inpired_PSO_Classifcation\train\fog_smoke\fog_smoke4299.jpg,fog_smoke
C:\Users\HishamMo\Desktop\999_cs\Quantum_Inpired_PSO_Classifcation\train\fog_smoke\fog_smoke4300.jpg,fog_smoke
C:\Users\HishamMo\Desktop\999_cs\Quantum_Inpired_PSO_Classifcation\train\fog_smoke\fog_smoke4301.jpg,fog_smoke
C:\Users\HishamMo\Desktop\999_cs\Quantum_Inpired_PSO_Classifcation\train\fog_smoke\fog_smoke4304.jpg,fog_smoke
C:\Users\HishamMo\Desktop\999_cs\Quantum_Inpired_PSO_Classifcation\train\fog_smoke\fog_smoke4305.jpg,fog_smoke
C:\Users\HishamMo\Desktop\999_cs\Quantum_Inpired_PSO_Classifcation\train\fog_smoke\fog_smoke4307.jpg,fog_smoke
C:\Users\HishamMo\Desktop\999_cs\Quantum_Inpired_PSO_Classifcation\train\fog_smoke\fog_smoke4308.jpg,fog_smoke
C:\Users\HishamMo\Desktop\999_cs\Quantum_Inpired_PSO_Classifcation\train\fog_smoke\fog_smoke4309.jpg,fog_smoke
C:\Users\HishamMo\Desktop\999_cs\Quantum_Inpired_PSO_Classifcation\train\fog_smoke\fog_smoke4310.jpg,fog_smoke
C:\Users\HishamMo\Desktop\999_cs\Quantum_Inpired_PSO_Classifcation\train\fog_smoke\fog_smoke4311.jpg,fog_smoke
C:\Users\HishamMo\Desktop\999_cs\Quantum_Inpired_PSO_Classifcation\train\fog_smoke\fog_smoke4312.jpg,fog_smoke
C:\Users\HishamMo\Desktop\999_cs\Quantum_Inpired_PSO_Classifcation\train\fog_smoke\fog_smoke4313.jpg,fog_smoke
C:\Users\HishamMo\Desktop\999_cs\Quantum_Inpired_PSO_Classifcation\train\fog_smoke\fog_smoke4314.jpg,fog_smoke
C:\Users\HishamMo\Desktop\999_cs\Quantum_Inpired_PSO_Classifcation\train\fog_smoke\fog_smoke4315.jpg,fog_smoke
C:\Users\HishamMo\Desktop\999_cs\Quantum_Inpired_PSO_Classifcation\train\fog_smoke\fog_smoke4316.jpg,fog_smoke
C:\Users\HishamMo\Desktop\999_cs\Quantum_Inpired_PSO_Classifcation\train\fog_smoke\fog_smoke4318.jpg,fog_smoke
C:\Users\HishamMo\Desktop\999_cs\Quantum_Inpired_PSO_Classifcation\train\fog_smoke\fog_smoke4319.jpg,fog_smoke
C:\Users\HishamMo\Desktop\999_cs\Quantum_Inpired_PSO_Classifcation\train\fog_smoke\fog_smoke4320.jpg,fog_smoke
C:\Users\HishamMo\Desktop\999_cs\Quantum_Inpired_PSO_Classifcation\train\fog_smoke\fog_smoke4321.jpg,fog_smoke
C:\Users\HishamMo\Desktop\999_cs\Quantum_Inpired_PSO_Classifcation\train\fog_smoke\fog_smoke4322.jpg,fog_smoke
C:\Users\HishamMo\Desktop\999_cs\Quantum_Inpired_PSO_Classifcation\train\fog_smoke\fog_smoke4324.jpg,fog_smoke
C:\Users\HishamMo\Desktop\999_cs\Quantum_Inpired_PSO_Classifcation\train\fog_smoke\fog_smoke4325.jpg,fog_smoke
C:\Users\HishamMo\Desktop\999_cs\Quantum_Inpired_PSO_Classifcation\train\fog_smoke\fog_smoke4326.jpg,fog_smoke
C:\Users\HishamMo\Desktop\999_cs\Quantum_Inpired_PSO_Classifcation\train\fog_smoke\fog_smoke4327.jpg,fog_smoke
C:\Users\HishamMo\Desktop\999_cs\Quantum_Inpired_PSO_Classifcation\train\fog_smoke\fog_smoke4328.jpg,fog_smoke
C:\Users\HishamMo\Desktop\999_cs\Quantum_Inpired_PSO_Classifcation\train\fog_smoke\fog_smoke4329.jpg,fog_smoke
C:\Users\HishamMo\Desktop\999_cs\Quantum_Inpired_PSO_Classifcation\train\fog_smoke\fog_smoke4330.jpg,fog_smoke
C:\Users\HishamMo\Desktop\999_cs\Quantum_Inpired_PSO_Classifcation\train\fog_smoke\fog_smoke4331.jpg,fog_smoke
C:\Users\HishamMo\Desktop\999_cs\Quantum_Inpired_PSO_Classifcation\train\fog_smoke\fog_smoke4332.jpg,fog_smoke
C:\Users\HishamMo\Desktop\999_cs\Quantum_Inpired_PSO_Classifcation\train\fog_smoke\fog_smoke4333.jpg,fog_smoke
C:\Users\HishamMo\Desktop\999_cs\Quantum_Inpired_PSO_Classifcation\train\fog_smoke\fog_smoke4335.jpg,fog_smoke
C:\Users\HishamMo\Desktop\999_cs\Quantum_Inpired_PSO_Classifcation\train\fog_smoke\fog_smoke4336.jpg,fog_smoke
C:\Users\HishamMo\Desktop\999_cs\Quantum_Inpired_PSO_Classifcation\train\fog_smoke\fog_smoke4338.jpg,fog_smoke
C:\Users\HishamMo\Desktop\999_cs\Quantum_Inpired_PSO_Classifcation\train\fog_smoke\fog_smoke4339.jpg,fog_smoke
C:\Users\HishamMo\Desktop\999_cs\Quantum_Inpired_PSO_Classifcation\train\fog_smoke\fog_smoke4340.jpg,fog_smoke
C:\Users\HishamMo\Desktop\999_cs\Quantum_Inpired_PSO_Classifcation\train\fog_smoke\fog_smoke4341.jpg,fog_smoke
C:\Users\HishamMo\Desktop\999_cs\Quantum_Inpired_PSO_Classifcation\train\fog_smoke\fog_smoke4342.jpg,fog_smoke
C:\Users\HishamMo\Desktop\999_cs\Quantum_Inpired_PSO_Classifcation\train\fog_smoke\fog_smoke4343.jpg,fog_smoke
C:\Users\HishamMo\Desktop\999_cs\Quantum_Inpired_PSO_Classifcation\train\fog_smoke\fog_smoke4345.jpg,fog_smoke
C:\Users\HishamMo\Desktop\999_cs\Quantum_Inpired_PSO_Classifcation\train\fog_smoke\fog_smoke4346.jpg,fog_smoke
C:\Users\HishamMo\Desktop\999_cs\Quantum_Inpired_PSO_Classifcation\train\fog_smoke\fog_smoke4347.jpg,fog_smoke
C:\Users\HishamMo\Desktop\999_cs\Quantum_Inpired_PSO_Classifcation\train\fog_smoke\fog_smoke4348.jpg,fog_smoke
C:\Users\HishamMo\Desktop\999_cs\Quantum_Inpired_PSO_Classifcation\train\fog_smoke\fog_smoke4349.jpg,fog_smoke
C:\Users\HishamMo\Desktop\999_cs\Quantum_Inpired_PSO_Classifcation\train\fog_smoke\fog_smoke4350.jpg,fog_smoke
C:\Users\HishamMo\Desktop\999_cs\Quantum_Inpired_PSO_Classifcation\train\fog_smoke\fog_smoke4352.jpg,fog_smoke
C:\Users\HishamMo\Desktop\999_cs\Quantum_Inpired_PSO_Classifcation\train\fog_smoke\fog_smoke4353.jpg,fog_smoke
C:\Users\HishamMo\Desktop\999_cs\Quantum_Inpired_PSO_Classifcation\train\fog_smoke\fog_smoke4354.jpg,fog_smoke
C:\Users\HishamMo\Desktop\999_cs\Quantum_Inpired_PSO_Classifcation\train\fog_smoke\fog_smoke4355.jpg,fog_smoke
C:\Users\HishamMo\Desktop\999_cs\Quantum_Inpired_PSO_Classifcation\train\fog_smoke\fog_smoke4356.jpg,fog_smoke
C:\Users\HishamMo\Desktop\999_cs\Quantum_Inpired_PSO_Classifcation\train\fog_smoke\fog_smoke4357.jpg,fog_smoke
C:\Users\HishamMo\Desktop\999_cs\Quantum_Inpired_PSO_Classifcation\train\fog_smoke\fog_smoke4359.jpg,fog_smoke
C:\Users\HishamMo\Desktop\999_cs\Quantum_Inpired_PSO_Classifcation\train\fog_smoke\fog_smoke4360.jpg,fog_smoke
C:\Users\HishamMo\Desktop\999_cs\Quantum_Inpired_PSO_Classifcation\train\fog_smoke\fog_smoke4361.jpg,fog_smoke
C:\Users\HishamMo\Desktop\999_cs\Quantum_Inpired_PSO_Classifcation\train\fog_smoke\fog_smoke4362.jpg,fog_smoke
C:\Users\HishamMo\Desktop\999_cs\Quantum_Inpired_PSO_Classifcation\train\fog_smoke\fog_smoke4363.jpg,fog_smoke
C:\Users\HishamMo\Desktop\999_cs\Quantum_Inpired_PSO_Classifcation\train\fog_smoke\fog_smoke4364.jpg,fog_smoke
C:\Users\HishamMo\Desktop\999_cs\Quantum_Inpired_PSO_Classifcation\train\fog_smoke\fog_smoke4365.jpg,fog_smoke
C:\Users\HishamMo\Desktop\999_cs\Quantum_Inpired_PSO_Classifcation\train\fog_smoke\fog_smoke4366.jpg,fog_smoke
C:\Users\HishamMo\Desktop\999_cs\Quantum_Inpired_PSO_Classifcation\train\fog_smoke\fog_smoke4367.jpg,fog_smoke
C:\Users\HishamMo\Desktop\999_cs\Quantum_Inpired_PSO_Classifcation\train\fog_smoke\fog_smoke4368.jpg,fog_smoke
C:\Users\HishamMo\Desktop\999_cs\Quantum_Inpired_PSO_Classifcation\train\fog_smoke\fog_smoke4369.jpg,fog_smoke
C:\Users\HishamMo\Desktop\999_cs\Quantum_Inpired_PSO_Classifcation\train\fog_smoke\fog_smoke4371.jpg,fog_smoke
C:\Users\HishamMo\Desktop\999_cs\Quantum_Inpired_PSO_Classifcation\train\fog_smoke\fog_smoke4372.jpg,fog_smoke
C:\Users\HishamMo\Desktop\999_cs\Quantum_Inpired_PSO_Classifcation\train\fog_smoke\fog_smoke4373.jpg,fog_smoke
C:\Users\HishamMo\Desktop\999_cs\Quantum_Inpired_PSO_Classifcation\train\fog_smoke\fog_smoke4375.jpg,fog_smoke
C:\Users\HishamMo\Desktop\999_cs\Quantum_Inpired_PSO_Classifcation\train\fog_smoke\fog_smoke4378.jpg,fog_smoke
C:\Users\HishamMo\Desktop\999_cs\Quantum_Inpired_PSO_Classifcation\train\fog_smoke\fog_smoke4379.jpg,fog_smoke
C:\Users\HishamMo\Desktop\999_cs\Quantum_Inpired_PSO_Classifcation\train\fog_smoke\fog_smoke4380.jpg,fog_smoke
C:\Users\HishamMo\Desktop\999_cs\Quantum_Inpired_PSO_Classifcation\train\fog_smoke\fog_smoke4384.jpg,fog_smoke
C:\Users\HishamMo\Desktop\999_cs\Quantum_Inpired_PSO_Classifcation\train\fog_smoke\fog_smoke4385.jpg,fog_smoke
C:\Users\HishamMo\Desktop\999_cs\Quantum_Inpired_PSO_Classifcation\train\fog_smoke\fog_smoke4386.jpg,fog_smoke
C:\Users\HishamMo\Desktop\999_cs\Quantum_Inpired_PSO_Classifcation\train\fog_smoke\fog_smoke4387.jpg,fog_smoke
C:\Users\HishamMo\Desktop\999_cs\Quantum_Inpired_PSO_Classifcation\train\fog_smoke\fog_smoke4388.jpg,fog_smoke
C:\Users\HishamMo\Desktop\999_cs\Quantum_Inpired_PSO_Classifcation\train\fog_smoke\fog_smoke4390.jpg,fog_smoke
C:\Users\HishamMo\Desktop\999_cs\Quantum_Inpired_PSO_Classifcation\train\fog_smoke\fog_smoke4393.jpg,fog_smoke
C:\Users\HishamMo\Desktop\999_cs\Quantum_Inpired_PSO_Classifcation\train\fog_smoke\fog_smoke4395.jpg,fog_smoke
C:\Users\HishamMo\Desktop\999_cs\Quantum_Inpired_PSO_Classifcation\train\fog_smoke\fog_smoke4396.jpg,fog_smoke
C:\Users\HishamMo\Desktop\999_cs\Quantum_Inpired_PSO_Classifcation\train\fog_smoke\fog_smoke4397.jpg,fog_smoke
C:\Users\HishamMo\Desktop\999_cs\Quantum_Inpired_PSO_Classifcation\train\fog_smoke\fog_smoke4398.jpg,fog_smoke
C:\Users\HishamMo\Desktop\999_cs\Quantum_Inpired_PSO_Classifcation\train\fog_smoke\fog_smoke4399.jpg,fog_smoke
C:\Users\HishamMo\Desktop\999_cs\Quantum_Inpired_PSO_Classifcation\train\fog_smoke\fog_smoke4400.jpg,fog_smoke
C:\Users\HishamMo\Desktop\999_cs\Quantum_Inpired_PSO_Classifcation\train\fog_smoke\fog_smoke4401.jpg,fog_smoke
C:\Users\HishamMo\Desktop\999_cs\Quantum_Inpired_PSO_Classifcation\train\fog_smoke\fog_smoke4402.jpg,fog_smoke
C:\Users\HishamMo\Desktop\999_cs\Quantum_Inpired_PSO_Classifcation\train\fog_smoke\fog_smoke4405.jpg,fog_smoke
C:\Users\HishamMo\Desktop\999_cs\Quantum_Inpired_PSO_Classifcation\train\fog_smoke\fog_smoke4407.jpg,fog_smoke
C:\Users\HishamMo\Desktop\999_cs\Quantum_Inpired_PSO_Classifcation\train\fog_smoke\fog_smoke4408.jpg,fog_smoke
C:\Users\HishamMo\Desktop\999_cs\Quantum_Inpired_PSO_Classifcation\train\fog_smoke\fog_smoke4409.jpg,fog_smoke
C:\Users\HishamMo\Desktop\999_cs\Quantum_Inpired_PSO_Classifcation\train\fog_smoke\fog_smoke4410.jpg,fog_smoke
C:\Users\HishamMo\Desktop\999_cs\Quantum_Inpired_PSO_Classifcation\train\fog_smoke\fog_smoke4412.jpg,fog_smoke
C:\Users\HishamMo\Desktop\999_cs\Quantum_Inpired_PSO_Classifcation\train\fog_smoke\fog_smoke4413.jpg,fog_smoke
C:\Users\HishamMo\Desktop\999_cs\Quantum_Inpired_PSO_Classifcation\train\fog_smoke\fog_smoke4414.jpg,fog_smoke
C:\Users\HishamMo\Desktop\999_cs\Quantum_Inpired_PSO_Classifcation\train\fog_smoke\fog_smoke4415.jpg,fog_smoke
C:\Users\HishamMo\Desktop\999_cs\Quantum_Inpired_PSO_Classifcation\train\fog_smoke\fog_smoke4416.jpg,fog_smoke
C:\Users\HishamMo\Desktop\999_cs\Quantum_Inpired_PSO_Classifcation\train\fog_smoke\fog_smoke4418.jpg,fog_smoke
C:\Users\HishamMo\Desktop\999_cs\Quantum_Inpired_PSO_Classifcation\train\fog_smoke\fog_smoke4419.jpg,fog_smoke
C:\Users\HishamMo\Desktop\999_cs\Quantum_Inpired_PSO_Classifcation\train\fog_smoke\fog_smoke4420.jpg,fog_smoke
C:\Users\HishamMo\Desktop\999_cs\Quantum_Inpired_PSO_Classifcation\train\fog_smoke\fog_smoke4421.jpg,fog_smoke
C:\Users\HishamMo\Desktop\999_cs\Quantum_Inpired_PSO_Classifcation\train\fog_smoke\fog_smoke4422.jpg,fog_smoke
C:\Users\HishamMo\Desktop\999_cs\Quantum_Inpired_PSO_Classifcation\train\fog_smoke\fog_smoke4423.jpg,fog_smoke
C:\Users\HishamMo\Desktop\999_cs\Quantum_Inpired_PSO_Classifcation\train\fog_smoke\fog_smoke4424.jpg,fog_smoke
C:\Users\HishamMo\Desktop\999_cs\Quantum_Inpired_PSO_Classifcation\train\fog_smoke\fog_smoke4425.jpg,fog_smoke
C:\Users\HishamMo\Desktop\999_cs\Quantum_Inpired_PSO_Classifcation\train\fog_smoke\fog_smoke4426.jpg,fog_smoke
C:\Users\HishamMo\Desktop\999_cs\Quantum_Inpired_PSO_Classifcation\train\fog_smoke\fog_smoke4427.jpg,fog_smoke
C:\Users\HishamMo\Desktop\999_cs\Quantum_Inpired_PSO_Classifcation\train\fog_smoke\fog_smoke4428.jpg,fog_smoke
C:\Users\HishamMo\Desktop\999_cs\Quantum_Inpired_PSO_Classifcation\train\fog_smoke\fog_smoke4429.jpg,fog_smoke
C:\Users\HishamMo\Desktop\999_cs\Quantum_Inpired_PSO_Classifcation\train\fog_smoke\fog_smoke4430.jpg,fog_smoke
C:\Users\HishamMo\Desktop\999_cs\Quantum_Inpired_PSO_Classifcation\train\fog_smoke\fog_smoke4431.jpg,fog_smoke
C:\Users\HishamMo\Desktop\999_cs\Quantum_Inpired_PSO_Classifcation\train\fog_smoke\fog_smoke4432.jpg,fog_smoke
C:\Users\HishamMo\Desktop\999_cs\Quantum_Inpired_PSO_Classifcation\train\fog_smoke\fog_smoke4433.jpg,fog_smoke
C:\Users\HishamMo\Desktop\999_cs\Quantum_Inpired_PSO_Classifcation\train\fog_smoke\fog_smoke4434.jpg,fog_smoke
C:\Users\HishamMo\Desktop\999_cs\Quantum_Inpired_PSO_Classifcation\train\fog_smoke\fog_smoke4435.jpg,fog_smoke
C:\Users\HishamMo\Desktop\999_cs\Quantum_Inpired_PSO_Classifcation\train\fog_smoke\fog_smoke4436.jpg,fog_smoke
C:\Users\HishamMo\Desktop\999_cs\Quantum_Inpired_PSO_Classifcation\train\fog_smoke\fog_smoke4437.jpg,fog_smoke
C:\Users\HishamMo\Desktop\999_cs\Quantum_Inpired_PSO_Classifcation\train\fog_smoke\fog_smoke4438.jpg,fog_smoke
C:\Users\HishamMo\Desktop\999_cs\Quantum_Inpired_PSO_Classifcation\train\fog_smoke\fog_smoke4440.jpg,fog_smoke
C:\Users\HishamMo\Desktop\999_cs\Quantum_Inpired_PSO_Classifcation\train\fog_smoke\fog_smoke4441.jpg,fog_smoke
C:\Users\HishamMo\Desktop\999_cs\Quantum_Inpired_PSO_Classifcation\train\fog_smoke\fog_smoke4442.jpg,fog_smoke
C:\Users\HishamMo\Desktop\999_cs\Quantum_Inpired_PSO_Classifcation\train\fog_smoke\fog_smoke4443.jpg,fog_smoke
C:\Users\HishamMo\Desktop\999_cs\Quantum_Inpired_PSO_Classifcation\train\fog_smoke\fog_smoke4444.jpg,fog_smoke
C:\Users\HishamMo\Desktop\999_cs\Quantum_Inpired_PSO_Classifcation\train\fog_smoke\fog_smoke4445.jpg,fog_smoke
C:\Users\HishamMo\Desktop\999_cs\Quantum_Inpired_PSO_Classifcation\train\fog_smoke\fog_smoke4446.jpg,fog_smoke
C:\Users\HishamMo\Desktop\999_cs\Quantum_Inpired_PSO_Classifcation\train\fog_smoke\fog_smoke4447.jpg,fog_smoke
C:\Users\HishamMo\Desktop\999_cs\Quantum_Inpired_PSO_Classifcation\train\fog_smoke\fog_smoke4448.jpg,fog_smoke
C:\Users\HishamMo\Desktop\999_cs\Quantum_Inpired_PSO_Classifcation\train\fog_smoke\fog_smoke4452.jpg,fog_smoke
C:\Users\HishamMo\Desktop\999_cs\Quantum_Inpired_PSO_Classifcation\train\fog_smoke\fog_smoke4454.jpg,fog_smoke
C:\Users\HishamMo\Desktop\999_cs\Quantum_Inpired_PSO_Classifcation\train\fog_smoke\fog_smoke4455.jpg,fog_smoke
C:\Users\HishamMo\Desktop\999_cs\Quantum_Inpired_PSO_Classifcation\train\fog_smoke\fog_smoke4456.jpg,fog_smoke
C:\Users\HishamMo\Desktop\999_cs\Quantum_Inpired_PSO_Classifcation\train\fog_smoke\fog_smoke4458.jpg,fog_smoke
C:\Users\HishamMo\Desktop\999_cs\Quantum_Inpired_PSO_Classifcation\train\fog_smoke\fog_smoke4460.jpg,fog_smoke
C:\Users\HishamMo\Desktop\999_cs\Quantum_Inpired_PSO_Classifcation\train\fog_smoke\fog_smoke4462.jpg,fog_smoke
C:\Users\HishamMo\Desktop\999_cs\Quantum_Inpired_PSO_Classifcation\train\fog_smoke\fog_smoke4463.jpg,fog_smoke
C:\Users\HishamMo\Desktop\999_cs\Quantum_Inpired_PSO_Classifcation\train\fog_smoke\fog_smoke4465.jpg,fog_smoke
C:\Users\HishamMo\Desktop\999_cs\Quantum_Inpired_PSO_Classifcation\train\fog_smoke\fog_smoke4466.jpg,fog_smoke
C:\Users\HishamMo\Desktop\999_cs\Quantum_Inpired_PSO_Classifcation\train\fog_smoke\fog_smoke4469.jpg,fog_smoke
C:\Users\HishamMo\Desktop\999_cs\Quantum_Inpired_PSO_Classifcation\train\fog_smoke\fog_smoke4470.jpg,fog_smoke
C:\Users\HishamMo\Desktop\999_cs\Quantum_Inpired_PSO_Classifcation\train\fog_smoke\fog_smoke4471.jpg,fog_smoke
C:\Users\HishamMo\Desktop\999_cs\Quantum_Inpired_PSO_Classifcation\train\fog_smoke\fog_smoke4472.jpg,fog_smoke
C:\Users\HishamMo\Desktop\999_cs\Quantum_Inpired_PSO_Classifcation\train\fog_smoke\fog_smoke4473.jpg,fog_smoke
C:\Users\HishamMo\Desktop\999_cs\Quantum_Inpired_PSO_Classifcation\train\fog_smoke\fog_smoke4474.jpg,fog_smoke
C:\Users\HishamMo\Desktop\999_cs\Quantum_Inpired_PSO_Classifcation\train\fog_smoke\fog_smoke4475.jpg,fog_smoke
C:\Users\HishamMo\Desktop\999_cs\Quantum_Inpired_PSO_Classifcation\train\fog_smoke\fog_smoke4476.jpg,fog_smoke
C:\Users\HishamMo\Desktop\999_cs\Quantum_Inpired_PSO_Classifcation\train\fog_smoke\fog_smoke4478.jpg,fog_smoke
C:\Users\HishamMo\Desktop\999_cs\Quantum_Inpired_PSO_Classifcation\train\fog_smoke\fog_smoke4479.jpg,fog_smoke
C:\Users\HishamMo\Desktop\999_cs\Quantum_Inpired_PSO_Classifcation\train\fog_smoke\fog_smoke4481.jpg,fog_smoke
C:\Users\HishamMo\Desktop\999_cs\Quantum_Inpired_PSO_Classifcation\train\fog_smoke\fog_smoke4482.jpg,fog_smoke
C:\Users\HishamMo\Desktop\999_cs\Quantum_Inpired_PSO_Classifcation\train\fog_smoke\fog_smoke4483.jpg,fog_smoke
C:\Users\HishamMo\Desktop\999_cs\Quantum_Inpired_PSO_Classifcation\train\fog_smoke\fog_smoke4485.jpg,fog_smoke
C:\Users\HishamMo\Desktop\999_cs\Quantum_Inpired_PSO_Classifcation\train\fog_smoke\fog_smoke4486.jpg,fog_smoke
C:\Users\HishamMo\Desktop\999_cs\Quantum_Inpired_PSO_Classifcation\train\fog_smoke\fog_smoke4487.jpg,fog_smoke
C:\Users\HishamMo\Desktop\999_cs\Quantum_Inpired_PSO_Classifcation\train\fog_smoke\fog_smoke4488.jpg,fog_smoke
C:\Users\HishamMo\Desktop\999_cs\Quantum_Inpired_PSO_Classifcation\train\fog_smoke\fog_smoke4489.jpg,fog_smoke
C:\Users\HishamMo\Desktop\999_cs\Quantum_Inpired_PSO_Classifcation\train\fog_smoke\fog_smoke4490.jpg,fog_smoke
C:\Users\HishamMo\Desktop\999_cs\Quantum_Inpired_PSO_Classifcation\train\fog_smoke\fog_smoke4492.jpg,fog_smoke
C:\Users\HishamMo\Desktop\999_cs\Quantum_Inpired_PSO_Classifcation\train\fog_smoke\fog_smoke4493.jpg,fog_smoke
C:\Users\HishamMo\Desktop\999_cs\Quantum_Inpired_PSO_Classifcation\train\fog_smoke\fog_smoke4494.jpg,fog_smoke
C:\Users\HishamMo\Desktop\999_cs\Quantum_Inpired_PSO_Classifcation\train\fog_smoke\fog_smoke4495.jpg,fog_smoke
C:\Users\HishamMo\Desktop\999_cs\Quantum_Inpired_PSO_Classifcation\train\fog_smoke\fog_smoke4496.jpg,fog_smoke
C:\Users\HishamMo\Desktop\999_cs\Quantum_Inpired_PSO_Classifcation\train\fog_smoke\fog_smoke4497.jpg,fog_smoke
C:\Users\HishamMo\Desktop\999_cs\Quantum_Inpired_PSO_Classifcation\train\fog_smoke\fog_smoke4498.jpg,fog_smoke
C:\Users\HishamMo\Desktop\999_cs\Quantum_Inpired_PSO_Classifcation\train\fog_smoke\fog_smoke4499.jpg,fog_smoke
C:\Users\HishamMo\Desktop\999_cs\Quantum_Inpired_PSO_Classifcation\train\fog_smoke\fog_smoke4500.jpg,fog_smoke
C:\Users\HishamMo\Desktop\999_cs\Quantum_Inpired_PSO_Classifcation\train\fog_smoke\fog_smoke4501.jpg,fog_smoke
C:\Users\HishamMo\Desktop\999_cs\Quantum_Inpired_PSO_Classifcation\train\fog_smoke\fog_smoke4502.jpg,fog_smoke
C:\Users\HishamMo\Desktop\999_cs\Quantum_Inpired_PSO_Classifcation\train\fog_smoke\fog_smoke4505.jpg,fog_smoke
C:\Users\HishamMo\Desktop\999_cs\Quantum_Inpired_PSO_Classifcation\train\fog_smoke\fog_smoke4507.jpg,fog_smoke
C:\Users\HishamMo\Desktop\999_cs\Quantum_Inpired_PSO_Classifcation\train\fog_smoke\fog_smoke4508.jpg,fog_smoke
C:\Users\HishamMo\Desktop\999_cs\Quantum_Inpired_PSO_Classifcation\train\fog_smoke\fog_smoke4509.jpg,fog_smoke
C:\Users\HishamMo\Desktop\999_cs\Quantum_Inpired_PSO_Classifcation\train\fog_smoke\fog_smoke4510.jpg,fog_smoke
C:\Users\HishamMo\Desktop\999_cs\Quantum_Inpired_PSO_Classifcation\train\fog_smoke\fog_smoke4511.jpg,fog_smoke
C:\Users\HishamMo\Desktop\999_cs\Quantum_Inpired_PSO_Classifcation\train\fog_smoke\fog_smoke4512.jpg,fog_smoke
C:\Users\HishamMo\Desktop\999_cs\Quantum_Inpired_PSO_Classifcation\train\fog_smoke\fog_smoke4513.jpg,fog_smoke
C:\Users\HishamMo\Desktop\999_cs\Quantum_Inpired_PSO_Classifcation\train\fog_smoke\fog_smoke4514.jpg,fog_smoke
C:\Users\HishamMo\Desktop\999_cs\Quantum_Inpired_PSO_Classifcation\train\fog_smoke\fog_smoke4516.jpg,fog_smoke
C:\Users\HishamMo\Desktop\999_cs\Quantum_Inpired_PSO_Classifcation\train\fog_smoke\fog_smoke4517.jpg,fog_smoke
C:\Users\HishamMo\Desktop\999_cs\Quantum_Inpired_PSO_Classifcation\train\fog_smoke\fog_smoke4518.jpg,fog_smoke
C:\Users\HishamMo\Desktop\999_cs\Quantum_Inpired_PSO_Classifcation\train\fog_smoke\fog_smoke4519.jpg,fog_smoke
C:\Users\HishamMo\Desktop\999_cs\Quantum_Inpired_PSO_Classifcation\train\fog_smoke\fog_smoke4521.jpg,fog_smoke
C:\Users\HishamMo\Desktop\999_cs\Quantum_Inpired_PSO_Classifcation\train\fog_smoke\fog_smoke4522.jpg,fog_smoke
C:\Users\HishamMo\Desktop\999_cs\Quantum_Inpired_PSO_Classifcation\train\fog_smoke\fog_smoke4523.jpg,fog_smoke
C:\Users\HishamMo\Desktop\999_cs\Quantum_Inpired_PSO_Classifcation\train\fog_smoke\fog_smoke4526.jpg,fog_smoke
C:\Users\HishamMo\Desktop\999_cs\Quantum_Inpired_PSO_Classifcation\train\fog_smoke\fog_smoke4527.jpg,fog_smoke
C:\Users\HishamMo\Desktop\999_cs\Quantum_Inpired_PSO_Classifcation\train\fog_smoke\fog_smoke4530.jpg,fog_smoke
C:\Users\HishamMo\Desktop\999_cs\Quantum_Inpired_PSO_Classifcation\train\fog_smoke\fog_smoke4531.jpg,fog_smoke
C:\Users\HishamMo\Desktop\999_cs\Quantum_Inpired_PSO_Classifcation\train\fog_smoke\fog_smoke4532.jpg,fog_smoke
C:\Users\HishamMo\Desktop\999_cs\Quantum_Inpired_PSO_Classifcation\train\fog_smoke\fog_smoke4533.jpg,fog_smoke
C:\Users\HishamMo\Desktop\999_cs\Quantum_Inpired_PSO_Classifcation\train\fog_smoke\fog_smoke4534.jpg,fog_smoke
C:\Users\HishamMo\Desktop\999_cs\Quantum_Inpired_PSO_Classifcation\train\fog_smoke\fog_smoke4535.jpg,fog_smoke
C:\Users\HishamMo\Desktop\999_cs\Quantum_Inpired_PSO_Classifcation\train\fog_smoke\fog_smoke4537.jpg,fog_smoke
C:\Users\HishamMo\Desktop\999_cs\Quantum_Inpired_PSO_Classifcation\train\fog_smoke\fog_smoke4539.jpg,fog_smoke
C:\Users\HishamMo\Desktop\999_cs\Quantum_Inpired_PSO_Classifcation\train\fog_smoke\fog_smoke4541.jpg,fog_smoke
C:\Users\HishamMo\Desktop\999_cs\Quantum_Inpired_PSO_Classifcation\train\fog_smoke\fog_smoke4543.jpg,fog_smoke
C:\Users\HishamMo\Desktop\999_cs\Quantum_Inpired_PSO_Classifcation\train\fog_smoke\fog_smoke4544.jpg,fog_smoke
C:\Users\HishamMo\Desktop\999_cs\Quantum_Inpired_PSO_Classifcation\train\fog_smoke\fog_smoke4545.jpg,fog_smoke
C:\Users\HishamMo\Desktop\999_cs\Quantum_Inpired_PSO_Classifcation\train\fog_smoke\fog_smoke4549.jpg,fog_smoke
C:\Users\HishamMo\Desktop\999_cs\Quantum_Inpired_PSO_Classifcation\train\fog_smoke\fog_smoke4550.jpg,fog_smoke
C:\Users\HishamMo\Desktop\999_cs\Quantum_Inpired_PSO_Classifcation\train\fog_smoke\fog_smoke4551.jpg,fog_smoke
C:\Users\HishamMo\Desktop\999_cs\Quantum_Inpired_PSO_Classifcation\train\fog_smoke\fog_smoke4552.jpg,fog_smoke
C:\Users\HishamMo\Desktop\999_cs\Quantum_Inpired_PSO_Classifcation\train\fog_smoke\fog_smoke4553.jpg,fog_smoke
C:\Users\HishamMo\Desktop\999_cs\Quantum_Inpired_PSO_Classifcation\train\fog_smoke\fog_smoke4554.jpg,fog_smoke
C:\Users\HishamMo\Desktop\999_cs\Quantum_Inpired_PSO_Classifcation\train\fog_smoke\fog_smoke4555.jpg,fog_smoke
C:\Users\HishamMo\Desktop\999_cs\Quantum_Inpired_PSO_Classifcation\train\fog_smoke\fog_smoke4556.jpg,fog_smoke
C:\Users\HishamMo\Desktop\999_cs\Quantum_Inpired_PSO_Classifcation\train\fog_smoke\fog_smoke4557.jpg,fog_smoke
C:\Users\HishamMo\Desktop\999_cs\Quantum_Inpired_PSO_Classifcation\train\fog_smoke\fog_smoke4558.jpg,fog_smoke
C:\Users\HishamMo\Desktop\999_cs\Quantum_Inpired_PSO_Classifcation\train\fog_smoke\fog_smoke4560.jpg,fog_smoke
C:\Users\HishamMo\Desktop\999_cs\Quantum_Inpired_PSO_Classifcation\train\fog_smoke\fog_smoke4561.jpg,fog_smoke
C:\Users\HishamMo\Desktop\999_cs\Quantum_Inpired_PSO_Classifcation\train\fog_smoke\fog_smoke4562.jpg,fog_smoke
C:\Users\HishamMo\Desktop\999_cs\Quantum_Inpired_PSO_Classifcation\train\fog_smoke\fog_smoke4563.jpg,fog_smoke
C:\Users\HishamMo\Desktop\999_cs\Quantum_Inpired_PSO_Classifcation\train\fog_smoke\fog_smoke4564.jpg,fog_smoke
C:\Users\HishamMo\Desktop\999_cs\Quantum_Inpired_PSO_Classifcation\train\fog_smoke\fog_smoke4567.jpg,fog_smoke
C:\Users\HishamMo\Desktop\999_cs\Quantum_Inpired_PSO_Classifcation\train\fog_smoke\fog_smoke4568.jpg,fog_smoke
C:\Users\HishamMo\Desktop\999_cs\Quantum_Inpired_PSO_Classifcation\train\fog_smoke\fog_smoke4569.jpg,fog_smoke
C:\Users\HishamMo\Desktop\999_cs\Quantum_Inpired_PSO_Classifcation\train\fog_smoke\fog_smoke4570.jpg,fog_smoke
C:\Users\HishamMo\Desktop\999_cs\Quantum_Inpired_PSO_Classifcation\train\fog_smoke\fog_smoke4571.jpg,fog_smoke
C:\Users\HishamMo\Desktop\999_cs\Quantum_Inpired_PSO_Classifcation\train\fog_smoke\fog_smoke4573.jpg,fog_smoke
C:\Users\HishamMo\Desktop\999_cs\Quantum_Inpired_PSO_Classifcation\train\fog_smoke\fog_smoke4574.jpg,fog_smoke
C:\Users\HishamMo\Desktop\999_cs\Quantum_Inpired_PSO_Classifcation\train\fog_smoke\fog_smoke4575.jpg,fog_smoke
C:\Users\HishamMo\Desktop\999_cs\Quantum_Inpired_PSO_Classifcation\train\fog_smoke\fog_smoke4576.jpg,fog_smoke
C:\Users\HishamMo\Desktop\999_cs\Quantum_Inpired_PSO_Classifcation\train\fog_smoke\fog_smoke4577.jpg,fog_smoke
C:\Users\HishamMo\Desktop\999_cs\Quantum_Inpired_PSO_Classifcation\train\fog_smoke\fog_smoke4578.jpg,fog_smoke
C:\Users\HishamMo\Desktop\999_cs\Quantum_Inpired_PSO_Classifcation\train\fog_smoke\fog_smoke4580.jpg,fog_smoke
C:\Users\HishamMo\Desktop\999_cs\Quantum_Inpired_PSO_Classifcation\train\fog_smoke\fog_smoke4581.jpg,fog_smoke
C:\Users\HishamMo\Desktop\999_cs\Quantum_Inpired_PSO_Classifcation\train\fog_smoke\fog_smoke4582.jpg,fog_smoke
C:\Users\HishamMo\Desktop\999_cs\Quantum_Inpired_PSO_Classifcation\train\fog_smoke\fog_smoke4583.jpg,fog_smoke
C:\Users\HishamMo\Desktop\999_cs\Quantum_Inpired_PSO_Classifcation\train\fog_smoke\fog_smoke4584.jpg,fog_smoke
C:\Users\HishamMo\Desktop\999_cs\Quantum_Inpired_PSO_Classifcation\train\fog_smoke\fog_smoke4585.jpg,fog_smoke
C:\Users\HishamMo\Desktop\999_cs\Quantum_Inpired_PSO_Classifcation\train\fog_smoke\fog_smoke4586.jpg,fog_smoke
C:\Users\HishamMo\Desktop\999_cs\Quantum_Inpired_PSO_Classifcation\train\fog_smoke\fog_smoke4587.jpg,fog_smoke
C:\Users\HishamMo\Desktop\999_cs\Quantum_Inpired_PSO_Classifcation\train\fog_smoke\fog_smoke4588.jpg,fog_smoke
C:\Users\HishamMo\Desktop\999_cs\Quantum_Inpired_PSO_Classifcation\train\fog_smoke\fog_smoke4589.jpg,fog_smoke
C:\Users\HishamMo\Desktop\999_cs\Quantum_Inpired_PSO_Classifcation\train\fog_smoke\fog_smoke4590.jpg,fog_smoke
C:\Users\HishamMo\Desktop\999_cs\Quantum_Inpired_PSO_Classifcation\train\fog_smoke\fog_smoke4592.jpg,fog_smoke
C:\Users\HishamMo\Desktop\999_cs\Quantum_Inpired_PSO_Classifcation\train\fog_smoke\fog_smoke4593.jpg,fog_smoke
C:\Users\HishamMo\Desktop\999_cs\Quantum_Inpired_PSO_Classifcation\train\fog_smoke\fog_smoke4594.jpg,fog_smoke
C:\Users\HishamMo\Desktop\999_cs\Quantum_Inpired_PSO_Classifcation\train\fog_smoke\fog_smoke4596.jpg,fog_smoke
C:\Users\HishamMo\Desktop\999_cs\Quantum_Inpired_PSO_Classifcation\train\fog_smoke\fog_smoke4597.jpg,fog_smoke
C:\Users\HishamMo\Desktop\999_cs\Quantum_Inpired_PSO_Classifcation\train\fog_smoke\fog_smoke4599.jpg,fog_smoke
C:\Users\HishamMo\Desktop\999_cs\Quantum_Inpired_PSO_Classifcation\train\fog_smoke\fog_smoke4601.jpg,fog_smoke
C:\Users\HishamMo\Desktop\999_cs\Quantum_Inpired_PSO_Classifcation\train\fog_smoke\fog_smoke4602.jpg,fog_smoke
C:\Users\HishamMo\Desktop\999_cs\Quantum_Inpired_PSO_Classifcation\train\fog_smoke\fog_smoke4603.jpg,fog_smoke
C:\Users\HishamMo\Desktop\999_cs\Quantum_Inpired_PSO_Classifcation\train\fog_smoke\fog_smoke4604.jpg,fog_smoke
C:\Users\HishamMo\Desktop\999_cs\Quantum_Inpired_PSO_Classifcation\train\fog_smoke\fog_smoke4605.jpg,fog_smoke
C:\Users\HishamMo\Desktop\999_cs\Quantum_Inpired_PSO_Classifcation\train\fog_smoke\fog_smoke4607.jpg,fog_smoke
C:\Users\HishamMo\Desktop\999_cs\Quantum_Inpired_PSO_Classifcation\train\fog_smoke\fog_smoke4608.jpg,fog_smoke
C:\Users\HishamMo\Desktop\999_cs\Quantum_Inpired_PSO_Classifcation\train\fog_smoke\fog_smoke4611.jpg,fog_smoke
C:\Users\HishamMo\Desktop\999_cs\Quantum_Inpired_PSO_Classifcation\train\fog_smoke\fog_smoke4612.jpg,fog_smoke
C:\Users\HishamMo\Desktop\999_cs\Quantum_Inpired_PSO_Classifcation\train\fog_smoke\fog_smoke4613.jpg,fog_smoke
C:\Users\HishamMo\Desktop\999_cs\Quantum_Inpired_PSO_Classifcation\train\fog_smoke\fog_smoke4614.jpg,fog_smoke
C:\Users\HishamMo\Desktop\999_cs\Quantum_Inpired_PSO_Classifcation\train\fog_smoke\fog_smoke4615.jpg,fog_smoke
C:\Users\HishamMo\Desktop\999_cs\Quantum_Inpired_PSO_Classifcation\train\fog_smoke\fog_smoke4616.jpg,fog_smoke
C:\Users\HishamMo\Desktop\999_cs\Quantum_Inpired_PSO_Classifcation\train\fog_smoke\fog_smoke4617.jpg,fog_smoke
C:\Users\HishamMo\Desktop\999_cs\Quantum_Inpired_PSO_Classifcation\train\fog_smoke\fog_smoke4618.jpg,fog_smoke
C:\Users\HishamMo\Desktop\999_cs\Quantum_Inpired_PSO_Classifcation\train\fog_smoke\fog_smoke4619.jpg,fog_smoke
C:\Users\HishamMo\Desktop\999_cs\Quantum_Inpired_PSO_Classifcation\train\fog_smoke\fog_smoke4620.jpg,fog_smoke
C:\Users\HishamMo\Desktop\999_cs\Quantum_Inpired_PSO_Classifcation\train\fog_smoke\fog_smoke4622.jpg,fog_smoke
C:\Users\HishamMo\Desktop\999_cs\Quantum_Inpired_PSO_Classifcation\train\fog_smoke\fog_smoke4623.jpg,fog_smoke
C:\Users\HishamMo\Desktop\999_cs\Quantum_Inpired_PSO_Classifcation\train\fog_smoke\fog_smoke4624.jpg,fog_smoke
C:\Users\HishamMo\Desktop\999_cs\Quantum_Inpired_PSO_Classifcation\train\fog_smoke\fog_smoke4627.jpg,fog_smoke
C:\Users\HishamMo\Desktop\999_cs\Quantum_Inpired_PSO_Classifcation\train\fog_smoke\fog_smoke4628.jpg,fog_smoke
C:\Users\HishamMo\Desktop\999_cs\Quantum_Inpired_PSO_Classifcation\train\fog_smoke\fog_smoke4629.jpg,fog_smoke
C:\Users\HishamMo\Desktop\999_cs\Quantum_Inpired_PSO_Classifcation\train\fog_smoke\fog_smoke4630.jpg,fog_smoke
C:\Users\HishamMo\Desktop\999_cs\Quantum_Inpired_PSO_Classifcation\train\fog_smoke\fog_smoke4631.jpg,fog_smoke
C:\Users\HishamMo\Desktop\999_cs\Quantum_Inpired_PSO_Classifcation\train\fog_smoke\fog_smoke4632.jpg,fog_smoke
C:\Users\HishamMo\Desktop\999_cs\Quantum_Inpired_PSO_Classifcation\train\fog_smoke\fog_smoke4633.jpg,fog_smoke
C:\Users\HishamMo\Desktop\999_cs\Quantum_Inpired_PSO_Classifcation\train\fog_smoke\fog_smoke4634.jpg,fog_smoke
C:\Users\HishamMo\Desktop\999_cs\Quantum_Inpired_PSO_Classifcation\train\fog_smoke\fog_smoke4635.jpg,fog_smoke
C:\Users\HishamMo\Desktop\999_cs\Quantum_Inpired_PSO_Classifcation\train\fog_smoke\fog_smoke4636.jpg,fog_smoke
C:\Users\HishamMo\Desktop\999_cs\Quantum_Inpired_PSO_Classifcation\train\fog_smoke\fog_smoke4638.jpg,fog_smoke
C:\Users\HishamMo\Desktop\999_cs\Quantum_Inpired_PSO_Classifcation\train\fog_smoke\fog_smoke4639.jpg,fog_smoke
C:\Users\HishamMo\Desktop\999_cs\Quantum_Inpired_PSO_Classifcation\train\fog_smoke\fog_smoke4640.jpg,fog_smoke
C:\Users\HishamMo\Desktop\999_cs\Quantum_Inpired_PSO_Classifcation\train\fog_smoke\fog_smoke4641.jpg,fog_smoke
C:\Users\HishamMo\Desktop\999_cs\Quantum_Inpired_PSO_Classifcation\train\fog_smoke\fog_smoke4642.jpg,fog_smoke
C:\Users\HishamMo\Desktop\999_cs\Quantum_Inpired_PSO_Classifcation\train\fog_smoke\fog_smoke4643.jpg,fog_smoke
C:\Users\HishamMo\Desktop\999_cs\Quantum_Inpired_PSO_Classifcation\train\fog_smoke\fog_smoke4644.jpg,fog_smoke
C:\Users\HishamMo\Desktop\999_cs\Quantum_Inpired_PSO_Classifcation\train\fog_smoke\fog_smoke4647.jpg,fog_smoke
C:\Users\HishamMo\Desktop\999_cs\Quantum_Inpired_PSO_Classifcation\train\fog_smoke\fog_smoke4648.jpg,fog_smoke
C:\Users\HishamMo\Desktop\999_cs\Quantum_Inpired_PSO_Classifcation\train\fog_smoke\fog_smoke4649.jpg,fog_smoke
C:\Users\HishamMo\Desktop\999_cs\Quantum_Inpired_PSO_Classifcation\train\fog_smoke\fog_smoke4650.jpg,fog_smoke
C:\Users\HishamMo\Desktop\999_cs\Quantum_Inpired_PSO_Classifcation\train\fog_smoke\fog_smoke4652.jpg,fog_smoke
C:\Users\HishamMo\Desktop\999_cs\Quantum_Inpired_PSO_Classifcation\train\fog_smoke\fog_smoke4653.jpg,fog_smoke
C:\Users\HishamMo\Desktop\999_cs\Quantum_Inpired_PSO_Classifcation\train\fog_smoke\fog_smoke4654.jpg,fog_smoke
C:\Users\HishamMo\Desktop\999_cs\Quantum_Inpired_PSO_Classifcation\train\fog_smoke\fog_smoke4655.jpg,fog_smoke
C:\Users\HishamMo\Desktop\999_cs\Quantum_Inpired_PSO_Classifcation\train\fog_smoke\fog_smoke4657.jpg,fog_smoke
C:\Users\HishamMo\Desktop\999_cs\Quantum_Inpired_PSO_Classifcation\train\fog_smoke\fog_smoke4658.jpg,fog_smoke
C:\Users\HishamMo\Desktop\999_cs\Quantum_Inpired_PSO_Classifcation\train\fog_smoke\fog_smoke4659.jpg,fog_smoke
C:\Users\HishamMo\Desktop\999_cs\Quantum_Inpired_PSO_Classifcation\train\fog_smoke\fog_smoke4662.jpg,fog_smoke
C:\Users\HishamMo\Desktop\999_cs\Quantum_Inpired_PSO_Classifcation\train\fog_smoke\fog_smoke4663.jpg,fog_smoke
C:\Users\HishamMo\Desktop\999_cs\Quantum_Inpired_PSO_Classifcation\train\fog_smoke\fog_smoke4665.jpg,fog_smoke
C:\Users\HishamMo\Desktop\999_cs\Quantum_Inpired_PSO_Classifcation\train\fog_smoke\fog_smoke4666.jpg,fog_smoke
C:\Users\HishamMo\Desktop\999_cs\Quantum_Inpired_PSO_Classifcation\train\fog_smoke\fog_smoke4667.jpg,fog_smoke
C:\Users\HishamMo\Desktop\999_cs\Quantum_Inpired_PSO_Classifcation\train\fog_smoke\fog_smoke4668.jpg,fog_smoke
C:\Users\HishamMo\Desktop\999_cs\Quantum_Inpired_PSO_Classifcation\train\fog_smoke\fog_smoke4671.jpg,fog_smoke
C:\Users\HishamMo\Desktop\999_cs\Quantum_Inpired_PSO_Classifcation\train\fog_smoke\fog_smoke4672.jpg,fog_smoke
C:\Users\HishamMo\Desktop\999_cs\Quantum_Inpired_PSO_Classifcation\train\fog_smoke\fog_smoke4673.jpg,fog_smoke
C:\Users\HishamMo\Desktop\999_cs\Quantum_Inpired_PSO_Classifcation\train\fog_smoke\fog_smoke4674.jpg,fog_smoke
C:\Users\HishamMo\Desktop\999_cs\Quantum_Inpired_PSO_Classifcation\train\fog_smoke\fog_smoke4675.jpg,fog_smoke
C:\Users\HishamMo\Desktop\999_cs\Quantum_Inpired_PSO_Classifcation\train\fog_smoke\fog_smoke4676.jpg,fog_smoke
C:\Users\HishamMo\Desktop\999_cs\Quantum_Inpired_PSO_Classifcation\train\fog_smoke\fog_smoke4677.jpg,fog_smoke
C:\Users\HishamMo\Desktop\999_cs\Quantum_Inpired_PSO_Classifcation\train\fog_smoke\fog_smoke4678.jpg,fog_smoke
C:\Users\HishamMo\Desktop\999_cs\Quantum_Inpired_PSO_Classifcation\train\fog_smoke\fog_smoke4679.jpg,fog_smoke
C:\Users\HishamMo\Desktop\999_cs\Quantum_Inpired_PSO_Classifcation\train\fog_smoke\fog_smoke4680.jpg,fog_smoke
C:\Users\HishamMo\Desktop\999_cs\Quantum_Inpired_PSO_Classifcation\train\fog_smoke\fog_smoke4682.jpg,fog_smoke
C:\Users\HishamMo\Desktop\999_cs\Quantum_Inpired_PSO_Classifcation\train\fog_smoke\fog_smoke4683.jpg,fog_smoke
C:\Users\HishamMo\Desktop\999_cs\Quantum_Inpired_PSO_Classifcation\train\fog_smoke\fog_smoke4684.jpg,fog_smoke
C:\Users\HishamMo\Desktop\999_cs\Quantum_Inpired_PSO_Classifcation\train\fog_smoke\fog_smoke4685.jpg,fog_smoke
C:\Users\HishamMo\Desktop\999_cs\Quantum_Inpired_PSO_Classifcation\train\fog_smoke\fog_smoke4686.jpg,fog_smoke
C:\Users\HishamMo\Desktop\999_cs\Quantum_Inpired_PSO_Classifcation\train\fog_smoke\fog_smoke4687.jpg,fog_smoke
C:\Users\HishamMo\Desktop\999_cs\Quantum_Inpired_PSO_Classifcation\train\fog_smoke\fog_smoke4688.jpg,fog_smoke
C:\Users\HishamMo\Desktop\999_cs\Quantum_Inpired_PSO_Classifcation\train\fog_smoke\fog_smoke4689.jpg,fog_smoke
C:\Users\HishamMo\Desktop\999_cs\Quantum_Inpired_PSO_Classifcation\train\fog_smoke\fog_smoke4690.jpg,fog_smoke
C:\Users\HishamMo\Desktop\999_cs\Quantum_Inpired_PSO_Classifcation\train\fog_smoke\fog_smoke4691.jpg,fog_smoke
C:\Users\HishamMo\Desktop\999_cs\Quantum_Inpired_PSO_Classifcation\train\fog_smoke\fog_smoke4692.jpg,fog_smoke
C:\Users\HishamMo\Desktop\999_cs\Quantum_Inpired_PSO_Classifcation\train\fog_smoke\fog_smoke4693.jpg,fog_smoke
C:\Users\HishamMo\Desktop\999_cs\Quantum_Inpired_PSO_Classifcation\train\fog_smoke\fog_smoke4694.jpg,fog_smoke
C:\Users\HishamMo\Desktop\999_cs\Quantum_Inpired_PSO_Classifcation\train\fog_smoke\fog_smoke4696.jpg,fog_smoke
C:\Users\HishamMo\Desktop\999_cs\Quantum_Inpired_PSO_Classifcation\train\fog_smoke\fog_smoke4699.jpg,fog_smoke
C:\Users\HishamMo\Desktop\999_cs\Quantum_Inpired_PSO_Classifcation\train\fog_smoke\fog_smoke4700.jpg,fog_smoke
C:\Users\HishamMo\Desktop\999_cs\Quantum_Inpired_PSO_Classifcation\train\fog_smoke\fog_smoke4701.jpg,fog_smoke
C:\Users\HishamMo\Desktop\999_cs\Quantum_Inpired_PSO_Classifcation\train\fog_smoke\fog_smoke4702.jpg,fog_smoke
C:\Users\HishamMo\Desktop\999_cs\Quantum_Inpired_PSO_Classifcation\train\fog_smoke\fog_smoke4703.jpg,fog_smoke
C:\Users\HishamMo\Desktop\999_cs\Quantum_Inpired_PSO_Classifcation\train\fog_smoke\fog_smoke4704.jpg,fog_smoke
C:\Users\HishamMo\Desktop\999_cs\Quantum_Inpired_PSO_Classifcation\train\fog_smoke\fog_smoke4705.jpg,fog_smoke
C:\Users\HishamMo\Desktop\999_cs\Quantum_Inpired_PSO_Classifcation\train\fog_smoke\fog_smoke4706.jpg,fog_smoke
C:\Users\HishamMo\Desktop\999_cs\Quantum_Inpired_PSO_Classifcation\train\fog_smoke\fog_smoke4707.jpg,fog_smoke
C:\Users\HishamMo\Desktop\999_cs\Quantum_Inpired_PSO_Classifcation\train\fog_smoke\fog_smoke4708.jpg,fog_smoke
C:\Users\HishamMo\Desktop\999_cs\Quantum_Inpired_PSO_Classifcation\train\fog_smoke\fog_smoke4709.jpg,fog_smoke
C:\Users\HishamMo\Desktop\999_cs\Quantum_Inpired_PSO_Classifcation\train\fog_smoke\fog_smoke4711.jpg,fog_smoke
C:\Users\HishamMo\Desktop\999_cs\Quantum_Inpired_PSO_Classifcation\train\fog_smoke\fog_smoke4712.jpg,fog_smoke
C:\Users\HishamMo\Desktop\999_cs\Quantum_Inpired_PSO_Classifcation\train\fog_smoke\fog_smoke4715.jpg,fog_smoke
C:\Users\HishamMo\Desktop\999_cs\Quantum_Inpired_PSO_Classifcation\train\fog_smoke\fog_smoke4716.jpg,fog_smoke
C:\Users\HishamMo\Desktop\999_cs\Quantum_Inpired_PSO_Classifcation\train\fog_smoke\fog_smoke4717.jpg,fog_smoke
C:\Users\HishamMo\Desktop\999_cs\Quantum_Inpired_PSO_Classifcation\train\fog_smoke\fog_smoke4718.jpg,fog_smoke
C:\Users\HishamMo\Desktop\999_cs\Quantum_Inpired_PSO_Classifcation\train\fog_smoke\fog_smoke4719.jpg,fog_smoke
C:\Users\HishamMo\Desktop\999_cs\Quantum_Inpired_PSO_Classifcation\train\fog_smoke\fog_smoke4720.jpg,fog_smoke
C:\Users\HishamMo\Desktop\999_cs\Quantum_Inpired_PSO_Classifcation\train\fog_smoke\fog_smoke4721.jpg,fog_smoke
C:\Users\HishamMo\Desktop\999_cs\Quantum_Inpired_PSO_Classifcation\train\fog_smoke\fog_smoke4722.jpg,fog_smoke
C:\Users\HishamMo\Desktop\999_cs\Quantum_Inpired_PSO_Classifcation\train\fog_smoke\fog_smoke4723.jpg,fog_smoke
C:\Users\HishamMo\Desktop\999_cs\Quantum_Inpired_PSO_Classifcation\train\fog_smoke\fog_smoke4725.jpg,fog_smoke
C:\Users\HishamMo\Desktop\999_cs\Quantum_Inpired_PSO_Classifcation\train\fog_smoke\fog_smoke4726.jpg,fog_smoke
C:\Users\HishamMo\Desktop\999_cs\Quantum_Inpired_PSO_Classifcation\train\fog_smoke\fog_smoke4728.jpg,fog_smoke
C:\Users\HishamMo\Desktop\999_cs\Quantum_Inpired_PSO_Classifcation\train\fog_smoke\fog_smoke4729.jpg,fog_smoke
C:\Users\HishamMo\Desktop\999_cs\Quantum_Inpired_PSO_Classifcation\train\fog_smoke\fog_smoke4730.jpg,fog_smoke
C:\Users\HishamMo\Desktop\999_cs\Quantum_Inpired_PSO_Classifcation\train\fog_smoke\fog_smoke4731.jpg,fog_smoke
C:\Users\HishamMo\Desktop\999_cs\Quantum_Inpired_PSO_Classifcation\train\fog_smoke\fog_smoke4732.jpg,fog_smoke
C:\Users\HishamMo\Desktop\999_cs\Quantum_Inpired_PSO_Classifcation\train\fog_smoke\fog_smoke4733.jpg,fog_smoke
C:\Users\HishamMo\Desktop\999_cs\Quantum_Inpired_PSO_Classifcation\train\fog_smoke\fog_smoke4735.jpg,fog_smoke
C:\Users\HishamMo\Desktop\999_cs\Quantum_Inpired_PSO_Classifcation\train\fog_smoke\fog_smoke4736.jpg,fog_smoke
C:\Users\HishamMo\Desktop\999_cs\Quantum_Inpired_PSO_Classifcation\train\fog_smoke\fog_smoke4738.jpg,fog_smoke
C:\Users\HishamMo\Desktop\999_cs\Quantum_Inpired_PSO_Classifcation\train\fog_smoke\fog_smoke4739.jpg,fog_smoke
C:\Users\HishamMo\Desktop\999_cs\Quantum_Inpired_PSO_Classifcation\train\fog_smoke\fog_smoke4740.jpg,fog_smoke
C:\Users\HishamMo\Desktop\999_cs\Quantum_Inpired_PSO_Classifcation\train\fog_smoke\fog_smoke4741.jpg,fog_smoke
C:\Users\HishamMo\Desktop\999_cs\Quantum_Inpired_PSO_Classifcation\train\fog_smoke\fog_smoke4742.jpg,fog_smoke
C:\Users\HishamMo\Desktop\999_cs\Quantum_Inpired_PSO_Classifcation\train\fog_smoke\fog_smoke4744.jpg,fog_smoke
C:\Users\HishamMo\Desktop\999_cs\Quantum_Inpired_PSO_Classifcation\train\fog_smoke\fog_smoke4745.jpg,fog_smoke
C:\Users\HishamMo\Desktop\999_cs\Quantum_Inpired_PSO_Classifcation\train\fog_smoke\fog_smoke4746.jpg,fog_smoke
C:\Users\HishamMo\Desktop\999_cs\Quantum_Inpired_PSO_Classifcation\train\fog_smoke\fog_smoke4747.jpg,fog_smoke
C:\Users\HishamMo\Desktop\999_cs\Quantum_Inpired_PSO_Classifcation\train\fog_smoke\fog_smoke4748.jpg,fog_smoke
C:\Users\HishamMo\Desktop\999_cs\Quantum_Inpired_PSO_Classifcation\train\fog_smoke\fog_smoke4749.jpg,fog_smoke
C:\Users\HishamMo\Desktop\999_cs\Quantum_Inpired_PSO_Classifcation\train\fog_smoke\fog_smoke4750.jpg,fog_smoke
C:\Users\HishamMo\Desktop\999_cs\Quantum_Inpired_PSO_Classifcation\train\fog_smoke\fog_smoke4751.jpg,fog_smoke
C:\Users\HishamMo\Desktop\999_cs\Quantum_Inpired_PSO_Classifcation\train\fog_smoke\fog_smoke4754.jpg,fog_smoke
C:\Users\HishamMo\Desktop\999_cs\Quantum_Inpired_PSO_Classifcation\train\fog_smoke\fog_smoke4755.jpg,fog_smoke
C:\Users\HishamMo\Desktop\999_cs\Quantum_Inpired_PSO_Classifcation\train\fog_smoke\fog_smoke4756.jpg,fog_smoke
C:\Users\HishamMo\Desktop\999_cs\Quantum_Inpired_PSO_Classifcation\train\fog_smoke\fog_smoke4757.jpg,fog_smoke
C:\Users\HishamMo\Desktop\999_cs\Quantum_Inpired_PSO_Classifcation\train\fog_smoke\fog_smoke4758.jpg,fog_smoke
C:\Users\HishamMo\Desktop\999_cs\Quantum_Inpired_PSO_Classifcation\train\fog_smoke\fog_smoke4759.jpg,fog_smoke
C:\Users\HishamMo\Desktop\999_cs\Quantum_Inpired_PSO_Classifcation\train\fog_smoke\fog_smoke4760.jpg,fog_smoke
C:\Users\HishamMo\Desktop\999_cs\Quantum_Inpired_PSO_Classifcation\train\fog_smoke\fog_smoke4761.jpg,fog_smoke
C:\Users\HishamMo\Desktop\999_cs\Quantum_Inpired_PSO_Classifcation\train\fog_smoke\fog_smoke4762.jpg,fog_smoke
C:\Users\HishamMo\Desktop\999_cs\Quantum_Inpired_PSO_Classifcation\train\fog_smoke\fog_smoke4763.jpg,fog_smoke
C:\Users\HishamMo\Desktop\999_cs\Quantum_Inpired_PSO_Classifcation\train\fog_smoke\fog_smoke4764.jpg,fog_smoke
C:\Users\HishamMo\Desktop\999_cs\Quantum_Inpired_PSO_Classifcation\train\fog_smoke\fog_smoke4765.jpg,fog_smoke
C:\Users\HishamMo\Desktop\999_cs\Quantum_Inpired_PSO_Classifcation\train\fog_smoke\fog_smoke4766.jpg,fog_smoke
C:\Users\HishamMo\Desktop\999_cs\Quantum_Inpired_PSO_Classifcation\train\fog_smoke\fog_smoke4767.jpg,fog_smoke
C:\Users\HishamMo\Desktop\999_cs\Quantum_Inpired_PSO_Classifcation\train\fog_smoke\fog_smoke4769.jpg,fog_smoke
C:\Users\HishamMo\Desktop\999_cs\Quantum_Inpired_PSO_Classifcation\train\fog_smoke\fog_smoke4770.jpg,fog_smoke
C:\Users\HishamMo\Desktop\999_cs\Quantum_Inpired_PSO_Classifcation\train\fog_smoke\fog_smoke4771.jpg,fog_smoke
C:\Users\HishamMo\Desktop\999_cs\Quantum_Inpired_PSO_Classifcation\train\fog_smoke\fog_smoke4772.jpg,fog_smoke
C:\Users\HishamMo\Desktop\999_cs\Quantum_Inpired_PSO_Classifcation\train\fog_smoke\fog_smoke4773.jpg,fog_smoke
C:\Users\HishamMo\Desktop\999_cs\Quantum_Inpired_PSO_Classifcation\train\fog_smoke\fog_smoke4774.jpg,fog_smoke
C:\Users\HishamMo\Desktop\999_cs\Quantum_Inpired_PSO_Classifcation\train\fog_smoke\fog_smoke4775.jpg,fog_smoke
C:\Users\HishamMo\Desktop\999_cs\Quantum_Inpired_PSO_Classifcation\train\fog_smoke\fog_smoke4776.jpg,fog_smoke
C:\Users\HishamMo\Desktop\999_cs\Quantum_Inpired_PSO_Classifcation\train\fog_smoke\fog_smoke4777.jpg,fog_smoke
C:\Users\HishamMo\Desktop\999_cs\Quantum_Inpired_PSO_Classifcation\train\fog_smoke\fog_smoke4778.jpg,fog_smoke
C:\Users\HishamMo\Desktop\999_cs\Quantum_Inpired_PSO_Classifcation\train\fog_smoke\fog_smoke4779.jpg,fog_smoke
C:\Users\HishamMo\Desktop\999_cs\Quantum_Inpired_PSO_Classifcation\train\fog_smoke\fog_smoke4781.jpg,fog_smoke
C:\Users\HishamMo\Desktop\999_cs\Quantum_Inpired_PSO_Classifcation\train\fog_smoke\fog_smoke4782.jpg,fog_smoke
C:\Users\HishamMo\Desktop\999_cs\Quantum_Inpired_PSO_Classifcation\train\fog_smoke\fog_smoke4783.jpg,fog_smoke
C:\Users\HishamMo\Desktop\999_cs\Quantum_Inpired_PSO_Classifcation\train\fog_smoke\fog_smoke4784.jpg,fog_smoke
C:\Users\HishamMo\Desktop\999_cs\Quantum_Inpired_PSO_Classifcation\train\fog_smoke\fog_smoke4786.jpg,fog_smoke
C:\Users\HishamMo\Desktop\999_cs\Quantum_Inpired_PSO_Classifcation\train\fog_smoke\fog_smoke4787.jpg,fog_smoke
C:\Users\HishamMo\Desktop\999_cs\Quantum_Inpired_PSO_Classifcation\train\fog_smoke\fog_smoke4788.jpg,fog_smoke
C:\Users\HishamMo\Desktop\999_cs\Quantum_Inpired_PSO_Classifcation\train\fog_smoke\fog_smoke4790.jpg,fog_smoke
C:\Users\HishamMo\Desktop\999_cs\Quantum_Inpired_PSO_Classifcation\train\fog_smoke\fog_smoke4791.jpg,fog_smoke
C:\Users\HishamMo\Desktop\999_cs\Quantum_Inpired_PSO_Classifcation\train\fog_smoke\fog_smoke4792.jpg,fog_smoke
C:\Users\HishamMo\Desktop\999_cs\Quantum_Inpired_PSO_Classifcation\train\fog_smoke\fog_smoke4793.jpg,fog_smoke
C:\Users\HishamMo\Desktop\999_cs\Quantum_Inpired_PSO_Classifcation\train\fog_smoke\fog_smoke4794.jpg,fog_smoke
C:\Users\HishamMo\Desktop\999_cs\Quantum_Inpired_PSO_Classifcation\train\fog_smoke\fog_smoke4795.jpg,fog_smoke
C:\Users\HishamMo\Desktop\999_cs\Quantum_Inpired_PSO_Classifcation\train\fog_smoke\fog_smoke4797.jpg,fog_smoke
C:\Users\HishamMo\Desktop\999_cs\Quantum_Inpired_PSO_Classifcation\train\fog_smoke\fog_smoke4798.jpg,fog_smoke
C:\Users\HishamMo\Desktop\999_cs\Quantum_Inpired_PSO_Classifcation\train\fog_smoke\fog_smoke4799.jpg,fog_smoke
C:\Users\HishamMo\Desktop\999_cs\Quantum_Inpired_PSO_Classifcation\train\fog_smoke\fog_smoke4801.jpg,fog_smoke
C:\Users\HishamMo\Desktop\999_cs\Quantum_Inpired_PSO_Classifcation\train\fog_smoke\fog_smoke4803.jpg,fog_smoke
C:\Users\HishamMo\Desktop\999_cs\Quantum_Inpired_PSO_Classifcation\train\fog_smoke\fog_smoke4804.jpg,fog_smoke
C:\Users\HishamMo\Desktop\999_cs\Quantum_Inpired_PSO_Classifcation\train\fog_smoke\fog_smoke4805.jpg,fog_smoke
C:\Users\HishamMo\Desktop\999_cs\Quantum_Inpired_PSO_Classifcation\train\fog_smoke\fog_smoke4806.jpg,fog_smoke
C:\Users\HishamMo\Desktop\999_cs\Quantum_Inpired_PSO_Classifcation\train\fog_smoke\fog_smoke4807.jpg,fog_smoke
C:\Users\HishamMo\Desktop\999_cs\Quantum_Inpired_PSO_Classifcation\train\fog_smoke\fog_smoke4809.jpg,fog_smoke
C:\Users\HishamMo\Desktop\999_cs\Quantum_Inpired_PSO_Classifcation\train\fog_smoke\fog_smoke4810.jpg,fog_smoke
C:\Users\HishamMo\Desktop\999_cs\Quantum_Inpired_PSO_Classifcation\train\fog_smoke\fog_smoke4811.jpg,fog_smoke
C:\Users\HishamMo\Desktop\999_cs\Quantum_Inpired_PSO_Classifcation\train\fog_smoke\fog_smoke4812.jpg,fog_smoke
C:\Users\HishamMo\Desktop\999_cs\Quantum_Inpired_PSO_Classifcation\train\fog_smoke\fog_smoke4813.jpg,fog_smoke
C:\Users\HishamMo\Desktop\999_cs\Quantum_Inpired_PSO_Classifcation\train\fog_smoke\fog_smoke4814.jpg,fog_smoke
C:\Users\HishamMo\Desktop\999_cs\Quantum_Inpired_PSO_Classifcation\train\fog_smoke\fog_smoke4816.jpg,fog_smoke
C:\Users\HishamMo\Desktop\999_cs\Quantum_Inpired_PSO_Classifcation\train\fog_smoke\fog_smoke4817.jpg,fog_smoke
C:\Users\HishamMo\Desktop\999_cs\Quantum_Inpired_PSO_Classifcation\train\fog_smoke\fog_smoke4819.jpg,fog_smoke
C:\Users\HishamMo\Desktop\999_cs\Quantum_Inpired_PSO_Classifcation\train\fog_smoke\fog_smoke4820.jpg,fog_smoke
C:\Users\HishamMo\Desktop\999_cs\Quantum_Inpired_PSO_Classifcation\train\fog_smoke\fog_smoke4821.jpg,fog_smoke
C:\Users\HishamMo\Desktop\999_cs\Quantum_Inpired_PSO_Classifcation\train\fog_smoke\fog_smoke4822.jpg,fog_smoke
C:\Users\HishamMo\Desktop\999_cs\Quantum_Inpired_PSO_Classifcation\train\fog_smoke\fog_smoke4823.jpg,fog_smoke
C:\Users\HishamMo\Desktop\999_cs\Quantum_Inpired_PSO_Classifcation\train\fog_smoke\fog_smoke4824.jpg,fog_smoke
C:\Users\HishamMo\Desktop\999_cs\Quantum_Inpired_PSO_Classifcation\train\fog_smoke\fog_smoke4825.jpg,fog_smoke
C:\Users\HishamMo\Desktop\999_cs\Quantum_Inpired_PSO_Classifcation\train\fog_smoke\fog_smoke4826.jpg,fog_smoke
C:\Users\HishamMo\Desktop\999_cs\Quantum_Inpired_PSO_Classifcation\train\fog_smoke\fog_smoke4828.jpg,fog_smoke
C:\Users\HishamMo\Desktop\999_cs\Quantum_Inpired_PSO_Classifcation\train\fog_smoke\fog_smoke4829.jpg,fog_smoke
C:\Users\HishamMo\Desktop\999_cs\Quantum_Inpired_PSO_Classifcation\train\fog_smoke\fog_smoke4830.jpg,fog_smoke
C:\Users\HishamMo\Desktop\999_cs\Quantum_Inpired_PSO_Classifcation\train\fog_smoke\fog_smoke4831.jpg,fog_smoke
C:\Users\HishamMo\Desktop\999_cs\Quantum_Inpired_PSO_Classifcation\train\fog_smoke\fog_smoke4832.jpg,fog_smoke
C:\Users\HishamMo\Desktop\999_cs\Quantum_Inpired_PSO_Classifcation\train\fog_smoke\fog_smoke4833.jpg,fog_smoke
C:\Users\HishamMo\Desktop\999_cs\Quantum_Inpired_PSO_Classifcation\train\fog_smoke\fog_smoke4835.jpg,fog_smoke
C:\Users\HishamMo\Desktop\999_cs\Quantum_Inpired_PSO_Classifcation\train\fog_smoke\fog_smoke4838.jpg,fog_smoke
C:\Users\HishamMo\Desktop\999_cs\Quantum_Inpired_PSO_Classifcation\train\fog_smoke\fog_smoke4839.jpg,fog_smoke
C:\Users\HishamMo\Desktop\999_cs\Quantum_Inpired_PSO_Classifcation\train\fog_smoke\fog_smoke4840.jpg,fog_smoke
C:\Users\HishamMo\Desktop\999_cs\Quantum_Inpired_PSO_Classifcation\train\fog_smoke\fog_smoke4841.jpg,fog_smoke
C:\Users\HishamMo\Desktop\999_cs\Quantum_Inpired_PSO_Classifcation\train\fog_smoke\fog_smoke4842.jpg,fog_smoke
C:\Users\HishamMo\Desktop\999_cs\Quantum_Inpired_PSO_Classifcation\train\fog_smoke\fog_smoke4843.jpg,fog_smoke
C:\Users\HishamMo\Desktop\999_cs\Quantum_Inpired_PSO_Classifcation\train\fog_smoke\fog_smoke4844.jpg,fog_smoke
C:\Users\HishamMo\Desktop\999_cs\Quantum_Inpired_PSO_Classifcation\train\fog_smoke\fog_smoke4845.jpg,fog_smoke
C:\Users\HishamMo\Desktop\999_cs\Quantum_Inpired_PSO_Classifcation\train\fog_smoke\fog_smoke4846.jpg,fog_smoke
C:\Users\HishamMo\Desktop\999_cs\Quantum_Inpired_PSO_Classifcation\train\fog_smoke\fog_smoke4847.jpg,fog_smoke
C:\Users\HishamMo\Desktop\999_cs\Quantum_Inpired_PSO_Classifcation\train\fog_smoke\fog_smoke4848.jpg,fog_smoke
C:\Users\HishamMo\Desktop\999_cs\Quantum_Inpired_PSO_Classifcation\train\fog_smoke\fog_smoke4849.jpg,fog_smoke
C:\Users\HishamMo\Desktop\999_cs\Quantum_Inpired_PSO_Classifcation\train\fog_smoke\fog_smoke4850.jpg,fog_smoke
C:\Users\HishamMo\Desktop\999_cs\Quantum_Inpired_PSO_Classifcation\train\fog_smoke\fog_smoke4851.jpg,fog_smoke
C:\Users\HishamMo\Desktop\999_cs\Quantum_Inpired_PSO_Classifcation\train\fog_smoke\fog_smoke4852.jpg,fog_smoke
C:\Users\HishamMo\Desktop\999_cs\Quantum_Inpired_PSO_Classifcation\train\fog_smoke\fog_smoke4853.jpg,fog_smoke
C:\Users\HishamMo\Desktop\999_cs\Quantum_Inpired_PSO_Classifcation\train\fog_smoke\fog_smoke4855.jpg,fog_smoke
C:\Users\HishamMo\Desktop\999_cs\Quantum_Inpired_PSO_Classifcation\train\fog_smoke\fog_smoke4858.jpg,fog_smoke
C:\Users\HishamMo\Desktop\999_cs\Quantum_Inpired_PSO_Classifcation\train\fog_smoke\fog_smoke4859.jpg,fog_smoke
C:\Users\HishamMo\Desktop\999_cs\Quantum_Inpired_PSO_Classifcation\train\fog_smoke\fog_smoke4860.jpg,fog_smoke
C:\Users\HishamMo\Desktop\999_cs\Quantum_Inpired_PSO_Classifcation\train\fog_smoke\fog_smoke4862.jpg,fog_smoke
C:\Users\HishamMo\Desktop\999_cs\Quantum_Inpired_PSO_Classifcation\train\fog_smoke\fog_smoke4863.jpg,fog_smoke
C:\Users\HishamMo\Desktop\999_cs\Quantum_Inpired_PSO_Classifcation\train\fog_smoke\fog_smoke4864.jpg,fog_smoke
C:\Users\HishamMo\Desktop\999_cs\Quantum_Inpired_PSO_Classifcation\train\fog_smoke\fog_smoke4865.jpg,fog_smoke
C:\Users\HishamMo\Desktop\999_cs\Quantum_Inpired_PSO_Classifcation\train\fog_smoke\fog_smoke4866.jpg,fog_smoke
C:\Users\HishamMo\Desktop\999_cs\Quantum_Inpired_PSO_Classifcation\train\fog_smoke\fog_smoke4867.jpg,fog_smoke
C:\Users\HishamMo\Desktop\999_cs\Quantum_Inpired_PSO_Classifcation\train\fog_smoke\fog_smoke4868.jpg,fog_smoke
C:\Users\HishamMo\Desktop\999_cs\Quantum_Inpired_PSO_Classifcation\train\fog_smoke\fog_smoke4869.jpg,fog_smoke
C:\Users\HishamMo\Desktop\999_cs\Quantum_Inpired_PSO_Classifcation\train\fog_smoke\fog_smoke4871.jpg,fog_smoke
C:\Users\HishamMo\Desktop\999_cs\Quantum_Inpired_PSO_Classifcation\train\fog_smoke\fog_smoke4874.jpg,fog_smoke
C:\Users\HishamMo\Desktop\999_cs\Quantum_Inpired_PSO_Classifcation\train\fog_smoke\fog_smoke4875.jpg,fog_smoke
C:\Users\HishamMo\Desktop\999_cs\Quantum_Inpired_PSO_Classifcation\train\fog_smoke\fog_smoke4876.jpg,fog_smoke
C:\Users\HishamMo\Desktop\999_cs\Quantum_Inpired_PSO_Classifcation\train\fog_smoke\fog_smoke4877.jpg,fog_smoke
C:\Users\HishamMo\Desktop\999_cs\Quantum_Inpired_PSO_Classifcation\train\fog_smoke\fog_smoke4878.jpg,fog_smoke
C:\Users\HishamMo\Desktop\999_cs\Quantum_Inpired_PSO_Classifcation\train\fog_smoke\fog_smoke4879.jpg,fog_smoke
C:\Users\HishamMo\Desktop\999_cs\Quantum_Inpired_PSO_Classifcation\train\fog_smoke\fog_smoke4880.jpg,fog_smoke
C:\Users\HishamMo\Desktop\999_cs\Quantum_Inpired_PSO_Classifcation\train\fog_smoke\fog_smoke4881.jpg,fog_smoke
C:\Users\HishamMo\Desktop\999_cs\Quantum_Inpired_PSO_Classifcation\train\fog_smoke\fog_smoke4882.jpg,fog_smoke
C:\Users\HishamMo\Desktop\999_cs\Quantum_Inpired_PSO_Classifcation\train\fog_smoke\fog_smoke4884.jpg,fog_smoke
C:\Users\HishamMo\Desktop\999_cs\Quantum_Inpired_PSO_Classifcation\train\fog_smoke\fog_smoke4885.jpg,fog_smoke
C:\Users\HishamMo\Desktop\999_cs\Quantum_Inpired_PSO_Classifcation\train\fog_smoke\fog_smoke4887.jpg,fog_smoke
C:\Users\HishamMo\Desktop\999_cs\Quantum_Inpired_PSO_Classifcation\train\fog_smoke\fog_smoke4888.jpg,fog_smoke
C:\Users\HishamMo\Desktop\999_cs\Quantum_Inpired_PSO_Classifcation\train\fog_smoke\fog_smoke4889.jpg,fog_smoke
C:\Users\HishamMo\Desktop\999_cs\Quantum_Inpired_PSO_Classifcation\train\fog_smoke\fog_smoke4892.jpg,fog_smoke
C:\Users\HishamMo\Desktop\999_cs\Quantum_Inpired_PSO_Classifcation\train\fog_smoke\fog_smoke4894.jpg,fog_smoke
C:\Users\HishamMo\Desktop\999_cs\Quantum_Inpired_PSO_Classifcation\train\fog_smoke\fog_smoke4897.jpg,fog_smoke
C:\Users\HishamMo\Desktop\999_cs\Quantum_Inpired_PSO_Classifcation\train\fog_smoke\fog_smoke4898.jpg,fog_smoke
C:\Users\HishamMo\Desktop\999_cs\Quantum_Inpired_PSO_Classifcation\train\fog_smoke\fog_smoke4899.jpg,fog_smoke
C:\Users\HishamMo\Desktop\999_cs\Quantum_Inpired_PSO_Classifcation\train\fog_smoke\fog_smoke4900.jpg,fog_smoke
C:\Users\HishamMo\Desktop\999_cs\Quantum_Inpired_PSO_Classifcation\train\fog_smoke\fog_smoke4901.jpg,fog_smoke
C:\Users\HishamMo\Desktop\999_cs\Quantum_Inpired_PSO_Classifcation\train\fog_smoke\fog_smoke4902.jpg,fog_smoke
C:\Users\HishamMo\Desktop\999_cs\Quantum_Inpired_PSO_Classifcation\train\fog_smoke\fog_smoke4903.jpg,fog_smoke
C:\Users\HishamMo\Desktop\999_cs\Quantum_Inpired_PSO_Classifcation\train\fog_smoke\fog_smoke4905.jpg,fog_smoke
C:\Users\HishamMo\Desktop\999_cs\Quantum_Inpired_PSO_Classifcation\train\fog_smoke\fog_smoke4906.jpg,fog_smoke
C:\Users\HishamMo\Desktop\999_cs\Quantum_Inpired_PSO_Classifcation\train\fog_smoke\fog_smoke4907.jpg,fog_smoke
C:\Users\HishamMo\Desktop\999_cs\Quantum_Inpired_PSO_Classifcation\train\fog_smoke\fog_smoke4908.jpg,fog_smoke
C:\Users\HishamMo\Desktop\999_cs\Quantum_Inpired_PSO_Classifcation\train\fog_smoke\fog_smoke4909.jpg,fog_smoke
C:\Users\HishamMo\Desktop\999_cs\Quantum_Inpired_PSO_Classifcation\train\fog_smoke\fog_smoke4911.jpg,fog_smoke
C:\Users\HishamMo\Desktop\999_cs\Quantum_Inpired_PSO_Classifcation\train\fog_smoke\fog_smoke4912.jpg,fog_smoke
C:\Users\HishamMo\Desktop\999_cs\Quantum_Inpired_PSO_Classifcation\train\fog_smoke\fog_smoke4913.jpg,fog_smoke
C:\Users\HishamMo\Desktop\999_cs\Quantum_Inpired_PSO_Classifcation\train\fog_smoke\fog_smoke4915.jpg,fog_smoke
C:\Users\HishamMo\Desktop\999_cs\Quantum_Inpired_PSO_Classifcation\train\fog_smoke\fog_smoke4917.jpg,fog_smoke
C:\Users\HishamMo\Desktop\999_cs\Quantum_Inpired_PSO_Classifcation\train\fog_smoke\fog_smoke4918.jpg,fog_smoke
C:\Users\HishamMo\Desktop\999_cs\Quantum_Inpired_PSO_Classifcation\train\fog_smoke\fog_smoke4919.jpg,fog_smoke
C:\Users\HishamMo\Desktop\999_cs\Quantum_Inpired_PSO_Classifcation\train\fog_smoke\fog_smoke4920.jpg,fog_smoke
C:\Users\HishamMo\Desktop\999_cs\Quantum_Inpired_PSO_Classifcation\train\fog_smoke\fog_smoke4921.jpg,fog_smoke
C:\Users\HishamMo\Desktop\999_cs\Quantum_Inpired_PSO_Classifcation\train\fog_smoke\fog_smoke4922.jpg,fog_smoke
C:\Users\HishamMo\Desktop\999_cs\Quantum_Inpired_PSO_Classifcation\train\fog_smoke\fog_smoke4923.jpg,fog_smoke
C:\Users\HishamMo\Desktop\999_cs\Quantum_Inpired_PSO_Classifcation\train\fog_smoke\fog_smoke4924.jpg,fog_smoke
C:\Users\HishamMo\Desktop\999_cs\Quantum_Inpired_PSO_Classifcation\train\fog_smoke\fog_smoke4927.jpg,fog_smoke
C:\Users\HishamMo\Desktop\999_cs\Quantum_Inpired_PSO_Classifcation\train\fog_smoke\fog_smoke4928.jpg,fog_smoke
C:\Users\HishamMo\Desktop\999_cs\Quantum_Inpired_PSO_Classifcation\train\fog_smoke\fog_smoke4929.jpg,fog_smoke
C:\Users\HishamMo\Desktop\999_cs\Quantum_Inpired_PSO_Classifcation\train\fog_smoke\fog_smoke4931.jpg,fog_smoke
C:\Users\HishamMo\Desktop\999_cs\Quantum_Inpired_PSO_Classifcation\train\fog_smoke\fog_smoke4932.jpg,fog_smoke
C:\Users\HishamMo\Desktop\999_cs\Quantum_Inpired_PSO_Classifcation\train\fog_smoke\fog_smoke4933.jpg,fog_smoke
C:\Users\HishamMo\Desktop\999_cs\Quantum_Inpired_PSO_Classifcation\train\fog_smoke\fog_smoke4934.jpg,fog_smoke
C:\Users\HishamMo\Desktop\999_cs\Quantum_Inpired_PSO_Classifcation\train\fog_smoke\fog_smoke4935.jpg,fog_smoke
C:\Users\HishamMo\Desktop\999_cs\Quantum_Inpired_PSO_Classifcation\train\fog_smoke\fog_smoke4936.jpg,fog_smoke
C:\Users\HishamMo\Desktop\999_cs\Quantum_Inpired_PSO_Classifcation\train\fog_smoke\fog_smoke4937.jpg,fog_smoke
C:\Users\HishamMo\Desktop\999_cs\Quantum_Inpired_PSO_Classifcation\train\fog_smoke\fog_smoke4938.jpg,fog_smoke
C:\Users\HishamMo\Desktop\999_cs\Quantum_Inpired_PSO_Classifcation\train\fog_smoke\fog_smoke4940.jpg,fog_smoke
C:\Users\HishamMo\Desktop\999_cs\Quantum_Inpired_PSO_Classifcation\train\fog_smoke\fog_smoke4941.jpg,fog_smoke
C:\Users\HishamMo\Desktop\999_cs\Quantum_Inpired_PSO_Classifcation\train\fog_smoke\fog_smoke4942.jpg,fog_smoke
C:\Users\HishamMo\Desktop\999_cs\Quantum_Inpired_PSO_Classifcation\train\fog_smoke\fog_smoke4943.jpg,fog_smoke
C:\Users\HishamMo\Desktop\999_cs\Quantum_Inpired_PSO_Classifcation\train\fog_smoke\fog_smoke4944.jpg,fog_smoke
C:\Users\HishamMo\Desktop\999_cs\Quantum_Inpired_PSO_Classifcation\train\fog_smoke\fog_smoke4945.jpg,fog_smoke
C:\Users\HishamMo\Desktop\999_cs\Quantum_Inpired_PSO_Classifcation\train\fog_smoke\fog_smoke4946.jpg,fog_smoke
C:\Users\HishamMo\Desktop\999_cs\Quantum_Inpired_PSO_Classifcation\train\fog_smoke\fog_smoke4947.jpg,fog_smoke
C:\Users\HishamMo\Desktop\999_cs\Quantum_Inpired_PSO_Classifcation\train\fog_smoke\fog_smoke4948.jpg,fog_smoke
C:\Users\HishamMo\Desktop\999_cs\Quantum_Inpired_PSO_Classifcation\train\fog_smoke\fog_smoke4949.jpg,fog_smoke
C:\Users\HishamMo\Desktop\999_cs\Quantum_Inpired_PSO_Classifcation\train\fog_smoke\fog_smoke4950.jpg,fog_smoke
C:\Users\HishamMo\Desktop\999_cs\Quantum_Inpired_PSO_Classifcation\train\fog_smoke\fog_smoke4951.jpg,fog_smoke
C:\Users\HishamMo\Desktop\999_cs\Quantum_Inpired_PSO_Classifcation\train\fog_smoke\fog_smoke4954.jpg,fog_smoke
C:\Users\HishamMo\Desktop\999_cs\Quantum_Inpired_PSO_Classifcation\train\fog_smoke\fog_smoke4955.jpg,fog_smoke
C:\Users\HishamMo\Desktop\999_cs\Quantum_Inpired_PSO_Classifcation\train\fog_smoke\fog_smoke4956.jpg,fog_smoke
C:\Users\HishamMo\Desktop\999_cs\Quantum_Inpired_PSO_Classifcation\train\fog_smoke\fog_smoke4957.jpg,fog_smoke
C:\Users\HishamMo\Desktop\999_cs\Quantum_Inpired_PSO_Classifcation\train\fog_smoke\fog_smoke4958.jpg,fog_smoke
C:\Users\HishamMo\Desktop\999_cs\Quantum_Inpired_PSO_Classifcation\train\fog_smoke\fog_smoke4960.jpg,fog_smoke
C:\Users\HishamMo\Desktop\999_cs\Quantum_Inpired_PSO_Classifcation\train\fog_smoke\fog_smoke4961.jpg,fog_smoke
C:\Users\HishamMo\Desktop\999_cs\Quantum_Inpired_PSO_Classifcation\train\fog_smoke\fog_smoke4962.jpg,fog_smoke
C:\Users\HishamMo\Desktop\999_cs\Quantum_Inpired_PSO_Classifcation\train\fog_smoke\fog_smoke4963.jpg,fog_smoke
C:\Users\HishamMo\Desktop\999_cs\Quantum_Inpired_PSO_Classifcation\train\fog_smoke\fog_smoke4964.jpg,fog_smoke
C:\Users\HishamMo\Desktop\999_cs\Quantum_Inpired_PSO_Classifcation\train\fog_smoke\fog_smoke4965.jpg,fog_smoke
C:\Users\HishamMo\Desktop\999_cs\Quantum_Inpired_PSO_Classifcation\train\fog_smoke\fog_smoke4966.jpg,fog_smoke
C:\Users\HishamMo\Desktop\999_cs\Quantum_Inpired_PSO_Classifcation\train\fog_smoke\fog_smoke4967.jpg,fog_smoke
C:\Users\HishamMo\Desktop\999_cs\Quantum_Inpired_PSO_Classifcation\train\fog_smoke\fog_smoke4968.jpg,fog_smoke
C:\Users\HishamMo\Desktop\999_cs\Quantum_Inpired_PSO_Classifcation\train\fog_smoke\fog_smoke4969.jpg,fog_smoke
C:\Users\HishamMo\Desktop\999_cs\Quantum_Inpired_PSO_Classifcation\train\fog_smoke\fog_smoke4970.jpg,fog_smoke
C:\Users\HishamMo\Desktop\999_cs\Quantum_Inpired_PSO_Classifcation\train\fog_smoke\fog_smoke4972.jpg,fog_smoke
C:\Users\HishamMo\Desktop\999_cs\Quantum_Inpired_PSO_Classifcation\train\fog_smoke\fog_smoke4974.jpg,fog_smoke
C:\Users\HishamMo\Desktop\999_cs\Quantum_Inpired_PSO_Classifcation\train\fog_smoke\fog_smoke4975.jpg,fog_smoke
C:\Users\HishamMo\Desktop\999_cs\Quantum_Inpired_PSO_Classifcation\train\fog_smoke\fog_smoke4976.jpg,fog_smoke
C:\Users\HishamMo\Desktop\999_cs\Quantum_Inpired_PSO_Classifcation\train\fog_smoke\fog_smoke4977.jpg,fog_smoke
C:\Users\HishamMo\Desktop\999_cs\Quantum_Inpired_PSO_Classifcation\train\fog_smoke\fog_smoke4978.jpg,fog_smoke
C:\Users\HishamMo\Desktop\999_cs\Quantum_Inpired_PSO_Classifcation\train\fog_smoke\fog_smoke4979.jpg,fog_smoke
C:\Users\HishamMo\Desktop\999_cs\Quantum_Inpired_PSO_Classifcation\train\fog_smoke\fog_smoke4981.jpg,fog_smoke
C:\Users\HishamMo\Desktop\999_cs\Quantum_Inpired_PSO_Classifcation\train\fog_smoke\fog_smoke4982.jpg,fog_smoke
C:\Users\HishamMo\Desktop\999_cs\Quantum_Inpired_PSO_Classifcation\train\fog_smoke\fog_smoke4983.jpg,fog_smoke
C:\Users\HishamMo\Desktop\999_cs\Quantum_Inpired_PSO_Classifcation\train\fog_smoke\fog_smoke4984.jpg,fog_smoke
C:\Users\HishamMo\Desktop\999_cs\Quantum_Inpired_PSO_Classifcation\train\fog_smoke\fog_smoke4985.jpg,fog_smoke
C:\Users\HishamMo\Desktop\999_cs\Quantum_Inpired_PSO_Classifcation\train\fog_smoke\fog_smoke4986.jpg,fog_smoke
C:\Users\HishamMo\Desktop\999_cs\Quantum_Inpired_PSO_Classifcation\train\fog_smoke\fog_smoke4989.jpg,fog_smoke
C:\Users\HishamMo\Desktop\999_cs\Quantum_Inpired_PSO_Classifcation\train\fog_smoke\fog_smoke4991.jpg,fog_smoke
C:\Users\HishamMo\Desktop\999_cs\Quantum_Inpired_PSO_Classifcation\train\fog_smoke\fog_smoke4992.jpg,fog_smoke
C:\Users\HishamMo\Desktop\999_cs\Quantum_Inpired_PSO_Classifcation\train\fog_smoke\fog_smoke4993.jpg,fog_smoke
C:\Users\HishamMo\Desktop\999_cs\Quantum_Inpired_PSO_Classifcation\train\fog_smoke\fog_smoke4994.jpg,fog_smoke
C:\Users\HishamMo\Desktop\999_cs\Quantum_Inpired_PSO_Classifcation\train\fog_smoke\fog_smoke4996.jpg,fog_smoke
C:\Users\HishamMo\Desktop\999_cs\Quantum_Inpired_PSO_Classifcation\train\fog_smoke\fog_smoke4997.jpg,fog_smoke
C:\Users\HishamMo\Desktop\999_cs\Quantum_Inpired_PSO_Classifcation\train\fog_smoke\fog_smoke4998.jpg,fog_smoke
C:\Users\HishamMo\Desktop\999_cs\Quantum_Inpired_PSO_Classifcation\train\fog_smoke\fog_smoke4999.jpg,fog_smoke
C:\Users\HishamMo\Desktop\999_cs\Quantum_Inpired_PSO_Classifcation\train\fog_smoke\fog_smoke5000.jpg,fog_smoke
C:\Users\HishamMo\Desktop\999_cs\Quantum_Inpired_PSO_Classifcation\train\fog_smoke\fog_smoke5001.jpg,fog_smoke
C:\Users\HishamMo\Desktop\999_cs\Quantum_Inpired_PSO_Classifcation\train\fog_smoke\fog_smoke5002.jpg,fog_smoke
C:\Users\HishamMo\Desktop\999_cs\Quantum_Inpired_PSO_Classifcation\train\fog_smoke\fog_smoke5003.jpg,fog_smoke
C:\Users\HishamMo\Desktop\999_cs\Quantum_Inpired_PSO_Classifcation\train\fog_smoke\fog_smoke5004.jpg,fog_smoke
C:\Users\HishamMo\Desktop\999_cs\Quantum_Inpired_PSO_Classifcation\train\fog_smoke\fog_smoke5005.jpg,fog_smoke
C:\Users\HishamMo\Desktop\999_cs\Quantum_Inpired_PSO_Classifcation\train\fog_smoke\fog_smoke5006.jpg,fog_smoke
C:\Users\HishamMo\Desktop\999_cs\Quantum_Inpired_PSO_Classifcation\train\fog_smoke\fog_smoke5007.jpg,fog_smoke
C:\Users\HishamMo\Desktop\999_cs\Quantum_Inpired_PSO_Classifcation\train\fog_smoke\fog_smoke5008.jpg,fog_smoke
C:\Users\HishamMo\Desktop\999_cs\Quantum_Inpired_PSO_Classifcation\train\fog_smoke\fog_smoke5009.jpg,fog_smoke
C:\Users\HishamMo\Desktop\999_cs\Quantum_Inpired_PSO_Classifcation\train\fog_smoke\fog_smoke5010.jpg,fog_smoke
C:\Users\HishamMo\Desktop\999_cs\Quantum_Inpired_PSO_Classifcation\train\fog_smoke\fog_smoke5011.jpg,fog_smoke
C:\Users\HishamMo\Desktop\999_cs\Quantum_Inpired_PSO_Classifcation\train\fog_smoke\fog_smoke5012.jpg,fog_smoke
C:\Users\HishamMo\Desktop\999_cs\Quantum_Inpired_PSO_Classifcation\train\fog_smoke\fog_smoke5013.jpg,fog_smoke
C:\Users\HishamMo\Desktop\999_cs\Quantum_Inpired_PSO_Classifcation\train\fog_smoke\fog_smoke5014.jpg,fog_smoke
C:\Users\HishamMo\Desktop\999_cs\Quantum_Inpired_PSO_Classifcation\train\fog_smoke\fog_smoke5015.jpg,fog_smoke
C:\Users\HishamMo\Desktop\999_cs\Quantum_Inpired_PSO_Classifcation\train\fog_smoke\fog_smoke5016.jpg,fog_smoke
C:\Users\HishamMo\Desktop\999_cs\Quantum_Inpired_PSO_Classifcation\train\fog_smoke\fog_smoke5017.jpg,fog_smoke
C:\Users\HishamMo\Desktop\999_cs\Quantum_Inpired_PSO_Classifcation\train\fog_smoke\fog_smoke5018.jpg,fog_smoke
C:\Users\HishamMo\Desktop\999_cs\Quantum_Inpired_PSO_Classifcation\train\fog_smoke\fog_smoke5019.jpg,fog_smoke
C:\Users\HishamMo\Desktop\999_cs\Quantum_Inpired_PSO_Classifcation\train\fog_smoke\fog_smoke5020.jpg,fog_smoke
C:\Users\HishamMo\Desktop\999_cs\Quantum_Inpired_PSO_Classifcation\train\fog_smoke\fog_smoke5021.jpg,fog_smoke
C:\Users\HishamMo\Desktop\999_cs\Quantum_Inpired_PSO_Classifcation\train\fog_smoke\fog_smoke5022.jpg,fog_smoke
C:\Users\HishamMo\Desktop\999_cs\Quantum_Inpired_PSO_Classifcation\train\fog_smoke\fog_smoke5024.jpg,fog_smoke
C:\Users\HishamMo\Desktop\999_cs\Quantum_Inpired_PSO_Classifcation\train\fog_smoke\fog_smoke5025.jpg,fog_smoke
C:\Users\HishamMo\Desktop\999_cs\Quantum_Inpired_PSO_Classifcation\train\fog_smoke\fog_smoke5026.jpg,fog_smoke
C:\Users\HishamMo\Desktop\999_cs\Quantum_Inpired_PSO_Classifcation\train\fog_smoke\fog_smoke5027.jpg,fog_smoke
C:\Users\HishamMo\Desktop\999_cs\Quantum_Inpired_PSO_Classifcation\train\fog_smoke\fog_smoke5028.jpg,fog_smoke
C:\Users\HishamMo\Desktop\999_cs\Quantum_Inpired_PSO_Classifcation\train\fog_smoke\fog_smoke5030.jpg,fog_smoke
C:\Users\HishamMo\Desktop\999_cs\Quantum_Inpired_PSO_Classifcation\train\fog_smoke\fog_smoke5031.jpg,fog_smoke
C:\Users\HishamMo\Desktop\999_cs\Quantum_Inpired_PSO_Classifcation\train\fog_smoke\fog_smoke5032.jpg,fog_smoke
C:\Users\HishamMo\Desktop\999_cs\Quantum_Inpired_PSO_Classifcation\train\fog_smoke\fog_smoke5033.jpg,fog_smoke
C:\Users\HishamMo\Desktop\999_cs\Quantum_Inpired_PSO_Classifcation\train\fog_smoke\fog_smoke5034.jpg,fog_smoke
C:\Users\HishamMo\Desktop\999_cs\Quantum_Inpired_PSO_Classifcation\train\fog_smoke\fog_smoke5035.jpg,fog_smoke
C:\Users\HishamMo\Desktop\999_cs\Quantum_Inpired_PSO_Classifcation\train\fog_smoke\fog_smoke5036.jpg,fog_smoke
C:\Users\HishamMo\Desktop\999_cs\Quantum_Inpired_PSO_Classifcation\train\fog_smoke\fog_smoke5037.jpg,fog_smoke
C:\Users\HishamMo\Desktop\999_cs\Quantum_Inpired_PSO_Classifcation\train\fog_smoke\fog_smoke5038.jpg,fog_smoke
C:\Users\HishamMo\Desktop\999_cs\Quantum_Inpired_PSO_Classifcation\train\fog_smoke\fog_smoke5039.jpg,fog_smoke
C:\Users\HishamMo\Desktop\999_cs\Quantum_Inpired_PSO_Classifcation\train\fog_smoke\fog_smoke5040.jpg,fog_smoke
C:\Users\HishamMo\Desktop\999_cs\Quantum_Inpired_PSO_Classifcation\train\fog_smoke\fog_smoke5042.jpg,fog_smoke
C:\Users\HishamMo\Desktop\999_cs\Quantum_Inpired_PSO_Classifcation\train\fog_smoke\fog_smoke5043.jpg,fog_smoke
C:\Users\HishamMo\Desktop\999_cs\Quantum_Inpired_PSO_Classifcation\train\fog_smoke\fog_smoke5044.jpg,fog_smoke
C:\Users\HishamMo\Desktop\999_cs\Quantum_Inpired_PSO_Classifcation\train\fog_smoke\fog_smoke5045.jpg,fog_smoke
C:\Users\HishamMo\Desktop\999_cs\Quantum_Inpired_PSO_Classifcation\train\fog_smoke\fog_smoke5046.jpg,fog_smoke
C:\Users\HishamMo\Desktop\999_cs\Quantum_Inpired_PSO_Classifcation\train\fog_smoke\fog_smoke5047.jpg,fog_smoke
C:\Users\HishamMo\Desktop\999_cs\Quantum_Inpired_PSO_Classifcation\train\fog_smoke\fog_smoke5048.jpg,fog_smoke
C:\Users\HishamMo\Desktop\999_cs\Quantum_Inpired_PSO_Classifcation\train\fog_smoke\fog_smoke5049.jpg,fog_smoke
C:\Users\HishamMo\Desktop\999_cs\Quantum_Inpired_PSO_Classifcation\train\fog_smoke\fog_smoke5050.jpg,fog_smoke
C:\Users\HishamMo\Desktop\999_cs\Quantum_Inpired_PSO_Classifcation\train\fog_smoke\fog_smoke5051.jpg,fog_smoke
C:\Users\HishamMo\Desktop\999_cs\Quantum_Inpired_PSO_Classifcation\train\fog_smoke\fog_smoke5052.jpg,fog_smoke
C:\Users\HishamMo\Desktop\999_cs\Quantum_Inpired_PSO_Classifcation\train\fog_smoke\fog_smoke5053.jpg,fog_smoke
C:\Users\HishamMo\Desktop\999_cs\Quantum_Inpired_PSO_Classifcation\train\fog_smoke\fog_smoke5054.jpg,fog_smoke
C:\Users\HishamMo\Desktop\999_cs\Quantum_Inpired_PSO_Classifcation\train\fog_smoke\fog_smoke5055.jpg,fog_smoke
C:\Users\HishamMo\Desktop\999_cs\Quantum_Inpired_PSO_Classifcation\train\fog_smoke\fog_smoke5056.jpg,fog_smoke
C:\Users\HishamMo\Desktop\999_cs\Quantum_Inpired_PSO_Classifcation\train\fog_smoke\fog_smoke5057.jpg,fog_smoke
C:\Users\HishamMo\Desktop\999_cs\Quantum_Inpired_PSO_Classifcation\train\fog_smoke\fog_smoke5061.jpg,fog_smoke
C:\Users\HishamMo\Desktop\999_cs\Quantum_Inpired_PSO_Classifcation\train\fog_smoke\fog_smoke5062.jpg,fog_smoke
C:\Users\HishamMo\Desktop\999_cs\Quantum_Inpired_PSO_Classifcation\train\fog_smoke\fog_smoke5063.jpg,fog_smoke
C:\Users\HishamMo\Desktop\999_cs\Quantum_Inpired_PSO_Classifcation\train\fog_smoke\fog_smoke5064.jpg,fog_smoke
C:\Users\HishamMo\Desktop\999_cs\Quantum_Inpired_PSO_Classifcation\train\fog_smoke\fog_smoke5065.jpg,fog_smoke
C:\Users\HishamMo\Desktop\999_cs\Quantum_Inpired_PSO_Classifcation\train\fog_smoke\fog_smoke5066.jpg,fog_smoke
C:\Users\HishamMo\Desktop\999_cs\Quantum_Inpired_PSO_Classifcation\train\fog_smoke\fog_smoke5067.jpg,fog_smoke
C:\Users\HishamMo\Desktop\999_cs\Quantum_Inpired_PSO_Classifcation\train\fog_smoke\fog_smoke5068.jpg,fog_smoke
C:\Users\HishamMo\Desktop\999_cs\Quantum_Inpired_PSO_Classifcation\train\fog_smoke\fog_smoke5069.jpg,fog_smoke
C:\Users\HishamMo\Desktop\999_cs\Quantum_Inpired_PSO_Classifcation\train\fog_smoke\fog_smoke5070.jpg,fog_smoke
C:\Users\HishamMo\Desktop\999_cs\Quantum_Inpired_PSO_Classifcation\train\fog_smoke\fog_smoke5072.jpg,fog_smoke
C:\Users\HishamMo\Desktop\999_cs\Quantum_Inpired_PSO_Classifcation\train\fog_smoke\fog_smoke5073.jpg,fog_smoke
C:\Users\HishamMo\Desktop\999_cs\Quantum_Inpired_PSO_Classifcation\train\fog_smoke\fog_smoke5074.jpg,fog_smoke
C:\Users\HishamMo\Desktop\999_cs\Quantum_Inpired_PSO_Classifcation\train\fog_smoke\fog_smoke5075.jpg,fog_smoke
C:\Users\HishamMo\Desktop\999_cs\Quantum_Inpired_PSO_Classifcation\train\fog_smoke\fog_smoke5076.jpg,fog_smoke
C:\Users\HishamMo\Desktop\999_cs\Quantum_Inpired_PSO_Classifcation\train\fog_smoke\fog_smoke5077.jpg,fog_smoke
C:\Users\HishamMo\Desktop\999_cs\Quantum_Inpired_PSO_Classifcation\train\fog_smoke\fog_smoke5078.jpg,fog_smoke
C:\Users\HishamMo\Desktop\999_cs\Quantum_Inpired_PSO_Classifcation\train\fog_smoke\fog_smoke5079.jpg,fog_smoke
C:\Users\HishamMo\Desktop\999_cs\Quantum_Inpired_PSO_Classifcation\train\fog_smoke\fog_smoke5080.jpg,fog_smoke
C:\Users\HishamMo\Desktop\999_cs\Quantum_Inpired_PSO_Classifcation\train\fog_smoke\fog_smoke5081.jpg,fog_smoke
C:\Users\HishamMo\Desktop\999_cs\Quantum_Inpired_PSO_Classifcation\train\fog_smoke\fog_smoke5083.jpg,fog_smoke
C:\Users\HishamMo\Desktop\999_cs\Quantum_Inpired_PSO_Classifcation\train\fog_smoke\fog_smoke5086.jpg,fog_smoke
C:\Users\HishamMo\Desktop\999_cs\Quantum_Inpired_PSO_Classifcation\train\fog_smoke\fog_smoke5087.jpg,fog_smoke
C:\Users\HishamMo\Desktop\999_cs\Quantum_Inpired_PSO_Classifcation\train\fog_smoke\fog_smoke5089.jpg,fog_smoke
C:\Users\HishamMo\Desktop\999_cs\Quantum_Inpired_PSO_Classifcation\train\fog_smoke\fog_smoke5090.jpg,fog_smoke
C:\Users\HishamMo\Desktop\999_cs\Quantum_Inpired_PSO_Classifcation\train\fog_smoke\fog_smoke5091.jpg,fog_smoke
C:\Users\HishamMo\Desktop\999_cs\Quantum_Inpired_PSO_Classifcation\train\fog_smoke\fog_smoke5093.jpg,fog_smoke
C:\Users\HishamMo\Desktop\999_cs\Quantum_Inpired_PSO_Classifcation\train\fog_smoke\fog_smoke5095.jpg,fog_smoke
C:\Users\HishamMo\Desktop\999_cs\Quantum_Inpired_PSO_Classifcation\train\fog_smoke\fog_smoke5096.jpg,fog_smoke
C:\Users\HishamMo\Desktop\999_cs\Quantum_Inpired_PSO_Classifcation\train\fog_smoke\fog_smoke5097.jpg,fog_smoke
C:\Users\HishamMo\Desktop\999_cs\Quantum_Inpired_PSO_Classifcation\train\fog_smoke\fog_smoke5098.jpg,fog_smoke
C:\Users\HishamMo\Desktop\999_cs\Quantum_Inpired_PSO_Classifcation\train\fog_smoke\fog_smoke5099.jpg,fog_smoke
C:\Users\HishamMo\Desktop\999_cs\Quantum_Inpired_PSO_Classifcation\train\fog_smoke\fog_smoke5100.jpg,fog_smoke
C:\Users\HishamMo\Desktop\999_cs\Quantum_Inpired_PSO_Classifcation\train\fog_smoke\fog_smoke5104.jpg,fog_smoke
C:\Users\HishamMo\Desktop\999_cs\Quantum_Inpired_PSO_Classifcation\train\fog_smoke\fog_smoke5105.jpg,fog_smoke
C:\Users\HishamMo\Desktop\999_cs\Quantum_Inpired_PSO_Classifcation\train\fog_smoke\fog_smoke5106.jpg,fog_smoke
C:\Users\HishamMo\Desktop\999_cs\Quantum_Inpired_PSO_Classifcation\train\fog_smoke\fog_smoke5107.jpg,fog_smoke
C:\Users\HishamMo\Desktop\999_cs\Quantum_Inpired_PSO_Classifcation\train\fog_smoke\fog_smoke5108.jpg,fog_smoke
C:\Users\HishamMo\Desktop\999_cs\Quantum_Inpired_PSO_Classifcation\train\fog_smoke\fog_smoke5109.jpg,fog_smoke
C:\Users\HishamMo\Desktop\999_cs\Quantum_Inpired_PSO_Classifcation\train\fog_smoke\fog_smoke5110.jpg,fog_smoke
C:\Users\HishamMo\Desktop\999_cs\Quantum_Inpired_PSO_Classifcation\train\fog_smoke\fog_smoke5112.jpg,fog_smoke
C:\Users\HishamMo\Desktop\999_cs\Quantum_Inpired_PSO_Classifcation\train\fog_smoke\fog_smoke5114.jpg,fog_smoke
C:\Users\HishamMo\Desktop\999_cs\Quantum_Inpired_PSO_Classifcation\train\fog_smoke\fog_smoke5115.jpg,fog_smoke
C:\Users\HishamMo\Desktop\999_cs\Quantum_Inpired_PSO_Classifcation\train\fog_smoke\fog_smoke5116.jpg,fog_smoke
C:\Users\HishamMo\Desktop\999_cs\Quantum_Inpired_PSO_Classifcation\train\fog_smoke\fog_smoke5117.jpg,fog_smoke
C:\Users\HishamMo\Desktop\999_cs\Quantum_Inpired_PSO_Classifcation\train\fog_smoke\fog_smoke5118.jpg,fog_smoke
C:\Users\HishamMo\Desktop\999_cs\Quantum_Inpired_PSO_Classifcation\train\fog_smoke\fog_smoke5119.jpg,fog_smoke
C:\Users\HishamMo\Desktop\999_cs\Quantum_Inpired_PSO_Classifcation\train\fog_smoke\fog_smoke5120.jpg,fog_smoke
C:\Users\HishamMo\Desktop\999_cs\Quantum_Inpired_PSO_Classifcation\train\fog_smoke\fog_smoke5121.jpg,fog_smoke
C:\Users\HishamMo\Desktop\999_cs\Quantum_Inpired_PSO_Classifcation\train\fog_smoke\fog_smoke5122.jpg,fog_smoke
C:\Users\HishamMo\Desktop\999_cs\Quantum_Inpired_PSO_Classifcation\train\fog_smoke\fog_smoke5123.jpg,fog_smoke
C:\Users\HishamMo\Desktop\999_cs\Quantum_Inpired_PSO_Classifcation\train\fog_smoke\fog_smoke5124.jpg,fog_smoke
C:\Users\HishamMo\Desktop\999_cs\Quantum_Inpired_PSO_Classifcation\train\fog_smoke\fog_smoke5125.jpg,fog_smoke
C:\Users\HishamMo\Desktop\999_cs\Quantum_Inpired_PSO_Classifcation\train\fog_smoke\fog_smoke5126.jpg,fog_smoke
C:\Users\HishamMo\Desktop\999_cs\Quantum_Inpired_PSO_Classifcation\train\fog_smoke\fog_smoke5127.jpg,fog_smoke
C:\Users\HishamMo\Desktop\999_cs\Quantum_Inpired_PSO_Classifcation\train\fog_smoke\fog_smoke5130.jpg,fog_smoke
C:\Users\HishamMo\Desktop\999_cs\Quantum_Inpired_PSO_Classifcation\train\fog_smoke\fog_smoke5131.jpg,fog_smoke
C:\Users\HishamMo\Desktop\999_cs\Quantum_Inpired_PSO_Classifcation\train\fog_smoke\fog_smoke5132.jpg,fog_smoke
C:\Users\HishamMo\Desktop\999_cs\Quantum_Inpired_PSO_Classifcation\train\fog_smoke\fog_smoke5133.jpg,fog_smoke
C:\Users\HishamMo\Desktop\999_cs\Quantum_Inpired_PSO_Classifcation\train\fog_smoke\fog_smoke5134.jpg,fog_smoke
C:\Users\HishamMo\Desktop\999_cs\Quantum_Inpired_PSO_Classifcation\train\fog_smoke\fog_smoke5136.jpg,fog_smoke
C:\Users\HishamMo\Desktop\999_cs\Quantum_Inpired_PSO_Classifcation\train\fog_smoke\fog_smoke5137.jpg,fog_smoke
C:\Users\HishamMo\Desktop\999_cs\Quantum_Inpired_PSO_Classifcation\train\fog_smoke\fog_smoke5138.jpg,fog_smoke
C:\Users\HishamMo\Desktop\999_cs\Quantum_Inpired_PSO_Classifcation\train\fog_smoke\fog_smoke5139.jpg,fog_smoke
C:\Users\HishamMo\Desktop\999_cs\Quantum_Inpired_PSO_Classifcation\train\fog_smoke\fog_smoke5141.jpg,fog_smoke
C:\Users\HishamMo\Desktop\999_cs\Quantum_Inpired_PSO_Classifcation\train\fog_smoke\fog_smoke5142.jpg,fog_smoke
C:\Users\HishamMo\Desktop\999_cs\Quantum_Inpired_PSO_Classifcation\train\fog_smoke\fog_smoke5143.jpg,fog_smoke
C:\Users\HishamMo\Desktop\999_cs\Quantum_Inpired_PSO_Classifcation\train\fog_smoke\fog_smoke5144.jpg,fog_smoke
C:\Users\HishamMo\Desktop\999_cs\Quantum_Inpired_PSO_Classifcation\train\fog_smoke\fog_smoke5145.jpg,fog_smoke
C:\Users\HishamMo\Desktop\999_cs\Quantum_Inpired_PSO_Classifcation\train\fog_smoke\fog_smoke5148.jpg,fog_smoke
C:\Users\HishamMo\Desktop\999_cs\Quantum_Inpired_PSO_Classifcation\train\fog_smoke\fog_smoke5149.jpg,fog_smoke
C:\Users\HishamMo\Desktop\999_cs\Quantum_Inpired_PSO_Classifcation\train\fog_smoke\fog_smoke5150.jpg,fog_smoke
C:\Users\HishamMo\Desktop\999_cs\Quantum_Inpired_PSO_Classifcation\train\fog_smoke\fog_smoke5151.jpg,fog_smoke
C:\Users\HishamMo\Desktop\999_cs\Quantum_Inpired_PSO_Classifcation\train\fog_smoke\fog_smoke5152.jpg,fog_smoke
C:\Users\HishamMo\Desktop\999_cs\Quantum_Inpired_PSO_Classifcation\train\fog_smoke\fog_smoke5153.jpg,fog_smoke
C:\Users\HishamMo\Desktop\999_cs\Quantum_Inpired_PSO_Classifcation\train\fog_smoke\fog_smoke5156.jpg,fog_smoke
C:\Users\HishamMo\Desktop\999_cs\Quantum_Inpired_PSO_Classifcation\train\fog_smoke\fog_smoke5159.jpg,fog_smoke
C:\Users\HishamMo\Desktop\999_cs\Quantum_Inpired_PSO_Classifcation\train\fog_smoke\fog_smoke5161.jpg,fog_smoke
C:\Users\HishamMo\Desktop\999_cs\Quantum_Inpired_PSO_Classifcation\train\fog_smoke\fog_smoke5162.jpg,fog_smoke
C:\Users\HishamMo\Desktop\999_cs\Quantum_Inpired_PSO_Classifcation\train\fog_smoke\fog_smoke5163.jpg,fog_smoke
C:\Users\HishamMo\Desktop\999_cs\Quantum_Inpired_PSO_Classifcation\train\fog_smoke\fog_smoke5165.jpg,fog_smoke
C:\Users\HishamMo\Desktop\999_cs\Quantum_Inpired_PSO_Classifcation\train\fog_smoke\fog_smoke5166.jpg,fog_smoke
C:\Users\HishamMo\Desktop\999_cs\Quantum_Inpired_PSO_Classifcation\train\fog_smoke\fog_smoke5168.jpg,fog_smoke
C:\Users\HishamMo\Desktop\999_cs\Quantum_Inpired_PSO_Classifcation\train\fog_smoke\fog_smoke5169.jpg,fog_smoke
C:\Users\HishamMo\Desktop\999_cs\Quantum_Inpired_PSO_Classifcation\train\fog_smoke\fog_smoke5170.jpg,fog_smoke
C:\Users\HishamMo\Desktop\999_cs\Quantum_Inpired_PSO_Classifcation\train\fog_smoke\fog_smoke5171.jpg,fog_smoke
C:\Users\HishamMo\Desktop\999_cs\Quantum_Inpired_PSO_Classifcation\train\fog_smoke\fog_smoke5172.jpg,fog_smoke
C:\Users\HishamMo\Desktop\999_cs\Quantum_Inpired_PSO_Classifcation\train\fog_smoke\fog_smoke5173.jpg,fog_smoke
C:\Users\HishamMo\Desktop\999_cs\Quantum_Inpired_PSO_Classifcation\train\fog_smoke\fog_smoke5174.jpg,fog_smoke
C:\Users\HishamMo\Desktop\999_cs\Quantum_Inpired_PSO_Classifcation\train\fog_smoke\fog_smoke5175.jpg,fog_smoke
C:\Users\HishamMo\Desktop\999_cs\Quantum_Inpired_PSO_Classifcation\train\fog_smoke\fog_smoke5176.jpg,fog_smoke
C:\Users\HishamMo\Desktop\999_cs\Quantum_Inpired_PSO_Classifcation\train\fog_smoke\fog_smoke5177.jpg,fog_smoke
C:\Users\HishamMo\Desktop\999_cs\Quantum_Inpired_PSO_Classifcation\train\fog_smoke\fog_smoke5178.jpg,fog_smoke
C:\Users\HishamMo\Desktop\999_cs\Quantum_Inpired_PSO_Classifcation\train\fog_smoke\fog_smoke5180.jpg,fog_smoke
C:\Users\HishamMo\Desktop\999_cs\Quantum_Inpired_PSO_Classifcation\train\fog_smoke\fog_smoke5181.jpg,fog_smoke
C:\Users\HishamMo\Desktop\999_cs\Quantum_Inpired_PSO_Classifcation\train\fog_smoke\fog_smoke5182.jpg,fog_smoke
C:\Users\HishamMo\Desktop\999_cs\Quantum_Inpired_PSO_Classifcation\train\fog_smoke\fog_smoke5184.jpg,fog_smoke
C:\Users\HishamMo\Desktop\999_cs\Quantum_Inpired_PSO_Classifcation\train\fog_smoke\fog_smoke5186.jpg,fog_smoke
C:\Users\HishamMo\Desktop\999_cs\Quantum_Inpired_PSO_Classifcation\train\fog_smoke\fog_smoke5188.jpg,fog_smoke
C:\Users\HishamMo\Desktop\999_cs\Quantum_Inpired_PSO_Classifcation\train\fog_smoke\fog_smoke5189.jpg,fog_smoke
C:\Users\HishamMo\Desktop\999_cs\Quantum_Inpired_PSO_Classifcation\train\fog_smoke\fog_smoke5190.jpg,fog_smoke
C:\Users\HishamMo\Desktop\999_cs\Quantum_Inpired_PSO_Classifcation\train\fog_smoke\fog_smoke5191.jpg,fog_smoke
C:\Users\HishamMo\Desktop\999_cs\Quantum_Inpired_PSO_Classifcation\train\fog_smoke\fog_smoke5192.jpg,fog_smoke
C:\Users\HishamMo\Desktop\999_cs\Quantum_Inpired_PSO_Classifcation\train\fog_smoke\fog_smoke5194.jpg,fog_smoke
C:\Users\HishamMo\Desktop\999_cs\Quantum_Inpired_PSO_Classifcation\train\fog_smoke\fog_smoke5196.jpg,fog_smoke
C:\Users\HishamMo\Desktop\999_cs\Quantum_Inpired_PSO_Classifcation\train\fog_smoke\fog_smoke5197.jpg,fog_smoke
C:\Users\HishamMo\Desktop\999_cs\Quantum_Inpired_PSO_Classifcation\train\fog_smoke\fog_smoke5199.jpg,fog_smoke
C:\Users\HishamMo\Desktop\999_cs\Quantum_Inpired_PSO_Classifcation\train\fog_smoke\fog_smoke5201.jpg,fog_smoke
C:\Users\HishamMo\Desktop\999_cs\Quantum_Inpired_PSO_Classifcation\train\fog_smoke\fog_smoke5203.jpg,fog_smoke
C:\Users\HishamMo\Desktop\999_cs\Quantum_Inpired_PSO_Classifcation\train\fog_smoke\fog_smoke5204.jpg,fog_smoke
C:\Users\HishamMo\Desktop\999_cs\Quantum_Inpired_PSO_Classifcation\train\fog_smoke\fog_smoke5205.jpg,fog_smoke
C:\Users\HishamMo\Desktop\999_cs\Quantum_Inpired_PSO_Classifcation\train\fog_smoke\fog_smoke5206.jpg,fog_smoke
C:\Users\HishamMo\Desktop\999_cs\Quantum_Inpired_PSO_Classifcation\train\fog_smoke\fog_smoke5207.jpg,fog_smoke
C:\Users\HishamMo\Desktop\999_cs\Quantum_Inpired_PSO_Classifcation\train\fog_smoke\fog_smoke5208.jpg,fog_smoke
C:\Users\HishamMo\Desktop\999_cs\Quantum_Inpired_PSO_Classifcation\train\fog_smoke\fog_smoke5211.jpg,fog_smoke
C:\Users\HishamMo\Desktop\999_cs\Quantum_Inpired_PSO_Classifcation\train\fog_smoke\fog_smoke5212.jpg,fog_smoke
C:\Users\HishamMo\Desktop\999_cs\Quantum_Inpired_PSO_Classifcation\train\fog_smoke\fog_smoke5213.jpg,fog_smoke
C:\Users\HishamMo\Desktop\999_cs\Quantum_Inpired_PSO_Classifcation\train\fog_smoke\fog_smoke5214.jpg,fog_smoke
C:\Users\HishamMo\Desktop\999_cs\Quantum_Inpired_PSO_Classifcation\train\fog_smoke\fog_smoke5215.jpg,fog_smoke
C:\Users\HishamMo\Desktop\999_cs\Quantum_Inpired_PSO_Classifcation\train\fog_smoke\fog_smoke5216.jpg,fog_smoke
C:\Users\HishamMo\Desktop\999_cs\Quantum_Inpired_PSO_Classifcation\train\fog_smoke\fog_smoke5218.jpg,fog_smoke
C:\Users\HishamMo\Desktop\999_cs\Quantum_Inpired_PSO_Classifcation\train\fog_smoke\fog_smoke5219.jpg,fog_smoke
C:\Users\HishamMo\Desktop\999_cs\Quantum_Inpired_PSO_Classifcation\train\fog_smoke\fog_smoke5220.jpg,fog_smoke
C:\Users\HishamMo\Desktop\999_cs\Quantum_Inpired_PSO_Classifcation\train\fog_smoke\fog_smoke5223.jpg,fog_smoke
C:\Users\HishamMo\Desktop\999_cs\Quantum_Inpired_PSO_Classifcation\train\fog_smoke\fog_smoke5224.jpg,fog_smoke
C:\Users\HishamMo\Desktop\999_cs\Quantum_Inpired_PSO_Classifcation\train\fog_smoke\fog_smoke5225.jpg,fog_smoke
C:\Users\HishamMo\Desktop\999_cs\Quantum_Inpired_PSO_Classifcation\train\fog_smoke\fog_smoke5226.jpg,fog_smoke
C:\Users\HishamMo\Desktop\999_cs\Quantum_Inpired_PSO_Classifcation\train\fog_smoke\fog_smoke5227.jpg,fog_smoke
C:\Users\HishamMo\Desktop\999_cs\Quantum_Inpired_PSO_Classifcation\train\fog_smoke\fog_smoke5228.jpg,fog_smoke
C:\Users\HishamMo\Desktop\999_cs\Quantum_Inpired_PSO_Classifcation\train\fog_smoke\fog_smoke5230.jpg,fog_smoke
C:\Users\HishamMo\Desktop\999_cs\Quantum_Inpired_PSO_Classifcation\train\fog_smoke\fog_smoke5231.jpg,fog_smoke
C:\Users\HishamMo\Desktop\999_cs\Quantum_Inpired_PSO_Classifcation\train\fog_smoke\fog_smoke5234.jpg,fog_smoke
C:\Users\HishamMo\Desktop\999_cs\Quantum_Inpired_PSO_Classifcation\train\fog_smoke\fog_smoke5235.jpg,fog_smoke
C:\Users\HishamMo\Desktop\999_cs\Quantum_Inpired_PSO_Classifcation\train\fog_smoke\fog_smoke5236.jpg,fog_smoke
C:\Users\HishamMo\Desktop\999_cs\Quantum_Inpired_PSO_Classifcation\train\fog_smoke\fog_smoke5237.jpg,fog_smoke
C:\Users\HishamMo\Desktop\999_cs\Quantum_Inpired_PSO_Classifcation\train\fog_smoke\fog_smoke5238.jpg,fog_smoke
C:\Users\HishamMo\Desktop\999_cs\Quantum_Inpired_PSO_Classifcation\train\fog_smoke\fog_smoke5239.jpg,fog_smoke
C:\Users\HishamMo\Desktop\999_cs\Quantum_Inpired_PSO_Classifcation\train\fog_smoke\fog_smoke5240.jpg,fog_smoke
C:\Users\HishamMo\Desktop\999_cs\Quantum_Inpired_PSO_Classifcation\train\fog_smoke\fog_smoke5241.jpg,fog_smoke
C:\Users\HishamMo\Desktop\999_cs\Quantum_Inpired_PSO_Classifcation\train\fog_smoke\fog_smoke5242.jpg,fog_smoke
C:\Users\HishamMo\Desktop\999_cs\Quantum_Inpired_PSO_Classifcation\train\fog_smoke\fog_smoke5243.jpg,fog_smoke
C:\Users\HishamMo\Desktop\999_cs\Quantum_Inpired_PSO_Classifcation\train\fog_smoke\fog_smoke5244.jpg,fog_smoke
C:\Users\HishamMo\Desktop\999_cs\Quantum_Inpired_PSO_Classifcation\train\fog_smoke\fog_smoke5245.jpg,fog_smoke
C:\Users\HishamMo\Desktop\999_cs\Quantum_Inpired_PSO_Classifcation\train\fog_smoke\fog_smoke5246.jpg,fog_smoke
C:\Users\HishamMo\Desktop\999_cs\Quantum_Inpired_PSO_Classifcation\train\fog_smoke\fog_smoke5247.jpg,fog_smoke
C:\Users\HishamMo\Desktop\999_cs\Quantum_Inpired_PSO_Classifcation\train\fog_smoke\fog_smoke5248.jpg,fog_smoke
C:\Users\HishamMo\Desktop\999_cs\Quantum_Inpired_PSO_Classifcation\train\fog_smoke\fog_smoke5249.jpg,fog_smoke
C:\Users\HishamMo\Desktop\999_cs\Quantum_Inpired_PSO_Classifcation\train\fog_smoke\fog_smoke5250.jpg,fog_smoke
C:\Users\HishamMo\Desktop\999_cs\Quantum_Inpired_PSO_Classifcation\train\fog_smoke\fog_smoke5251.jpg,fog_smoke
C:\Users\HishamMo\Desktop\999_cs\Quantum_Inpired_PSO_Classifcation\train\fog_smoke\fog_smoke5252.jpg,fog_smoke
C:\Users\HishamMo\Desktop\999_cs\Quantum_Inpired_PSO_Classifcation\train\fog_smoke\fog_smoke5253.jpg,fog_smoke
C:\Users\HishamMo\Desktop\999_cs\Quantum_Inpired_PSO_Classifcation\train\fog_smoke\fog_smoke5254.jpg,fog_smoke
C:\Users\HishamMo\Desktop\999_cs\Quantum_Inpired_PSO_Classifcation\train\fog_smoke\fog_smoke5255.jpg,fog_smoke
C:\Users\HishamMo\Desktop\999_cs\Quantum_Inpired_PSO_Classifcation\train\fog_smoke\fog_smoke5257.jpg,fog_smoke
C:\Users\HishamMo\Desktop\999_cs\Quantum_Inpired_PSO_Classifcation\train\fog_smoke\fog_smoke5258.jpg,fog_smoke
C:\Users\HishamMo\Desktop\999_cs\Quantum_Inpired_PSO_Classifcation\train\fog_smoke\fog_smoke5259.jpg,fog_smoke
C:\Users\HishamMo\Desktop\999_cs\Quantum_Inpired_PSO_Classifcation\train\fog_smoke\fog_smoke5260.jpg,fog_smoke
C:\Users\HishamMo\Desktop\999_cs\Quantum_Inpired_PSO_Classifcation\train\fog_smoke\fog_smoke5261.jpg,fog_smoke
C:\Users\HishamMo\Desktop\999_cs\Quantum_Inpired_PSO_Classifcation\train\fog_smoke\fog_smoke5262.jpg,fog_smoke
C:\Users\HishamMo\Desktop\999_cs\Quantum_Inpired_PSO_Classifcation\train\fog_smoke\fog_smoke5263.jpg,fog_smoke
C:\Users\HishamMo\Desktop\999_cs\Quantum_Inpired_PSO_Classifcation\train\fog_smoke\fog_smoke5265.jpg,fog_smoke
C:\Users\HishamMo\Desktop\999_cs\Quantum_Inpired_PSO_Classifcation\train\fog_smoke\fog_smoke5266.jpg,fog_smoke
C:\Users\HishamMo\Desktop\999_cs\Quantum_Inpired_PSO_Classifcation\train\fog_smoke\fog_smoke5268.jpg,fog_smoke
C:\Users\HishamMo\Desktop\999_cs\Quantum_Inpired_PSO_Classifcation\train\fog_smoke\fog_smoke5269.jpg,fog_smoke
C:\Users\HishamMo\Desktop\999_cs\Quantum_Inpired_PSO_Classifcation\train\fog_smoke\fog_smoke5270.jpg,fog_smoke
C:\Users\HishamMo\Desktop\999_cs\Quantum_Inpired_PSO_Classifcation\train\fog_smoke\fog_smoke5271.jpg,fog_smoke
C:\Users\HishamMo\Desktop\999_cs\Quantum_Inpired_PSO_Classifcation\train\fog_smoke\fog_smoke5273.jpg,fog_smoke
C:\Users\HishamMo\Desktop\999_cs\Quantum_Inpired_PSO_Classifcation\train\fog_smoke\fog_smoke5274.jpg,fog_smoke
C:\Users\HishamMo\Desktop\999_cs\Quantum_Inpired_PSO_Classifcation\train\fog_smoke\fog_smoke5275.jpg,fog_smoke
C:\Users\HishamMo\Desktop\999_cs\Quantum_Inpired_PSO_Classifcation\train\fog_smoke\fog_smoke5276.jpg,fog_smoke
C:\Users\HishamMo\Desktop\999_cs\Quantum_Inpired_PSO_Classifcation\train\fog_smoke\fog_smoke5278.jpg,fog_smoke
C:\Users\HishamMo\Desktop\999_cs\Quantum_Inpired_PSO_Classifcation\train\fog_smoke\fog_smoke5279.jpg,fog_smoke
C:\Users\HishamMo\Desktop\999_cs\Quantum_Inpired_PSO_Classifcation\train\fog_smoke\fog_smoke5280.jpg,fog_smoke
C:\Users\HishamMo\Desktop\999_cs\Quantum_Inpired_PSO_Classifcation\train\fog_smoke\fog_smoke5281.jpg,fog_smoke
C:\Users\HishamMo\Desktop\999_cs\Quantum_Inpired_PSO_Classifcation\train\fog_smoke\fog_smoke5282.jpg,fog_smoke
C:\Users\HishamMo\Desktop\999_cs\Quantum_Inpired_PSO_Classifcation\train\fog_smoke\fog_smoke5284.jpg,fog_smoke
C:\Users\HishamMo\Desktop\999_cs\Quantum_Inpired_PSO_Classifcation\train\fog_smoke\fog_smoke5285.jpg,fog_smoke
C:\Users\HishamMo\Desktop\999_cs\Quantum_Inpired_PSO_Classifcation\train\fog_smoke\fog_smoke5286.jpg,fog_smoke
C:\Users\HishamMo\Desktop\999_cs\Quantum_Inpired_PSO_Classifcation\train\fog_smoke\fog_smoke5288.jpg,fog_smoke
C:\Users\HishamMo\Desktop\999_cs\Quantum_Inpired_PSO_Classifcation\train\fog_smoke\fog_smoke5291.jpg,fog_smoke
C:\Users\HishamMo\Desktop\999_cs\Quantum_Inpired_PSO_Classifcation\train\fog_smoke\fog_smoke5292.jpg,fog_smoke
C:\Users\HishamMo\Desktop\999_cs\Quantum_Inpired_PSO_Classifcation\train\fog_smoke\fog_smoke5294.jpg,fog_smoke
C:\Users\HishamMo\Desktop\999_cs\Quantum_Inpired_PSO_Classifcation\train\fog_smoke\fog_smoke5295.jpg,fog_smoke
C:\Users\HishamMo\Desktop\999_cs\Quantum_Inpired_PSO_Classifcation\train\fog_smoke\fog_smoke5297.jpg,fog_smoke
C:\Users\HishamMo\Desktop\999_cs\Quantum_Inpired_PSO_Classifcation\train\fog_smoke\fog_smoke5299.jpg,fog_smoke
C:\Users\HishamMo\Desktop\999_cs\Quantum_Inpired_PSO_Classifcation\train\fog_smoke\fog_smoke5300.jpg,fog_smoke
C:\Users\HishamMo\Desktop\999_cs\Quantum_Inpired_PSO_Classifcation\train\fog_smoke\fog_smoke5301.jpg,fog_smoke
C:\Users\HishamMo\Desktop\999_cs\Quantum_Inpired_PSO_Classifcation\train\fog_smoke\fog_smoke5302.jpg,fog_smoke
C:\Users\HishamMo\Desktop\999_cs\Quantum_Inpired_PSO_Classifcation\train\fog_smoke\fog_smoke5303.jpg,fog_smoke
C:\Users\HishamMo\Desktop\999_cs\Quantum_Inpired_PSO_Classifcation\train\fog_smoke\fog_smoke5305.jpg,fog_smoke
C:\Users\HishamMo\Desktop\999_cs\Quantum_Inpired_PSO_Classifcation\train\fog_smoke\fog_smoke5306.jpg,fog_smoke
C:\Users\HishamMo\Desktop\999_cs\Quantum_Inpired_PSO_Classifcation\train\fog_smoke\fog_smoke5307.jpg,fog_smoke
C:\Users\HishamMo\Desktop\999_cs\Quantum_Inpired_PSO_Classifcation\train\fog_smoke\fog_smoke5308.jpg,fog_smoke
C:\Users\HishamMo\Desktop\999_cs\Quantum_Inpired_PSO_Classifcation\train\fog_smoke\fog_smoke5309.jpg,fog_smoke
C:\Users\HishamMo\Desktop\999_cs\Quantum_Inpired_PSO_Classifcation\train\fog_smoke\fog_smoke5310.jpg,fog_smoke
C:\Users\HishamMo\Desktop\999_cs\Quantum_Inpired_PSO_Classifcation\train\fog_smoke\fog_smoke5311.jpg,fog_smoke
C:\Users\HishamMo\Desktop\999_cs\Quantum_Inpired_PSO_Classifcation\train\fog_smoke\fog_smoke5312.jpg,fog_smoke
C:\Users\HishamMo\Desktop\999_cs\Quantum_Inpired_PSO_Classifcation\train\fog_smoke\fog_smoke5313.jpg,fog_smoke
C:\Users\HishamMo\Desktop\999_cs\Quantum_Inpired_PSO_Classifcation\train\fog_smoke\fog_smoke5314.jpg,fog_smoke
C:\Users\HishamMo\Desktop\999_cs\Quantum_Inpired_PSO_Classifcation\train\fog_smoke\fog_smoke5315.jpg,fog_smoke
C:\Users\HishamMo\Desktop\999_cs\Quantum_Inpired_PSO_Classifcation\train\fog_smoke\fog_smoke5317.jpg,fog_smoke
C:\Users\HishamMo\Desktop\999_cs\Quantum_Inpired_PSO_Classifcation\train\fog_smoke\fog_smoke5319.jpg,fog_smoke
C:\Users\HishamMo\Desktop\999_cs\Quantum_Inpired_PSO_Classifcation\train\fog_smoke\fog_smoke5321.jpg,fog_smoke
C:\Users\HishamMo\Desktop\999_cs\Quantum_Inpired_PSO_Classifcation\train\fog_smoke\fog_smoke5322.jpg,fog_smoke
C:\Users\HishamMo\Desktop\999_cs\Quantum_Inpired_PSO_Classifcation\train\fog_smoke\fog_smoke5324.jpg,fog_smoke
C:\Users\HishamMo\Desktop\999_cs\Quantum_Inpired_PSO_Classifcation\train\fog_smoke\fog_smoke5325.jpg,fog_smoke
C:\Users\HishamMo\Desktop\999_cs\Quantum_Inpired_PSO_Classifcation\train\fog_smoke\fog_smoke5326.jpg,fog_smoke
C:\Users\HishamMo\Desktop\999_cs\Quantum_Inpired_PSO_Classifcation\train\fog_smoke\fog_smoke5327.jpg,fog_smoke
C:\Users\HishamMo\Desktop\999_cs\Quantum_Inpired_PSO_Classifcation\train\fog_smoke\fog_smoke5328.jpg,fog_smoke
C:\Users\HishamMo\Desktop\999_cs\Quantum_Inpired_PSO_Classifcation\train\fog_smoke\fog_smoke5329.jpg,fog_smoke
C:\Users\HishamMo\Desktop\999_cs\Quantum_Inpired_PSO_Classifcation\train\fog_smoke\fog_smoke5331.jpg,fog_smoke
C:\Users\HishamMo\Desktop\999_cs\Quantum_Inpired_PSO_Classifcation\train\fog_smoke\fog_smoke5334.jpg,fog_smoke
C:\Users\HishamMo\Desktop\999_cs\Quantum_Inpired_PSO_Classifcation\train\fog_smoke\fog_smoke5335.jpg,fog_smoke
C:\Users\HishamMo\Desktop\999_cs\Quantum_Inpired_PSO_Classifcation\train\fog_smoke\fog_smoke5336.jpg,fog_smoke
C:\Users\HishamMo\Desktop\999_cs\Quantum_Inpired_PSO_Classifcation\train\fog_smoke\fog_smoke5337.jpg,fog_smoke
C:\Users\HishamMo\Desktop\999_cs\Quantum_Inpired_PSO_Classifcation\train\fog_smoke\fog_smoke5338.jpg,fog_smoke
C:\Users\HishamMo\Desktop\999_cs\Quantum_Inpired_PSO_Classifcation\train\fog_smoke\fog_smoke5339.jpg,fog_smoke
C:\Users\HishamMo\Desktop\999_cs\Quantum_Inpired_PSO_Classifcation\train\fog_smoke\fog_smoke5340.jpg,fog_smoke
C:\Users\HishamMo\Desktop\999_cs\Quantum_Inpired_PSO_Classifcation\train\fog_smoke\fog_smoke5341.jpg,fog_smoke
C:\Users\HishamMo\Desktop\999_cs\Quantum_Inpired_PSO_Classifcation\train\fog_smoke\fog_smoke5342.jpg,fog_smoke
C:\Users\HishamMo\Desktop\999_cs\Quantum_Inpired_PSO_Classifcation\train\fog_smoke\fog_smoke5343.jpg,fog_smoke
C:\Users\HishamMo\Desktop\999_cs\Quantum_Inpired_PSO_Classifcation\train\fog_smoke\fog_smoke5344.jpg,fog_smoke
C:\Users\HishamMo\Desktop\999_cs\Quantum_Inpired_PSO_Classifcation\train\fog_smoke\fog_smoke5345.jpg,fog_smoke
C:\Users\HishamMo\Desktop\999_cs\Quantum_Inpired_PSO_Classifcation\train\fog_smoke\fog_smoke5346.jpg,fog_smoke
C:\Users\HishamMo\Desktop\999_cs\Quantum_Inpired_PSO_Classifcation\train\fog_smoke\fog_smoke5347.jpg,fog_smoke
