image_path,label
C:\Users\HishamMo\Desktop\999_cs\Quantum_Inpired_PSO_Classifcation\train\smoke\smoke0000.jpg,smoke
C:\Users\HishamMo\Desktop\999_cs\Quantum_Inpired_PSO_Classifcation\train\smoke\smoke0001.jpg,smoke
C:\Users\HishamMo\Desktop\999_cs\Quantum_Inpired_PSO_Classifcation\train\smoke\smoke0003.jpg,smoke
C:\Users\HishamMo\Desktop\999_cs\Quantum_Inpired_PSO_Classifcation\train\smoke\smoke0004.jpg,smoke
C:\Users\HishamMo\Desktop\999_cs\Quantum_Inpired_PSO_Classifcation\train\smoke\smoke0005.jpg,smoke
C:\Users\HishamMo\Desktop\999_cs\Quantum_Inpired_PSO_Classifcation\train\smoke\smoke0007.jpg,smoke
C:\Users\HishamMo\Desktop\999_cs\Quantum_Inpired_PSO_Classifcation\train\smoke\smoke0008.jpg,smoke
C:\Users\HishamMo\Desktop\999_cs\Quantum_Inpired_PSO_Classifcation\train\smoke\smoke0009.jpg,smoke
C:\Users\HishamMo\Desktop\999_cs\Quantum_Inpired_PSO_Classifcation\train\smoke\smoke0010.jpg,smoke
C:\Users\HishamMo\Desktop\999_cs\Quantum_Inpired_PSO_Classifcation\train\smoke\smoke0011.jpg,smoke
C:\Users\HishamMo\Desktop\999_cs\Quantum_Inpired_PSO_Classifcation\train\smoke\smoke0012.jpg,smoke
C:\Users\HishamMo\Desktop\999_cs\Quantum_Inpired_PSO_Classifcation\train\smoke\smoke0014.jpg,smoke
C:\Users\HishamMo\Desktop\999_cs\Quantum_Inpired_PSO_Classifcation\train\smoke\smoke0015.jpg,smoke
C:\Users\HishamMo\Desktop\999_cs\Quantum_Inpired_PSO_Classifcation\train\smoke\smoke0016.jpg,smoke
C:\Users\HishamMo\Desktop\999_cs\Quantum_Inpired_PSO_Classifcation\train\smoke\smoke0017.jpg,smoke
C:\Users\HishamMo\Desktop\999_cs\Quantum_Inpired_PSO_Classifcation\train\smoke\smoke0018.jpg,smoke
C:\Users\HishamMo\Desktop\999_cs\Quantum_Inpired_PSO_Classifcation\train\smoke\smoke0020.jpg,smoke
C:\Users\HishamMo\Desktop\999_cs\Quantum_Inpired_PSO_Classifcation\train\smoke\smoke0021.jpg,smoke
C:\Users\HishamMo\Desktop\999_cs\Quantum_Inpired_PSO_Classifcation\train\smoke\smoke0022.jpg,smoke
C:\Users\HishamMo\Desktop\999_cs\Quantum_Inpired_PSO_Classifcation\train\smoke\smoke0024.jpg,smoke
C:\Users\HishamMo\Desktop\999_cs\Quantum_Inpired_PSO_Classifcation\train\smoke\smoke0025.jpg,smoke
C:\Users\HishamMo\Desktop\999_cs\Quantum_Inpired_PSO_Classifcation\train\smoke\smoke0027.jpg,smoke
C:\Users\HishamMo\Desktop\999_cs\Quantum_Inpired_PSO_Classifcation\train\smoke\smoke0028.jpg,smoke
C:\Users\HishamMo\Desktop\999_cs\Quantum_Inpired_PSO_Classifcation\train\smoke\smoke0029.jpg,smoke
C:\Users\HishamMo\Desktop\999_cs\Quantum_Inpired_PSO_Classifcation\train\smoke\smoke0030.jpg,smoke
C:\Users\HishamMo\Desktop\999_cs\Quantum_Inpired_PSO_Classifcation\train\smoke\smoke0031.jpg,smoke
C:\Users\HishamMo\Desktop\999_cs\Quantum_Inpired_PSO_Classifcation\train\smoke\smoke0032.jpg,smoke
C:\Users\HishamMo\Desktop\999_cs\Quantum_Inpired_PSO_Classifcation\train\smoke\smoke0033.jpg,smoke
C:\Users\HishamMo\Desktop\999_cs\Quantum_Inpired_PSO_Classifcation\train\smoke\smoke0034.jpg,smoke
C:\Users\HishamMo\Desktop\999_cs\Quantum_Inpired_PSO_Classifcation\train\smoke\smoke0036.jpg,smoke
C:\Users\HishamMo\Desktop\999_cs\Quantum_Inpired_PSO_Classifcation\train\smoke\smoke0037.jpg,smoke
C:\Users\HishamMo\Desktop\999_cs\Quantum_Inpired_PSO_Classifcation\train\smoke\smoke0038.jpg,smoke
C:\Users\HishamMo\Desktop\999_cs\Quantum_Inpired_PSO_Classifcation\train\smoke\smoke0039.jpg,smoke
C:\Users\HishamMo\Desktop\999_cs\Quantum_Inpired_PSO_Classifcation\train\smoke\smoke0040.jpg,smoke
C:\Users\HishamMo\Desktop\999_cs\Quantum_Inpired_PSO_Classifcation\train\smoke\smoke0044.jpg,smoke
C:\Users\HishamMo\Desktop\999_cs\Quantum_Inpired_PSO_Classifcation\train\smoke\smoke0045.jpg,smoke
C:\Users\HishamMo\Desktop\999_cs\Quantum_Inpired_PSO_Classifcation\train\smoke\smoke0046.jpg,smoke
C:\Users\HishamMo\Desktop\999_cs\Quantum_Inpired_PSO_Classifcation\train\smoke\smoke0047.jpg,smoke
C:\Users\HishamMo\Desktop\999_cs\Quantum_Inpired_PSO_Classifcation\train\smoke\smoke0049.jpg,smoke
C:\Users\HishamMo\Desktop\999_cs\Quantum_Inpired_PSO_Classifcation\train\smoke\smoke0050.jpg,smoke
C:\Users\HishamMo\Desktop\999_cs\Quantum_Inpired_PSO_Classifcation\train\smoke\smoke0051.jpg,smoke
C:\Users\HishamMo\Desktop\999_cs\Quantum_Inpired_PSO_Classifcation\train\smoke\smoke0052.jpg,smoke
C:\Users\HishamMo\Desktop\999_cs\Quantum_Inpired_PSO_Classifcation\train\smoke\smoke0053.jpg,smoke
C:\Users\HishamMo\Desktop\999_cs\Quantum_Inpired_PSO_Classifcation\train\smoke\smoke0055.jpg,smoke
C:\Users\HishamMo\Desktop\999_cs\Quantum_Inpired_PSO_Classifcation\train\smoke\smoke0056.jpg,smoke
C:\Users\HishamMo\Desktop\999_cs\Quantum_Inpired_PSO_Classifcation\train\smoke\smoke0057.jpg,smoke
C:\Users\HishamMo\Desktop\999_cs\Quantum_Inpired_PSO_Classifcation\train\smoke\smoke0058.jpg,smoke
C:\Users\HishamMo\Desktop\999_cs\Quantum_Inpired_PSO_Classifcation\train\smoke\smoke0059.jpg,smoke
C:\Users\HishamMo\Desktop\999_cs\Quantum_Inpired_PSO_Classifcation\train\smoke\smoke0060.jpg,smoke
C:\Users\HishamMo\Desktop\999_cs\Quantum_Inpired_PSO_Classifcation\train\smoke\smoke0061.jpg,smoke
C:\Users\HishamMo\Desktop\999_cs\Quantum_Inpired_PSO_Classifcation\train\smoke\smoke0062.jpg,smoke
C:\Users\HishamMo\Desktop\999_cs\Quantum_Inpired_PSO_Classifcation\train\smoke\smoke0063.jpg,smoke
C:\Users\HishamMo\Desktop\999_cs\Quantum_Inpired_PSO_Classifcation\train\smoke\smoke0064.jpg,smoke
C:\Users\HishamMo\Desktop\999_cs\Quantum_Inpired_PSO_Classifcation\train\smoke\smoke0065.jpg,smoke
C:\Users\HishamMo\Desktop\999_cs\Quantum_Inpired_PSO_Classifcation\train\smoke\smoke0066.jpg,smoke
C:\Users\HishamMo\Desktop\999_cs\Quantum_Inpired_PSO_Classifcation\train\smoke\smoke0067.jpg,smoke
C:\Users\HishamMo\Desktop\999_cs\Quantum_Inpired_PSO_Classifcation\train\smoke\smoke0068.jpg,smoke
C:\Users\HishamMo\Desktop\999_cs\Quantum_Inpired_PSO_Classifcation\train\smoke\smoke0069.jpg,smoke
C:\Users\HishamMo\Desktop\999_cs\Quantum_Inpired_PSO_Classifcation\train\smoke\smoke0071.jpg,smoke
C:\Users\HishamMo\Desktop\999_cs\Quantum_Inpired_PSO_Classifcation\train\smoke\smoke0072.jpg,smoke
C:\Users\HishamMo\Desktop\999_cs\Quantum_Inpired_PSO_Classifcation\train\smoke\smoke0073.jpg,smoke
C:\Users\HishamMo\Desktop\999_cs\Quantum_Inpired_PSO_Classifcation\train\smoke\smoke0074.jpg,smoke
C:\Users\HishamMo\Desktop\999_cs\Quantum_Inpired_PSO_Classifcation\train\smoke\smoke0075.jpg,smoke
C:\Users\HishamMo\Desktop\999_cs\Quantum_Inpired_PSO_Classifcation\train\smoke\smoke0076.jpg,smoke
C:\Users\HishamMo\Desktop\999_cs\Quantum_Inpired_PSO_Classifcation\train\smoke\smoke0077.jpg,smoke
C:\Users\HishamMo\Desktop\999_cs\Quantum_Inpired_PSO_Classifcation\train\smoke\smoke0079.jpg,smoke
C:\Users\HishamMo\Desktop\999_cs\Quantum_Inpired_PSO_Classifcation\train\smoke\smoke0080.jpg,smoke
C:\Users\HishamMo\Desktop\999_cs\Quantum_Inpired_PSO_Classifcation\train\smoke\smoke0081.jpg,smoke
C:\Users\HishamMo\Desktop\999_cs\Quantum_Inpired_PSO_Classifcation\train\smoke\smoke0082.jpg,smoke
C:\Users\HishamMo\Desktop\999_cs\Quantum_Inpired_PSO_Classifcation\train\smoke\smoke0084.jpg,smoke
C:\Users\HishamMo\Desktop\999_cs\Quantum_Inpired_PSO_Classifcation\train\smoke\smoke0085.jpg,smoke
C:\Users\HishamMo\Desktop\999_cs\Quantum_Inpired_PSO_Classifcation\train\smoke\smoke0086.jpg,smoke
C:\Users\HishamMo\Desktop\999_cs\Quantum_Inpired_PSO_Classifcation\train\smoke\smoke0087.jpg,smoke
C:\Users\HishamMo\Desktop\999_cs\Quantum_Inpired_PSO_Classifcation\train\smoke\smoke0088.jpg,smoke
C:\Users\HishamMo\Desktop\999_cs\Quantum_Inpired_PSO_Classifcation\train\smoke\smoke0090.jpg,smoke
C:\Users\HishamMo\Desktop\999_cs\Quantum_Inpired_PSO_Classifcation\train\smoke\smoke0091.jpg,smoke
C:\Users\HishamMo\Desktop\999_cs\Quantum_Inpired_PSO_Classifcation\train\smoke\smoke0092.jpg,smoke
C:\Users\HishamMo\Desktop\999_cs\Quantum_Inpired_PSO_Classifcation\train\smoke\smoke0093.jpg,smoke
C:\Users\HishamMo\Desktop\999_cs\Quantum_Inpired_PSO_Classifcation\train\smoke\smoke0094.jpg,smoke
C:\Users\HishamMo\Desktop\999_cs\Quantum_Inpired_PSO_Classifcation\train\smoke\smoke0095.jpg,smoke
C:\Users\HishamMo\Desktop\999_cs\Quantum_Inpired_PSO_Classifcation\train\smoke\smoke0096.jpg,smoke
C:\Users\HishamMo\Desktop\999_cs\Quantum_Inpired_PSO_Classifcation\train\smoke\smoke0097.jpg,smoke
C:\Users\HishamMo\Desktop\999_cs\Quantum_Inpired_PSO_Classifcation\train\smoke\smoke0098.jpg,smoke
C:\Users\HishamMo\Desktop\999_cs\Quantum_Inpired_PSO_Classifcation\train\smoke\smoke0099.jpg,smoke
C:\Users\HishamMo\Desktop\999_cs\Quantum_Inpired_PSO_Classifcation\train\smoke\smoke0100.jpg,smoke
C:\Users\HishamMo\Desktop\999_cs\Quantum_Inpired_PSO_Classifcation\train\smoke\smoke0101.jpg,smoke
C:\Users\HishamMo\Desktop\999_cs\Quantum_Inpired_PSO_Classifcation\train\smoke\smoke0103.jpg,smoke
C:\Users\HishamMo\Desktop\999_cs\Quantum_Inpired_PSO_Classifcation\train\smoke\smoke0104.jpg,smoke
C:\Users\HishamMo\Desktop\999_cs\Quantum_Inpired_PSO_Classifcation\train\smoke\smoke0107.jpg,smoke
C:\Users\HishamMo\Desktop\999_cs\Quantum_Inpired_PSO_Classifcation\train\smoke\smoke0108.jpg,smoke
C:\Users\HishamMo\Desktop\999_cs\Quantum_Inpired_PSO_Classifcation\train\smoke\smoke0109.jpg,smoke
C:\Users\HishamMo\Desktop\999_cs\Quantum_Inpired_PSO_Classifcation\train\smoke\smoke0111.jpg,smoke
C:\Users\HishamMo\Desktop\999_cs\Quantum_Inpired_PSO_Classifcation\train\smoke\smoke0112.jpg,smoke
C:\Users\HishamMo\Desktop\999_cs\Quantum_Inpired_PSO_Classifcation\train\smoke\smoke0113.jpg,smoke
C:\Users\HishamMo\Desktop\999_cs\Quantum_Inpired_PSO_Classifcation\train\smoke\smoke0115.jpg,smoke
C:\Users\HishamMo\Desktop\999_cs\Quantum_Inpired_PSO_Classifcation\train\smoke\smoke0117.jpg,smoke
C:\Users\HishamMo\Desktop\999_cs\Quantum_Inpired_PSO_Classifcation\train\smoke\smoke0119.jpg,smoke
C:\Users\HishamMo\Desktop\999_cs\Quantum_Inpired_PSO_Classifcation\train\smoke\smoke0120.jpg,smoke
C:\Users\HishamMo\Desktop\999_cs\Quantum_Inpired_PSO_Classifcation\train\smoke\smoke0121.jpg,smoke
C:\Users\HishamMo\Desktop\999_cs\Quantum_Inpired_PSO_Classifcation\train\smoke\smoke0122.jpg,smoke
C:\Users\HishamMo\Desktop\999_cs\Quantum_Inpired_PSO_Classifcation\train\smoke\smoke0123.jpg,smoke
C:\Users\HishamMo\Desktop\999_cs\Quantum_Inpired_PSO_Classifcation\train\smoke\smoke0124.jpg,smoke
C:\Users\HishamMo\Desktop\999_cs\Quantum_Inpired_PSO_Classifcation\train\smoke\smoke0125.jpg,smoke
C:\Users\HishamMo\Desktop\999_cs\Quantum_Inpired_PSO_Classifcation\train\smoke\smoke0126.jpg,smoke
C:\Users\HishamMo\Desktop\999_cs\Quantum_Inpired_PSO_Classifcation\train\smoke\smoke0127.jpg,smoke
C:\Users\HishamMo\Desktop\999_cs\Quantum_Inpired_PSO_Classifcation\train\smoke\smoke0128.jpg,smoke
C:\Users\HishamMo\Desktop\999_cs\Quantum_Inpired_PSO_Classifcation\train\smoke\smoke0129.jpg,smoke
C:\Users\HishamMo\Desktop\999_cs\Quantum_Inpired_PSO_Classifcation\train\smoke\smoke0130.jpg,smoke
C:\Users\HishamMo\Desktop\999_cs\Quantum_Inpired_PSO_Classifcation\train\smoke\smoke0131.jpg,smoke
C:\Users\HishamMo\Desktop\999_cs\Quantum_Inpired_PSO_Classifcation\train\smoke\smoke0132.jpg,smoke
C:\Users\HishamMo\Desktop\999_cs\Quantum_Inpired_PSO_Classifcation\train\smoke\smoke0134.jpg,smoke
C:\Users\HishamMo\Desktop\999_cs\Quantum_Inpired_PSO_Classifcation\train\smoke\smoke0136.jpg,smoke
C:\Users\HishamMo\Desktop\999_cs\Quantum_Inpired_PSO_Classifcation\train\smoke\smoke0137.jpg,smoke
C:\Users\HishamMo\Desktop\999_cs\Quantum_Inpired_PSO_Classifcation\train\smoke\smoke0138.jpg,smoke
C:\Users\HishamMo\Desktop\999_cs\Quantum_Inpired_PSO_Classifcation\train\smoke\smoke0139.jpg,smoke
C:\Users\HishamMo\Desktop\999_cs\Quantum_Inpired_PSO_Classifcation\train\smoke\smoke0143.jpg,smoke
C:\Users\HishamMo\Desktop\999_cs\Quantum_Inpired_PSO_Classifcation\train\smoke\smoke0144.jpg,smoke
C:\Users\HishamMo\Desktop\999_cs\Quantum_Inpired_PSO_Classifcation\train\smoke\smoke0145.jpg,smoke
C:\Users\HishamMo\Desktop\999_cs\Quantum_Inpired_PSO_Classifcation\train\smoke\smoke0146.jpg,smoke
C:\Users\HishamMo\Desktop\999_cs\Quantum_Inpired_PSO_Classifcation\train\smoke\smoke0147.jpg,smoke
C:\Users\HishamMo\Desktop\999_cs\Quantum_Inpired_PSO_Classifcation\train\smoke\smoke0148.jpg,smoke
C:\Users\HishamMo\Desktop\999_cs\Quantum_Inpired_PSO_Classifcation\train\smoke\smoke0149.jpg,smoke
C:\Users\HishamMo\Desktop\999_cs\Quantum_Inpired_PSO_Classifcation\train\smoke\smoke0150.jpg,smoke
C:\Users\HishamMo\Desktop\999_cs\Quantum_Inpired_PSO_Classifcation\train\smoke\smoke0151.jpg,smoke
C:\Users\HishamMo\Desktop\999_cs\Quantum_Inpired_PSO_Classifcation\train\smoke\smoke0152.jpg,smoke
C:\Users\HishamMo\Desktop\999_cs\Quantum_Inpired_PSO_Classifcation\train\smoke\smoke0153.jpg,smoke
C:\Users\HishamMo\Desktop\999_cs\Quantum_Inpired_PSO_Classifcation\train\smoke\smoke0154.jpg,smoke
C:\Users\HishamMo\Desktop\999_cs\Quantum_Inpired_PSO_Classifcation\train\smoke\smoke0155.jpg,smoke
C:\Users\HishamMo\Desktop\999_cs\Quantum_Inpired_PSO_Classifcation\train\smoke\smoke0156.jpg,smoke
C:\Users\HishamMo\Desktop\999_cs\Quantum_Inpired_PSO_Classifcation\train\smoke\smoke0157.jpg,smoke
C:\Users\HishamMo\Desktop\999_cs\Quantum_Inpired_PSO_Classifcation\train\smoke\smoke0158.jpg,smoke
C:\Users\HishamMo\Desktop\999_cs\Quantum_Inpired_PSO_Classifcation\train\smoke\smoke0159.jpg,smoke
C:\Users\HishamMo\Desktop\999_cs\Quantum_Inpired_PSO_Classifcation\train\smoke\smoke0160.jpg,smoke
C:\Users\HishamMo\Desktop\999_cs\Quantum_Inpired_PSO_Classifcation\train\smoke\smoke0162.jpg,smoke
C:\Users\HishamMo\Desktop\999_cs\Quantum_Inpired_PSO_Classifcation\train\smoke\smoke0164.jpg,smoke
C:\Users\HishamMo\Desktop\999_cs\Quantum_Inpired_PSO_Classifcation\train\smoke\smoke0166.jpg,smoke
C:\Users\HishamMo\Desktop\999_cs\Quantum_Inpired_PSO_Classifcation\train\smoke\smoke0167.jpg,smoke
C:\Users\HishamMo\Desktop\999_cs\Quantum_Inpired_PSO_Classifcation\train\smoke\smoke0170.jpg,smoke
C:\Users\HishamMo\Desktop\999_cs\Quantum_Inpired_PSO_Classifcation\train\smoke\smoke0171.jpg,smoke
C:\Users\HishamMo\Desktop\999_cs\Quantum_Inpired_PSO_Classifcation\train\smoke\smoke0174.jpg,smoke
C:\Users\HishamMo\Desktop\999_cs\Quantum_Inpired_PSO_Classifcation\train\smoke\smoke0175.jpg,smoke
C:\Users\HishamMo\Desktop\999_cs\Quantum_Inpired_PSO_Classifcation\train\smoke\smoke0176.jpg,smoke
C:\Users\HishamMo\Desktop\999_cs\Quantum_Inpired_PSO_Classifcation\train\smoke\smoke0177.jpg,smoke
C:\Users\HishamMo\Desktop\999_cs\Quantum_Inpired_PSO_Classifcation\train\smoke\smoke0178.jpg,smoke
C:\Users\HishamMo\Desktop\999_cs\Quantum_Inpired_PSO_Classifcation\train\smoke\smoke0179.jpg,smoke
C:\Users\HishamMo\Desktop\999_cs\Quantum_Inpired_PSO_Classifcation\train\smoke\smoke0180.jpg,smoke
C:\Users\HishamMo\Desktop\999_cs\Quantum_Inpired_PSO_Classifcation\train\smoke\smoke0181.jpg,smoke
C:\Users\HishamMo\Desktop\999_cs\Quantum_Inpired_PSO_Classifcation\train\smoke\smoke0182.jpg,smoke
C:\Users\HishamMo\Desktop\999_cs\Quantum_Inpired_PSO_Classifcation\train\smoke\smoke0183.jpg,smoke
C:\Users\HishamMo\Desktop\999_cs\Quantum_Inpired_PSO_Classifcation\train\smoke\smoke0184.jpg,smoke
C:\Users\HishamMo\Desktop\999_cs\Quantum_Inpired_PSO_Classifcation\train\smoke\smoke0186.jpg,smoke
C:\Users\HishamMo\Desktop\999_cs\Quantum_Inpired_PSO_Classifcation\train\smoke\smoke0187.jpg,smoke
C:\Users\HishamMo\Desktop\999_cs\Quantum_Inpired_PSO_Classifcation\train\smoke\smoke0188.jpg,smoke
C:\Users\HishamMo\Desktop\999_cs\Quantum_Inpired_PSO_Classifcation\train\smoke\smoke0189.jpg,smoke
C:\Users\HishamMo\Desktop\999_cs\Quantum_Inpired_PSO_Classifcation\train\smoke\smoke0190.jpg,smoke
C:\Users\HishamMo\Desktop\999_cs\Quantum_Inpired_PSO_Classifcation\train\smoke\smoke0191.jpg,smoke
C:\Users\HishamMo\Desktop\999_cs\Quantum_Inpired_PSO_Classifcation\train\smoke\smoke0193.jpg,smoke
C:\Users\HishamMo\Desktop\999_cs\Quantum_Inpired_PSO_Classifcation\train\smoke\smoke0196.jpg,smoke
C:\Users\HishamMo\Desktop\999_cs\Quantum_Inpired_PSO_Classifcation\train\smoke\smoke0197.jpg,smoke
C:\Users\HishamMo\Desktop\999_cs\Quantum_Inpired_PSO_Classifcation\train\smoke\smoke0198.jpg,smoke
C:\Users\HishamMo\Desktop\999_cs\Quantum_Inpired_PSO_Classifcation\train\smoke\smoke0199.jpg,smoke
C:\Users\HishamMo\Desktop\999_cs\Quantum_Inpired_PSO_Classifcation\train\smoke\smoke0200.jpg,smoke
C:\Users\HishamMo\Desktop\999_cs\Quantum_Inpired_PSO_Classifcation\train\smoke\smoke0202.jpg,smoke
C:\Users\HishamMo\Desktop\999_cs\Quantum_Inpired_PSO_Classifcation\train\smoke\smoke0203.jpg,smoke
C:\Users\HishamMo\Desktop\999_cs\Quantum_Inpired_PSO_Classifcation\train\smoke\smoke0204.jpg,smoke
C:\Users\HishamMo\Desktop\999_cs\Quantum_Inpired_PSO_Classifcation\train\smoke\smoke0205.jpg,smoke
C:\Users\HishamMo\Desktop\999_cs\Quantum_Inpired_PSO_Classifcation\train\smoke\smoke0206.jpg,smoke
C:\Users\HishamMo\Desktop\999_cs\Quantum_Inpired_PSO_Classifcation\train\smoke\smoke0208.jpg,smoke
C:\Users\HishamMo\Desktop\999_cs\Quantum_Inpired_PSO_Classifcation\train\smoke\smoke0209.jpg,smoke
C:\Users\HishamMo\Desktop\999_cs\Quantum_Inpired_PSO_Classifcation\train\smoke\smoke0210.jpg,smoke
C:\Users\HishamMo\Desktop\999_cs\Quantum_Inpired_PSO_Classifcation\train\smoke\smoke0213.jpg,smoke
C:\Users\HishamMo\Desktop\999_cs\Quantum_Inpired_PSO_Classifcation\train\smoke\smoke0214.jpg,smoke
C:\Users\HishamMo\Desktop\999_cs\Quantum_Inpired_PSO_Classifcation\train\smoke\smoke0215.jpg,smoke
C:\Users\HishamMo\Desktop\999_cs\Quantum_Inpired_PSO_Classifcation\train\smoke\smoke0216.jpg,smoke
C:\Users\HishamMo\Desktop\999_cs\Quantum_Inpired_PSO_Classifcation\train\smoke\smoke0217.jpg,smoke
C:\Users\HishamMo\Desktop\999_cs\Quantum_Inpired_PSO_Classifcation\train\smoke\smoke0219.jpg,smoke
C:\Users\HishamMo\Desktop\999_cs\Quantum_Inpired_PSO_Classifcation\train\smoke\smoke0220.jpg,smoke
C:\Users\HishamMo\Desktop\999_cs\Quantum_Inpired_PSO_Classifcation\train\smoke\smoke0221.jpg,smoke
C:\Users\HishamMo\Desktop\999_cs\Quantum_Inpired_PSO_Classifcation\train\smoke\smoke0222.jpg,smoke
C:\Users\HishamMo\Desktop\999_cs\Quantum_Inpired_PSO_Classifcation\train\smoke\smoke0223.jpg,smoke
C:\Users\HishamMo\Desktop\999_cs\Quantum_Inpired_PSO_Classifcation\train\smoke\smoke0224.jpg,smoke
C:\Users\HishamMo\Desktop\999_cs\Quantum_Inpired_PSO_Classifcation\train\smoke\smoke0225.jpg,smoke
C:\Users\HishamMo\Desktop\999_cs\Quantum_Inpired_PSO_Classifcation\train\smoke\smoke0226.jpg,smoke
C:\Users\HishamMo\Desktop\999_cs\Quantum_Inpired_PSO_Classifcation\train\smoke\smoke0227.jpg,smoke
C:\Users\HishamMo\Desktop\999_cs\Quantum_Inpired_PSO_Classifcation\train\smoke\smoke0228.jpg,smoke
C:\Users\HishamMo\Desktop\999_cs\Quantum_Inpired_PSO_Classifcation\train\smoke\smoke0229.jpg,smoke
C:\Users\HishamMo\Desktop\999_cs\Quantum_Inpired_PSO_Classifcation\train\smoke\smoke0230.jpg,smoke
C:\Users\HishamMo\Desktop\999_cs\Quantum_Inpired_PSO_Classifcation\train\smoke\smoke0232.jpg,smoke
C:\Users\HishamMo\Desktop\999_cs\Quantum_Inpired_PSO_Classifcation\train\smoke\smoke0233.jpg,smoke
C:\Users\HishamMo\Desktop\999_cs\Quantum_Inpired_PSO_Classifcation\train\smoke\smoke0235.jpg,smoke
C:\Users\HishamMo\Desktop\999_cs\Quantum_Inpired_PSO_Classifcation\train\smoke\smoke0236.jpg,smoke
C:\Users\HishamMo\Desktop\999_cs\Quantum_Inpired_PSO_Classifcation\train\smoke\smoke0237.jpg,smoke
C:\Users\HishamMo\Desktop\999_cs\Quantum_Inpired_PSO_Classifcation\train\smoke\smoke0239.jpg,smoke
C:\Users\HishamMo\Desktop\999_cs\Quantum_Inpired_PSO_Classifcation\train\smoke\smoke0240.jpg,smoke
C:\Users\HishamMo\Desktop\999_cs\Quantum_Inpired_PSO_Classifcation\train\smoke\smoke0242.jpg,smoke
C:\Users\HishamMo\Desktop\999_cs\Quantum_Inpired_PSO_Classifcation\train\smoke\smoke0243.jpg,smoke
C:\Users\HishamMo\Desktop\999_cs\Quantum_Inpired_PSO_Classifcation\train\smoke\smoke0244.jpg,smoke
C:\Users\HishamMo\Desktop\999_cs\Quantum_Inpired_PSO_Classifcation\train\smoke\smoke0246.jpg,smoke
C:\Users\HishamMo\Desktop\999_cs\Quantum_Inpired_PSO_Classifcation\train\smoke\smoke0247.jpg,smoke
C:\Users\HishamMo\Desktop\999_cs\Quantum_Inpired_PSO_Classifcation\train\smoke\smoke0248.jpg,smoke
C:\Users\HishamMo\Desktop\999_cs\Quantum_Inpired_PSO_Classifcation\train\smoke\smoke0249.jpg,smoke
C:\Users\HishamMo\Desktop\999_cs\Quantum_Inpired_PSO_Classifcation\train\smoke\smoke0250.jpg,smoke
C:\Users\HishamMo\Desktop\999_cs\Quantum_Inpired_PSO_Classifcation\train\smoke\smoke0251.jpg,smoke
C:\Users\HishamMo\Desktop\999_cs\Quantum_Inpired_PSO_Classifcation\train\smoke\smoke0252.jpg,smoke
C:\Users\HishamMo\Desktop\999_cs\Quantum_Inpired_PSO_Classifcation\train\smoke\smoke0253.jpg,smoke
C:\Users\HishamMo\Desktop\999_cs\Quantum_Inpired_PSO_Classifcation\train\smoke\smoke0256.jpg,smoke
C:\Users\HishamMo\Desktop\999_cs\Quantum_Inpired_PSO_Classifcation\train\smoke\smoke0257.jpg,smoke
C:\Users\HishamMo\Desktop\999_cs\Quantum_Inpired_PSO_Classifcation\train\smoke\smoke0259.jpg,smoke
C:\Users\HishamMo\Desktop\999_cs\Quantum_Inpired_PSO_Classifcation\train\smoke\smoke0261.jpg,smoke
C:\Users\HishamMo\Desktop\999_cs\Quantum_Inpired_PSO_Classifcation\train\smoke\smoke0265.jpg,smoke
C:\Users\HishamMo\Desktop\999_cs\Quantum_Inpired_PSO_Classifcation\train\smoke\smoke0266.jpg,smoke
C:\Users\HishamMo\Desktop\999_cs\Quantum_Inpired_PSO_Classifcation\train\smoke\smoke0268.jpg,smoke
C:\Users\HishamMo\Desktop\999_cs\Quantum_Inpired_PSO_Classifcation\train\smoke\smoke0269.jpg,smoke
C:\Users\HishamMo\Desktop\999_cs\Quantum_Inpired_PSO_Classifcation\train\smoke\smoke0271.jpg,smoke
C:\Users\HishamMo\Desktop\999_cs\Quantum_Inpired_PSO_Classifcation\train\smoke\smoke0273.jpg,smoke
C:\Users\HishamMo\Desktop\999_cs\Quantum_Inpired_PSO_Classifcation\train\smoke\smoke0274.jpg,smoke
C:\Users\HishamMo\Desktop\999_cs\Quantum_Inpired_PSO_Classifcation\train\smoke\smoke0275.jpg,smoke
C:\Users\HishamMo\Desktop\999_cs\Quantum_Inpired_PSO_Classifcation\train\smoke\smoke0276.jpg,smoke
C:\Users\HishamMo\Desktop\999_cs\Quantum_Inpired_PSO_Classifcation\train\smoke\smoke0277.jpg,smoke
C:\Users\HishamMo\Desktop\999_cs\Quantum_Inpired_PSO_Classifcation\train\smoke\smoke0278.jpg,smoke
C:\Users\HishamMo\Desktop\999_cs\Quantum_Inpired_PSO_Classifcation\train\smoke\smoke0279.jpg,smoke
C:\Users\HishamMo\Desktop\999_cs\Quantum_Inpired_PSO_Classifcation\train\smoke\smoke0280.jpg,smoke
C:\Users\HishamMo\Desktop\999_cs\Quantum_Inpired_PSO_Classifcation\train\smoke\smoke0281.jpg,smoke
C:\Users\HishamMo\Desktop\999_cs\Quantum_Inpired_PSO_Classifcation\train\smoke\smoke0282.jpg,smoke
C:\Users\HishamMo\Desktop\999_cs\Quantum_Inpired_PSO_Classifcation\train\smoke\smoke0283.jpg,smoke
C:\Users\HishamMo\Desktop\999_cs\Quantum_Inpired_PSO_Classifcation\train\smoke\smoke0284.jpg,smoke
C:\Users\HishamMo\Desktop\999_cs\Quantum_Inpired_PSO_Classifcation\train\smoke\smoke0285.jpg,smoke
C:\Users\HishamMo\Desktop\999_cs\Quantum_Inpired_PSO_Classifcation\train\smoke\smoke0286.jpg,smoke
C:\Users\HishamMo\Desktop\999_cs\Quantum_Inpired_PSO_Classifcation\train\smoke\smoke0287.jpg,smoke
C:\Users\HishamMo\Desktop\999_cs\Quantum_Inpired_PSO_Classifcation\train\smoke\smoke0288.jpg,smoke
C:\Users\HishamMo\Desktop\999_cs\Quantum_Inpired_PSO_Classifcation\train\smoke\smoke0289.jpg,smoke
C:\Users\HishamMo\Desktop\999_cs\Quantum_Inpired_PSO_Classifcation\train\smoke\smoke0290.jpg,smoke
C:\Users\HishamMo\Desktop\999_cs\Quantum_Inpired_PSO_Classifcation\train\smoke\smoke0293.jpg,smoke
C:\Users\HishamMo\Desktop\999_cs\Quantum_Inpired_PSO_Classifcation\train\smoke\smoke0294.jpg,smoke
C:\Users\HishamMo\Desktop\999_cs\Quantum_Inpired_PSO_Classifcation\train\smoke\smoke0295.jpg,smoke
C:\Users\HishamMo\Desktop\999_cs\Quantum_Inpired_PSO_Classifcation\train\smoke\smoke0296.jpg,smoke
C:\Users\HishamMo\Desktop\999_cs\Quantum_Inpired_PSO_Classifcation\train\smoke\smoke0297.jpg,smoke
C:\Users\HishamMo\Desktop\999_cs\Quantum_Inpired_PSO_Classifcation\train\smoke\smoke0298.jpg,smoke
C:\Users\HishamMo\Desktop\999_cs\Quantum_Inpired_PSO_Classifcation\train\smoke\smoke0299.jpg,smoke
C:\Users\HishamMo\Desktop\999_cs\Quantum_Inpired_PSO_Classifcation\train\smoke\smoke0302.jpg,smoke
C:\Users\HishamMo\Desktop\999_cs\Quantum_Inpired_PSO_Classifcation\train\smoke\smoke0303.jpg,smoke
C:\Users\HishamMo\Desktop\999_cs\Quantum_Inpired_PSO_Classifcation\train\smoke\smoke0304.jpg,smoke
C:\Users\HishamMo\Desktop\999_cs\Quantum_Inpired_PSO_Classifcation\train\smoke\smoke0305.jpg,smoke
C:\Users\HishamMo\Desktop\999_cs\Quantum_Inpired_PSO_Classifcation\train\smoke\smoke0306.jpg,smoke
C:\Users\HishamMo\Desktop\999_cs\Quantum_Inpired_PSO_Classifcation\train\smoke\smoke0308.jpg,smoke
C:\Users\HishamMo\Desktop\999_cs\Quantum_Inpired_PSO_Classifcation\train\smoke\smoke0309.jpg,smoke
C:\Users\HishamMo\Desktop\999_cs\Quantum_Inpired_PSO_Classifcation\train\smoke\smoke0310.jpg,smoke
C:\Users\HishamMo\Desktop\999_cs\Quantum_Inpired_PSO_Classifcation\train\smoke\smoke0313.jpg,smoke
C:\Users\HishamMo\Desktop\999_cs\Quantum_Inpired_PSO_Classifcation\train\smoke\smoke0314.jpg,smoke
C:\Users\HishamMo\Desktop\999_cs\Quantum_Inpired_PSO_Classifcation\train\smoke\smoke0315.jpg,smoke
C:\Users\HishamMo\Desktop\999_cs\Quantum_Inpired_PSO_Classifcation\train\smoke\smoke0316.jpg,smoke
C:\Users\HishamMo\Desktop\999_cs\Quantum_Inpired_PSO_Classifcation\train\smoke\smoke0317.jpg,smoke
C:\Users\HishamMo\Desktop\999_cs\Quantum_Inpired_PSO_Classifcation\train\smoke\smoke0318.jpg,smoke
C:\Users\HishamMo\Desktop\999_cs\Quantum_Inpired_PSO_Classifcation\train\smoke\smoke0319.jpg,smoke
C:\Users\HishamMo\Desktop\999_cs\Quantum_Inpired_PSO_Classifcation\train\smoke\smoke0320.jpg,smoke
C:\Users\HishamMo\Desktop\999_cs\Quantum_Inpired_PSO_Classifcation\train\smoke\smoke0321.jpg,smoke
C:\Users\HishamMo\Desktop\999_cs\Quantum_Inpired_PSO_Classifcation\train\smoke\smoke0322.jpg,smoke
C:\Users\HishamMo\Desktop\999_cs\Quantum_Inpired_PSO_Classifcation\train\smoke\smoke0323.jpg,smoke
C:\Users\HishamMo\Desktop\999_cs\Quantum_Inpired_PSO_Classifcation\train\smoke\smoke0326.jpg,smoke
C:\Users\HishamMo\Desktop\999_cs\Quantum_Inpired_PSO_Classifcation\train\smoke\smoke0327.jpg,smoke
C:\Users\HishamMo\Desktop\999_cs\Quantum_Inpired_PSO_Classifcation\train\smoke\smoke0328.jpg,smoke
C:\Users\HishamMo\Desktop\999_cs\Quantum_Inpired_PSO_Classifcation\train\smoke\smoke0329.jpg,smoke
C:\Users\HishamMo\Desktop\999_cs\Quantum_Inpired_PSO_Classifcation\train\smoke\smoke0330.jpg,smoke
C:\Users\HishamMo\Desktop\999_cs\Quantum_Inpired_PSO_Classifcation\train\smoke\smoke0332.jpg,smoke
C:\Users\HishamMo\Desktop\999_cs\Quantum_Inpired_PSO_Classifcation\train\smoke\smoke0333.jpg,smoke
C:\Users\HishamMo\Desktop\999_cs\Quantum_Inpired_PSO_Classifcation\train\smoke\smoke0334.jpg,smoke
C:\Users\HishamMo\Desktop\999_cs\Quantum_Inpired_PSO_Classifcation\train\smoke\smoke0335.jpg,smoke
C:\Users\HishamMo\Desktop\999_cs\Quantum_Inpired_PSO_Classifcation\train\smoke\smoke0336.jpg,smoke
C:\Users\HishamMo\Desktop\999_cs\Quantum_Inpired_PSO_Classifcation\train\smoke\smoke0338.jpg,smoke
C:\Users\HishamMo\Desktop\999_cs\Quantum_Inpired_PSO_Classifcation\train\smoke\smoke0340.jpg,smoke
C:\Users\HishamMo\Desktop\999_cs\Quantum_Inpired_PSO_Classifcation\train\smoke\smoke0341.jpg,smoke
C:\Users\HishamMo\Desktop\999_cs\Quantum_Inpired_PSO_Classifcation\train\smoke\smoke0343.jpg,smoke
C:\Users\HishamMo\Desktop\999_cs\Quantum_Inpired_PSO_Classifcation\train\smoke\smoke0344.jpg,smoke
C:\Users\HishamMo\Desktop\999_cs\Quantum_Inpired_PSO_Classifcation\train\smoke\smoke0345.jpg,smoke
C:\Users\HishamMo\Desktop\999_cs\Quantum_Inpired_PSO_Classifcation\train\smoke\smoke0346.jpg,smoke
C:\Users\HishamMo\Desktop\999_cs\Quantum_Inpired_PSO_Classifcation\train\smoke\smoke0347.jpg,smoke
C:\Users\HishamMo\Desktop\999_cs\Quantum_Inpired_PSO_Classifcation\train\smoke\smoke0349.jpg,smoke
C:\Users\HishamMo\Desktop\999_cs\Quantum_Inpired_PSO_Classifcation\train\smoke\smoke0351.jpg,smoke
C:\Users\HishamMo\Desktop\999_cs\Quantum_Inpired_PSO_Classifcation\train\smoke\smoke0353.jpg,smoke
C:\Users\HishamMo\Desktop\999_cs\Quantum_Inpired_PSO_Classifcation\train\smoke\smoke0354.jpg,smoke
C:\Users\HishamMo\Desktop\999_cs\Quantum_Inpired_PSO_Classifcation\train\smoke\smoke0357.jpg,smoke
C:\Users\HishamMo\Desktop\999_cs\Quantum_Inpired_PSO_Classifcation\train\smoke\smoke0358.jpg,smoke
C:\Users\HishamMo\Desktop\999_cs\Quantum_Inpired_PSO_Classifcation\train\smoke\smoke0360.jpg,smoke
C:\Users\HishamMo\Desktop\999_cs\Quantum_Inpired_PSO_Classifcation\train\smoke\smoke0362.jpg,smoke
C:\Users\HishamMo\Desktop\999_cs\Quantum_Inpired_PSO_Classifcation\train\smoke\smoke0363.jpg,smoke
C:\Users\HishamMo\Desktop\999_cs\Quantum_Inpired_PSO_Classifcation\train\smoke\smoke0364.jpg,smoke
C:\Users\HishamMo\Desktop\999_cs\Quantum_Inpired_PSO_Classifcation\train\smoke\smoke0365.jpg,smoke
C:\Users\HishamMo\Desktop\999_cs\Quantum_Inpired_PSO_Classifcation\train\smoke\smoke0366.jpg,smoke
C:\Users\HishamMo\Desktop\999_cs\Quantum_Inpired_PSO_Classifcation\train\smoke\smoke0369.jpg,smoke
C:\Users\HishamMo\Desktop\999_cs\Quantum_Inpired_PSO_Classifcation\train\smoke\smoke0370.jpg,smoke
C:\Users\HishamMo\Desktop\999_cs\Quantum_Inpired_PSO_Classifcation\train\smoke\smoke0371.jpg,smoke
C:\Users\HishamMo\Desktop\999_cs\Quantum_Inpired_PSO_Classifcation\train\smoke\smoke0372.jpg,smoke
C:\Users\HishamMo\Desktop\999_cs\Quantum_Inpired_PSO_Classifcation\train\smoke\smoke0373.jpg,smoke
C:\Users\HishamMo\Desktop\999_cs\Quantum_Inpired_PSO_Classifcation\train\smoke\smoke0374.jpg,smoke
C:\Users\HishamMo\Desktop\999_cs\Quantum_Inpired_PSO_Classifcation\train\smoke\smoke0375.jpg,smoke
C:\Users\HishamMo\Desktop\999_cs\Quantum_Inpired_PSO_Classifcation\train\smoke\smoke0376.jpg,smoke
C:\Users\HishamMo\Desktop\999_cs\Quantum_Inpired_PSO_Classifcation\train\smoke\smoke0377.jpg,smoke
C:\Users\HishamMo\Desktop\999_cs\Quantum_Inpired_PSO_Classifcation\train\smoke\smoke0378.jpg,smoke
C:\Users\HishamMo\Desktop\999_cs\Quantum_Inpired_PSO_Classifcation\train\smoke\smoke0379.jpg,smoke
C:\Users\HishamMo\Desktop\999_cs\Quantum_Inpired_PSO_Classifcation\train\smoke\smoke0380.jpg,smoke
C:\Users\HishamMo\Desktop\999_cs\Quantum_Inpired_PSO_Classifcation\train\smoke\smoke0382.jpg,smoke
C:\Users\HishamMo\Desktop\999_cs\Quantum_Inpired_PSO_Classifcation\train\smoke\smoke0383.jpg,smoke
C:\Users\HishamMo\Desktop\999_cs\Quantum_Inpired_PSO_Classifcation\train\smoke\smoke0385.jpg,smoke
C:\Users\HishamMo\Desktop\999_cs\Quantum_Inpired_PSO_Classifcation\train\smoke\smoke0388.jpg,smoke
C:\Users\HishamMo\Desktop\999_cs\Quantum_Inpired_PSO_Classifcation\train\smoke\smoke0389.jpg,smoke
C:\Users\HishamMo\Desktop\999_cs\Quantum_Inpired_PSO_Classifcation\train\smoke\smoke0390.jpg,smoke
C:\Users\HishamMo\Desktop\999_cs\Quantum_Inpired_PSO_Classifcation\train\smoke\smoke0391.jpg,smoke
C:\Users\HishamMo\Desktop\999_cs\Quantum_Inpired_PSO_Classifcation\train\smoke\smoke0392.jpg,smoke
C:\Users\HishamMo\Desktop\999_cs\Quantum_Inpired_PSO_Classifcation\train\smoke\smoke0393.jpg,smoke
C:\Users\HishamMo\Desktop\999_cs\Quantum_Inpired_PSO_Classifcation\train\smoke\smoke0394.jpg,smoke
C:\Users\HishamMo\Desktop\999_cs\Quantum_Inpired_PSO_Classifcation\train\smoke\smoke0395.jpg,smoke
C:\Users\HishamMo\Desktop\999_cs\Quantum_Inpired_PSO_Classifcation\train\smoke\smoke0396.jpg,smoke
C:\Users\HishamMo\Desktop\999_cs\Quantum_Inpired_PSO_Classifcation\train\smoke\smoke0397.jpg,smoke
C:\Users\HishamMo\Desktop\999_cs\Quantum_Inpired_PSO_Classifcation\train\smoke\smoke0398.jpg,smoke
C:\Users\HishamMo\Desktop\999_cs\Quantum_Inpired_PSO_Classifcation\train\smoke\smoke0400.jpg,smoke
C:\Users\HishamMo\Desktop\999_cs\Quantum_Inpired_PSO_Classifcation\train\smoke\smoke0401.jpg,smoke
C:\Users\HishamMo\Desktop\999_cs\Quantum_Inpired_PSO_Classifcation\train\smoke\smoke0402.jpg,smoke
C:\Users\HishamMo\Desktop\999_cs\Quantum_Inpired_PSO_Classifcation\train\smoke\smoke0404.jpg,smoke
C:\Users\HishamMo\Desktop\999_cs\Quantum_Inpired_PSO_Classifcation\train\smoke\smoke0405.jpg,smoke
C:\Users\HishamMo\Desktop\999_cs\Quantum_Inpired_PSO_Classifcation\train\smoke\smoke0406.jpg,smoke
C:\Users\HishamMo\Desktop\999_cs\Quantum_Inpired_PSO_Classifcation\train\smoke\smoke0407.jpg,smoke
C:\Users\HishamMo\Desktop\999_cs\Quantum_Inpired_PSO_Classifcation\train\smoke\smoke0408.jpg,smoke
C:\Users\HishamMo\Desktop\999_cs\Quantum_Inpired_PSO_Classifcation\train\smoke\smoke0409.jpg,smoke
C:\Users\HishamMo\Desktop\999_cs\Quantum_Inpired_PSO_Classifcation\train\smoke\smoke0410.jpg,smoke
C:\Users\HishamMo\Desktop\999_cs\Quantum_Inpired_PSO_Classifcation\train\smoke\smoke0412.jpg,smoke
C:\Users\HishamMo\Desktop\999_cs\Quantum_Inpired_PSO_Classifcation\train\smoke\smoke0413.jpg,smoke
C:\Users\HishamMo\Desktop\999_cs\Quantum_Inpired_PSO_Classifcation\train\smoke\smoke0414.jpg,smoke
C:\Users\HishamMo\Desktop\999_cs\Quantum_Inpired_PSO_Classifcation\train\smoke\smoke0416.jpg,smoke
C:\Users\HishamMo\Desktop\999_cs\Quantum_Inpired_PSO_Classifcation\train\smoke\smoke0418.jpg,smoke
C:\Users\HishamMo\Desktop\999_cs\Quantum_Inpired_PSO_Classifcation\train\smoke\smoke0420.jpg,smoke
C:\Users\HishamMo\Desktop\999_cs\Quantum_Inpired_PSO_Classifcation\train\smoke\smoke0421.jpg,smoke
C:\Users\HishamMo\Desktop\999_cs\Quantum_Inpired_PSO_Classifcation\train\smoke\smoke0423.jpg,smoke
C:\Users\HishamMo\Desktop\999_cs\Quantum_Inpired_PSO_Classifcation\train\smoke\smoke0424.jpg,smoke
C:\Users\HishamMo\Desktop\999_cs\Quantum_Inpired_PSO_Classifcation\train\smoke\smoke0426.jpg,smoke
C:\Users\HishamMo\Desktop\999_cs\Quantum_Inpired_PSO_Classifcation\train\smoke\smoke0427.jpg,smoke
C:\Users\HishamMo\Desktop\999_cs\Quantum_Inpired_PSO_Classifcation\train\smoke\smoke0430.jpg,smoke
C:\Users\HishamMo\Desktop\999_cs\Quantum_Inpired_PSO_Classifcation\train\smoke\smoke0431.jpg,smoke
C:\Users\HishamMo\Desktop\999_cs\Quantum_Inpired_PSO_Classifcation\train\smoke\smoke0433.jpg,smoke
C:\Users\HishamMo\Desktop\999_cs\Quantum_Inpired_PSO_Classifcation\train\smoke\smoke0434.jpg,smoke
C:\Users\HishamMo\Desktop\999_cs\Quantum_Inpired_PSO_Classifcation\train\smoke\smoke0435.jpg,smoke
C:\Users\HishamMo\Desktop\999_cs\Quantum_Inpired_PSO_Classifcation\train\smoke\smoke0436.jpg,smoke
C:\Users\HishamMo\Desktop\999_cs\Quantum_Inpired_PSO_Classifcation\train\smoke\smoke0437.jpg,smoke
C:\Users\HishamMo\Desktop\999_cs\Quantum_Inpired_PSO_Classifcation\train\smoke\smoke0439.jpg,smoke
C:\Users\HishamMo\Desktop\999_cs\Quantum_Inpired_PSO_Classifcation\train\smoke\smoke0440.jpg,smoke
C:\Users\HishamMo\Desktop\999_cs\Quantum_Inpired_PSO_Classifcation\train\smoke\smoke0441.jpg,smoke
C:\Users\HishamMo\Desktop\999_cs\Quantum_Inpired_PSO_Classifcation\train\smoke\smoke0442.jpg,smoke
C:\Users\HishamMo\Desktop\999_cs\Quantum_Inpired_PSO_Classifcation\train\smoke\smoke0443.jpg,smoke
C:\Users\HishamMo\Desktop\999_cs\Quantum_Inpired_PSO_Classifcation\train\smoke\smoke0444.jpg,smoke
C:\Users\HishamMo\Desktop\999_cs\Quantum_Inpired_PSO_Classifcation\train\smoke\smoke0445.jpg,smoke
C:\Users\HishamMo\Desktop\999_cs\Quantum_Inpired_PSO_Classifcation\train\smoke\smoke0446.jpg,smoke
C:\Users\HishamMo\Desktop\999_cs\Quantum_Inpired_PSO_Classifcation\train\smoke\smoke0447.jpg,smoke
C:\Users\HishamMo\Desktop\999_cs\Quantum_Inpired_PSO_Classifcation\train\smoke\smoke0448.jpg,smoke
C:\Users\HishamMo\Desktop\999_cs\Quantum_Inpired_PSO_Classifcation\train\smoke\smoke0450.jpg,smoke
C:\Users\HishamMo\Desktop\999_cs\Quantum_Inpired_PSO_Classifcation\train\smoke\smoke0451.jpg,smoke
C:\Users\HishamMo\Desktop\999_cs\Quantum_Inpired_PSO_Classifcation\train\smoke\smoke0452.jpg,smoke
C:\Users\HishamMo\Desktop\999_cs\Quantum_Inpired_PSO_Classifcation\train\smoke\smoke0453.jpg,smoke
C:\Users\HishamMo\Desktop\999_cs\Quantum_Inpired_PSO_Classifcation\train\smoke\smoke0454.jpg,smoke
C:\Users\HishamMo\Desktop\999_cs\Quantum_Inpired_PSO_Classifcation\train\smoke\smoke0455.jpg,smoke
C:\Users\HishamMo\Desktop\999_cs\Quantum_Inpired_PSO_Classifcation\train\smoke\smoke0456.jpg,smoke
C:\Users\HishamMo\Desktop\999_cs\Quantum_Inpired_PSO_Classifcation\train\smoke\smoke0457.jpg,smoke
C:\Users\HishamMo\Desktop\999_cs\Quantum_Inpired_PSO_Classifcation\train\smoke\smoke0458.jpg,smoke
C:\Users\HishamMo\Desktop\999_cs\Quantum_Inpired_PSO_Classifcation\train\smoke\smoke0459.jpg,smoke
C:\Users\HishamMo\Desktop\999_cs\Quantum_Inpired_PSO_Classifcation\train\smoke\smoke0460.jpg,smoke
C:\Users\HishamMo\Desktop\999_cs\Quantum_Inpired_PSO_Classifcation\train\smoke\smoke0462.jpg,smoke
C:\Users\HishamMo\Desktop\999_cs\Quantum_Inpired_PSO_Classifcation\train\smoke\smoke0463.jpg,smoke
C:\Users\HishamMo\Desktop\999_cs\Quantum_Inpired_PSO_Classifcation\train\smoke\smoke0464.jpg,smoke
C:\Users\HishamMo\Desktop\999_cs\Quantum_Inpired_PSO_Classifcation\train\smoke\smoke0466.jpg,smoke
C:\Users\HishamMo\Desktop\999_cs\Quantum_Inpired_PSO_Classifcation\train\smoke\smoke0467.jpg,smoke
C:\Users\HishamMo\Desktop\999_cs\Quantum_Inpired_PSO_Classifcation\train\smoke\smoke0469.jpg,smoke
C:\Users\HishamMo\Desktop\999_cs\Quantum_Inpired_PSO_Classifcation\train\smoke\smoke0470.jpg,smoke
C:\Users\HishamMo\Desktop\999_cs\Quantum_Inpired_PSO_Classifcation\train\smoke\smoke0471.jpg,smoke
C:\Users\HishamMo\Desktop\999_cs\Quantum_Inpired_PSO_Classifcation\train\smoke\smoke0472.jpg,smoke
C:\Users\HishamMo\Desktop\999_cs\Quantum_Inpired_PSO_Classifcation\train\smoke\smoke0473.jpg,smoke
C:\Users\HishamMo\Desktop\999_cs\Quantum_Inpired_PSO_Classifcation\train\smoke\smoke0475.jpg,smoke
C:\Users\HishamMo\Desktop\999_cs\Quantum_Inpired_PSO_Classifcation\train\smoke\smoke0476.jpg,smoke
C:\Users\HishamMo\Desktop\999_cs\Quantum_Inpired_PSO_Classifcation\train\smoke\smoke0477.jpg,smoke
C:\Users\HishamMo\Desktop\999_cs\Quantum_Inpired_PSO_Classifcation\train\smoke\smoke0478.jpg,smoke
C:\Users\HishamMo\Desktop\999_cs\Quantum_Inpired_PSO_Classifcation\train\smoke\smoke0480.jpg,smoke
C:\Users\HishamMo\Desktop\999_cs\Quantum_Inpired_PSO_Classifcation\train\smoke\smoke0481.jpg,smoke
C:\Users\HishamMo\Desktop\999_cs\Quantum_Inpired_PSO_Classifcation\train\smoke\smoke0482.jpg,smoke
C:\Users\HishamMo\Desktop\999_cs\Quantum_Inpired_PSO_Classifcation\train\smoke\smoke0484.jpg,smoke
C:\Users\HishamMo\Desktop\999_cs\Quantum_Inpired_PSO_Classifcation\train\smoke\smoke0485.jpg,smoke
C:\Users\HishamMo\Desktop\999_cs\Quantum_Inpired_PSO_Classifcation\train\smoke\smoke0486.jpg,smoke
C:\Users\HishamMo\Desktop\999_cs\Quantum_Inpired_PSO_Classifcation\train\smoke\smoke0487.jpg,smoke
C:\Users\HishamMo\Desktop\999_cs\Quantum_Inpired_PSO_Classifcation\train\smoke\smoke0490.jpg,smoke
C:\Users\HishamMo\Desktop\999_cs\Quantum_Inpired_PSO_Classifcation\train\smoke\smoke0491.jpg,smoke
C:\Users\HishamMo\Desktop\999_cs\Quantum_Inpired_PSO_Classifcation\train\smoke\smoke0493.jpg,smoke
C:\Users\HishamMo\Desktop\999_cs\Quantum_Inpired_PSO_Classifcation\train\smoke\smoke0494.jpg,smoke
C:\Users\HishamMo\Desktop\999_cs\Quantum_Inpired_PSO_Classifcation\train\smoke\smoke0496.jpg,smoke
C:\Users\HishamMo\Desktop\999_cs\Quantum_Inpired_PSO_Classifcation\train\smoke\smoke0497.jpg,smoke
C:\Users\HishamMo\Desktop\999_cs\Quantum_Inpired_PSO_Classifcation\train\smoke\smoke0499.jpg,smoke
C:\Users\HishamMo\Desktop\999_cs\Quantum_Inpired_PSO_Classifcation\train\smoke\smoke0500.jpg,smoke
C:\Users\HishamMo\Desktop\999_cs\Quantum_Inpired_PSO_Classifcation\train\smoke\smoke0501.jpg,smoke
C:\Users\HishamMo\Desktop\999_cs\Quantum_Inpired_PSO_Classifcation\train\smoke\smoke0502.jpg,smoke
C:\Users\HishamMo\Desktop\999_cs\Quantum_Inpired_PSO_Classifcation\train\smoke\smoke0503.jpg,smoke
C:\Users\HishamMo\Desktop\999_cs\Quantum_Inpired_PSO_Classifcation\train\smoke\smoke0504.jpg,smoke
C:\Users\HishamMo\Desktop\999_cs\Quantum_Inpired_PSO_Classifcation\train\smoke\smoke0505.jpg,smoke
C:\Users\HishamMo\Desktop\999_cs\Quantum_Inpired_PSO_Classifcation\train\smoke\smoke0506.jpg,smoke
C:\Users\HishamMo\Desktop\999_cs\Quantum_Inpired_PSO_Classifcation\train\smoke\smoke0507.jpg,smoke
C:\Users\HishamMo\Desktop\999_cs\Quantum_Inpired_PSO_Classifcation\train\smoke\smoke0509.jpg,smoke
C:\Users\HishamMo\Desktop\999_cs\Quantum_Inpired_PSO_Classifcation\train\smoke\smoke0510.jpg,smoke
C:\Users\HishamMo\Desktop\999_cs\Quantum_Inpired_PSO_Classifcation\train\smoke\smoke0514.jpg,smoke
C:\Users\HishamMo\Desktop\999_cs\Quantum_Inpired_PSO_Classifcation\train\smoke\smoke0515.jpg,smoke
C:\Users\HishamMo\Desktop\999_cs\Quantum_Inpired_PSO_Classifcation\train\smoke\smoke0516.jpg,smoke
C:\Users\HishamMo\Desktop\999_cs\Quantum_Inpired_PSO_Classifcation\train\smoke\smoke0517.jpg,smoke
C:\Users\HishamMo\Desktop\999_cs\Quantum_Inpired_PSO_Classifcation\train\smoke\smoke0518.jpg,smoke
C:\Users\HishamMo\Desktop\999_cs\Quantum_Inpired_PSO_Classifcation\train\smoke\smoke0519.jpg,smoke
C:\Users\HishamMo\Desktop\999_cs\Quantum_Inpired_PSO_Classifcation\train\smoke\smoke0520.jpg,smoke
C:\Users\HishamMo\Desktop\999_cs\Quantum_Inpired_PSO_Classifcation\train\smoke\smoke0521.jpg,smoke
C:\Users\HishamMo\Desktop\999_cs\Quantum_Inpired_PSO_Classifcation\train\smoke\smoke0522.jpg,smoke
C:\Users\HishamMo\Desktop\999_cs\Quantum_Inpired_PSO_Classifcation\train\smoke\smoke0523.jpg,smoke
C:\Users\HishamMo\Desktop\999_cs\Quantum_Inpired_PSO_Classifcation\train\smoke\smoke0524.jpg,smoke
C:\Users\HishamMo\Desktop\999_cs\Quantum_Inpired_PSO_Classifcation\train\smoke\smoke0527.jpg,smoke
C:\Users\HishamMo\Desktop\999_cs\Quantum_Inpired_PSO_Classifcation\train\smoke\smoke0528.jpg,smoke
C:\Users\HishamMo\Desktop\999_cs\Quantum_Inpired_PSO_Classifcation\train\smoke\smoke0530.jpg,smoke
C:\Users\HishamMo\Desktop\999_cs\Quantum_Inpired_PSO_Classifcation\train\smoke\smoke0532.jpg,smoke
C:\Users\HishamMo\Desktop\999_cs\Quantum_Inpired_PSO_Classifcation\train\smoke\smoke0533.jpg,smoke
C:\Users\HishamMo\Desktop\999_cs\Quantum_Inpired_PSO_Classifcation\train\smoke\smoke0534.jpg,smoke
C:\Users\HishamMo\Desktop\999_cs\Quantum_Inpired_PSO_Classifcation\train\smoke\smoke0535.jpg,smoke
C:\Users\HishamMo\Desktop\999_cs\Quantum_Inpired_PSO_Classifcation\train\smoke\smoke0536.jpg,smoke
C:\Users\HishamMo\Desktop\999_cs\Quantum_Inpired_PSO_Classifcation\train\smoke\smoke0538.jpg,smoke
C:\Users\HishamMo\Desktop\999_cs\Quantum_Inpired_PSO_Classifcation\train\smoke\smoke0539.jpg,smoke
C:\Users\HishamMo\Desktop\999_cs\Quantum_Inpired_PSO_Classifcation\train\smoke\smoke0540.jpg,smoke
C:\Users\HishamMo\Desktop\999_cs\Quantum_Inpired_PSO_Classifcation\train\smoke\smoke0541.jpg,smoke
C:\Users\HishamMo\Desktop\999_cs\Quantum_Inpired_PSO_Classifcation\train\smoke\smoke0542.jpg,smoke
C:\Users\HishamMo\Desktop\999_cs\Quantum_Inpired_PSO_Classifcation\train\smoke\smoke0543.jpg,smoke
C:\Users\HishamMo\Desktop\999_cs\Quantum_Inpired_PSO_Classifcation\train\smoke\smoke0544.jpg,smoke
C:\Users\HishamMo\Desktop\999_cs\Quantum_Inpired_PSO_Classifcation\train\smoke\smoke0545.jpg,smoke
C:\Users\HishamMo\Desktop\999_cs\Quantum_Inpired_PSO_Classifcation\train\smoke\smoke0546.jpg,smoke
C:\Users\HishamMo\Desktop\999_cs\Quantum_Inpired_PSO_Classifcation\train\smoke\smoke0548.jpg,smoke
C:\Users\HishamMo\Desktop\999_cs\Quantum_Inpired_PSO_Classifcation\train\smoke\smoke0549.jpg,smoke
C:\Users\HishamMo\Desktop\999_cs\Quantum_Inpired_PSO_Classifcation\train\smoke\smoke0550.jpg,smoke
C:\Users\HishamMo\Desktop\999_cs\Quantum_Inpired_PSO_Classifcation\train\smoke\smoke0551.jpg,smoke
C:\Users\HishamMo\Desktop\999_cs\Quantum_Inpired_PSO_Classifcation\train\smoke\smoke0553.jpg,smoke
C:\Users\HishamMo\Desktop\999_cs\Quantum_Inpired_PSO_Classifcation\train\smoke\smoke0554.jpg,smoke
C:\Users\HishamMo\Desktop\999_cs\Quantum_Inpired_PSO_Classifcation\train\smoke\smoke0556.jpg,smoke
C:\Users\HishamMo\Desktop\999_cs\Quantum_Inpired_PSO_Classifcation\train\smoke\smoke0557.jpg,smoke
C:\Users\HishamMo\Desktop\999_cs\Quantum_Inpired_PSO_Classifcation\train\smoke\smoke0558.jpg,smoke
C:\Users\HishamMo\Desktop\999_cs\Quantum_Inpired_PSO_Classifcation\train\smoke\smoke0559.jpg,smoke
C:\Users\HishamMo\Desktop\999_cs\Quantum_Inpired_PSO_Classifcation\train\smoke\smoke0560.jpg,smoke
C:\Users\HishamMo\Desktop\999_cs\Quantum_Inpired_PSO_Classifcation\train\smoke\smoke0561.jpg,smoke
C:\Users\HishamMo\Desktop\999_cs\Quantum_Inpired_PSO_Classifcation\train\smoke\smoke0562.jpg,smoke
C:\Users\HishamMo\Desktop\999_cs\Quantum_Inpired_PSO_Classifcation\train\smoke\smoke0563.jpg,smoke
C:\Users\HishamMo\Desktop\999_cs\Quantum_Inpired_PSO_Classifcation\train\smoke\smoke0564.jpg,smoke
C:\Users\HishamMo\Desktop\999_cs\Quantum_Inpired_PSO_Classifcation\train\smoke\smoke0565.jpg,smoke
C:\Users\HishamMo\Desktop\999_cs\Quantum_Inpired_PSO_Classifcation\train\smoke\smoke0567.jpg,smoke
C:\Users\HishamMo\Desktop\999_cs\Quantum_Inpired_PSO_Classifcation\train\smoke\smoke0568.jpg,smoke
C:\Users\HishamMo\Desktop\999_cs\Quantum_Inpired_PSO_Classifcation\train\smoke\smoke0569.jpg,smoke
C:\Users\HishamMo\Desktop\999_cs\Quantum_Inpired_PSO_Classifcation\train\smoke\smoke0570.jpg,smoke
C:\Users\HishamMo\Desktop\999_cs\Quantum_Inpired_PSO_Classifcation\train\smoke\smoke0571.jpg,smoke
C:\Users\HishamMo\Desktop\999_cs\Quantum_Inpired_PSO_Classifcation\train\smoke\smoke0573.jpg,smoke
C:\Users\HishamMo\Desktop\999_cs\Quantum_Inpired_PSO_Classifcation\train\smoke\smoke0574.jpg,smoke
C:\Users\HishamMo\Desktop\999_cs\Quantum_Inpired_PSO_Classifcation\train\smoke\smoke0575.jpg,smoke
C:\Users\HishamMo\Desktop\999_cs\Quantum_Inpired_PSO_Classifcation\train\smoke\smoke0576.jpg,smoke
C:\Users\HishamMo\Desktop\999_cs\Quantum_Inpired_PSO_Classifcation\train\smoke\smoke0577.jpg,smoke
C:\Users\HishamMo\Desktop\999_cs\Quantum_Inpired_PSO_Classifcation\train\smoke\smoke0579.jpg,smoke
C:\Users\HishamMo\Desktop\999_cs\Quantum_Inpired_PSO_Classifcation\train\smoke\smoke0580.jpg,smoke
C:\Users\HishamMo\Desktop\999_cs\Quantum_Inpired_PSO_Classifcation\train\smoke\smoke0581.jpg,smoke
C:\Users\HishamMo\Desktop\999_cs\Quantum_Inpired_PSO_Classifcation\train\smoke\smoke0582.jpg,smoke
C:\Users\HishamMo\Desktop\999_cs\Quantum_Inpired_PSO_Classifcation\train\smoke\smoke0583.jpg,smoke
C:\Users\HishamMo\Desktop\999_cs\Quantum_Inpired_PSO_Classifcation\train\smoke\smoke0584.jpg,smoke
C:\Users\HishamMo\Desktop\999_cs\Quantum_Inpired_PSO_Classifcation\train\smoke\smoke0585.jpg,smoke
C:\Users\HishamMo\Desktop\999_cs\Quantum_Inpired_PSO_Classifcation\train\smoke\smoke0586.jpg,smoke
C:\Users\HishamMo\Desktop\999_cs\Quantum_Inpired_PSO_Classifcation\train\smoke\smoke0587.jpg,smoke
C:\Users\HishamMo\Desktop\999_cs\Quantum_Inpired_PSO_Classifcation\train\smoke\smoke0588.jpg,smoke
C:\Users\HishamMo\Desktop\999_cs\Quantum_Inpired_PSO_Classifcation\train\smoke\smoke0589.jpg,smoke
C:\Users\HishamMo\Desktop\999_cs\Quantum_Inpired_PSO_Classifcation\train\smoke\smoke0590.jpg,smoke
C:\Users\HishamMo\Desktop\999_cs\Quantum_Inpired_PSO_Classifcation\train\smoke\smoke0591.jpg,smoke
C:\Users\HishamMo\Desktop\999_cs\Quantum_Inpired_PSO_Classifcation\train\smoke\smoke0592.jpg,smoke
C:\Users\HishamMo\Desktop\999_cs\Quantum_Inpired_PSO_Classifcation\train\smoke\smoke0593.jpg,smoke
C:\Users\HishamMo\Desktop\999_cs\Quantum_Inpired_PSO_Classifcation\train\smoke\smoke0594.jpg,smoke
C:\Users\HishamMo\Desktop\999_cs\Quantum_Inpired_PSO_Classifcation\train\smoke\smoke0595.jpg,smoke
C:\Users\HishamMo\Desktop\999_cs\Quantum_Inpired_PSO_Classifcation\train\smoke\smoke0597.jpg,smoke
C:\Users\HishamMo\Desktop\999_cs\Quantum_Inpired_PSO_Classifcation\train\smoke\smoke0598.jpg,smoke
C:\Users\HishamMo\Desktop\999_cs\Quantum_Inpired_PSO_Classifcation\train\smoke\smoke0599.jpg,smoke
C:\Users\HishamMo\Desktop\999_cs\Quantum_Inpired_PSO_Classifcation\train\smoke\smoke0603.jpg,smoke
C:\Users\HishamMo\Desktop\999_cs\Quantum_Inpired_PSO_Classifcation\train\smoke\smoke0604.jpg,smoke
C:\Users\HishamMo\Desktop\999_cs\Quantum_Inpired_PSO_Classifcation\train\smoke\smoke0605.jpg,smoke
C:\Users\HishamMo\Desktop\999_cs\Quantum_Inpired_PSO_Classifcation\train\smoke\smoke0606.jpg,smoke
C:\Users\HishamMo\Desktop\999_cs\Quantum_Inpired_PSO_Classifcation\train\smoke\smoke0607.jpg,smoke
C:\Users\HishamMo\Desktop\999_cs\Quantum_Inpired_PSO_Classifcation\train\smoke\smoke0608.jpg,smoke
C:\Users\HishamMo\Desktop\999_cs\Quantum_Inpired_PSO_Classifcation\train\smoke\smoke0609.jpg,smoke
C:\Users\HishamMo\Desktop\999_cs\Quantum_Inpired_PSO_Classifcation\train\smoke\smoke0610.jpg,smoke
C:\Users\HishamMo\Desktop\999_cs\Quantum_Inpired_PSO_Classifcation\train\smoke\smoke0612.jpg,smoke
C:\Users\HishamMo\Desktop\999_cs\Quantum_Inpired_PSO_Classifcation\train\smoke\smoke0613.jpg,smoke
C:\Users\HishamMo\Desktop\999_cs\Quantum_Inpired_PSO_Classifcation\train\smoke\smoke0614.jpg,smoke
C:\Users\HishamMo\Desktop\999_cs\Quantum_Inpired_PSO_Classifcation\train\smoke\smoke0615.jpg,smoke
C:\Users\HishamMo\Desktop\999_cs\Quantum_Inpired_PSO_Classifcation\train\smoke\smoke0616.jpg,smoke
C:\Users\HishamMo\Desktop\999_cs\Quantum_Inpired_PSO_Classifcation\train\smoke\smoke0617.jpg,smoke
C:\Users\HishamMo\Desktop\999_cs\Quantum_Inpired_PSO_Classifcation\train\smoke\smoke0618.jpg,smoke
C:\Users\HishamMo\Desktop\999_cs\Quantum_Inpired_PSO_Classifcation\train\smoke\smoke0619.jpg,smoke
C:\Users\HishamMo\Desktop\999_cs\Quantum_Inpired_PSO_Classifcation\train\smoke\smoke0620.jpg,smoke
C:\Users\HishamMo\Desktop\999_cs\Quantum_Inpired_PSO_Classifcation\train\smoke\smoke0622.jpg,smoke
C:\Users\HishamMo\Desktop\999_cs\Quantum_Inpired_PSO_Classifcation\train\smoke\smoke0623.jpg,smoke
C:\Users\HishamMo\Desktop\999_cs\Quantum_Inpired_PSO_Classifcation\train\smoke\smoke0624.jpg,smoke
C:\Users\HishamMo\Desktop\999_cs\Quantum_Inpired_PSO_Classifcation\train\smoke\smoke0625.jpg,smoke
C:\Users\HishamMo\Desktop\999_cs\Quantum_Inpired_PSO_Classifcation\train\smoke\smoke0626.jpg,smoke
C:\Users\HishamMo\Desktop\999_cs\Quantum_Inpired_PSO_Classifcation\train\smoke\smoke0627.jpg,smoke
C:\Users\HishamMo\Desktop\999_cs\Quantum_Inpired_PSO_Classifcation\train\smoke\smoke0628.jpg,smoke
C:\Users\HishamMo\Desktop\999_cs\Quantum_Inpired_PSO_Classifcation\train\smoke\smoke0629.jpg,smoke
C:\Users\HishamMo\Desktop\999_cs\Quantum_Inpired_PSO_Classifcation\train\smoke\smoke0630.jpg,smoke
C:\Users\HishamMo\Desktop\999_cs\Quantum_Inpired_PSO_Classifcation\train\smoke\smoke0633.jpg,smoke
C:\Users\HishamMo\Desktop\999_cs\Quantum_Inpired_PSO_Classifcation\train\smoke\smoke0634.jpg,smoke
C:\Users\HishamMo\Desktop\999_cs\Quantum_Inpired_PSO_Classifcation\train\smoke\smoke0635.jpg,smoke
C:\Users\HishamMo\Desktop\999_cs\Quantum_Inpired_PSO_Classifcation\train\smoke\smoke0636.jpg,smoke
C:\Users\HishamMo\Desktop\999_cs\Quantum_Inpired_PSO_Classifcation\train\smoke\smoke0639.jpg,smoke
C:\Users\HishamMo\Desktop\999_cs\Quantum_Inpired_PSO_Classifcation\train\smoke\smoke0640.jpg,smoke
C:\Users\HishamMo\Desktop\999_cs\Quantum_Inpired_PSO_Classifcation\train\smoke\smoke0641.jpg,smoke
C:\Users\HishamMo\Desktop\999_cs\Quantum_Inpired_PSO_Classifcation\train\smoke\smoke0643.jpg,smoke
C:\Users\HishamMo\Desktop\999_cs\Quantum_Inpired_PSO_Classifcation\train\smoke\smoke0644.jpg,smoke
C:\Users\HishamMo\Desktop\999_cs\Quantum_Inpired_PSO_Classifcation\train\smoke\smoke0645.jpg,smoke
C:\Users\HishamMo\Desktop\999_cs\Quantum_Inpired_PSO_Classifcation\train\smoke\smoke0646.jpg,smoke
C:\Users\HishamMo\Desktop\999_cs\Quantum_Inpired_PSO_Classifcation\train\smoke\smoke0647.jpg,smoke
C:\Users\HishamMo\Desktop\999_cs\Quantum_Inpired_PSO_Classifcation\train\smoke\smoke0648.jpg,smoke
C:\Users\HishamMo\Desktop\999_cs\Quantum_Inpired_PSO_Classifcation\train\smoke\smoke0650.jpg,smoke
C:\Users\HishamMo\Desktop\999_cs\Quantum_Inpired_PSO_Classifcation\train\smoke\smoke0651.jpg,smoke
C:\Users\HishamMo\Desktop\999_cs\Quantum_Inpired_PSO_Classifcation\train\smoke\smoke0652.jpg,smoke
C:\Users\HishamMo\Desktop\999_cs\Quantum_Inpired_PSO_Classifcation\train\smoke\smoke0653.jpg,smoke
C:\Users\HishamMo\Desktop\999_cs\Quantum_Inpired_PSO_Classifcation\train\smoke\smoke0655.jpg,smoke
C:\Users\HishamMo\Desktop\999_cs\Quantum_Inpired_PSO_Classifcation\train\smoke\smoke0657.jpg,smoke
C:\Users\HishamMo\Desktop\999_cs\Quantum_Inpired_PSO_Classifcation\train\smoke\smoke0661.jpg,smoke
C:\Users\HishamMo\Desktop\999_cs\Quantum_Inpired_PSO_Classifcation\train\smoke\smoke0662.jpg,smoke
C:\Users\HishamMo\Desktop\999_cs\Quantum_Inpired_PSO_Classifcation\train\smoke\smoke0663.jpg,smoke
C:\Users\HishamMo\Desktop\999_cs\Quantum_Inpired_PSO_Classifcation\train\smoke\smoke0664.jpg,smoke
C:\Users\HishamMo\Desktop\999_cs\Quantum_Inpired_PSO_Classifcation\train\smoke\smoke0665.jpg,smoke
C:\Users\HishamMo\Desktop\999_cs\Quantum_Inpired_PSO_Classifcation\train\smoke\smoke0667.jpg,smoke
C:\Users\HishamMo\Desktop\999_cs\Quantum_Inpired_PSO_Classifcation\train\smoke\smoke0668.jpg,smoke
C:\Users\HishamMo\Desktop\999_cs\Quantum_Inpired_PSO_Classifcation\train\smoke\smoke0669.jpg,smoke
C:\Users\HishamMo\Desktop\999_cs\Quantum_Inpired_PSO_Classifcation\train\smoke\smoke0670.jpg,smoke
C:\Users\HishamMo\Desktop\999_cs\Quantum_Inpired_PSO_Classifcation\train\smoke\smoke0671.jpg,smoke
C:\Users\HishamMo\Desktop\999_cs\Quantum_Inpired_PSO_Classifcation\train\smoke\smoke0672.jpg,smoke
C:\Users\HishamMo\Desktop\999_cs\Quantum_Inpired_PSO_Classifcation\train\smoke\smoke0673.jpg,smoke
C:\Users\HishamMo\Desktop\999_cs\Quantum_Inpired_PSO_Classifcation\train\smoke\smoke0674.jpg,smoke
C:\Users\HishamMo\Desktop\999_cs\Quantum_Inpired_PSO_Classifcation\train\smoke\smoke0675.jpg,smoke
C:\Users\HishamMo\Desktop\999_cs\Quantum_Inpired_PSO_Classifcation\train\smoke\smoke0677.jpg,smoke
C:\Users\HishamMo\Desktop\999_cs\Quantum_Inpired_PSO_Classifcation\train\smoke\smoke0680.jpg,smoke
C:\Users\HishamMo\Desktop\999_cs\Quantum_Inpired_PSO_Classifcation\train\smoke\smoke0681.jpg,smoke
C:\Users\HishamMo\Desktop\999_cs\Quantum_Inpired_PSO_Classifcation\train\smoke\smoke0682.jpg,smoke
C:\Users\HishamMo\Desktop\999_cs\Quantum_Inpired_PSO_Classifcation\train\smoke\smoke0683.jpg,smoke
C:\Users\HishamMo\Desktop\999_cs\Quantum_Inpired_PSO_Classifcation\train\smoke\smoke0684.jpg,smoke
C:\Users\HishamMo\Desktop\999_cs\Quantum_Inpired_PSO_Classifcation\train\smoke\smoke0685.jpg,smoke
C:\Users\HishamMo\Desktop\999_cs\Quantum_Inpired_PSO_Classifcation\train\smoke\smoke0687.jpg,smoke
C:\Users\HishamMo\Desktop\999_cs\Quantum_Inpired_PSO_Classifcation\train\smoke\smoke0688.jpg,smoke
C:\Users\HishamMo\Desktop\999_cs\Quantum_Inpired_PSO_Classifcation\train\smoke\smoke0690.jpg,smoke
C:\Users\HishamMo\Desktop\999_cs\Quantum_Inpired_PSO_Classifcation\train\smoke\smoke0691.jpg,smoke
C:\Users\HishamMo\Desktop\999_cs\Quantum_Inpired_PSO_Classifcation\train\smoke\smoke0692.jpg,smoke
C:\Users\HishamMo\Desktop\999_cs\Quantum_Inpired_PSO_Classifcation\train\smoke\smoke0693.jpg,smoke
C:\Users\HishamMo\Desktop\999_cs\Quantum_Inpired_PSO_Classifcation\train\smoke\smoke0694.jpg,smoke
C:\Users\HishamMo\Desktop\999_cs\Quantum_Inpired_PSO_Classifcation\train\smoke\smoke0695.jpg,smoke
C:\Users\HishamMo\Desktop\999_cs\Quantum_Inpired_PSO_Classifcation\train\smoke\smoke0696.jpg,smoke
C:\Users\HishamMo\Desktop\999_cs\Quantum_Inpired_PSO_Classifcation\train\smoke\smoke0698.jpg,smoke
C:\Users\HishamMo\Desktop\999_cs\Quantum_Inpired_PSO_Classifcation\train\smoke\smoke0699.jpg,smoke
C:\Users\HishamMo\Desktop\999_cs\Quantum_Inpired_PSO_Classifcation\train\smoke\smoke0700.jpg,smoke
C:\Users\HishamMo\Desktop\999_cs\Quantum_Inpired_PSO_Classifcation\train\smoke\smoke0701.jpg,smoke
C:\Users\HishamMo\Desktop\999_cs\Quantum_Inpired_PSO_Classifcation\train\smoke\smoke0702.jpg,smoke
C:\Users\HishamMo\Desktop\999_cs\Quantum_Inpired_PSO_Classifcation\train\smoke\smoke0703.jpg,smoke
C:\Users\HishamMo\Desktop\999_cs\Quantum_Inpired_PSO_Classifcation\train\smoke\smoke0705.jpg,smoke
C:\Users\HishamMo\Desktop\999_cs\Quantum_Inpired_PSO_Classifcation\train\smoke\smoke0706.jpg,smoke
C:\Users\HishamMo\Desktop\999_cs\Quantum_Inpired_PSO_Classifcation\train\smoke\smoke0708.jpg,smoke
C:\Users\HishamMo\Desktop\999_cs\Quantum_Inpired_PSO_Classifcation\train\smoke\smoke0709.jpg,smoke
C:\Users\HishamMo\Desktop\999_cs\Quantum_Inpired_PSO_Classifcation\train\smoke\smoke0710.jpg,smoke
C:\Users\HishamMo\Desktop\999_cs\Quantum_Inpired_PSO_Classifcation\train\smoke\smoke0711.jpg,smoke
C:\Users\HishamMo\Desktop\999_cs\Quantum_Inpired_PSO_Classifcation\train\smoke\smoke0712.jpg,smoke
C:\Users\HishamMo\Desktop\999_cs\Quantum_Inpired_PSO_Classifcation\train\smoke\smoke0713.jpg,smoke
C:\Users\HishamMo\Desktop\999_cs\Quantum_Inpired_PSO_Classifcation\train\smoke\smoke0718.jpg,smoke
C:\Users\HishamMo\Desktop\999_cs\Quantum_Inpired_PSO_Classifcation\train\smoke\smoke0719.jpg,smoke
C:\Users\HishamMo\Desktop\999_cs\Quantum_Inpired_PSO_Classifcation\train\smoke\smoke0720.jpg,smoke
C:\Users\HishamMo\Desktop\999_cs\Quantum_Inpired_PSO_Classifcation\train\smoke\smoke0721.jpg,smoke
C:\Users\HishamMo\Desktop\999_cs\Quantum_Inpired_PSO_Classifcation\train\smoke\smoke0723.jpg,smoke
C:\Users\HishamMo\Desktop\999_cs\Quantum_Inpired_PSO_Classifcation\train\smoke\smoke0724.jpg,smoke
C:\Users\HishamMo\Desktop\999_cs\Quantum_Inpired_PSO_Classifcation\train\smoke\smoke0725.jpg,smoke
C:\Users\HishamMo\Desktop\999_cs\Quantum_Inpired_PSO_Classifcation\train\smoke\smoke0726.jpg,smoke
C:\Users\HishamMo\Desktop\999_cs\Quantum_Inpired_PSO_Classifcation\train\smoke\smoke0728.jpg,smoke
C:\Users\HishamMo\Desktop\999_cs\Quantum_Inpired_PSO_Classifcation\train\smoke\smoke0729.jpg,smoke
C:\Users\HishamMo\Desktop\999_cs\Quantum_Inpired_PSO_Classifcation\train\smoke\smoke0730.jpg,smoke
C:\Users\HishamMo\Desktop\999_cs\Quantum_Inpired_PSO_Classifcation\train\smoke\smoke0731.jpg,smoke
C:\Users\HishamMo\Desktop\999_cs\Quantum_Inpired_PSO_Classifcation\train\smoke\smoke0733.jpg,smoke
C:\Users\HishamMo\Desktop\999_cs\Quantum_Inpired_PSO_Classifcation\train\smoke\smoke0735.jpg,smoke
C:\Users\HishamMo\Desktop\999_cs\Quantum_Inpired_PSO_Classifcation\train\smoke\smoke0736.jpg,smoke
C:\Users\HishamMo\Desktop\999_cs\Quantum_Inpired_PSO_Classifcation\train\smoke\smoke0737.jpg,smoke
C:\Users\HishamMo\Desktop\999_cs\Quantum_Inpired_PSO_Classifcation\train\smoke\smoke0738.jpg,smoke
C:\Users\HishamMo\Desktop\999_cs\Quantum_Inpired_PSO_Classifcation\train\smoke\smoke0741.jpg,smoke
C:\Users\HishamMo\Desktop\999_cs\Quantum_Inpired_PSO_Classifcation\train\smoke\smoke0742.jpg,smoke
C:\Users\HishamMo\Desktop\999_cs\Quantum_Inpired_PSO_Classifcation\train\smoke\smoke0743.jpg,smoke
C:\Users\HishamMo\Desktop\999_cs\Quantum_Inpired_PSO_Classifcation\train\smoke\smoke0744.jpg,smoke
C:\Users\HishamMo\Desktop\999_cs\Quantum_Inpired_PSO_Classifcation\train\smoke\smoke0745.jpg,smoke
C:\Users\HishamMo\Desktop\999_cs\Quantum_Inpired_PSO_Classifcation\train\smoke\smoke0746.jpg,smoke
C:\Users\HishamMo\Desktop\999_cs\Quantum_Inpired_PSO_Classifcation\train\smoke\smoke0747.jpg,smoke
C:\Users\HishamMo\Desktop\999_cs\Quantum_Inpired_PSO_Classifcation\train\smoke\smoke0748.jpg,smoke
C:\Users\HishamMo\Desktop\999_cs\Quantum_Inpired_PSO_Classifcation\train\smoke\smoke0749.jpg,smoke
C:\Users\HishamMo\Desktop\999_cs\Quantum_Inpired_PSO_Classifcation\train\smoke\smoke0752.jpg,smoke
C:\Users\HishamMo\Desktop\999_cs\Quantum_Inpired_PSO_Classifcation\train\smoke\smoke0753.jpg,smoke
C:\Users\HishamMo\Desktop\999_cs\Quantum_Inpired_PSO_Classifcation\train\smoke\smoke0755.jpg,smoke
C:\Users\HishamMo\Desktop\999_cs\Quantum_Inpired_PSO_Classifcation\train\smoke\smoke0756.jpg,smoke
C:\Users\HishamMo\Desktop\999_cs\Quantum_Inpired_PSO_Classifcation\train\smoke\smoke0757.jpg,smoke
C:\Users\HishamMo\Desktop\999_cs\Quantum_Inpired_PSO_Classifcation\train\smoke\smoke0758.jpg,smoke
C:\Users\HishamMo\Desktop\999_cs\Quantum_Inpired_PSO_Classifcation\train\smoke\smoke0761.jpg,smoke
C:\Users\HishamMo\Desktop\999_cs\Quantum_Inpired_PSO_Classifcation\train\smoke\smoke0762.jpg,smoke
C:\Users\HishamMo\Desktop\999_cs\Quantum_Inpired_PSO_Classifcation\train\smoke\smoke0763.jpg,smoke
C:\Users\HishamMo\Desktop\999_cs\Quantum_Inpired_PSO_Classifcation\train\smoke\smoke0764.jpg,smoke
C:\Users\HishamMo\Desktop\999_cs\Quantum_Inpired_PSO_Classifcation\train\smoke\smoke0765.jpg,smoke
C:\Users\HishamMo\Desktop\999_cs\Quantum_Inpired_PSO_Classifcation\train\smoke\smoke0767.jpg,smoke
C:\Users\HishamMo\Desktop\999_cs\Quantum_Inpired_PSO_Classifcation\train\smoke\smoke0768.jpg,smoke
C:\Users\HishamMo\Desktop\999_cs\Quantum_Inpired_PSO_Classifcation\train\smoke\smoke0769.jpg,smoke
C:\Users\HishamMo\Desktop\999_cs\Quantum_Inpired_PSO_Classifcation\train\smoke\smoke0770.jpg,smoke
C:\Users\HishamMo\Desktop\999_cs\Quantum_Inpired_PSO_Classifcation\train\smoke\smoke0772.jpg,smoke
C:\Users\HishamMo\Desktop\999_cs\Quantum_Inpired_PSO_Classifcation\train\smoke\smoke0773.jpg,smoke
C:\Users\HishamMo\Desktop\999_cs\Quantum_Inpired_PSO_Classifcation\train\smoke\smoke0774.jpg,smoke
C:\Users\HishamMo\Desktop\999_cs\Quantum_Inpired_PSO_Classifcation\train\smoke\smoke0775.jpg,smoke
C:\Users\HishamMo\Desktop\999_cs\Quantum_Inpired_PSO_Classifcation\train\smoke\smoke0776.jpg,smoke
C:\Users\HishamMo\Desktop\999_cs\Quantum_Inpired_PSO_Classifcation\train\smoke\smoke0779.jpg,smoke
C:\Users\HishamMo\Desktop\999_cs\Quantum_Inpired_PSO_Classifcation\train\smoke\smoke0780.jpg,smoke
C:\Users\HishamMo\Desktop\999_cs\Quantum_Inpired_PSO_Classifcation\train\smoke\smoke0781.jpg,smoke
C:\Users\HishamMo\Desktop\999_cs\Quantum_Inpired_PSO_Classifcation\train\smoke\smoke0782.jpg,smoke
C:\Users\HishamMo\Desktop\999_cs\Quantum_Inpired_PSO_Classifcation\train\smoke\smoke0784.jpg,smoke
C:\Users\HishamMo\Desktop\999_cs\Quantum_Inpired_PSO_Classifcation\train\smoke\smoke0786.jpg,smoke
C:\Users\HishamMo\Desktop\999_cs\Quantum_Inpired_PSO_Classifcation\train\smoke\smoke0787.jpg,smoke
C:\Users\HishamMo\Desktop\999_cs\Quantum_Inpired_PSO_Classifcation\train\smoke\smoke0788.jpg,smoke
C:\Users\HishamMo\Desktop\999_cs\Quantum_Inpired_PSO_Classifcation\train\smoke\smoke0789.jpg,smoke
C:\Users\HishamMo\Desktop\999_cs\Quantum_Inpired_PSO_Classifcation\train\smoke\smoke0790.jpg,smoke
C:\Users\HishamMo\Desktop\999_cs\Quantum_Inpired_PSO_Classifcation\train\smoke\smoke0791.jpg,smoke
C:\Users\HishamMo\Desktop\999_cs\Quantum_Inpired_PSO_Classifcation\train\smoke\smoke0792.jpg,smoke
C:\Users\HishamMo\Desktop\999_cs\Quantum_Inpired_PSO_Classifcation\train\smoke\smoke0794.jpg,smoke
C:\Users\HishamMo\Desktop\999_cs\Quantum_Inpired_PSO_Classifcation\train\smoke\smoke0795.jpg,smoke
C:\Users\HishamMo\Desktop\999_cs\Quantum_Inpired_PSO_Classifcation\train\smoke\smoke0796.jpg,smoke
C:\Users\HishamMo\Desktop\999_cs\Quantum_Inpired_PSO_Classifcation\train\smoke\smoke0797.jpg,smoke
C:\Users\HishamMo\Desktop\999_cs\Quantum_Inpired_PSO_Classifcation\train\smoke\smoke0798.jpg,smoke
C:\Users\HishamMo\Desktop\999_cs\Quantum_Inpired_PSO_Classifcation\train\smoke\smoke0799.jpg,smoke
C:\Users\HishamMo\Desktop\999_cs\Quantum_Inpired_PSO_Classifcation\train\smoke\smoke0800.jpg,smoke
C:\Users\HishamMo\Desktop\999_cs\Quantum_Inpired_PSO_Classifcation\train\smoke\smoke0801.jpg,smoke
C:\Users\HishamMo\Desktop\999_cs\Quantum_Inpired_PSO_Classifcation\train\smoke\smoke0805.jpg,smoke
C:\Users\HishamMo\Desktop\999_cs\Quantum_Inpired_PSO_Classifcation\train\smoke\smoke0808.jpg,smoke
C:\Users\HishamMo\Desktop\999_cs\Quantum_Inpired_PSO_Classifcation\train\smoke\smoke0809.jpg,smoke
C:\Users\HishamMo\Desktop\999_cs\Quantum_Inpired_PSO_Classifcation\train\smoke\smoke0810.jpg,smoke
C:\Users\HishamMo\Desktop\999_cs\Quantum_Inpired_PSO_Classifcation\train\smoke\smoke0811.jpg,smoke
C:\Users\HishamMo\Desktop\999_cs\Quantum_Inpired_PSO_Classifcation\train\smoke\smoke0812.jpg,smoke
C:\Users\HishamMo\Desktop\999_cs\Quantum_Inpired_PSO_Classifcation\train\smoke\smoke0813.jpg,smoke
C:\Users\HishamMo\Desktop\999_cs\Quantum_Inpired_PSO_Classifcation\train\smoke\smoke0815.jpg,smoke
C:\Users\HishamMo\Desktop\999_cs\Quantum_Inpired_PSO_Classifcation\train\smoke\smoke0816.jpg,smoke
C:\Users\HishamMo\Desktop\999_cs\Quantum_Inpired_PSO_Classifcation\train\smoke\smoke0817.jpg,smoke
C:\Users\HishamMo\Desktop\999_cs\Quantum_Inpired_PSO_Classifcation\train\smoke\smoke0818.jpg,smoke
C:\Users\HishamMo\Desktop\999_cs\Quantum_Inpired_PSO_Classifcation\train\smoke\smoke0819.jpg,smoke
C:\Users\HishamMo\Desktop\999_cs\Quantum_Inpired_PSO_Classifcation\train\smoke\smoke0820.jpg,smoke
C:\Users\HishamMo\Desktop\999_cs\Quantum_Inpired_PSO_Classifcation\train\smoke\smoke0821.jpg,smoke
C:\Users\HishamMo\Desktop\999_cs\Quantum_Inpired_PSO_Classifcation\train\smoke\smoke0822.jpg,smoke
C:\Users\HishamMo\Desktop\999_cs\Quantum_Inpired_PSO_Classifcation\train\smoke\smoke0823.jpg,smoke
C:\Users\HishamMo\Desktop\999_cs\Quantum_Inpired_PSO_Classifcation\train\smoke\smoke0824.jpg,smoke
C:\Users\HishamMo\Desktop\999_cs\Quantum_Inpired_PSO_Classifcation\train\smoke\smoke0827.jpg,smoke
C:\Users\HishamMo\Desktop\999_cs\Quantum_Inpired_PSO_Classifcation\train\smoke\smoke0829.jpg,smoke
C:\Users\HishamMo\Desktop\999_cs\Quantum_Inpired_PSO_Classifcation\train\smoke\smoke0831.jpg,smoke
C:\Users\HishamMo\Desktop\999_cs\Quantum_Inpired_PSO_Classifcation\train\smoke\smoke0832.jpg,smoke
C:\Users\HishamMo\Desktop\999_cs\Quantum_Inpired_PSO_Classifcation\train\smoke\smoke0833.jpg,smoke
C:\Users\HishamMo\Desktop\999_cs\Quantum_Inpired_PSO_Classifcation\train\smoke\smoke0834.jpg,smoke
C:\Users\HishamMo\Desktop\999_cs\Quantum_Inpired_PSO_Classifcation\train\smoke\smoke0837.jpg,smoke
C:\Users\HishamMo\Desktop\999_cs\Quantum_Inpired_PSO_Classifcation\train\smoke\smoke0839.jpg,smoke
C:\Users\HishamMo\Desktop\999_cs\Quantum_Inpired_PSO_Classifcation\train\smoke\smoke0840.jpg,smoke
C:\Users\HishamMo\Desktop\999_cs\Quantum_Inpired_PSO_Classifcation\train\smoke\smoke0841.jpg,smoke
C:\Users\HishamMo\Desktop\999_cs\Quantum_Inpired_PSO_Classifcation\train\smoke\smoke0842.jpg,smoke
C:\Users\HishamMo\Desktop\999_cs\Quantum_Inpired_PSO_Classifcation\train\smoke\smoke0844.jpg,smoke
C:\Users\HishamMo\Desktop\999_cs\Quantum_Inpired_PSO_Classifcation\train\smoke\smoke0846.jpg,smoke
C:\Users\HishamMo\Desktop\999_cs\Quantum_Inpired_PSO_Classifcation\train\smoke\smoke0847.jpg,smoke
C:\Users\HishamMo\Desktop\999_cs\Quantum_Inpired_PSO_Classifcation\train\smoke\smoke0848.jpg,smoke
C:\Users\HishamMo\Desktop\999_cs\Quantum_Inpired_PSO_Classifcation\train\smoke\smoke0849.jpg,smoke
C:\Users\HishamMo\Desktop\999_cs\Quantum_Inpired_PSO_Classifcation\train\smoke\smoke0850.jpg,smoke
C:\Users\HishamMo\Desktop\999_cs\Quantum_Inpired_PSO_Classifcation\train\smoke\smoke0852.jpg,smoke
C:\Users\HishamMo\Desktop\999_cs\Quantum_Inpired_PSO_Classifcation\train\smoke\smoke0853.jpg,smoke
C:\Users\HishamMo\Desktop\999_cs\Quantum_Inpired_PSO_Classifcation\train\smoke\smoke0854.jpg,smoke
C:\Users\HishamMo\Desktop\999_cs\Quantum_Inpired_PSO_Classifcation\train\smoke\smoke0855.jpg,smoke
C:\Users\HishamMo\Desktop\999_cs\Quantum_Inpired_PSO_Classifcation\train\smoke\smoke0856.jpg,smoke
C:\Users\HishamMo\Desktop\999_cs\Quantum_Inpired_PSO_Classifcation\train\smoke\smoke0859.jpg,smoke
C:\Users\HishamMo\Desktop\999_cs\Quantum_Inpired_PSO_Classifcation\train\smoke\smoke0860.jpg,smoke
C:\Users\HishamMo\Desktop\999_cs\Quantum_Inpired_PSO_Classifcation\train\smoke\smoke0861.jpg,smoke
C:\Users\HishamMo\Desktop\999_cs\Quantum_Inpired_PSO_Classifcation\train\smoke\smoke0862.jpg,smoke
C:\Users\HishamMo\Desktop\999_cs\Quantum_Inpired_PSO_Classifcation\train\smoke\smoke0863.jpg,smoke
C:\Users\HishamMo\Desktop\999_cs\Quantum_Inpired_PSO_Classifcation\train\smoke\smoke0864.jpg,smoke
C:\Users\HishamMo\Desktop\999_cs\Quantum_Inpired_PSO_Classifcation\train\smoke\smoke0865.jpg,smoke
C:\Users\HishamMo\Desktop\999_cs\Quantum_Inpired_PSO_Classifcation\train\smoke\smoke0867.jpg,smoke
C:\Users\HishamMo\Desktop\999_cs\Quantum_Inpired_PSO_Classifcation\train\smoke\smoke0868.jpg,smoke
C:\Users\HishamMo\Desktop\999_cs\Quantum_Inpired_PSO_Classifcation\train\smoke\smoke0869.jpg,smoke
C:\Users\HishamMo\Desktop\999_cs\Quantum_Inpired_PSO_Classifcation\train\smoke\smoke0870.jpg,smoke
C:\Users\HishamMo\Desktop\999_cs\Quantum_Inpired_PSO_Classifcation\train\smoke\smoke0871.jpg,smoke
C:\Users\HishamMo\Desktop\999_cs\Quantum_Inpired_PSO_Classifcation\train\smoke\smoke0872.jpg,smoke
C:\Users\HishamMo\Desktop\999_cs\Quantum_Inpired_PSO_Classifcation\train\smoke\smoke0873.jpg,smoke
C:\Users\HishamMo\Desktop\999_cs\Quantum_Inpired_PSO_Classifcation\train\smoke\smoke0874.jpg,smoke
C:\Users\HishamMo\Desktop\999_cs\Quantum_Inpired_PSO_Classifcation\train\smoke\smoke0876.jpg,smoke
C:\Users\HishamMo\Desktop\999_cs\Quantum_Inpired_PSO_Classifcation\train\smoke\smoke0877.jpg,smoke
C:\Users\HishamMo\Desktop\999_cs\Quantum_Inpired_PSO_Classifcation\train\smoke\smoke0878.jpg,smoke
C:\Users\HishamMo\Desktop\999_cs\Quantum_Inpired_PSO_Classifcation\train\smoke\smoke0879.jpg,smoke
C:\Users\HishamMo\Desktop\999_cs\Quantum_Inpired_PSO_Classifcation\train\smoke\smoke0881.jpg,smoke
C:\Users\HishamMo\Desktop\999_cs\Quantum_Inpired_PSO_Classifcation\train\smoke\smoke0883.jpg,smoke
C:\Users\HishamMo\Desktop\999_cs\Quantum_Inpired_PSO_Classifcation\train\smoke\smoke0884.jpg,smoke
C:\Users\HishamMo\Desktop\999_cs\Quantum_Inpired_PSO_Classifcation\train\smoke\smoke0885.jpg,smoke
C:\Users\HishamMo\Desktop\999_cs\Quantum_Inpired_PSO_Classifcation\train\smoke\smoke0886.jpg,smoke
C:\Users\HishamMo\Desktop\999_cs\Quantum_Inpired_PSO_Classifcation\train\smoke\smoke0887.jpg,smoke
C:\Users\HishamMo\Desktop\999_cs\Quantum_Inpired_PSO_Classifcation\train\smoke\smoke0888.jpg,smoke
C:\Users\HishamMo\Desktop\999_cs\Quantum_Inpired_PSO_Classifcation\train\smoke\smoke0890.jpg,smoke
C:\Users\HishamMo\Desktop\999_cs\Quantum_Inpired_PSO_Classifcation\train\smoke\smoke0891.jpg,smoke
C:\Users\HishamMo\Desktop\999_cs\Quantum_Inpired_PSO_Classifcation\train\smoke\smoke0892.jpg,smoke
C:\Users\HishamMo\Desktop\999_cs\Quantum_Inpired_PSO_Classifcation\train\smoke\smoke0893.jpg,smoke
C:\Users\HishamMo\Desktop\999_cs\Quantum_Inpired_PSO_Classifcation\train\smoke\smoke0894.jpg,smoke
C:\Users\HishamMo\Desktop\999_cs\Quantum_Inpired_PSO_Classifcation\train\smoke\smoke0895.jpg,smoke
C:\Users\HishamMo\Desktop\999_cs\Quantum_Inpired_PSO_Classifcation\train\smoke\smoke0896.jpg,smoke
C:\Users\HishamMo\Desktop\999_cs\Quantum_Inpired_PSO_Classifcation\train\smoke\smoke0897.jpg,smoke
C:\Users\HishamMo\Desktop\999_cs\Quantum_Inpired_PSO_Classifcation\train\smoke\smoke0898.jpg,smoke
C:\Users\HishamMo\Desktop\999_cs\Quantum_Inpired_PSO_Classifcation\train\smoke\smoke0899.jpg,smoke
C:\Users\HishamMo\Desktop\999_cs\Quantum_Inpired_PSO_Classifcation\train\smoke\smoke0900.jpg,smoke
C:\Users\HishamMo\Desktop\999_cs\Quantum_Inpired_PSO_Classifcation\train\smoke\smoke0901.jpg,smoke
C:\Users\HishamMo\Desktop\999_cs\Quantum_Inpired_PSO_Classifcation\train\smoke\smoke0902.jpg,smoke
C:\Users\HishamMo\Desktop\999_cs\Quantum_Inpired_PSO_Classifcation\train\smoke\smoke0904.jpg,smoke
C:\Users\HishamMo\Desktop\999_cs\Quantum_Inpired_PSO_Classifcation\train\smoke\smoke0905.jpg,smoke
C:\Users\HishamMo\Desktop\999_cs\Quantum_Inpired_PSO_Classifcation\train\smoke\smoke0906.jpg,smoke
C:\Users\HishamMo\Desktop\999_cs\Quantum_Inpired_PSO_Classifcation\train\smoke\smoke0909.jpg,smoke
C:\Users\HishamMo\Desktop\999_cs\Quantum_Inpired_PSO_Classifcation\train\smoke\smoke0910.jpg,smoke
C:\Users\HishamMo\Desktop\999_cs\Quantum_Inpired_PSO_Classifcation\train\smoke\smoke0911.jpg,smoke
C:\Users\HishamMo\Desktop\999_cs\Quantum_Inpired_PSO_Classifcation\train\smoke\smoke0912.jpg,smoke
C:\Users\HishamMo\Desktop\999_cs\Quantum_Inpired_PSO_Classifcation\train\smoke\smoke0913.jpg,smoke
C:\Users\HishamMo\Desktop\999_cs\Quantum_Inpired_PSO_Classifcation\train\smoke\smoke0915.jpg,smoke
C:\Users\HishamMo\Desktop\999_cs\Quantum_Inpired_PSO_Classifcation\train\smoke\smoke0916.jpg,smoke
C:\Users\HishamMo\Desktop\999_cs\Quantum_Inpired_PSO_Classifcation\train\smoke\smoke0917.jpg,smoke
C:\Users\HishamMo\Desktop\999_cs\Quantum_Inpired_PSO_Classifcation\train\smoke\smoke0918.jpg,smoke
C:\Users\HishamMo\Desktop\999_cs\Quantum_Inpired_PSO_Classifcation\train\smoke\smoke0919.jpg,smoke
C:\Users\HishamMo\Desktop\999_cs\Quantum_Inpired_PSO_Classifcation\train\smoke\smoke0920.jpg,smoke
C:\Users\HishamMo\Desktop\999_cs\Quantum_Inpired_PSO_Classifcation\train\smoke\smoke0921.jpg,smoke
C:\Users\HishamMo\Desktop\999_cs\Quantum_Inpired_PSO_Classifcation\train\smoke\smoke0922.jpg,smoke
C:\Users\HishamMo\Desktop\999_cs\Quantum_Inpired_PSO_Classifcation\train\smoke\smoke0924.jpg,smoke
C:\Users\HishamMo\Desktop\999_cs\Quantum_Inpired_PSO_Classifcation\train\smoke\smoke0925.jpg,smoke
C:\Users\HishamMo\Desktop\999_cs\Quantum_Inpired_PSO_Classifcation\train\smoke\smoke0926.jpg,smoke
C:\Users\HishamMo\Desktop\999_cs\Quantum_Inpired_PSO_Classifcation\train\smoke\smoke0928.jpg,smoke
C:\Users\HishamMo\Desktop\999_cs\Quantum_Inpired_PSO_Classifcation\train\smoke\smoke0929.jpg,smoke
C:\Users\HishamMo\Desktop\999_cs\Quantum_Inpired_PSO_Classifcation\train\smoke\smoke0930.jpg,smoke
C:\Users\HishamMo\Desktop\999_cs\Quantum_Inpired_PSO_Classifcation\train\smoke\smoke0931.jpg,smoke
C:\Users\HishamMo\Desktop\999_cs\Quantum_Inpired_PSO_Classifcation\train\smoke\smoke0932.jpg,smoke
C:\Users\HishamMo\Desktop\999_cs\Quantum_Inpired_PSO_Classifcation\train\smoke\smoke0933.jpg,smoke
C:\Users\HishamMo\Desktop\999_cs\Quantum_Inpired_PSO_Classifcation\train\smoke\smoke0934.jpg,smoke
C:\Users\HishamMo\Desktop\999_cs\Quantum_Inpired_PSO_Classifcation\train\smoke\smoke0935.jpg,smoke
C:\Users\HishamMo\Desktop\999_cs\Quantum_Inpired_PSO_Classifcation\train\smoke\smoke0936.jpg,smoke
C:\Users\HishamMo\Desktop\999_cs\Quantum_Inpired_PSO_Classifcation\train\smoke\smoke0938.jpg,smoke
C:\Users\HishamMo\Desktop\999_cs\Quantum_Inpired_PSO_Classifcation\train\smoke\smoke0939.jpg,smoke
C:\Users\HishamMo\Desktop\999_cs\Quantum_Inpired_PSO_Classifcation\train\smoke\smoke0940.jpg,smoke
C:\Users\HishamMo\Desktop\999_cs\Quantum_Inpired_PSO_Classifcation\train\smoke\smoke0941.jpg,smoke
C:\Users\HishamMo\Desktop\999_cs\Quantum_Inpired_PSO_Classifcation\train\smoke\smoke0942.jpg,smoke
C:\Users\HishamMo\Desktop\999_cs\Quantum_Inpired_PSO_Classifcation\train\smoke\smoke0943.jpg,smoke
C:\Users\HishamMo\Desktop\999_cs\Quantum_Inpired_PSO_Classifcation\train\smoke\smoke0944.jpg,smoke
C:\Users\HishamMo\Desktop\999_cs\Quantum_Inpired_PSO_Classifcation\train\smoke\smoke0945.jpg,smoke
C:\Users\HishamMo\Desktop\999_cs\Quantum_Inpired_PSO_Classifcation\train\smoke\smoke0946.jpg,smoke
C:\Users\HishamMo\Desktop\999_cs\Quantum_Inpired_PSO_Classifcation\train\smoke\smoke0947.jpg,smoke
C:\Users\HishamMo\Desktop\999_cs\Quantum_Inpired_PSO_Classifcation\train\smoke\smoke0948.jpg,smoke
C:\Users\HishamMo\Desktop\999_cs\Quantum_Inpired_PSO_Classifcation\train\smoke\smoke0949.jpg,smoke
C:\Users\HishamMo\Desktop\999_cs\Quantum_Inpired_PSO_Classifcation\train\smoke\smoke0951.jpg,smoke
C:\Users\HishamMo\Desktop\999_cs\Quantum_Inpired_PSO_Classifcation\train\smoke\smoke0952.jpg,smoke
C:\Users\HishamMo\Desktop\999_cs\Quantum_Inpired_PSO_Classifcation\train\smoke\smoke0953.jpg,smoke
C:\Users\HishamMo\Desktop\999_cs\Quantum_Inpired_PSO_Classifcation\train\smoke\smoke0955.jpg,smoke
C:\Users\HishamMo\Desktop\999_cs\Quantum_Inpired_PSO_Classifcation\train\smoke\smoke0956.jpg,smoke
C:\Users\HishamMo\Desktop\999_cs\Quantum_Inpired_PSO_Classifcation\train\smoke\smoke0957.jpg,smoke
C:\Users\HishamMo\Desktop\999_cs\Quantum_Inpired_PSO_Classifcation\train\smoke\smoke0958.jpg,smoke
C:\Users\HishamMo\Desktop\999_cs\Quantum_Inpired_PSO_Classifcation\train\smoke\smoke0959.jpg,smoke
C:\Users\HishamMo\Desktop\999_cs\Quantum_Inpired_PSO_Classifcation\train\smoke\smoke0960.jpg,smoke
C:\Users\HishamMo\Desktop\999_cs\Quantum_Inpired_PSO_Classifcation\train\smoke\smoke0961.jpg,smoke
C:\Users\HishamMo\Desktop\999_cs\Quantum_Inpired_PSO_Classifcation\train\smoke\smoke0963.jpg,smoke
C:\Users\HishamMo\Desktop\999_cs\Quantum_Inpired_PSO_Classifcation\train\smoke\smoke0964.jpg,smoke
C:\Users\HishamMo\Desktop\999_cs\Quantum_Inpired_PSO_Classifcation\train\smoke\smoke0965.jpg,smoke
C:\Users\HishamMo\Desktop\999_cs\Quantum_Inpired_PSO_Classifcation\train\smoke\smoke0966.jpg,smoke
C:\Users\HishamMo\Desktop\999_cs\Quantum_Inpired_PSO_Classifcation\train\smoke\smoke0967.jpg,smoke
C:\Users\HishamMo\Desktop\999_cs\Quantum_Inpired_PSO_Classifcation\train\smoke\smoke0968.jpg,smoke
C:\Users\HishamMo\Desktop\999_cs\Quantum_Inpired_PSO_Classifcation\train\smoke\smoke0969.jpg,smoke
C:\Users\HishamMo\Desktop\999_cs\Quantum_Inpired_PSO_Classifcation\train\smoke\smoke0971.jpg,smoke
C:\Users\HishamMo\Desktop\999_cs\Quantum_Inpired_PSO_Classifcation\train\smoke\smoke0973.jpg,smoke
C:\Users\HishamMo\Desktop\999_cs\Quantum_Inpired_PSO_Classifcation\train\smoke\smoke0974.jpg,smoke
C:\Users\HishamMo\Desktop\999_cs\Quantum_Inpired_PSO_Classifcation\train\smoke\smoke0975.jpg,smoke
C:\Users\HishamMo\Desktop\999_cs\Quantum_Inpired_PSO_Classifcation\train\smoke\smoke0976.jpg,smoke
C:\Users\HishamMo\Desktop\999_cs\Quantum_Inpired_PSO_Classifcation\train\smoke\smoke0978.jpg,smoke
C:\Users\HishamMo\Desktop\999_cs\Quantum_Inpired_PSO_Classifcation\train\smoke\smoke0980.jpg,smoke
C:\Users\HishamMo\Desktop\999_cs\Quantum_Inpired_PSO_Classifcation\train\smoke\smoke0981.jpg,smoke
C:\Users\HishamMo\Desktop\999_cs\Quantum_Inpired_PSO_Classifcation\train\smoke\smoke0982.jpg,smoke
C:\Users\HishamMo\Desktop\999_cs\Quantum_Inpired_PSO_Classifcation\train\smoke\smoke0983.jpg,smoke
C:\Users\HishamMo\Desktop\999_cs\Quantum_Inpired_PSO_Classifcation\train\smoke\smoke0984.jpg,smoke
C:\Users\HishamMo\Desktop\999_cs\Quantum_Inpired_PSO_Classifcation\train\smoke\smoke0985.jpg,smoke
C:\Users\HishamMo\Desktop\999_cs\Quantum_Inpired_PSO_Classifcation\train\smoke\smoke0987.jpg,smoke
C:\Users\HishamMo\Desktop\999_cs\Quantum_Inpired_PSO_Classifcation\train\smoke\smoke0988.jpg,smoke
C:\Users\HishamMo\Desktop\999_cs\Quantum_Inpired_PSO_Classifcation\train\smoke\smoke0989.jpg,smoke
C:\Users\HishamMo\Desktop\999_cs\Quantum_Inpired_PSO_Classifcation\train\smoke\smoke0991.jpg,smoke
C:\Users\HishamMo\Desktop\999_cs\Quantum_Inpired_PSO_Classifcation\train\smoke\smoke0992.jpg,smoke
C:\Users\HishamMo\Desktop\999_cs\Quantum_Inpired_PSO_Classifcation\train\smoke\smoke0994.jpg,smoke
C:\Users\HishamMo\Desktop\999_cs\Quantum_Inpired_PSO_Classifcation\train\smoke\smoke0995.jpg,smoke
C:\Users\HishamMo\Desktop\999_cs\Quantum_Inpired_PSO_Classifcation\train\smoke\smoke0997.jpg,smoke
C:\Users\HishamMo\Desktop\999_cs\Quantum_Inpired_PSO_Classifcation\train\smoke\smoke0998.jpg,smoke
C:\Users\HishamMo\Desktop\999_cs\Quantum_Inpired_PSO_Classifcation\train\smoke\smoke1000.jpg,smoke
C:\Users\HishamMo\Desktop\999_cs\Quantum_Inpired_PSO_Classifcation\train\smoke\smoke1001.jpg,smoke
C:\Users\HishamMo\Desktop\999_cs\Quantum_Inpired_PSO_Classifcation\train\smoke\smoke1003.jpg,smoke
C:\Users\HishamMo\Desktop\999_cs\Quantum_Inpired_PSO_Classifcation\train\smoke\smoke1004.jpg,smoke
C:\Users\HishamMo\Desktop\999_cs\Quantum_Inpired_PSO_Classifcation\train\smoke\smoke1005.jpg,smoke
C:\Users\HishamMo\Desktop\999_cs\Quantum_Inpired_PSO_Classifcation\train\smoke\smoke1006.jpg,smoke
C:\Users\HishamMo\Desktop\999_cs\Quantum_Inpired_PSO_Classifcation\train\smoke\smoke1007.jpg,smoke
C:\Users\HishamMo\Desktop\999_cs\Quantum_Inpired_PSO_Classifcation\train\smoke\smoke1008.jpg,smoke
C:\Users\HishamMo\Desktop\999_cs\Quantum_Inpired_PSO_Classifcation\train\smoke\smoke1009.jpg,smoke
C:\Users\HishamMo\Desktop\999_cs\Quantum_Inpired_PSO_Classifcation\train\smoke\smoke1011.jpg,smoke
C:\Users\HishamMo\Desktop\999_cs\Quantum_Inpired_PSO_Classifcation\train\smoke\smoke1012.jpg,smoke
C:\Users\HishamMo\Desktop\999_cs\Quantum_Inpired_PSO_Classifcation\train\smoke\smoke1013.jpg,smoke
C:\Users\HishamMo\Desktop\999_cs\Quantum_Inpired_PSO_Classifcation\train\smoke\smoke1014.jpg,smoke
C:\Users\HishamMo\Desktop\999_cs\Quantum_Inpired_PSO_Classifcation\train\smoke\smoke1015.jpg,smoke
C:\Users\HishamMo\Desktop\999_cs\Quantum_Inpired_PSO_Classifcation\train\smoke\smoke1016.jpg,smoke
C:\Users\HishamMo\Desktop\999_cs\Quantum_Inpired_PSO_Classifcation\train\smoke\smoke1017.jpg,smoke
C:\Users\HishamMo\Desktop\999_cs\Quantum_Inpired_PSO_Classifcation\train\smoke\smoke1018.jpg,smoke
C:\Users\HishamMo\Desktop\999_cs\Quantum_Inpired_PSO_Classifcation\train\smoke\smoke1019.jpg,smoke
C:\Users\HishamMo\Desktop\999_cs\Quantum_Inpired_PSO_Classifcation\train\smoke\smoke1020.jpg,smoke
C:\Users\HishamMo\Desktop\999_cs\Quantum_Inpired_PSO_Classifcation\train\smoke\smoke1021.jpg,smoke
C:\Users\HishamMo\Desktop\999_cs\Quantum_Inpired_PSO_Classifcation\train\smoke\smoke1022.jpg,smoke
C:\Users\HishamMo\Desktop\999_cs\Quantum_Inpired_PSO_Classifcation\train\smoke\smoke1023.jpg,smoke
C:\Users\HishamMo\Desktop\999_cs\Quantum_Inpired_PSO_Classifcation\train\smoke\smoke1025.jpg,smoke
C:\Users\HishamMo\Desktop\999_cs\Quantum_Inpired_PSO_Classifcation\train\smoke\smoke1026.jpg,smoke
C:\Users\HishamMo\Desktop\999_cs\Quantum_Inpired_PSO_Classifcation\train\smoke\smoke1027.jpg,smoke
C:\Users\HishamMo\Desktop\999_cs\Quantum_Inpired_PSO_Classifcation\train\smoke\smoke1028.jpg,smoke
C:\Users\HishamMo\Desktop\999_cs\Quantum_Inpired_PSO_Classifcation\train\smoke\smoke1029.jpg,smoke
C:\Users\HishamMo\Desktop\999_cs\Quantum_Inpired_PSO_Classifcation\train\smoke\smoke1030.jpg,smoke
C:\Users\HishamMo\Desktop\999_cs\Quantum_Inpired_PSO_Classifcation\train\smoke\smoke1031.jpg,smoke
C:\Users\HishamMo\Desktop\999_cs\Quantum_Inpired_PSO_Classifcation\train\smoke\smoke1035.jpg,smoke
C:\Users\HishamMo\Desktop\999_cs\Quantum_Inpired_PSO_Classifcation\train\smoke\smoke1038.jpg,smoke
C:\Users\HishamMo\Desktop\999_cs\Quantum_Inpired_PSO_Classifcation\train\smoke\smoke1039.jpg,smoke
C:\Users\HishamMo\Desktop\999_cs\Quantum_Inpired_PSO_Classifcation\train\smoke\smoke1040.jpg,smoke
C:\Users\HishamMo\Desktop\999_cs\Quantum_Inpired_PSO_Classifcation\train\smoke\smoke1041.jpg,smoke
C:\Users\HishamMo\Desktop\999_cs\Quantum_Inpired_PSO_Classifcation\train\smoke\smoke1042.jpg,smoke
C:\Users\HishamMo\Desktop\999_cs\Quantum_Inpired_PSO_Classifcation\train\smoke\smoke1043.jpg,smoke
C:\Users\HishamMo\Desktop\999_cs\Quantum_Inpired_PSO_Classifcation\train\smoke\smoke1044.jpg,smoke
C:\Users\HishamMo\Desktop\999_cs\Quantum_Inpired_PSO_Classifcation\train\smoke\smoke1045.jpg,smoke
C:\Users\HishamMo\Desktop\999_cs\Quantum_Inpired_PSO_Classifcation\train\smoke\smoke1046.jpg,smoke
C:\Users\HishamMo\Desktop\999_cs\Quantum_Inpired_PSO_Classifcation\train\smoke\smoke1047.jpg,smoke
C:\Users\HishamMo\Desktop\999_cs\Quantum_Inpired_PSO_Classifcation\train\smoke\smoke1048.jpg,smoke
C:\Users\HishamMo\Desktop\999_cs\Quantum_Inpired_PSO_Classifcation\train\smoke\smoke1049.jpg,smoke
C:\Users\HishamMo\Desktop\999_cs\Quantum_Inpired_PSO_Classifcation\train\smoke\smoke1050.jpg,smoke
C:\Users\HishamMo\Desktop\999_cs\Quantum_Inpired_PSO_Classifcation\train\smoke\smoke1051.jpg,smoke
C:\Users\HishamMo\Desktop\999_cs\Quantum_Inpired_PSO_Classifcation\train\smoke\smoke1052.jpg,smoke
C:\Users\HishamMo\Desktop\999_cs\Quantum_Inpired_PSO_Classifcation\train\smoke\smoke1054.jpg,smoke
C:\Users\HishamMo\Desktop\999_cs\Quantum_Inpired_PSO_Classifcation\train\smoke\smoke1055.jpg,smoke
C:\Users\HishamMo\Desktop\999_cs\Quantum_Inpired_PSO_Classifcation\train\smoke\smoke1056.jpg,smoke
C:\Users\HishamMo\Desktop\999_cs\Quantum_Inpired_PSO_Classifcation\train\smoke\smoke1057.jpg,smoke
C:\Users\HishamMo\Desktop\999_cs\Quantum_Inpired_PSO_Classifcation\train\smoke\smoke1058.jpg,smoke
C:\Users\HishamMo\Desktop\999_cs\Quantum_Inpired_PSO_Classifcation\train\smoke\smoke1059.jpg,smoke
C:\Users\HishamMo\Desktop\999_cs\Quantum_Inpired_PSO_Classifcation\train\smoke\smoke1060.jpg,smoke
C:\Users\HishamMo\Desktop\999_cs\Quantum_Inpired_PSO_Classifcation\train\smoke\smoke1061.jpg,smoke
C:\Users\HishamMo\Desktop\999_cs\Quantum_Inpired_PSO_Classifcation\train\smoke\smoke1063.jpg,smoke
C:\Users\HishamMo\Desktop\999_cs\Quantum_Inpired_PSO_Classifcation\train\smoke\smoke1064.jpg,smoke
C:\Users\HishamMo\Desktop\999_cs\Quantum_Inpired_PSO_Classifcation\train\smoke\smoke1066.jpg,smoke
C:\Users\HishamMo\Desktop\999_cs\Quantum_Inpired_PSO_Classifcation\train\smoke\smoke1068.jpg,smoke
C:\Users\HishamMo\Desktop\999_cs\Quantum_Inpired_PSO_Classifcation\train\smoke\smoke1069.jpg,smoke
C:\Users\HishamMo\Desktop\999_cs\Quantum_Inpired_PSO_Classifcation\train\smoke\smoke1070.jpg,smoke
C:\Users\HishamMo\Desktop\999_cs\Quantum_Inpired_PSO_Classifcation\train\smoke\smoke1071.jpg,smoke
C:\Users\HishamMo\Desktop\999_cs\Quantum_Inpired_PSO_Classifcation\train\smoke\smoke1072.jpg,smoke
C:\Users\HishamMo\Desktop\999_cs\Quantum_Inpired_PSO_Classifcation\train\smoke\smoke1073.jpg,smoke
C:\Users\HishamMo\Desktop\999_cs\Quantum_Inpired_PSO_Classifcation\train\smoke\smoke1074.jpg,smoke
C:\Users\HishamMo\Desktop\999_cs\Quantum_Inpired_PSO_Classifcation\train\smoke\smoke1075.jpg,smoke
C:\Users\HishamMo\Desktop\999_cs\Quantum_Inpired_PSO_Classifcation\train\smoke\smoke1076.jpg,smoke
C:\Users\HishamMo\Desktop\999_cs\Quantum_Inpired_PSO_Classifcation\train\smoke\smoke1077.jpg,smoke
C:\Users\HishamMo\Desktop\999_cs\Quantum_Inpired_PSO_Classifcation\train\smoke\smoke1078.jpg,smoke
C:\Users\HishamMo\Desktop\999_cs\Quantum_Inpired_PSO_Classifcation\train\smoke\smoke1079.jpg,smoke
C:\Users\HishamMo\Desktop\999_cs\Quantum_Inpired_PSO_Classifcation\train\smoke\smoke1081.jpg,smoke
C:\Users\HishamMo\Desktop\999_cs\Quantum_Inpired_PSO_Classifcation\train\smoke\smoke1082.jpg,smoke
C:\Users\HishamMo\Desktop\999_cs\Quantum_Inpired_PSO_Classifcation\train\smoke\smoke1084.jpg,smoke
C:\Users\HishamMo\Desktop\999_cs\Quantum_Inpired_PSO_Classifcation\train\smoke\smoke1085.jpg,smoke
C:\Users\HishamMo\Desktop\999_cs\Quantum_Inpired_PSO_Classifcation\train\smoke\smoke1086.jpg,smoke
C:\Users\HishamMo\Desktop\999_cs\Quantum_Inpired_PSO_Classifcation\train\smoke\smoke1087.jpg,smoke
C:\Users\HishamMo\Desktop\999_cs\Quantum_Inpired_PSO_Classifcation\train\smoke\smoke1088.jpg,smoke
C:\Users\HishamMo\Desktop\999_cs\Quantum_Inpired_PSO_Classifcation\train\smoke\smoke1089.jpg,smoke
C:\Users\HishamMo\Desktop\999_cs\Quantum_Inpired_PSO_Classifcation\train\smoke\smoke1090.jpg,smoke
C:\Users\HishamMo\Desktop\999_cs\Quantum_Inpired_PSO_Classifcation\train\smoke\smoke1091.jpg,smoke
C:\Users\HishamMo\Desktop\999_cs\Quantum_Inpired_PSO_Classifcation\train\smoke\smoke1092.jpg,smoke
C:\Users\HishamMo\Desktop\999_cs\Quantum_Inpired_PSO_Classifcation\train\smoke\smoke1094.jpg,smoke
C:\Users\HishamMo\Desktop\999_cs\Quantum_Inpired_PSO_Classifcation\train\smoke\smoke1095.jpg,smoke
C:\Users\HishamMo\Desktop\999_cs\Quantum_Inpired_PSO_Classifcation\train\smoke\smoke1096.jpg,smoke
C:\Users\HishamMo\Desktop\999_cs\Quantum_Inpired_PSO_Classifcation\train\smoke\smoke1097.jpg,smoke
C:\Users\HishamMo\Desktop\999_cs\Quantum_Inpired_PSO_Classifcation\train\smoke\smoke1099.jpg,smoke
C:\Users\HishamMo\Desktop\999_cs\Quantum_Inpired_PSO_Classifcation\train\smoke\smoke1101.jpg,smoke
C:\Users\HishamMo\Desktop\999_cs\Quantum_Inpired_PSO_Classifcation\train\smoke\smoke1105.jpg,smoke
C:\Users\HishamMo\Desktop\999_cs\Quantum_Inpired_PSO_Classifcation\train\smoke\smoke1107.jpg,smoke
C:\Users\HishamMo\Desktop\999_cs\Quantum_Inpired_PSO_Classifcation\train\smoke\smoke1108.jpg,smoke
C:\Users\HishamMo\Desktop\999_cs\Quantum_Inpired_PSO_Classifcation\train\smoke\smoke1110.jpg,smoke
C:\Users\HishamMo\Desktop\999_cs\Quantum_Inpired_PSO_Classifcation\train\smoke\smoke1111.jpg,smoke
C:\Users\HishamMo\Desktop\999_cs\Quantum_Inpired_PSO_Classifcation\train\smoke\smoke1115.jpg,smoke
C:\Users\HishamMo\Desktop\999_cs\Quantum_Inpired_PSO_Classifcation\train\smoke\smoke1116.jpg,smoke
C:\Users\HishamMo\Desktop\999_cs\Quantum_Inpired_PSO_Classifcation\train\smoke\smoke1118.jpg,smoke
C:\Users\HishamMo\Desktop\999_cs\Quantum_Inpired_PSO_Classifcation\train\smoke\smoke1119.jpg,smoke
C:\Users\HishamMo\Desktop\999_cs\Quantum_Inpired_PSO_Classifcation\train\smoke\smoke1120.jpg,smoke
C:\Users\HishamMo\Desktop\999_cs\Quantum_Inpired_PSO_Classifcation\train\smoke\smoke1121.jpg,smoke
C:\Users\HishamMo\Desktop\999_cs\Quantum_Inpired_PSO_Classifcation\train\smoke\smoke1122.jpg,smoke
C:\Users\HishamMo\Desktop\999_cs\Quantum_Inpired_PSO_Classifcation\train\smoke\smoke1123.jpg,smoke
C:\Users\HishamMo\Desktop\999_cs\Quantum_Inpired_PSO_Classifcation\train\smoke\smoke1124.jpg,smoke
C:\Users\HishamMo\Desktop\999_cs\Quantum_Inpired_PSO_Classifcation\train\smoke\smoke1126.jpg,smoke
C:\Users\HishamMo\Desktop\999_cs\Quantum_Inpired_PSO_Classifcation\train\smoke\smoke1127.jpg,smoke
C:\Users\HishamMo\Desktop\999_cs\Quantum_Inpired_PSO_Classifcation\train\smoke\smoke1128.jpg,smoke
C:\Users\HishamMo\Desktop\999_cs\Quantum_Inpired_PSO_Classifcation\train\smoke\smoke1129.jpg,smoke
C:\Users\HishamMo\Desktop\999_cs\Quantum_Inpired_PSO_Classifcation\train\smoke\smoke1130.jpg,smoke
C:\Users\HishamMo\Desktop\999_cs\Quantum_Inpired_PSO_Classifcation\train\smoke\smoke1131.jpg,smoke
C:\Users\HishamMo\Desktop\999_cs\Quantum_Inpired_PSO_Classifcation\train\smoke\smoke1132.jpg,smoke
C:\Users\HishamMo\Desktop\999_cs\Quantum_Inpired_PSO_Classifcation\train\smoke\smoke1133.jpg,smoke
C:\Users\HishamMo\Desktop\999_cs\Quantum_Inpired_PSO_Classifcation\train\smoke\smoke1134.jpg,smoke
C:\Users\HishamMo\Desktop\999_cs\Quantum_Inpired_PSO_Classifcation\train\smoke\smoke1135.jpg,smoke
C:\Users\HishamMo\Desktop\999_cs\Quantum_Inpired_PSO_Classifcation\train\smoke\smoke1136.jpg,smoke
C:\Users\HishamMo\Desktop\999_cs\Quantum_Inpired_PSO_Classifcation\train\smoke\smoke1137.jpg,smoke
C:\Users\HishamMo\Desktop\999_cs\Quantum_Inpired_PSO_Classifcation\train\smoke\smoke1138.jpg,smoke
C:\Users\HishamMo\Desktop\999_cs\Quantum_Inpired_PSO_Classifcation\train\smoke\smoke1139.jpg,smoke
C:\Users\HishamMo\Desktop\999_cs\Quantum_Inpired_PSO_Classifcation\train\smoke\smoke1141.jpg,smoke
C:\Users\HishamMo\Desktop\999_cs\Quantum_Inpired_PSO_Classifcation\train\smoke\smoke1142.jpg,smoke
C:\Users\HishamMo\Desktop\999_cs\Quantum_Inpired_PSO_Classifcation\train\smoke\smoke1143.jpg,smoke
C:\Users\HishamMo\Desktop\999_cs\Quantum_Inpired_PSO_Classifcation\train\smoke\smoke1144.jpg,smoke
C:\Users\HishamMo\Desktop\999_cs\Quantum_Inpired_PSO_Classifcation\train\smoke\smoke1145.jpg,smoke
C:\Users\HishamMo\Desktop\999_cs\Quantum_Inpired_PSO_Classifcation\train\smoke\smoke1146.jpg,smoke
C:\Users\HishamMo\Desktop\999_cs\Quantum_Inpired_PSO_Classifcation\train\smoke\smoke1147.jpg,smoke
C:\Users\HishamMo\Desktop\999_cs\Quantum_Inpired_PSO_Classifcation\train\smoke\smoke1148.jpg,smoke
C:\Users\HishamMo\Desktop\999_cs\Quantum_Inpired_PSO_Classifcation\train\smoke\smoke1150.jpg,smoke
C:\Users\HishamMo\Desktop\999_cs\Quantum_Inpired_PSO_Classifcation\train\smoke\smoke1152.jpg,smoke
C:\Users\HishamMo\Desktop\999_cs\Quantum_Inpired_PSO_Classifcation\train\smoke\smoke1153.jpg,smoke
C:\Users\HishamMo\Desktop\999_cs\Quantum_Inpired_PSO_Classifcation\train\smoke\smoke1154.jpg,smoke
C:\Users\HishamMo\Desktop\999_cs\Quantum_Inpired_PSO_Classifcation\train\smoke\smoke1155.jpg,smoke
C:\Users\HishamMo\Desktop\999_cs\Quantum_Inpired_PSO_Classifcation\train\smoke\smoke1156.jpg,smoke
C:\Users\HishamMo\Desktop\999_cs\Quantum_Inpired_PSO_Classifcation\train\smoke\smoke1157.jpg,smoke
C:\Users\HishamMo\Desktop\999_cs\Quantum_Inpired_PSO_Classifcation\train\smoke\smoke1158.jpg,smoke
C:\Users\HishamMo\Desktop\999_cs\Quantum_Inpired_PSO_Classifcation\train\smoke\smoke1160.jpg,smoke
C:\Users\HishamMo\Desktop\999_cs\Quantum_Inpired_PSO_Classifcation\train\smoke\smoke1161.jpg,smoke
C:\Users\HishamMo\Desktop\999_cs\Quantum_Inpired_PSO_Classifcation\train\smoke\smoke1162.jpg,smoke
C:\Users\HishamMo\Desktop\999_cs\Quantum_Inpired_PSO_Classifcation\train\smoke\smoke1163.jpg,smoke
C:\Users\HishamMo\Desktop\999_cs\Quantum_Inpired_PSO_Classifcation\train\smoke\smoke1165.jpg,smoke
C:\Users\HishamMo\Desktop\999_cs\Quantum_Inpired_PSO_Classifcation\train\smoke\smoke1166.jpg,smoke
C:\Users\HishamMo\Desktop\999_cs\Quantum_Inpired_PSO_Classifcation\train\smoke\smoke1167.jpg,smoke
C:\Users\HishamMo\Desktop\999_cs\Quantum_Inpired_PSO_Classifcation\train\smoke\smoke1168.jpg,smoke
C:\Users\HishamMo\Desktop\999_cs\Quantum_Inpired_PSO_Classifcation\train\smoke\smoke1169.jpg,smoke
C:\Users\HishamMo\Desktop\999_cs\Quantum_Inpired_PSO_Classifcation\train\smoke\smoke1170.jpg,smoke
C:\Users\HishamMo\Desktop\999_cs\Quantum_Inpired_PSO_Classifcation\train\smoke\smoke1172.jpg,smoke
C:\Users\HishamMo\Desktop\999_cs\Quantum_Inpired_PSO_Classifcation\train\smoke\smoke1173.jpg,smoke
C:\Users\HishamMo\Desktop\999_cs\Quantum_Inpired_PSO_Classifcation\train\smoke\smoke1174.jpg,smoke
C:\Users\HishamMo\Desktop\999_cs\Quantum_Inpired_PSO_Classifcation\train\smoke\smoke1176.jpg,smoke
C:\Users\HishamMo\Desktop\999_cs\Quantum_Inpired_PSO_Classifcation\train\smoke\smoke1178.jpg,smoke
C:\Users\HishamMo\Desktop\999_cs\Quantum_Inpired_PSO_Classifcation\train\smoke\smoke1180.jpg,smoke
C:\Users\HishamMo\Desktop\999_cs\Quantum_Inpired_PSO_Classifcation\train\smoke\smoke1181.jpg,smoke
C:\Users\HishamMo\Desktop\999_cs\Quantum_Inpired_PSO_Classifcation\train\smoke\smoke1182.jpg,smoke
C:\Users\HishamMo\Desktop\999_cs\Quantum_Inpired_PSO_Classifcation\train\smoke\smoke1183.jpg,smoke
C:\Users\HishamMo\Desktop\999_cs\Quantum_Inpired_PSO_Classifcation\train\smoke\smoke1184.jpg,smoke
C:\Users\HishamMo\Desktop\999_cs\Quantum_Inpired_PSO_Classifcation\train\smoke\smoke1185.jpg,smoke
C:\Users\HishamMo\Desktop\999_cs\Quantum_Inpired_PSO_Classifcation\train\smoke\smoke1186.jpg,smoke
C:\Users\HishamMo\Desktop\999_cs\Quantum_Inpired_PSO_Classifcation\train\smoke\smoke1187.jpg,smoke
C:\Users\HishamMo\Desktop\999_cs\Quantum_Inpired_PSO_Classifcation\train\smoke\smoke1188.jpg,smoke
C:\Users\HishamMo\Desktop\999_cs\Quantum_Inpired_PSO_Classifcation\train\smoke\smoke1189.jpg,smoke
C:\Users\HishamMo\Desktop\999_cs\Quantum_Inpired_PSO_Classifcation\train\smoke\smoke1191.jpg,smoke
C:\Users\HishamMo\Desktop\999_cs\Quantum_Inpired_PSO_Classifcation\train\smoke\smoke1192.jpg,smoke
C:\Users\HishamMo\Desktop\999_cs\Quantum_Inpired_PSO_Classifcation\train\smoke\smoke1193.jpg,smoke
C:\Users\HishamMo\Desktop\999_cs\Quantum_Inpired_PSO_Classifcation\train\smoke\smoke1194.jpg,smoke
C:\Users\HishamMo\Desktop\999_cs\Quantum_Inpired_PSO_Classifcation\train\smoke\smoke1195.jpg,smoke
C:\Users\HishamMo\Desktop\999_cs\Quantum_Inpired_PSO_Classifcation\train\smoke\smoke1196.jpg,smoke
C:\Users\HishamMo\Desktop\999_cs\Quantum_Inpired_PSO_Classifcation\train\smoke\smoke1198.jpg,smoke
C:\Users\HishamMo\Desktop\999_cs\Quantum_Inpired_PSO_Classifcation\train\smoke\smoke1200.jpg,smoke
C:\Users\HishamMo\Desktop\999_cs\Quantum_Inpired_PSO_Classifcation\train\smoke\smoke1202.jpg,smoke
C:\Users\HishamMo\Desktop\999_cs\Quantum_Inpired_PSO_Classifcation\train\smoke\smoke1203.jpg,smoke
C:\Users\HishamMo\Desktop\999_cs\Quantum_Inpired_PSO_Classifcation\train\smoke\smoke1204.jpg,smoke
C:\Users\HishamMo\Desktop\999_cs\Quantum_Inpired_PSO_Classifcation\train\smoke\smoke1206.jpg,smoke
C:\Users\HishamMo\Desktop\999_cs\Quantum_Inpired_PSO_Classifcation\train\smoke\smoke1207.jpg,smoke
C:\Users\HishamMo\Desktop\999_cs\Quantum_Inpired_PSO_Classifcation\train\smoke\smoke1208.jpg,smoke
C:\Users\HishamMo\Desktop\999_cs\Quantum_Inpired_PSO_Classifcation\train\smoke\smoke1209.jpg,smoke
C:\Users\HishamMo\Desktop\999_cs\Quantum_Inpired_PSO_Classifcation\train\smoke\smoke1210.jpg,smoke
C:\Users\HishamMo\Desktop\999_cs\Quantum_Inpired_PSO_Classifcation\train\smoke\smoke1211.jpg,smoke
C:\Users\HishamMo\Desktop\999_cs\Quantum_Inpired_PSO_Classifcation\train\smoke\smoke1212.jpg,smoke
C:\Users\HishamMo\Desktop\999_cs\Quantum_Inpired_PSO_Classifcation\train\smoke\smoke1213.jpg,smoke
C:\Users\HishamMo\Desktop\999_cs\Quantum_Inpired_PSO_Classifcation\train\smoke\smoke1214.jpg,smoke
C:\Users\HishamMo\Desktop\999_cs\Quantum_Inpired_PSO_Classifcation\train\smoke\smoke1216.jpg,smoke
C:\Users\HishamMo\Desktop\999_cs\Quantum_Inpired_PSO_Classifcation\train\smoke\smoke1217.jpg,smoke
C:\Users\HishamMo\Desktop\999_cs\Quantum_Inpired_PSO_Classifcation\train\smoke\smoke1218.jpg,smoke
C:\Users\HishamMo\Desktop\999_cs\Quantum_Inpired_PSO_Classifcation\train\smoke\smoke1219.jpg,smoke
C:\Users\HishamMo\Desktop\999_cs\Quantum_Inpired_PSO_Classifcation\train\smoke\smoke1220.jpg,smoke
C:\Users\HishamMo\Desktop\999_cs\Quantum_Inpired_PSO_Classifcation\train\smoke\smoke1221.jpg,smoke
C:\Users\HishamMo\Desktop\999_cs\Quantum_Inpired_PSO_Classifcation\train\smoke\smoke1222.jpg,smoke
C:\Users\HishamMo\Desktop\999_cs\Quantum_Inpired_PSO_Classifcation\train\smoke\smoke1223.jpg,smoke
C:\Users\HishamMo\Desktop\999_cs\Quantum_Inpired_PSO_Classifcation\train\smoke\smoke1224.jpg,smoke
C:\Users\HishamMo\Desktop\999_cs\Quantum_Inpired_PSO_Classifcation\train\smoke\smoke1226.jpg,smoke
C:\Users\HishamMo\Desktop\999_cs\Quantum_Inpired_PSO_Classifcation\train\smoke\smoke1227.jpg,smoke
C:\Users\HishamMo\Desktop\999_cs\Quantum_Inpired_PSO_Classifcation\train\smoke\smoke1228.jpg,smoke
C:\Users\HishamMo\Desktop\999_cs\Quantum_Inpired_PSO_Classifcation\train\smoke\smoke1229.jpg,smoke
C:\Users\HishamMo\Desktop\999_cs\Quantum_Inpired_PSO_Classifcation\train\smoke\smoke1230.jpg,smoke
C:\Users\HishamMo\Desktop\999_cs\Quantum_Inpired_PSO_Classifcation\train\smoke\smoke1231.jpg,smoke
C:\Users\HishamMo\Desktop\999_cs\Quantum_Inpired_PSO_Classifcation\train\smoke\smoke1232.jpg,smoke
C:\Users\HishamMo\Desktop\999_cs\Quantum_Inpired_PSO_Classifcation\train\smoke\smoke1233.jpg,smoke
C:\Users\HishamMo\Desktop\999_cs\Quantum_Inpired_PSO_Classifcation\train\smoke\smoke1234.jpg,smoke
C:\Users\HishamMo\Desktop\999_cs\Quantum_Inpired_PSO_Classifcation\train\smoke\smoke1235.jpg,smoke
C:\Users\HishamMo\Desktop\999_cs\Quantum_Inpired_PSO_Classifcation\train\smoke\smoke1236.jpg,smoke
C:\Users\HishamMo\Desktop\999_cs\Quantum_Inpired_PSO_Classifcation\train\smoke\smoke1237.jpg,smoke
C:\Users\HishamMo\Desktop\999_cs\Quantum_Inpired_PSO_Classifcation\train\smoke\smoke1238.jpg,smoke
C:\Users\HishamMo\Desktop\999_cs\Quantum_Inpired_PSO_Classifcation\train\smoke\smoke1239.jpg,smoke
C:\Users\HishamMo\Desktop\999_cs\Quantum_Inpired_PSO_Classifcation\train\smoke\smoke1240.jpg,smoke
C:\Users\HishamMo\Desktop\999_cs\Quantum_Inpired_PSO_Classifcation\train\smoke\smoke1241.jpg,smoke
C:\Users\HishamMo\Desktop\999_cs\Quantum_Inpired_PSO_Classifcation\train\smoke\smoke1243.jpg,smoke
C:\Users\HishamMo\Desktop\999_cs\Quantum_Inpired_PSO_Classifcation\train\smoke\smoke1244.jpg,smoke
C:\Users\HishamMo\Desktop\999_cs\Quantum_Inpired_PSO_Classifcation\train\smoke\smoke1245.jpg,smoke
C:\Users\HishamMo\Desktop\999_cs\Quantum_Inpired_PSO_Classifcation\train\smoke\smoke1248.jpg,smoke
C:\Users\HishamMo\Desktop\999_cs\Quantum_Inpired_PSO_Classifcation\train\smoke\smoke1249.jpg,smoke
C:\Users\HishamMo\Desktop\999_cs\Quantum_Inpired_PSO_Classifcation\train\smoke\smoke1250.jpg,smoke
C:\Users\HishamMo\Desktop\999_cs\Quantum_Inpired_PSO_Classifcation\train\smoke\smoke1251.jpg,smoke
C:\Users\HishamMo\Desktop\999_cs\Quantum_Inpired_PSO_Classifcation\train\smoke\smoke1253.jpg,smoke
C:\Users\HishamMo\Desktop\999_cs\Quantum_Inpired_PSO_Classifcation\train\smoke\smoke1254.jpg,smoke
C:\Users\HishamMo\Desktop\999_cs\Quantum_Inpired_PSO_Classifcation\train\smoke\smoke1255.jpg,smoke
C:\Users\HishamMo\Desktop\999_cs\Quantum_Inpired_PSO_Classifcation\train\smoke\smoke1256.jpg,smoke
C:\Users\HishamMo\Desktop\999_cs\Quantum_Inpired_PSO_Classifcation\train\smoke\smoke1257.jpg,smoke
C:\Users\HishamMo\Desktop\999_cs\Quantum_Inpired_PSO_Classifcation\train\smoke\smoke1258.jpg,smoke
C:\Users\HishamMo\Desktop\999_cs\Quantum_Inpired_PSO_Classifcation\train\smoke\smoke1262.jpg,smoke
C:\Users\HishamMo\Desktop\999_cs\Quantum_Inpired_PSO_Classifcation\train\smoke\smoke1263.jpg,smoke
C:\Users\HishamMo\Desktop\999_cs\Quantum_Inpired_PSO_Classifcation\train\smoke\smoke1264.jpg,smoke
C:\Users\HishamMo\Desktop\999_cs\Quantum_Inpired_PSO_Classifcation\train\smoke\smoke1265.jpg,smoke
C:\Users\HishamMo\Desktop\999_cs\Quantum_Inpired_PSO_Classifcation\train\smoke\smoke1267.jpg,smoke
C:\Users\HishamMo\Desktop\999_cs\Quantum_Inpired_PSO_Classifcation\train\smoke\smoke1268.jpg,smoke
C:\Users\HishamMo\Desktop\999_cs\Quantum_Inpired_PSO_Classifcation\train\smoke\smoke1269.jpg,smoke
C:\Users\HishamMo\Desktop\999_cs\Quantum_Inpired_PSO_Classifcation\train\smoke\smoke1270.jpg,smoke
C:\Users\HishamMo\Desktop\999_cs\Quantum_Inpired_PSO_Classifcation\train\smoke\smoke1271.jpg,smoke
C:\Users\HishamMo\Desktop\999_cs\Quantum_Inpired_PSO_Classifcation\train\smoke\smoke1273.jpg,smoke
C:\Users\HishamMo\Desktop\999_cs\Quantum_Inpired_PSO_Classifcation\train\smoke\smoke1274.jpg,smoke
C:\Users\HishamMo\Desktop\999_cs\Quantum_Inpired_PSO_Classifcation\train\smoke\smoke1275.jpg,smoke
C:\Users\HishamMo\Desktop\999_cs\Quantum_Inpired_PSO_Classifcation\train\smoke\smoke1277.jpg,smoke
C:\Users\HishamMo\Desktop\999_cs\Quantum_Inpired_PSO_Classifcation\train\smoke\smoke1280.jpg,smoke
C:\Users\HishamMo\Desktop\999_cs\Quantum_Inpired_PSO_Classifcation\train\smoke\smoke1281.jpg,smoke
C:\Users\HishamMo\Desktop\999_cs\Quantum_Inpired_PSO_Classifcation\train\smoke\smoke1282.jpg,smoke
C:\Users\HishamMo\Desktop\999_cs\Quantum_Inpired_PSO_Classifcation\train\smoke\smoke1283.jpg,smoke
C:\Users\HishamMo\Desktop\999_cs\Quantum_Inpired_PSO_Classifcation\train\smoke\smoke1284.jpg,smoke
C:\Users\HishamMo\Desktop\999_cs\Quantum_Inpired_PSO_Classifcation\train\smoke\smoke1285.jpg,smoke
C:\Users\HishamMo\Desktop\999_cs\Quantum_Inpired_PSO_Classifcation\train\smoke\smoke1286.jpg,smoke
C:\Users\HishamMo\Desktop\999_cs\Quantum_Inpired_PSO_Classifcation\train\smoke\smoke1287.jpg,smoke
C:\Users\HishamMo\Desktop\999_cs\Quantum_Inpired_PSO_Classifcation\train\smoke\smoke1288.jpg,smoke
C:\Users\HishamMo\Desktop\999_cs\Quantum_Inpired_PSO_Classifcation\train\smoke\smoke1289.jpg,smoke
C:\Users\HishamMo\Desktop\999_cs\Quantum_Inpired_PSO_Classifcation\train\smoke\smoke1290.jpg,smoke
C:\Users\HishamMo\Desktop\999_cs\Quantum_Inpired_PSO_Classifcation\train\smoke\smoke1291.jpg,smoke
C:\Users\HishamMo\Desktop\999_cs\Quantum_Inpired_PSO_Classifcation\train\smoke\smoke1292.jpg,smoke
C:\Users\HishamMo\Desktop\999_cs\Quantum_Inpired_PSO_Classifcation\train\smoke\smoke1293.jpg,smoke
C:\Users\HishamMo\Desktop\999_cs\Quantum_Inpired_PSO_Classifcation\train\smoke\smoke1295.jpg,smoke
C:\Users\HishamMo\Desktop\999_cs\Quantum_Inpired_PSO_Classifcation\train\smoke\smoke1296.jpg,smoke
C:\Users\HishamMo\Desktop\999_cs\Quantum_Inpired_PSO_Classifcation\train\smoke\smoke1297.jpg,smoke
C:\Users\HishamMo\Desktop\999_cs\Quantum_Inpired_PSO_Classifcation\train\smoke\smoke1298.jpg,smoke
C:\Users\HishamMo\Desktop\999_cs\Quantum_Inpired_PSO_Classifcation\train\smoke\smoke1300.jpg,smoke
C:\Users\HishamMo\Desktop\999_cs\Quantum_Inpired_PSO_Classifcation\train\smoke\smoke1301.jpg,smoke
C:\Users\HishamMo\Desktop\999_cs\Quantum_Inpired_PSO_Classifcation\train\smoke\smoke1302.jpg,smoke
C:\Users\HishamMo\Desktop\999_cs\Quantum_Inpired_PSO_Classifcation\train\smoke\smoke1303.jpg,smoke
C:\Users\HishamMo\Desktop\999_cs\Quantum_Inpired_PSO_Classifcation\train\smoke\smoke1304.jpg,smoke
C:\Users\HishamMo\Desktop\999_cs\Quantum_Inpired_PSO_Classifcation\train\smoke\smoke1305.jpg,smoke
C:\Users\HishamMo\Desktop\999_cs\Quantum_Inpired_PSO_Classifcation\train\smoke\smoke1306.jpg,smoke
C:\Users\HishamMo\Desktop\999_cs\Quantum_Inpired_PSO_Classifcation\train\smoke\smoke1308.jpg,smoke
C:\Users\HishamMo\Desktop\999_cs\Quantum_Inpired_PSO_Classifcation\train\smoke\smoke1310.jpg,smoke
C:\Users\HishamMo\Desktop\999_cs\Quantum_Inpired_PSO_Classifcation\train\smoke\smoke1311.jpg,smoke
C:\Users\HishamMo\Desktop\999_cs\Quantum_Inpired_PSO_Classifcation\train\smoke\smoke1312.jpg,smoke
C:\Users\HishamMo\Desktop\999_cs\Quantum_Inpired_PSO_Classifcation\train\smoke\smoke1313.jpg,smoke
C:\Users\HishamMo\Desktop\999_cs\Quantum_Inpired_PSO_Classifcation\train\smoke\smoke1314.jpg,smoke
C:\Users\HishamMo\Desktop\999_cs\Quantum_Inpired_PSO_Classifcation\train\smoke\smoke1315.jpg,smoke
C:\Users\HishamMo\Desktop\999_cs\Quantum_Inpired_PSO_Classifcation\train\smoke\smoke1317.jpg,smoke
C:\Users\HishamMo\Desktop\999_cs\Quantum_Inpired_PSO_Classifcation\train\smoke\smoke1318.jpg,smoke
C:\Users\HishamMo\Desktop\999_cs\Quantum_Inpired_PSO_Classifcation\train\smoke\smoke1320.jpg,smoke
C:\Users\HishamMo\Desktop\999_cs\Quantum_Inpired_PSO_Classifcation\train\smoke\smoke1322.jpg,smoke
C:\Users\HishamMo\Desktop\999_cs\Quantum_Inpired_PSO_Classifcation\train\smoke\smoke1323.jpg,smoke
C:\Users\HishamMo\Desktop\999_cs\Quantum_Inpired_PSO_Classifcation\train\smoke\smoke1324.jpg,smoke
C:\Users\HishamMo\Desktop\999_cs\Quantum_Inpired_PSO_Classifcation\train\smoke\smoke1325.jpg,smoke
C:\Users\HishamMo\Desktop\999_cs\Quantum_Inpired_PSO_Classifcation\train\smoke\smoke1326.jpg,smoke
C:\Users\HishamMo\Desktop\999_cs\Quantum_Inpired_PSO_Classifcation\train\smoke\smoke1327.jpg,smoke
C:\Users\HishamMo\Desktop\999_cs\Quantum_Inpired_PSO_Classifcation\train\smoke\smoke1328.jpg,smoke
C:\Users\HishamMo\Desktop\999_cs\Quantum_Inpired_PSO_Classifcation\train\smoke\smoke1329.jpg,smoke
C:\Users\HishamMo\Desktop\999_cs\Quantum_Inpired_PSO_Classifcation\train\smoke\smoke1330.jpg,smoke
C:\Users\HishamMo\Desktop\999_cs\Quantum_Inpired_PSO_Classifcation\train\smoke\smoke1332.jpg,smoke
C:\Users\HishamMo\Desktop\999_cs\Quantum_Inpired_PSO_Classifcation\train\smoke\smoke1333.jpg,smoke
C:\Users\HishamMo\Desktop\999_cs\Quantum_Inpired_PSO_Classifcation\train\smoke\smoke1335.jpg,smoke
C:\Users\HishamMo\Desktop\999_cs\Quantum_Inpired_PSO_Classifcation\train\smoke\smoke1336.jpg,smoke
C:\Users\HishamMo\Desktop\999_cs\Quantum_Inpired_PSO_Classifcation\train\smoke\smoke1337.jpg,smoke
C:\Users\HishamMo\Desktop\999_cs\Quantum_Inpired_PSO_Classifcation\train\smoke\smoke1339.jpg,smoke
C:\Users\HishamMo\Desktop\999_cs\Quantum_Inpired_PSO_Classifcation\train\smoke\smoke1340.jpg,smoke
C:\Users\HishamMo\Desktop\999_cs\Quantum_Inpired_PSO_Classifcation\train\smoke\smoke1343.jpg,smoke
C:\Users\HishamMo\Desktop\999_cs\Quantum_Inpired_PSO_Classifcation\train\smoke\smoke1344.jpg,smoke
C:\Users\HishamMo\Desktop\999_cs\Quantum_Inpired_PSO_Classifcation\train\smoke\smoke1345.jpg,smoke
C:\Users\HishamMo\Desktop\999_cs\Quantum_Inpired_PSO_Classifcation\train\smoke\smoke1346.jpg,smoke
C:\Users\HishamMo\Desktop\999_cs\Quantum_Inpired_PSO_Classifcation\train\smoke\smoke1348.jpg,smoke
C:\Users\HishamMo\Desktop\999_cs\Quantum_Inpired_PSO_Classifcation\train\smoke\smoke1350.jpg,smoke
C:\Users\HishamMo\Desktop\999_cs\Quantum_Inpired_PSO_Classifcation\train\smoke\smoke1351.jpg,smoke
C:\Users\HishamMo\Desktop\999_cs\Quantum_Inpired_PSO_Classifcation\train\smoke\smoke1353.jpg,smoke
C:\Users\HishamMo\Desktop\999_cs\Quantum_Inpired_PSO_Classifcation\train\smoke\smoke1354.jpg,smoke
C:\Users\HishamMo\Desktop\999_cs\Quantum_Inpired_PSO_Classifcation\train\smoke\smoke1356.jpg,smoke
C:\Users\HishamMo\Desktop\999_cs\Quantum_Inpired_PSO_Classifcation\train\smoke\smoke1357.jpg,smoke
C:\Users\HishamMo\Desktop\999_cs\Quantum_Inpired_PSO_Classifcation\train\smoke\smoke1358.jpg,smoke
C:\Users\HishamMo\Desktop\999_cs\Quantum_Inpired_PSO_Classifcation\train\smoke\smoke1360.jpg,smoke
C:\Users\HishamMo\Desktop\999_cs\Quantum_Inpired_PSO_Classifcation\train\smoke\smoke1362.jpg,smoke
C:\Users\HishamMo\Desktop\999_cs\Quantum_Inpired_PSO_Classifcation\train\smoke\smoke1363.jpg,smoke
C:\Users\HishamMo\Desktop\999_cs\Quantum_Inpired_PSO_Classifcation\train\smoke\smoke1365.jpg,smoke
C:\Users\HishamMo\Desktop\999_cs\Quantum_Inpired_PSO_Classifcation\train\smoke\smoke1367.jpg,smoke
C:\Users\HishamMo\Desktop\999_cs\Quantum_Inpired_PSO_Classifcation\train\smoke\smoke1368.jpg,smoke
C:\Users\HishamMo\Desktop\999_cs\Quantum_Inpired_PSO_Classifcation\train\smoke\smoke1369.jpg,smoke
C:\Users\HishamMo\Desktop\999_cs\Quantum_Inpired_PSO_Classifcation\train\smoke\smoke1371.jpg,smoke
C:\Users\HishamMo\Desktop\999_cs\Quantum_Inpired_PSO_Classifcation\train\smoke\smoke1372.jpg,smoke
C:\Users\HishamMo\Desktop\999_cs\Quantum_Inpired_PSO_Classifcation\train\smoke\smoke1373.jpg,smoke
C:\Users\HishamMo\Desktop\999_cs\Quantum_Inpired_PSO_Classifcation\train\smoke\smoke1374.jpg,smoke
C:\Users\HishamMo\Desktop\999_cs\Quantum_Inpired_PSO_Classifcation\train\smoke\smoke1375.jpg,smoke
C:\Users\HishamMo\Desktop\999_cs\Quantum_Inpired_PSO_Classifcation\train\smoke\smoke1378.jpg,smoke
C:\Users\HishamMo\Desktop\999_cs\Quantum_Inpired_PSO_Classifcation\train\smoke\smoke1379.jpg,smoke
C:\Users\HishamMo\Desktop\999_cs\Quantum_Inpired_PSO_Classifcation\train\smoke\smoke1380.jpg,smoke
C:\Users\HishamMo\Desktop\999_cs\Quantum_Inpired_PSO_Classifcation\train\smoke\smoke1381.jpg,smoke
C:\Users\HishamMo\Desktop\999_cs\Quantum_Inpired_PSO_Classifcation\train\smoke\smoke1382.jpg,smoke
C:\Users\HishamMo\Desktop\999_cs\Quantum_Inpired_PSO_Classifcation\train\smoke\smoke1383.jpg,smoke
C:\Users\HishamMo\Desktop\999_cs\Quantum_Inpired_PSO_Classifcation\train\smoke\smoke1384.jpg,smoke
C:\Users\HishamMo\Desktop\999_cs\Quantum_Inpired_PSO_Classifcation\train\smoke\smoke1386.jpg,smoke
C:\Users\HishamMo\Desktop\999_cs\Quantum_Inpired_PSO_Classifcation\train\smoke\smoke1387.jpg,smoke
C:\Users\HishamMo\Desktop\999_cs\Quantum_Inpired_PSO_Classifcation\train\smoke\smoke1388.jpg,smoke
C:\Users\HishamMo\Desktop\999_cs\Quantum_Inpired_PSO_Classifcation\train\smoke\smoke1389.jpg,smoke
C:\Users\HishamMo\Desktop\999_cs\Quantum_Inpired_PSO_Classifcation\train\smoke\smoke1390.jpg,smoke
C:\Users\HishamMo\Desktop\999_cs\Quantum_Inpired_PSO_Classifcation\train\smoke\smoke1391.jpg,smoke
C:\Users\HishamMo\Desktop\999_cs\Quantum_Inpired_PSO_Classifcation\train\smoke\smoke1392.jpg,smoke
C:\Users\HishamMo\Desktop\999_cs\Quantum_Inpired_PSO_Classifcation\train\smoke\smoke1394.jpg,smoke
C:\Users\HishamMo\Desktop\999_cs\Quantum_Inpired_PSO_Classifcation\train\smoke\smoke1395.jpg,smoke
C:\Users\HishamMo\Desktop\999_cs\Quantum_Inpired_PSO_Classifcation\train\smoke\smoke1396.jpg,smoke
C:\Users\HishamMo\Desktop\999_cs\Quantum_Inpired_PSO_Classifcation\train\smoke\smoke1397.jpg,smoke
C:\Users\HishamMo\Desktop\999_cs\Quantum_Inpired_PSO_Classifcation\train\smoke\smoke1398.jpg,smoke
C:\Users\HishamMo\Desktop\999_cs\Quantum_Inpired_PSO_Classifcation\train\smoke\smoke1399.jpg,smoke
C:\Users\HishamMo\Desktop\999_cs\Quantum_Inpired_PSO_Classifcation\train\smoke\smoke1400.jpg,smoke
C:\Users\HishamMo\Desktop\999_cs\Quantum_Inpired_PSO_Classifcation\train\smoke\smoke1401.jpg,smoke
C:\Users\HishamMo\Desktop\999_cs\Quantum_Inpired_PSO_Classifcation\train\smoke\smoke1402.jpg,smoke
C:\Users\HishamMo\Desktop\999_cs\Quantum_Inpired_PSO_Classifcation\train\smoke\smoke1403.jpg,smoke
C:\Users\HishamMo\Desktop\999_cs\Quantum_Inpired_PSO_Classifcation\train\smoke\smoke1404.jpg,smoke
C:\Users\HishamMo\Desktop\999_cs\Quantum_Inpired_PSO_Classifcation\train\smoke\smoke1405.jpg,smoke
C:\Users\HishamMo\Desktop\999_cs\Quantum_Inpired_PSO_Classifcation\train\smoke\smoke1406.jpg,smoke
C:\Users\HishamMo\Desktop\999_cs\Quantum_Inpired_PSO_Classifcation\train\smoke\smoke1407.jpg,smoke
C:\Users\HishamMo\Desktop\999_cs\Quantum_Inpired_PSO_Classifcation\train\smoke\smoke1408.jpg,smoke
C:\Users\HishamMo\Desktop\999_cs\Quantum_Inpired_PSO_Classifcation\train\smoke\smoke1409.jpg,smoke
C:\Users\HishamMo\Desktop\999_cs\Quantum_Inpired_PSO_Classifcation\train\smoke\smoke1411.jpg,smoke
C:\Users\HishamMo\Desktop\999_cs\Quantum_Inpired_PSO_Classifcation\train\smoke\smoke1412.jpg,smoke
C:\Users\HishamMo\Desktop\999_cs\Quantum_Inpired_PSO_Classifcation\train\smoke\smoke1413.jpg,smoke
C:\Users\HishamMo\Desktop\999_cs\Quantum_Inpired_PSO_Classifcation\train\smoke\smoke1414.jpg,smoke
C:\Users\HishamMo\Desktop\999_cs\Quantum_Inpired_PSO_Classifcation\train\smoke\smoke1415.jpg,smoke
C:\Users\HishamMo\Desktop\999_cs\Quantum_Inpired_PSO_Classifcation\train\smoke\smoke1416.jpg,smoke
C:\Users\HishamMo\Desktop\999_cs\Quantum_Inpired_PSO_Classifcation\train\smoke\smoke1418.jpg,smoke
C:\Users\HishamMo\Desktop\999_cs\Quantum_Inpired_PSO_Classifcation\train\smoke\smoke1419.jpg,smoke
C:\Users\HishamMo\Desktop\999_cs\Quantum_Inpired_PSO_Classifcation\train\smoke\smoke1420.jpg,smoke
C:\Users\HishamMo\Desktop\999_cs\Quantum_Inpired_PSO_Classifcation\train\smoke\smoke1421.jpg,smoke
C:\Users\HishamMo\Desktop\999_cs\Quantum_Inpired_PSO_Classifcation\train\smoke\smoke1422.jpg,smoke
C:\Users\HishamMo\Desktop\999_cs\Quantum_Inpired_PSO_Classifcation\train\smoke\smoke1424.jpg,smoke
C:\Users\HishamMo\Desktop\999_cs\Quantum_Inpired_PSO_Classifcation\train\smoke\smoke1425.jpg,smoke
C:\Users\HishamMo\Desktop\999_cs\Quantum_Inpired_PSO_Classifcation\train\smoke\smoke1427.jpg,smoke
C:\Users\HishamMo\Desktop\999_cs\Quantum_Inpired_PSO_Classifcation\train\smoke\smoke1428.jpg,smoke
C:\Users\HishamMo\Desktop\999_cs\Quantum_Inpired_PSO_Classifcation\train\smoke\smoke1431.jpg,smoke
C:\Users\HishamMo\Desktop\999_cs\Quantum_Inpired_PSO_Classifcation\train\smoke\smoke1433.jpg,smoke
C:\Users\HishamMo\Desktop\999_cs\Quantum_Inpired_PSO_Classifcation\train\smoke\smoke1434.jpg,smoke
C:\Users\HishamMo\Desktop\999_cs\Quantum_Inpired_PSO_Classifcation\train\smoke\smoke1435.jpg,smoke
C:\Users\HishamMo\Desktop\999_cs\Quantum_Inpired_PSO_Classifcation\train\smoke\smoke1436.jpg,smoke
C:\Users\HishamMo\Desktop\999_cs\Quantum_Inpired_PSO_Classifcation\train\smoke\smoke1437.jpg,smoke
C:\Users\HishamMo\Desktop\999_cs\Quantum_Inpired_PSO_Classifcation\train\smoke\smoke1438.jpg,smoke
C:\Users\HishamMo\Desktop\999_cs\Quantum_Inpired_PSO_Classifcation\train\smoke\smoke1439.jpg,smoke
C:\Users\HishamMo\Desktop\999_cs\Quantum_Inpired_PSO_Classifcation\train\smoke\smoke1440.jpg,smoke
C:\Users\HishamMo\Desktop\999_cs\Quantum_Inpired_PSO_Classifcation\train\smoke\smoke1441.jpg,smoke
C:\Users\HishamMo\Desktop\999_cs\Quantum_Inpired_PSO_Classifcation\train\smoke\smoke1442.jpg,smoke
C:\Users\HishamMo\Desktop\999_cs\Quantum_Inpired_PSO_Classifcation\train\smoke\smoke1443.jpg,smoke
C:\Users\HishamMo\Desktop\999_cs\Quantum_Inpired_PSO_Classifcation\train\smoke\smoke1444.jpg,smoke
C:\Users\HishamMo\Desktop\999_cs\Quantum_Inpired_PSO_Classifcation\train\smoke\smoke1446.jpg,smoke
C:\Users\HishamMo\Desktop\999_cs\Quantum_Inpired_PSO_Classifcation\train\smoke\smoke1447.jpg,smoke
C:\Users\HishamMo\Desktop\999_cs\Quantum_Inpired_PSO_Classifcation\train\smoke\smoke1448.jpg,smoke
C:\Users\HishamMo\Desktop\999_cs\Quantum_Inpired_PSO_Classifcation\train\smoke\smoke1449.jpg,smoke
C:\Users\HishamMo\Desktop\999_cs\Quantum_Inpired_PSO_Classifcation\train\smoke\smoke1450.jpg,smoke
C:\Users\HishamMo\Desktop\999_cs\Quantum_Inpired_PSO_Classifcation\train\smoke\smoke1452.jpg,smoke
C:\Users\HishamMo\Desktop\999_cs\Quantum_Inpired_PSO_Classifcation\train\smoke\smoke1453.jpg,smoke
C:\Users\HishamMo\Desktop\999_cs\Quantum_Inpired_PSO_Classifcation\train\smoke\smoke1455.jpg,smoke
C:\Users\HishamMo\Desktop\999_cs\Quantum_Inpired_PSO_Classifcation\train\smoke\smoke1456.jpg,smoke
C:\Users\HishamMo\Desktop\999_cs\Quantum_Inpired_PSO_Classifcation\train\smoke\smoke1457.jpg,smoke
C:\Users\HishamMo\Desktop\999_cs\Quantum_Inpired_PSO_Classifcation\train\smoke\smoke1458.jpg,smoke
C:\Users\HishamMo\Desktop\999_cs\Quantum_Inpired_PSO_Classifcation\train\smoke\smoke1459.jpg,smoke
C:\Users\HishamMo\Desktop\999_cs\Quantum_Inpired_PSO_Classifcation\train\smoke\smoke1461.jpg,smoke
C:\Users\HishamMo\Desktop\999_cs\Quantum_Inpired_PSO_Classifcation\train\smoke\smoke1462.jpg,smoke
C:\Users\HishamMo\Desktop\999_cs\Quantum_Inpired_PSO_Classifcation\train\smoke\smoke1463.jpg,smoke
C:\Users\HishamMo\Desktop\999_cs\Quantum_Inpired_PSO_Classifcation\train\smoke\smoke1465.jpg,smoke
C:\Users\HishamMo\Desktop\999_cs\Quantum_Inpired_PSO_Classifcation\train\smoke\smoke1466.jpg,smoke
C:\Users\HishamMo\Desktop\999_cs\Quantum_Inpired_PSO_Classifcation\train\smoke\smoke1467.jpg,smoke
C:\Users\HishamMo\Desktop\999_cs\Quantum_Inpired_PSO_Classifcation\train\smoke\smoke1468.jpg,smoke
C:\Users\HishamMo\Desktop\999_cs\Quantum_Inpired_PSO_Classifcation\train\smoke\smoke1469.jpg,smoke
C:\Users\HishamMo\Desktop\999_cs\Quantum_Inpired_PSO_Classifcation\train\smoke\smoke1471.jpg,smoke
C:\Users\HishamMo\Desktop\999_cs\Quantum_Inpired_PSO_Classifcation\train\smoke\smoke1473.jpg,smoke
C:\Users\HishamMo\Desktop\999_cs\Quantum_Inpired_PSO_Classifcation\train\smoke\smoke1474.jpg,smoke
C:\Users\HishamMo\Desktop\999_cs\Quantum_Inpired_PSO_Classifcation\train\smoke\smoke1475.jpg,smoke
C:\Users\HishamMo\Desktop\999_cs\Quantum_Inpired_PSO_Classifcation\train\smoke\smoke1478.jpg,smoke
C:\Users\HishamMo\Desktop\999_cs\Quantum_Inpired_PSO_Classifcation\train\smoke\smoke1479.jpg,smoke
C:\Users\HishamMo\Desktop\999_cs\Quantum_Inpired_PSO_Classifcation\train\smoke\smoke1481.jpg,smoke
C:\Users\HishamMo\Desktop\999_cs\Quantum_Inpired_PSO_Classifcation\train\smoke\smoke1482.jpg,smoke
C:\Users\HishamMo\Desktop\999_cs\Quantum_Inpired_PSO_Classifcation\train\smoke\smoke1483.jpg,smoke
C:\Users\HishamMo\Desktop\999_cs\Quantum_Inpired_PSO_Classifcation\train\smoke\smoke1484.jpg,smoke
C:\Users\HishamMo\Desktop\999_cs\Quantum_Inpired_PSO_Classifcation\train\smoke\smoke1485.jpg,smoke
C:\Users\HishamMo\Desktop\999_cs\Quantum_Inpired_PSO_Classifcation\train\smoke\smoke1487.jpg,smoke
C:\Users\HishamMo\Desktop\999_cs\Quantum_Inpired_PSO_Classifcation\train\smoke\smoke1488.jpg,smoke
C:\Users\HishamMo\Desktop\999_cs\Quantum_Inpired_PSO_Classifcation\train\smoke\smoke1489.jpg,smoke
C:\Users\HishamMo\Desktop\999_cs\Quantum_Inpired_PSO_Classifcation\train\smoke\smoke1490.jpg,smoke
C:\Users\HishamMo\Desktop\999_cs\Quantum_Inpired_PSO_Classifcation\train\smoke\smoke1491.jpg,smoke
C:\Users\HishamMo\Desktop\999_cs\Quantum_Inpired_PSO_Classifcation\train\smoke\smoke1493.jpg,smoke
C:\Users\HishamMo\Desktop\999_cs\Quantum_Inpired_PSO_Classifcation\train\smoke\smoke1495.jpg,smoke
C:\Users\HishamMo\Desktop\999_cs\Quantum_Inpired_PSO_Classifcation\train\smoke\smoke1497.jpg,smoke
C:\Users\HishamMo\Desktop\999_cs\Quantum_Inpired_PSO_Classifcation\train\smoke\smoke1498.jpg,smoke
C:\Users\HishamMo\Desktop\999_cs\Quantum_Inpired_PSO_Classifcation\train\smoke\smoke1499.jpg,smoke
C:\Users\HishamMo\Desktop\999_cs\Quantum_Inpired_PSO_Classifcation\train\smoke\smoke1500.jpg,smoke
C:\Users\HishamMo\Desktop\999_cs\Quantum_Inpired_PSO_Classifcation\train\smoke\smoke1501.jpg,smoke
C:\Users\HishamMo\Desktop\999_cs\Quantum_Inpired_PSO_Classifcation\train\smoke\smoke1502.jpg,smoke
C:\Users\HishamMo\Desktop\999_cs\Quantum_Inpired_PSO_Classifcation\train\smoke\smoke1503.jpg,smoke
C:\Users\HishamMo\Desktop\999_cs\Quantum_Inpired_PSO_Classifcation\train\smoke\smoke1505.jpg,smoke
C:\Users\HishamMo\Desktop\999_cs\Quantum_Inpired_PSO_Classifcation\train\smoke\smoke1509.jpg,smoke
C:\Users\HishamMo\Desktop\999_cs\Quantum_Inpired_PSO_Classifcation\train\smoke\smoke1510.jpg,smoke
C:\Users\HishamMo\Desktop\999_cs\Quantum_Inpired_PSO_Classifcation\train\smoke\smoke1511.jpg,smoke
C:\Users\HishamMo\Desktop\999_cs\Quantum_Inpired_PSO_Classifcation\train\smoke\smoke1513.jpg,smoke
C:\Users\HishamMo\Desktop\999_cs\Quantum_Inpired_PSO_Classifcation\train\smoke\smoke1514.jpg,smoke
C:\Users\HishamMo\Desktop\999_cs\Quantum_Inpired_PSO_Classifcation\train\smoke\smoke1515.jpg,smoke
C:\Users\HishamMo\Desktop\999_cs\Quantum_Inpired_PSO_Classifcation\train\smoke\smoke1516.jpg,smoke
C:\Users\HishamMo\Desktop\999_cs\Quantum_Inpired_PSO_Classifcation\train\smoke\smoke1517.jpg,smoke
C:\Users\HishamMo\Desktop\999_cs\Quantum_Inpired_PSO_Classifcation\train\smoke\smoke1518.jpg,smoke
C:\Users\HishamMo\Desktop\999_cs\Quantum_Inpired_PSO_Classifcation\train\smoke\smoke1519.jpg,smoke
C:\Users\HishamMo\Desktop\999_cs\Quantum_Inpired_PSO_Classifcation\train\smoke\smoke1520.jpg,smoke
C:\Users\HishamMo\Desktop\999_cs\Quantum_Inpired_PSO_Classifcation\train\smoke\smoke1521.jpg,smoke
C:\Users\HishamMo\Desktop\999_cs\Quantum_Inpired_PSO_Classifcation\train\smoke\smoke1522.jpg,smoke
C:\Users\HishamMo\Desktop\999_cs\Quantum_Inpired_PSO_Classifcation\train\smoke\smoke1524.jpg,smoke
C:\Users\HishamMo\Desktop\999_cs\Quantum_Inpired_PSO_Classifcation\train\smoke\smoke1525.jpg,smoke
C:\Users\HishamMo\Desktop\999_cs\Quantum_Inpired_PSO_Classifcation\train\smoke\smoke1526.jpg,smoke
C:\Users\HishamMo\Desktop\999_cs\Quantum_Inpired_PSO_Classifcation\train\smoke\smoke1527.jpg,smoke
C:\Users\HishamMo\Desktop\999_cs\Quantum_Inpired_PSO_Classifcation\train\smoke\smoke1528.jpg,smoke
C:\Users\HishamMo\Desktop\999_cs\Quantum_Inpired_PSO_Classifcation\train\smoke\smoke1529.jpg,smoke
C:\Users\HishamMo\Desktop\999_cs\Quantum_Inpired_PSO_Classifcation\train\smoke\smoke1530.jpg,smoke
C:\Users\HishamMo\Desktop\999_cs\Quantum_Inpired_PSO_Classifcation\train\smoke\smoke1531.jpg,smoke
C:\Users\HishamMo\Desktop\999_cs\Quantum_Inpired_PSO_Classifcation\train\smoke\smoke1532.jpg,smoke
C:\Users\HishamMo\Desktop\999_cs\Quantum_Inpired_PSO_Classifcation\train\smoke\smoke1533.jpg,smoke
C:\Users\HishamMo\Desktop\999_cs\Quantum_Inpired_PSO_Classifcation\train\smoke\smoke1534.jpg,smoke
C:\Users\HishamMo\Desktop\999_cs\Quantum_Inpired_PSO_Classifcation\train\smoke\smoke1535.jpg,smoke
C:\Users\HishamMo\Desktop\999_cs\Quantum_Inpired_PSO_Classifcation\train\smoke\smoke1536.jpg,smoke
C:\Users\HishamMo\Desktop\999_cs\Quantum_Inpired_PSO_Classifcation\train\smoke\smoke1537.jpg,smoke
C:\Users\HishamMo\Desktop\999_cs\Quantum_Inpired_PSO_Classifcation\train\smoke\smoke1539.jpg,smoke
C:\Users\HishamMo\Desktop\999_cs\Quantum_Inpired_PSO_Classifcation\train\smoke\smoke1542.jpg,smoke
C:\Users\HishamMo\Desktop\999_cs\Quantum_Inpired_PSO_Classifcation\train\smoke\smoke1543.jpg,smoke
C:\Users\HishamMo\Desktop\999_cs\Quantum_Inpired_PSO_Classifcation\train\smoke\smoke1544.jpg,smoke
C:\Users\HishamMo\Desktop\999_cs\Quantum_Inpired_PSO_Classifcation\train\smoke\smoke1545.jpg,smoke
C:\Users\HishamMo\Desktop\999_cs\Quantum_Inpired_PSO_Classifcation\train\smoke\smoke1546.jpg,smoke
C:\Users\HishamMo\Desktop\999_cs\Quantum_Inpired_PSO_Classifcation\train\smoke\smoke1549.jpg,smoke
C:\Users\HishamMo\Desktop\999_cs\Quantum_Inpired_PSO_Classifcation\train\smoke\smoke1550.jpg,smoke
C:\Users\HishamMo\Desktop\999_cs\Quantum_Inpired_PSO_Classifcation\train\smoke\smoke1551.jpg,smoke
C:\Users\HishamMo\Desktop\999_cs\Quantum_Inpired_PSO_Classifcation\train\smoke\smoke1552.jpg,smoke
C:\Users\HishamMo\Desktop\999_cs\Quantum_Inpired_PSO_Classifcation\train\smoke\smoke1553.jpg,smoke
C:\Users\HishamMo\Desktop\999_cs\Quantum_Inpired_PSO_Classifcation\train\smoke\smoke1554.jpg,smoke
C:\Users\HishamMo\Desktop\999_cs\Quantum_Inpired_PSO_Classifcation\train\smoke\smoke1556.jpg,smoke
C:\Users\HishamMo\Desktop\999_cs\Quantum_Inpired_PSO_Classifcation\train\smoke\smoke1557.jpg,smoke
C:\Users\HishamMo\Desktop\999_cs\Quantum_Inpired_PSO_Classifcation\train\smoke\smoke1558.jpg,smoke
C:\Users\HishamMo\Desktop\999_cs\Quantum_Inpired_PSO_Classifcation\train\smoke\smoke1559.jpg,smoke
C:\Users\HishamMo\Desktop\999_cs\Quantum_Inpired_PSO_Classifcation\train\smoke\smoke1560.jpg,smoke
C:\Users\HishamMo\Desktop\999_cs\Quantum_Inpired_PSO_Classifcation\train\smoke\smoke1561.jpg,smoke
C:\Users\HishamMo\Desktop\999_cs\Quantum_Inpired_PSO_Classifcation\train\smoke\smoke1562.jpg,smoke
C:\Users\HishamMo\Desktop\999_cs\Quantum_Inpired_PSO_Classifcation\train\smoke\smoke1563.jpg,smoke
C:\Users\HishamMo\Desktop\999_cs\Quantum_Inpired_PSO_Classifcation\train\smoke\smoke1564.jpg,smoke
C:\Users\HishamMo\Desktop\999_cs\Quantum_Inpired_PSO_Classifcation\train\smoke\smoke1565.jpg,smoke
C:\Users\HishamMo\Desktop\999_cs\Quantum_Inpired_PSO_Classifcation\train\smoke\smoke1566.jpg,smoke
C:\Users\HishamMo\Desktop\999_cs\Quantum_Inpired_PSO_Classifcation\train\smoke\smoke1568.jpg,smoke
C:\Users\HishamMo\Desktop\999_cs\Quantum_Inpired_PSO_Classifcation\train\smoke\smoke1569.jpg,smoke
C:\Users\HishamMo\Desktop\999_cs\Quantum_Inpired_PSO_Classifcation\train\smoke\smoke1571.jpg,smoke
C:\Users\HishamMo\Desktop\999_cs\Quantum_Inpired_PSO_Classifcation\train\smoke\smoke1572.jpg,smoke
C:\Users\HishamMo\Desktop\999_cs\Quantum_Inpired_PSO_Classifcation\train\smoke\smoke1573.jpg,smoke
C:\Users\HishamMo\Desktop\999_cs\Quantum_Inpired_PSO_Classifcation\train\smoke\smoke1574.jpg,smoke
C:\Users\HishamMo\Desktop\999_cs\Quantum_Inpired_PSO_Classifcation\train\smoke\smoke1575.jpg,smoke
C:\Users\HishamMo\Desktop\999_cs\Quantum_Inpired_PSO_Classifcation\train\smoke\smoke1577.jpg,smoke
C:\Users\HishamMo\Desktop\999_cs\Quantum_Inpired_PSO_Classifcation\train\smoke\smoke1580.jpg,smoke
C:\Users\HishamMo\Desktop\999_cs\Quantum_Inpired_PSO_Classifcation\train\smoke\smoke1581.jpg,smoke
C:\Users\HishamMo\Desktop\999_cs\Quantum_Inpired_PSO_Classifcation\train\smoke\smoke1583.jpg,smoke
C:\Users\HishamMo\Desktop\999_cs\Quantum_Inpired_PSO_Classifcation\train\smoke\smoke1584.jpg,smoke
C:\Users\HishamMo\Desktop\999_cs\Quantum_Inpired_PSO_Classifcation\train\smoke\smoke1585.jpg,smoke
C:\Users\HishamMo\Desktop\999_cs\Quantum_Inpired_PSO_Classifcation\train\smoke\smoke1586.jpg,smoke
C:\Users\HishamMo\Desktop\999_cs\Quantum_Inpired_PSO_Classifcation\train\smoke\smoke1587.jpg,smoke
C:\Users\HishamMo\Desktop\999_cs\Quantum_Inpired_PSO_Classifcation\train\smoke\smoke1588.jpg,smoke
C:\Users\HishamMo\Desktop\999_cs\Quantum_Inpired_PSO_Classifcation\train\smoke\smoke1591.jpg,smoke
C:\Users\HishamMo\Desktop\999_cs\Quantum_Inpired_PSO_Classifcation\train\smoke\smoke1592.jpg,smoke
C:\Users\HishamMo\Desktop\999_cs\Quantum_Inpired_PSO_Classifcation\train\smoke\smoke1594.jpg,smoke
C:\Users\HishamMo\Desktop\999_cs\Quantum_Inpired_PSO_Classifcation\train\smoke\smoke1595.jpg,smoke
C:\Users\HishamMo\Desktop\999_cs\Quantum_Inpired_PSO_Classifcation\train\smoke\smoke1596.jpg,smoke
C:\Users\HishamMo\Desktop\999_cs\Quantum_Inpired_PSO_Classifcation\train\smoke\smoke1597.jpg,smoke
C:\Users\HishamMo\Desktop\999_cs\Quantum_Inpired_PSO_Classifcation\train\smoke\smoke1598.jpg,smoke
C:\Users\HishamMo\Desktop\999_cs\Quantum_Inpired_PSO_Classifcation\train\smoke\smoke1600.jpg,smoke
C:\Users\HishamMo\Desktop\999_cs\Quantum_Inpired_PSO_Classifcation\train\smoke\smoke1601.jpg,smoke
C:\Users\HishamMo\Desktop\999_cs\Quantum_Inpired_PSO_Classifcation\train\smoke\smoke1602.jpg,smoke
C:\Users\HishamMo\Desktop\999_cs\Quantum_Inpired_PSO_Classifcation\train\smoke\smoke1603.jpg,smoke
C:\Users\HishamMo\Desktop\999_cs\Quantum_Inpired_PSO_Classifcation\train\smoke\smoke1605.jpg,smoke
C:\Users\HishamMo\Desktop\999_cs\Quantum_Inpired_PSO_Classifcation\train\smoke\smoke1606.jpg,smoke
C:\Users\HishamMo\Desktop\999_cs\Quantum_Inpired_PSO_Classifcation\train\smoke\smoke1607.jpg,smoke
C:\Users\HishamMo\Desktop\999_cs\Quantum_Inpired_PSO_Classifcation\train\smoke\smoke1609.jpg,smoke
C:\Users\HishamMo\Desktop\999_cs\Quantum_Inpired_PSO_Classifcation\train\smoke\smoke1610.jpg,smoke
C:\Users\HishamMo\Desktop\999_cs\Quantum_Inpired_PSO_Classifcation\train\smoke\smoke1611.jpg,smoke
C:\Users\HishamMo\Desktop\999_cs\Quantum_Inpired_PSO_Classifcation\train\smoke\smoke1613.jpg,smoke
C:\Users\HishamMo\Desktop\999_cs\Quantum_Inpired_PSO_Classifcation\train\smoke\smoke1615.jpg,smoke
C:\Users\HishamMo\Desktop\999_cs\Quantum_Inpired_PSO_Classifcation\train\smoke\smoke1616.jpg,smoke
C:\Users\HishamMo\Desktop\999_cs\Quantum_Inpired_PSO_Classifcation\train\smoke\smoke1617.jpg,smoke
C:\Users\HishamMo\Desktop\999_cs\Quantum_Inpired_PSO_Classifcation\train\smoke\smoke1618.jpg,smoke
C:\Users\HishamMo\Desktop\999_cs\Quantum_Inpired_PSO_Classifcation\train\smoke\smoke1619.jpg,smoke
C:\Users\HishamMo\Desktop\999_cs\Quantum_Inpired_PSO_Classifcation\train\smoke\smoke1620.jpg,smoke
C:\Users\HishamMo\Desktop\999_cs\Quantum_Inpired_PSO_Classifcation\train\smoke\smoke1622.jpg,smoke
C:\Users\HishamMo\Desktop\999_cs\Quantum_Inpired_PSO_Classifcation\train\smoke\smoke1624.jpg,smoke
C:\Users\HishamMo\Desktop\999_cs\Quantum_Inpired_PSO_Classifcation\train\smoke\smoke1625.jpg,smoke
C:\Users\HishamMo\Desktop\999_cs\Quantum_Inpired_PSO_Classifcation\train\smoke\smoke1626.jpg,smoke
C:\Users\HishamMo\Desktop\999_cs\Quantum_Inpired_PSO_Classifcation\train\smoke\smoke1628.jpg,smoke
C:\Users\HishamMo\Desktop\999_cs\Quantum_Inpired_PSO_Classifcation\train\smoke\smoke1629.jpg,smoke
C:\Users\HishamMo\Desktop\999_cs\Quantum_Inpired_PSO_Classifcation\train\smoke\smoke1630.jpg,smoke
C:\Users\HishamMo\Desktop\999_cs\Quantum_Inpired_PSO_Classifcation\train\smoke\smoke1631.jpg,smoke
C:\Users\HishamMo\Desktop\999_cs\Quantum_Inpired_PSO_Classifcation\train\smoke\smoke1632.jpg,smoke
C:\Users\HishamMo\Desktop\999_cs\Quantum_Inpired_PSO_Classifcation\train\smoke\smoke1633.jpg,smoke
C:\Users\HishamMo\Desktop\999_cs\Quantum_Inpired_PSO_Classifcation\train\smoke\smoke1635.jpg,smoke
C:\Users\HishamMo\Desktop\999_cs\Quantum_Inpired_PSO_Classifcation\train\smoke\smoke1636.jpg,smoke
C:\Users\HishamMo\Desktop\999_cs\Quantum_Inpired_PSO_Classifcation\train\smoke\smoke1639.jpg,smoke
C:\Users\HishamMo\Desktop\999_cs\Quantum_Inpired_PSO_Classifcation\train\smoke\smoke1640.jpg,smoke
C:\Users\HishamMo\Desktop\999_cs\Quantum_Inpired_PSO_Classifcation\train\smoke\smoke1641.jpg,smoke
C:\Users\HishamMo\Desktop\999_cs\Quantum_Inpired_PSO_Classifcation\train\smoke\smoke1642.jpg,smoke
C:\Users\HishamMo\Desktop\999_cs\Quantum_Inpired_PSO_Classifcation\train\smoke\smoke1643.jpg,smoke
C:\Users\HishamMo\Desktop\999_cs\Quantum_Inpired_PSO_Classifcation\train\smoke\smoke1644.jpg,smoke
C:\Users\HishamMo\Desktop\999_cs\Quantum_Inpired_PSO_Classifcation\train\smoke\smoke1646.jpg,smoke
C:\Users\HishamMo\Desktop\999_cs\Quantum_Inpired_PSO_Classifcation\train\smoke\smoke1647.jpg,smoke
C:\Users\HishamMo\Desktop\999_cs\Quantum_Inpired_PSO_Classifcation\train\smoke\smoke1648.jpg,smoke
C:\Users\HishamMo\Desktop\999_cs\Quantum_Inpired_PSO_Classifcation\train\smoke\smoke1649.jpg,smoke
C:\Users\HishamMo\Desktop\999_cs\Quantum_Inpired_PSO_Classifcation\train\smoke\smoke1650.jpg,smoke
C:\Users\HishamMo\Desktop\999_cs\Quantum_Inpired_PSO_Classifcation\train\smoke\smoke1651.jpg,smoke
C:\Users\HishamMo\Desktop\999_cs\Quantum_Inpired_PSO_Classifcation\train\smoke\smoke1652.jpg,smoke
C:\Users\HishamMo\Desktop\999_cs\Quantum_Inpired_PSO_Classifcation\train\smoke\smoke1653.jpg,smoke
C:\Users\HishamMo\Desktop\999_cs\Quantum_Inpired_PSO_Classifcation\train\smoke\smoke1654.jpg,smoke
C:\Users\HishamMo\Desktop\999_cs\Quantum_Inpired_PSO_Classifcation\train\smoke\smoke1655.jpg,smoke
C:\Users\HishamMo\Desktop\999_cs\Quantum_Inpired_PSO_Classifcation\train\smoke\smoke1656.jpg,smoke
C:\Users\HishamMo\Desktop\999_cs\Quantum_Inpired_PSO_Classifcation\train\smoke\smoke1658.jpg,smoke
C:\Users\HishamMo\Desktop\999_cs\Quantum_Inpired_PSO_Classifcation\train\smoke\smoke1659.jpg,smoke
C:\Users\HishamMo\Desktop\999_cs\Quantum_Inpired_PSO_Classifcation\train\smoke\smoke1660.jpg,smoke
C:\Users\HishamMo\Desktop\999_cs\Quantum_Inpired_PSO_Classifcation\train\smoke\smoke1661.jpg,smoke
C:\Users\HishamMo\Desktop\999_cs\Quantum_Inpired_PSO_Classifcation\train\smoke\smoke1662.jpg,smoke
C:\Users\HishamMo\Desktop\999_cs\Quantum_Inpired_PSO_Classifcation\train\smoke\smoke1663.jpg,smoke
C:\Users\HishamMo\Desktop\999_cs\Quantum_Inpired_PSO_Classifcation\train\smoke\smoke1664.jpg,smoke
C:\Users\HishamMo\Desktop\999_cs\Quantum_Inpired_PSO_Classifcation\train\smoke\smoke1666.jpg,smoke
C:\Users\HishamMo\Desktop\999_cs\Quantum_Inpired_PSO_Classifcation\train\smoke\smoke1667.jpg,smoke
C:\Users\HishamMo\Desktop\999_cs\Quantum_Inpired_PSO_Classifcation\train\smoke\smoke1668.jpg,smoke
C:\Users\HishamMo\Desktop\999_cs\Quantum_Inpired_PSO_Classifcation\train\smoke\smoke1669.jpg,smoke
C:\Users\HishamMo\Desktop\999_cs\Quantum_Inpired_PSO_Classifcation\train\smoke\smoke1670.jpg,smoke
C:\Users\HishamMo\Desktop\999_cs\Quantum_Inpired_PSO_Classifcation\train\smoke\smoke1671.jpg,smoke
C:\Users\HishamMo\Desktop\999_cs\Quantum_Inpired_PSO_Classifcation\train\smoke\smoke1672.jpg,smoke
C:\Users\HishamMo\Desktop\999_cs\Quantum_Inpired_PSO_Classifcation\train\smoke\smoke1673.jpg,smoke
C:\Users\HishamMo\Desktop\999_cs\Quantum_Inpired_PSO_Classifcation\train\smoke\smoke1674.jpg,smoke
C:\Users\HishamMo\Desktop\999_cs\Quantum_Inpired_PSO_Classifcation\train\smoke\smoke1675.jpg,smoke
C:\Users\HishamMo\Desktop\999_cs\Quantum_Inpired_PSO_Classifcation\train\smoke\smoke1676.jpg,smoke
C:\Users\HishamMo\Desktop\999_cs\Quantum_Inpired_PSO_Classifcation\train\smoke\smoke1677.jpg,smoke
C:\Users\HishamMo\Desktop\999_cs\Quantum_Inpired_PSO_Classifcation\train\smoke\smoke1678.jpg,smoke
C:\Users\HishamMo\Desktop\999_cs\Quantum_Inpired_PSO_Classifcation\train\smoke\smoke1679.jpg,smoke
C:\Users\HishamMo\Desktop\999_cs\Quantum_Inpired_PSO_Classifcation\train\smoke\smoke1680.jpg,smoke
C:\Users\HishamMo\Desktop\999_cs\Quantum_Inpired_PSO_Classifcation\train\smoke\smoke1681.jpg,smoke
C:\Users\HishamMo\Desktop\999_cs\Quantum_Inpired_PSO_Classifcation\train\smoke\smoke1683.jpg,smoke
C:\Users\HishamMo\Desktop\999_cs\Quantum_Inpired_PSO_Classifcation\train\smoke\smoke1684.jpg,smoke
C:\Users\HishamMo\Desktop\999_cs\Quantum_Inpired_PSO_Classifcation\train\smoke\smoke1685.jpg,smoke
C:\Users\HishamMo\Desktop\999_cs\Quantum_Inpired_PSO_Classifcation\train\smoke\smoke1686.jpg,smoke
C:\Users\HishamMo\Desktop\999_cs\Quantum_Inpired_PSO_Classifcation\train\smoke\smoke1688.jpg,smoke
C:\Users\HishamMo\Desktop\999_cs\Quantum_Inpired_PSO_Classifcation\train\smoke\smoke1689.jpg,smoke
C:\Users\HishamMo\Desktop\999_cs\Quantum_Inpired_PSO_Classifcation\train\smoke\smoke1691.jpg,smoke
C:\Users\HishamMo\Desktop\999_cs\Quantum_Inpired_PSO_Classifcation\train\smoke\smoke1692.jpg,smoke
C:\Users\HishamMo\Desktop\999_cs\Quantum_Inpired_PSO_Classifcation\train\smoke\smoke1693.jpg,smoke
C:\Users\HishamMo\Desktop\999_cs\Quantum_Inpired_PSO_Classifcation\train\smoke\smoke1695.jpg,smoke
C:\Users\HishamMo\Desktop\999_cs\Quantum_Inpired_PSO_Classifcation\train\smoke\smoke1696.jpg,smoke
C:\Users\HishamMo\Desktop\999_cs\Quantum_Inpired_PSO_Classifcation\train\smoke\smoke1699.jpg,smoke
C:\Users\HishamMo\Desktop\999_cs\Quantum_Inpired_PSO_Classifcation\train\smoke\smoke1700.jpg,smoke
C:\Users\HishamMo\Desktop\999_cs\Quantum_Inpired_PSO_Classifcation\train\smoke\smoke1701.jpg,smoke
C:\Users\HishamMo\Desktop\999_cs\Quantum_Inpired_PSO_Classifcation\train\smoke\smoke1702.jpg,smoke
C:\Users\HishamMo\Desktop\999_cs\Quantum_Inpired_PSO_Classifcation\train\smoke\smoke1706.jpg,smoke
C:\Users\HishamMo\Desktop\999_cs\Quantum_Inpired_PSO_Classifcation\train\smoke\smoke1707.jpg,smoke
C:\Users\HishamMo\Desktop\999_cs\Quantum_Inpired_PSO_Classifcation\train\smoke\smoke1708.jpg,smoke
C:\Users\HishamMo\Desktop\999_cs\Quantum_Inpired_PSO_Classifcation\train\smoke\smoke1710.jpg,smoke
C:\Users\HishamMo\Desktop\999_cs\Quantum_Inpired_PSO_Classifcation\train\smoke\smoke1711.jpg,smoke
C:\Users\HishamMo\Desktop\999_cs\Quantum_Inpired_PSO_Classifcation\train\smoke\smoke1712.jpg,smoke
C:\Users\HishamMo\Desktop\999_cs\Quantum_Inpired_PSO_Classifcation\train\smoke\smoke1713.jpg,smoke
C:\Users\HishamMo\Desktop\999_cs\Quantum_Inpired_PSO_Classifcation\train\smoke\smoke1714.jpg,smoke
C:\Users\HishamMo\Desktop\999_cs\Quantum_Inpired_PSO_Classifcation\train\smoke\smoke1715.jpg,smoke
C:\Users\HishamMo\Desktop\999_cs\Quantum_Inpired_PSO_Classifcation\train\smoke\smoke1716.jpg,smoke
C:\Users\HishamMo\Desktop\999_cs\Quantum_Inpired_PSO_Classifcation\train\smoke\smoke1718.jpg,smoke
C:\Users\HishamMo\Desktop\999_cs\Quantum_Inpired_PSO_Classifcation\train\smoke\smoke1719.jpg,smoke
C:\Users\HishamMo\Desktop\999_cs\Quantum_Inpired_PSO_Classifcation\train\smoke\smoke1720.jpg,smoke
C:\Users\HishamMo\Desktop\999_cs\Quantum_Inpired_PSO_Classifcation\train\smoke\smoke1721.jpg,smoke
C:\Users\HishamMo\Desktop\999_cs\Quantum_Inpired_PSO_Classifcation\train\smoke\smoke1723.jpg,smoke
C:\Users\HishamMo\Desktop\999_cs\Quantum_Inpired_PSO_Classifcation\train\smoke\smoke1724.jpg,smoke
C:\Users\HishamMo\Desktop\999_cs\Quantum_Inpired_PSO_Classifcation\train\smoke\smoke1725.jpg,smoke
C:\Users\HishamMo\Desktop\999_cs\Quantum_Inpired_PSO_Classifcation\train\smoke\smoke1726.jpg,smoke
C:\Users\HishamMo\Desktop\999_cs\Quantum_Inpired_PSO_Classifcation\train\smoke\smoke1727.jpg,smoke
C:\Users\HishamMo\Desktop\999_cs\Quantum_Inpired_PSO_Classifcation\train\smoke\smoke1728.jpg,smoke
C:\Users\HishamMo\Desktop\999_cs\Quantum_Inpired_PSO_Classifcation\train\smoke\smoke1730.jpg,smoke
C:\Users\HishamMo\Desktop\999_cs\Quantum_Inpired_PSO_Classifcation\train\smoke\smoke1731.jpg,smoke
C:\Users\HishamMo\Desktop\999_cs\Quantum_Inpired_PSO_Classifcation\train\smoke\smoke1732.jpg,smoke
C:\Users\HishamMo\Desktop\999_cs\Quantum_Inpired_PSO_Classifcation\train\smoke\smoke1734.jpg,smoke
C:\Users\HishamMo\Desktop\999_cs\Quantum_Inpired_PSO_Classifcation\train\smoke\smoke1735.jpg,smoke
C:\Users\HishamMo\Desktop\999_cs\Quantum_Inpired_PSO_Classifcation\train\smoke\smoke1737.jpg,smoke
C:\Users\HishamMo\Desktop\999_cs\Quantum_Inpired_PSO_Classifcation\train\smoke\smoke1738.jpg,smoke
C:\Users\HishamMo\Desktop\999_cs\Quantum_Inpired_PSO_Classifcation\train\smoke\smoke1739.jpg,smoke
C:\Users\HishamMo\Desktop\999_cs\Quantum_Inpired_PSO_Classifcation\train\smoke\smoke1740.jpg,smoke
C:\Users\HishamMo\Desktop\999_cs\Quantum_Inpired_PSO_Classifcation\train\smoke\smoke1741.jpg,smoke
C:\Users\HishamMo\Desktop\999_cs\Quantum_Inpired_PSO_Classifcation\train\smoke\smoke1742.jpg,smoke
C:\Users\HishamMo\Desktop\999_cs\Quantum_Inpired_PSO_Classifcation\train\smoke\smoke1743.jpg,smoke
C:\Users\HishamMo\Desktop\999_cs\Quantum_Inpired_PSO_Classifcation\train\smoke\smoke1744.jpg,smoke
C:\Users\HishamMo\Desktop\999_cs\Quantum_Inpired_PSO_Classifcation\train\smoke\smoke1745.jpg,smoke
C:\Users\HishamMo\Desktop\999_cs\Quantum_Inpired_PSO_Classifcation\train\smoke\smoke1746.jpg,smoke
C:\Users\HishamMo\Desktop\999_cs\Quantum_Inpired_PSO_Classifcation\train\smoke\smoke1748.jpg,smoke
C:\Users\HishamMo\Desktop\999_cs\Quantum_Inpired_PSO_Classifcation\train\smoke\smoke1749.jpg,smoke
C:\Users\HishamMo\Desktop\999_cs\Quantum_Inpired_PSO_Classifcation\train\smoke\smoke1750.jpg,smoke
C:\Users\HishamMo\Desktop\999_cs\Quantum_Inpired_PSO_Classifcation\train\smoke\smoke1751.jpg,smoke
C:\Users\HishamMo\Desktop\999_cs\Quantum_Inpired_PSO_Classifcation\train\smoke\smoke1752.jpg,smoke
C:\Users\HishamMo\Desktop\999_cs\Quantum_Inpired_PSO_Classifcation\train\smoke\smoke1753.jpg,smoke
C:\Users\HishamMo\Desktop\999_cs\Quantum_Inpired_PSO_Classifcation\train\smoke\smoke1754.jpg,smoke
C:\Users\HishamMo\Desktop\999_cs\Quantum_Inpired_PSO_Classifcation\train\smoke\smoke1755.jpg,smoke
C:\Users\HishamMo\Desktop\999_cs\Quantum_Inpired_PSO_Classifcation\train\smoke\smoke1756.jpg,smoke
C:\Users\HishamMo\Desktop\999_cs\Quantum_Inpired_PSO_Classifcation\train\smoke\smoke1757.jpg,smoke
C:\Users\HishamMo\Desktop\999_cs\Quantum_Inpired_PSO_Classifcation\train\smoke\smoke1758.jpg,smoke
C:\Users\HishamMo\Desktop\999_cs\Quantum_Inpired_PSO_Classifcation\train\smoke\smoke1759.jpg,smoke
C:\Users\HishamMo\Desktop\999_cs\Quantum_Inpired_PSO_Classifcation\train\smoke\smoke1760.jpg,smoke
C:\Users\HishamMo\Desktop\999_cs\Quantum_Inpired_PSO_Classifcation\train\smoke\smoke1761.jpg,smoke
C:\Users\HishamMo\Desktop\999_cs\Quantum_Inpired_PSO_Classifcation\train\smoke\smoke1762.jpg,smoke
C:\Users\HishamMo\Desktop\999_cs\Quantum_Inpired_PSO_Classifcation\train\smoke\smoke1763.jpg,smoke
C:\Users\HishamMo\Desktop\999_cs\Quantum_Inpired_PSO_Classifcation\train\smoke\smoke1764.jpg,smoke
C:\Users\HishamMo\Desktop\999_cs\Quantum_Inpired_PSO_Classifcation\train\smoke\smoke1765.jpg,smoke
C:\Users\HishamMo\Desktop\999_cs\Quantum_Inpired_PSO_Classifcation\train\smoke\smoke1766.jpg,smoke
C:\Users\HishamMo\Desktop\999_cs\Quantum_Inpired_PSO_Classifcation\train\smoke\smoke1767.jpg,smoke
C:\Users\HishamMo\Desktop\999_cs\Quantum_Inpired_PSO_Classifcation\train\smoke\smoke1768.jpg,smoke
C:\Users\HishamMo\Desktop\999_cs\Quantum_Inpired_PSO_Classifcation\train\smoke\smoke1770.jpg,smoke
C:\Users\HishamMo\Desktop\999_cs\Quantum_Inpired_PSO_Classifcation\train\smoke\smoke1772.jpg,smoke
C:\Users\HishamMo\Desktop\999_cs\Quantum_Inpired_PSO_Classifcation\train\smoke\smoke1773.jpg,smoke
C:\Users\HishamMo\Desktop\999_cs\Quantum_Inpired_PSO_Classifcation\train\smoke\smoke1775.jpg,smoke
C:\Users\HishamMo\Desktop\999_cs\Quantum_Inpired_PSO_Classifcation\train\smoke\smoke1776.jpg,smoke
C:\Users\HishamMo\Desktop\999_cs\Quantum_Inpired_PSO_Classifcation\train\smoke\smoke1777.jpg,smoke
C:\Users\HishamMo\Desktop\999_cs\Quantum_Inpired_PSO_Classifcation\train\smoke\smoke1778.jpg,smoke
C:\Users\HishamMo\Desktop\999_cs\Quantum_Inpired_PSO_Classifcation\train\smoke\smoke1779.jpg,smoke
C:\Users\HishamMo\Desktop\999_cs\Quantum_Inpired_PSO_Classifcation\train\smoke\smoke1780.jpg,smoke
C:\Users\HishamMo\Desktop\999_cs\Quantum_Inpired_PSO_Classifcation\train\smoke\smoke1781.jpg,smoke
C:\Users\HishamMo\Desktop\999_cs\Quantum_Inpired_PSO_Classifcation\train\smoke\smoke1783.jpg,smoke
C:\Users\HishamMo\Desktop\999_cs\Quantum_Inpired_PSO_Classifcation\train\smoke\smoke1784.jpg,smoke
C:\Users\HishamMo\Desktop\999_cs\Quantum_Inpired_PSO_Classifcation\train\smoke\smoke1785.jpg,smoke
C:\Users\HishamMo\Desktop\999_cs\Quantum_Inpired_PSO_Classifcation\train\smoke\smoke1786.jpg,smoke
C:\Users\HishamMo\Desktop\999_cs\Quantum_Inpired_PSO_Classifcation\train\smoke\smoke1788.jpg,smoke
C:\Users\HishamMo\Desktop\999_cs\Quantum_Inpired_PSO_Classifcation\train\smoke\smoke1790.jpg,smoke
C:\Users\HishamMo\Desktop\999_cs\Quantum_Inpired_PSO_Classifcation\train\smoke\smoke1791.jpg,smoke
C:\Users\HishamMo\Desktop\999_cs\Quantum_Inpired_PSO_Classifcation\train\smoke\smoke1792.jpg,smoke
C:\Users\HishamMo\Desktop\999_cs\Quantum_Inpired_PSO_Classifcation\train\smoke\smoke1793.jpg,smoke
C:\Users\HishamMo\Desktop\999_cs\Quantum_Inpired_PSO_Classifcation\train\smoke\smoke1795.jpg,smoke
C:\Users\HishamMo\Desktop\999_cs\Quantum_Inpired_PSO_Classifcation\train\smoke\smoke1796.jpg,smoke
C:\Users\HishamMo\Desktop\999_cs\Quantum_Inpired_PSO_Classifcation\train\smoke\smoke1797.jpg,smoke
C:\Users\HishamMo\Desktop\999_cs\Quantum_Inpired_PSO_Classifcation\train\smoke\smoke1798.jpg,smoke
C:\Users\HishamMo\Desktop\999_cs\Quantum_Inpired_PSO_Classifcation\train\smoke\smoke1799.jpg,smoke
C:\Users\HishamMo\Desktop\999_cs\Quantum_Inpired_PSO_Classifcation\train\smoke\smoke1800.jpg,smoke
C:\Users\HishamMo\Desktop\999_cs\Quantum_Inpired_PSO_Classifcation\train\smoke\smoke1801.jpg,smoke
C:\Users\HishamMo\Desktop\999_cs\Quantum_Inpired_PSO_Classifcation\train\smoke\smoke1802.jpg,smoke
C:\Users\HishamMo\Desktop\999_cs\Quantum_Inpired_PSO_Classifcation\train\smoke\smoke1803.jpg,smoke
C:\Users\HishamMo\Desktop\999_cs\Quantum_Inpired_PSO_Classifcation\train\smoke\smoke1804.jpg,smoke
C:\Users\HishamMo\Desktop\999_cs\Quantum_Inpired_PSO_Classifcation\train\smoke\smoke1805.jpg,smoke
C:\Users\HishamMo\Desktop\999_cs\Quantum_Inpired_PSO_Classifcation\train\smoke\smoke1806.jpg,smoke
C:\Users\HishamMo\Desktop\999_cs\Quantum_Inpired_PSO_Classifcation\train\smoke\smoke1807.jpg,smoke
C:\Users\HishamMo\Desktop\999_cs\Quantum_Inpired_PSO_Classifcation\train\smoke\smoke1808.jpg,smoke
C:\Users\HishamMo\Desktop\999_cs\Quantum_Inpired_PSO_Classifcation\train\smoke\smoke1810.jpg,smoke
C:\Users\HishamMo\Desktop\999_cs\Quantum_Inpired_PSO_Classifcation\train\smoke\smoke1811.jpg,smoke
C:\Users\HishamMo\Desktop\999_cs\Quantum_Inpired_PSO_Classifcation\train\smoke\smoke1812.jpg,smoke
C:\Users\HishamMo\Desktop\999_cs\Quantum_Inpired_PSO_Classifcation\train\smoke\smoke1813.jpg,smoke
C:\Users\HishamMo\Desktop\999_cs\Quantum_Inpired_PSO_Classifcation\train\smoke\smoke1814.jpg,smoke
C:\Users\HishamMo\Desktop\999_cs\Quantum_Inpired_PSO_Classifcation\train\smoke\smoke1815.jpg,smoke
C:\Users\HishamMo\Desktop\999_cs\Quantum_Inpired_PSO_Classifcation\train\smoke\smoke1816.jpg,smoke
C:\Users\HishamMo\Desktop\999_cs\Quantum_Inpired_PSO_Classifcation\train\smoke\smoke1817.jpg,smoke
C:\Users\HishamMo\Desktop\999_cs\Quantum_Inpired_PSO_Classifcation\train\smoke\smoke1818.jpg,smoke
C:\Users\HishamMo\Desktop\999_cs\Quantum_Inpired_PSO_Classifcation\train\smoke\smoke1822.jpg,smoke
C:\Users\HishamMo\Desktop\999_cs\Quantum_Inpired_PSO_Classifcation\train\smoke\smoke1823.jpg,smoke
C:\Users\HishamMo\Desktop\999_cs\Quantum_Inpired_PSO_Classifcation\train\smoke\smoke1824.jpg,smoke
C:\Users\HishamMo\Desktop\999_cs\Quantum_Inpired_PSO_Classifcation\train\smoke\smoke1825.jpg,smoke
C:\Users\HishamMo\Desktop\999_cs\Quantum_Inpired_PSO_Classifcation\train\smoke\smoke1826.jpg,smoke
C:\Users\HishamMo\Desktop\999_cs\Quantum_Inpired_PSO_Classifcation\train\smoke\smoke1827.jpg,smoke
C:\Users\HishamMo\Desktop\999_cs\Quantum_Inpired_PSO_Classifcation\train\smoke\smoke1828.jpg,smoke
C:\Users\HishamMo\Desktop\999_cs\Quantum_Inpired_PSO_Classifcation\train\smoke\smoke1829.jpg,smoke
C:\Users\HishamMo\Desktop\999_cs\Quantum_Inpired_PSO_Classifcation\train\smoke\smoke1831.jpg,smoke
C:\Users\HishamMo\Desktop\999_cs\Quantum_Inpired_PSO_Classifcation\train\smoke\smoke1833.jpg,smoke
C:\Users\HishamMo\Desktop\999_cs\Quantum_Inpired_PSO_Classifcation\train\smoke\smoke1834.jpg,smoke
C:\Users\HishamMo\Desktop\999_cs\Quantum_Inpired_PSO_Classifcation\train\smoke\smoke1835.jpg,smoke
C:\Users\HishamMo\Desktop\999_cs\Quantum_Inpired_PSO_Classifcation\train\smoke\smoke1838.jpg,smoke
C:\Users\HishamMo\Desktop\999_cs\Quantum_Inpired_PSO_Classifcation\train\smoke\smoke1839.jpg,smoke
C:\Users\HishamMo\Desktop\999_cs\Quantum_Inpired_PSO_Classifcation\train\smoke\smoke1840.jpg,smoke
C:\Users\HishamMo\Desktop\999_cs\Quantum_Inpired_PSO_Classifcation\train\smoke\smoke1843.jpg,smoke
C:\Users\HishamMo\Desktop\999_cs\Quantum_Inpired_PSO_Classifcation\train\smoke\smoke1844.jpg,smoke
C:\Users\HishamMo\Desktop\999_cs\Quantum_Inpired_PSO_Classifcation\train\smoke\smoke1845.jpg,smoke
C:\Users\HishamMo\Desktop\999_cs\Quantum_Inpired_PSO_Classifcation\train\smoke\smoke1846.jpg,smoke
C:\Users\HishamMo\Desktop\999_cs\Quantum_Inpired_PSO_Classifcation\train\smoke\smoke1847.jpg,smoke
C:\Users\HishamMo\Desktop\999_cs\Quantum_Inpired_PSO_Classifcation\train\smoke\smoke1848.jpg,smoke
C:\Users\HishamMo\Desktop\999_cs\Quantum_Inpired_PSO_Classifcation\train\smoke\smoke1849.jpg,smoke
C:\Users\HishamMo\Desktop\999_cs\Quantum_Inpired_PSO_Classifcation\train\smoke\smoke1850.jpg,smoke
C:\Users\HishamMo\Desktop\999_cs\Quantum_Inpired_PSO_Classifcation\train\smoke\smoke1851.jpg,smoke
C:\Users\HishamMo\Desktop\999_cs\Quantum_Inpired_PSO_Classifcation\train\smoke\smoke1852.jpg,smoke
C:\Users\HishamMo\Desktop\999_cs\Quantum_Inpired_PSO_Classifcation\train\smoke\smoke1853.jpg,smoke
C:\Users\HishamMo\Desktop\999_cs\Quantum_Inpired_PSO_Classifcation\train\smoke\smoke1854.jpg,smoke
C:\Users\HishamMo\Desktop\999_cs\Quantum_Inpired_PSO_Classifcation\train\smoke\smoke1855.jpg,smoke
C:\Users\HishamMo\Desktop\999_cs\Quantum_Inpired_PSO_Classifcation\train\smoke\smoke1856.jpg,smoke
C:\Users\HishamMo\Desktop\999_cs\Quantum_Inpired_PSO_Classifcation\train\smoke\smoke1857.jpg,smoke
C:\Users\HishamMo\Desktop\999_cs\Quantum_Inpired_PSO_Classifcation\train\smoke\smoke1858.jpg,smoke
C:\Users\HishamMo\Desktop\999_cs\Quantum_Inpired_PSO_Classifcation\train\smoke\smoke1859.jpg,smoke
C:\Users\HishamMo\Desktop\999_cs\Quantum_Inpired_PSO_Classifcation\train\smoke\smoke1861.jpg,smoke
C:\Users\HishamMo\Desktop\999_cs\Quantum_Inpired_PSO_Classifcation\train\smoke\smoke1862.jpg,smoke
C:\Users\HishamMo\Desktop\999_cs\Quantum_Inpired_PSO_Classifcation\train\smoke\smoke1863.jpg,smoke
C:\Users\HishamMo\Desktop\999_cs\Quantum_Inpired_PSO_Classifcation\train\smoke\smoke1865.jpg,smoke
C:\Users\HishamMo\Desktop\999_cs\Quantum_Inpired_PSO_Classifcation\train\smoke\smoke1866.jpg,smoke
C:\Users\HishamMo\Desktop\999_cs\Quantum_Inpired_PSO_Classifcation\train\smoke\smoke1867.jpg,smoke
C:\Users\HishamMo\Desktop\999_cs\Quantum_Inpired_PSO_Classifcation\train\smoke\smoke1868.jpg,smoke
C:\Users\HishamMo\Desktop\999_cs\Quantum_Inpired_PSO_Classifcation\train\smoke\smoke1869.jpg,smoke
C:\Users\HishamMo\Desktop\999_cs\Quantum_Inpired_PSO_Classifcation\train\smoke\smoke1870.jpg,smoke
C:\Users\HishamMo\Desktop\999_cs\Quantum_Inpired_PSO_Classifcation\train\smoke\smoke1871.jpg,smoke
C:\Users\HishamMo\Desktop\999_cs\Quantum_Inpired_PSO_Classifcation\train\smoke\smoke1872.jpg,smoke
C:\Users\HishamMo\Desktop\999_cs\Quantum_Inpired_PSO_Classifcation\train\smoke\smoke1873.jpg,smoke
C:\Users\HishamMo\Desktop\999_cs\Quantum_Inpired_PSO_Classifcation\train\smoke\smoke1874.jpg,smoke
C:\Users\HishamMo\Desktop\999_cs\Quantum_Inpired_PSO_Classifcation\train\smoke\smoke1876.jpg,smoke
C:\Users\HishamMo\Desktop\999_cs\Quantum_Inpired_PSO_Classifcation\train\smoke\smoke1878.jpg,smoke
C:\Users\HishamMo\Desktop\999_cs\Quantum_Inpired_PSO_Classifcation\train\smoke\smoke1879.jpg,smoke
C:\Users\HishamMo\Desktop\999_cs\Quantum_Inpired_PSO_Classifcation\train\smoke\smoke1880.jpg,smoke
C:\Users\HishamMo\Desktop\999_cs\Quantum_Inpired_PSO_Classifcation\train\smoke\smoke1881.jpg,smoke
C:\Users\HishamMo\Desktop\999_cs\Quantum_Inpired_PSO_Classifcation\train\smoke\smoke1882.jpg,smoke
C:\Users\HishamMo\Desktop\999_cs\Quantum_Inpired_PSO_Classifcation\train\smoke\smoke1883.jpg,smoke
C:\Users\HishamMo\Desktop\999_cs\Quantum_Inpired_PSO_Classifcation\train\smoke\smoke1884.jpg,smoke
C:\Users\HishamMo\Desktop\999_cs\Quantum_Inpired_PSO_Classifcation\train\smoke\smoke1885.jpg,smoke
C:\Users\HishamMo\Desktop\999_cs\Quantum_Inpired_PSO_Classifcation\train\smoke\smoke1886.jpg,smoke
C:\Users\HishamMo\Desktop\999_cs\Quantum_Inpired_PSO_Classifcation\train\smoke\smoke1887.jpg,smoke
C:\Users\HishamMo\Desktop\999_cs\Quantum_Inpired_PSO_Classifcation\train\smoke\smoke1888.jpg,smoke
C:\Users\HishamMo\Desktop\999_cs\Quantum_Inpired_PSO_Classifcation\train\smoke\smoke1889.jpg,smoke
C:\Users\HishamMo\Desktop\999_cs\Quantum_Inpired_PSO_Classifcation\train\smoke\smoke1890.jpg,smoke
C:\Users\HishamMo\Desktop\999_cs\Quantum_Inpired_PSO_Classifcation\train\smoke\smoke1892.jpg,smoke
C:\Users\HishamMo\Desktop\999_cs\Quantum_Inpired_PSO_Classifcation\train\smoke\smoke1893.jpg,smoke
C:\Users\HishamMo\Desktop\999_cs\Quantum_Inpired_PSO_Classifcation\train\smoke\smoke1894.jpg,smoke
C:\Users\HishamMo\Desktop\999_cs\Quantum_Inpired_PSO_Classifcation\train\smoke\smoke1895.jpg,smoke
C:\Users\HishamMo\Desktop\999_cs\Quantum_Inpired_PSO_Classifcation\train\smoke\smoke1899.jpg,smoke
C:\Users\HishamMo\Desktop\999_cs\Quantum_Inpired_PSO_Classifcation\train\smoke\smoke1900.jpg,smoke
C:\Users\HishamMo\Desktop\999_cs\Quantum_Inpired_PSO_Classifcation\train\smoke\smoke1901.jpg,smoke
C:\Users\HishamMo\Desktop\999_cs\Quantum_Inpired_PSO_Classifcation\train\smoke\smoke1902.jpg,smoke
C:\Users\HishamMo\Desktop\999_cs\Quantum_Inpired_PSO_Classifcation\train\smoke\smoke1903.jpg,smoke
C:\Users\HishamMo\Desktop\999_cs\Quantum_Inpired_PSO_Classifcation\train\smoke\smoke1904.jpg,smoke
C:\Users\HishamMo\Desktop\999_cs\Quantum_Inpired_PSO_Classifcation\train\smoke\smoke1905.jpg,smoke
C:\Users\HishamMo\Desktop\999_cs\Quantum_Inpired_PSO_Classifcation\train\smoke\smoke1906.jpg,smoke
C:\Users\HishamMo\Desktop\999_cs\Quantum_Inpired_PSO_Classifcation\train\smoke\smoke1909.jpg,smoke
C:\Users\HishamMo\Desktop\999_cs\Quantum_Inpired_PSO_Classifcation\train\smoke\smoke1910.jpg,smoke
C:\Users\HishamMo\Desktop\999_cs\Quantum_Inpired_PSO_Classifcation\train\smoke\smoke1912.jpg,smoke
C:\Users\HishamMo\Desktop\999_cs\Quantum_Inpired_PSO_Classifcation\train\smoke\smoke1914.jpg,smoke
C:\Users\HishamMo\Desktop\999_cs\Quantum_Inpired_PSO_Classifcation\train\smoke\smoke1915.jpg,smoke
C:\Users\HishamMo\Desktop\999_cs\Quantum_Inpired_PSO_Classifcation\train\smoke\smoke1916.jpg,smoke
C:\Users\HishamMo\Desktop\999_cs\Quantum_Inpired_PSO_Classifcation\train\smoke\smoke1917.jpg,smoke
C:\Users\HishamMo\Desktop\999_cs\Quantum_Inpired_PSO_Classifcation\train\smoke\smoke1918.jpg,smoke
C:\Users\HishamMo\Desktop\999_cs\Quantum_Inpired_PSO_Classifcation\train\smoke\smoke1919.jpg,smoke
C:\Users\HishamMo\Desktop\999_cs\Quantum_Inpired_PSO_Classifcation\train\smoke\smoke1921.jpg,smoke
C:\Users\HishamMo\Desktop\999_cs\Quantum_Inpired_PSO_Classifcation\train\smoke\smoke1922.jpg,smoke
C:\Users\HishamMo\Desktop\999_cs\Quantum_Inpired_PSO_Classifcation\train\smoke\smoke1923.jpg,smoke
C:\Users\HishamMo\Desktop\999_cs\Quantum_Inpired_PSO_Classifcation\train\smoke\smoke1925.jpg,smoke
C:\Users\HishamMo\Desktop\999_cs\Quantum_Inpired_PSO_Classifcation\train\smoke\smoke1929.jpg,smoke
C:\Users\HishamMo\Desktop\999_cs\Quantum_Inpired_PSO_Classifcation\train\smoke\smoke1930.jpg,smoke
C:\Users\HishamMo\Desktop\999_cs\Quantum_Inpired_PSO_Classifcation\train\smoke\smoke1931.jpg,smoke
C:\Users\HishamMo\Desktop\999_cs\Quantum_Inpired_PSO_Classifcation\train\smoke\smoke1933.jpg,smoke
C:\Users\HishamMo\Desktop\999_cs\Quantum_Inpired_PSO_Classifcation\train\smoke\smoke1934.jpg,smoke
C:\Users\HishamMo\Desktop\999_cs\Quantum_Inpired_PSO_Classifcation\train\smoke\smoke1935.jpg,smoke
C:\Users\HishamMo\Desktop\999_cs\Quantum_Inpired_PSO_Classifcation\train\smoke\smoke1936.jpg,smoke
C:\Users\HishamMo\Desktop\999_cs\Quantum_Inpired_PSO_Classifcation\train\smoke\smoke1937.jpg,smoke
C:\Users\HishamMo\Desktop\999_cs\Quantum_Inpired_PSO_Classifcation\train\smoke\smoke1938.jpg,smoke
C:\Users\HishamMo\Desktop\999_cs\Quantum_Inpired_PSO_Classifcation\train\smoke\smoke1939.jpg,smoke
C:\Users\HishamMo\Desktop\999_cs\Quantum_Inpired_PSO_Classifcation\train\smoke\smoke1940.jpg,smoke
C:\Users\HishamMo\Desktop\999_cs\Quantum_Inpired_PSO_Classifcation\train\smoke\smoke1941.jpg,smoke
C:\Users\HishamMo\Desktop\999_cs\Quantum_Inpired_PSO_Classifcation\train\smoke\smoke1942.jpg,smoke
C:\Users\HishamMo\Desktop\999_cs\Quantum_Inpired_PSO_Classifcation\train\smoke\smoke1943.jpg,smoke
C:\Users\HishamMo\Desktop\999_cs\Quantum_Inpired_PSO_Classifcation\train\smoke\smoke1944.jpg,smoke
C:\Users\HishamMo\Desktop\999_cs\Quantum_Inpired_PSO_Classifcation\train\smoke\smoke1945.jpg,smoke
C:\Users\HishamMo\Desktop\999_cs\Quantum_Inpired_PSO_Classifcation\train\smoke\smoke1946.jpg,smoke
C:\Users\HishamMo\Desktop\999_cs\Quantum_Inpired_PSO_Classifcation\train\smoke\smoke1947.jpg,smoke
C:\Users\HishamMo\Desktop\999_cs\Quantum_Inpired_PSO_Classifcation\train\smoke\smoke1948.jpg,smoke
C:\Users\HishamMo\Desktop\999_cs\Quantum_Inpired_PSO_Classifcation\train\smoke\smoke1950.jpg,smoke
C:\Users\HishamMo\Desktop\999_cs\Quantum_Inpired_PSO_Classifcation\train\smoke\smoke1951.jpg,smoke
C:\Users\HishamMo\Desktop\999_cs\Quantum_Inpired_PSO_Classifcation\train\smoke\smoke1953.jpg,smoke
C:\Users\HishamMo\Desktop\999_cs\Quantum_Inpired_PSO_Classifcation\train\smoke\smoke1954.jpg,smoke
C:\Users\HishamMo\Desktop\999_cs\Quantum_Inpired_PSO_Classifcation\train\smoke\smoke1955.jpg,smoke
C:\Users\HishamMo\Desktop\999_cs\Quantum_Inpired_PSO_Classifcation\train\smoke\smoke1956.jpg,smoke
C:\Users\HishamMo\Desktop\999_cs\Quantum_Inpired_PSO_Classifcation\train\smoke\smoke1957.jpg,smoke
C:\Users\HishamMo\Desktop\999_cs\Quantum_Inpired_PSO_Classifcation\train\smoke\smoke1958.jpg,smoke
C:\Users\HishamMo\Desktop\999_cs\Quantum_Inpired_PSO_Classifcation\train\smoke\smoke1960.jpg,smoke
C:\Users\HishamMo\Desktop\999_cs\Quantum_Inpired_PSO_Classifcation\train\smoke\smoke1961.jpg,smoke
C:\Users\HishamMo\Desktop\999_cs\Quantum_Inpired_PSO_Classifcation\train\smoke\smoke1962.jpg,smoke
C:\Users\HishamMo\Desktop\999_cs\Quantum_Inpired_PSO_Classifcation\train\smoke\smoke1963.jpg,smoke
C:\Users\HishamMo\Desktop\999_cs\Quantum_Inpired_PSO_Classifcation\train\smoke\smoke1964.jpg,smoke
C:\Users\HishamMo\Desktop\999_cs\Quantum_Inpired_PSO_Classifcation\train\smoke\smoke1966.jpg,smoke
C:\Users\HishamMo\Desktop\999_cs\Quantum_Inpired_PSO_Classifcation\train\smoke\smoke1967.jpg,smoke
C:\Users\HishamMo\Desktop\999_cs\Quantum_Inpired_PSO_Classifcation\train\smoke\smoke1968.jpg,smoke
C:\Users\HishamMo\Desktop\999_cs\Quantum_Inpired_PSO_Classifcation\train\smoke\smoke1969.jpg,smoke
C:\Users\HishamMo\Desktop\999_cs\Quantum_Inpired_PSO_Classifcation\train\smoke\smoke1970.jpg,smoke
C:\Users\HishamMo\Desktop\999_cs\Quantum_Inpired_PSO_Classifcation\train\smoke\smoke1971.jpg,smoke
C:\Users\HishamMo\Desktop\999_cs\Quantum_Inpired_PSO_Classifcation\train\smoke\smoke1972.jpg,smoke
C:\Users\HishamMo\Desktop\999_cs\Quantum_Inpired_PSO_Classifcation\train\smoke\smoke1973.jpg,smoke
C:\Users\HishamMo\Desktop\999_cs\Quantum_Inpired_PSO_Classifcation\train\smoke\smoke1974.jpg,smoke
C:\Users\HishamMo\Desktop\999_cs\Quantum_Inpired_PSO_Classifcation\train\smoke\smoke1977.jpg,smoke
C:\Users\HishamMo\Desktop\999_cs\Quantum_Inpired_PSO_Classifcation\train\smoke\smoke1978.jpg,smoke
C:\Users\HishamMo\Desktop\999_cs\Quantum_Inpired_PSO_Classifcation\train\smoke\smoke1979.jpg,smoke
C:\Users\HishamMo\Desktop\999_cs\Quantum_Inpired_PSO_Classifcation\train\smoke\smoke1980.jpg,smoke
C:\Users\HishamMo\Desktop\999_cs\Quantum_Inpired_PSO_Classifcation\train\smoke\smoke1981.jpg,smoke
C:\Users\HishamMo\Desktop\999_cs\Quantum_Inpired_PSO_Classifcation\train\smoke\smoke1982.jpg,smoke
C:\Users\HishamMo\Desktop\999_cs\Quantum_Inpired_PSO_Classifcation\train\smoke\smoke1983.jpg,smoke
C:\Users\HishamMo\Desktop\999_cs\Quantum_Inpired_PSO_Classifcation\train\smoke\smoke1984.jpg,smoke
C:\Users\HishamMo\Desktop\999_cs\Quantum_Inpired_PSO_Classifcation\train\smoke\smoke1985.jpg,smoke
C:\Users\HishamMo\Desktop\999_cs\Quantum_Inpired_PSO_Classifcation\train\smoke\smoke1986.jpg,smoke
C:\Users\HishamMo\Desktop\999_cs\Quantum_Inpired_PSO_Classifcation\train\smoke\smoke1988.jpg,smoke
C:\Users\HishamMo\Desktop\999_cs\Quantum_Inpired_PSO_Classifcation\train\smoke\smoke1989.jpg,smoke
C:\Users\HishamMo\Desktop\999_cs\Quantum_Inpired_PSO_Classifcation\train\smoke\smoke1991.jpg,smoke
C:\Users\HishamMo\Desktop\999_cs\Quantum_Inpired_PSO_Classifcation\train\smoke\smoke1993.jpg,smoke
C:\Users\HishamMo\Desktop\999_cs\Quantum_Inpired_PSO_Classifcation\train\smoke\smoke1994.jpg,smoke
C:\Users\HishamMo\Desktop\999_cs\Quantum_Inpired_PSO_Classifcation\train\smoke\smoke1995.jpg,smoke
C:\Users\HishamMo\Desktop\999_cs\Quantum_Inpired_PSO_Classifcation\train\smoke\smoke1996.jpg,smoke
C:\Users\HishamMo\Desktop\999_cs\Quantum_Inpired_PSO_Classifcation\train\smoke\smoke1997.jpg,smoke
C:\Users\HishamMo\Desktop\999_cs\Quantum_Inpired_PSO_Classifcation\train\smoke\smoke1998.jpg,smoke
C:\Users\HishamMo\Desktop\999_cs\Quantum_Inpired_PSO_Classifcation\train\smoke\smoke1999.jpg,smoke
C:\Users\HishamMo\Desktop\999_cs\Quantum_Inpired_PSO_Classifcation\train\smoke\smoke2001.jpg,smoke
C:\Users\HishamMo\Desktop\999_cs\Quantum_Inpired_PSO_Classifcation\train\smoke\smoke2003.jpg,smoke
C:\Users\HishamMo\Desktop\999_cs\Quantum_Inpired_PSO_Classifcation\train\smoke\smoke2004.jpg,smoke
C:\Users\HishamMo\Desktop\999_cs\Quantum_Inpired_PSO_Classifcation\train\smoke\smoke2005.jpg,smoke
C:\Users\HishamMo\Desktop\999_cs\Quantum_Inpired_PSO_Classifcation\train\smoke\smoke2006.jpg,smoke
C:\Users\HishamMo\Desktop\999_cs\Quantum_Inpired_PSO_Classifcation\train\smoke\smoke2007.jpg,smoke
C:\Users\HishamMo\Desktop\999_cs\Quantum_Inpired_PSO_Classifcation\train\smoke\smoke2009.jpg,smoke
C:\Users\HishamMo\Desktop\999_cs\Quantum_Inpired_PSO_Classifcation\train\smoke\smoke2010.jpg,smoke
C:\Users\HishamMo\Desktop\999_cs\Quantum_Inpired_PSO_Classifcation\train\smoke\smoke2011.jpg,smoke
C:\Users\HishamMo\Desktop\999_cs\Quantum_Inpired_PSO_Classifcation\train\smoke\smoke2012.jpg,smoke
C:\Users\HishamMo\Desktop\999_cs\Quantum_Inpired_PSO_Classifcation\train\smoke\smoke2013.jpg,smoke
C:\Users\HishamMo\Desktop\999_cs\Quantum_Inpired_PSO_Classifcation\train\smoke\smoke2014.jpg,smoke
C:\Users\HishamMo\Desktop\999_cs\Quantum_Inpired_PSO_Classifcation\train\smoke\smoke2015.jpg,smoke
C:\Users\HishamMo\Desktop\999_cs\Quantum_Inpired_PSO_Classifcation\train\smoke\smoke2016.jpg,smoke
C:\Users\HishamMo\Desktop\999_cs\Quantum_Inpired_PSO_Classifcation\train\smoke\smoke2018.jpg,smoke
C:\Users\HishamMo\Desktop\999_cs\Quantum_Inpired_PSO_Classifcation\train\smoke\smoke2020.jpg,smoke
C:\Users\HishamMo\Desktop\999_cs\Quantum_Inpired_PSO_Classifcation\train\smoke\smoke2021.jpg,smoke
C:\Users\HishamMo\Desktop\999_cs\Quantum_Inpired_PSO_Classifcation\train\smoke\smoke2022.jpg,smoke
C:\Users\HishamMo\Desktop\999_cs\Quantum_Inpired_PSO_Classifcation\train\smoke\smoke2023.jpg,smoke
C:\Users\HishamMo\Desktop\999_cs\Quantum_Inpired_PSO_Classifcation\train\smoke\smoke2024.jpg,smoke
C:\Users\HishamMo\Desktop\999_cs\Quantum_Inpired_PSO_Classifcation\train\smoke\smoke2025.jpg,smoke
C:\Users\HishamMo\Desktop\999_cs\Quantum_Inpired_PSO_Classifcation\train\smoke\smoke2026.jpg,smoke
C:\Users\HishamMo\Desktop\999_cs\Quantum_Inpired_PSO_Classifcation\train\smoke\smoke2027.jpg,smoke
C:\Users\HishamMo\Desktop\999_cs\Quantum_Inpired_PSO_Classifcation\train\smoke\smoke2028.jpg,smoke
C:\Users\HishamMo\Desktop\999_cs\Quantum_Inpired_PSO_Classifcation\train\smoke\smoke2029.jpg,smoke
C:\Users\HishamMo\Desktop\999_cs\Quantum_Inpired_PSO_Classifcation\train\smoke\smoke2030.jpg,smoke
C:\Users\HishamMo\Desktop\999_cs\Quantum_Inpired_PSO_Classifcation\train\smoke\smoke2031.jpg,smoke
C:\Users\HishamMo\Desktop\999_cs\Quantum_Inpired_PSO_Classifcation\train\smoke\smoke2032.jpg,smoke
C:\Users\HishamMo\Desktop\999_cs\Quantum_Inpired_PSO_Classifcation\train\smoke\smoke2033.jpg,smoke
C:\Users\HishamMo\Desktop\999_cs\Quantum_Inpired_PSO_Classifcation\train\smoke\smoke2034.jpg,smoke
C:\Users\HishamMo\Desktop\999_cs\Quantum_Inpired_PSO_Classifcation\train\smoke\smoke2036.jpg,smoke
C:\Users\HishamMo\Desktop\999_cs\Quantum_Inpired_PSO_Classifcation\train\smoke\smoke2037.jpg,smoke
C:\Users\HishamMo\Desktop\999_cs\Quantum_Inpired_PSO_Classifcation\train\smoke\smoke2038.jpg,smoke
C:\Users\HishamMo\Desktop\999_cs\Quantum_Inpired_PSO_Classifcation\train\smoke\smoke2039.jpg,smoke
C:\Users\HishamMo\Desktop\999_cs\Quantum_Inpired_PSO_Classifcation\train\smoke\smoke2041.jpg,smoke
C:\Users\HishamMo\Desktop\999_cs\Quantum_Inpired_PSO_Classifcation\train\smoke\smoke2042.jpg,smoke
C:\Users\HishamMo\Desktop\999_cs\Quantum_Inpired_PSO_Classifcation\train\smoke\smoke2043.jpg,smoke
C:\Users\HishamMo\Desktop\999_cs\Quantum_Inpired_PSO_Classifcation\train\smoke\smoke2044.jpg,smoke
C:\Users\HishamMo\Desktop\999_cs\Quantum_Inpired_PSO_Classifcation\train\smoke\smoke2047.jpg,smoke
C:\Users\HishamMo\Desktop\999_cs\Quantum_Inpired_PSO_Classifcation\train\smoke\smoke2049.jpg,smoke
C:\Users\HishamMo\Desktop\999_cs\Quantum_Inpired_PSO_Classifcation\train\smoke\smoke2050.jpg,smoke
C:\Users\HishamMo\Desktop\999_cs\Quantum_Inpired_PSO_Classifcation\train\smoke\smoke2051.jpg,smoke
C:\Users\HishamMo\Desktop\999_cs\Quantum_Inpired_PSO_Classifcation\train\smoke\smoke2052.jpg,smoke
C:\Users\HishamMo\Desktop\999_cs\Quantum_Inpired_PSO_Classifcation\train\smoke\smoke2053.jpg,smoke
C:\Users\HishamMo\Desktop\999_cs\Quantum_Inpired_PSO_Classifcation\train\smoke\smoke2054.jpg,smoke
C:\Users\HishamMo\Desktop\999_cs\Quantum_Inpired_PSO_Classifcation\train\smoke\smoke2055.jpg,smoke
C:\Users\HishamMo\Desktop\999_cs\Quantum_Inpired_PSO_Classifcation\train\smoke\smoke2056.jpg,smoke
C:\Users\HishamMo\Desktop\999_cs\Quantum_Inpired_PSO_Classifcation\train\smoke\smoke2057.jpg,smoke
C:\Users\HishamMo\Desktop\999_cs\Quantum_Inpired_PSO_Classifcation\train\smoke\smoke2058.jpg,smoke
C:\Users\HishamMo\Desktop\999_cs\Quantum_Inpired_PSO_Classifcation\train\smoke\smoke2059.jpg,smoke
C:\Users\HishamMo\Desktop\999_cs\Quantum_Inpired_PSO_Classifcation\train\smoke\smoke2060.jpg,smoke
C:\Users\HishamMo\Desktop\999_cs\Quantum_Inpired_PSO_Classifcation\train\smoke\smoke2061.jpg,smoke
C:\Users\HishamMo\Desktop\999_cs\Quantum_Inpired_PSO_Classifcation\train\smoke\smoke2062.jpg,smoke
C:\Users\HishamMo\Desktop\999_cs\Quantum_Inpired_PSO_Classifcation\train\smoke\smoke2063.jpg,smoke
C:\Users\HishamMo\Desktop\999_cs\Quantum_Inpired_PSO_Classifcation\train\smoke\smoke2065.jpg,smoke
C:\Users\HishamMo\Desktop\999_cs\Quantum_Inpired_PSO_Classifcation\train\smoke\smoke2066.jpg,smoke
C:\Users\HishamMo\Desktop\999_cs\Quantum_Inpired_PSO_Classifcation\train\smoke\smoke2067.jpg,smoke
C:\Users\HishamMo\Desktop\999_cs\Quantum_Inpired_PSO_Classifcation\train\smoke\smoke2068.jpg,smoke
C:\Users\HishamMo\Desktop\999_cs\Quantum_Inpired_PSO_Classifcation\train\smoke\smoke2069.jpg,smoke
C:\Users\HishamMo\Desktop\999_cs\Quantum_Inpired_PSO_Classifcation\train\smoke\smoke2070.jpg,smoke
C:\Users\HishamMo\Desktop\999_cs\Quantum_Inpired_PSO_Classifcation\train\smoke\smoke2071.jpg,smoke
C:\Users\HishamMo\Desktop\999_cs\Quantum_Inpired_PSO_Classifcation\train\smoke\smoke2072.jpg,smoke
C:\Users\HishamMo\Desktop\999_cs\Quantum_Inpired_PSO_Classifcation\train\smoke\smoke2073.jpg,smoke
C:\Users\HishamMo\Desktop\999_cs\Quantum_Inpired_PSO_Classifcation\train\smoke\smoke2074.jpg,smoke
C:\Users\HishamMo\Desktop\999_cs\Quantum_Inpired_PSO_Classifcation\train\smoke\smoke2076.jpg,smoke
C:\Users\HishamMo\Desktop\999_cs\Quantum_Inpired_PSO_Classifcation\train\smoke\smoke2077.jpg,smoke
C:\Users\HishamMo\Desktop\999_cs\Quantum_Inpired_PSO_Classifcation\train\smoke\smoke2079.jpg,smoke
C:\Users\HishamMo\Desktop\999_cs\Quantum_Inpired_PSO_Classifcation\train\smoke\smoke2080.jpg,smoke
C:\Users\HishamMo\Desktop\999_cs\Quantum_Inpired_PSO_Classifcation\train\smoke\smoke2081.jpg,smoke
C:\Users\HishamMo\Desktop\999_cs\Quantum_Inpired_PSO_Classifcation\train\smoke\smoke2082.jpg,smoke
C:\Users\HishamMo\Desktop\999_cs\Quantum_Inpired_PSO_Classifcation\train\smoke\smoke2083.jpg,smoke
C:\Users\HishamMo\Desktop\999_cs\Quantum_Inpired_PSO_Classifcation\train\smoke\smoke2084.jpg,smoke
C:\Users\HishamMo\Desktop\999_cs\Quantum_Inpired_PSO_Classifcation\train\smoke\smoke2086.jpg,smoke
C:\Users\HishamMo\Desktop\999_cs\Quantum_Inpired_PSO_Classifcation\train\smoke\smoke2088.jpg,smoke
C:\Users\HishamMo\Desktop\999_cs\Quantum_Inpired_PSO_Classifcation\train\smoke\smoke2089.jpg,smoke
C:\Users\HishamMo\Desktop\999_cs\Quantum_Inpired_PSO_Classifcation\train\smoke\smoke2090.jpg,smoke
C:\Users\HishamMo\Desktop\999_cs\Quantum_Inpired_PSO_Classifcation\train\smoke\smoke2091.jpg,smoke
C:\Users\HishamMo\Desktop\999_cs\Quantum_Inpired_PSO_Classifcation\train\smoke\smoke2092.jpg,smoke
C:\Users\HishamMo\Desktop\999_cs\Quantum_Inpired_PSO_Classifcation\train\smoke\smoke2093.jpg,smoke
C:\Users\HishamMo\Desktop\999_cs\Quantum_Inpired_PSO_Classifcation\train\smoke\smoke2094.jpg,smoke
C:\Users\HishamMo\Desktop\999_cs\Quantum_Inpired_PSO_Classifcation\train\smoke\smoke2095.jpg,smoke
C:\Users\HishamMo\Desktop\999_cs\Quantum_Inpired_PSO_Classifcation\train\smoke\smoke2096.jpg,smoke
C:\Users\HishamMo\Desktop\999_cs\Quantum_Inpired_PSO_Classifcation\train\smoke\smoke2097.jpg,smoke
C:\Users\HishamMo\Desktop\999_cs\Quantum_Inpired_PSO_Classifcation\train\smoke\smoke2098.jpg,smoke
C:\Users\HishamMo\Desktop\999_cs\Quantum_Inpired_PSO_Classifcation\train\smoke\smoke2099.jpg,smoke
C:\Users\HishamMo\Desktop\999_cs\Quantum_Inpired_PSO_Classifcation\train\smoke\smoke2101.jpg,smoke
C:\Users\HishamMo\Desktop\999_cs\Quantum_Inpired_PSO_Classifcation\train\smoke\smoke2102.jpg,smoke
C:\Users\HishamMo\Desktop\999_cs\Quantum_Inpired_PSO_Classifcation\train\smoke\smoke2103.jpg,smoke
C:\Users\HishamMo\Desktop\999_cs\Quantum_Inpired_PSO_Classifcation\train\smoke\smoke2105.jpg,smoke
C:\Users\HishamMo\Desktop\999_cs\Quantum_Inpired_PSO_Classifcation\train\smoke\smoke2106.jpg,smoke
C:\Users\HishamMo\Desktop\999_cs\Quantum_Inpired_PSO_Classifcation\train\smoke\smoke2107.jpg,smoke
C:\Users\HishamMo\Desktop\999_cs\Quantum_Inpired_PSO_Classifcation\train\smoke\smoke2108.jpg,smoke
C:\Users\HishamMo\Desktop\999_cs\Quantum_Inpired_PSO_Classifcation\train\smoke\smoke2109.jpg,smoke
C:\Users\HishamMo\Desktop\999_cs\Quantum_Inpired_PSO_Classifcation\train\smoke\smoke2110.jpg,smoke
C:\Users\HishamMo\Desktop\999_cs\Quantum_Inpired_PSO_Classifcation\train\smoke\smoke2112.jpg,smoke
C:\Users\HishamMo\Desktop\999_cs\Quantum_Inpired_PSO_Classifcation\train\smoke\smoke2113.jpg,smoke
C:\Users\HishamMo\Desktop\999_cs\Quantum_Inpired_PSO_Classifcation\train\smoke\smoke2114.jpg,smoke
C:\Users\HishamMo\Desktop\999_cs\Quantum_Inpired_PSO_Classifcation\train\smoke\smoke2115.jpg,smoke
C:\Users\HishamMo\Desktop\999_cs\Quantum_Inpired_PSO_Classifcation\train\smoke\smoke2116.jpg,smoke
C:\Users\HishamMo\Desktop\999_cs\Quantum_Inpired_PSO_Classifcation\train\smoke\smoke2117.jpg,smoke
C:\Users\HishamMo\Desktop\999_cs\Quantum_Inpired_PSO_Classifcation\train\smoke\smoke2119.jpg,smoke
C:\Users\HishamMo\Desktop\999_cs\Quantum_Inpired_PSO_Classifcation\train\smoke\smoke2120.jpg,smoke
C:\Users\HishamMo\Desktop\999_cs\Quantum_Inpired_PSO_Classifcation\train\smoke\smoke2121.jpg,smoke
C:\Users\HishamMo\Desktop\999_cs\Quantum_Inpired_PSO_Classifcation\train\smoke\smoke2122.jpg,smoke
C:\Users\HishamMo\Desktop\999_cs\Quantum_Inpired_PSO_Classifcation\train\smoke\smoke2123.jpg,smoke
C:\Users\HishamMo\Desktop\999_cs\Quantum_Inpired_PSO_Classifcation\train\smoke\smoke2124.jpg,smoke
C:\Users\HishamMo\Desktop\999_cs\Quantum_Inpired_PSO_Classifcation\train\smoke\smoke2125.jpg,smoke
C:\Users\HishamMo\Desktop\999_cs\Quantum_Inpired_PSO_Classifcation\train\smoke\smoke2126.jpg,smoke
C:\Users\HishamMo\Desktop\999_cs\Quantum_Inpired_PSO_Classifcation\train\smoke\smoke2127.jpg,smoke
C:\Users\HishamMo\Desktop\999_cs\Quantum_Inpired_PSO_Classifcation\train\smoke\smoke2128.jpg,smoke
C:\Users\HishamMo\Desktop\999_cs\Quantum_Inpired_PSO_Classifcation\train\smoke\smoke2130.jpg,smoke
C:\Users\HishamMo\Desktop\999_cs\Quantum_Inpired_PSO_Classifcation\train\smoke\smoke2133.jpg,smoke
C:\Users\HishamMo\Desktop\999_cs\Quantum_Inpired_PSO_Classifcation\train\smoke\smoke2134.jpg,smoke
C:\Users\HishamMo\Desktop\999_cs\Quantum_Inpired_PSO_Classifcation\train\smoke\smoke2135.jpg,smoke
C:\Users\HishamMo\Desktop\999_cs\Quantum_Inpired_PSO_Classifcation\train\smoke\smoke2136.jpg,smoke
C:\Users\HishamMo\Desktop\999_cs\Quantum_Inpired_PSO_Classifcation\train\smoke\smoke2137.jpg,smoke
C:\Users\HishamMo\Desktop\999_cs\Quantum_Inpired_PSO_Classifcation\train\smoke\smoke2138.jpg,smoke
C:\Users\HishamMo\Desktop\999_cs\Quantum_Inpired_PSO_Classifcation\train\smoke\smoke2139.jpg,smoke
C:\Users\HishamMo\Desktop\999_cs\Quantum_Inpired_PSO_Classifcation\train\smoke\smoke2140.jpg,smoke
C:\Users\HishamMo\Desktop\999_cs\Quantum_Inpired_PSO_Classifcation\train\smoke\smoke2141.jpg,smoke
C:\Users\HishamMo\Desktop\999_cs\Quantum_Inpired_PSO_Classifcation\train\smoke\smoke2142.jpg,smoke
C:\Users\HishamMo\Desktop\999_cs\Quantum_Inpired_PSO_Classifcation\train\smoke\smoke2143.jpg,smoke
C:\Users\HishamMo\Desktop\999_cs\Quantum_Inpired_PSO_Classifcation\train\smoke\smoke2144.jpg,smoke
C:\Users\HishamMo\Desktop\999_cs\Quantum_Inpired_PSO_Classifcation\train\smoke\smoke2146.jpg,smoke
C:\Users\HishamMo\Desktop\999_cs\Quantum_Inpired_PSO_Classifcation\train\smoke\smoke2148.jpg,smoke
C:\Users\HishamMo\Desktop\999_cs\Quantum_Inpired_PSO_Classifcation\train\smoke\smoke2149.jpg,smoke
C:\Users\HishamMo\Desktop\999_cs\Quantum_Inpired_PSO_Classifcation\train\smoke\smoke2151.jpg,smoke
C:\Users\HishamMo\Desktop\999_cs\Quantum_Inpired_PSO_Classifcation\train\smoke\smoke2152.jpg,smoke
C:\Users\HishamMo\Desktop\999_cs\Quantum_Inpired_PSO_Classifcation\train\smoke\smoke2153.jpg,smoke
C:\Users\HishamMo\Desktop\999_cs\Quantum_Inpired_PSO_Classifcation\train\smoke\smoke2154.jpg,smoke
C:\Users\HishamMo\Desktop\999_cs\Quantum_Inpired_PSO_Classifcation\train\smoke\smoke2155.jpg,smoke
C:\Users\HishamMo\Desktop\999_cs\Quantum_Inpired_PSO_Classifcation\train\smoke\smoke2157.jpg,smoke
C:\Users\HishamMo\Desktop\999_cs\Quantum_Inpired_PSO_Classifcation\train\smoke\smoke2158.jpg,smoke
C:\Users\HishamMo\Desktop\999_cs\Quantum_Inpired_PSO_Classifcation\train\smoke\smoke2159.jpg,smoke
C:\Users\HishamMo\Desktop\999_cs\Quantum_Inpired_PSO_Classifcation\train\smoke\smoke2160.jpg,smoke
C:\Users\HishamMo\Desktop\999_cs\Quantum_Inpired_PSO_Classifcation\train\smoke\smoke2161.jpg,smoke
C:\Users\HishamMo\Desktop\999_cs\Quantum_Inpired_PSO_Classifcation\train\smoke\smoke2162.jpg,smoke
C:\Users\HishamMo\Desktop\999_cs\Quantum_Inpired_PSO_Classifcation\train\smoke\smoke2163.jpg,smoke
C:\Users\HishamMo\Desktop\999_cs\Quantum_Inpired_PSO_Classifcation\train\smoke\smoke2164.jpg,smoke
C:\Users\HishamMo\Desktop\999_cs\Quantum_Inpired_PSO_Classifcation\train\smoke\smoke2165.jpg,smoke
C:\Users\HishamMo\Desktop\999_cs\Quantum_Inpired_PSO_Classifcation\train\smoke\smoke2166.jpg,smoke
C:\Users\HishamMo\Desktop\999_cs\Quantum_Inpired_PSO_Classifcation\train\smoke\smoke2168.jpg,smoke
C:\Users\HishamMo\Desktop\999_cs\Quantum_Inpired_PSO_Classifcation\train\smoke\smoke2169.jpg,smoke
C:\Users\HishamMo\Desktop\999_cs\Quantum_Inpired_PSO_Classifcation\train\smoke\smoke2170.jpg,smoke
C:\Users\HishamMo\Desktop\999_cs\Quantum_Inpired_PSO_Classifcation\train\smoke\smoke2171.jpg,smoke
C:\Users\HishamMo\Desktop\999_cs\Quantum_Inpired_PSO_Classifcation\train\smoke\smoke2175.jpg,smoke
C:\Users\HishamMo\Desktop\999_cs\Quantum_Inpired_PSO_Classifcation\train\smoke\smoke2176.jpg,smoke
C:\Users\HishamMo\Desktop\999_cs\Quantum_Inpired_PSO_Classifcation\train\smoke\smoke2177.jpg,smoke
C:\Users\HishamMo\Desktop\999_cs\Quantum_Inpired_PSO_Classifcation\train\smoke\smoke2179.jpg,smoke
C:\Users\HishamMo\Desktop\999_cs\Quantum_Inpired_PSO_Classifcation\train\smoke\smoke2181.jpg,smoke
C:\Users\HishamMo\Desktop\999_cs\Quantum_Inpired_PSO_Classifcation\train\smoke\smoke2182.jpg,smoke
C:\Users\HishamMo\Desktop\999_cs\Quantum_Inpired_PSO_Classifcation\train\smoke\smoke2185.jpg,smoke
C:\Users\HishamMo\Desktop\999_cs\Quantum_Inpired_PSO_Classifcation\train\smoke\smoke2186.jpg,smoke
C:\Users\HishamMo\Desktop\999_cs\Quantum_Inpired_PSO_Classifcation\train\smoke\smoke2187.jpg,smoke
C:\Users\HishamMo\Desktop\999_cs\Quantum_Inpired_PSO_Classifcation\train\smoke\smoke2189.jpg,smoke
C:\Users\HishamMo\Desktop\999_cs\Quantum_Inpired_PSO_Classifcation\train\smoke\smoke2191.jpg,smoke
C:\Users\HishamMo\Desktop\999_cs\Quantum_Inpired_PSO_Classifcation\train\smoke\smoke2193.jpg,smoke
C:\Users\HishamMo\Desktop\999_cs\Quantum_Inpired_PSO_Classifcation\train\smoke\smoke2194.jpg,smoke
C:\Users\HishamMo\Desktop\999_cs\Quantum_Inpired_PSO_Classifcation\train\smoke\smoke2195.jpg,smoke
C:\Users\HishamMo\Desktop\999_cs\Quantum_Inpired_PSO_Classifcation\train\smoke\smoke2196.jpg,smoke
C:\Users\HishamMo\Desktop\999_cs\Quantum_Inpired_PSO_Classifcation\train\smoke\smoke2198.jpg,smoke
C:\Users\HishamMo\Desktop\999_cs\Quantum_Inpired_PSO_Classifcation\train\smoke\smoke2199.jpg,smoke
C:\Users\HishamMo\Desktop\999_cs\Quantum_Inpired_PSO_Classifcation\train\smoke\smoke2200.jpg,smoke
C:\Users\HishamMo\Desktop\999_cs\Quantum_Inpired_PSO_Classifcation\train\smoke\smoke2201.jpg,smoke
C:\Users\HishamMo\Desktop\999_cs\Quantum_Inpired_PSO_Classifcation\train\smoke\smoke2202.jpg,smoke
C:\Users\HishamMo\Desktop\999_cs\Quantum_Inpired_PSO_Classifcation\train\smoke\smoke2203.jpg,smoke
C:\Users\HishamMo\Desktop\999_cs\Quantum_Inpired_PSO_Classifcation\train\smoke\smoke2204.jpg,smoke
C:\Users\HishamMo\Desktop\999_cs\Quantum_Inpired_PSO_Classifcation\train\smoke\smoke2205.jpg,smoke
C:\Users\HishamMo\Desktop\999_cs\Quantum_Inpired_PSO_Classifcation\train\smoke\smoke2206.jpg,smoke
C:\Users\HishamMo\Desktop\999_cs\Quantum_Inpired_PSO_Classifcation\train\smoke\smoke2208.jpg,smoke
C:\Users\HishamMo\Desktop\999_cs\Quantum_Inpired_PSO_Classifcation\train\smoke\smoke2209.jpg,smoke
C:\Users\HishamMo\Desktop\999_cs\Quantum_Inpired_PSO_Classifcation\train\smoke\smoke2210.jpg,smoke
C:\Users\HishamMo\Desktop\999_cs\Quantum_Inpired_PSO_Classifcation\train\smoke\smoke2211.jpg,smoke
C:\Users\HishamMo\Desktop\999_cs\Quantum_Inpired_PSO_Classifcation\train\smoke\smoke2212.jpg,smoke
C:\Users\HishamMo\Desktop\999_cs\Quantum_Inpired_PSO_Classifcation\train\smoke\smoke2213.jpg,smoke
C:\Users\HishamMo\Desktop\999_cs\Quantum_Inpired_PSO_Classifcation\train\smoke\smoke2214.jpg,smoke
C:\Users\HishamMo\Desktop\999_cs\Quantum_Inpired_PSO_Classifcation\train\smoke\smoke2216.jpg,smoke
C:\Users\HishamMo\Desktop\999_cs\Quantum_Inpired_PSO_Classifcation\train\smoke\smoke2217.jpg,smoke
C:\Users\HishamMo\Desktop\999_cs\Quantum_Inpired_PSO_Classifcation\train\smoke\smoke2218.jpg,smoke
C:\Users\HishamMo\Desktop\999_cs\Quantum_Inpired_PSO_Classifcation\train\smoke\smoke2219.jpg,smoke
C:\Users\HishamMo\Desktop\999_cs\Quantum_Inpired_PSO_Classifcation\train\smoke\smoke2220.jpg,smoke
C:\Users\HishamMo\Desktop\999_cs\Quantum_Inpired_PSO_Classifcation\train\smoke\smoke2221.jpg,smoke
C:\Users\HishamMo\Desktop\999_cs\Quantum_Inpired_PSO_Classifcation\train\smoke\smoke2222.jpg,smoke
C:\Users\HishamMo\Desktop\999_cs\Quantum_Inpired_PSO_Classifcation\train\smoke\smoke2223.jpg,smoke
C:\Users\HishamMo\Desktop\999_cs\Quantum_Inpired_PSO_Classifcation\train\smoke\smoke2224.jpg,smoke
C:\Users\HishamMo\Desktop\999_cs\Quantum_Inpired_PSO_Classifcation\train\smoke\smoke2225.jpg,smoke
C:\Users\HishamMo\Desktop\999_cs\Quantum_Inpired_PSO_Classifcation\train\smoke\smoke2228.jpg,smoke
C:\Users\HishamMo\Desktop\999_cs\Quantum_Inpired_PSO_Classifcation\train\smoke\smoke2230.jpg,smoke
C:\Users\HishamMo\Desktop\999_cs\Quantum_Inpired_PSO_Classifcation\train\smoke\smoke2231.jpg,smoke
C:\Users\HishamMo\Desktop\999_cs\Quantum_Inpired_PSO_Classifcation\train\smoke\smoke2232.jpg,smoke
C:\Users\HishamMo\Desktop\999_cs\Quantum_Inpired_PSO_Classifcation\train\smoke\smoke2233.jpg,smoke
C:\Users\HishamMo\Desktop\999_cs\Quantum_Inpired_PSO_Classifcation\train\smoke\smoke2234.jpg,smoke
C:\Users\HishamMo\Desktop\999_cs\Quantum_Inpired_PSO_Classifcation\train\smoke\smoke2235.jpg,smoke
C:\Users\HishamMo\Desktop\999_cs\Quantum_Inpired_PSO_Classifcation\train\smoke\smoke2236.jpg,smoke
C:\Users\HishamMo\Desktop\999_cs\Quantum_Inpired_PSO_Classifcation\train\smoke\smoke2237.jpg,smoke
C:\Users\HishamMo\Desktop\999_cs\Quantum_Inpired_PSO_Classifcation\train\smoke\smoke2238.jpg,smoke
C:\Users\HishamMo\Desktop\999_cs\Quantum_Inpired_PSO_Classifcation\train\smoke\smoke2239.jpg,smoke
C:\Users\HishamMo\Desktop\999_cs\Quantum_Inpired_PSO_Classifcation\train\smoke\smoke2240.jpg,smoke
C:\Users\HishamMo\Desktop\999_cs\Quantum_Inpired_PSO_Classifcation\train\smoke\smoke2241.jpg,smoke
C:\Users\HishamMo\Desktop\999_cs\Quantum_Inpired_PSO_Classifcation\train\smoke\smoke2242.jpg,smoke
C:\Users\HishamMo\Desktop\999_cs\Quantum_Inpired_PSO_Classifcation\train\smoke\smoke2244.jpg,smoke
C:\Users\HishamMo\Desktop\999_cs\Quantum_Inpired_PSO_Classifcation\train\smoke\smoke2245.jpg,smoke
C:\Users\HishamMo\Desktop\999_cs\Quantum_Inpired_PSO_Classifcation\train\smoke\smoke2246.jpg,smoke
C:\Users\HishamMo\Desktop\999_cs\Quantum_Inpired_PSO_Classifcation\train\smoke\smoke2247.jpg,smoke
C:\Users\HishamMo\Desktop\999_cs\Quantum_Inpired_PSO_Classifcation\train\smoke\smoke2248.jpg,smoke
C:\Users\HishamMo\Desktop\999_cs\Quantum_Inpired_PSO_Classifcation\train\smoke\smoke2249.jpg,smoke
C:\Users\HishamMo\Desktop\999_cs\Quantum_Inpired_PSO_Classifcation\train\smoke\smoke2250.jpg,smoke
C:\Users\HishamMo\Desktop\999_cs\Quantum_Inpired_PSO_Classifcation\train\smoke\smoke2251.jpg,smoke
C:\Users\HishamMo\Desktop\999_cs\Quantum_Inpired_PSO_Classifcation\train\smoke\smoke2253.jpg,smoke
C:\Users\HishamMo\Desktop\999_cs\Quantum_Inpired_PSO_Classifcation\train\smoke\smoke2254.jpg,smoke
C:\Users\HishamMo\Desktop\999_cs\Quantum_Inpired_PSO_Classifcation\train\smoke\smoke2255.jpg,smoke
C:\Users\HishamMo\Desktop\999_cs\Quantum_Inpired_PSO_Classifcation\train\smoke\smoke2256.jpg,smoke
C:\Users\HishamMo\Desktop\999_cs\Quantum_Inpired_PSO_Classifcation\train\smoke\smoke2257.jpg,smoke
C:\Users\HishamMo\Desktop\999_cs\Quantum_Inpired_PSO_Classifcation\train\smoke\smoke2258.jpg,smoke
C:\Users\HishamMo\Desktop\999_cs\Quantum_Inpired_PSO_Classifcation\train\smoke\smoke2259.jpg,smoke
C:\Users\HishamMo\Desktop\999_cs\Quantum_Inpired_PSO_Classifcation\train\smoke\smoke2260.jpg,smoke
C:\Users\HishamMo\Desktop\999_cs\Quantum_Inpired_PSO_Classifcation\train\smoke\smoke2261.jpg,smoke
C:\Users\HishamMo\Desktop\999_cs\Quantum_Inpired_PSO_Classifcation\train\smoke\smoke2262.jpg,smoke
C:\Users\HishamMo\Desktop\999_cs\Quantum_Inpired_PSO_Classifcation\train\smoke\smoke2263.jpg,smoke
C:\Users\HishamMo\Desktop\999_cs\Quantum_Inpired_PSO_Classifcation\train\smoke\smoke2264.jpg,smoke
C:\Users\HishamMo\Desktop\999_cs\Quantum_Inpired_PSO_Classifcation\train\smoke\smoke2265.jpg,smoke
C:\Users\HishamMo\Desktop\999_cs\Quantum_Inpired_PSO_Classifcation\train\smoke\smoke2267.jpg,smoke
C:\Users\HishamMo\Desktop\999_cs\Quantum_Inpired_PSO_Classifcation\train\smoke\smoke2268.jpg,smoke
C:\Users\HishamMo\Desktop\999_cs\Quantum_Inpired_PSO_Classifcation\train\smoke\smoke2269.jpg,smoke
C:\Users\HishamMo\Desktop\999_cs\Quantum_Inpired_PSO_Classifcation\train\smoke\smoke2270.jpg,smoke
C:\Users\HishamMo\Desktop\999_cs\Quantum_Inpired_PSO_Classifcation\train\smoke\smoke2271.jpg,smoke
C:\Users\HishamMo\Desktop\999_cs\Quantum_Inpired_PSO_Classifcation\train\smoke\smoke2272.jpg,smoke
C:\Users\HishamMo\Desktop\999_cs\Quantum_Inpired_PSO_Classifcation\train\smoke\smoke2273.jpg,smoke
C:\Users\HishamMo\Desktop\999_cs\Quantum_Inpired_PSO_Classifcation\train\smoke\smoke2274.jpg,smoke
C:\Users\HishamMo\Desktop\999_cs\Quantum_Inpired_PSO_Classifcation\train\smoke\smoke2275.jpg,smoke
C:\Users\HishamMo\Desktop\999_cs\Quantum_Inpired_PSO_Classifcation\train\smoke\smoke2276.jpg,smoke
C:\Users\HishamMo\Desktop\999_cs\Quantum_Inpired_PSO_Classifcation\train\smoke\smoke2277.jpg,smoke
C:\Users\HishamMo\Desktop\999_cs\Quantum_Inpired_PSO_Classifcation\train\smoke\smoke2279.jpg,smoke
C:\Users\HishamMo\Desktop\999_cs\Quantum_Inpired_PSO_Classifcation\train\smoke\smoke2280.jpg,smoke
C:\Users\HishamMo\Desktop\999_cs\Quantum_Inpired_PSO_Classifcation\train\smoke\smoke2281.jpg,smoke
C:\Users\HishamMo\Desktop\999_cs\Quantum_Inpired_PSO_Classifcation\train\smoke\smoke2282.jpg,smoke
C:\Users\HishamMo\Desktop\999_cs\Quantum_Inpired_PSO_Classifcation\train\smoke\smoke2283.jpg,smoke
C:\Users\HishamMo\Desktop\999_cs\Quantum_Inpired_PSO_Classifcation\train\smoke\smoke2284.jpg,smoke
C:\Users\HishamMo\Desktop\999_cs\Quantum_Inpired_PSO_Classifcation\train\smoke\smoke2285.jpg,smoke
C:\Users\HishamMo\Desktop\999_cs\Quantum_Inpired_PSO_Classifcation\train\smoke\smoke2289.jpg,smoke
C:\Users\HishamMo\Desktop\999_cs\Quantum_Inpired_PSO_Classifcation\train\smoke\smoke2290.jpg,smoke
C:\Users\HishamMo\Desktop\999_cs\Quantum_Inpired_PSO_Classifcation\train\smoke\smoke2291.jpg,smoke
C:\Users\HishamMo\Desktop\999_cs\Quantum_Inpired_PSO_Classifcation\train\smoke\smoke2292.jpg,smoke
C:\Users\HishamMo\Desktop\999_cs\Quantum_Inpired_PSO_Classifcation\train\smoke\smoke2293.jpg,smoke
C:\Users\HishamMo\Desktop\999_cs\Quantum_Inpired_PSO_Classifcation\train\smoke\smoke2294.jpg,smoke
C:\Users\HishamMo\Desktop\999_cs\Quantum_Inpired_PSO_Classifcation\train\smoke\smoke2295.jpg,smoke
C:\Users\HishamMo\Desktop\999_cs\Quantum_Inpired_PSO_Classifcation\train\smoke\smoke2296.jpg,smoke
C:\Users\HishamMo\Desktop\999_cs\Quantum_Inpired_PSO_Classifcation\train\smoke\smoke2297.jpg,smoke
C:\Users\HishamMo\Desktop\999_cs\Quantum_Inpired_PSO_Classifcation\train\smoke\smoke2298.jpg,smoke
C:\Users\HishamMo\Desktop\999_cs\Quantum_Inpired_PSO_Classifcation\train\smoke\smoke2299.jpg,smoke
C:\Users\HishamMo\Desktop\999_cs\Quantum_Inpired_PSO_Classifcation\train\smoke\smoke2300.jpg,smoke
C:\Users\HishamMo\Desktop\999_cs\Quantum_Inpired_PSO_Classifcation\train\smoke\smoke2301.jpg,smoke
C:\Users\HishamMo\Desktop\999_cs\Quantum_Inpired_PSO_Classifcation\train\smoke\smoke2302.jpg,smoke
C:\Users\HishamMo\Desktop\999_cs\Quantum_Inpired_PSO_Classifcation\train\smoke\smoke2303.jpg,smoke
C:\Users\HishamMo\Desktop\999_cs\Quantum_Inpired_PSO_Classifcation\train\smoke\smoke2304.jpg,smoke
C:\Users\HishamMo\Desktop\999_cs\Quantum_Inpired_PSO_Classifcation\train\smoke\smoke2305.jpg,smoke
C:\Users\HishamMo\Desktop\999_cs\Quantum_Inpired_PSO_Classifcation\train\smoke\smoke2306.jpg,smoke
C:\Users\HishamMo\Desktop\999_cs\Quantum_Inpired_PSO_Classifcation\train\smoke\smoke2307.jpg,smoke
C:\Users\HishamMo\Desktop\999_cs\Quantum_Inpired_PSO_Classifcation\train\smoke\smoke2308.jpg,smoke
C:\Users\HishamMo\Desktop\999_cs\Quantum_Inpired_PSO_Classifcation\train\smoke\smoke2310.jpg,smoke
C:\Users\HishamMo\Desktop\999_cs\Quantum_Inpired_PSO_Classifcation\train\smoke\smoke2311.jpg,smoke
C:\Users\HishamMo\Desktop\999_cs\Quantum_Inpired_PSO_Classifcation\train\smoke\smoke2312.jpg,smoke
C:\Users\HishamMo\Desktop\999_cs\Quantum_Inpired_PSO_Classifcation\train\smoke\smoke2315.jpg,smoke
C:\Users\HishamMo\Desktop\999_cs\Quantum_Inpired_PSO_Classifcation\train\smoke\smoke2316.jpg,smoke
C:\Users\HishamMo\Desktop\999_cs\Quantum_Inpired_PSO_Classifcation\train\smoke\smoke2317.jpg,smoke
C:\Users\HishamMo\Desktop\999_cs\Quantum_Inpired_PSO_Classifcation\train\smoke\smoke2318.jpg,smoke
C:\Users\HishamMo\Desktop\999_cs\Quantum_Inpired_PSO_Classifcation\train\smoke\smoke2321.jpg,smoke
C:\Users\HishamMo\Desktop\999_cs\Quantum_Inpired_PSO_Classifcation\train\smoke\smoke2322.jpg,smoke
C:\Users\HishamMo\Desktop\999_cs\Quantum_Inpired_PSO_Classifcation\train\smoke\smoke2324.jpg,smoke
C:\Users\HishamMo\Desktop\999_cs\Quantum_Inpired_PSO_Classifcation\train\smoke\smoke2325.jpg,smoke
C:\Users\HishamMo\Desktop\999_cs\Quantum_Inpired_PSO_Classifcation\train\smoke\smoke2326.jpg,smoke
C:\Users\HishamMo\Desktop\999_cs\Quantum_Inpired_PSO_Classifcation\train\smoke\smoke2327.jpg,smoke
C:\Users\HishamMo\Desktop\999_cs\Quantum_Inpired_PSO_Classifcation\train\smoke\smoke2329.jpg,smoke
C:\Users\HishamMo\Desktop\999_cs\Quantum_Inpired_PSO_Classifcation\train\smoke\smoke2330.jpg,smoke
C:\Users\HishamMo\Desktop\999_cs\Quantum_Inpired_PSO_Classifcation\train\smoke\smoke2331.jpg,smoke
C:\Users\HishamMo\Desktop\999_cs\Quantum_Inpired_PSO_Classifcation\train\smoke\smoke2332.jpg,smoke
C:\Users\HishamMo\Desktop\999_cs\Quantum_Inpired_PSO_Classifcation\train\smoke\smoke2334.jpg,smoke
C:\Users\HishamMo\Desktop\999_cs\Quantum_Inpired_PSO_Classifcation\train\smoke\smoke2336.jpg,smoke
C:\Users\HishamMo\Desktop\999_cs\Quantum_Inpired_PSO_Classifcation\train\smoke\smoke2337.jpg,smoke
C:\Users\HishamMo\Desktop\999_cs\Quantum_Inpired_PSO_Classifcation\train\smoke\smoke2338.jpg,smoke
C:\Users\HishamMo\Desktop\999_cs\Quantum_Inpired_PSO_Classifcation\train\smoke\smoke2339.jpg,smoke
C:\Users\HishamMo\Desktop\999_cs\Quantum_Inpired_PSO_Classifcation\train\smoke\smoke2340.jpg,smoke
C:\Users\HishamMo\Desktop\999_cs\Quantum_Inpired_PSO_Classifcation\train\smoke\smoke2341.jpg,smoke
C:\Users\HishamMo\Desktop\999_cs\Quantum_Inpired_PSO_Classifcation\train\smoke\smoke2342.jpg,smoke
C:\Users\HishamMo\Desktop\999_cs\Quantum_Inpired_PSO_Classifcation\train\smoke\smoke2343.jpg,smoke
C:\Users\HishamMo\Desktop\999_cs\Quantum_Inpired_PSO_Classifcation\train\smoke\smoke2344.jpg,smoke
C:\Users\HishamMo\Desktop\999_cs\Quantum_Inpired_PSO_Classifcation\train\smoke\smoke2345.jpg,smoke
C:\Users\HishamMo\Desktop\999_cs\Quantum_Inpired_PSO_Classifcation\train\smoke\smoke2346.jpg,smoke
C:\Users\HishamMo\Desktop\999_cs\Quantum_Inpired_PSO_Classifcation\train\smoke\smoke2347.jpg,smoke
C:\Users\HishamMo\Desktop\999_cs\Quantum_Inpired_PSO_Classifcation\train\smoke\smoke2348.jpg,smoke
C:\Users\HishamMo\Desktop\999_cs\Quantum_Inpired_PSO_Classifcation\train\smoke\smoke2351.jpg,smoke
C:\Users\HishamMo\Desktop\999_cs\Quantum_Inpired_PSO_Classifcation\train\smoke\smoke2352.jpg,smoke
C:\Users\HishamMo\Desktop\999_cs\Quantum_Inpired_PSO_Classifcation\train\smoke\smoke2353.jpg,smoke
C:\Users\HishamMo\Desktop\999_cs\Quantum_Inpired_PSO_Classifcation\train\smoke\smoke2354.jpg,smoke
C:\Users\HishamMo\Desktop\999_cs\Quantum_Inpired_PSO_Classifcation\train\smoke\smoke2355.jpg,smoke
C:\Users\HishamMo\Desktop\999_cs\Quantum_Inpired_PSO_Classifcation\train\smoke\smoke2357.jpg,smoke
C:\Users\HishamMo\Desktop\999_cs\Quantum_Inpired_PSO_Classifcation\train\smoke\smoke2358.jpg,smoke
C:\Users\HishamMo\Desktop\999_cs\Quantum_Inpired_PSO_Classifcation\train\smoke\smoke2360.jpg,smoke
C:\Users\HishamMo\Desktop\999_cs\Quantum_Inpired_PSO_Classifcation\train\smoke\smoke2361.jpg,smoke
C:\Users\HishamMo\Desktop\999_cs\Quantum_Inpired_PSO_Classifcation\train\smoke\smoke2362.jpg,smoke
C:\Users\HishamMo\Desktop\999_cs\Quantum_Inpired_PSO_Classifcation\train\smoke\smoke2363.jpg,smoke
C:\Users\HishamMo\Desktop\999_cs\Quantum_Inpired_PSO_Classifcation\train\smoke\smoke2364.jpg,smoke
C:\Users\HishamMo\Desktop\999_cs\Quantum_Inpired_PSO_Classifcation\train\smoke\smoke2366.jpg,smoke
C:\Users\HishamMo\Desktop\999_cs\Quantum_Inpired_PSO_Classifcation\train\smoke\smoke2367.jpg,smoke
C:\Users\HishamMo\Desktop\999_cs\Quantum_Inpired_PSO_Classifcation\train\smoke\smoke2368.jpg,smoke
C:\Users\HishamMo\Desktop\999_cs\Quantum_Inpired_PSO_Classifcation\train\smoke\smoke2369.jpg,smoke
C:\Users\HishamMo\Desktop\999_cs\Quantum_Inpired_PSO_Classifcation\train\smoke\smoke2371.jpg,smoke
C:\Users\HishamMo\Desktop\999_cs\Quantum_Inpired_PSO_Classifcation\train\smoke\smoke2372.jpg,smoke
C:\Users\HishamMo\Desktop\999_cs\Quantum_Inpired_PSO_Classifcation\train\smoke\smoke2373.jpg,smoke
C:\Users\HishamMo\Desktop\999_cs\Quantum_Inpired_PSO_Classifcation\train\smoke\smoke2374.jpg,smoke
C:\Users\HishamMo\Desktop\999_cs\Quantum_Inpired_PSO_Classifcation\train\smoke\smoke2375.jpg,smoke
C:\Users\HishamMo\Desktop\999_cs\Quantum_Inpired_PSO_Classifcation\train\smoke\smoke2376.jpg,smoke
C:\Users\HishamMo\Desktop\999_cs\Quantum_Inpired_PSO_Classifcation\train\smoke\smoke2377.jpg,smoke
C:\Users\HishamMo\Desktop\999_cs\Quantum_Inpired_PSO_Classifcation\train\smoke\smoke2378.jpg,smoke
C:\Users\HishamMo\Desktop\999_cs\Quantum_Inpired_PSO_Classifcation\train\smoke\smoke2379.jpg,smoke
C:\Users\HishamMo\Desktop\999_cs\Quantum_Inpired_PSO_Classifcation\train\smoke\smoke2380.jpg,smoke
C:\Users\HishamMo\Desktop\999_cs\Quantum_Inpired_PSO_Classifcation\train\smoke\smoke2381.jpg,smoke
C:\Users\HishamMo\Desktop\999_cs\Quantum_Inpired_PSO_Classifcation\train\smoke\smoke2382.jpg,smoke
C:\Users\HishamMo\Desktop\999_cs\Quantum_Inpired_PSO_Classifcation\train\smoke\smoke2383.jpg,smoke
C:\Users\HishamMo\Desktop\999_cs\Quantum_Inpired_PSO_Classifcation\train\smoke\smoke2384.jpg,smoke
C:\Users\HishamMo\Desktop\999_cs\Quantum_Inpired_PSO_Classifcation\train\smoke\smoke2386.jpg,smoke
C:\Users\HishamMo\Desktop\999_cs\Quantum_Inpired_PSO_Classifcation\train\smoke\smoke2391.jpg,smoke
C:\Users\HishamMo\Desktop\999_cs\Quantum_Inpired_PSO_Classifcation\train\smoke\smoke2392.jpg,smoke
C:\Users\HishamMo\Desktop\999_cs\Quantum_Inpired_PSO_Classifcation\train\smoke\smoke2393.jpg,smoke
C:\Users\HishamMo\Desktop\999_cs\Quantum_Inpired_PSO_Classifcation\train\smoke\smoke2394.jpg,smoke
C:\Users\HishamMo\Desktop\999_cs\Quantum_Inpired_PSO_Classifcation\train\smoke\smoke2395.jpg,smoke
C:\Users\HishamMo\Desktop\999_cs\Quantum_Inpired_PSO_Classifcation\train\smoke\smoke2396.jpg,smoke
C:\Users\HishamMo\Desktop\999_cs\Quantum_Inpired_PSO_Classifcation\train\smoke\smoke2397.jpg,smoke
C:\Users\HishamMo\Desktop\999_cs\Quantum_Inpired_PSO_Classifcation\train\smoke\smoke2398.jpg,smoke
C:\Users\HishamMo\Desktop\999_cs\Quantum_Inpired_PSO_Classifcation\train\smoke\smoke2399.jpg,smoke
C:\Users\HishamMo\Desktop\999_cs\Quantum_Inpired_PSO_Classifcation\train\smoke\smoke2400.jpg,smoke
C:\Users\HishamMo\Desktop\999_cs\Quantum_Inpired_PSO_Classifcation\train\smoke\smoke2401.jpg,smoke
C:\Users\HishamMo\Desktop\999_cs\Quantum_Inpired_PSO_Classifcation\train\smoke\smoke2402.jpg,smoke
C:\Users\HishamMo\Desktop\999_cs\Quantum_Inpired_PSO_Classifcation\train\smoke\smoke2403.jpg,smoke
C:\Users\HishamMo\Desktop\999_cs\Quantum_Inpired_PSO_Classifcation\train\smoke\smoke2404.jpg,smoke
C:\Users\HishamMo\Desktop\999_cs\Quantum_Inpired_PSO_Classifcation\train\smoke\smoke2405.jpg,smoke
C:\Users\HishamMo\Desktop\999_cs\Quantum_Inpired_PSO_Classifcation\train\smoke\smoke2406.jpg,smoke
C:\Users\HishamMo\Desktop\999_cs\Quantum_Inpired_PSO_Classifcation\train\smoke\smoke2407.jpg,smoke
C:\Users\HishamMo\Desktop\999_cs\Quantum_Inpired_PSO_Classifcation\train\smoke\smoke2410.jpg,smoke
C:\Users\HishamMo\Desktop\999_cs\Quantum_Inpired_PSO_Classifcation\train\smoke\smoke2411.jpg,smoke
C:\Users\HishamMo\Desktop\999_cs\Quantum_Inpired_PSO_Classifcation\train\smoke\smoke2412.jpg,smoke
C:\Users\HishamMo\Desktop\999_cs\Quantum_Inpired_PSO_Classifcation\train\smoke\smoke2413.jpg,smoke
C:\Users\HishamMo\Desktop\999_cs\Quantum_Inpired_PSO_Classifcation\train\smoke\smoke2414.jpg,smoke
C:\Users\HishamMo\Desktop\999_cs\Quantum_Inpired_PSO_Classifcation\train\smoke\smoke2415.jpg,smoke
C:\Users\HishamMo\Desktop\999_cs\Quantum_Inpired_PSO_Classifcation\train\smoke\smoke2416.jpg,smoke
C:\Users\HishamMo\Desktop\999_cs\Quantum_Inpired_PSO_Classifcation\train\smoke\smoke2417.jpg,smoke
C:\Users\HishamMo\Desktop\999_cs\Quantum_Inpired_PSO_Classifcation\train\smoke\smoke2418.jpg,smoke
C:\Users\HishamMo\Desktop\999_cs\Quantum_Inpired_PSO_Classifcation\train\smoke\smoke2419.jpg,smoke
C:\Users\HishamMo\Desktop\999_cs\Quantum_Inpired_PSO_Classifcation\train\smoke\smoke2420.jpg,smoke
C:\Users\HishamMo\Desktop\999_cs\Quantum_Inpired_PSO_Classifcation\train\smoke\smoke2421.jpg,smoke
C:\Users\HishamMo\Desktop\999_cs\Quantum_Inpired_PSO_Classifcation\train\smoke\smoke2422.jpg,smoke
C:\Users\HishamMo\Desktop\999_cs\Quantum_Inpired_PSO_Classifcation\train\smoke\smoke2423.jpg,smoke
C:\Users\HishamMo\Desktop\999_cs\Quantum_Inpired_PSO_Classifcation\train\smoke\smoke2425.jpg,smoke
C:\Users\HishamMo\Desktop\999_cs\Quantum_Inpired_PSO_Classifcation\train\smoke\smoke2427.jpg,smoke
C:\Users\HishamMo\Desktop\999_cs\Quantum_Inpired_PSO_Classifcation\train\smoke\smoke2428.jpg,smoke
C:\Users\HishamMo\Desktop\999_cs\Quantum_Inpired_PSO_Classifcation\train\smoke\smoke2429.jpg,smoke
C:\Users\HishamMo\Desktop\999_cs\Quantum_Inpired_PSO_Classifcation\train\smoke\smoke2430.jpg,smoke
C:\Users\HishamMo\Desktop\999_cs\Quantum_Inpired_PSO_Classifcation\train\smoke\smoke2431.jpg,smoke
C:\Users\HishamMo\Desktop\999_cs\Quantum_Inpired_PSO_Classifcation\train\smoke\smoke2432.jpg,smoke
C:\Users\HishamMo\Desktop\999_cs\Quantum_Inpired_PSO_Classifcation\train\smoke\smoke2434.jpg,smoke
C:\Users\HishamMo\Desktop\999_cs\Quantum_Inpired_PSO_Classifcation\train\smoke\smoke2435.jpg,smoke
C:\Users\HishamMo\Desktop\999_cs\Quantum_Inpired_PSO_Classifcation\train\smoke\smoke2436.jpg,smoke
C:\Users\HishamMo\Desktop\999_cs\Quantum_Inpired_PSO_Classifcation\train\smoke\smoke2437.jpg,smoke
C:\Users\HishamMo\Desktop\999_cs\Quantum_Inpired_PSO_Classifcation\train\smoke\smoke2438.jpg,smoke
C:\Users\HishamMo\Desktop\999_cs\Quantum_Inpired_PSO_Classifcation\train\smoke\smoke2439.jpg,smoke
C:\Users\HishamMo\Desktop\999_cs\Quantum_Inpired_PSO_Classifcation\train\smoke\smoke2440.jpg,smoke
C:\Users\HishamMo\Desktop\999_cs\Quantum_Inpired_PSO_Classifcation\train\smoke\smoke2441.jpg,smoke
C:\Users\HishamMo\Desktop\999_cs\Quantum_Inpired_PSO_Classifcation\train\smoke\smoke2442.jpg,smoke
C:\Users\HishamMo\Desktop\999_cs\Quantum_Inpired_PSO_Classifcation\train\smoke\smoke2443.jpg,smoke
C:\Users\HishamMo\Desktop\999_cs\Quantum_Inpired_PSO_Classifcation\train\smoke\smoke2444.jpg,smoke
C:\Users\HishamMo\Desktop\999_cs\Quantum_Inpired_PSO_Classifcation\train\smoke\smoke2446.jpg,smoke
C:\Users\HishamMo\Desktop\999_cs\Quantum_Inpired_PSO_Classifcation\train\smoke\smoke2447.jpg,smoke
C:\Users\HishamMo\Desktop\999_cs\Quantum_Inpired_PSO_Classifcation\train\smoke\smoke2448.jpg,smoke
C:\Users\HishamMo\Desktop\999_cs\Quantum_Inpired_PSO_Classifcation\train\smoke\smoke2449.jpg,smoke
C:\Users\HishamMo\Desktop\999_cs\Quantum_Inpired_PSO_Classifcation\train\smoke\smoke2450.jpg,smoke
C:\Users\HishamMo\Desktop\999_cs\Quantum_Inpired_PSO_Classifcation\train\smoke\smoke2451.jpg,smoke
C:\Users\HishamMo\Desktop\999_cs\Quantum_Inpired_PSO_Classifcation\train\smoke\smoke2452.jpg,smoke
C:\Users\HishamMo\Desktop\999_cs\Quantum_Inpired_PSO_Classifcation\train\smoke\smoke2453.jpg,smoke
C:\Users\HishamMo\Desktop\999_cs\Quantum_Inpired_PSO_Classifcation\train\smoke\smoke2454.jpg,smoke
C:\Users\HishamMo\Desktop\999_cs\Quantum_Inpired_PSO_Classifcation\train\smoke\smoke2455.jpg,smoke
C:\Users\HishamMo\Desktop\999_cs\Quantum_Inpired_PSO_Classifcation\train\smoke\smoke2456.jpg,smoke
C:\Users\HishamMo\Desktop\999_cs\Quantum_Inpired_PSO_Classifcation\train\smoke\smoke2458.jpg,smoke
C:\Users\HishamMo\Desktop\999_cs\Quantum_Inpired_PSO_Classifcation\train\smoke\smoke2459.jpg,smoke
C:\Users\HishamMo\Desktop\999_cs\Quantum_Inpired_PSO_Classifcation\train\smoke\smoke2460.jpg,smoke
C:\Users\HishamMo\Desktop\999_cs\Quantum_Inpired_PSO_Classifcation\train\smoke\smoke2461.jpg,smoke
C:\Users\HishamMo\Desktop\999_cs\Quantum_Inpired_PSO_Classifcation\train\smoke\smoke2462.jpg,smoke
C:\Users\HishamMo\Desktop\999_cs\Quantum_Inpired_PSO_Classifcation\train\smoke\smoke2463.jpg,smoke
C:\Users\HishamMo\Desktop\999_cs\Quantum_Inpired_PSO_Classifcation\train\smoke\smoke2464.jpg,smoke
C:\Users\HishamMo\Desktop\999_cs\Quantum_Inpired_PSO_Classifcation\train\smoke\smoke2465.jpg,smoke
C:\Users\HishamMo\Desktop\999_cs\Quantum_Inpired_PSO_Classifcation\train\smoke\smoke2466.jpg,smoke
C:\Users\HishamMo\Desktop\999_cs\Quantum_Inpired_PSO_Classifcation\train\smoke\smoke2467.jpg,smoke
C:\Users\HishamMo\Desktop\999_cs\Quantum_Inpired_PSO_Classifcation\train\smoke\smoke2468.jpg,smoke
C:\Users\HishamMo\Desktop\999_cs\Quantum_Inpired_PSO_Classifcation\train\smoke\smoke2469.jpg,smoke
C:\Users\HishamMo\Desktop\999_cs\Quantum_Inpired_PSO_Classifcation\train\smoke\smoke2470.jpg,smoke
C:\Users\HishamMo\Desktop\999_cs\Quantum_Inpired_PSO_Classifcation\train\smoke\smoke2471.jpg,smoke
C:\Users\HishamMo\Desktop\999_cs\Quantum_Inpired_PSO_Classifcation\train\smoke\smoke2472.jpg,smoke
C:\Users\HishamMo\Desktop\999_cs\Quantum_Inpired_PSO_Classifcation\train\smoke\smoke2474.jpg,smoke
C:\Users\HishamMo\Desktop\999_cs\Quantum_Inpired_PSO_Classifcation\train\smoke\smoke2475.jpg,smoke
C:\Users\HishamMo\Desktop\999_cs\Quantum_Inpired_PSO_Classifcation\train\smoke\smoke2476.jpg,smoke
C:\Users\HishamMo\Desktop\999_cs\Quantum_Inpired_PSO_Classifcation\train\smoke\smoke2478.jpg,smoke
C:\Users\HishamMo\Desktop\999_cs\Quantum_Inpired_PSO_Classifcation\train\smoke\smoke2479.jpg,smoke
C:\Users\HishamMo\Desktop\999_cs\Quantum_Inpired_PSO_Classifcation\train\smoke\smoke2481.jpg,smoke
C:\Users\HishamMo\Desktop\999_cs\Quantum_Inpired_PSO_Classifcation\train\smoke\smoke2483.jpg,smoke
C:\Users\HishamMo\Desktop\999_cs\Quantum_Inpired_PSO_Classifcation\train\smoke\smoke2484.jpg,smoke
C:\Users\HishamMo\Desktop\999_cs\Quantum_Inpired_PSO_Classifcation\train\smoke\smoke2485.jpg,smoke
C:\Users\HishamMo\Desktop\999_cs\Quantum_Inpired_PSO_Classifcation\train\smoke\smoke2486.jpg,smoke
C:\Users\HishamMo\Desktop\999_cs\Quantum_Inpired_PSO_Classifcation\train\smoke\smoke2489.jpg,smoke
C:\Users\HishamMo\Desktop\999_cs\Quantum_Inpired_PSO_Classifcation\train\smoke\smoke2490.jpg,smoke
C:\Users\HishamMo\Desktop\999_cs\Quantum_Inpired_PSO_Classifcation\train\smoke\smoke2492.jpg,smoke
C:\Users\HishamMo\Desktop\999_cs\Quantum_Inpired_PSO_Classifcation\train\smoke\smoke2493.jpg,smoke
C:\Users\HishamMo\Desktop\999_cs\Quantum_Inpired_PSO_Classifcation\train\smoke\smoke2494.jpg,smoke
C:\Users\HishamMo\Desktop\999_cs\Quantum_Inpired_PSO_Classifcation\train\smoke\smoke2495.jpg,smoke
C:\Users\HishamMo\Desktop\999_cs\Quantum_Inpired_PSO_Classifcation\train\smoke\smoke2497.jpg,smoke
C:\Users\HishamMo\Desktop\999_cs\Quantum_Inpired_PSO_Classifcation\train\smoke\smoke2498.jpg,smoke
C:\Users\HishamMo\Desktop\999_cs\Quantum_Inpired_PSO_Classifcation\train\smoke\smoke2500.jpg,smoke
C:\Users\HishamMo\Desktop\999_cs\Quantum_Inpired_PSO_Classifcation\train\smoke\smoke2502.jpg,smoke
C:\Users\HishamMo\Desktop\999_cs\Quantum_Inpired_PSO_Classifcation\train\smoke\smoke2504.jpg,smoke
C:\Users\HishamMo\Desktop\999_cs\Quantum_Inpired_PSO_Classifcation\train\smoke\smoke2505.jpg,smoke
C:\Users\HishamMo\Desktop\999_cs\Quantum_Inpired_PSO_Classifcation\train\smoke\smoke2506.jpg,smoke
C:\Users\HishamMo\Desktop\999_cs\Quantum_Inpired_PSO_Classifcation\train\smoke\smoke2507.jpg,smoke
C:\Users\HishamMo\Desktop\999_cs\Quantum_Inpired_PSO_Classifcation\train\smoke\smoke2510.jpg,smoke
C:\Users\HishamMo\Desktop\999_cs\Quantum_Inpired_PSO_Classifcation\train\smoke\smoke2512.jpg,smoke
C:\Users\HishamMo\Desktop\999_cs\Quantum_Inpired_PSO_Classifcation\train\smoke\smoke2513.jpg,smoke
C:\Users\HishamMo\Desktop\999_cs\Quantum_Inpired_PSO_Classifcation\train\smoke\smoke2514.jpg,smoke
C:\Users\HishamMo\Desktop\999_cs\Quantum_Inpired_PSO_Classifcation\train\smoke\smoke2515.jpg,smoke
C:\Users\HishamMo\Desktop\999_cs\Quantum_Inpired_PSO_Classifcation\train\smoke\smoke2516.jpg,smoke
C:\Users\HishamMo\Desktop\999_cs\Quantum_Inpired_PSO_Classifcation\train\smoke\smoke2517.jpg,smoke
C:\Users\HishamMo\Desktop\999_cs\Quantum_Inpired_PSO_Classifcation\train\smoke\smoke2518.jpg,smoke
C:\Users\HishamMo\Desktop\999_cs\Quantum_Inpired_PSO_Classifcation\train\smoke\smoke2519.jpg,smoke
C:\Users\HishamMo\Desktop\999_cs\Quantum_Inpired_PSO_Classifcation\train\smoke\smoke2520.jpg,smoke
C:\Users\HishamMo\Desktop\999_cs\Quantum_Inpired_PSO_Classifcation\train\smoke\smoke2522.jpg,smoke
C:\Users\HishamMo\Desktop\999_cs\Quantum_Inpired_PSO_Classifcation\train\smoke\smoke2523.jpg,smoke
C:\Users\HishamMo\Desktop\999_cs\Quantum_Inpired_PSO_Classifcation\train\smoke\smoke2525.jpg,smoke
C:\Users\HishamMo\Desktop\999_cs\Quantum_Inpired_PSO_Classifcation\train\smoke\smoke2527.jpg,smoke
C:\Users\HishamMo\Desktop\999_cs\Quantum_Inpired_PSO_Classifcation\train\smoke\smoke2528.jpg,smoke
C:\Users\HishamMo\Desktop\999_cs\Quantum_Inpired_PSO_Classifcation\train\smoke\smoke2529.jpg,smoke
C:\Users\HishamMo\Desktop\999_cs\Quantum_Inpired_PSO_Classifcation\train\smoke\smoke2530.jpg,smoke
C:\Users\HishamMo\Desktop\999_cs\Quantum_Inpired_PSO_Classifcation\train\smoke\smoke2531.jpg,smoke
C:\Users\HishamMo\Desktop\999_cs\Quantum_Inpired_PSO_Classifcation\train\smoke\smoke2532.jpg,smoke
C:\Users\HishamMo\Desktop\999_cs\Quantum_Inpired_PSO_Classifcation\train\smoke\smoke2533.jpg,smoke
C:\Users\HishamMo\Desktop\999_cs\Quantum_Inpired_PSO_Classifcation\train\smoke\smoke2534.jpg,smoke
C:\Users\HishamMo\Desktop\999_cs\Quantum_Inpired_PSO_Classifcation\train\smoke\smoke2535.jpg,smoke
C:\Users\HishamMo\Desktop\999_cs\Quantum_Inpired_PSO_Classifcation\train\smoke\smoke2536.jpg,smoke
C:\Users\HishamMo\Desktop\999_cs\Quantum_Inpired_PSO_Classifcation\train\smoke\smoke2537.jpg,smoke
C:\Users\HishamMo\Desktop\999_cs\Quantum_Inpired_PSO_Classifcation\train\smoke\smoke2538.jpg,smoke
C:\Users\HishamMo\Desktop\999_cs\Quantum_Inpired_PSO_Classifcation\train\smoke\smoke2539.jpg,smoke
C:\Users\HishamMo\Desktop\999_cs\Quantum_Inpired_PSO_Classifcation\train\smoke\smoke2540.jpg,smoke
C:\Users\HishamMo\Desktop\999_cs\Quantum_Inpired_PSO_Classifcation\train\smoke\smoke2541.jpg,smoke
C:\Users\HishamMo\Desktop\999_cs\Quantum_Inpired_PSO_Classifcation\train\smoke\smoke2543.jpg,smoke
C:\Users\HishamMo\Desktop\999_cs\Quantum_Inpired_PSO_Classifcation\train\smoke\smoke2544.jpg,smoke
C:\Users\HishamMo\Desktop\999_cs\Quantum_Inpired_PSO_Classifcation\train\smoke\smoke2545.jpg,smoke
C:\Users\HishamMo\Desktop\999_cs\Quantum_Inpired_PSO_Classifcation\train\smoke\smoke2546.jpg,smoke
C:\Users\HishamMo\Desktop\999_cs\Quantum_Inpired_PSO_Classifcation\train\smoke\smoke2547.jpg,smoke
C:\Users\HishamMo\Desktop\999_cs\Quantum_Inpired_PSO_Classifcation\train\smoke\smoke2548.jpg,smoke
C:\Users\HishamMo\Desktop\999_cs\Quantum_Inpired_PSO_Classifcation\train\smoke\smoke2549.jpg,smoke
C:\Users\HishamMo\Desktop\999_cs\Quantum_Inpired_PSO_Classifcation\train\smoke\smoke2552.jpg,smoke
C:\Users\HishamMo\Desktop\999_cs\Quantum_Inpired_PSO_Classifcation\train\smoke\smoke2553.jpg,smoke
C:\Users\HishamMo\Desktop\999_cs\Quantum_Inpired_PSO_Classifcation\train\smoke\smoke2554.jpg,smoke
C:\Users\HishamMo\Desktop\999_cs\Quantum_Inpired_PSO_Classifcation\train\smoke\smoke2555.jpg,smoke
C:\Users\HishamMo\Desktop\999_cs\Quantum_Inpired_PSO_Classifcation\train\smoke\smoke2556.jpg,smoke
C:\Users\HishamMo\Desktop\999_cs\Quantum_Inpired_PSO_Classifcation\train\smoke\smoke2557.jpg,smoke
C:\Users\HishamMo\Desktop\999_cs\Quantum_Inpired_PSO_Classifcation\train\smoke\smoke2558.jpg,smoke
C:\Users\HishamMo\Desktop\999_cs\Quantum_Inpired_PSO_Classifcation\train\smoke\smoke2559.jpg,smoke
C:\Users\HishamMo\Desktop\999_cs\Quantum_Inpired_PSO_Classifcation\train\smoke\smoke2560.jpg,smoke
C:\Users\HishamMo\Desktop\999_cs\Quantum_Inpired_PSO_Classifcation\train\smoke\smoke2561.jpg,smoke
C:\Users\HishamMo\Desktop\999_cs\Quantum_Inpired_PSO_Classifcation\train\smoke\smoke2562.jpg,smoke
C:\Users\HishamMo\Desktop\999_cs\Quantum_Inpired_PSO_Classifcation\train\smoke\smoke2563.jpg,smoke
C:\Users\HishamMo\Desktop\999_cs\Quantum_Inpired_PSO_Classifcation\train\smoke\smoke2564.jpg,smoke
C:\Users\HishamMo\Desktop\999_cs\Quantum_Inpired_PSO_Classifcation\train\smoke\smoke2566.jpg,smoke
C:\Users\HishamMo\Desktop\999_cs\Quantum_Inpired_PSO_Classifcation\train\smoke\smoke2568.jpg,smoke
C:\Users\HishamMo\Desktop\999_cs\Quantum_Inpired_PSO_Classifcation\train\smoke\smoke2569.jpg,smoke
C:\Users\HishamMo\Desktop\999_cs\Quantum_Inpired_PSO_Classifcation\train\smoke\smoke2570.jpg,smoke
C:\Users\HishamMo\Desktop\999_cs\Quantum_Inpired_PSO_Classifcation\train\smoke\smoke2571.jpg,smoke
C:\Users\HishamMo\Desktop\999_cs\Quantum_Inpired_PSO_Classifcation\train\smoke\smoke2572.jpg,smoke
C:\Users\HishamMo\Desktop\999_cs\Quantum_Inpired_PSO_Classifcation\train\smoke\smoke2573.jpg,smoke
C:\Users\HishamMo\Desktop\999_cs\Quantum_Inpired_PSO_Classifcation\train\smoke\smoke2574.jpg,smoke
C:\Users\HishamMo\Desktop\999_cs\Quantum_Inpired_PSO_Classifcation\train\smoke\smoke2575.jpg,smoke
C:\Users\HishamMo\Desktop\999_cs\Quantum_Inpired_PSO_Classifcation\train\smoke\smoke2576.jpg,smoke
C:\Users\HishamMo\Desktop\999_cs\Quantum_Inpired_PSO_Classifcation\train\smoke\smoke2577.jpg,smoke
C:\Users\HishamMo\Desktop\999_cs\Quantum_Inpired_PSO_Classifcation\train\smoke\smoke2578.jpg,smoke
C:\Users\HishamMo\Desktop\999_cs\Quantum_Inpired_PSO_Classifcation\train\smoke\smoke2579.jpg,smoke
C:\Users\HishamMo\Desktop\999_cs\Quantum_Inpired_PSO_Classifcation\train\smoke\smoke2580.jpg,smoke
C:\Users\HishamMo\Desktop\999_cs\Quantum_Inpired_PSO_Classifcation\train\smoke\smoke2581.jpg,smoke
C:\Users\HishamMo\Desktop\999_cs\Quantum_Inpired_PSO_Classifcation\train\smoke\smoke2583.jpg,smoke
C:\Users\HishamMo\Desktop\999_cs\Quantum_Inpired_PSO_Classifcation\train\smoke\smoke2585.jpg,smoke
C:\Users\HishamMo\Desktop\999_cs\Quantum_Inpired_PSO_Classifcation\train\smoke\smoke2586.jpg,smoke
C:\Users\HishamMo\Desktop\999_cs\Quantum_Inpired_PSO_Classifcation\train\smoke\smoke2587.jpg,smoke
C:\Users\HishamMo\Desktop\999_cs\Quantum_Inpired_PSO_Classifcation\train\smoke\smoke2588.jpg,smoke
C:\Users\HishamMo\Desktop\999_cs\Quantum_Inpired_PSO_Classifcation\train\smoke\smoke2589.jpg,smoke
C:\Users\HishamMo\Desktop\999_cs\Quantum_Inpired_PSO_Classifcation\train\smoke\smoke2590.jpg,smoke
C:\Users\HishamMo\Desktop\999_cs\Quantum_Inpired_PSO_Classifcation\train\smoke\smoke2592.jpg,smoke
C:\Users\HishamMo\Desktop\999_cs\Quantum_Inpired_PSO_Classifcation\train\smoke\smoke2593.jpg,smoke
C:\Users\HishamMo\Desktop\999_cs\Quantum_Inpired_PSO_Classifcation\train\smoke\smoke2594.jpg,smoke
C:\Users\HishamMo\Desktop\999_cs\Quantum_Inpired_PSO_Classifcation\train\smoke\smoke2595.jpg,smoke
C:\Users\HishamMo\Desktop\999_cs\Quantum_Inpired_PSO_Classifcation\train\smoke\smoke2596.jpg,smoke
C:\Users\HishamMo\Desktop\999_cs\Quantum_Inpired_PSO_Classifcation\train\smoke\smoke2598.jpg,smoke
C:\Users\HishamMo\Desktop\999_cs\Quantum_Inpired_PSO_Classifcation\train\smoke\smoke2599.jpg,smoke
C:\Users\HishamMo\Desktop\999_cs\Quantum_Inpired_PSO_Classifcation\train\smoke\smoke2600.jpg,smoke
C:\Users\HishamMo\Desktop\999_cs\Quantum_Inpired_PSO_Classifcation\train\smoke\smoke2601.jpg,smoke
C:\Users\HishamMo\Desktop\999_cs\Quantum_Inpired_PSO_Classifcation\train\smoke\smoke2602.jpg,smoke
C:\Users\HishamMo\Desktop\999_cs\Quantum_Inpired_PSO_Classifcation\train\smoke\smoke2603.jpg,smoke
C:\Users\HishamMo\Desktop\999_cs\Quantum_Inpired_PSO_Classifcation\train\smoke\smoke2604.jpg,smoke
C:\Users\HishamMo\Desktop\999_cs\Quantum_Inpired_PSO_Classifcation\train\smoke\smoke2605.jpg,smoke
C:\Users\HishamMo\Desktop\999_cs\Quantum_Inpired_PSO_Classifcation\train\smoke\smoke2606.jpg,smoke
C:\Users\HishamMo\Desktop\999_cs\Quantum_Inpired_PSO_Classifcation\train\smoke\smoke2607.jpg,smoke
C:\Users\HishamMo\Desktop\999_cs\Quantum_Inpired_PSO_Classifcation\train\smoke\smoke2608.jpg,smoke
C:\Users\HishamMo\Desktop\999_cs\Quantum_Inpired_PSO_Classifcation\train\smoke\smoke2610.jpg,smoke
C:\Users\HishamMo\Desktop\999_cs\Quantum_Inpired_PSO_Classifcation\train\smoke\smoke2611.jpg,smoke
C:\Users\HishamMo\Desktop\999_cs\Quantum_Inpired_PSO_Classifcation\train\smoke\smoke2612.jpg,smoke
C:\Users\HishamMo\Desktop\999_cs\Quantum_Inpired_PSO_Classifcation\train\smoke\smoke2613.jpg,smoke
C:\Users\HishamMo\Desktop\999_cs\Quantum_Inpired_PSO_Classifcation\train\smoke\smoke2614.jpg,smoke
C:\Users\HishamMo\Desktop\999_cs\Quantum_Inpired_PSO_Classifcation\train\smoke\smoke2615.jpg,smoke
C:\Users\HishamMo\Desktop\999_cs\Quantum_Inpired_PSO_Classifcation\train\smoke\smoke2616.jpg,smoke
C:\Users\HishamMo\Desktop\999_cs\Quantum_Inpired_PSO_Classifcation\train\smoke\smoke2617.jpg,smoke
C:\Users\HishamMo\Desktop\999_cs\Quantum_Inpired_PSO_Classifcation\train\smoke\smoke2618.jpg,smoke
C:\Users\HishamMo\Desktop\999_cs\Quantum_Inpired_PSO_Classifcation\train\smoke\smoke2619.jpg,smoke
C:\Users\HishamMo\Desktop\999_cs\Quantum_Inpired_PSO_Classifcation\train\smoke\smoke2620.jpg,smoke
C:\Users\HishamMo\Desktop\999_cs\Quantum_Inpired_PSO_Classifcation\train\smoke\smoke2621.jpg,smoke
C:\Users\HishamMo\Desktop\999_cs\Quantum_Inpired_PSO_Classifcation\train\smoke\smoke2622.jpg,smoke
C:\Users\HishamMo\Desktop\999_cs\Quantum_Inpired_PSO_Classifcation\train\smoke\smoke2623.jpg,smoke
C:\Users\HishamMo\Desktop\999_cs\Quantum_Inpired_PSO_Classifcation\train\smoke\smoke2625.jpg,smoke
C:\Users\HishamMo\Desktop\999_cs\Quantum_Inpired_PSO_Classifcation\train\smoke\smoke2627.jpg,smoke
C:\Users\HishamMo\Desktop\999_cs\Quantum_Inpired_PSO_Classifcation\train\smoke\smoke2628.jpg,smoke
C:\Users\HishamMo\Desktop\999_cs\Quantum_Inpired_PSO_Classifcation\train\smoke\smoke2629.jpg,smoke
C:\Users\HishamMo\Desktop\999_cs\Quantum_Inpired_PSO_Classifcation\train\smoke\smoke2630.jpg,smoke
C:\Users\HishamMo\Desktop\999_cs\Quantum_Inpired_PSO_Classifcation\train\smoke\smoke2631.jpg,smoke
C:\Users\HishamMo\Desktop\999_cs\Quantum_Inpired_PSO_Classifcation\train\smoke\smoke2632.jpg,smoke
C:\Users\HishamMo\Desktop\999_cs\Quantum_Inpired_PSO_Classifcation\train\smoke\smoke2633.jpg,smoke
C:\Users\HishamMo\Desktop\999_cs\Quantum_Inpired_PSO_Classifcation\train\smoke\smoke2634.jpg,smoke
C:\Users\HishamMo\Desktop\999_cs\Quantum_Inpired_PSO_Classifcation\train\smoke\smoke2635.jpg,smoke
C:\Users\HishamMo\Desktop\999_cs\Quantum_Inpired_PSO_Classifcation\train\smoke\smoke2636.jpg,smoke
C:\Users\HishamMo\Desktop\999_cs\Quantum_Inpired_PSO_Classifcation\train\smoke\smoke2640.jpg,smoke
C:\Users\HishamMo\Desktop\999_cs\Quantum_Inpired_PSO_Classifcation\train\smoke\smoke2642.jpg,smoke
C:\Users\HishamMo\Desktop\999_cs\Quantum_Inpired_PSO_Classifcation\train\smoke\smoke2644.jpg,smoke
C:\Users\HishamMo\Desktop\999_cs\Quantum_Inpired_PSO_Classifcation\train\smoke\smoke2645.jpg,smoke
C:\Users\HishamMo\Desktop\999_cs\Quantum_Inpired_PSO_Classifcation\train\smoke\smoke2646.jpg,smoke
C:\Users\HishamMo\Desktop\999_cs\Quantum_Inpired_PSO_Classifcation\train\smoke\smoke2647.jpg,smoke
C:\Users\HishamMo\Desktop\999_cs\Quantum_Inpired_PSO_Classifcation\train\smoke\smoke2648.jpg,smoke
C:\Users\HishamMo\Desktop\999_cs\Quantum_Inpired_PSO_Classifcation\train\smoke\smoke2649.jpg,smoke
C:\Users\HishamMo\Desktop\999_cs\Quantum_Inpired_PSO_Classifcation\train\smoke\smoke2650.jpg,smoke
C:\Users\HishamMo\Desktop\999_cs\Quantum_Inpired_PSO_Classifcation\train\smoke\smoke2651.jpg,smoke
C:\Users\HishamMo\Desktop\999_cs\Quantum_Inpired_PSO_Classifcation\train\smoke\smoke2652.jpg,smoke
C:\Users\HishamMo\Desktop\999_cs\Quantum_Inpired_PSO_Classifcation\train\smoke\smoke2653.jpg,smoke
C:\Users\HishamMo\Desktop\999_cs\Quantum_Inpired_PSO_Classifcation\train\smoke\smoke2654.jpg,smoke
C:\Users\HishamMo\Desktop\999_cs\Quantum_Inpired_PSO_Classifcation\train\smoke\smoke2655.jpg,smoke
C:\Users\HishamMo\Desktop\999_cs\Quantum_Inpired_PSO_Classifcation\train\smoke\smoke2656.jpg,smoke
C:\Users\HishamMo\Desktop\999_cs\Quantum_Inpired_PSO_Classifcation\train\smoke\smoke2657.jpg,smoke
C:\Users\HishamMo\Desktop\999_cs\Quantum_Inpired_PSO_Classifcation\train\smoke\smoke2662.jpg,smoke
C:\Users\HishamMo\Desktop\999_cs\Quantum_Inpired_PSO_Classifcation\train\smoke\smoke2663.jpg,smoke
C:\Users\HishamMo\Desktop\999_cs\Quantum_Inpired_PSO_Classifcation\train\smoke\smoke2664.jpg,smoke
C:\Users\HishamMo\Desktop\999_cs\Quantum_Inpired_PSO_Classifcation\train\smoke\smoke2665.jpg,smoke
C:\Users\HishamMo\Desktop\999_cs\Quantum_Inpired_PSO_Classifcation\train\smoke\smoke2666.jpg,smoke
C:\Users\HishamMo\Desktop\999_cs\Quantum_Inpired_PSO_Classifcation\train\smoke\smoke2668.jpg,smoke
C:\Users\HishamMo\Desktop\999_cs\Quantum_Inpired_PSO_Classifcation\train\smoke\smoke2670.jpg,smoke
C:\Users\HishamMo\Desktop\999_cs\Quantum_Inpired_PSO_Classifcation\train\smoke\smoke2671.jpg,smoke
C:\Users\HishamMo\Desktop\999_cs\Quantum_Inpired_PSO_Classifcation\train\smoke\smoke2672.jpg,smoke
C:\Users\HishamMo\Desktop\999_cs\Quantum_Inpired_PSO_Classifcation\train\smoke\smoke2673.jpg,smoke
C:\Users\HishamMo\Desktop\999_cs\Quantum_Inpired_PSO_Classifcation\train\smoke\smoke2674.jpg,smoke
C:\Users\HishamMo\Desktop\999_cs\Quantum_Inpired_PSO_Classifcation\train\smoke\smoke2675.jpg,smoke
C:\Users\HishamMo\Desktop\999_cs\Quantum_Inpired_PSO_Classifcation\train\smoke\smoke2676.jpg,smoke
C:\Users\HishamMo\Desktop\999_cs\Quantum_Inpired_PSO_Classifcation\train\smoke\smoke2677.jpg,smoke
C:\Users\HishamMo\Desktop\999_cs\Quantum_Inpired_PSO_Classifcation\train\smoke\smoke2678.jpg,smoke
C:\Users\HishamMo\Desktop\999_cs\Quantum_Inpired_PSO_Classifcation\train\smoke\smoke2679.jpg,smoke
C:\Users\HishamMo\Desktop\999_cs\Quantum_Inpired_PSO_Classifcation\train\smoke\smoke2682.jpg,smoke
C:\Users\HishamMo\Desktop\999_cs\Quantum_Inpired_PSO_Classifcation\train\smoke\smoke2683.jpg,smoke
C:\Users\HishamMo\Desktop\999_cs\Quantum_Inpired_PSO_Classifcation\train\smoke\smoke2684.jpg,smoke
C:\Users\HishamMo\Desktop\999_cs\Quantum_Inpired_PSO_Classifcation\train\smoke\smoke2685.jpg,smoke
C:\Users\HishamMo\Desktop\999_cs\Quantum_Inpired_PSO_Classifcation\train\smoke\smoke2686.jpg,smoke
C:\Users\HishamMo\Desktop\999_cs\Quantum_Inpired_PSO_Classifcation\train\smoke\smoke2687.jpg,smoke
C:\Users\HishamMo\Desktop\999_cs\Quantum_Inpired_PSO_Classifcation\train\smoke\smoke2688.jpg,smoke
C:\Users\HishamMo\Desktop\999_cs\Quantum_Inpired_PSO_Classifcation\train\smoke\smoke2689.jpg,smoke
C:\Users\HishamMo\Desktop\999_cs\Quantum_Inpired_PSO_Classifcation\train\smoke\smoke2690.jpg,smoke
C:\Users\HishamMo\Desktop\999_cs\Quantum_Inpired_PSO_Classifcation\train\smoke\smoke2692.jpg,smoke
C:\Users\HishamMo\Desktop\999_cs\Quantum_Inpired_PSO_Classifcation\train\smoke\smoke2693.jpg,smoke
C:\Users\HishamMo\Desktop\999_cs\Quantum_Inpired_PSO_Classifcation\train\smoke\smoke2694.jpg,smoke
C:\Users\HishamMo\Desktop\999_cs\Quantum_Inpired_PSO_Classifcation\train\smoke\smoke2695.jpg,smoke
C:\Users\HishamMo\Desktop\999_cs\Quantum_Inpired_PSO_Classifcation\train\smoke\smoke2696.jpg,smoke
C:\Users\HishamMo\Desktop\999_cs\Quantum_Inpired_PSO_Classifcation\train\smoke\smoke2697.jpg,smoke
C:\Users\HishamMo\Desktop\999_cs\Quantum_Inpired_PSO_Classifcation\train\smoke\smoke2698.jpg,smoke
C:\Users\HishamMo\Desktop\999_cs\Quantum_Inpired_PSO_Classifcation\train\smoke\smoke2699.jpg,smoke
C:\Users\HishamMo\Desktop\999_cs\Quantum_Inpired_PSO_Classifcation\train\smoke\smoke2700.jpg,smoke
C:\Users\HishamMo\Desktop\999_cs\Quantum_Inpired_PSO_Classifcation\train\smoke\smoke2702.jpg,smoke
C:\Users\HishamMo\Desktop\999_cs\Quantum_Inpired_PSO_Classifcation\train\smoke\smoke2703.jpg,smoke
C:\Users\HishamMo\Desktop\999_cs\Quantum_Inpired_PSO_Classifcation\train\smoke\smoke2704.jpg,smoke
C:\Users\HishamMo\Desktop\999_cs\Quantum_Inpired_PSO_Classifcation\train\smoke\smoke2705.jpg,smoke
C:\Users\HishamMo\Desktop\999_cs\Quantum_Inpired_PSO_Classifcation\train\smoke\smoke2706.jpg,smoke
C:\Users\HishamMo\Desktop\999_cs\Quantum_Inpired_PSO_Classifcation\train\smoke\smoke2707.jpg,smoke
C:\Users\HishamMo\Desktop\999_cs\Quantum_Inpired_PSO_Classifcation\train\smoke\smoke2708.jpg,smoke
C:\Users\HishamMo\Desktop\999_cs\Quantum_Inpired_PSO_Classifcation\train\smoke\smoke2709.jpg,smoke
C:\Users\HishamMo\Desktop\999_cs\Quantum_Inpired_PSO_Classifcation\train\smoke\smoke2710.jpg,smoke
C:\Users\HishamMo\Desktop\999_cs\Quantum_Inpired_PSO_Classifcation\train\smoke\smoke2712.jpg,smoke
C:\Users\HishamMo\Desktop\999_cs\Quantum_Inpired_PSO_Classifcation\train\smoke\smoke2713.jpg,smoke
C:\Users\HishamMo\Desktop\999_cs\Quantum_Inpired_PSO_Classifcation\train\smoke\smoke2714.jpg,smoke
C:\Users\HishamMo\Desktop\999_cs\Quantum_Inpired_PSO_Classifcation\train\smoke\smoke2715.jpg,smoke
C:\Users\HishamMo\Desktop\999_cs\Quantum_Inpired_PSO_Classifcation\train\smoke\smoke2716.jpg,smoke
C:\Users\HishamMo\Desktop\999_cs\Quantum_Inpired_PSO_Classifcation\train\smoke\smoke2717.jpg,smoke
C:\Users\HishamMo\Desktop\999_cs\Quantum_Inpired_PSO_Classifcation\train\smoke\smoke2718.jpg,smoke
C:\Users\HishamMo\Desktop\999_cs\Quantum_Inpired_PSO_Classifcation\train\smoke\smoke2719.jpg,smoke
C:\Users\HishamMo\Desktop\999_cs\Quantum_Inpired_PSO_Classifcation\train\smoke\smoke2720.jpg,smoke
C:\Users\HishamMo\Desktop\999_cs\Quantum_Inpired_PSO_Classifcation\train\smoke\smoke2722.jpg,smoke
C:\Users\HishamMo\Desktop\999_cs\Quantum_Inpired_PSO_Classifcation\train\smoke\smoke2723.jpg,smoke
C:\Users\HishamMo\Desktop\999_cs\Quantum_Inpired_PSO_Classifcation\train\smoke\smoke2724.jpg,smoke
C:\Users\HishamMo\Desktop\999_cs\Quantum_Inpired_PSO_Classifcation\train\smoke\smoke2725.jpg,smoke
C:\Users\HishamMo\Desktop\999_cs\Quantum_Inpired_PSO_Classifcation\train\smoke\smoke2726.jpg,smoke
C:\Users\HishamMo\Desktop\999_cs\Quantum_Inpired_PSO_Classifcation\train\smoke\smoke2728.jpg,smoke
C:\Users\HishamMo\Desktop\999_cs\Quantum_Inpired_PSO_Classifcation\train\smoke\smoke2729.jpg,smoke
C:\Users\HishamMo\Desktop\999_cs\Quantum_Inpired_PSO_Classifcation\train\smoke\smoke2730.jpg,smoke
C:\Users\HishamMo\Desktop\999_cs\Quantum_Inpired_PSO_Classifcation\train\smoke\smoke2731.jpg,smoke
C:\Users\HishamMo\Desktop\999_cs\Quantum_Inpired_PSO_Classifcation\train\smoke\smoke2732.jpg,smoke
C:\Users\HishamMo\Desktop\999_cs\Quantum_Inpired_PSO_Classifcation\train\smoke\smoke2733.jpg,smoke
C:\Users\HishamMo\Desktop\999_cs\Quantum_Inpired_PSO_Classifcation\train\smoke\smoke2735.jpg,smoke
C:\Users\HishamMo\Desktop\999_cs\Quantum_Inpired_PSO_Classifcation\train\smoke\smoke2736.jpg,smoke
C:\Users\HishamMo\Desktop\999_cs\Quantum_Inpired_PSO_Classifcation\train\smoke\smoke2737.jpg,smoke
C:\Users\HishamMo\Desktop\999_cs\Quantum_Inpired_PSO_Classifcation\train\smoke\smoke2738.jpg,smoke
C:\Users\HishamMo\Desktop\999_cs\Quantum_Inpired_PSO_Classifcation\train\smoke\smoke2739.jpg,smoke
C:\Users\HishamMo\Desktop\999_cs\Quantum_Inpired_PSO_Classifcation\train\smoke\smoke2740.jpg,smoke
C:\Users\HishamMo\Desktop\999_cs\Quantum_Inpired_PSO_Classifcation\train\smoke\smoke2741.jpg,smoke
C:\Users\HishamMo\Desktop\999_cs\Quantum_Inpired_PSO_Classifcation\train\smoke\smoke2744.jpg,smoke
C:\Users\HishamMo\Desktop\999_cs\Quantum_Inpired_PSO_Classifcation\train\smoke\smoke2745.jpg,smoke
C:\Users\HishamMo\Desktop\999_cs\Quantum_Inpired_PSO_Classifcation\train\smoke\smoke2747.jpg,smoke
C:\Users\HishamMo\Desktop\999_cs\Quantum_Inpired_PSO_Classifcation\train\smoke\smoke2748.jpg,smoke
C:\Users\HishamMo\Desktop\999_cs\Quantum_Inpired_PSO_Classifcation\train\smoke\smoke2749.jpg,smoke
C:\Users\HishamMo\Desktop\999_cs\Quantum_Inpired_PSO_Classifcation\train\smoke\smoke2750.jpg,smoke
C:\Users\HishamMo\Desktop\999_cs\Quantum_Inpired_PSO_Classifcation\train\smoke\smoke2751.jpg,smoke
C:\Users\HishamMo\Desktop\999_cs\Quantum_Inpired_PSO_Classifcation\train\smoke\smoke2752.jpg,smoke
C:\Users\HishamMo\Desktop\999_cs\Quantum_Inpired_PSO_Classifcation\train\smoke\smoke2754.jpg,smoke
C:\Users\HishamMo\Desktop\999_cs\Quantum_Inpired_PSO_Classifcation\train\smoke\smoke2755.jpg,smoke
C:\Users\HishamMo\Desktop\999_cs\Quantum_Inpired_PSO_Classifcation\train\smoke\smoke2756.jpg,smoke
C:\Users\HishamMo\Desktop\999_cs\Quantum_Inpired_PSO_Classifcation\train\smoke\smoke2757.jpg,smoke
C:\Users\HishamMo\Desktop\999_cs\Quantum_Inpired_PSO_Classifcation\train\smoke\smoke2758.jpg,smoke
C:\Users\HishamMo\Desktop\999_cs\Quantum_Inpired_PSO_Classifcation\train\smoke\smoke2759.jpg,smoke
C:\Users\HishamMo\Desktop\999_cs\Quantum_Inpired_PSO_Classifcation\train\smoke\smoke2763.jpg,smoke
C:\Users\HishamMo\Desktop\999_cs\Quantum_Inpired_PSO_Classifcation\train\smoke\smoke2764.jpg,smoke
C:\Users\HishamMo\Desktop\999_cs\Quantum_Inpired_PSO_Classifcation\train\smoke\smoke2765.jpg,smoke
C:\Users\HishamMo\Desktop\999_cs\Quantum_Inpired_PSO_Classifcation\train\smoke\smoke2768.jpg,smoke
C:\Users\HishamMo\Desktop\999_cs\Quantum_Inpired_PSO_Classifcation\train\smoke\smoke2769.jpg,smoke
C:\Users\HishamMo\Desktop\999_cs\Quantum_Inpired_PSO_Classifcation\train\smoke\smoke2771.jpg,smoke
C:\Users\HishamMo\Desktop\999_cs\Quantum_Inpired_PSO_Classifcation\train\smoke\smoke2772.jpg,smoke
C:\Users\HishamMo\Desktop\999_cs\Quantum_Inpired_PSO_Classifcation\train\smoke\smoke2775.jpg,smoke
C:\Users\HishamMo\Desktop\999_cs\Quantum_Inpired_PSO_Classifcation\train\smoke\smoke2776.jpg,smoke
C:\Users\HishamMo\Desktop\999_cs\Quantum_Inpired_PSO_Classifcation\train\smoke\smoke2777.jpg,smoke
C:\Users\HishamMo\Desktop\999_cs\Quantum_Inpired_PSO_Classifcation\train\smoke\smoke2778.jpg,smoke
C:\Users\HishamMo\Desktop\999_cs\Quantum_Inpired_PSO_Classifcation\train\smoke\smoke2779.jpg,smoke
C:\Users\HishamMo\Desktop\999_cs\Quantum_Inpired_PSO_Classifcation\train\smoke\smoke2780.jpg,smoke
C:\Users\HishamMo\Desktop\999_cs\Quantum_Inpired_PSO_Classifcation\train\smoke\smoke2781.jpg,smoke
C:\Users\HishamMo\Desktop\999_cs\Quantum_Inpired_PSO_Classifcation\train\smoke\smoke2782.jpg,smoke
C:\Users\HishamMo\Desktop\999_cs\Quantum_Inpired_PSO_Classifcation\train\smoke\smoke2783.jpg,smoke
C:\Users\HishamMo\Desktop\999_cs\Quantum_Inpired_PSO_Classifcation\train\smoke\smoke2784.jpg,smoke
C:\Users\HishamMo\Desktop\999_cs\Quantum_Inpired_PSO_Classifcation\train\smoke\smoke2786.jpg,smoke
C:\Users\HishamMo\Desktop\999_cs\Quantum_Inpired_PSO_Classifcation\train\smoke\smoke2787.jpg,smoke
C:\Users\HishamMo\Desktop\999_cs\Quantum_Inpired_PSO_Classifcation\train\smoke\smoke2788.jpg,smoke
C:\Users\HishamMo\Desktop\999_cs\Quantum_Inpired_PSO_Classifcation\train\smoke\smoke2790.jpg,smoke
C:\Users\HishamMo\Desktop\999_cs\Quantum_Inpired_PSO_Classifcation\train\smoke\smoke2792.jpg,smoke
C:\Users\HishamMo\Desktop\999_cs\Quantum_Inpired_PSO_Classifcation\train\smoke\smoke2793.jpg,smoke
C:\Users\HishamMo\Desktop\999_cs\Quantum_Inpired_PSO_Classifcation\train\smoke\smoke2795.jpg,smoke
C:\Users\HishamMo\Desktop\999_cs\Quantum_Inpired_PSO_Classifcation\train\smoke\smoke2796.jpg,smoke
C:\Users\HishamMo\Desktop\999_cs\Quantum_Inpired_PSO_Classifcation\train\smoke\smoke2798.jpg,smoke
C:\Users\HishamMo\Desktop\999_cs\Quantum_Inpired_PSO_Classifcation\train\smoke\smoke2799.jpg,smoke
C:\Users\HishamMo\Desktop\999_cs\Quantum_Inpired_PSO_Classifcation\train\smoke\smoke2800.jpg,smoke
C:\Users\HishamMo\Desktop\999_cs\Quantum_Inpired_PSO_Classifcation\train\smoke\smoke2801.jpg,smoke
C:\Users\HishamMo\Desktop\999_cs\Quantum_Inpired_PSO_Classifcation\train\smoke\smoke2802.jpg,smoke
C:\Users\HishamMo\Desktop\999_cs\Quantum_Inpired_PSO_Classifcation\train\smoke\smoke2803.jpg,smoke
C:\Users\HishamMo\Desktop\999_cs\Quantum_Inpired_PSO_Classifcation\train\smoke\smoke2804.jpg,smoke
C:\Users\HishamMo\Desktop\999_cs\Quantum_Inpired_PSO_Classifcation\train\smoke\smoke2805.jpg,smoke
C:\Users\HishamMo\Desktop\999_cs\Quantum_Inpired_PSO_Classifcation\train\smoke\smoke2806.jpg,smoke
C:\Users\HishamMo\Desktop\999_cs\Quantum_Inpired_PSO_Classifcation\train\smoke\smoke2807.jpg,smoke
C:\Users\HishamMo\Desktop\999_cs\Quantum_Inpired_PSO_Classifcation\train\smoke\smoke2808.jpg,smoke
C:\Users\HishamMo\Desktop\999_cs\Quantum_Inpired_PSO_Classifcation\train\smoke\smoke2809.jpg,smoke
C:\Users\HishamMo\Desktop\999_cs\Quantum_Inpired_PSO_Classifcation\train\smoke\smoke2811.jpg,smoke
C:\Users\HishamMo\Desktop\999_cs\Quantum_Inpired_PSO_Classifcation\train\smoke\smoke2812.jpg,smoke
C:\Users\HishamMo\Desktop\999_cs\Quantum_Inpired_PSO_Classifcation\train\smoke\smoke2815.jpg,smoke
C:\Users\HishamMo\Desktop\999_cs\Quantum_Inpired_PSO_Classifcation\train\smoke\smoke2816.jpg,smoke
C:\Users\HishamMo\Desktop\999_cs\Quantum_Inpired_PSO_Classifcation\train\smoke\smoke2817.jpg,smoke
C:\Users\HishamMo\Desktop\999_cs\Quantum_Inpired_PSO_Classifcation\train\smoke\smoke2819.jpg,smoke
C:\Users\HishamMo\Desktop\999_cs\Quantum_Inpired_PSO_Classifcation\train\smoke\smoke2820.jpg,smoke
C:\Users\HishamMo\Desktop\999_cs\Quantum_Inpired_PSO_Classifcation\train\smoke\smoke2821.jpg,smoke
C:\Users\HishamMo\Desktop\999_cs\Quantum_Inpired_PSO_Classifcation\train\smoke\smoke2822.jpg,smoke
C:\Users\HishamMo\Desktop\999_cs\Quantum_Inpired_PSO_Classifcation\train\smoke\smoke2823.jpg,smoke
C:\Users\HishamMo\Desktop\999_cs\Quantum_Inpired_PSO_Classifcation\train\smoke\smoke2824.jpg,smoke
C:\Users\HishamMo\Desktop\999_cs\Quantum_Inpired_PSO_Classifcation\train\smoke\smoke2825.jpg,smoke
C:\Users\HishamMo\Desktop\999_cs\Quantum_Inpired_PSO_Classifcation\train\smoke\smoke2826.jpg,smoke
C:\Users\HishamMo\Desktop\999_cs\Quantum_Inpired_PSO_Classifcation\train\smoke\smoke2827.jpg,smoke
C:\Users\HishamMo\Desktop\999_cs\Quantum_Inpired_PSO_Classifcation\train\smoke\smoke2828.jpg,smoke
C:\Users\HishamMo\Desktop\999_cs\Quantum_Inpired_PSO_Classifcation\train\smoke\smoke2829.jpg,smoke
C:\Users\HishamMo\Desktop\999_cs\Quantum_Inpired_PSO_Classifcation\train\smoke\smoke2831.jpg,smoke
C:\Users\HishamMo\Desktop\999_cs\Quantum_Inpired_PSO_Classifcation\train\smoke\smoke2832.jpg,smoke
C:\Users\HishamMo\Desktop\999_cs\Quantum_Inpired_PSO_Classifcation\train\smoke\smoke2833.jpg,smoke
C:\Users\HishamMo\Desktop\999_cs\Quantum_Inpired_PSO_Classifcation\train\smoke\smoke2834.jpg,smoke
C:\Users\HishamMo\Desktop\999_cs\Quantum_Inpired_PSO_Classifcation\train\smoke\smoke2835.jpg,smoke
C:\Users\HishamMo\Desktop\999_cs\Quantum_Inpired_PSO_Classifcation\train\smoke\smoke2837.jpg,smoke
C:\Users\HishamMo\Desktop\999_cs\Quantum_Inpired_PSO_Classifcation\train\smoke\smoke2838.jpg,smoke
C:\Users\HishamMo\Desktop\999_cs\Quantum_Inpired_PSO_Classifcation\train\smoke\smoke2839.jpg,smoke
C:\Users\HishamMo\Desktop\999_cs\Quantum_Inpired_PSO_Classifcation\train\smoke\smoke2840.jpg,smoke
C:\Users\HishamMo\Desktop\999_cs\Quantum_Inpired_PSO_Classifcation\train\smoke\smoke2841.jpg,smoke
C:\Users\HishamMo\Desktop\999_cs\Quantum_Inpired_PSO_Classifcation\train\smoke\smoke2842.jpg,smoke
C:\Users\HishamMo\Desktop\999_cs\Quantum_Inpired_PSO_Classifcation\train\smoke\smoke2844.jpg,smoke
C:\Users\HishamMo\Desktop\999_cs\Quantum_Inpired_PSO_Classifcation\train\smoke\smoke2845.jpg,smoke
C:\Users\HishamMo\Desktop\999_cs\Quantum_Inpired_PSO_Classifcation\train\smoke\smoke2846.jpg,smoke
C:\Users\HishamMo\Desktop\999_cs\Quantum_Inpired_PSO_Classifcation\train\smoke\smoke2847.jpg,smoke
C:\Users\HishamMo\Desktop\999_cs\Quantum_Inpired_PSO_Classifcation\train\smoke\smoke2848.jpg,smoke
C:\Users\HishamMo\Desktop\999_cs\Quantum_Inpired_PSO_Classifcation\train\smoke\smoke2849.jpg,smoke
C:\Users\HishamMo\Desktop\999_cs\Quantum_Inpired_PSO_Classifcation\train\smoke\smoke2850.jpg,smoke
C:\Users\HishamMo\Desktop\999_cs\Quantum_Inpired_PSO_Classifcation\train\smoke\smoke2852.jpg,smoke
C:\Users\HishamMo\Desktop\999_cs\Quantum_Inpired_PSO_Classifcation\train\smoke\smoke2854.jpg,smoke
C:\Users\HishamMo\Desktop\999_cs\Quantum_Inpired_PSO_Classifcation\train\smoke\smoke2855.jpg,smoke
C:\Users\HishamMo\Desktop\999_cs\Quantum_Inpired_PSO_Classifcation\train\smoke\smoke2856.jpg,smoke
C:\Users\HishamMo\Desktop\999_cs\Quantum_Inpired_PSO_Classifcation\train\smoke\smoke2859.jpg,smoke
C:\Users\HishamMo\Desktop\999_cs\Quantum_Inpired_PSO_Classifcation\train\smoke\smoke2860.jpg,smoke
C:\Users\HishamMo\Desktop\999_cs\Quantum_Inpired_PSO_Classifcation\train\smoke\smoke2861.jpg,smoke
C:\Users\HishamMo\Desktop\999_cs\Quantum_Inpired_PSO_Classifcation\train\smoke\smoke2862.jpg,smoke
C:\Users\HishamMo\Desktop\999_cs\Quantum_Inpired_PSO_Classifcation\train\smoke\smoke2864.jpg,smoke
C:\Users\HishamMo\Desktop\999_cs\Quantum_Inpired_PSO_Classifcation\train\smoke\smoke2867.jpg,smoke
C:\Users\HishamMo\Desktop\999_cs\Quantum_Inpired_PSO_Classifcation\train\smoke\smoke2869.jpg,smoke
C:\Users\HishamMo\Desktop\999_cs\Quantum_Inpired_PSO_Classifcation\train\smoke\smoke2870.jpg,smoke
C:\Users\HishamMo\Desktop\999_cs\Quantum_Inpired_PSO_Classifcation\train\smoke\smoke2872.jpg,smoke
C:\Users\HishamMo\Desktop\999_cs\Quantum_Inpired_PSO_Classifcation\train\smoke\smoke2873.jpg,smoke
C:\Users\HishamMo\Desktop\999_cs\Quantum_Inpired_PSO_Classifcation\train\smoke\smoke2874.jpg,smoke
C:\Users\HishamMo\Desktop\999_cs\Quantum_Inpired_PSO_Classifcation\train\smoke\smoke2875.jpg,smoke
C:\Users\HishamMo\Desktop\999_cs\Quantum_Inpired_PSO_Classifcation\train\smoke\smoke2876.jpg,smoke
C:\Users\HishamMo\Desktop\999_cs\Quantum_Inpired_PSO_Classifcation\train\smoke\smoke2877.jpg,smoke
C:\Users\HishamMo\Desktop\999_cs\Quantum_Inpired_PSO_Classifcation\train\smoke\smoke2878.jpg,smoke
C:\Users\HishamMo\Desktop\999_cs\Quantum_Inpired_PSO_Classifcation\train\smoke\smoke2880.jpg,smoke
C:\Users\HishamMo\Desktop\999_cs\Quantum_Inpired_PSO_Classifcation\train\smoke\smoke2881.jpg,smoke
C:\Users\HishamMo\Desktop\999_cs\Quantum_Inpired_PSO_Classifcation\train\smoke\smoke2885.jpg,smoke
C:\Users\HishamMo\Desktop\999_cs\Quantum_Inpired_PSO_Classifcation\train\smoke\smoke2886.jpg,smoke
C:\Users\HishamMo\Desktop\999_cs\Quantum_Inpired_PSO_Classifcation\train\smoke\smoke2887.jpg,smoke
C:\Users\HishamMo\Desktop\999_cs\Quantum_Inpired_PSO_Classifcation\train\smoke\smoke2888.jpg,smoke
C:\Users\HishamMo\Desktop\999_cs\Quantum_Inpired_PSO_Classifcation\train\smoke\smoke2892.jpg,smoke
C:\Users\HishamMo\Desktop\999_cs\Quantum_Inpired_PSO_Classifcation\train\smoke\smoke2893.jpg,smoke
C:\Users\HishamMo\Desktop\999_cs\Quantum_Inpired_PSO_Classifcation\train\smoke\smoke2894.jpg,smoke
C:\Users\HishamMo\Desktop\999_cs\Quantum_Inpired_PSO_Classifcation\train\smoke\smoke2895.jpg,smoke
C:\Users\HishamMo\Desktop\999_cs\Quantum_Inpired_PSO_Classifcation\train\smoke\smoke2896.jpg,smoke
C:\Users\HishamMo\Desktop\999_cs\Quantum_Inpired_PSO_Classifcation\train\smoke\smoke2897.jpg,smoke
C:\Users\HishamMo\Desktop\999_cs\Quantum_Inpired_PSO_Classifcation\train\smoke\smoke2898.jpg,smoke
C:\Users\HishamMo\Desktop\999_cs\Quantum_Inpired_PSO_Classifcation\train\smoke\smoke2899.jpg,smoke
C:\Users\HishamMo\Desktop\999_cs\Quantum_Inpired_PSO_Classifcation\train\smoke\smoke2900.jpg,smoke
C:\Users\HishamMo\Desktop\999_cs\Quantum_Inpired_PSO_Classifcation\train\smoke\smoke2901.jpg,smoke
C:\Users\HishamMo\Desktop\999_cs\Quantum_Inpired_PSO_Classifcation\train\smoke\smoke2902.jpg,smoke
C:\Users\HishamMo\Desktop\999_cs\Quantum_Inpired_PSO_Classifcation\train\smoke\smoke2903.jpg,smoke
C:\Users\HishamMo\Desktop\999_cs\Quantum_Inpired_PSO_Classifcation\train\smoke\smoke2904.jpg,smoke
C:\Users\HishamMo\Desktop\999_cs\Quantum_Inpired_PSO_Classifcation\train\smoke\smoke2905.jpg,smoke
C:\Users\HishamMo\Desktop\999_cs\Quantum_Inpired_PSO_Classifcation\train\smoke\smoke2906.jpg,smoke
C:\Users\HishamMo\Desktop\999_cs\Quantum_Inpired_PSO_Classifcation\train\smoke\smoke2907.jpg,smoke
C:\Users\HishamMo\Desktop\999_cs\Quantum_Inpired_PSO_Classifcation\train\smoke\smoke2909.jpg,smoke
C:\Users\HishamMo\Desktop\999_cs\Quantum_Inpired_PSO_Classifcation\train\smoke\smoke2910.jpg,smoke
C:\Users\HishamMo\Desktop\999_cs\Quantum_Inpired_PSO_Classifcation\train\smoke\smoke2911.jpg,smoke
C:\Users\HishamMo\Desktop\999_cs\Quantum_Inpired_PSO_Classifcation\train\smoke\smoke2912.jpg,smoke
C:\Users\HishamMo\Desktop\999_cs\Quantum_Inpired_PSO_Classifcation\train\smoke\smoke2913.jpg,smoke
C:\Users\HishamMo\Desktop\999_cs\Quantum_Inpired_PSO_Classifcation\train\smoke\smoke2914.jpg,smoke
C:\Users\HishamMo\Desktop\999_cs\Quantum_Inpired_PSO_Classifcation\train\smoke\smoke2915.jpg,smoke
C:\Users\HishamMo\Desktop\999_cs\Quantum_Inpired_PSO_Classifcation\train\smoke\smoke2916.jpg,smoke
C:\Users\HishamMo\Desktop\999_cs\Quantum_Inpired_PSO_Classifcation\train\smoke\smoke2917.jpg,smoke
C:\Users\HishamMo\Desktop\999_cs\Quantum_Inpired_PSO_Classifcation\train\smoke\smoke2918.jpg,smoke
C:\Users\HishamMo\Desktop\999_cs\Quantum_Inpired_PSO_Classifcation\train\smoke\smoke2919.jpg,smoke
C:\Users\HishamMo\Desktop\999_cs\Quantum_Inpired_PSO_Classifcation\train\smoke\smoke2921.jpg,smoke
C:\Users\HishamMo\Desktop\999_cs\Quantum_Inpired_PSO_Classifcation\train\smoke\smoke2922.jpg,smoke
C:\Users\HishamMo\Desktop\999_cs\Quantum_Inpired_PSO_Classifcation\train\smoke\smoke2923.jpg,smoke
C:\Users\HishamMo\Desktop\999_cs\Quantum_Inpired_PSO_Classifcation\train\smoke\smoke2924.jpg,smoke
C:\Users\HishamMo\Desktop\999_cs\Quantum_Inpired_PSO_Classifcation\train\smoke\smoke2925.jpg,smoke
C:\Users\HishamMo\Desktop\999_cs\Quantum_Inpired_PSO_Classifcation\train\smoke\smoke2926.jpg,smoke
C:\Users\HishamMo\Desktop\999_cs\Quantum_Inpired_PSO_Classifcation\train\smoke\smoke2928.jpg,smoke
C:\Users\HishamMo\Desktop\999_cs\Quantum_Inpired_PSO_Classifcation\train\smoke\smoke2930.jpg,smoke
C:\Users\HishamMo\Desktop\999_cs\Quantum_Inpired_PSO_Classifcation\train\smoke\smoke2931.jpg,smoke
C:\Users\HishamMo\Desktop\999_cs\Quantum_Inpired_PSO_Classifcation\train\smoke\smoke2932.jpg,smoke
C:\Users\HishamMo\Desktop\999_cs\Quantum_Inpired_PSO_Classifcation\train\smoke\smoke2933.jpg,smoke
C:\Users\HishamMo\Desktop\999_cs\Quantum_Inpired_PSO_Classifcation\train\smoke\smoke2935.jpg,smoke
C:\Users\HishamMo\Desktop\999_cs\Quantum_Inpired_PSO_Classifcation\train\smoke\smoke2936.jpg,smoke
C:\Users\HishamMo\Desktop\999_cs\Quantum_Inpired_PSO_Classifcation\train\smoke\smoke2937.jpg,smoke
C:\Users\HishamMo\Desktop\999_cs\Quantum_Inpired_PSO_Classifcation\train\smoke\smoke2941.jpg,smoke
C:\Users\HishamMo\Desktop\999_cs\Quantum_Inpired_PSO_Classifcation\train\smoke\smoke2942.jpg,smoke
C:\Users\HishamMo\Desktop\999_cs\Quantum_Inpired_PSO_Classifcation\train\smoke\smoke2943.jpg,smoke
C:\Users\HishamMo\Desktop\999_cs\Quantum_Inpired_PSO_Classifcation\train\smoke\smoke2944.jpg,smoke
C:\Users\HishamMo\Desktop\999_cs\Quantum_Inpired_PSO_Classifcation\train\smoke\smoke2945.jpg,smoke
C:\Users\HishamMo\Desktop\999_cs\Quantum_Inpired_PSO_Classifcation\train\smoke\smoke2946.jpg,smoke
C:\Users\HishamMo\Desktop\999_cs\Quantum_Inpired_PSO_Classifcation\train\smoke\smoke2948.jpg,smoke
C:\Users\HishamMo\Desktop\999_cs\Quantum_Inpired_PSO_Classifcation\train\smoke\smoke2949.jpg,smoke
C:\Users\HishamMo\Desktop\999_cs\Quantum_Inpired_PSO_Classifcation\train\smoke\smoke2950.jpg,smoke
C:\Users\HishamMo\Desktop\999_cs\Quantum_Inpired_PSO_Classifcation\train\smoke\smoke2951.jpg,smoke
C:\Users\HishamMo\Desktop\999_cs\Quantum_Inpired_PSO_Classifcation\train\smoke\smoke2952.jpg,smoke
C:\Users\HishamMo\Desktop\999_cs\Quantum_Inpired_PSO_Classifcation\train\smoke\smoke2953.jpg,smoke
C:\Users\HishamMo\Desktop\999_cs\Quantum_Inpired_PSO_Classifcation\train\smoke\smoke2955.jpg,smoke
C:\Users\HishamMo\Desktop\999_cs\Quantum_Inpired_PSO_Classifcation\train\smoke\smoke2956.jpg,smoke
C:\Users\HishamMo\Desktop\999_cs\Quantum_Inpired_PSO_Classifcation\train\smoke\smoke2957.jpg,smoke
C:\Users\HishamMo\Desktop\999_cs\Quantum_Inpired_PSO_Classifcation\train\smoke\smoke2959.jpg,smoke
C:\Users\HishamMo\Desktop\999_cs\Quantum_Inpired_PSO_Classifcation\train\smoke\smoke2960.jpg,smoke
C:\Users\HishamMo\Desktop\999_cs\Quantum_Inpired_PSO_Classifcation\train\smoke\smoke2962.jpg,smoke
C:\Users\HishamMo\Desktop\999_cs\Quantum_Inpired_PSO_Classifcation\train\smoke\smoke2963.jpg,smoke
C:\Users\HishamMo\Desktop\999_cs\Quantum_Inpired_PSO_Classifcation\train\smoke\smoke2965.jpg,smoke
C:\Users\HishamMo\Desktop\999_cs\Quantum_Inpired_PSO_Classifcation\train\smoke\smoke2966.jpg,smoke
C:\Users\HishamMo\Desktop\999_cs\Quantum_Inpired_PSO_Classifcation\train\smoke\smoke2967.jpg,smoke
C:\Users\HishamMo\Desktop\999_cs\Quantum_Inpired_PSO_Classifcation\train\smoke\smoke2968.jpg,smoke
C:\Users\HishamMo\Desktop\999_cs\Quantum_Inpired_PSO_Classifcation\train\smoke\smoke2969.jpg,smoke
C:\Users\HishamMo\Desktop\999_cs\Quantum_Inpired_PSO_Classifcation\train\smoke\smoke2970.jpg,smoke
C:\Users\HishamMo\Desktop\999_cs\Quantum_Inpired_PSO_Classifcation\train\smoke\smoke2972.jpg,smoke
C:\Users\HishamMo\Desktop\999_cs\Quantum_Inpired_PSO_Classifcation\train\smoke\smoke2973.jpg,smoke
C:\Users\HishamMo\Desktop\999_cs\Quantum_Inpired_PSO_Classifcation\train\smoke\smoke2974.jpg,smoke
C:\Users\HishamMo\Desktop\999_cs\Quantum_Inpired_PSO_Classifcation\train\smoke\smoke2975.jpg,smoke
C:\Users\HishamMo\Desktop\999_cs\Quantum_Inpired_PSO_Classifcation\train\smoke\smoke2976.jpg,smoke
C:\Users\HishamMo\Desktop\999_cs\Quantum_Inpired_PSO_Classifcation\train\smoke\smoke2978.jpg,smoke
C:\Users\HishamMo\Desktop\999_cs\Quantum_Inpired_PSO_Classifcation\train\smoke\smoke2979.jpg,smoke
C:\Users\HishamMo\Desktop\999_cs\Quantum_Inpired_PSO_Classifcation\train\smoke\smoke2980.jpg,smoke
C:\Users\HishamMo\Desktop\999_cs\Quantum_Inpired_PSO_Classifcation\train\smoke\smoke2981.jpg,smoke
C:\Users\HishamMo\Desktop\999_cs\Quantum_Inpired_PSO_Classifcation\train\smoke\smoke2982.jpg,smoke
C:\Users\HishamMo\Desktop\999_cs\Quantum_Inpired_PSO_Classifcation\train\smoke\smoke2983.jpg,smoke
C:\Users\HishamMo\Desktop\999_cs\Quantum_Inpired_PSO_Classifcation\train\smoke\smoke2984.jpg,smoke
C:\Users\HishamMo\Desktop\999_cs\Quantum_Inpired_PSO_Classifcation\train\smoke\smoke2985.jpg,smoke
C:\Users\HishamMo\Desktop\999_cs\Quantum_Inpired_PSO_Classifcation\train\smoke\smoke2986.jpg,smoke
C:\Users\HishamMo\Desktop\999_cs\Quantum_Inpired_PSO_Classifcation\train\smoke\smoke2987.jpg,smoke
C:\Users\HishamMo\Desktop\999_cs\Quantum_Inpired_PSO_Classifcation\train\smoke\smoke2989.jpg,smoke
C:\Users\HishamMo\Desktop\999_cs\Quantum_Inpired_PSO_Classifcation\train\smoke\smoke2990.jpg,smoke
C:\Users\HishamMo\Desktop\999_cs\Quantum_Inpired_PSO_Classifcation\train\smoke\smoke2992.jpg,smoke
C:\Users\HishamMo\Desktop\999_cs\Quantum_Inpired_PSO_Classifcation\train\smoke\smoke2993.jpg,smoke
C:\Users\HishamMo\Desktop\999_cs\Quantum_Inpired_PSO_Classifcation\train\smoke\smoke2995.jpg,smoke
C:\Users\HishamMo\Desktop\999_cs\Quantum_Inpired_PSO_Classifcation\train\smoke\smoke2997.jpg,smoke
C:\Users\HishamMo\Desktop\999_cs\Quantum_Inpired_PSO_Classifcation\train\smoke\smoke2998.jpg,smoke
C:\Users\HishamMo\Desktop\999_cs\Quantum_Inpired_PSO_Classifcation\train\smoke\smoke2999.jpg,smoke
C:\Users\HishamMo\Desktop\999_cs\Quantum_Inpired_PSO_Classifcation\train\smoke\smoke3000.jpg,smoke
C:\Users\HishamMo\Desktop\999_cs\Quantum_Inpired_PSO_Classifcation\train\smoke\smoke3001.jpg,smoke
C:\Users\HishamMo\Desktop\999_cs\Quantum_Inpired_PSO_Classifcation\train\smoke\smoke3002.jpg,smoke
C:\Users\HishamMo\Desktop\999_cs\Quantum_Inpired_PSO_Classifcation\train\smoke\smoke3003.jpg,smoke
C:\Users\HishamMo\Desktop\999_cs\Quantum_Inpired_PSO_Classifcation\train\smoke\smoke3004.jpg,smoke
C:\Users\HishamMo\Desktop\999_cs\Quantum_Inpired_PSO_Classifcation\train\smoke\smoke3005.jpg,smoke
C:\Users\HishamMo\Desktop\999_cs\Quantum_Inpired_PSO_Classifcation\train\smoke\smoke3006.jpg,smoke
C:\Users\HishamMo\Desktop\999_cs\Quantum_Inpired_PSO_Classifcation\train\smoke\smoke3007.jpg,smoke
C:\Users\HishamMo\Desktop\999_cs\Quantum_Inpired_PSO_Classifcation\train\smoke\smoke3008.jpg,smoke
C:\Users\HishamMo\Desktop\999_cs\Quantum_Inpired_PSO_Classifcation\train\smoke\smoke3009.jpg,smoke
C:\Users\HishamMo\Desktop\999_cs\Quantum_Inpired_PSO_Classifcation\train\smoke\smoke3010.jpg,smoke
C:\Users\HishamMo\Desktop\999_cs\Quantum_Inpired_PSO_Classifcation\train\smoke\smoke3011.jpg,smoke
C:\Users\HishamMo\Desktop\999_cs\Quantum_Inpired_PSO_Classifcation\train\smoke\smoke3013.jpg,smoke
C:\Users\HishamMo\Desktop\999_cs\Quantum_Inpired_PSO_Classifcation\train\smoke\smoke3014.jpg,smoke
C:\Users\HishamMo\Desktop\999_cs\Quantum_Inpired_PSO_Classifcation\train\smoke\smoke3015.jpg,smoke
C:\Users\HishamMo\Desktop\999_cs\Quantum_Inpired_PSO_Classifcation\train\smoke\smoke3017.jpg,smoke
C:\Users\HishamMo\Desktop\999_cs\Quantum_Inpired_PSO_Classifcation\train\smoke\smoke3020.jpg,smoke
C:\Users\HishamMo\Desktop\999_cs\Quantum_Inpired_PSO_Classifcation\train\smoke\smoke3021.jpg,smoke
C:\Users\HishamMo\Desktop\999_cs\Quantum_Inpired_PSO_Classifcation\train\smoke\smoke3023.jpg,smoke
C:\Users\HishamMo\Desktop\999_cs\Quantum_Inpired_PSO_Classifcation\train\smoke\smoke3024.jpg,smoke
C:\Users\HishamMo\Desktop\999_cs\Quantum_Inpired_PSO_Classifcation\train\smoke\smoke3025.jpg,smoke
C:\Users\HishamMo\Desktop\999_cs\Quantum_Inpired_PSO_Classifcation\train\smoke\smoke3026.jpg,smoke
C:\Users\HishamMo\Desktop\999_cs\Quantum_Inpired_PSO_Classifcation\train\smoke\smoke3027.jpg,smoke
C:\Users\HishamMo\Desktop\999_cs\Quantum_Inpired_PSO_Classifcation\train\smoke\smoke3028.jpg,smoke
C:\Users\HishamMo\Desktop\999_cs\Quantum_Inpired_PSO_Classifcation\train\smoke\smoke3030.jpg,smoke
C:\Users\HishamMo\Desktop\999_cs\Quantum_Inpired_PSO_Classifcation\train\smoke\smoke3031.jpg,smoke
C:\Users\HishamMo\Desktop\999_cs\Quantum_Inpired_PSO_Classifcation\train\smoke\smoke3032.jpg,smoke
C:\Users\HishamMo\Desktop\999_cs\Quantum_Inpired_PSO_Classifcation\train\smoke\smoke3033.jpg,smoke
C:\Users\HishamMo\Desktop\999_cs\Quantum_Inpired_PSO_Classifcation\train\smoke\smoke3034.jpg,smoke
C:\Users\HishamMo\Desktop\999_cs\Quantum_Inpired_PSO_Classifcation\train\smoke\smoke3035.jpg,smoke
C:\Users\HishamMo\Desktop\999_cs\Quantum_Inpired_PSO_Classifcation\train\smoke\smoke3037.jpg,smoke
C:\Users\HishamMo\Desktop\999_cs\Quantum_Inpired_PSO_Classifcation\train\smoke\smoke3038.jpg,smoke
C:\Users\HishamMo\Desktop\999_cs\Quantum_Inpired_PSO_Classifcation\train\smoke\smoke3039.jpg,smoke
C:\Users\HishamMo\Desktop\999_cs\Quantum_Inpired_PSO_Classifcation\train\smoke\smoke3040.jpg,smoke
C:\Users\HishamMo\Desktop\999_cs\Quantum_Inpired_PSO_Classifcation\train\smoke\smoke3041.jpg,smoke
C:\Users\HishamMo\Desktop\999_cs\Quantum_Inpired_PSO_Classifcation\train\smoke\smoke3042.jpg,smoke
C:\Users\HishamMo\Desktop\999_cs\Quantum_Inpired_PSO_Classifcation\train\smoke\smoke3043.jpg,smoke
C:\Users\HishamMo\Desktop\999_cs\Quantum_Inpired_PSO_Classifcation\train\smoke\smoke3045.jpg,smoke
C:\Users\HishamMo\Desktop\999_cs\Quantum_Inpired_PSO_Classifcation\train\smoke\smoke3046.jpg,smoke
C:\Users\HishamMo\Desktop\999_cs\Quantum_Inpired_PSO_Classifcation\train\smoke\smoke3047.jpg,smoke
C:\Users\HishamMo\Desktop\999_cs\Quantum_Inpired_PSO_Classifcation\train\smoke\smoke3049.jpg,smoke
C:\Users\HishamMo\Desktop\999_cs\Quantum_Inpired_PSO_Classifcation\train\smoke\smoke3050.jpg,smoke
C:\Users\HishamMo\Desktop\999_cs\Quantum_Inpired_PSO_Classifcation\train\smoke\smoke3052.jpg,smoke
C:\Users\HishamMo\Desktop\999_cs\Quantum_Inpired_PSO_Classifcation\train\smoke\smoke3053.jpg,smoke
C:\Users\HishamMo\Desktop\999_cs\Quantum_Inpired_PSO_Classifcation\train\smoke\smoke3054.jpg,smoke
C:\Users\HishamMo\Desktop\999_cs\Quantum_Inpired_PSO_Classifcation\train\smoke\smoke3055.jpg,smoke
C:\Users\HishamMo\Desktop\999_cs\Quantum_Inpired_PSO_Classifcation\train\smoke\smoke3056.jpg,smoke
C:\Users\HishamMo\Desktop\999_cs\Quantum_Inpired_PSO_Classifcation\train\smoke\smoke3057.jpg,smoke
C:\Users\HishamMo\Desktop\999_cs\Quantum_Inpired_PSO_Classifcation\train\smoke\smoke3058.jpg,smoke
C:\Users\HishamMo\Desktop\999_cs\Quantum_Inpired_PSO_Classifcation\train\smoke\smoke3060.jpg,smoke
C:\Users\HishamMo\Desktop\999_cs\Quantum_Inpired_PSO_Classifcation\train\smoke\smoke3061.jpg,smoke
C:\Users\HishamMo\Desktop\999_cs\Quantum_Inpired_PSO_Classifcation\train\smoke\smoke3062.jpg,smoke
C:\Users\HishamMo\Desktop\999_cs\Quantum_Inpired_PSO_Classifcation\train\smoke\smoke3063.jpg,smoke
C:\Users\HishamMo\Desktop\999_cs\Quantum_Inpired_PSO_Classifcation\train\smoke\smoke3064.jpg,smoke
C:\Users\HishamMo\Desktop\999_cs\Quantum_Inpired_PSO_Classifcation\train\smoke\smoke3065.jpg,smoke
C:\Users\HishamMo\Desktop\999_cs\Quantum_Inpired_PSO_Classifcation\train\smoke\smoke3066.jpg,smoke
C:\Users\HishamMo\Desktop\999_cs\Quantum_Inpired_PSO_Classifcation\train\smoke\smoke3067.jpg,smoke
C:\Users\HishamMo\Desktop\999_cs\Quantum_Inpired_PSO_Classifcation\train\smoke\smoke3069.jpg,smoke
C:\Users\HishamMo\Desktop\999_cs\Quantum_Inpired_PSO_Classifcation\train\smoke\smoke3070.jpg,smoke
C:\Users\HishamMo\Desktop\999_cs\Quantum_Inpired_PSO_Classifcation\train\smoke\smoke3073.jpg,smoke
C:\Users\HishamMo\Desktop\999_cs\Quantum_Inpired_PSO_Classifcation\train\smoke\smoke3075.jpg,smoke
C:\Users\HishamMo\Desktop\999_cs\Quantum_Inpired_PSO_Classifcation\train\smoke\smoke3076.jpg,smoke
C:\Users\HishamMo\Desktop\999_cs\Quantum_Inpired_PSO_Classifcation\train\smoke\smoke3077.jpg,smoke
C:\Users\HishamMo\Desktop\999_cs\Quantum_Inpired_PSO_Classifcation\train\smoke\smoke3078.jpg,smoke
C:\Users\HishamMo\Desktop\999_cs\Quantum_Inpired_PSO_Classifcation\train\smoke\smoke3079.jpg,smoke
C:\Users\HishamMo\Desktop\999_cs\Quantum_Inpired_PSO_Classifcation\train\smoke\smoke3080.jpg,smoke
C:\Users\HishamMo\Desktop\999_cs\Quantum_Inpired_PSO_Classifcation\train\smoke\smoke3081.jpg,smoke
C:\Users\HishamMo\Desktop\999_cs\Quantum_Inpired_PSO_Classifcation\train\smoke\smoke3082.jpg,smoke
C:\Users\HishamMo\Desktop\999_cs\Quantum_Inpired_PSO_Classifcation\train\smoke\smoke3084.jpg,smoke
C:\Users\HishamMo\Desktop\999_cs\Quantum_Inpired_PSO_Classifcation\train\smoke\smoke3085.jpg,smoke
C:\Users\HishamMo\Desktop\999_cs\Quantum_Inpired_PSO_Classifcation\train\smoke\smoke3086.jpg,smoke
C:\Users\HishamMo\Desktop\999_cs\Quantum_Inpired_PSO_Classifcation\train\smoke\smoke3087.jpg,smoke
C:\Users\HishamMo\Desktop\999_cs\Quantum_Inpired_PSO_Classifcation\train\smoke\smoke3089.jpg,smoke
C:\Users\HishamMo\Desktop\999_cs\Quantum_Inpired_PSO_Classifcation\train\smoke\smoke3090.jpg,smoke
C:\Users\HishamMo\Desktop\999_cs\Quantum_Inpired_PSO_Classifcation\train\smoke\smoke3091.jpg,smoke
C:\Users\HishamMo\Desktop\999_cs\Quantum_Inpired_PSO_Classifcation\train\smoke\smoke3094.jpg,smoke
C:\Users\HishamMo\Desktop\999_cs\Quantum_Inpired_PSO_Classifcation\train\smoke\smoke3095.jpg,smoke
C:\Users\HishamMo\Desktop\999_cs\Quantum_Inpired_PSO_Classifcation\train\smoke\smoke3096.jpg,smoke
C:\Users\HishamMo\Desktop\999_cs\Quantum_Inpired_PSO_Classifcation\train\smoke\smoke3097.jpg,smoke
C:\Users\HishamMo\Desktop\999_cs\Quantum_Inpired_PSO_Classifcation\train\smoke\smoke3098.jpg,smoke
C:\Users\HishamMo\Desktop\999_cs\Quantum_Inpired_PSO_Classifcation\train\smoke\smoke3099.jpg,smoke
C:\Users\HishamMo\Desktop\999_cs\Quantum_Inpired_PSO_Classifcation\train\smoke\smoke3102.jpg,smoke
C:\Users\HishamMo\Desktop\999_cs\Quantum_Inpired_PSO_Classifcation\train\smoke\smoke3103.jpg,smoke
C:\Users\HishamMo\Desktop\999_cs\Quantum_Inpired_PSO_Classifcation\train\smoke\smoke3104.jpg,smoke
C:\Users\HishamMo\Desktop\999_cs\Quantum_Inpired_PSO_Classifcation\train\smoke\smoke3106.jpg,smoke
C:\Users\HishamMo\Desktop\999_cs\Quantum_Inpired_PSO_Classifcation\train\smoke\smoke3107.jpg,smoke
C:\Users\HishamMo\Desktop\999_cs\Quantum_Inpired_PSO_Classifcation\train\smoke\smoke3108.jpg,smoke
C:\Users\HishamMo\Desktop\999_cs\Quantum_Inpired_PSO_Classifcation\train\smoke\smoke3109.jpg,smoke
C:\Users\HishamMo\Desktop\999_cs\Quantum_Inpired_PSO_Classifcation\train\smoke\smoke3110.jpg,smoke
C:\Users\HishamMo\Desktop\999_cs\Quantum_Inpired_PSO_Classifcation\train\smoke\smoke3111.jpg,smoke
C:\Users\HishamMo\Desktop\999_cs\Quantum_Inpired_PSO_Classifcation\train\smoke\smoke3112.jpg,smoke
C:\Users\HishamMo\Desktop\999_cs\Quantum_Inpired_PSO_Classifcation\train\smoke\smoke3113.jpg,smoke
C:\Users\HishamMo\Desktop\999_cs\Quantum_Inpired_PSO_Classifcation\train\smoke\smoke3114.jpg,smoke
C:\Users\HishamMo\Desktop\999_cs\Quantum_Inpired_PSO_Classifcation\train\smoke\smoke3115.jpg,smoke
C:\Users\HishamMo\Desktop\999_cs\Quantum_Inpired_PSO_Classifcation\train\smoke\smoke3116.jpg,smoke
C:\Users\HishamMo\Desktop\999_cs\Quantum_Inpired_PSO_Classifcation\train\smoke\smoke3118.jpg,smoke
C:\Users\HishamMo\Desktop\999_cs\Quantum_Inpired_PSO_Classifcation\train\smoke\smoke3119.jpg,smoke
C:\Users\HishamMo\Desktop\999_cs\Quantum_Inpired_PSO_Classifcation\train\smoke\smoke3120.jpg,smoke
C:\Users\HishamMo\Desktop\999_cs\Quantum_Inpired_PSO_Classifcation\train\smoke\smoke3121.jpg,smoke
C:\Users\HishamMo\Desktop\999_cs\Quantum_Inpired_PSO_Classifcation\train\smoke\smoke3122.jpg,smoke
C:\Users\HishamMo\Desktop\999_cs\Quantum_Inpired_PSO_Classifcation\train\smoke\smoke3123.jpg,smoke
C:\Users\HishamMo\Desktop\999_cs\Quantum_Inpired_PSO_Classifcation\train\smoke\smoke3124.jpg,smoke
C:\Users\HishamMo\Desktop\999_cs\Quantum_Inpired_PSO_Classifcation\train\smoke\smoke3125.jpg,smoke
C:\Users\HishamMo\Desktop\999_cs\Quantum_Inpired_PSO_Classifcation\train\smoke\smoke3126.jpg,smoke
C:\Users\HishamMo\Desktop\999_cs\Quantum_Inpired_PSO_Classifcation\train\smoke\smoke3127.jpg,smoke
C:\Users\HishamMo\Desktop\999_cs\Quantum_Inpired_PSO_Classifcation\train\smoke\smoke3128.jpg,smoke
C:\Users\HishamMo\Desktop\999_cs\Quantum_Inpired_PSO_Classifcation\train\smoke\smoke3129.jpg,smoke
C:\Users\HishamMo\Desktop\999_cs\Quantum_Inpired_PSO_Classifcation\train\smoke\smoke3130.jpg,smoke
C:\Users\HishamMo\Desktop\999_cs\Quantum_Inpired_PSO_Classifcation\train\smoke\smoke3131.jpg,smoke
C:\Users\HishamMo\Desktop\999_cs\Quantum_Inpired_PSO_Classifcation\train\smoke\smoke3133.jpg,smoke
C:\Users\HishamMo\Desktop\999_cs\Quantum_Inpired_PSO_Classifcation\train\smoke\smoke3134.jpg,smoke
C:\Users\HishamMo\Desktop\999_cs\Quantum_Inpired_PSO_Classifcation\train\smoke\smoke3135.jpg,smoke
C:\Users\HishamMo\Desktop\999_cs\Quantum_Inpired_PSO_Classifcation\train\smoke\smoke3136.jpg,smoke
C:\Users\HishamMo\Desktop\999_cs\Quantum_Inpired_PSO_Classifcation\train\smoke\smoke3137.jpg,smoke
C:\Users\HishamMo\Desktop\999_cs\Quantum_Inpired_PSO_Classifcation\train\smoke\smoke3138.jpg,smoke
C:\Users\HishamMo\Desktop\999_cs\Quantum_Inpired_PSO_Classifcation\train\smoke\smoke3139.jpg,smoke
C:\Users\HishamMo\Desktop\999_cs\Quantum_Inpired_PSO_Classifcation\train\smoke\smoke3140.jpg,smoke
C:\Users\HishamMo\Desktop\999_cs\Quantum_Inpired_PSO_Classifcation\train\smoke\smoke3141.jpg,smoke
C:\Users\HishamMo\Desktop\999_cs\Quantum_Inpired_PSO_Classifcation\train\smoke\smoke3142.jpg,smoke
C:\Users\HishamMo\Desktop\999_cs\Quantum_Inpired_PSO_Classifcation\train\smoke\smoke3144.jpg,smoke
C:\Users\HishamMo\Desktop\999_cs\Quantum_Inpired_PSO_Classifcation\train\smoke\smoke3146.jpg,smoke
C:\Users\HishamMo\Desktop\999_cs\Quantum_Inpired_PSO_Classifcation\train\smoke\smoke3147.jpg,smoke
C:\Users\HishamMo\Desktop\999_cs\Quantum_Inpired_PSO_Classifcation\train\smoke\smoke3149.jpg,smoke
C:\Users\HishamMo\Desktop\999_cs\Quantum_Inpired_PSO_Classifcation\train\smoke\smoke3150.jpg,smoke
C:\Users\HishamMo\Desktop\999_cs\Quantum_Inpired_PSO_Classifcation\train\smoke\smoke3151.jpg,smoke
C:\Users\HishamMo\Desktop\999_cs\Quantum_Inpired_PSO_Classifcation\train\smoke\smoke3152.jpg,smoke
C:\Users\HishamMo\Desktop\999_cs\Quantum_Inpired_PSO_Classifcation\train\smoke\smoke3153.jpg,smoke
C:\Users\HishamMo\Desktop\999_cs\Quantum_Inpired_PSO_Classifcation\train\smoke\smoke3154.jpg,smoke
C:\Users\HishamMo\Desktop\999_cs\Quantum_Inpired_PSO_Classifcation\train\smoke\smoke3155.jpg,smoke
C:\Users\HishamMo\Desktop\999_cs\Quantum_Inpired_PSO_Classifcation\train\smoke\smoke3156.jpg,smoke
C:\Users\HishamMo\Desktop\999_cs\Quantum_Inpired_PSO_Classifcation\train\smoke\smoke3157.jpg,smoke
C:\Users\HishamMo\Desktop\999_cs\Quantum_Inpired_PSO_Classifcation\train\smoke\smoke3158.jpg,smoke
C:\Users\HishamMo\Desktop\999_cs\Quantum_Inpired_PSO_Classifcation\train\smoke\smoke3159.jpg,smoke
C:\Users\HishamMo\Desktop\999_cs\Quantum_Inpired_PSO_Classifcation\train\smoke\smoke3161.jpg,smoke
C:\Users\HishamMo\Desktop\999_cs\Quantum_Inpired_PSO_Classifcation\train\smoke\smoke3162.jpg,smoke
C:\Users\HishamMo\Desktop\999_cs\Quantum_Inpired_PSO_Classifcation\train\smoke\smoke3163.jpg,smoke
C:\Users\HishamMo\Desktop\999_cs\Quantum_Inpired_PSO_Classifcation\train\smoke\smoke3165.jpg,smoke
C:\Users\HishamMo\Desktop\999_cs\Quantum_Inpired_PSO_Classifcation\train\smoke\smoke3167.jpg,smoke
C:\Users\HishamMo\Desktop\999_cs\Quantum_Inpired_PSO_Classifcation\train\smoke\smoke3168.jpg,smoke
C:\Users\HishamMo\Desktop\999_cs\Quantum_Inpired_PSO_Classifcation\train\smoke\smoke3169.jpg,smoke
C:\Users\HishamMo\Desktop\999_cs\Quantum_Inpired_PSO_Classifcation\train\smoke\smoke3170.jpg,smoke
C:\Users\HishamMo\Desktop\999_cs\Quantum_Inpired_PSO_Classifcation\train\smoke\smoke3174.jpg,smoke
C:\Users\HishamMo\Desktop\999_cs\Quantum_Inpired_PSO_Classifcation\train\smoke\smoke3176.jpg,smoke
C:\Users\HishamMo\Desktop\999_cs\Quantum_Inpired_PSO_Classifcation\train\smoke\smoke3177.jpg,smoke
C:\Users\HishamMo\Desktop\999_cs\Quantum_Inpired_PSO_Classifcation\train\smoke\smoke3178.jpg,smoke
C:\Users\HishamMo\Desktop\999_cs\Quantum_Inpired_PSO_Classifcation\train\smoke\smoke3179.jpg,smoke
C:\Users\HishamMo\Desktop\999_cs\Quantum_Inpired_PSO_Classifcation\train\smoke\smoke3183.jpg,smoke
C:\Users\HishamMo\Desktop\999_cs\Quantum_Inpired_PSO_Classifcation\train\smoke\smoke3184.jpg,smoke
C:\Users\HishamMo\Desktop\999_cs\Quantum_Inpired_PSO_Classifcation\train\smoke\smoke3185.jpg,smoke
C:\Users\HishamMo\Desktop\999_cs\Quantum_Inpired_PSO_Classifcation\train\smoke\smoke3186.jpg,smoke
C:\Users\HishamMo\Desktop\999_cs\Quantum_Inpired_PSO_Classifcation\train\smoke\smoke3187.jpg,smoke
C:\Users\HishamMo\Desktop\999_cs\Quantum_Inpired_PSO_Classifcation\train\smoke\smoke3189.jpg,smoke
C:\Users\HishamMo\Desktop\999_cs\Quantum_Inpired_PSO_Classifcation\train\smoke\smoke3190.jpg,smoke
C:\Users\HishamMo\Desktop\999_cs\Quantum_Inpired_PSO_Classifcation\train\smoke\smoke3191.jpg,smoke
C:\Users\HishamMo\Desktop\999_cs\Quantum_Inpired_PSO_Classifcation\train\smoke\smoke3192.jpg,smoke
C:\Users\HishamMo\Desktop\999_cs\Quantum_Inpired_PSO_Classifcation\train\smoke\smoke3193.jpg,smoke
C:\Users\HishamMo\Desktop\999_cs\Quantum_Inpired_PSO_Classifcation\train\smoke\smoke3194.jpg,smoke
C:\Users\HishamMo\Desktop\999_cs\Quantum_Inpired_PSO_Classifcation\train\smoke\smoke3196.jpg,smoke
C:\Users\HishamMo\Desktop\999_cs\Quantum_Inpired_PSO_Classifcation\train\smoke\smoke3197.jpg,smoke
C:\Users\HishamMo\Desktop\999_cs\Quantum_Inpired_PSO_Classifcation\train\smoke\smoke3198.jpg,smoke
C:\Users\HishamMo\Desktop\999_cs\Quantum_Inpired_PSO_Classifcation\train\smoke\smoke3201.jpg,smoke
C:\Users\HishamMo\Desktop\999_cs\Quantum_Inpired_PSO_Classifcation\train\smoke\smoke3202.jpg,smoke
C:\Users\HishamMo\Desktop\999_cs\Quantum_Inpired_PSO_Classifcation\train\smoke\smoke3203.jpg,smoke
C:\Users\HishamMo\Desktop\999_cs\Quantum_Inpired_PSO_Classifcation\train\smoke\smoke3205.jpg,smoke
C:\Users\HishamMo\Desktop\999_cs\Quantum_Inpired_PSO_Classifcation\train\smoke\smoke3206.jpg,smoke
C:\Users\HishamMo\Desktop\999_cs\Quantum_Inpired_PSO_Classifcation\train\smoke\smoke3207.jpg,smoke
C:\Users\HishamMo\Desktop\999_cs\Quantum_Inpired_PSO_Classifcation\train\smoke\smoke3208.jpg,smoke
C:\Users\HishamMo\Desktop\999_cs\Quantum_Inpired_PSO_Classifcation\train\smoke\smoke3209.jpg,smoke
C:\Users\HishamMo\Desktop\999_cs\Quantum_Inpired_PSO_Classifcation\train\smoke\smoke3210.jpg,smoke
C:\Users\HishamMo\Desktop\999_cs\Quantum_Inpired_PSO_Classifcation\train\smoke\smoke3211.jpg,smoke
C:\Users\HishamMo\Desktop\999_cs\Quantum_Inpired_PSO_Classifcation\train\smoke\smoke3212.jpg,smoke
C:\Users\HishamMo\Desktop\999_cs\Quantum_Inpired_PSO_Classifcation\train\smoke\smoke3213.jpg,smoke
C:\Users\HishamMo\Desktop\999_cs\Quantum_Inpired_PSO_Classifcation\train\smoke\smoke3215.jpg,smoke
C:\Users\HishamMo\Desktop\999_cs\Quantum_Inpired_PSO_Classifcation\train\smoke\smoke3216.jpg,smoke
C:\Users\HishamMo\Desktop\999_cs\Quantum_Inpired_PSO_Classifcation\train\smoke\smoke3217.jpg,smoke
C:\Users\HishamMo\Desktop\999_cs\Quantum_Inpired_PSO_Classifcation\train\smoke\smoke3218.jpg,smoke
C:\Users\HishamMo\Desktop\999_cs\Quantum_Inpired_PSO_Classifcation\train\smoke\smoke3219.jpg,smoke
C:\Users\HishamMo\Desktop\999_cs\Quantum_Inpired_PSO_Classifcation\train\smoke\smoke3220.jpg,smoke
C:\Users\HishamMo\Desktop\999_cs\Quantum_Inpired_PSO_Classifcation\train\smoke\smoke3221.jpg,smoke
C:\Users\HishamMo\Desktop\999_cs\Quantum_Inpired_PSO_Classifcation\train\smoke\smoke3222.jpg,smoke
C:\Users\HishamMo\Desktop\999_cs\Quantum_Inpired_PSO_Classifcation\train\smoke\smoke3223.jpg,smoke
C:\Users\HishamMo\Desktop\999_cs\Quantum_Inpired_PSO_Classifcation\train\smoke\smoke3224.jpg,smoke
C:\Users\HishamMo\Desktop\999_cs\Quantum_Inpired_PSO_Classifcation\train\smoke\smoke3226.jpg,smoke
C:\Users\HishamMo\Desktop\999_cs\Quantum_Inpired_PSO_Classifcation\train\smoke\smoke3227.jpg,smoke
C:\Users\HishamMo\Desktop\999_cs\Quantum_Inpired_PSO_Classifcation\train\smoke\smoke3228.jpg,smoke
C:\Users\HishamMo\Desktop\999_cs\Quantum_Inpired_PSO_Classifcation\train\smoke\smoke3229.jpg,smoke
C:\Users\HishamMo\Desktop\999_cs\Quantum_Inpired_PSO_Classifcation\train\smoke\smoke3230.jpg,smoke
C:\Users\HishamMo\Desktop\999_cs\Quantum_Inpired_PSO_Classifcation\train\smoke\smoke3232.jpg,smoke
C:\Users\HishamMo\Desktop\999_cs\Quantum_Inpired_PSO_Classifcation\train\smoke\smoke3233.jpg,smoke
C:\Users\HishamMo\Desktop\999_cs\Quantum_Inpired_PSO_Classifcation\train\smoke\smoke3234.jpg,smoke
C:\Users\HishamMo\Desktop\999_cs\Quantum_Inpired_PSO_Classifcation\train\smoke\smoke3236.jpg,smoke
C:\Users\HishamMo\Desktop\999_cs\Quantum_Inpired_PSO_Classifcation\train\smoke\smoke3237.jpg,smoke
C:\Users\HishamMo\Desktop\999_cs\Quantum_Inpired_PSO_Classifcation\train\smoke\smoke3238.jpg,smoke
C:\Users\HishamMo\Desktop\999_cs\Quantum_Inpired_PSO_Classifcation\train\smoke\smoke3239.jpg,smoke
C:\Users\HishamMo\Desktop\999_cs\Quantum_Inpired_PSO_Classifcation\train\smoke\smoke3240.jpg,smoke
C:\Users\HishamMo\Desktop\999_cs\Quantum_Inpired_PSO_Classifcation\train\smoke\smoke3241.jpg,smoke
C:\Users\HishamMo\Desktop\999_cs\Quantum_Inpired_PSO_Classifcation\train\smoke\smoke3243.jpg,smoke
C:\Users\HishamMo\Desktop\999_cs\Quantum_Inpired_PSO_Classifcation\train\smoke\smoke3244.jpg,smoke
C:\Users\HishamMo\Desktop\999_cs\Quantum_Inpired_PSO_Classifcation\train\smoke\smoke3245.jpg,smoke
C:\Users\HishamMo\Desktop\999_cs\Quantum_Inpired_PSO_Classifcation\train\smoke\smoke3247.jpg,smoke
C:\Users\HishamMo\Desktop\999_cs\Quantum_Inpired_PSO_Classifcation\train\smoke\smoke3248.jpg,smoke
C:\Users\HishamMo\Desktop\999_cs\Quantum_Inpired_PSO_Classifcation\train\smoke\smoke3249.jpg,smoke
C:\Users\HishamMo\Desktop\999_cs\Quantum_Inpired_PSO_Classifcation\train\smoke\smoke3250.jpg,smoke
C:\Users\HishamMo\Desktop\999_cs\Quantum_Inpired_PSO_Classifcation\train\smoke\smoke3251.jpg,smoke
C:\Users\HishamMo\Desktop\999_cs\Quantum_Inpired_PSO_Classifcation\train\smoke\smoke3252.jpg,smoke
C:\Users\HishamMo\Desktop\999_cs\Quantum_Inpired_PSO_Classifcation\train\smoke\smoke3253.jpg,smoke
C:\Users\HishamMo\Desktop\999_cs\Quantum_Inpired_PSO_Classifcation\train\smoke\smoke3254.jpg,smoke
C:\Users\HishamMo\Desktop\999_cs\Quantum_Inpired_PSO_Classifcation\train\smoke\smoke3255.jpg,smoke
C:\Users\HishamMo\Desktop\999_cs\Quantum_Inpired_PSO_Classifcation\train\smoke\smoke3257.jpg,smoke
C:\Users\HishamMo\Desktop\999_cs\Quantum_Inpired_PSO_Classifcation\train\smoke\smoke3258.jpg,smoke
C:\Users\HishamMo\Desktop\999_cs\Quantum_Inpired_PSO_Classifcation\train\smoke\smoke3259.jpg,smoke
C:\Users\HishamMo\Desktop\999_cs\Quantum_Inpired_PSO_Classifcation\train\smoke\smoke3260.jpg,smoke
C:\Users\HishamMo\Desktop\999_cs\Quantum_Inpired_PSO_Classifcation\train\smoke\smoke3264.jpg,smoke
C:\Users\HishamMo\Desktop\999_cs\Quantum_Inpired_PSO_Classifcation\train\smoke\smoke3265.jpg,smoke
C:\Users\HishamMo\Desktop\999_cs\Quantum_Inpired_PSO_Classifcation\train\smoke\smoke3266.jpg,smoke
C:\Users\HishamMo\Desktop\999_cs\Quantum_Inpired_PSO_Classifcation\train\smoke\smoke3267.jpg,smoke
C:\Users\HishamMo\Desktop\999_cs\Quantum_Inpired_PSO_Classifcation\train\smoke\smoke3268.jpg,smoke
C:\Users\HishamMo\Desktop\999_cs\Quantum_Inpired_PSO_Classifcation\train\smoke\smoke3272.jpg,smoke
C:\Users\HishamMo\Desktop\999_cs\Quantum_Inpired_PSO_Classifcation\train\smoke\smoke3273.jpg,smoke
C:\Users\HishamMo\Desktop\999_cs\Quantum_Inpired_PSO_Classifcation\train\smoke\smoke3274.jpg,smoke
C:\Users\HishamMo\Desktop\999_cs\Quantum_Inpired_PSO_Classifcation\train\smoke\smoke3275.jpg,smoke
C:\Users\HishamMo\Desktop\999_cs\Quantum_Inpired_PSO_Classifcation\train\smoke\smoke3276.jpg,smoke
C:\Users\HishamMo\Desktop\999_cs\Quantum_Inpired_PSO_Classifcation\train\smoke\smoke3277.jpg,smoke
C:\Users\HishamMo\Desktop\999_cs\Quantum_Inpired_PSO_Classifcation\train\smoke\smoke3278.jpg,smoke
C:\Users\HishamMo\Desktop\999_cs\Quantum_Inpired_PSO_Classifcation\train\smoke\smoke3279.jpg,smoke
C:\Users\HishamMo\Desktop\999_cs\Quantum_Inpired_PSO_Classifcation\train\smoke\smoke3280.jpg,smoke
C:\Users\HishamMo\Desktop\999_cs\Quantum_Inpired_PSO_Classifcation\train\smoke\smoke3281.jpg,smoke
C:\Users\HishamMo\Desktop\999_cs\Quantum_Inpired_PSO_Classifcation\train\smoke\smoke3284.jpg,smoke
C:\Users\HishamMo\Desktop\999_cs\Quantum_Inpired_PSO_Classifcation\train\smoke\smoke3285.jpg,smoke
C:\Users\HishamMo\Desktop\999_cs\Quantum_Inpired_PSO_Classifcation\train\smoke\smoke3286.jpg,smoke
C:\Users\HishamMo\Desktop\999_cs\Quantum_Inpired_PSO_Classifcation\train\smoke\smoke3287.jpg,smoke
C:\Users\HishamMo\Desktop\999_cs\Quantum_Inpired_PSO_Classifcation\train\smoke\smoke3288.jpg,smoke
C:\Users\HishamMo\Desktop\999_cs\Quantum_Inpired_PSO_Classifcation\train\smoke\smoke3289.jpg,smoke
C:\Users\HishamMo\Desktop\999_cs\Quantum_Inpired_PSO_Classifcation\train\smoke\smoke3290.jpg,smoke
C:\Users\HishamMo\Desktop\999_cs\Quantum_Inpired_PSO_Classifcation\train\smoke\smoke3291.jpg,smoke
C:\Users\HishamMo\Desktop\999_cs\Quantum_Inpired_PSO_Classifcation\train\smoke\smoke3293.jpg,smoke
C:\Users\HishamMo\Desktop\999_cs\Quantum_Inpired_PSO_Classifcation\train\smoke\smoke3294.jpg,smoke
C:\Users\HishamMo\Desktop\999_cs\Quantum_Inpired_PSO_Classifcation\train\smoke\smoke3295.jpg,smoke
C:\Users\HishamMo\Desktop\999_cs\Quantum_Inpired_PSO_Classifcation\train\smoke\smoke3296.jpg,smoke
C:\Users\HishamMo\Desktop\999_cs\Quantum_Inpired_PSO_Classifcation\train\smoke\smoke3297.jpg,smoke
C:\Users\HishamMo\Desktop\999_cs\Quantum_Inpired_PSO_Classifcation\train\smoke\smoke3298.jpg,smoke
C:\Users\HishamMo\Desktop\999_cs\Quantum_Inpired_PSO_Classifcation\train\smoke\smoke3299.jpg,smoke
C:\Users\HishamMo\Desktop\999_cs\Quantum_Inpired_PSO_Classifcation\train\smoke\smoke3300.jpg,smoke
C:\Users\HishamMo\Desktop\999_cs\Quantum_Inpired_PSO_Classifcation\train\smoke\smoke3301.jpg,smoke
C:\Users\HishamMo\Desktop\999_cs\Quantum_Inpired_PSO_Classifcation\train\smoke\smoke3302.jpg,smoke
C:\Users\HishamMo\Desktop\999_cs\Quantum_Inpired_PSO_Classifcation\train\smoke\smoke3303.jpg,smoke
C:\Users\HishamMo\Desktop\999_cs\Quantum_Inpired_PSO_Classifcation\train\smoke\smoke3304.jpg,smoke
C:\Users\HishamMo\Desktop\999_cs\Quantum_Inpired_PSO_Classifcation\train\smoke\smoke3305.jpg,smoke
C:\Users\HishamMo\Desktop\999_cs\Quantum_Inpired_PSO_Classifcation\train\smoke\smoke3308.jpg,smoke
C:\Users\HishamMo\Desktop\999_cs\Quantum_Inpired_PSO_Classifcation\train\smoke\smoke3310.jpg,smoke
C:\Users\HishamMo\Desktop\999_cs\Quantum_Inpired_PSO_Classifcation\train\smoke\smoke3312.jpg,smoke
C:\Users\HishamMo\Desktop\999_cs\Quantum_Inpired_PSO_Classifcation\train\smoke\smoke3313.jpg,smoke
C:\Users\HishamMo\Desktop\999_cs\Quantum_Inpired_PSO_Classifcation\train\smoke\smoke3314.jpg,smoke
C:\Users\HishamMo\Desktop\999_cs\Quantum_Inpired_PSO_Classifcation\train\smoke\smoke3316.jpg,smoke
C:\Users\HishamMo\Desktop\999_cs\Quantum_Inpired_PSO_Classifcation\train\smoke\smoke3317.jpg,smoke
C:\Users\HishamMo\Desktop\999_cs\Quantum_Inpired_PSO_Classifcation\train\smoke\smoke3318.jpg,smoke
C:\Users\HishamMo\Desktop\999_cs\Quantum_Inpired_PSO_Classifcation\train\smoke\smoke3319.jpg,smoke
C:\Users\HishamMo\Desktop\999_cs\Quantum_Inpired_PSO_Classifcation\train\smoke\smoke3320.jpg,smoke
C:\Users\HishamMo\Desktop\999_cs\Quantum_Inpired_PSO_Classifcation\train\smoke\smoke3321.jpg,smoke
C:\Users\HishamMo\Desktop\999_cs\Quantum_Inpired_PSO_Classifcation\train\smoke\smoke3322.jpg,smoke
C:\Users\HishamMo\Desktop\999_cs\Quantum_Inpired_PSO_Classifcation\train\smoke\smoke3324.jpg,smoke
C:\Users\HishamMo\Desktop\999_cs\Quantum_Inpired_PSO_Classifcation\train\smoke\smoke3325.jpg,smoke
C:\Users\HishamMo\Desktop\999_cs\Quantum_Inpired_PSO_Classifcation\train\smoke\smoke3326.jpg,smoke
C:\Users\HishamMo\Desktop\999_cs\Quantum_Inpired_PSO_Classifcation\train\smoke\smoke3327.jpg,smoke
C:\Users\HishamMo\Desktop\999_cs\Quantum_Inpired_PSO_Classifcation\train\smoke\smoke3328.jpg,smoke
C:\Users\HishamMo\Desktop\999_cs\Quantum_Inpired_PSO_Classifcation\train\smoke\smoke3330.jpg,smoke
C:\Users\HishamMo\Desktop\999_cs\Quantum_Inpired_PSO_Classifcation\train\smoke\smoke3331.jpg,smoke
C:\Users\HishamMo\Desktop\999_cs\Quantum_Inpired_PSO_Classifcation\train\smoke\smoke3332.jpg,smoke
C:\Users\HishamMo\Desktop\999_cs\Quantum_Inpired_PSO_Classifcation\train\smoke\smoke3333.jpg,smoke
C:\Users\HishamMo\Desktop\999_cs\Quantum_Inpired_PSO_Classifcation\train\smoke\smoke3334.jpg,smoke
C:\Users\HishamMo\Desktop\999_cs\Quantum_Inpired_PSO_Classifcation\train\smoke\smoke3335.jpg,smoke
C:\Users\HishamMo\Desktop\999_cs\Quantum_Inpired_PSO_Classifcation\train\smoke\smoke3337.jpg,smoke
C:\Users\HishamMo\Desktop\999_cs\Quantum_Inpired_PSO_Classifcation\train\smoke\smoke3338.jpg,smoke
C:\Users\HishamMo\Desktop\999_cs\Quantum_Inpired_PSO_Classifcation\train\smoke\smoke3339.jpg,smoke
C:\Users\HishamMo\Desktop\999_cs\Quantum_Inpired_PSO_Classifcation\train\smoke\smoke3340.jpg,smoke
C:\Users\HishamMo\Desktop\999_cs\Quantum_Inpired_PSO_Classifcation\train\smoke\smoke3341.jpg,smoke
C:\Users\HishamMo\Desktop\999_cs\Quantum_Inpired_PSO_Classifcation\train\smoke\smoke3342.jpg,smoke
C:\Users\HishamMo\Desktop\999_cs\Quantum_Inpired_PSO_Classifcation\train\smoke\smoke3343.jpg,smoke
C:\Users\HishamMo\Desktop\999_cs\Quantum_Inpired_PSO_Classifcation\train\smoke\smoke3345.jpg,smoke
C:\Users\HishamMo\Desktop\999_cs\Quantum_Inpired_PSO_Classifcation\train\smoke\smoke3346.jpg,smoke
C:\Users\HishamMo\Desktop\999_cs\Quantum_Inpired_PSO_Classifcation\train\smoke\smoke3347.jpg,smoke
C:\Users\HishamMo\Desktop\999_cs\Quantum_Inpired_PSO_Classifcation\train\smoke\smoke3348.jpg,smoke
C:\Users\HishamMo\Desktop\999_cs\Quantum_Inpired_PSO_Classifcation\train\smoke\smoke3349.jpg,smoke
C:\Users\HishamMo\Desktop\999_cs\Quantum_Inpired_PSO_Classifcation\train\smoke\smoke3350.jpg,smoke
C:\Users\HishamMo\Desktop\999_cs\Quantum_Inpired_PSO_Classifcation\train\smoke\smoke3352.jpg,smoke
C:\Users\HishamMo\Desktop\999_cs\Quantum_Inpired_PSO_Classifcation\train\smoke\smoke3353.jpg,smoke
C:\Users\HishamMo\Desktop\999_cs\Quantum_Inpired_PSO_Classifcation\train\smoke\smoke3354.jpg,smoke
C:\Users\HishamMo\Desktop\999_cs\Quantum_Inpired_PSO_Classifcation\train\smoke\smoke3355.jpg,smoke
C:\Users\HishamMo\Desktop\999_cs\Quantum_Inpired_PSO_Classifcation\train\smoke\smoke3356.jpg,smoke
C:\Users\HishamMo\Desktop\999_cs\Quantum_Inpired_PSO_Classifcation\train\smoke\smoke3357.jpg,smoke
C:\Users\HishamMo\Desktop\999_cs\Quantum_Inpired_PSO_Classifcation\train\smoke\smoke3358.jpg,smoke
C:\Users\HishamMo\Desktop\999_cs\Quantum_Inpired_PSO_Classifcation\train\smoke\smoke3359.jpg,smoke
C:\Users\HishamMo\Desktop\999_cs\Quantum_Inpired_PSO_Classifcation\train\smoke\smoke3360.jpg,smoke
C:\Users\HishamMo\Desktop\999_cs\Quantum_Inpired_PSO_Classifcation\train\smoke\smoke3361.jpg,smoke
C:\Users\HishamMo\Desktop\999_cs\Quantum_Inpired_PSO_Classifcation\train\smoke\smoke3362.jpg,smoke
C:\Users\HishamMo\Desktop\999_cs\Quantum_Inpired_PSO_Classifcation\train\smoke\smoke3363.jpg,smoke
C:\Users\HishamMo\Desktop\999_cs\Quantum_Inpired_PSO_Classifcation\train\smoke\smoke3365.jpg,smoke
C:\Users\HishamMo\Desktop\999_cs\Quantum_Inpired_PSO_Classifcation\train\smoke\smoke3367.jpg,smoke
C:\Users\HishamMo\Desktop\999_cs\Quantum_Inpired_PSO_Classifcation\train\smoke\smoke3368.jpg,smoke
C:\Users\HishamMo\Desktop\999_cs\Quantum_Inpired_PSO_Classifcation\train\smoke\smoke3369.jpg,smoke
C:\Users\HishamMo\Desktop\999_cs\Quantum_Inpired_PSO_Classifcation\train\smoke\smoke3370.jpg,smoke
C:\Users\HishamMo\Desktop\999_cs\Quantum_Inpired_PSO_Classifcation\train\smoke\smoke3371.jpg,smoke
C:\Users\HishamMo\Desktop\999_cs\Quantum_Inpired_PSO_Classifcation\train\smoke\smoke3372.jpg,smoke
C:\Users\HishamMo\Desktop\999_cs\Quantum_Inpired_PSO_Classifcation\train\smoke\smoke3374.jpg,smoke
C:\Users\HishamMo\Desktop\999_cs\Quantum_Inpired_PSO_Classifcation\train\smoke\smoke3375.jpg,smoke
C:\Users\HishamMo\Desktop\999_cs\Quantum_Inpired_PSO_Classifcation\train\smoke\smoke3377.jpg,smoke
C:\Users\HishamMo\Desktop\999_cs\Quantum_Inpired_PSO_Classifcation\train\smoke\smoke3378.jpg,smoke
C:\Users\HishamMo\Desktop\999_cs\Quantum_Inpired_PSO_Classifcation\train\smoke\smoke3379.jpg,smoke
C:\Users\HishamMo\Desktop\999_cs\Quantum_Inpired_PSO_Classifcation\train\smoke\smoke3381.jpg,smoke
C:\Users\HishamMo\Desktop\999_cs\Quantum_Inpired_PSO_Classifcation\train\smoke\smoke3382.jpg,smoke
C:\Users\HishamMo\Desktop\999_cs\Quantum_Inpired_PSO_Classifcation\train\smoke\smoke3383.jpg,smoke
C:\Users\HishamMo\Desktop\999_cs\Quantum_Inpired_PSO_Classifcation\train\smoke\smoke3384.jpg,smoke
C:\Users\HishamMo\Desktop\999_cs\Quantum_Inpired_PSO_Classifcation\train\smoke\smoke3385.jpg,smoke
C:\Users\HishamMo\Desktop\999_cs\Quantum_Inpired_PSO_Classifcation\train\smoke\smoke3386.jpg,smoke
C:\Users\HishamMo\Desktop\999_cs\Quantum_Inpired_PSO_Classifcation\train\smoke\smoke3387.jpg,smoke
C:\Users\HishamMo\Desktop\999_cs\Quantum_Inpired_PSO_Classifcation\train\smoke\smoke3388.jpg,smoke
C:\Users\HishamMo\Desktop\999_cs\Quantum_Inpired_PSO_Classifcation\train\smoke\smoke3389.jpg,smoke
C:\Users\HishamMo\Desktop\999_cs\Quantum_Inpired_PSO_Classifcation\train\smoke\smoke3390.jpg,smoke
C:\Users\HishamMo\Desktop\999_cs\Quantum_Inpired_PSO_Classifcation\train\smoke\smoke3391.jpg,smoke
C:\Users\HishamMo\Desktop\999_cs\Quantum_Inpired_PSO_Classifcation\train\smoke\smoke3394.jpg,smoke
C:\Users\HishamMo\Desktop\999_cs\Quantum_Inpired_PSO_Classifcation\train\smoke\smoke3395.jpg,smoke
C:\Users\HishamMo\Desktop\999_cs\Quantum_Inpired_PSO_Classifcation\train\smoke\smoke3396.jpg,smoke
C:\Users\HishamMo\Desktop\999_cs\Quantum_Inpired_PSO_Classifcation\train\smoke\smoke3398.jpg,smoke
C:\Users\HishamMo\Desktop\999_cs\Quantum_Inpired_PSO_Classifcation\train\smoke\smoke3399.jpg,smoke
C:\Users\HishamMo\Desktop\999_cs\Quantum_Inpired_PSO_Classifcation\train\smoke\smoke3400.jpg,smoke
C:\Users\HishamMo\Desktop\999_cs\Quantum_Inpired_PSO_Classifcation\train\smoke\smoke3401.jpg,smoke
C:\Users\HishamMo\Desktop\999_cs\Quantum_Inpired_PSO_Classifcation\train\smoke\smoke3403.jpg,smoke
C:\Users\HishamMo\Desktop\999_cs\Quantum_Inpired_PSO_Classifcation\train\smoke\smoke3404.jpg,smoke
C:\Users\HishamMo\Desktop\999_cs\Quantum_Inpired_PSO_Classifcation\train\smoke\smoke3405.jpg,smoke
C:\Users\HishamMo\Desktop\999_cs\Quantum_Inpired_PSO_Classifcation\train\smoke\smoke3406.jpg,smoke
C:\Users\HishamMo\Desktop\999_cs\Quantum_Inpired_PSO_Classifcation\train\smoke\smoke3407.jpg,smoke
C:\Users\HishamMo\Desktop\999_cs\Quantum_Inpired_PSO_Classifcation\train\smoke\smoke3410.jpg,smoke
C:\Users\HishamMo\Desktop\999_cs\Quantum_Inpired_PSO_Classifcation\train\smoke\smoke3413.jpg,smoke
C:\Users\HishamMo\Desktop\999_cs\Quantum_Inpired_PSO_Classifcation\train\smoke\smoke3415.jpg,smoke
C:\Users\HishamMo\Desktop\999_cs\Quantum_Inpired_PSO_Classifcation\train\smoke\smoke3416.jpg,smoke
C:\Users\HishamMo\Desktop\999_cs\Quantum_Inpired_PSO_Classifcation\train\smoke\smoke3418.jpg,smoke
C:\Users\HishamMo\Desktop\999_cs\Quantum_Inpired_PSO_Classifcation\train\smoke\smoke3419.jpg,smoke
C:\Users\HishamMo\Desktop\999_cs\Quantum_Inpired_PSO_Classifcation\train\smoke\smoke3420.jpg,smoke
C:\Users\HishamMo\Desktop\999_cs\Quantum_Inpired_PSO_Classifcation\train\smoke\smoke3421.jpg,smoke
C:\Users\HishamMo\Desktop\999_cs\Quantum_Inpired_PSO_Classifcation\train\smoke\smoke3422.jpg,smoke
C:\Users\HishamMo\Desktop\999_cs\Quantum_Inpired_PSO_Classifcation\train\smoke\smoke3423.jpg,smoke
C:\Users\HishamMo\Desktop\999_cs\Quantum_Inpired_PSO_Classifcation\train\smoke\smoke3424.jpg,smoke
C:\Users\HishamMo\Desktop\999_cs\Quantum_Inpired_PSO_Classifcation\train\smoke\smoke3425.jpg,smoke
C:\Users\HishamMo\Desktop\999_cs\Quantum_Inpired_PSO_Classifcation\train\smoke\smoke3426.jpg,smoke
C:\Users\HishamMo\Desktop\999_cs\Quantum_Inpired_PSO_Classifcation\train\smoke\smoke3427.jpg,smoke
C:\Users\HishamMo\Desktop\999_cs\Quantum_Inpired_PSO_Classifcation\train\smoke\smoke3428.jpg,smoke
C:\Users\HishamMo\Desktop\999_cs\Quantum_Inpired_PSO_Classifcation\train\smoke\smoke3429.jpg,smoke
C:\Users\HishamMo\Desktop\999_cs\Quantum_Inpired_PSO_Classifcation\train\smoke\smoke3431.jpg,smoke
C:\Users\HishamMo\Desktop\999_cs\Quantum_Inpired_PSO_Classifcation\train\smoke\smoke3434.jpg,smoke
C:\Users\HishamMo\Desktop\999_cs\Quantum_Inpired_PSO_Classifcation\train\smoke\smoke3435.jpg,smoke
C:\Users\HishamMo\Desktop\999_cs\Quantum_Inpired_PSO_Classifcation\train\smoke\smoke3437.jpg,smoke
C:\Users\HishamMo\Desktop\999_cs\Quantum_Inpired_PSO_Classifcation\train\smoke\smoke3438.jpg,smoke
C:\Users\HishamMo\Desktop\999_cs\Quantum_Inpired_PSO_Classifcation\train\smoke\smoke3439.jpg,smoke
C:\Users\HishamMo\Desktop\999_cs\Quantum_Inpired_PSO_Classifcation\train\smoke\smoke3440.jpg,smoke
C:\Users\HishamMo\Desktop\999_cs\Quantum_Inpired_PSO_Classifcation\train\smoke\smoke3441.jpg,smoke
C:\Users\HishamMo\Desktop\999_cs\Quantum_Inpired_PSO_Classifcation\train\smoke\smoke3442.jpg,smoke
C:\Users\HishamMo\Desktop\999_cs\Quantum_Inpired_PSO_Classifcation\train\smoke\smoke3444.jpg,smoke
C:\Users\HishamMo\Desktop\999_cs\Quantum_Inpired_PSO_Classifcation\train\smoke\smoke3445.jpg,smoke
C:\Users\HishamMo\Desktop\999_cs\Quantum_Inpired_PSO_Classifcation\train\smoke\smoke3448.jpg,smoke
C:\Users\HishamMo\Desktop\999_cs\Quantum_Inpired_PSO_Classifcation\train\smoke\smoke3449.jpg,smoke
C:\Users\HishamMo\Desktop\999_cs\Quantum_Inpired_PSO_Classifcation\train\smoke\smoke3450.jpg,smoke
C:\Users\HishamMo\Desktop\999_cs\Quantum_Inpired_PSO_Classifcation\train\smoke\smoke3452.jpg,smoke
C:\Users\HishamMo\Desktop\999_cs\Quantum_Inpired_PSO_Classifcation\train\smoke\smoke3453.jpg,smoke
C:\Users\HishamMo\Desktop\999_cs\Quantum_Inpired_PSO_Classifcation\train\smoke\smoke3454.jpg,smoke
C:\Users\HishamMo\Desktop\999_cs\Quantum_Inpired_PSO_Classifcation\train\smoke\smoke3455.jpg,smoke
C:\Users\HishamMo\Desktop\999_cs\Quantum_Inpired_PSO_Classifcation\train\smoke\smoke3456.jpg,smoke
C:\Users\HishamMo\Desktop\999_cs\Quantum_Inpired_PSO_Classifcation\train\smoke\smoke3459.jpg,smoke
C:\Users\HishamMo\Desktop\999_cs\Quantum_Inpired_PSO_Classifcation\train\smoke\smoke3460.jpg,smoke
C:\Users\HishamMo\Desktop\999_cs\Quantum_Inpired_PSO_Classifcation\train\smoke\smoke3461.jpg,smoke
C:\Users\HishamMo\Desktop\999_cs\Quantum_Inpired_PSO_Classifcation\train\smoke\smoke3463.jpg,smoke
C:\Users\HishamMo\Desktop\999_cs\Quantum_Inpired_PSO_Classifcation\train\smoke\smoke3464.jpg,smoke
C:\Users\HishamMo\Desktop\999_cs\Quantum_Inpired_PSO_Classifcation\train\smoke\smoke3465.jpg,smoke
C:\Users\HishamMo\Desktop\999_cs\Quantum_Inpired_PSO_Classifcation\train\smoke\smoke3466.jpg,smoke
C:\Users\HishamMo\Desktop\999_cs\Quantum_Inpired_PSO_Classifcation\train\smoke\smoke3467.jpg,smoke
C:\Users\HishamMo\Desktop\999_cs\Quantum_Inpired_PSO_Classifcation\train\smoke\smoke3468.jpg,smoke
C:\Users\HishamMo\Desktop\999_cs\Quantum_Inpired_PSO_Classifcation\train\smoke\smoke3469.jpg,smoke
C:\Users\HishamMo\Desktop\999_cs\Quantum_Inpired_PSO_Classifcation\train\smoke\smoke3470.jpg,smoke
C:\Users\HishamMo\Desktop\999_cs\Quantum_Inpired_PSO_Classifcation\train\smoke\smoke3471.jpg,smoke
C:\Users\HishamMo\Desktop\999_cs\Quantum_Inpired_PSO_Classifcation\train\smoke\smoke3472.jpg,smoke
C:\Users\HishamMo\Desktop\999_cs\Quantum_Inpired_PSO_Classifcation\train\smoke\smoke3473.jpg,smoke
C:\Users\HishamMo\Desktop\999_cs\Quantum_Inpired_PSO_Classifcation\train\smoke\smoke3474.jpg,smoke
C:\Users\HishamMo\Desktop\999_cs\Quantum_Inpired_PSO_Classifcation\train\smoke\smoke3475.jpg,smoke
C:\Users\HishamMo\Desktop\999_cs\Quantum_Inpired_PSO_Classifcation\train\smoke\smoke3477.jpg,smoke
C:\Users\HishamMo\Desktop\999_cs\Quantum_Inpired_PSO_Classifcation\train\smoke\smoke3478.jpg,smoke
C:\Users\HishamMo\Desktop\999_cs\Quantum_Inpired_PSO_Classifcation\train\smoke\smoke3479.jpg,smoke
C:\Users\HishamMo\Desktop\999_cs\Quantum_Inpired_PSO_Classifcation\train\smoke\smoke3480.jpg,smoke
C:\Users\HishamMo\Desktop\999_cs\Quantum_Inpired_PSO_Classifcation\train\smoke\smoke3482.jpg,smoke
C:\Users\HishamMo\Desktop\999_cs\Quantum_Inpired_PSO_Classifcation\train\smoke\smoke3483.jpg,smoke
C:\Users\HishamMo\Desktop\999_cs\Quantum_Inpired_PSO_Classifcation\train\smoke\smoke3484.jpg,smoke
C:\Users\HishamMo\Desktop\999_cs\Quantum_Inpired_PSO_Classifcation\train\smoke\smoke3485.jpg,smoke
C:\Users\HishamMo\Desktop\999_cs\Quantum_Inpired_PSO_Classifcation\train\smoke\smoke3486.jpg,smoke
C:\Users\HishamMo\Desktop\999_cs\Quantum_Inpired_PSO_Classifcation\train\smoke\smoke3487.jpg,smoke
C:\Users\HishamMo\Desktop\999_cs\Quantum_Inpired_PSO_Classifcation\train\smoke\smoke3488.jpg,smoke
C:\Users\HishamMo\Desktop\999_cs\Quantum_Inpired_PSO_Classifcation\train\smoke\smoke3489.jpg,smoke
C:\Users\HishamMo\Desktop\999_cs\Quantum_Inpired_PSO_Classifcation\train\smoke\smoke3490.jpg,smoke
C:\Users\HishamMo\Desktop\999_cs\Quantum_Inpired_PSO_Classifcation\train\smoke\smoke3491.jpg,smoke
C:\Users\HishamMo\Desktop\999_cs\Quantum_Inpired_PSO_Classifcation\train\smoke\smoke3492.jpg,smoke
C:\Users\HishamMo\Desktop\999_cs\Quantum_Inpired_PSO_Classifcation\train\smoke\smoke3493.jpg,smoke
C:\Users\HishamMo\Desktop\999_cs\Quantum_Inpired_PSO_Classifcation\train\smoke\smoke3494.jpg,smoke
C:\Users\HishamMo\Desktop\999_cs\Quantum_Inpired_PSO_Classifcation\train\smoke\smoke3495.jpg,smoke
C:\Users\HishamMo\Desktop\999_cs\Quantum_Inpired_PSO_Classifcation\train\smoke\smoke3498.jpg,smoke
C:\Users\HishamMo\Desktop\999_cs\Quantum_Inpired_PSO_Classifcation\train\smoke\smoke3499.jpg,smoke
C:\Users\HishamMo\Desktop\999_cs\Quantum_Inpired_PSO_Classifcation\train\smoke\smoke3500.jpg,smoke
C:\Users\HishamMo\Desktop\999_cs\Quantum_Inpired_PSO_Classifcation\train\smoke\smoke3502.jpg,smoke
C:\Users\HishamMo\Desktop\999_cs\Quantum_Inpired_PSO_Classifcation\train\smoke\smoke3503.jpg,smoke
C:\Users\HishamMo\Desktop\999_cs\Quantum_Inpired_PSO_Classifcation\train\smoke\smoke3504.jpg,smoke
C:\Users\HishamMo\Desktop\999_cs\Quantum_Inpired_PSO_Classifcation\train\smoke\smoke3505.jpg,smoke
C:\Users\HishamMo\Desktop\999_cs\Quantum_Inpired_PSO_Classifcation\train\smoke\smoke3506.jpg,smoke
C:\Users\HishamMo\Desktop\999_cs\Quantum_Inpired_PSO_Classifcation\train\smoke\smoke3508.jpg,smoke
C:\Users\HishamMo\Desktop\999_cs\Quantum_Inpired_PSO_Classifcation\train\smoke\smoke3509.jpg,smoke
C:\Users\HishamMo\Desktop\999_cs\Quantum_Inpired_PSO_Classifcation\train\smoke\smoke3512.jpg,smoke
C:\Users\HishamMo\Desktop\999_cs\Quantum_Inpired_PSO_Classifcation\train\smoke\smoke3513.jpg,smoke
C:\Users\HishamMo\Desktop\999_cs\Quantum_Inpired_PSO_Classifcation\train\smoke\smoke3515.jpg,smoke
C:\Users\HishamMo\Desktop\999_cs\Quantum_Inpired_PSO_Classifcation\train\smoke\smoke3516.jpg,smoke
C:\Users\HishamMo\Desktop\999_cs\Quantum_Inpired_PSO_Classifcation\train\smoke\smoke3518.jpg,smoke
C:\Users\HishamMo\Desktop\999_cs\Quantum_Inpired_PSO_Classifcation\train\smoke\smoke3519.jpg,smoke
C:\Users\HishamMo\Desktop\999_cs\Quantum_Inpired_PSO_Classifcation\train\smoke\smoke3520.jpg,smoke
C:\Users\HishamMo\Desktop\999_cs\Quantum_Inpired_PSO_Classifcation\train\smoke\smoke3521.jpg,smoke
C:\Users\HishamMo\Desktop\999_cs\Quantum_Inpired_PSO_Classifcation\train\smoke\smoke3522.jpg,smoke
C:\Users\HishamMo\Desktop\999_cs\Quantum_Inpired_PSO_Classifcation\train\smoke\smoke3523.jpg,smoke
C:\Users\HishamMo\Desktop\999_cs\Quantum_Inpired_PSO_Classifcation\train\smoke\smoke3525.jpg,smoke
C:\Users\HishamMo\Desktop\999_cs\Quantum_Inpired_PSO_Classifcation\train\smoke\smoke3526.jpg,smoke
C:\Users\HishamMo\Desktop\999_cs\Quantum_Inpired_PSO_Classifcation\train\smoke\smoke3528.jpg,smoke
C:\Users\HishamMo\Desktop\999_cs\Quantum_Inpired_PSO_Classifcation\train\smoke\smoke3529.jpg,smoke
C:\Users\HishamMo\Desktop\999_cs\Quantum_Inpired_PSO_Classifcation\train\smoke\smoke3530.jpg,smoke
C:\Users\HishamMo\Desktop\999_cs\Quantum_Inpired_PSO_Classifcation\train\smoke\smoke3531.jpg,smoke
C:\Users\HishamMo\Desktop\999_cs\Quantum_Inpired_PSO_Classifcation\train\smoke\smoke3532.jpg,smoke
C:\Users\HishamMo\Desktop\999_cs\Quantum_Inpired_PSO_Classifcation\train\smoke\smoke3534.jpg,smoke
C:\Users\HishamMo\Desktop\999_cs\Quantum_Inpired_PSO_Classifcation\train\smoke\smoke3535.jpg,smoke
C:\Users\HishamMo\Desktop\999_cs\Quantum_Inpired_PSO_Classifcation\train\smoke\smoke3536.jpg,smoke
C:\Users\HishamMo\Desktop\999_cs\Quantum_Inpired_PSO_Classifcation\train\smoke\smoke3537.jpg,smoke
C:\Users\HishamMo\Desktop\999_cs\Quantum_Inpired_PSO_Classifcation\train\smoke\smoke3538.jpg,smoke
C:\Users\HishamMo\Desktop\999_cs\Quantum_Inpired_PSO_Classifcation\train\smoke\smoke3539.jpg,smoke
C:\Users\HishamMo\Desktop\999_cs\Quantum_Inpired_PSO_Classifcation\train\smoke\smoke3541.jpg,smoke
C:\Users\HishamMo\Desktop\999_cs\Quantum_Inpired_PSO_Classifcation\train\smoke\smoke3542.jpg,smoke
C:\Users\HishamMo\Desktop\999_cs\Quantum_Inpired_PSO_Classifcation\train\smoke\smoke3543.jpg,smoke
C:\Users\HishamMo\Desktop\999_cs\Quantum_Inpired_PSO_Classifcation\train\smoke\smoke3546.jpg,smoke
C:\Users\HishamMo\Desktop\999_cs\Quantum_Inpired_PSO_Classifcation\train\smoke\smoke3547.jpg,smoke
C:\Users\HishamMo\Desktop\999_cs\Quantum_Inpired_PSO_Classifcation\train\smoke\smoke3549.jpg,smoke
C:\Users\HishamMo\Desktop\999_cs\Quantum_Inpired_PSO_Classifcation\train\smoke\smoke3550.jpg,smoke
C:\Users\HishamMo\Desktop\999_cs\Quantum_Inpired_PSO_Classifcation\train\smoke\smoke3551.jpg,smoke
C:\Users\HishamMo\Desktop\999_cs\Quantum_Inpired_PSO_Classifcation\train\smoke\smoke3553.jpg,smoke
C:\Users\HishamMo\Desktop\999_cs\Quantum_Inpired_PSO_Classifcation\train\smoke\smoke3554.jpg,smoke
C:\Users\HishamMo\Desktop\999_cs\Quantum_Inpired_PSO_Classifcation\train\smoke\smoke3556.jpg,smoke
C:\Users\HishamMo\Desktop\999_cs\Quantum_Inpired_PSO_Classifcation\train\smoke\smoke3559.jpg,smoke
C:\Users\HishamMo\Desktop\999_cs\Quantum_Inpired_PSO_Classifcation\train\smoke\smoke3561.jpg,smoke
C:\Users\HishamMo\Desktop\999_cs\Quantum_Inpired_PSO_Classifcation\train\smoke\smoke3562.jpg,smoke
C:\Users\HishamMo\Desktop\999_cs\Quantum_Inpired_PSO_Classifcation\train\smoke\smoke3563.jpg,smoke
C:\Users\HishamMo\Desktop\999_cs\Quantum_Inpired_PSO_Classifcation\train\smoke\smoke3564.jpg,smoke
C:\Users\HishamMo\Desktop\999_cs\Quantum_Inpired_PSO_Classifcation\train\smoke\smoke3565.jpg,smoke
C:\Users\HishamMo\Desktop\999_cs\Quantum_Inpired_PSO_Classifcation\train\smoke\smoke3566.jpg,smoke
C:\Users\HishamMo\Desktop\999_cs\Quantum_Inpired_PSO_Classifcation\train\smoke\smoke3567.jpg,smoke
C:\Users\HishamMo\Desktop\999_cs\Quantum_Inpired_PSO_Classifcation\train\smoke\smoke3570.jpg,smoke
C:\Users\HishamMo\Desktop\999_cs\Quantum_Inpired_PSO_Classifcation\train\smoke\smoke3572.jpg,smoke
C:\Users\HishamMo\Desktop\999_cs\Quantum_Inpired_PSO_Classifcation\train\smoke\smoke3574.jpg,smoke
C:\Users\HishamMo\Desktop\999_cs\Quantum_Inpired_PSO_Classifcation\train\smoke\smoke3575.jpg,smoke
C:\Users\HishamMo\Desktop\999_cs\Quantum_Inpired_PSO_Classifcation\train\smoke\smoke3576.jpg,smoke
C:\Users\HishamMo\Desktop\999_cs\Quantum_Inpired_PSO_Classifcation\train\smoke\smoke3577.jpg,smoke
C:\Users\HishamMo\Desktop\999_cs\Quantum_Inpired_PSO_Classifcation\train\smoke\smoke3578.jpg,smoke
C:\Users\HishamMo\Desktop\999_cs\Quantum_Inpired_PSO_Classifcation\train\smoke\smoke3579.jpg,smoke
C:\Users\HishamMo\Desktop\999_cs\Quantum_Inpired_PSO_Classifcation\train\smoke\smoke3580.jpg,smoke
C:\Users\HishamMo\Desktop\999_cs\Quantum_Inpired_PSO_Classifcation\train\smoke\smoke3581.jpg,smoke
C:\Users\HishamMo\Desktop\999_cs\Quantum_Inpired_PSO_Classifcation\train\smoke\smoke3582.jpg,smoke
C:\Users\HishamMo\Desktop\999_cs\Quantum_Inpired_PSO_Classifcation\train\smoke\smoke3583.jpg,smoke
C:\Users\HishamMo\Desktop\999_cs\Quantum_Inpired_PSO_Classifcation\train\smoke\smoke3584.jpg,smoke
C:\Users\HishamMo\Desktop\999_cs\Quantum_Inpired_PSO_Classifcation\train\smoke\smoke3585.jpg,smoke
C:\Users\HishamMo\Desktop\999_cs\Quantum_Inpired_PSO_Classifcation\train\smoke\smoke3586.jpg,smoke
C:\Users\HishamMo\Desktop\999_cs\Quantum_Inpired_PSO_Classifcation\train\smoke\smoke3587.jpg,smoke
C:\Users\HishamMo\Desktop\999_cs\Quantum_Inpired_PSO_Classifcation\train\smoke\smoke3588.jpg,smoke
C:\Users\HishamMo\Desktop\999_cs\Quantum_Inpired_PSO_Classifcation\train\smoke\smoke3589.jpg,smoke
C:\Users\HishamMo\Desktop\999_cs\Quantum_Inpired_PSO_Classifcation\train\smoke\smoke3590.jpg,smoke
C:\Users\HishamMo\Desktop\999_cs\Quantum_Inpired_PSO_Classifcation\train\smoke\smoke3591.jpg,smoke
C:\Users\HishamMo\Desktop\999_cs\Quantum_Inpired_PSO_Classifcation\train\smoke\smoke3592.jpg,smoke
C:\Users\HishamMo\Desktop\999_cs\Quantum_Inpired_PSO_Classifcation\train\smoke\smoke3593.jpg,smoke
C:\Users\HishamMo\Desktop\999_cs\Quantum_Inpired_PSO_Classifcation\train\smoke\smoke3595.jpg,smoke
C:\Users\HishamMo\Desktop\999_cs\Quantum_Inpired_PSO_Classifcation\train\smoke\smoke3596.jpg,smoke
C:\Users\HishamMo\Desktop\999_cs\Quantum_Inpired_PSO_Classifcation\train\smoke\smoke3597.jpg,smoke
C:\Users\HishamMo\Desktop\999_cs\Quantum_Inpired_PSO_Classifcation\train\smoke\smoke3599.jpg,smoke
C:\Users\HishamMo\Desktop\999_cs\Quantum_Inpired_PSO_Classifcation\train\smoke\smoke3601.jpg,smoke
C:\Users\HishamMo\Desktop\999_cs\Quantum_Inpired_PSO_Classifcation\train\smoke\smoke3602.jpg,smoke
C:\Users\HishamMo\Desktop\999_cs\Quantum_Inpired_PSO_Classifcation\train\smoke\smoke3603.jpg,smoke
C:\Users\HishamMo\Desktop\999_cs\Quantum_Inpired_PSO_Classifcation\train\smoke\smoke3604.jpg,smoke
C:\Users\HishamMo\Desktop\999_cs\Quantum_Inpired_PSO_Classifcation\train\smoke\smoke3605.jpg,smoke
C:\Users\HishamMo\Desktop\999_cs\Quantum_Inpired_PSO_Classifcation\train\smoke\smoke3606.jpg,smoke
C:\Users\HishamMo\Desktop\999_cs\Quantum_Inpired_PSO_Classifcation\train\smoke\smoke3607.jpg,smoke
C:\Users\HishamMo\Desktop\999_cs\Quantum_Inpired_PSO_Classifcation\train\smoke\smoke3608.jpg,smoke
C:\Users\HishamMo\Desktop\999_cs\Quantum_Inpired_PSO_Classifcation\train\smoke\smoke3609.jpg,smoke
C:\Users\HishamMo\Desktop\999_cs\Quantum_Inpired_PSO_Classifcation\train\smoke\smoke3610.jpg,smoke
C:\Users\HishamMo\Desktop\999_cs\Quantum_Inpired_PSO_Classifcation\train\smoke\smoke3611.jpg,smoke
C:\Users\HishamMo\Desktop\999_cs\Quantum_Inpired_PSO_Classifcation\train\smoke\smoke3613.jpg,smoke
C:\Users\HishamMo\Desktop\999_cs\Quantum_Inpired_PSO_Classifcation\train\smoke\smoke3614.jpg,smoke
C:\Users\HishamMo\Desktop\999_cs\Quantum_Inpired_PSO_Classifcation\train\smoke\smoke3615.jpg,smoke
C:\Users\HishamMo\Desktop\999_cs\Quantum_Inpired_PSO_Classifcation\train\smoke\smoke3616.jpg,smoke
C:\Users\HishamMo\Desktop\999_cs\Quantum_Inpired_PSO_Classifcation\train\smoke\smoke3617.jpg,smoke
C:\Users\HishamMo\Desktop\999_cs\Quantum_Inpired_PSO_Classifcation\train\smoke\smoke3618.jpg,smoke
C:\Users\HishamMo\Desktop\999_cs\Quantum_Inpired_PSO_Classifcation\train\smoke\smoke3619.jpg,smoke
C:\Users\HishamMo\Desktop\999_cs\Quantum_Inpired_PSO_Classifcation\train\smoke\smoke3620.jpg,smoke
C:\Users\HishamMo\Desktop\999_cs\Quantum_Inpired_PSO_Classifcation\train\smoke\smoke3621.jpg,smoke
C:\Users\HishamMo\Desktop\999_cs\Quantum_Inpired_PSO_Classifcation\train\smoke\smoke3622.jpg,smoke
C:\Users\HishamMo\Desktop\999_cs\Quantum_Inpired_PSO_Classifcation\train\smoke\smoke3623.jpg,smoke
C:\Users\HishamMo\Desktop\999_cs\Quantum_Inpired_PSO_Classifcation\train\smoke\smoke3624.jpg,smoke
C:\Users\HishamMo\Desktop\999_cs\Quantum_Inpired_PSO_Classifcation\train\smoke\smoke3625.jpg,smoke
C:\Users\HishamMo\Desktop\999_cs\Quantum_Inpired_PSO_Classifcation\train\smoke\smoke3627.jpg,smoke
C:\Users\HishamMo\Desktop\999_cs\Quantum_Inpired_PSO_Classifcation\train\smoke\smoke3628.jpg,smoke
C:\Users\HishamMo\Desktop\999_cs\Quantum_Inpired_PSO_Classifcation\train\smoke\smoke3629.jpg,smoke
C:\Users\HishamMo\Desktop\999_cs\Quantum_Inpired_PSO_Classifcation\train\smoke\smoke3630.jpg,smoke
C:\Users\HishamMo\Desktop\999_cs\Quantum_Inpired_PSO_Classifcation\train\smoke\smoke3631.jpg,smoke
C:\Users\HishamMo\Desktop\999_cs\Quantum_Inpired_PSO_Classifcation\train\smoke\smoke3633.jpg,smoke
C:\Users\HishamMo\Desktop\999_cs\Quantum_Inpired_PSO_Classifcation\train\smoke\smoke3634.jpg,smoke
C:\Users\HishamMo\Desktop\999_cs\Quantum_Inpired_PSO_Classifcation\train\smoke\smoke3635.jpg,smoke
C:\Users\HishamMo\Desktop\999_cs\Quantum_Inpired_PSO_Classifcation\train\smoke\smoke3636.jpg,smoke
C:\Users\HishamMo\Desktop\999_cs\Quantum_Inpired_PSO_Classifcation\train\smoke\smoke3637.jpg,smoke
C:\Users\HishamMo\Desktop\999_cs\Quantum_Inpired_PSO_Classifcation\train\smoke\smoke3638.jpg,smoke
C:\Users\HishamMo\Desktop\999_cs\Quantum_Inpired_PSO_Classifcation\train\smoke\smoke3639.jpg,smoke
C:\Users\HishamMo\Desktop\999_cs\Quantum_Inpired_PSO_Classifcation\train\smoke\smoke3640.jpg,smoke
C:\Users\HishamMo\Desktop\999_cs\Quantum_Inpired_PSO_Classifcation\train\smoke\smoke3642.jpg,smoke
C:\Users\HishamMo\Desktop\999_cs\Quantum_Inpired_PSO_Classifcation\train\smoke\smoke3644.jpg,smoke
C:\Users\HishamMo\Desktop\999_cs\Quantum_Inpired_PSO_Classifcation\train\smoke\smoke3646.jpg,smoke
C:\Users\HishamMo\Desktop\999_cs\Quantum_Inpired_PSO_Classifcation\train\smoke\smoke3647.jpg,smoke
C:\Users\HishamMo\Desktop\999_cs\Quantum_Inpired_PSO_Classifcation\train\smoke\smoke3650.jpg,smoke
C:\Users\HishamMo\Desktop\999_cs\Quantum_Inpired_PSO_Classifcation\train\smoke\smoke3651.jpg,smoke
C:\Users\HishamMo\Desktop\999_cs\Quantum_Inpired_PSO_Classifcation\train\smoke\smoke3652.jpg,smoke
C:\Users\HishamMo\Desktop\999_cs\Quantum_Inpired_PSO_Classifcation\train\smoke\smoke3653.jpg,smoke
C:\Users\HishamMo\Desktop\999_cs\Quantum_Inpired_PSO_Classifcation\train\smoke\smoke3654.jpg,smoke
C:\Users\HishamMo\Desktop\999_cs\Quantum_Inpired_PSO_Classifcation\train\smoke\smoke3655.jpg,smoke
C:\Users\HishamMo\Desktop\999_cs\Quantum_Inpired_PSO_Classifcation\train\smoke\smoke3656.jpg,smoke
C:\Users\HishamMo\Desktop\999_cs\Quantum_Inpired_PSO_Classifcation\train\smoke\smoke3657.jpg,smoke
C:\Users\HishamMo\Desktop\999_cs\Quantum_Inpired_PSO_Classifcation\train\smoke\smoke3658.jpg,smoke
C:\Users\HishamMo\Desktop\999_cs\Quantum_Inpired_PSO_Classifcation\train\smoke\smoke3659.jpg,smoke
C:\Users\HishamMo\Desktop\999_cs\Quantum_Inpired_PSO_Classifcation\train\smoke\smoke3660.jpg,smoke
C:\Users\HishamMo\Desktop\999_cs\Quantum_Inpired_PSO_Classifcation\train\smoke\smoke3661.jpg,smoke
C:\Users\HishamMo\Desktop\999_cs\Quantum_Inpired_PSO_Classifcation\train\smoke\smoke3662.jpg,smoke
C:\Users\HishamMo\Desktop\999_cs\Quantum_Inpired_PSO_Classifcation\train\smoke\smoke3663.jpg,smoke
C:\Users\HishamMo\Desktop\999_cs\Quantum_Inpired_PSO_Classifcation\train\smoke\smoke3664.jpg,smoke
C:\Users\HishamMo\Desktop\999_cs\Quantum_Inpired_PSO_Classifcation\train\smoke\smoke3665.jpg,smoke
C:\Users\HishamMo\Desktop\999_cs\Quantum_Inpired_PSO_Classifcation\train\smoke\smoke3666.jpg,smoke
C:\Users\HishamMo\Desktop\999_cs\Quantum_Inpired_PSO_Classifcation\train\smoke\smoke3667.jpg,smoke
C:\Users\HishamMo\Desktop\999_cs\Quantum_Inpired_PSO_Classifcation\train\smoke\smoke3668.jpg,smoke
C:\Users\HishamMo\Desktop\999_cs\Quantum_Inpired_PSO_Classifcation\train\smoke\smoke3669.jpg,smoke
C:\Users\HishamMo\Desktop\999_cs\Quantum_Inpired_PSO_Classifcation\train\smoke\smoke3670.jpg,smoke
C:\Users\HishamMo\Desktop\999_cs\Quantum_Inpired_PSO_Classifcation\train\smoke\smoke3671.jpg,smoke
C:\Users\HishamMo\Desktop\999_cs\Quantum_Inpired_PSO_Classifcation\train\smoke\smoke3673.jpg,smoke
C:\Users\HishamMo\Desktop\999_cs\Quantum_Inpired_PSO_Classifcation\train\smoke\smoke3675.jpg,smoke
C:\Users\HishamMo\Desktop\999_cs\Quantum_Inpired_PSO_Classifcation\train\smoke\smoke3677.jpg,smoke
C:\Users\HishamMo\Desktop\999_cs\Quantum_Inpired_PSO_Classifcation\train\smoke\smoke3679.jpg,smoke
C:\Users\HishamMo\Desktop\999_cs\Quantum_Inpired_PSO_Classifcation\train\smoke\smoke3680.jpg,smoke
C:\Users\HishamMo\Desktop\999_cs\Quantum_Inpired_PSO_Classifcation\train\smoke\smoke3681.jpg,smoke
C:\Users\HishamMo\Desktop\999_cs\Quantum_Inpired_PSO_Classifcation\train\smoke\smoke3682.jpg,smoke
C:\Users\HishamMo\Desktop\999_cs\Quantum_Inpired_PSO_Classifcation\train\smoke\smoke3683.jpg,smoke
C:\Users\HishamMo\Desktop\999_cs\Quantum_Inpired_PSO_Classifcation\train\smoke\smoke3685.jpg,smoke
C:\Users\HishamMo\Desktop\999_cs\Quantum_Inpired_PSO_Classifcation\train\smoke\smoke3686.jpg,smoke
C:\Users\HishamMo\Desktop\999_cs\Quantum_Inpired_PSO_Classifcation\train\smoke\smoke3687.jpg,smoke
C:\Users\HishamMo\Desktop\999_cs\Quantum_Inpired_PSO_Classifcation\train\smoke\smoke3688.jpg,smoke
C:\Users\HishamMo\Desktop\999_cs\Quantum_Inpired_PSO_Classifcation\train\smoke\smoke3689.jpg,smoke
C:\Users\HishamMo\Desktop\999_cs\Quantum_Inpired_PSO_Classifcation\train\smoke\smoke3690.jpg,smoke
C:\Users\HishamMo\Desktop\999_cs\Quantum_Inpired_PSO_Classifcation\train\smoke\smoke3691.jpg,smoke
C:\Users\HishamMo\Desktop\999_cs\Quantum_Inpired_PSO_Classifcation\train\smoke\smoke3692.jpg,smoke
C:\Users\HishamMo\Desktop\999_cs\Quantum_Inpired_PSO_Classifcation\train\smoke\smoke3693.jpg,smoke
C:\Users\HishamMo\Desktop\999_cs\Quantum_Inpired_PSO_Classifcation\train\smoke\smoke3694.jpg,smoke
C:\Users\HishamMo\Desktop\999_cs\Quantum_Inpired_PSO_Classifcation\train\smoke\smoke3696.jpg,smoke
C:\Users\HishamMo\Desktop\999_cs\Quantum_Inpired_PSO_Classifcation\train\smoke\smoke3697.jpg,smoke
C:\Users\HishamMo\Desktop\999_cs\Quantum_Inpired_PSO_Classifcation\train\smoke\smoke3698.jpg,smoke
C:\Users\HishamMo\Desktop\999_cs\Quantum_Inpired_PSO_Classifcation\train\smoke\smoke3699.jpg,smoke
C:\Users\HishamMo\Desktop\999_cs\Quantum_Inpired_PSO_Classifcation\train\smoke\smoke3700.jpg,smoke
C:\Users\HishamMo\Desktop\999_cs\Quantum_Inpired_PSO_Classifcation\train\smoke\smoke3701.jpg,smoke
C:\Users\HishamMo\Desktop\999_cs\Quantum_Inpired_PSO_Classifcation\train\smoke\smoke3702.jpg,smoke
C:\Users\HishamMo\Desktop\999_cs\Quantum_Inpired_PSO_Classifcation\train\smoke\smoke3703.jpg,smoke
C:\Users\HishamMo\Desktop\999_cs\Quantum_Inpired_PSO_Classifcation\train\smoke\smoke3704.jpg,smoke
C:\Users\HishamMo\Desktop\999_cs\Quantum_Inpired_PSO_Classifcation\train\smoke\smoke3705.jpg,smoke
C:\Users\HishamMo\Desktop\999_cs\Quantum_Inpired_PSO_Classifcation\train\smoke\smoke3706.jpg,smoke
C:\Users\HishamMo\Desktop\999_cs\Quantum_Inpired_PSO_Classifcation\train\smoke\smoke3707.jpg,smoke
C:\Users\HishamMo\Desktop\999_cs\Quantum_Inpired_PSO_Classifcation\train\smoke\smoke3708.jpg,smoke
C:\Users\HishamMo\Desktop\999_cs\Quantum_Inpired_PSO_Classifcation\train\smoke\smoke3709.jpg,smoke
C:\Users\HishamMo\Desktop\999_cs\Quantum_Inpired_PSO_Classifcation\train\smoke\smoke3710.jpg,smoke
C:\Users\HishamMo\Desktop\999_cs\Quantum_Inpired_PSO_Classifcation\train\smoke\smoke3711.jpg,smoke
C:\Users\HishamMo\Desktop\999_cs\Quantum_Inpired_PSO_Classifcation\train\smoke\smoke3713.jpg,smoke
C:\Users\HishamMo\Desktop\999_cs\Quantum_Inpired_PSO_Classifcation\train\smoke\smoke3714.jpg,smoke
C:\Users\HishamMo\Desktop\999_cs\Quantum_Inpired_PSO_Classifcation\train\smoke\smoke3715.jpg,smoke
C:\Users\HishamMo\Desktop\999_cs\Quantum_Inpired_PSO_Classifcation\train\smoke\smoke3716.jpg,smoke
C:\Users\HishamMo\Desktop\999_cs\Quantum_Inpired_PSO_Classifcation\train\smoke\smoke3717.jpg,smoke
C:\Users\HishamMo\Desktop\999_cs\Quantum_Inpired_PSO_Classifcation\train\smoke\smoke3718.jpg,smoke
C:\Users\HishamMo\Desktop\999_cs\Quantum_Inpired_PSO_Classifcation\train\smoke\smoke3720.jpg,smoke
C:\Users\HishamMo\Desktop\999_cs\Quantum_Inpired_PSO_Classifcation\train\smoke\smoke3722.jpg,smoke
C:\Users\HishamMo\Desktop\999_cs\Quantum_Inpired_PSO_Classifcation\train\smoke\smoke3723.jpg,smoke
C:\Users\HishamMo\Desktop\999_cs\Quantum_Inpired_PSO_Classifcation\train\smoke\smoke3724.jpg,smoke
C:\Users\HishamMo\Desktop\999_cs\Quantum_Inpired_PSO_Classifcation\train\smoke\smoke3726.jpg,smoke
C:\Users\HishamMo\Desktop\999_cs\Quantum_Inpired_PSO_Classifcation\train\smoke\smoke3728.jpg,smoke
C:\Users\HishamMo\Desktop\999_cs\Quantum_Inpired_PSO_Classifcation\train\smoke\smoke3730.jpg,smoke
C:\Users\HishamMo\Desktop\999_cs\Quantum_Inpired_PSO_Classifcation\train\smoke\smoke3732.jpg,smoke
C:\Users\HishamMo\Desktop\999_cs\Quantum_Inpired_PSO_Classifcation\train\smoke\smoke3733.jpg,smoke
C:\Users\HishamMo\Desktop\999_cs\Quantum_Inpired_PSO_Classifcation\train\smoke\smoke3734.jpg,smoke
C:\Users\HishamMo\Desktop\999_cs\Quantum_Inpired_PSO_Classifcation\train\smoke\smoke3735.jpg,smoke
C:\Users\HishamMo\Desktop\999_cs\Quantum_Inpired_PSO_Classifcation\train\smoke\smoke3736.jpg,smoke
C:\Users\HishamMo\Desktop\999_cs\Quantum_Inpired_PSO_Classifcation\train\smoke\smoke3737.jpg,smoke
C:\Users\HishamMo\Desktop\999_cs\Quantum_Inpired_PSO_Classifcation\train\smoke\smoke3739.jpg,smoke
C:\Users\HishamMo\Desktop\999_cs\Quantum_Inpired_PSO_Classifcation\train\smoke\smoke3740.jpg,smoke
C:\Users\HishamMo\Desktop\999_cs\Quantum_Inpired_PSO_Classifcation\train\smoke\smoke3742.jpg,smoke
C:\Users\HishamMo\Desktop\999_cs\Quantum_Inpired_PSO_Classifcation\train\smoke\smoke3743.jpg,smoke
C:\Users\HishamMo\Desktop\999_cs\Quantum_Inpired_PSO_Classifcation\train\smoke\smoke3744.jpg,smoke
C:\Users\HishamMo\Desktop\999_cs\Quantum_Inpired_PSO_Classifcation\train\smoke\smoke3745.jpg,smoke
C:\Users\HishamMo\Desktop\999_cs\Quantum_Inpired_PSO_Classifcation\train\smoke\smoke3746.jpg,smoke
C:\Users\HishamMo\Desktop\999_cs\Quantum_Inpired_PSO_Classifcation\train\smoke\smoke3747.jpg,smoke
C:\Users\HishamMo\Desktop\999_cs\Quantum_Inpired_PSO_Classifcation\train\smoke\smoke3749.jpg,smoke
C:\Users\HishamMo\Desktop\999_cs\Quantum_Inpired_PSO_Classifcation\train\smoke\smoke3750.jpg,smoke
C:\Users\HishamMo\Desktop\999_cs\Quantum_Inpired_PSO_Classifcation\train\smoke\smoke3751.jpg,smoke
C:\Users\HishamMo\Desktop\999_cs\Quantum_Inpired_PSO_Classifcation\train\smoke\smoke3752.jpg,smoke
C:\Users\HishamMo\Desktop\999_cs\Quantum_Inpired_PSO_Classifcation\train\smoke\smoke3753.jpg,smoke
C:\Users\HishamMo\Desktop\999_cs\Quantum_Inpired_PSO_Classifcation\train\smoke\smoke3754.jpg,smoke
C:\Users\HishamMo\Desktop\999_cs\Quantum_Inpired_PSO_Classifcation\train\smoke\smoke3755.jpg,smoke
C:\Users\HishamMo\Desktop\999_cs\Quantum_Inpired_PSO_Classifcation\train\smoke\smoke3756.jpg,smoke
C:\Users\HishamMo\Desktop\999_cs\Quantum_Inpired_PSO_Classifcation\train\smoke\smoke3757.jpg,smoke
C:\Users\HishamMo\Desktop\999_cs\Quantum_Inpired_PSO_Classifcation\train\smoke\smoke3758.jpg,smoke
C:\Users\HishamMo\Desktop\999_cs\Quantum_Inpired_PSO_Classifcation\train\smoke\smoke3759.jpg,smoke
C:\Users\HishamMo\Desktop\999_cs\Quantum_Inpired_PSO_Classifcation\train\smoke\smoke3760.jpg,smoke
C:\Users\HishamMo\Desktop\999_cs\Quantum_Inpired_PSO_Classifcation\train\smoke\smoke3761.jpg,smoke
C:\Users\HishamMo\Desktop\999_cs\Quantum_Inpired_PSO_Classifcation\train\smoke\smoke3762.jpg,smoke
C:\Users\HishamMo\Desktop\999_cs\Quantum_Inpired_PSO_Classifcation\train\smoke\smoke3763.jpg,smoke
C:\Users\HishamMo\Desktop\999_cs\Quantum_Inpired_PSO_Classifcation\train\smoke\smoke3764.jpg,smoke
C:\Users\HishamMo\Desktop\999_cs\Quantum_Inpired_PSO_Classifcation\train\smoke\smoke3765.jpg,smoke
C:\Users\HishamMo\Desktop\999_cs\Quantum_Inpired_PSO_Classifcation\train\smoke\smoke3766.jpg,smoke
C:\Users\HishamMo\Desktop\999_cs\Quantum_Inpired_PSO_Classifcation\train\smoke\smoke3767.jpg,smoke
C:\Users\HishamMo\Desktop\999_cs\Quantum_Inpired_PSO_Classifcation\train\smoke\smoke3768.jpg,smoke
C:\Users\HishamMo\Desktop\999_cs\Quantum_Inpired_PSO_Classifcation\train\smoke\smoke3770.jpg,smoke
C:\Users\HishamMo\Desktop\999_cs\Quantum_Inpired_PSO_Classifcation\train\smoke\smoke3771.jpg,smoke
C:\Users\HishamMo\Desktop\999_cs\Quantum_Inpired_PSO_Classifcation\train\smoke\smoke3772.jpg,smoke
C:\Users\HishamMo\Desktop\999_cs\Quantum_Inpired_PSO_Classifcation\train\smoke\smoke3773.jpg,smoke
C:\Users\HishamMo\Desktop\999_cs\Quantum_Inpired_PSO_Classifcation\train\smoke\smoke3775.jpg,smoke
C:\Users\HishamMo\Desktop\999_cs\Quantum_Inpired_PSO_Classifcation\train\smoke\smoke3777.jpg,smoke
C:\Users\HishamMo\Desktop\999_cs\Quantum_Inpired_PSO_Classifcation\train\smoke\smoke3780.jpg,smoke
C:\Users\HishamMo\Desktop\999_cs\Quantum_Inpired_PSO_Classifcation\train\smoke\smoke3781.jpg,smoke
C:\Users\HishamMo\Desktop\999_cs\Quantum_Inpired_PSO_Classifcation\train\smoke\smoke3782.jpg,smoke
C:\Users\HishamMo\Desktop\999_cs\Quantum_Inpired_PSO_Classifcation\train\smoke\smoke3783.jpg,smoke
C:\Users\HishamMo\Desktop\999_cs\Quantum_Inpired_PSO_Classifcation\train\smoke\smoke3784.jpg,smoke
C:\Users\HishamMo\Desktop\999_cs\Quantum_Inpired_PSO_Classifcation\train\smoke\smoke3785.jpg,smoke
C:\Users\HishamMo\Desktop\999_cs\Quantum_Inpired_PSO_Classifcation\train\smoke\smoke3786.jpg,smoke
C:\Users\HishamMo\Desktop\999_cs\Quantum_Inpired_PSO_Classifcation\train\smoke\smoke3787.jpg,smoke
C:\Users\HishamMo\Desktop\999_cs\Quantum_Inpired_PSO_Classifcation\train\smoke\smoke3788.jpg,smoke
C:\Users\HishamMo\Desktop\999_cs\Quantum_Inpired_PSO_Classifcation\train\smoke\smoke3789.jpg,smoke
C:\Users\HishamMo\Desktop\999_cs\Quantum_Inpired_PSO_Classifcation\train\smoke\smoke3790.jpg,smoke
C:\Users\HishamMo\Desktop\999_cs\Quantum_Inpired_PSO_Classifcation\train\smoke\smoke3791.jpg,smoke
C:\Users\HishamMo\Desktop\999_cs\Quantum_Inpired_PSO_Classifcation\train\smoke\smoke3792.jpg,smoke
C:\Users\HishamMo\Desktop\999_cs\Quantum_Inpired_PSO_Classifcation\train\smoke\smoke3793.jpg,smoke
C:\Users\HishamMo\Desktop\999_cs\Quantum_Inpired_PSO_Classifcation\train\smoke\smoke3794.jpg,smoke
C:\Users\HishamMo\Desktop\999_cs\Quantum_Inpired_PSO_Classifcation\train\smoke\smoke3795.jpg,smoke
C:\Users\HishamMo\Desktop\999_cs\Quantum_Inpired_PSO_Classifcation\train\smoke\smoke3797.jpg,smoke
C:\Users\HishamMo\Desktop\999_cs\Quantum_Inpired_PSO_Classifcation\train\smoke\smoke3798.jpg,smoke
C:\Users\HishamMo\Desktop\999_cs\Quantum_Inpired_PSO_Classifcation\train\smoke\smoke3800.jpg,smoke
C:\Users\HishamMo\Desktop\999_cs\Quantum_Inpired_PSO_Classifcation\train\smoke\smoke3801.jpg,smoke
C:\Users\HishamMo\Desktop\999_cs\Quantum_Inpired_PSO_Classifcation\train\smoke\smoke3802.jpg,smoke
C:\Users\HishamMo\Desktop\999_cs\Quantum_Inpired_PSO_Classifcation\train\smoke\smoke3803.jpg,smoke
C:\Users\HishamMo\Desktop\999_cs\Quantum_Inpired_PSO_Classifcation\train\smoke\smoke3804.jpg,smoke
C:\Users\HishamMo\Desktop\999_cs\Quantum_Inpired_PSO_Classifcation\train\smoke\smoke3806.jpg,smoke
C:\Users\HishamMo\Desktop\999_cs\Quantum_Inpired_PSO_Classifcation\train\smoke\smoke3808.jpg,smoke
C:\Users\HishamMo\Desktop\999_cs\Quantum_Inpired_PSO_Classifcation\train\smoke\smoke3809.jpg,smoke
C:\Users\HishamMo\Desktop\999_cs\Quantum_Inpired_PSO_Classifcation\train\smoke\smoke3810.jpg,smoke
C:\Users\HishamMo\Desktop\999_cs\Quantum_Inpired_PSO_Classifcation\train\smoke\smoke3811.jpg,smoke
C:\Users\HishamMo\Desktop\999_cs\Quantum_Inpired_PSO_Classifcation\train\smoke\smoke3814.jpg,smoke
C:\Users\HishamMo\Desktop\999_cs\Quantum_Inpired_PSO_Classifcation\train\smoke\smoke3815.jpg,smoke
C:\Users\HishamMo\Desktop\999_cs\Quantum_Inpired_PSO_Classifcation\train\smoke\smoke3817.jpg,smoke
C:\Users\HishamMo\Desktop\999_cs\Quantum_Inpired_PSO_Classifcation\train\smoke\smoke3818.jpg,smoke
C:\Users\HishamMo\Desktop\999_cs\Quantum_Inpired_PSO_Classifcation\train\smoke\smoke3819.jpg,smoke
C:\Users\HishamMo\Desktop\999_cs\Quantum_Inpired_PSO_Classifcation\train\smoke\smoke3820.jpg,smoke
C:\Users\HishamMo\Desktop\999_cs\Quantum_Inpired_PSO_Classifcation\train\smoke\smoke3821.jpg,smoke
C:\Users\HishamMo\Desktop\999_cs\Quantum_Inpired_PSO_Classifcation\train\smoke\smoke3822.jpg,smoke
C:\Users\HishamMo\Desktop\999_cs\Quantum_Inpired_PSO_Classifcation\train\smoke\smoke3823.jpg,smoke
C:\Users\HishamMo\Desktop\999_cs\Quantum_Inpired_PSO_Classifcation\train\smoke\smoke3824.jpg,smoke
C:\Users\HishamMo\Desktop\999_cs\Quantum_Inpired_PSO_Classifcation\train\smoke\smoke3825.jpg,smoke
C:\Users\HishamMo\Desktop\999_cs\Quantum_Inpired_PSO_Classifcation\train\smoke\smoke3826.jpg,smoke
C:\Users\HishamMo\Desktop\999_cs\Quantum_Inpired_PSO_Classifcation\train\smoke\smoke3827.jpg,smoke
C:\Users\HishamMo\Desktop\999_cs\Quantum_Inpired_PSO_Classifcation\train\smoke\smoke3829.jpg,smoke
C:\Users\HishamMo\Desktop\999_cs\Quantum_Inpired_PSO_Classifcation\train\smoke\smoke3831.jpg,smoke
C:\Users\HishamMo\Desktop\999_cs\Quantum_Inpired_PSO_Classifcation\train\smoke\smoke3832.jpg,smoke
C:\Users\HishamMo\Desktop\999_cs\Quantum_Inpired_PSO_Classifcation\train\smoke\smoke3833.jpg,smoke
C:\Users\HishamMo\Desktop\999_cs\Quantum_Inpired_PSO_Classifcation\train\smoke\smoke3835.jpg,smoke
C:\Users\HishamMo\Desktop\999_cs\Quantum_Inpired_PSO_Classifcation\train\smoke\smoke3836.jpg,smoke
C:\Users\HishamMo\Desktop\999_cs\Quantum_Inpired_PSO_Classifcation\train\smoke\smoke3837.jpg,smoke
C:\Users\HishamMo\Desktop\999_cs\Quantum_Inpired_PSO_Classifcation\train\smoke\smoke3838.jpg,smoke
C:\Users\HishamMo\Desktop\999_cs\Quantum_Inpired_PSO_Classifcation\train\smoke\smoke3840.jpg,smoke
C:\Users\HishamMo\Desktop\999_cs\Quantum_Inpired_PSO_Classifcation\train\smoke\smoke3843.jpg,smoke
C:\Users\HishamMo\Desktop\999_cs\Quantum_Inpired_PSO_Classifcation\train\smoke\smoke3845.jpg,smoke
C:\Users\HishamMo\Desktop\999_cs\Quantum_Inpired_PSO_Classifcation\train\smoke\smoke3846.jpg,smoke
C:\Users\HishamMo\Desktop\999_cs\Quantum_Inpired_PSO_Classifcation\train\smoke\smoke3847.jpg,smoke
C:\Users\HishamMo\Desktop\999_cs\Quantum_Inpired_PSO_Classifcation\train\smoke\smoke3848.jpg,smoke
C:\Users\HishamMo\Desktop\999_cs\Quantum_Inpired_PSO_Classifcation\train\smoke\smoke3849.jpg,smoke
C:\Users\HishamMo\Desktop\999_cs\Quantum_Inpired_PSO_Classifcation\train\smoke\smoke3850.jpg,smoke
C:\Users\HishamMo\Desktop\999_cs\Quantum_Inpired_PSO_Classifcation\train\smoke\smoke3851.jpg,smoke
C:\Users\HishamMo\Desktop\999_cs\Quantum_Inpired_PSO_Classifcation\train\smoke\smoke3853.jpg,smoke
C:\Users\HishamMo\Desktop\999_cs\Quantum_Inpired_PSO_Classifcation\train\smoke\smoke3854.jpg,smoke
C:\Users\HishamMo\Desktop\999_cs\Quantum_Inpired_PSO_Classifcation\train\smoke\smoke3856.jpg,smoke
C:\Users\HishamMo\Desktop\999_cs\Quantum_Inpired_PSO_Classifcation\train\smoke\smoke3857.jpg,smoke
C:\Users\HishamMo\Desktop\999_cs\Quantum_Inpired_PSO_Classifcation\train\smoke\smoke3858.jpg,smoke
C:\Users\HishamMo\Desktop\999_cs\Quantum_Inpired_PSO_Classifcation\train\smoke\smoke3859.jpg,smoke
C:\Users\HishamMo\Desktop\999_cs\Quantum_Inpired_PSO_Classifcation\train\smoke\smoke3860.jpg,smoke
C:\Users\HishamMo\Desktop\999_cs\Quantum_Inpired_PSO_Classifcation\train\smoke\smoke3861.jpg,smoke
C:\Users\HishamMo\Desktop\999_cs\Quantum_Inpired_PSO_Classifcation\train\smoke\smoke3862.jpg,smoke
C:\Users\HishamMo\Desktop\999_cs\Quantum_Inpired_PSO_Classifcation\train\smoke\smoke3863.jpg,smoke
C:\Users\HishamMo\Desktop\999_cs\Quantum_Inpired_PSO_Classifcation\train\smoke\smoke3864.jpg,smoke
C:\Users\HishamMo\Desktop\999_cs\Quantum_Inpired_PSO_Classifcation\train\smoke\smoke3865.jpg,smoke
C:\Users\HishamMo\Desktop\999_cs\Quantum_Inpired_PSO_Classifcation\train\smoke\smoke3866.jpg,smoke
C:\Users\HishamMo\Desktop\999_cs\Quantum_Inpired_PSO_Classifcation\train\smoke\smoke3867.jpg,smoke
C:\Users\HishamMo\Desktop\999_cs\Quantum_Inpired_PSO_Classifcation\train\smoke\smoke3868.jpg,smoke
C:\Users\HishamMo\Desktop\999_cs\Quantum_Inpired_PSO_Classifcation\train\smoke\smoke3871.jpg,smoke
C:\Users\HishamMo\Desktop\999_cs\Quantum_Inpired_PSO_Classifcation\train\smoke\smoke3872.jpg,smoke
C:\Users\HishamMo\Desktop\999_cs\Quantum_Inpired_PSO_Classifcation\train\smoke\smoke3873.jpg,smoke
C:\Users\HishamMo\Desktop\999_cs\Quantum_Inpired_PSO_Classifcation\train\smoke\smoke3874.jpg,smoke
C:\Users\HishamMo\Desktop\999_cs\Quantum_Inpired_PSO_Classifcation\train\smoke\smoke3876.jpg,smoke
C:\Users\HishamMo\Desktop\999_cs\Quantum_Inpired_PSO_Classifcation\train\smoke\smoke3878.jpg,smoke
C:\Users\HishamMo\Desktop\999_cs\Quantum_Inpired_PSO_Classifcation\train\smoke\smoke3879.jpg,smoke
C:\Users\HishamMo\Desktop\999_cs\Quantum_Inpired_PSO_Classifcation\train\smoke\smoke3880.jpg,smoke
C:\Users\HishamMo\Desktop\999_cs\Quantum_Inpired_PSO_Classifcation\train\smoke\smoke3881.jpg,smoke
C:\Users\HishamMo\Desktop\999_cs\Quantum_Inpired_PSO_Classifcation\train\smoke\smoke3882.jpg,smoke
C:\Users\HishamMo\Desktop\999_cs\Quantum_Inpired_PSO_Classifcation\train\smoke\smoke3883.jpg,smoke
C:\Users\HishamMo\Desktop\999_cs\Quantum_Inpired_PSO_Classifcation\train\smoke\smoke3884.jpg,smoke
C:\Users\HishamMo\Desktop\999_cs\Quantum_Inpired_PSO_Classifcation\train\smoke\smoke3885.jpg,smoke
C:\Users\HishamMo\Desktop\999_cs\Quantum_Inpired_PSO_Classifcation\train\smoke\smoke3886.jpg,smoke
C:\Users\HishamMo\Desktop\999_cs\Quantum_Inpired_PSO_Classifcation\train\smoke\smoke3887.jpg,smoke
C:\Users\HishamMo\Desktop\999_cs\Quantum_Inpired_PSO_Classifcation\train\smoke\smoke3888.jpg,smoke
C:\Users\HishamMo\Desktop\999_cs\Quantum_Inpired_PSO_Classifcation\train\smoke\smoke3891.jpg,smoke
C:\Users\HishamMo\Desktop\999_cs\Quantum_Inpired_PSO_Classifcation\train\smoke\smoke3893.jpg,smoke
C:\Users\HishamMo\Desktop\999_cs\Quantum_Inpired_PSO_Classifcation\train\smoke\smoke3894.jpg,smoke
C:\Users\HishamMo\Desktop\999_cs\Quantum_Inpired_PSO_Classifcation\train\smoke\smoke3895.jpg,smoke
C:\Users\HishamMo\Desktop\999_cs\Quantum_Inpired_PSO_Classifcation\train\smoke\smoke3897.jpg,smoke
C:\Users\HishamMo\Desktop\999_cs\Quantum_Inpired_PSO_Classifcation\train\smoke\smoke3898.jpg,smoke
C:\Users\HishamMo\Desktop\999_cs\Quantum_Inpired_PSO_Classifcation\train\smoke\smoke3899.jpg,smoke
C:\Users\HishamMo\Desktop\999_cs\Quantum_Inpired_PSO_Classifcation\train\smoke\smoke3901.jpg,smoke
C:\Users\HishamMo\Desktop\999_cs\Quantum_Inpired_PSO_Classifcation\train\smoke\smoke3902.jpg,smoke
C:\Users\HishamMo\Desktop\999_cs\Quantum_Inpired_PSO_Classifcation\train\smoke\smoke3903.jpg,smoke
C:\Users\HishamMo\Desktop\999_cs\Quantum_Inpired_PSO_Classifcation\train\smoke\smoke3904.jpg,smoke
C:\Users\HishamMo\Desktop\999_cs\Quantum_Inpired_PSO_Classifcation\train\smoke\smoke3905.jpg,smoke
C:\Users\HishamMo\Desktop\999_cs\Quantum_Inpired_PSO_Classifcation\train\smoke\smoke3907.jpg,smoke
C:\Users\HishamMo\Desktop\999_cs\Quantum_Inpired_PSO_Classifcation\train\smoke\smoke3908.jpg,smoke
C:\Users\HishamMo\Desktop\999_cs\Quantum_Inpired_PSO_Classifcation\train\smoke\smoke3911.jpg,smoke
C:\Users\HishamMo\Desktop\999_cs\Quantum_Inpired_PSO_Classifcation\train\smoke\smoke3912.jpg,smoke
C:\Users\HishamMo\Desktop\999_cs\Quantum_Inpired_PSO_Classifcation\train\smoke\smoke3913.jpg,smoke
C:\Users\HishamMo\Desktop\999_cs\Quantum_Inpired_PSO_Classifcation\train\smoke\smoke3914.jpg,smoke
C:\Users\HishamMo\Desktop\999_cs\Quantum_Inpired_PSO_Classifcation\train\smoke\smoke3915.jpg,smoke
C:\Users\HishamMo\Desktop\999_cs\Quantum_Inpired_PSO_Classifcation\train\smoke\smoke3916.jpg,smoke
C:\Users\HishamMo\Desktop\999_cs\Quantum_Inpired_PSO_Classifcation\train\smoke\smoke3917.jpg,smoke
C:\Users\HishamMo\Desktop\999_cs\Quantum_Inpired_PSO_Classifcation\train\smoke\smoke3918.jpg,smoke
C:\Users\HishamMo\Desktop\999_cs\Quantum_Inpired_PSO_Classifcation\train\smoke\smoke3919.jpg,smoke
C:\Users\HishamMo\Desktop\999_cs\Quantum_Inpired_PSO_Classifcation\train\smoke\smoke3920.jpg,smoke
C:\Users\HishamMo\Desktop\999_cs\Quantum_Inpired_PSO_Classifcation\train\smoke\smoke3921.jpg,smoke
C:\Users\HishamMo\Desktop\999_cs\Quantum_Inpired_PSO_Classifcation\train\smoke\smoke3922.jpg,smoke
C:\Users\HishamMo\Desktop\999_cs\Quantum_Inpired_PSO_Classifcation\train\smoke\smoke3923.jpg,smoke
C:\Users\HishamMo\Desktop\999_cs\Quantum_Inpired_PSO_Classifcation\train\smoke\smoke3924.jpg,smoke
C:\Users\HishamMo\Desktop\999_cs\Quantum_Inpired_PSO_Classifcation\train\smoke\smoke3925.jpg,smoke
C:\Users\HishamMo\Desktop\999_cs\Quantum_Inpired_PSO_Classifcation\train\smoke\smoke3926.jpg,smoke
C:\Users\HishamMo\Desktop\999_cs\Quantum_Inpired_PSO_Classifcation\train\smoke\smoke3928.jpg,smoke
C:\Users\HishamMo\Desktop\999_cs\Quantum_Inpired_PSO_Classifcation\train\smoke\smoke3929.jpg,smoke
C:\Users\HishamMo\Desktop\999_cs\Quantum_Inpired_PSO_Classifcation\train\smoke\smoke3930.jpg,smoke
C:\Users\HishamMo\Desktop\999_cs\Quantum_Inpired_PSO_Classifcation\train\smoke\smoke3931.jpg,smoke
C:\Users\HishamMo\Desktop\999_cs\Quantum_Inpired_PSO_Classifcation\train\smoke\smoke3932.jpg,smoke
C:\Users\HishamMo\Desktop\999_cs\Quantum_Inpired_PSO_Classifcation\train\smoke\smoke3933.jpg,smoke
C:\Users\HishamMo\Desktop\999_cs\Quantum_Inpired_PSO_Classifcation\train\smoke\smoke3934.jpg,smoke
C:\Users\HishamMo\Desktop\999_cs\Quantum_Inpired_PSO_Classifcation\train\smoke\smoke3935.jpg,smoke
C:\Users\HishamMo\Desktop\999_cs\Quantum_Inpired_PSO_Classifcation\train\smoke\smoke3936.jpg,smoke
C:\Users\HishamMo\Desktop\999_cs\Quantum_Inpired_PSO_Classifcation\train\smoke\smoke3937.jpg,smoke
C:\Users\HishamMo\Desktop\999_cs\Quantum_Inpired_PSO_Classifcation\train\smoke\smoke3938.jpg,smoke
C:\Users\HishamMo\Desktop\999_cs\Quantum_Inpired_PSO_Classifcation\train\smoke\smoke3940.jpg,smoke
C:\Users\HishamMo\Desktop\999_cs\Quantum_Inpired_PSO_Classifcation\train\smoke\smoke3941.jpg,smoke
C:\Users\HishamMo\Desktop\999_cs\Quantum_Inpired_PSO_Classifcation\train\smoke\smoke3942.jpg,smoke
C:\Users\HishamMo\Desktop\999_cs\Quantum_Inpired_PSO_Classifcation\train\smoke\smoke3943.jpg,smoke
C:\Users\HishamMo\Desktop\999_cs\Quantum_Inpired_PSO_Classifcation\train\smoke\smoke3944.jpg,smoke
C:\Users\HishamMo\Desktop\999_cs\Quantum_Inpired_PSO_Classifcation\train\smoke\smoke3945.jpg,smoke
C:\Users\HishamMo\Desktop\999_cs\Quantum_Inpired_PSO_Classifcation\train\smoke\smoke3946.jpg,smoke
C:\Users\HishamMo\Desktop\999_cs\Quantum_Inpired_PSO_Classifcation\train\smoke\smoke3947.jpg,smoke
C:\Users\HishamMo\Desktop\999_cs\Quantum_Inpired_PSO_Classifcation\train\smoke\smoke3948.jpg,smoke
C:\Users\HishamMo\Desktop\999_cs\Quantum_Inpired_PSO_Classifcation\train\smoke\smoke3949.jpg,smoke
C:\Users\HishamMo\Desktop\999_cs\Quantum_Inpired_PSO_Classifcation\train\smoke\smoke3950.jpg,smoke
C:\Users\HishamMo\Desktop\999_cs\Quantum_Inpired_PSO_Classifcation\train\smoke\smoke3951.jpg,smoke
C:\Users\HishamMo\Desktop\999_cs\Quantum_Inpired_PSO_Classifcation\train\smoke\smoke3952.jpg,smoke
C:\Users\HishamMo\Desktop\999_cs\Quantum_Inpired_PSO_Classifcation\train\smoke\smoke3953.jpg,smoke
C:\Users\HishamMo\Desktop\999_cs\Quantum_Inpired_PSO_Classifcation\train\smoke\smoke3954.jpg,smoke
C:\Users\HishamMo\Desktop\999_cs\Quantum_Inpired_PSO_Classifcation\train\smoke\smoke3955.jpg,smoke
C:\Users\HishamMo\Desktop\999_cs\Quantum_Inpired_PSO_Classifcation\train\smoke\smoke3957.jpg,smoke
C:\Users\HishamMo\Desktop\999_cs\Quantum_Inpired_PSO_Classifcation\train\smoke\smoke3958.jpg,smoke
C:\Users\HishamMo\Desktop\999_cs\Quantum_Inpired_PSO_Classifcation\train\smoke\smoke3959.jpg,smoke
C:\Users\HishamMo\Desktop\999_cs\Quantum_Inpired_PSO_Classifcation\train\smoke\smoke3960.jpg,smoke
C:\Users\HishamMo\Desktop\999_cs\Quantum_Inpired_PSO_Classifcation\train\smoke\smoke3961.jpg,smoke
C:\Users\HishamMo\Desktop\999_cs\Quantum_Inpired_PSO_Classifcation\train\smoke\smoke3962.jpg,smoke
C:\Users\HishamMo\Desktop\999_cs\Quantum_Inpired_PSO_Classifcation\train\smoke\smoke3965.jpg,smoke
C:\Users\HishamMo\Desktop\999_cs\Quantum_Inpired_PSO_Classifcation\train\smoke\smoke3966.jpg,smoke
C:\Users\HishamMo\Desktop\999_cs\Quantum_Inpired_PSO_Classifcation\train\smoke\smoke3967.jpg,smoke
C:\Users\HishamMo\Desktop\999_cs\Quantum_Inpired_PSO_Classifcation\train\smoke\smoke3968.jpg,smoke
C:\Users\HishamMo\Desktop\999_cs\Quantum_Inpired_PSO_Classifcation\train\smoke\smoke3969.jpg,smoke
C:\Users\HishamMo\Desktop\999_cs\Quantum_Inpired_PSO_Classifcation\train\smoke\smoke3971.jpg,smoke
C:\Users\HishamMo\Desktop\999_cs\Quantum_Inpired_PSO_Classifcation\train\smoke\smoke3972.jpg,smoke
C:\Users\HishamMo\Desktop\999_cs\Quantum_Inpired_PSO_Classifcation\train\smoke\smoke3973.jpg,smoke
C:\Users\HishamMo\Desktop\999_cs\Quantum_Inpired_PSO_Classifcation\train\smoke\smoke3974.jpg,smoke
C:\Users\HishamMo\Desktop\999_cs\Quantum_Inpired_PSO_Classifcation\train\smoke\smoke3975.jpg,smoke
C:\Users\HishamMo\Desktop\999_cs\Quantum_Inpired_PSO_Classifcation\train\smoke\smoke3976.jpg,smoke
C:\Users\HishamMo\Desktop\999_cs\Quantum_Inpired_PSO_Classifcation\train\smoke\smoke3977.jpg,smoke
C:\Users\HishamMo\Desktop\999_cs\Quantum_Inpired_PSO_Classifcation\train\smoke\smoke3978.jpg,smoke
C:\Users\HishamMo\Desktop\999_cs\Quantum_Inpired_PSO_Classifcation\train\smoke\smoke3979.jpg,smoke
C:\Users\HishamMo\Desktop\999_cs\Quantum_Inpired_PSO_Classifcation\train\smoke\smoke3981.jpg,smoke
C:\Users\HishamMo\Desktop\999_cs\Quantum_Inpired_PSO_Classifcation\train\smoke\smoke3983.jpg,smoke
C:\Users\HishamMo\Desktop\999_cs\Quantum_Inpired_PSO_Classifcation\train\smoke\smoke3984.jpg,smoke
C:\Users\HishamMo\Desktop\999_cs\Quantum_Inpired_PSO_Classifcation\train\smoke\smoke3985.jpg,smoke
C:\Users\HishamMo\Desktop\999_cs\Quantum_Inpired_PSO_Classifcation\train\smoke\smoke3986.jpg,smoke
C:\Users\HishamMo\Desktop\999_cs\Quantum_Inpired_PSO_Classifcation\train\smoke\smoke3987.jpg,smoke
C:\Users\HishamMo\Desktop\999_cs\Quantum_Inpired_PSO_Classifcation\train\smoke\smoke3989.jpg,smoke
C:\Users\HishamMo\Desktop\999_cs\Quantum_Inpired_PSO_Classifcation\train\smoke\smoke3990.jpg,smoke
C:\Users\HishamMo\Desktop\999_cs\Quantum_Inpired_PSO_Classifcation\train\smoke\smoke3991.jpg,smoke
C:\Users\HishamMo\Desktop\999_cs\Quantum_Inpired_PSO_Classifcation\train\smoke\smoke3993.jpg,smoke
C:\Users\HishamMo\Desktop\999_cs\Quantum_Inpired_PSO_Classifcation\train\smoke\smoke3994.jpg,smoke
C:\Users\HishamMo\Desktop\999_cs\Quantum_Inpired_PSO_Classifcation\train\smoke\smoke3995.jpg,smoke
C:\Users\HishamMo\Desktop\999_cs\Quantum_Inpired_PSO_Classifcation\train\smoke\smoke3996.jpg,smoke
C:\Users\HishamMo\Desktop\999_cs\Quantum_Inpired_PSO_Classifcation\train\smoke\smoke3997.jpg,smoke
C:\Users\HishamMo\Desktop\999_cs\Quantum_Inpired_PSO_Classifcation\train\smoke\smoke3999.jpg,smoke
C:\Users\HishamMo\Desktop\999_cs\Quantum_Inpired_PSO_Classifcation\train\smoke\smoke4001.jpg,smoke
C:\Users\HishamMo\Desktop\999_cs\Quantum_Inpired_PSO_Classifcation\train\smoke\smoke4002.jpg,smoke
C:\Users\HishamMo\Desktop\999_cs\Quantum_Inpired_PSO_Classifcation\train\smoke\smoke4003.jpg,smoke
C:\Users\HishamMo\Desktop\999_cs\Quantum_Inpired_PSO_Classifcation\train\smoke\smoke4004.jpg,smoke
C:\Users\HishamMo\Desktop\999_cs\Quantum_Inpired_PSO_Classifcation\train\smoke\smoke4007.jpg,smoke
C:\Users\HishamMo\Desktop\999_cs\Quantum_Inpired_PSO_Classifcation\train\smoke\smoke4008.jpg,smoke
C:\Users\HishamMo\Desktop\999_cs\Quantum_Inpired_PSO_Classifcation\train\smoke\smoke4009.jpg,smoke
C:\Users\HishamMo\Desktop\999_cs\Quantum_Inpired_PSO_Classifcation\train\smoke\smoke4010.jpg,smoke
C:\Users\HishamMo\Desktop\999_cs\Quantum_Inpired_PSO_Classifcation\train\smoke\smoke4011.jpg,smoke
C:\Users\HishamMo\Desktop\999_cs\Quantum_Inpired_PSO_Classifcation\train\smoke\smoke4012.jpg,smoke
C:\Users\HishamMo\Desktop\999_cs\Quantum_Inpired_PSO_Classifcation\train\smoke\smoke4013.jpg,smoke
C:\Users\HishamMo\Desktop\999_cs\Quantum_Inpired_PSO_Classifcation\train\smoke\smoke4014.jpg,smoke
C:\Users\HishamMo\Desktop\999_cs\Quantum_Inpired_PSO_Classifcation\train\smoke\smoke4015.jpg,smoke
C:\Users\HishamMo\Desktop\999_cs\Quantum_Inpired_PSO_Classifcation\train\smoke\smoke4016.jpg,smoke
C:\Users\HishamMo\Desktop\999_cs\Quantum_Inpired_PSO_Classifcation\train\smoke\smoke4017.jpg,smoke
C:\Users\HishamMo\Desktop\999_cs\Quantum_Inpired_PSO_Classifcation\train\smoke\smoke4018.jpg,smoke
C:\Users\HishamMo\Desktop\999_cs\Quantum_Inpired_PSO_Classifcation\train\smoke\smoke4019.jpg,smoke
C:\Users\HishamMo\Desktop\999_cs\Quantum_Inpired_PSO_Classifcation\train\smoke\smoke4021.jpg,smoke
C:\Users\HishamMo\Desktop\999_cs\Quantum_Inpired_PSO_Classifcation\train\smoke\smoke4022.jpg,smoke
C:\Users\HishamMo\Desktop\999_cs\Quantum_Inpired_PSO_Classifcation\train\smoke\smoke4023.jpg,smoke
C:\Users\HishamMo\Desktop\999_cs\Quantum_Inpired_PSO_Classifcation\train\smoke\smoke4025.jpg,smoke
C:\Users\HishamMo\Desktop\999_cs\Quantum_Inpired_PSO_Classifcation\train\smoke\smoke4026.jpg,smoke
C:\Users\HishamMo\Desktop\999_cs\Quantum_Inpired_PSO_Classifcation\train\smoke\smoke4027.jpg,smoke
C:\Users\HishamMo\Desktop\999_cs\Quantum_Inpired_PSO_Classifcation\train\smoke\smoke4028.jpg,smoke
C:\Users\HishamMo\Desktop\999_cs\Quantum_Inpired_PSO_Classifcation\train\smoke\smoke4029.jpg,smoke
C:\Users\HishamMo\Desktop\999_cs\Quantum_Inpired_PSO_Classifcation\train\smoke\smoke4030.jpg,smoke
C:\Users\HishamMo\Desktop\999_cs\Quantum_Inpired_PSO_Classifcation\train\smoke\smoke4031.jpg,smoke
C:\Users\HishamMo\Desktop\999_cs\Quantum_Inpired_PSO_Classifcation\train\smoke\smoke4033.jpg,smoke
C:\Users\HishamMo\Desktop\999_cs\Quantum_Inpired_PSO_Classifcation\train\smoke\smoke4034.jpg,smoke
C:\Users\HishamMo\Desktop\999_cs\Quantum_Inpired_PSO_Classifcation\train\smoke\smoke4035.jpg,smoke
C:\Users\HishamMo\Desktop\999_cs\Quantum_Inpired_PSO_Classifcation\train\smoke\smoke4037.jpg,smoke
C:\Users\HishamMo\Desktop\999_cs\Quantum_Inpired_PSO_Classifcation\train\smoke\smoke4038.jpg,smoke
C:\Users\HishamMo\Desktop\999_cs\Quantum_Inpired_PSO_Classifcation\train\smoke\smoke4042.jpg,smoke
C:\Users\HishamMo\Desktop\999_cs\Quantum_Inpired_PSO_Classifcation\train\smoke\smoke4043.jpg,smoke
C:\Users\HishamMo\Desktop\999_cs\Quantum_Inpired_PSO_Classifcation\train\smoke\smoke4044.jpg,smoke
C:\Users\HishamMo\Desktop\999_cs\Quantum_Inpired_PSO_Classifcation\train\smoke\smoke4045.jpg,smoke
C:\Users\HishamMo\Desktop\999_cs\Quantum_Inpired_PSO_Classifcation\train\smoke\smoke4046.jpg,smoke
C:\Users\HishamMo\Desktop\999_cs\Quantum_Inpired_PSO_Classifcation\train\smoke\smoke4047.jpg,smoke
C:\Users\HishamMo\Desktop\999_cs\Quantum_Inpired_PSO_Classifcation\train\smoke\smoke4048.jpg,smoke
C:\Users\HishamMo\Desktop\999_cs\Quantum_Inpired_PSO_Classifcation\train\smoke\smoke4049.jpg,smoke
C:\Users\HishamMo\Desktop\999_cs\Quantum_Inpired_PSO_Classifcation\train\smoke\smoke4051.jpg,smoke
C:\Users\HishamMo\Desktop\999_cs\Quantum_Inpired_PSO_Classifcation\train\smoke\smoke4052.jpg,smoke
C:\Users\HishamMo\Desktop\999_cs\Quantum_Inpired_PSO_Classifcation\train\smoke\smoke4054.jpg,smoke
C:\Users\HishamMo\Desktop\999_cs\Quantum_Inpired_PSO_Classifcation\train\smoke\smoke4055.jpg,smoke
C:\Users\HishamMo\Desktop\999_cs\Quantum_Inpired_PSO_Classifcation\train\smoke\smoke4057.jpg,smoke
C:\Users\HishamMo\Desktop\999_cs\Quantum_Inpired_PSO_Classifcation\train\smoke\smoke4058.jpg,smoke
C:\Users\HishamMo\Desktop\999_cs\Quantum_Inpired_PSO_Classifcation\train\smoke\smoke4059.jpg,smoke
C:\Users\HishamMo\Desktop\999_cs\Quantum_Inpired_PSO_Classifcation\train\smoke\smoke4060.jpg,smoke
C:\Users\HishamMo\Desktop\999_cs\Quantum_Inpired_PSO_Classifcation\train\smoke\smoke4061.jpg,smoke
C:\Users\HishamMo\Desktop\999_cs\Quantum_Inpired_PSO_Classifcation\train\smoke\smoke4062.jpg,smoke
C:\Users\HishamMo\Desktop\999_cs\Quantum_Inpired_PSO_Classifcation\train\smoke\smoke4064.jpg,smoke
C:\Users\HishamMo\Desktop\999_cs\Quantum_Inpired_PSO_Classifcation\train\smoke\smoke4065.jpg,smoke
C:\Users\HishamMo\Desktop\999_cs\Quantum_Inpired_PSO_Classifcation\train\smoke\smoke4067.jpg,smoke
C:\Users\HishamMo\Desktop\999_cs\Quantum_Inpired_PSO_Classifcation\train\smoke\smoke4068.jpg,smoke
C:\Users\HishamMo\Desktop\999_cs\Quantum_Inpired_PSO_Classifcation\train\smoke\smoke4071.jpg,smoke
C:\Users\HishamMo\Desktop\999_cs\Quantum_Inpired_PSO_Classifcation\train\smoke\smoke4072.jpg,smoke
C:\Users\HishamMo\Desktop\999_cs\Quantum_Inpired_PSO_Classifcation\train\smoke\smoke4073.jpg,smoke
C:\Users\HishamMo\Desktop\999_cs\Quantum_Inpired_PSO_Classifcation\train\smoke\smoke4074.jpg,smoke
C:\Users\HishamMo\Desktop\999_cs\Quantum_Inpired_PSO_Classifcation\train\smoke\smoke4076.jpg,smoke
C:\Users\HishamMo\Desktop\999_cs\Quantum_Inpired_PSO_Classifcation\train\smoke\smoke4077.jpg,smoke
C:\Users\HishamMo\Desktop\999_cs\Quantum_Inpired_PSO_Classifcation\train\smoke\smoke4078.jpg,smoke
C:\Users\HishamMo\Desktop\999_cs\Quantum_Inpired_PSO_Classifcation\train\smoke\smoke4079.jpg,smoke
C:\Users\HishamMo\Desktop\999_cs\Quantum_Inpired_PSO_Classifcation\train\smoke\smoke4080.jpg,smoke
C:\Users\HishamMo\Desktop\999_cs\Quantum_Inpired_PSO_Classifcation\train\smoke\smoke4081.jpg,smoke
C:\Users\HishamMo\Desktop\999_cs\Quantum_Inpired_PSO_Classifcation\train\smoke\smoke4082.jpg,smoke
C:\Users\HishamMo\Desktop\999_cs\Quantum_Inpired_PSO_Classifcation\train\smoke\smoke4083.jpg,smoke
C:\Users\HishamMo\Desktop\999_cs\Quantum_Inpired_PSO_Classifcation\train\smoke\smoke4084.jpg,smoke
C:\Users\HishamMo\Desktop\999_cs\Quantum_Inpired_PSO_Classifcation\train\smoke\smoke4085.jpg,smoke
C:\Users\HishamMo\Desktop\999_cs\Quantum_Inpired_PSO_Classifcation\train\smoke\smoke4086.jpg,smoke
C:\Users\HishamMo\Desktop\999_cs\Quantum_Inpired_PSO_Classifcation\train\smoke\smoke4087.jpg,smoke
C:\Users\HishamMo\Desktop\999_cs\Quantum_Inpired_PSO_Classifcation\train\smoke\smoke4088.jpg,smoke
C:\Users\HishamMo\Desktop\999_cs\Quantum_Inpired_PSO_Classifcation\train\smoke\smoke4089.jpg,smoke
C:\Users\HishamMo\Desktop\999_cs\Quantum_Inpired_PSO_Classifcation\train\smoke\smoke4090.jpg,smoke
C:\Users\HishamMo\Desktop\999_cs\Quantum_Inpired_PSO_Classifcation\train\smoke\smoke4092.jpg,smoke
C:\Users\HishamMo\Desktop\999_cs\Quantum_Inpired_PSO_Classifcation\train\smoke\smoke4093.jpg,smoke
C:\Users\HishamMo\Desktop\999_cs\Quantum_Inpired_PSO_Classifcation\train\smoke\smoke4095.jpg,smoke
C:\Users\HishamMo\Desktop\999_cs\Quantum_Inpired_PSO_Classifcation\train\smoke\smoke4096.jpg,smoke
C:\Users\HishamMo\Desktop\999_cs\Quantum_Inpired_PSO_Classifcation\train\smoke\smoke4098.jpg,smoke
C:\Users\HishamMo\Desktop\999_cs\Quantum_Inpired_PSO_Classifcation\train\smoke\smoke4101.jpg,smoke
C:\Users\HishamMo\Desktop\999_cs\Quantum_Inpired_PSO_Classifcation\train\smoke\smoke4103.jpg,smoke
C:\Users\HishamMo\Desktop\999_cs\Quantum_Inpired_PSO_Classifcation\train\smoke\smoke4105.jpg,smoke
C:\Users\HishamMo\Desktop\999_cs\Quantum_Inpired_PSO_Classifcation\train\smoke\smoke4107.jpg,smoke
C:\Users\HishamMo\Desktop\999_cs\Quantum_Inpired_PSO_Classifcation\train\smoke\smoke4109.jpg,smoke
C:\Users\HishamMo\Desktop\999_cs\Quantum_Inpired_PSO_Classifcation\train\smoke\smoke4110.jpg,smoke
C:\Users\HishamMo\Desktop\999_cs\Quantum_Inpired_PSO_Classifcation\train\smoke\smoke4111.jpg,smoke
C:\Users\HishamMo\Desktop\999_cs\Quantum_Inpired_PSO_Classifcation\train\smoke\smoke4112.jpg,smoke
C:\Users\HishamMo\Desktop\999_cs\Quantum_Inpired_PSO_Classifcation\train\smoke\smoke4113.jpg,smoke
C:\Users\HishamMo\Desktop\999_cs\Quantum_Inpired_PSO_Classifcation\train\smoke\smoke4114.jpg,smoke
C:\Users\HishamMo\Desktop\999_cs\Quantum_Inpired_PSO_Classifcation\train\smoke\smoke4116.jpg,smoke
C:\Users\HishamMo\Desktop\999_cs\Quantum_Inpired_PSO_Classifcation\train\smoke\smoke4117.jpg,smoke
C:\Users\HishamMo\Desktop\999_cs\Quantum_Inpired_PSO_Classifcation\train\smoke\smoke4118.jpg,smoke
C:\Users\HishamMo\Desktop\999_cs\Quantum_Inpired_PSO_Classifcation\train\smoke\smoke4120.jpg,smoke
C:\Users\HishamMo\Desktop\999_cs\Quantum_Inpired_PSO_Classifcation\train\smoke\smoke4121.jpg,smoke
C:\Users\HishamMo\Desktop\999_cs\Quantum_Inpired_PSO_Classifcation\train\smoke\smoke4122.jpg,smoke
C:\Users\HishamMo\Desktop\999_cs\Quantum_Inpired_PSO_Classifcation\train\smoke\smoke4123.jpg,smoke
C:\Users\HishamMo\Desktop\999_cs\Quantum_Inpired_PSO_Classifcation\train\smoke\smoke4124.jpg,smoke
C:\Users\HishamMo\Desktop\999_cs\Quantum_Inpired_PSO_Classifcation\train\smoke\smoke4125.jpg,smoke
C:\Users\HishamMo\Desktop\999_cs\Quantum_Inpired_PSO_Classifcation\train\smoke\smoke4126.jpg,smoke
C:\Users\HishamMo\Desktop\999_cs\Quantum_Inpired_PSO_Classifcation\train\smoke\smoke4128.jpg,smoke
C:\Users\HishamMo\Desktop\999_cs\Quantum_Inpired_PSO_Classifcation\train\smoke\smoke4130.jpg,smoke
C:\Users\HishamMo\Desktop\999_cs\Quantum_Inpired_PSO_Classifcation\train\smoke\smoke4131.jpg,smoke
C:\Users\HishamMo\Desktop\999_cs\Quantum_Inpired_PSO_Classifcation\train\smoke\smoke4132.jpg,smoke
C:\Users\HishamMo\Desktop\999_cs\Quantum_Inpired_PSO_Classifcation\train\smoke\smoke4133.jpg,smoke
C:\Users\HishamMo\Desktop\999_cs\Quantum_Inpired_PSO_Classifcation\train\smoke\smoke4134.jpg,smoke
C:\Users\HishamMo\Desktop\999_cs\Quantum_Inpired_PSO_Classifcation\train\smoke\smoke4135.jpg,smoke
C:\Users\HishamMo\Desktop\999_cs\Quantum_Inpired_PSO_Classifcation\train\smoke\smoke4136.jpg,smoke
C:\Users\HishamMo\Desktop\999_cs\Quantum_Inpired_PSO_Classifcation\train\smoke\smoke4137.jpg,smoke
C:\Users\HishamMo\Desktop\999_cs\Quantum_Inpired_PSO_Classifcation\train\smoke\smoke4139.jpg,smoke
C:\Users\HishamMo\Desktop\999_cs\Quantum_Inpired_PSO_Classifcation\train\smoke\smoke4140.jpg,smoke
C:\Users\HishamMo\Desktop\999_cs\Quantum_Inpired_PSO_Classifcation\train\smoke\smoke4141.jpg,smoke
C:\Users\HishamMo\Desktop\999_cs\Quantum_Inpired_PSO_Classifcation\train\smoke\smoke4142.jpg,smoke
C:\Users\HishamMo\Desktop\999_cs\Quantum_Inpired_PSO_Classifcation\train\smoke\smoke4143.jpg,smoke
C:\Users\HishamMo\Desktop\999_cs\Quantum_Inpired_PSO_Classifcation\train\smoke\smoke4144.jpg,smoke
C:\Users\HishamMo\Desktop\999_cs\Quantum_Inpired_PSO_Classifcation\train\smoke\smoke4145.jpg,smoke
C:\Users\HishamMo\Desktop\999_cs\Quantum_Inpired_PSO_Classifcation\train\smoke\smoke4146.jpg,smoke
C:\Users\HishamMo\Desktop\999_cs\Quantum_Inpired_PSO_Classifcation\train\smoke\smoke4150.jpg,smoke
C:\Users\HishamMo\Desktop\999_cs\Quantum_Inpired_PSO_Classifcation\train\smoke\smoke4151.jpg,smoke
C:\Users\HishamMo\Desktop\999_cs\Quantum_Inpired_PSO_Classifcation\train\smoke\smoke4152.jpg,smoke
C:\Users\HishamMo\Desktop\999_cs\Quantum_Inpired_PSO_Classifcation\train\smoke\smoke4153.jpg,smoke
C:\Users\HishamMo\Desktop\999_cs\Quantum_Inpired_PSO_Classifcation\train\smoke\smoke4154.jpg,smoke
C:\Users\HishamMo\Desktop\999_cs\Quantum_Inpired_PSO_Classifcation\train\smoke\smoke4156.jpg,smoke
C:\Users\HishamMo\Desktop\999_cs\Quantum_Inpired_PSO_Classifcation\train\smoke\smoke4157.jpg,smoke
C:\Users\HishamMo\Desktop\999_cs\Quantum_Inpired_PSO_Classifcation\train\smoke\smoke4158.jpg,smoke
C:\Users\HishamMo\Desktop\999_cs\Quantum_Inpired_PSO_Classifcation\train\smoke\smoke4159.jpg,smoke
C:\Users\HishamMo\Desktop\999_cs\Quantum_Inpired_PSO_Classifcation\train\smoke\smoke4160.jpg,smoke
C:\Users\HishamMo\Desktop\999_cs\Quantum_Inpired_PSO_Classifcation\train\smoke\smoke4161.jpg,smoke
C:\Users\HishamMo\Desktop\999_cs\Quantum_Inpired_PSO_Classifcation\train\smoke\smoke4162.jpg,smoke
C:\Users\HishamMo\Desktop\999_cs\Quantum_Inpired_PSO_Classifcation\train\smoke\smoke4163.jpg,smoke
C:\Users\HishamMo\Desktop\999_cs\Quantum_Inpired_PSO_Classifcation\train\smoke\smoke4164.jpg,smoke
C:\Users\HishamMo\Desktop\999_cs\Quantum_Inpired_PSO_Classifcation\train\smoke\smoke4166.jpg,smoke
C:\Users\HishamMo\Desktop\999_cs\Quantum_Inpired_PSO_Classifcation\train\smoke\smoke4167.jpg,smoke
C:\Users\HishamMo\Desktop\999_cs\Quantum_Inpired_PSO_Classifcation\train\smoke\smoke4168.jpg,smoke
C:\Users\HishamMo\Desktop\999_cs\Quantum_Inpired_PSO_Classifcation\train\smoke\smoke4169.jpg,smoke
C:\Users\HishamMo\Desktop\999_cs\Quantum_Inpired_PSO_Classifcation\train\smoke\smoke4170.jpg,smoke
C:\Users\HishamMo\Desktop\999_cs\Quantum_Inpired_PSO_Classifcation\train\smoke\smoke4171.jpg,smoke
C:\Users\HishamMo\Desktop\999_cs\Quantum_Inpired_PSO_Classifcation\train\smoke\smoke4172.jpg,smoke
C:\Users\HishamMo\Desktop\999_cs\Quantum_Inpired_PSO_Classifcation\train\smoke\smoke4173.jpg,smoke
C:\Users\HishamMo\Desktop\999_cs\Quantum_Inpired_PSO_Classifcation\train\smoke\smoke4174.jpg,smoke
C:\Users\HishamMo\Desktop\999_cs\Quantum_Inpired_PSO_Classifcation\train\smoke\smoke4175.jpg,smoke
C:\Users\HishamMo\Desktop\999_cs\Quantum_Inpired_PSO_Classifcation\train\smoke\smoke4176.jpg,smoke
C:\Users\HishamMo\Desktop\999_cs\Quantum_Inpired_PSO_Classifcation\train\smoke\smoke4177.jpg,smoke
C:\Users\HishamMo\Desktop\999_cs\Quantum_Inpired_PSO_Classifcation\train\smoke\smoke4179.jpg,smoke
C:\Users\HishamMo\Desktop\999_cs\Quantum_Inpired_PSO_Classifcation\train\smoke\smoke4181.jpg,smoke
C:\Users\HishamMo\Desktop\999_cs\Quantum_Inpired_PSO_Classifcation\train\smoke\smoke4184.jpg,smoke
C:\Users\HishamMo\Desktop\999_cs\Quantum_Inpired_PSO_Classifcation\train\smoke\smoke4185.jpg,smoke
C:\Users\HishamMo\Desktop\999_cs\Quantum_Inpired_PSO_Classifcation\train\smoke\smoke4186.jpg,smoke
C:\Users\HishamMo\Desktop\999_cs\Quantum_Inpired_PSO_Classifcation\train\smoke\smoke4187.jpg,smoke
C:\Users\HishamMo\Desktop\999_cs\Quantum_Inpired_PSO_Classifcation\train\smoke\smoke4188.jpg,smoke
C:\Users\HishamMo\Desktop\999_cs\Quantum_Inpired_PSO_Classifcation\train\smoke\smoke4189.jpg,smoke
C:\Users\HishamMo\Desktop\999_cs\Quantum_Inpired_PSO_Classifcation\train\smoke\smoke4190.jpg,smoke
C:\Users\HishamMo\Desktop\999_cs\Quantum_Inpired_PSO_Classifcation\train\smoke\smoke4191.jpg,smoke
C:\Users\HishamMo\Desktop\999_cs\Quantum_Inpired_PSO_Classifcation\train\smoke\smoke4192.jpg,smoke
C:\Users\HishamMo\Desktop\999_cs\Quantum_Inpired_PSO_Classifcation\train\smoke\smoke4193.jpg,smoke
C:\Users\HishamMo\Desktop\999_cs\Quantum_Inpired_PSO_Classifcation\train\smoke\smoke4194.jpg,smoke
C:\Users\HishamMo\Desktop\999_cs\Quantum_Inpired_PSO_Classifcation\train\smoke\smoke4195.jpg,smoke
C:\Users\HishamMo\Desktop\999_cs\Quantum_Inpired_PSO_Classifcation\train\smoke\smoke4196.jpg,smoke
C:\Users\HishamMo\Desktop\999_cs\Quantum_Inpired_PSO_Classifcation\train\smoke\smoke4197.jpg,smoke
C:\Users\HishamMo\Desktop\999_cs\Quantum_Inpired_PSO_Classifcation\train\smoke\smoke4198.jpg,smoke
C:\Users\HishamMo\Desktop\999_cs\Quantum_Inpired_PSO_Classifcation\train\smoke\smoke4199.jpg,smoke
C:\Users\HishamMo\Desktop\999_cs\Quantum_Inpired_PSO_Classifcation\train\smoke\smoke4202.jpg,smoke
C:\Users\HishamMo\Desktop\999_cs\Quantum_Inpired_PSO_Classifcation\train\smoke\smoke4203.jpg,smoke
C:\Users\HishamMo\Desktop\999_cs\Quantum_Inpired_PSO_Classifcation\train\smoke\smoke4204.jpg,smoke
C:\Users\HishamMo\Desktop\999_cs\Quantum_Inpired_PSO_Classifcation\train\smoke\smoke4205.jpg,smoke
C:\Users\HishamMo\Desktop\999_cs\Quantum_Inpired_PSO_Classifcation\train\smoke\smoke4206.jpg,smoke
C:\Users\HishamMo\Desktop\999_cs\Quantum_Inpired_PSO_Classifcation\train\smoke\smoke4207.jpg,smoke
C:\Users\HishamMo\Desktop\999_cs\Quantum_Inpired_PSO_Classifcation\train\smoke\smoke4208.jpg,smoke
C:\Users\HishamMo\Desktop\999_cs\Quantum_Inpired_PSO_Classifcation\train\smoke\smoke4209.jpg,smoke
C:\Users\HishamMo\Desktop\999_cs\Quantum_Inpired_PSO_Classifcation\train\smoke\smoke4210.jpg,smoke
C:\Users\HishamMo\Desktop\999_cs\Quantum_Inpired_PSO_Classifcation\train\smoke\smoke4211.jpg,smoke
C:\Users\HishamMo\Desktop\999_cs\Quantum_Inpired_PSO_Classifcation\train\smoke\smoke4212.jpg,smoke
C:\Users\HishamMo\Desktop\999_cs\Quantum_Inpired_PSO_Classifcation\train\smoke\smoke4213.jpg,smoke
C:\Users\HishamMo\Desktop\999_cs\Quantum_Inpired_PSO_Classifcation\train\smoke\smoke4214.jpg,smoke
C:\Users\HishamMo\Desktop\999_cs\Quantum_Inpired_PSO_Classifcation\train\smoke\smoke4215.jpg,smoke
C:\Users\HishamMo\Desktop\999_cs\Quantum_Inpired_PSO_Classifcation\train\smoke\smoke4217.jpg,smoke
C:\Users\HishamMo\Desktop\999_cs\Quantum_Inpired_PSO_Classifcation\train\smoke\smoke4218.jpg,smoke
C:\Users\HishamMo\Desktop\999_cs\Quantum_Inpired_PSO_Classifcation\train\smoke\smoke4219.jpg,smoke
C:\Users\HishamMo\Desktop\999_cs\Quantum_Inpired_PSO_Classifcation\train\smoke\smoke4220.jpg,smoke
C:\Users\HishamMo\Desktop\999_cs\Quantum_Inpired_PSO_Classifcation\train\smoke\smoke4223.jpg,smoke
C:\Users\HishamMo\Desktop\999_cs\Quantum_Inpired_PSO_Classifcation\train\smoke\smoke4224.jpg,smoke
C:\Users\HishamMo\Desktop\999_cs\Quantum_Inpired_PSO_Classifcation\train\smoke\smoke4225.jpg,smoke
C:\Users\HishamMo\Desktop\999_cs\Quantum_Inpired_PSO_Classifcation\train\smoke\smoke4226.jpg,smoke
C:\Users\HishamMo\Desktop\999_cs\Quantum_Inpired_PSO_Classifcation\train\smoke\smoke4227.jpg,smoke
C:\Users\HishamMo\Desktop\999_cs\Quantum_Inpired_PSO_Classifcation\train\smoke\smoke4229.jpg,smoke
C:\Users\HishamMo\Desktop\999_cs\Quantum_Inpired_PSO_Classifcation\train\smoke\smoke4230.jpg,smoke
C:\Users\HishamMo\Desktop\999_cs\Quantum_Inpired_PSO_Classifcation\train\smoke\smoke4231.jpg,smoke
C:\Users\HishamMo\Desktop\999_cs\Quantum_Inpired_PSO_Classifcation\train\smoke\smoke4232.jpg,smoke
C:\Users\HishamMo\Desktop\999_cs\Quantum_Inpired_PSO_Classifcation\train\smoke\smoke4235.jpg,smoke
C:\Users\HishamMo\Desktop\999_cs\Quantum_Inpired_PSO_Classifcation\train\smoke\smoke4238.jpg,smoke
C:\Users\HishamMo\Desktop\999_cs\Quantum_Inpired_PSO_Classifcation\train\smoke\smoke4239.jpg,smoke
C:\Users\HishamMo\Desktop\999_cs\Quantum_Inpired_PSO_Classifcation\train\smoke\smoke4241.jpg,smoke
C:\Users\HishamMo\Desktop\999_cs\Quantum_Inpired_PSO_Classifcation\train\smoke\smoke4242.jpg,smoke
C:\Users\HishamMo\Desktop\999_cs\Quantum_Inpired_PSO_Classifcation\train\smoke\smoke4244.jpg,smoke
C:\Users\HishamMo\Desktop\999_cs\Quantum_Inpired_PSO_Classifcation\train\smoke\smoke4245.jpg,smoke
C:\Users\HishamMo\Desktop\999_cs\Quantum_Inpired_PSO_Classifcation\train\smoke\smoke4246.jpg,smoke
C:\Users\HishamMo\Desktop\999_cs\Quantum_Inpired_PSO_Classifcation\train\smoke\smoke4247.jpg,smoke
C:\Users\HishamMo\Desktop\999_cs\Quantum_Inpired_PSO_Classifcation\train\smoke\smoke4248.jpg,smoke
C:\Users\HishamMo\Desktop\999_cs\Quantum_Inpired_PSO_Classifcation\train\smoke\smoke4250.jpg,smoke
C:\Users\HishamMo\Desktop\999_cs\Quantum_Inpired_PSO_Classifcation\train\smoke\smoke4251.jpg,smoke
C:\Users\HishamMo\Desktop\999_cs\Quantum_Inpired_PSO_Classifcation\train\smoke\smoke4253.jpg,smoke
C:\Users\HishamMo\Desktop\999_cs\Quantum_Inpired_PSO_Classifcation\train\smoke\smoke4254.jpg,smoke
C:\Users\HishamMo\Desktop\999_cs\Quantum_Inpired_PSO_Classifcation\train\smoke\smoke4256.jpg,smoke
C:\Users\HishamMo\Desktop\999_cs\Quantum_Inpired_PSO_Classifcation\train\smoke\smoke4258.jpg,smoke
C:\Users\HishamMo\Desktop\999_cs\Quantum_Inpired_PSO_Classifcation\train\smoke\smoke4259.jpg,smoke
C:\Users\HishamMo\Desktop\999_cs\Quantum_Inpired_PSO_Classifcation\train\smoke\smoke4260.jpg,smoke
C:\Users\HishamMo\Desktop\999_cs\Quantum_Inpired_PSO_Classifcation\train\smoke\smoke4261.jpg,smoke
C:\Users\HishamMo\Desktop\999_cs\Quantum_Inpired_PSO_Classifcation\train\smoke\smoke4262.jpg,smoke
C:\Users\HishamMo\Desktop\999_cs\Quantum_Inpired_PSO_Classifcation\train\smoke\smoke4263.jpg,smoke
C:\Users\HishamMo\Desktop\999_cs\Quantum_Inpired_PSO_Classifcation\train\smoke\smoke4267.jpg,smoke
C:\Users\HishamMo\Desktop\999_cs\Quantum_Inpired_PSO_Classifcation\train\smoke\smoke4268.jpg,smoke
C:\Users\HishamMo\Desktop\999_cs\Quantum_Inpired_PSO_Classifcation\train\smoke\smoke4269.jpg,smoke
C:\Users\HishamMo\Desktop\999_cs\Quantum_Inpired_PSO_Classifcation\train\smoke\smoke4271.jpg,smoke
C:\Users\HishamMo\Desktop\999_cs\Quantum_Inpired_PSO_Classifcation\train\smoke\smoke4274.jpg,smoke
C:\Users\HishamMo\Desktop\999_cs\Quantum_Inpired_PSO_Classifcation\train\smoke\smoke4275.jpg,smoke
C:\Users\HishamMo\Desktop\999_cs\Quantum_Inpired_PSO_Classifcation\train\smoke\smoke4276.jpg,smoke
C:\Users\HishamMo\Desktop\999_cs\Quantum_Inpired_PSO_Classifcation\train\smoke\smoke4277.jpg,smoke
C:\Users\HishamMo\Desktop\999_cs\Quantum_Inpired_PSO_Classifcation\train\smoke\smoke4279.jpg,smoke
C:\Users\HishamMo\Desktop\999_cs\Quantum_Inpired_PSO_Classifcation\train\smoke\smoke4280.jpg,smoke
C:\Users\HishamMo\Desktop\999_cs\Quantum_Inpired_PSO_Classifcation\train\smoke\smoke4281.jpg,smoke
C:\Users\HishamMo\Desktop\999_cs\Quantum_Inpired_PSO_Classifcation\train\smoke\smoke4282.jpg,smoke
C:\Users\HishamMo\Desktop\999_cs\Quantum_Inpired_PSO_Classifcation\train\smoke\smoke4284.jpg,smoke
C:\Users\HishamMo\Desktop\999_cs\Quantum_Inpired_PSO_Classifcation\train\smoke\smoke4286.jpg,smoke
C:\Users\HishamMo\Desktop\999_cs\Quantum_Inpired_PSO_Classifcation\train\smoke\smoke4287.jpg,smoke
C:\Users\HishamMo\Desktop\999_cs\Quantum_Inpired_PSO_Classifcation\train\smoke\smoke4288.jpg,smoke
C:\Users\HishamMo\Desktop\999_cs\Quantum_Inpired_PSO_Classifcation\train\smoke\smoke4289.jpg,smoke
C:\Users\HishamMo\Desktop\999_cs\Quantum_Inpired_PSO_Classifcation\train\smoke\smoke4291.jpg,smoke
C:\Users\HishamMo\Desktop\999_cs\Quantum_Inpired_PSO_Classifcation\train\smoke\smoke4293.jpg,smoke
C:\Users\HishamMo\Desktop\999_cs\Quantum_Inpired_PSO_Classifcation\train\smoke\smoke4294.jpg,smoke
C:\Users\HishamMo\Desktop\999_cs\Quantum_Inpired_PSO_Classifcation\train\smoke\smoke4295.jpg,smoke
C:\Users\HishamMo\Desktop\999_cs\Quantum_Inpired_PSO_Classifcation\train\smoke\smoke4296.jpg,smoke
C:\Users\HishamMo\Desktop\999_cs\Quantum_Inpired_PSO_Classifcation\train\smoke\smoke4300.jpg,smoke
C:\Users\HishamMo\Desktop\999_cs\Quantum_Inpired_PSO_Classifcation\train\smoke\smoke4301.jpg,smoke
C:\Users\HishamMo\Desktop\999_cs\Quantum_Inpired_PSO_Classifcation\train\smoke\smoke4302.jpg,smoke
C:\Users\HishamMo\Desktop\999_cs\Quantum_Inpired_PSO_Classifcation\train\smoke\smoke4303.jpg,smoke
C:\Users\HishamMo\Desktop\999_cs\Quantum_Inpired_PSO_Classifcation\train\smoke\smoke4304.jpg,smoke
C:\Users\HishamMo\Desktop\999_cs\Quantum_Inpired_PSO_Classifcation\train\smoke\smoke4305.jpg,smoke
C:\Users\HishamMo\Desktop\999_cs\Quantum_Inpired_PSO_Classifcation\train\smoke\smoke4306.jpg,smoke
C:\Users\HishamMo\Desktop\999_cs\Quantum_Inpired_PSO_Classifcation\train\smoke\smoke4307.jpg,smoke
C:\Users\HishamMo\Desktop\999_cs\Quantum_Inpired_PSO_Classifcation\train\smoke\smoke4308.jpg,smoke
C:\Users\HishamMo\Desktop\999_cs\Quantum_Inpired_PSO_Classifcation\train\smoke\smoke4310.jpg,smoke
C:\Users\HishamMo\Desktop\999_cs\Quantum_Inpired_PSO_Classifcation\train\smoke\smoke4311.jpg,smoke
C:\Users\HishamMo\Desktop\999_cs\Quantum_Inpired_PSO_Classifcation\train\smoke\smoke4312.jpg,smoke
C:\Users\HishamMo\Desktop\999_cs\Quantum_Inpired_PSO_Classifcation\train\smoke\smoke4313.jpg,smoke
C:\Users\HishamMo\Desktop\999_cs\Quantum_Inpired_PSO_Classifcation\train\smoke\smoke4314.jpg,smoke
C:\Users\HishamMo\Desktop\999_cs\Quantum_Inpired_PSO_Classifcation\train\smoke\smoke4315.jpg,smoke
C:\Users\HishamMo\Desktop\999_cs\Quantum_Inpired_PSO_Classifcation\train\smoke\smoke4318.jpg,smoke
C:\Users\HishamMo\Desktop\999_cs\Quantum_Inpired_PSO_Classifcation\train\smoke\smoke4320.jpg,smoke
C:\Users\HishamMo\Desktop\999_cs\Quantum_Inpired_PSO_Classifcation\train\smoke\smoke4321.jpg,smoke
C:\Users\HishamMo\Desktop\999_cs\Quantum_Inpired_PSO_Classifcation\train\smoke\smoke4322.jpg,smoke
C:\Users\HishamMo\Desktop\999_cs\Quantum_Inpired_PSO_Classifcation\train\smoke\smoke4324.jpg,smoke
C:\Users\HishamMo\Desktop\999_cs\Quantum_Inpired_PSO_Classifcation\train\smoke\smoke4325.jpg,smoke
C:\Users\HishamMo\Desktop\999_cs\Quantum_Inpired_PSO_Classifcation\train\smoke\smoke4326.jpg,smoke
C:\Users\HishamMo\Desktop\999_cs\Quantum_Inpired_PSO_Classifcation\train\smoke\smoke4327.jpg,smoke
C:\Users\HishamMo\Desktop\999_cs\Quantum_Inpired_PSO_Classifcation\train\smoke\smoke4328.jpg,smoke
C:\Users\HishamMo\Desktop\999_cs\Quantum_Inpired_PSO_Classifcation\train\smoke\smoke4329.jpg,smoke
C:\Users\HishamMo\Desktop\999_cs\Quantum_Inpired_PSO_Classifcation\train\smoke\smoke4330.jpg,smoke
C:\Users\HishamMo\Desktop\999_cs\Quantum_Inpired_PSO_Classifcation\train\smoke\smoke4331.jpg,smoke
C:\Users\HishamMo\Desktop\999_cs\Quantum_Inpired_PSO_Classifcation\train\smoke\smoke4332.jpg,smoke
C:\Users\HishamMo\Desktop\999_cs\Quantum_Inpired_PSO_Classifcation\train\smoke\smoke4333.jpg,smoke
C:\Users\HishamMo\Desktop\999_cs\Quantum_Inpired_PSO_Classifcation\train\smoke\smoke4334.jpg,smoke
C:\Users\HishamMo\Desktop\999_cs\Quantum_Inpired_PSO_Classifcation\train\smoke\smoke4335.jpg,smoke
C:\Users\HishamMo\Desktop\999_cs\Quantum_Inpired_PSO_Classifcation\train\smoke\smoke4338.jpg,smoke
C:\Users\HishamMo\Desktop\999_cs\Quantum_Inpired_PSO_Classifcation\train\smoke\smoke4339.jpg,smoke
C:\Users\HishamMo\Desktop\999_cs\Quantum_Inpired_PSO_Classifcation\train\smoke\smoke4340.jpg,smoke
C:\Users\HishamMo\Desktop\999_cs\Quantum_Inpired_PSO_Classifcation\train\smoke\smoke4341.jpg,smoke
C:\Users\HishamMo\Desktop\999_cs\Quantum_Inpired_PSO_Classifcation\train\smoke\smoke4342.jpg,smoke
C:\Users\HishamMo\Desktop\999_cs\Quantum_Inpired_PSO_Classifcation\train\smoke\smoke4343.jpg,smoke
C:\Users\HishamMo\Desktop\999_cs\Quantum_Inpired_PSO_Classifcation\train\smoke\smoke4345.jpg,smoke
C:\Users\HishamMo\Desktop\999_cs\Quantum_Inpired_PSO_Classifcation\train\smoke\smoke4346.jpg,smoke
C:\Users\HishamMo\Desktop\999_cs\Quantum_Inpired_PSO_Classifcation\train\smoke\smoke4347.jpg,smoke
C:\Users\HishamMo\Desktop\999_cs\Quantum_Inpired_PSO_Classifcation\train\smoke\smoke4348.jpg,smoke
C:\Users\HishamMo\Desktop\999_cs\Quantum_Inpired_PSO_Classifcation\train\smoke\smoke4352.jpg,smoke
C:\Users\HishamMo\Desktop\999_cs\Quantum_Inpired_PSO_Classifcation\train\smoke\smoke4353.jpg,smoke
C:\Users\HishamMo\Desktop\999_cs\Quantum_Inpired_PSO_Classifcation\train\smoke\smoke4354.jpg,smoke
C:\Users\HishamMo\Desktop\999_cs\Quantum_Inpired_PSO_Classifcation\train\smoke\smoke4355.jpg,smoke
C:\Users\HishamMo\Desktop\999_cs\Quantum_Inpired_PSO_Classifcation\train\smoke\smoke4356.jpg,smoke
C:\Users\HishamMo\Desktop\999_cs\Quantum_Inpired_PSO_Classifcation\train\smoke\smoke4357.jpg,smoke
C:\Users\HishamMo\Desktop\999_cs\Quantum_Inpired_PSO_Classifcation\train\smoke\smoke4359.jpg,smoke
C:\Users\HishamMo\Desktop\999_cs\Quantum_Inpired_PSO_Classifcation\train\smoke\smoke4361.jpg,smoke
C:\Users\HishamMo\Desktop\999_cs\Quantum_Inpired_PSO_Classifcation\train\smoke\smoke4363.jpg,smoke
C:\Users\HishamMo\Desktop\999_cs\Quantum_Inpired_PSO_Classifcation\train\smoke\smoke4364.jpg,smoke
C:\Users\HishamMo\Desktop\999_cs\Quantum_Inpired_PSO_Classifcation\train\smoke\smoke4365.jpg,smoke
C:\Users\HishamMo\Desktop\999_cs\Quantum_Inpired_PSO_Classifcation\train\smoke\smoke4367.jpg,smoke
C:\Users\HishamMo\Desktop\999_cs\Quantum_Inpired_PSO_Classifcation\train\smoke\smoke4368.jpg,smoke
C:\Users\HishamMo\Desktop\999_cs\Quantum_Inpired_PSO_Classifcation\train\smoke\smoke4369.jpg,smoke
C:\Users\HishamMo\Desktop\999_cs\Quantum_Inpired_PSO_Classifcation\train\smoke\smoke4371.jpg,smoke
C:\Users\HishamMo\Desktop\999_cs\Quantum_Inpired_PSO_Classifcation\train\smoke\smoke4372.jpg,smoke
C:\Users\HishamMo\Desktop\999_cs\Quantum_Inpired_PSO_Classifcation\train\smoke\smoke4373.jpg,smoke
C:\Users\HishamMo\Desktop\999_cs\Quantum_Inpired_PSO_Classifcation\train\smoke\smoke4374.jpg,smoke
C:\Users\HishamMo\Desktop\999_cs\Quantum_Inpired_PSO_Classifcation\train\smoke\smoke4375.jpg,smoke
C:\Users\HishamMo\Desktop\999_cs\Quantum_Inpired_PSO_Classifcation\train\smoke\smoke4377.jpg,smoke
C:\Users\HishamMo\Desktop\999_cs\Quantum_Inpired_PSO_Classifcation\train\smoke\smoke4378.jpg,smoke
C:\Users\HishamMo\Desktop\999_cs\Quantum_Inpired_PSO_Classifcation\train\smoke\smoke4379.jpg,smoke
C:\Users\HishamMo\Desktop\999_cs\Quantum_Inpired_PSO_Classifcation\train\smoke\smoke4380.jpg,smoke
C:\Users\HishamMo\Desktop\999_cs\Quantum_Inpired_PSO_Classifcation\train\smoke\smoke4384.jpg,smoke
C:\Users\HishamMo\Desktop\999_cs\Quantum_Inpired_PSO_Classifcation\train\smoke\smoke4385.jpg,smoke
C:\Users\HishamMo\Desktop\999_cs\Quantum_Inpired_PSO_Classifcation\train\smoke\smoke4386.jpg,smoke
C:\Users\HishamMo\Desktop\999_cs\Quantum_Inpired_PSO_Classifcation\train\smoke\smoke4388.jpg,smoke
C:\Users\HishamMo\Desktop\999_cs\Quantum_Inpired_PSO_Classifcation\train\smoke\smoke4390.jpg,smoke
C:\Users\HishamMo\Desktop\999_cs\Quantum_Inpired_PSO_Classifcation\train\smoke\smoke4391.jpg,smoke
C:\Users\HishamMo\Desktop\999_cs\Quantum_Inpired_PSO_Classifcation\train\smoke\smoke4393.jpg,smoke
C:\Users\HishamMo\Desktop\999_cs\Quantum_Inpired_PSO_Classifcation\train\smoke\smoke4395.jpg,smoke
C:\Users\HishamMo\Desktop\999_cs\Quantum_Inpired_PSO_Classifcation\train\smoke\smoke4396.jpg,smoke
C:\Users\HishamMo\Desktop\999_cs\Quantum_Inpired_PSO_Classifcation\train\smoke\smoke4397.jpg,smoke
C:\Users\HishamMo\Desktop\999_cs\Quantum_Inpired_PSO_Classifcation\train\smoke\smoke4398.jpg,smoke
C:\Users\HishamMo\Desktop\999_cs\Quantum_Inpired_PSO_Classifcation\train\smoke\smoke4399.jpg,smoke
C:\Users\HishamMo\Desktop\999_cs\Quantum_Inpired_PSO_Classifcation\train\smoke\smoke4400.jpg,smoke
C:\Users\HishamMo\Desktop\999_cs\Quantum_Inpired_PSO_Classifcation\train\smoke\smoke4401.jpg,smoke
C:\Users\HishamMo\Desktop\999_cs\Quantum_Inpired_PSO_Classifcation\train\smoke\smoke4402.jpg,smoke
C:\Users\HishamMo\Desktop\999_cs\Quantum_Inpired_PSO_Classifcation\train\smoke\smoke4406.jpg,smoke
C:\Users\HishamMo\Desktop\999_cs\Quantum_Inpired_PSO_Classifcation\train\smoke\smoke4407.jpg,smoke
C:\Users\HishamMo\Desktop\999_cs\Quantum_Inpired_PSO_Classifcation\train\smoke\smoke4408.jpg,smoke
C:\Users\HishamMo\Desktop\999_cs\Quantum_Inpired_PSO_Classifcation\train\smoke\smoke4409.jpg,smoke
C:\Users\HishamMo\Desktop\999_cs\Quantum_Inpired_PSO_Classifcation\train\smoke\smoke4410.jpg,smoke
C:\Users\HishamMo\Desktop\999_cs\Quantum_Inpired_PSO_Classifcation\train\smoke\smoke4412.jpg,smoke
C:\Users\HishamMo\Desktop\999_cs\Quantum_Inpired_PSO_Classifcation\train\smoke\smoke4413.jpg,smoke
C:\Users\HishamMo\Desktop\999_cs\Quantum_Inpired_PSO_Classifcation\train\smoke\smoke4415.jpg,smoke
C:\Users\HishamMo\Desktop\999_cs\Quantum_Inpired_PSO_Classifcation\train\smoke\smoke4416.jpg,smoke
C:\Users\HishamMo\Desktop\999_cs\Quantum_Inpired_PSO_Classifcation\train\smoke\smoke4417.jpg,smoke
C:\Users\HishamMo\Desktop\999_cs\Quantum_Inpired_PSO_Classifcation\train\smoke\smoke4418.jpg,smoke
C:\Users\HishamMo\Desktop\999_cs\Quantum_Inpired_PSO_Classifcation\train\smoke\smoke4420.jpg,smoke
C:\Users\HishamMo\Desktop\999_cs\Quantum_Inpired_PSO_Classifcation\train\smoke\smoke4421.jpg,smoke
C:\Users\HishamMo\Desktop\999_cs\Quantum_Inpired_PSO_Classifcation\train\smoke\smoke4422.jpg,smoke
C:\Users\HishamMo\Desktop\999_cs\Quantum_Inpired_PSO_Classifcation\train\smoke\smoke4423.jpg,smoke
C:\Users\HishamMo\Desktop\999_cs\Quantum_Inpired_PSO_Classifcation\train\smoke\smoke4424.jpg,smoke
C:\Users\HishamMo\Desktop\999_cs\Quantum_Inpired_PSO_Classifcation\train\smoke\smoke4425.jpg,smoke
C:\Users\HishamMo\Desktop\999_cs\Quantum_Inpired_PSO_Classifcation\train\smoke\smoke4426.jpg,smoke
C:\Users\HishamMo\Desktop\999_cs\Quantum_Inpired_PSO_Classifcation\train\smoke\smoke4428.jpg,smoke
C:\Users\HishamMo\Desktop\999_cs\Quantum_Inpired_PSO_Classifcation\train\smoke\smoke4429.jpg,smoke
C:\Users\HishamMo\Desktop\999_cs\Quantum_Inpired_PSO_Classifcation\train\smoke\smoke4430.jpg,smoke
C:\Users\HishamMo\Desktop\999_cs\Quantum_Inpired_PSO_Classifcation\train\smoke\smoke4431.jpg,smoke
C:\Users\HishamMo\Desktop\999_cs\Quantum_Inpired_PSO_Classifcation\train\smoke\smoke4432.jpg,smoke
C:\Users\HishamMo\Desktop\999_cs\Quantum_Inpired_PSO_Classifcation\train\smoke\smoke4433.jpg,smoke
C:\Users\HishamMo\Desktop\999_cs\Quantum_Inpired_PSO_Classifcation\train\smoke\smoke4434.jpg,smoke
C:\Users\HishamMo\Desktop\999_cs\Quantum_Inpired_PSO_Classifcation\train\smoke\smoke4435.jpg,smoke
C:\Users\HishamMo\Desktop\999_cs\Quantum_Inpired_PSO_Classifcation\train\smoke\smoke4437.jpg,smoke
C:\Users\HishamMo\Desktop\999_cs\Quantum_Inpired_PSO_Classifcation\train\smoke\smoke4438.jpg,smoke
C:\Users\HishamMo\Desktop\999_cs\Quantum_Inpired_PSO_Classifcation\train\smoke\smoke4440.jpg,smoke
C:\Users\HishamMo\Desktop\999_cs\Quantum_Inpired_PSO_Classifcation\train\smoke\smoke4442.jpg,smoke
C:\Users\HishamMo\Desktop\999_cs\Quantum_Inpired_PSO_Classifcation\train\smoke\smoke4443.jpg,smoke
C:\Users\HishamMo\Desktop\999_cs\Quantum_Inpired_PSO_Classifcation\train\smoke\smoke4445.jpg,smoke
C:\Users\HishamMo\Desktop\999_cs\Quantum_Inpired_PSO_Classifcation\train\smoke\smoke4446.jpg,smoke
C:\Users\HishamMo\Desktop\999_cs\Quantum_Inpired_PSO_Classifcation\train\smoke\smoke4447.jpg,smoke
C:\Users\HishamMo\Desktop\999_cs\Quantum_Inpired_PSO_Classifcation\train\smoke\smoke4448.jpg,smoke
C:\Users\HishamMo\Desktop\999_cs\Quantum_Inpired_PSO_Classifcation\train\smoke\smoke4449.jpg,smoke
C:\Users\HishamMo\Desktop\999_cs\Quantum_Inpired_PSO_Classifcation\train\smoke\smoke4452.jpg,smoke
C:\Users\HishamMo\Desktop\999_cs\Quantum_Inpired_PSO_Classifcation\train\smoke\smoke4453.jpg,smoke
C:\Users\HishamMo\Desktop\999_cs\Quantum_Inpired_PSO_Classifcation\train\smoke\smoke4454.jpg,smoke
C:\Users\HishamMo\Desktop\999_cs\Quantum_Inpired_PSO_Classifcation\train\smoke\smoke4455.jpg,smoke
C:\Users\HishamMo\Desktop\999_cs\Quantum_Inpired_PSO_Classifcation\train\smoke\smoke4456.jpg,smoke
C:\Users\HishamMo\Desktop\999_cs\Quantum_Inpired_PSO_Classifcation\train\smoke\smoke4458.jpg,smoke
C:\Users\HishamMo\Desktop\999_cs\Quantum_Inpired_PSO_Classifcation\train\smoke\smoke4459.jpg,smoke
C:\Users\HishamMo\Desktop\999_cs\Quantum_Inpired_PSO_Classifcation\train\smoke\smoke4460.jpg,smoke
C:\Users\HishamMo\Desktop\999_cs\Quantum_Inpired_PSO_Classifcation\train\smoke\smoke4461.jpg,smoke
C:\Users\HishamMo\Desktop\999_cs\Quantum_Inpired_PSO_Classifcation\train\smoke\smoke4462.jpg,smoke
C:\Users\HishamMo\Desktop\999_cs\Quantum_Inpired_PSO_Classifcation\train\smoke\smoke4463.jpg,smoke
C:\Users\HishamMo\Desktop\999_cs\Quantum_Inpired_PSO_Classifcation\train\smoke\smoke4465.jpg,smoke
C:\Users\HishamMo\Desktop\999_cs\Quantum_Inpired_PSO_Classifcation\train\smoke\smoke4466.jpg,smoke
C:\Users\HishamMo\Desktop\999_cs\Quantum_Inpired_PSO_Classifcation\train\smoke\smoke4467.jpg,smoke
C:\Users\HishamMo\Desktop\999_cs\Quantum_Inpired_PSO_Classifcation\train\smoke\smoke4469.jpg,smoke
C:\Users\HishamMo\Desktop\999_cs\Quantum_Inpired_PSO_Classifcation\train\smoke\smoke4470.jpg,smoke
C:\Users\HishamMo\Desktop\999_cs\Quantum_Inpired_PSO_Classifcation\train\smoke\smoke4471.jpg,smoke
C:\Users\HishamMo\Desktop\999_cs\Quantum_Inpired_PSO_Classifcation\train\smoke\smoke4472.jpg,smoke
C:\Users\HishamMo\Desktop\999_cs\Quantum_Inpired_PSO_Classifcation\train\smoke\smoke4473.jpg,smoke
C:\Users\HishamMo\Desktop\999_cs\Quantum_Inpired_PSO_Classifcation\train\smoke\smoke4474.jpg,smoke
C:\Users\HishamMo\Desktop\999_cs\Quantum_Inpired_PSO_Classifcation\train\smoke\smoke4476.jpg,smoke
C:\Users\HishamMo\Desktop\999_cs\Quantum_Inpired_PSO_Classifcation\train\smoke\smoke4478.jpg,smoke
C:\Users\HishamMo\Desktop\999_cs\Quantum_Inpired_PSO_Classifcation\train\smoke\smoke4479.jpg,smoke
C:\Users\HishamMo\Desktop\999_cs\Quantum_Inpired_PSO_Classifcation\train\smoke\smoke4480.jpg,smoke
C:\Users\HishamMo\Desktop\999_cs\Quantum_Inpired_PSO_Classifcation\train\smoke\smoke4481.jpg,smoke
C:\Users\HishamMo\Desktop\999_cs\Quantum_Inpired_PSO_Classifcation\train\smoke\smoke4482.jpg,smoke
C:\Users\HishamMo\Desktop\999_cs\Quantum_Inpired_PSO_Classifcation\train\smoke\smoke4483.jpg,smoke
C:\Users\HishamMo\Desktop\999_cs\Quantum_Inpired_PSO_Classifcation\train\smoke\smoke4484.jpg,smoke
C:\Users\HishamMo\Desktop\999_cs\Quantum_Inpired_PSO_Classifcation\train\smoke\smoke4485.jpg,smoke
C:\Users\HishamMo\Desktop\999_cs\Quantum_Inpired_PSO_Classifcation\train\smoke\smoke4486.jpg,smoke
C:\Users\HishamMo\Desktop\999_cs\Quantum_Inpired_PSO_Classifcation\train\smoke\smoke4487.jpg,smoke
C:\Users\HishamMo\Desktop\999_cs\Quantum_Inpired_PSO_Classifcation\train\smoke\smoke4488.jpg,smoke
C:\Users\HishamMo\Desktop\999_cs\Quantum_Inpired_PSO_Classifcation\train\smoke\smoke4489.jpg,smoke
C:\Users\HishamMo\Desktop\999_cs\Quantum_Inpired_PSO_Classifcation\train\smoke\smoke4490.jpg,smoke
C:\Users\HishamMo\Desktop\999_cs\Quantum_Inpired_PSO_Classifcation\train\smoke\smoke4491.jpg,smoke
C:\Users\HishamMo\Desktop\999_cs\Quantum_Inpired_PSO_Classifcation\train\smoke\smoke4492.jpg,smoke
C:\Users\HishamMo\Desktop\999_cs\Quantum_Inpired_PSO_Classifcation\train\smoke\smoke4494.jpg,smoke
C:\Users\HishamMo\Desktop\999_cs\Quantum_Inpired_PSO_Classifcation\train\smoke\smoke4495.jpg,smoke
C:\Users\HishamMo\Desktop\999_cs\Quantum_Inpired_PSO_Classifcation\train\smoke\smoke4496.jpg,smoke
C:\Users\HishamMo\Desktop\999_cs\Quantum_Inpired_PSO_Classifcation\train\smoke\smoke4497.jpg,smoke
C:\Users\HishamMo\Desktop\999_cs\Quantum_Inpired_PSO_Classifcation\train\smoke\smoke4499.jpg,smoke
C:\Users\HishamMo\Desktop\999_cs\Quantum_Inpired_PSO_Classifcation\train\smoke\smoke4500.jpg,smoke
C:\Users\HishamMo\Desktop\999_cs\Quantum_Inpired_PSO_Classifcation\train\smoke\smoke4501.jpg,smoke
C:\Users\HishamMo\Desktop\999_cs\Quantum_Inpired_PSO_Classifcation\train\smoke\smoke4502.jpg,smoke
C:\Users\HishamMo\Desktop\999_cs\Quantum_Inpired_PSO_Classifcation\train\smoke\smoke4503.jpg,smoke
C:\Users\HishamMo\Desktop\999_cs\Quantum_Inpired_PSO_Classifcation\train\smoke\smoke4504.jpg,smoke
C:\Users\HishamMo\Desktop\999_cs\Quantum_Inpired_PSO_Classifcation\train\smoke\smoke4505.jpg,smoke
C:\Users\HishamMo\Desktop\999_cs\Quantum_Inpired_PSO_Classifcation\train\smoke\smoke4506.jpg,smoke
C:\Users\HishamMo\Desktop\999_cs\Quantum_Inpired_PSO_Classifcation\train\smoke\smoke4507.jpg,smoke
C:\Users\HishamMo\Desktop\999_cs\Quantum_Inpired_PSO_Classifcation\train\smoke\smoke4509.jpg,smoke
C:\Users\HishamMo\Desktop\999_cs\Quantum_Inpired_PSO_Classifcation\train\smoke\smoke4511.jpg,smoke
C:\Users\HishamMo\Desktop\999_cs\Quantum_Inpired_PSO_Classifcation\train\smoke\smoke4512.jpg,smoke
C:\Users\HishamMo\Desktop\999_cs\Quantum_Inpired_PSO_Classifcation\train\smoke\smoke4513.jpg,smoke
C:\Users\HishamMo\Desktop\999_cs\Quantum_Inpired_PSO_Classifcation\train\smoke\smoke4514.jpg,smoke
C:\Users\HishamMo\Desktop\999_cs\Quantum_Inpired_PSO_Classifcation\train\smoke\smoke4515.jpg,smoke
C:\Users\HishamMo\Desktop\999_cs\Quantum_Inpired_PSO_Classifcation\train\smoke\smoke4516.jpg,smoke
C:\Users\HishamMo\Desktop\999_cs\Quantum_Inpired_PSO_Classifcation\train\smoke\smoke4517.jpg,smoke
C:\Users\HishamMo\Desktop\999_cs\Quantum_Inpired_PSO_Classifcation\train\smoke\smoke4518.jpg,smoke
C:\Users\HishamMo\Desktop\999_cs\Quantum_Inpired_PSO_Classifcation\train\smoke\smoke4519.jpg,smoke
C:\Users\HishamMo\Desktop\999_cs\Quantum_Inpired_PSO_Classifcation\train\smoke\smoke4520.jpg,smoke
C:\Users\HishamMo\Desktop\999_cs\Quantum_Inpired_PSO_Classifcation\train\smoke\smoke4521.jpg,smoke
C:\Users\HishamMo\Desktop\999_cs\Quantum_Inpired_PSO_Classifcation\train\smoke\smoke4522.jpg,smoke
C:\Users\HishamMo\Desktop\999_cs\Quantum_Inpired_PSO_Classifcation\train\smoke\smoke4523.jpg,smoke
C:\Users\HishamMo\Desktop\999_cs\Quantum_Inpired_PSO_Classifcation\train\smoke\smoke4525.jpg,smoke
C:\Users\HishamMo\Desktop\999_cs\Quantum_Inpired_PSO_Classifcation\train\smoke\smoke4526.jpg,smoke
C:\Users\HishamMo\Desktop\999_cs\Quantum_Inpired_PSO_Classifcation\train\smoke\smoke4527.jpg,smoke
C:\Users\HishamMo\Desktop\999_cs\Quantum_Inpired_PSO_Classifcation\train\smoke\smoke4528.jpg,smoke
C:\Users\HishamMo\Desktop\999_cs\Quantum_Inpired_PSO_Classifcation\train\smoke\smoke4529.jpg,smoke
C:\Users\HishamMo\Desktop\999_cs\Quantum_Inpired_PSO_Classifcation\train\smoke\smoke4530.jpg,smoke
C:\Users\HishamMo\Desktop\999_cs\Quantum_Inpired_PSO_Classifcation\train\smoke\smoke4531.jpg,smoke
C:\Users\HishamMo\Desktop\999_cs\Quantum_Inpired_PSO_Classifcation\train\smoke\smoke4532.jpg,smoke
C:\Users\HishamMo\Desktop\999_cs\Quantum_Inpired_PSO_Classifcation\train\smoke\smoke4533.jpg,smoke
C:\Users\HishamMo\Desktop\999_cs\Quantum_Inpired_PSO_Classifcation\train\smoke\smoke4534.jpg,smoke
C:\Users\HishamMo\Desktop\999_cs\Quantum_Inpired_PSO_Classifcation\train\smoke\smoke4535.jpg,smoke
C:\Users\HishamMo\Desktop\999_cs\Quantum_Inpired_PSO_Classifcation\train\smoke\smoke4536.jpg,smoke
C:\Users\HishamMo\Desktop\999_cs\Quantum_Inpired_PSO_Classifcation\train\smoke\smoke4538.jpg,smoke
C:\Users\HishamMo\Desktop\999_cs\Quantum_Inpired_PSO_Classifcation\train\smoke\smoke4539.jpg,smoke
C:\Users\HishamMo\Desktop\999_cs\Quantum_Inpired_PSO_Classifcation\train\smoke\smoke4541.jpg,smoke
C:\Users\HishamMo\Desktop\999_cs\Quantum_Inpired_PSO_Classifcation\train\smoke\smoke4543.jpg,smoke
C:\Users\HishamMo\Desktop\999_cs\Quantum_Inpired_PSO_Classifcation\train\smoke\smoke4544.jpg,smoke
C:\Users\HishamMo\Desktop\999_cs\Quantum_Inpired_PSO_Classifcation\train\smoke\smoke4546.jpg,smoke
C:\Users\HishamMo\Desktop\999_cs\Quantum_Inpired_PSO_Classifcation\train\smoke\smoke4547.jpg,smoke
C:\Users\HishamMo\Desktop\999_cs\Quantum_Inpired_PSO_Classifcation\train\smoke\smoke4548.jpg,smoke
C:\Users\HishamMo\Desktop\999_cs\Quantum_Inpired_PSO_Classifcation\train\smoke\smoke4549.jpg,smoke
C:\Users\HishamMo\Desktop\999_cs\Quantum_Inpired_PSO_Classifcation\train\smoke\smoke4550.jpg,smoke
C:\Users\HishamMo\Desktop\999_cs\Quantum_Inpired_PSO_Classifcation\train\smoke\smoke4551.jpg,smoke
C:\Users\HishamMo\Desktop\999_cs\Quantum_Inpired_PSO_Classifcation\train\smoke\smoke4552.jpg,smoke
C:\Users\HishamMo\Desktop\999_cs\Quantum_Inpired_PSO_Classifcation\train\smoke\smoke4553.jpg,smoke
C:\Users\HishamMo\Desktop\999_cs\Quantum_Inpired_PSO_Classifcation\train\smoke\smoke4555.jpg,smoke
C:\Users\HishamMo\Desktop\999_cs\Quantum_Inpired_PSO_Classifcation\train\smoke\smoke4556.jpg,smoke
C:\Users\HishamMo\Desktop\999_cs\Quantum_Inpired_PSO_Classifcation\train\smoke\smoke4557.jpg,smoke
C:\Users\HishamMo\Desktop\999_cs\Quantum_Inpired_PSO_Classifcation\train\smoke\smoke4558.jpg,smoke
C:\Users\HishamMo\Desktop\999_cs\Quantum_Inpired_PSO_Classifcation\train\smoke\smoke4561.jpg,smoke
C:\Users\HishamMo\Desktop\999_cs\Quantum_Inpired_PSO_Classifcation\train\smoke\smoke4564.jpg,smoke
C:\Users\HishamMo\Desktop\999_cs\Quantum_Inpired_PSO_Classifcation\train\smoke\smoke4565.jpg,smoke
C:\Users\HishamMo\Desktop\999_cs\Quantum_Inpired_PSO_Classifcation\train\smoke\smoke4566.jpg,smoke
C:\Users\HishamMo\Desktop\999_cs\Quantum_Inpired_PSO_Classifcation\train\smoke\smoke4568.jpg,smoke
C:\Users\HishamMo\Desktop\999_cs\Quantum_Inpired_PSO_Classifcation\train\smoke\smoke4570.jpg,smoke
C:\Users\HishamMo\Desktop\999_cs\Quantum_Inpired_PSO_Classifcation\train\smoke\smoke4571.jpg,smoke
C:\Users\HishamMo\Desktop\999_cs\Quantum_Inpired_PSO_Classifcation\train\smoke\smoke4572.jpg,smoke
C:\Users\HishamMo\Desktop\999_cs\Quantum_Inpired_PSO_Classifcation\train\smoke\smoke4573.jpg,smoke
C:\Users\HishamMo\Desktop\999_cs\Quantum_Inpired_PSO_Classifcation\train\smoke\smoke4574.jpg,smoke
C:\Users\HishamMo\Desktop\999_cs\Quantum_Inpired_PSO_Classifcation\train\smoke\smoke4575.jpg,smoke
C:\Users\HishamMo\Desktop\999_cs\Quantum_Inpired_PSO_Classifcation\train\smoke\smoke4576.jpg,smoke
C:\Users\HishamMo\Desktop\999_cs\Quantum_Inpired_PSO_Classifcation\train\smoke\smoke4577.jpg,smoke
C:\Users\HishamMo\Desktop\999_cs\Quantum_Inpired_PSO_Classifcation\train\smoke\smoke4578.jpg,smoke
C:\Users\HishamMo\Desktop\999_cs\Quantum_Inpired_PSO_Classifcation\train\smoke\smoke4579.jpg,smoke
C:\Users\HishamMo\Desktop\999_cs\Quantum_Inpired_PSO_Classifcation\train\smoke\smoke4580.jpg,smoke
C:\Users\HishamMo\Desktop\999_cs\Quantum_Inpired_PSO_Classifcation\train\smoke\smoke4581.jpg,smoke
C:\Users\HishamMo\Desktop\999_cs\Quantum_Inpired_PSO_Classifcation\train\smoke\smoke4582.jpg,smoke
C:\Users\HishamMo\Desktop\999_cs\Quantum_Inpired_PSO_Classifcation\train\smoke\smoke4585.jpg,smoke
C:\Users\HishamMo\Desktop\999_cs\Quantum_Inpired_PSO_Classifcation\train\smoke\smoke4586.jpg,smoke
C:\Users\HishamMo\Desktop\999_cs\Quantum_Inpired_PSO_Classifcation\train\smoke\smoke4588.jpg,smoke
C:\Users\HishamMo\Desktop\999_cs\Quantum_Inpired_PSO_Classifcation\train\smoke\smoke4589.jpg,smoke
C:\Users\HishamMo\Desktop\999_cs\Quantum_Inpired_PSO_Classifcation\train\smoke\smoke4590.jpg,smoke
C:\Users\HishamMo\Desktop\999_cs\Quantum_Inpired_PSO_Classifcation\train\smoke\smoke4591.jpg,smoke
C:\Users\HishamMo\Desktop\999_cs\Quantum_Inpired_PSO_Classifcation\train\smoke\smoke4592.jpg,smoke
C:\Users\HishamMo\Desktop\999_cs\Quantum_Inpired_PSO_Classifcation\train\smoke\smoke4593.jpg,smoke
C:\Users\HishamMo\Desktop\999_cs\Quantum_Inpired_PSO_Classifcation\train\smoke\smoke4594.jpg,smoke
C:\Users\HishamMo\Desktop\999_cs\Quantum_Inpired_PSO_Classifcation\train\smoke\smoke4596.jpg,smoke
C:\Users\HishamMo\Desktop\999_cs\Quantum_Inpired_PSO_Classifcation\train\smoke\smoke4597.jpg,smoke
C:\Users\HishamMo\Desktop\999_cs\Quantum_Inpired_PSO_Classifcation\train\smoke\smoke4598.jpg,smoke
C:\Users\HishamMo\Desktop\999_cs\Quantum_Inpired_PSO_Classifcation\train\smoke\smoke4599.jpg,smoke
C:\Users\HishamMo\Desktop\999_cs\Quantum_Inpired_PSO_Classifcation\train\smoke\smoke4601.jpg,smoke
C:\Users\HishamMo\Desktop\999_cs\Quantum_Inpired_PSO_Classifcation\train\smoke\smoke4602.jpg,smoke
C:\Users\HishamMo\Desktop\999_cs\Quantum_Inpired_PSO_Classifcation\train\smoke\smoke4603.jpg,smoke
C:\Users\HishamMo\Desktop\999_cs\Quantum_Inpired_PSO_Classifcation\train\smoke\smoke4604.jpg,smoke
C:\Users\HishamMo\Desktop\999_cs\Quantum_Inpired_PSO_Classifcation\train\smoke\smoke4605.jpg,smoke
C:\Users\HishamMo\Desktop\999_cs\Quantum_Inpired_PSO_Classifcation\train\smoke\smoke4608.jpg,smoke
C:\Users\HishamMo\Desktop\999_cs\Quantum_Inpired_PSO_Classifcation\train\smoke\smoke4609.jpg,smoke
C:\Users\HishamMo\Desktop\999_cs\Quantum_Inpired_PSO_Classifcation\train\smoke\smoke4611.jpg,smoke
C:\Users\HishamMo\Desktop\999_cs\Quantum_Inpired_PSO_Classifcation\train\smoke\smoke4612.jpg,smoke
C:\Users\HishamMo\Desktop\999_cs\Quantum_Inpired_PSO_Classifcation\train\smoke\smoke4613.jpg,smoke
C:\Users\HishamMo\Desktop\999_cs\Quantum_Inpired_PSO_Classifcation\train\smoke\smoke4614.jpg,smoke
C:\Users\HishamMo\Desktop\999_cs\Quantum_Inpired_PSO_Classifcation\train\smoke\smoke4615.jpg,smoke
C:\Users\HishamMo\Desktop\999_cs\Quantum_Inpired_PSO_Classifcation\train\smoke\smoke4617.jpg,smoke
C:\Users\HishamMo\Desktop\999_cs\Quantum_Inpired_PSO_Classifcation\train\smoke\smoke4618.jpg,smoke
C:\Users\HishamMo\Desktop\999_cs\Quantum_Inpired_PSO_Classifcation\train\smoke\smoke4620.jpg,smoke
C:\Users\HishamMo\Desktop\999_cs\Quantum_Inpired_PSO_Classifcation\train\smoke\smoke4621.jpg,smoke
C:\Users\HishamMo\Desktop\999_cs\Quantum_Inpired_PSO_Classifcation\train\smoke\smoke4622.jpg,smoke
C:\Users\HishamMo\Desktop\999_cs\Quantum_Inpired_PSO_Classifcation\train\smoke\smoke4623.jpg,smoke
C:\Users\HishamMo\Desktop\999_cs\Quantum_Inpired_PSO_Classifcation\train\smoke\smoke4624.jpg,smoke
C:\Users\HishamMo\Desktop\999_cs\Quantum_Inpired_PSO_Classifcation\train\smoke\smoke4625.jpg,smoke
C:\Users\HishamMo\Desktop\999_cs\Quantum_Inpired_PSO_Classifcation\train\smoke\smoke4627.jpg,smoke
C:\Users\HishamMo\Desktop\999_cs\Quantum_Inpired_PSO_Classifcation\train\smoke\smoke4628.jpg,smoke
C:\Users\HishamMo\Desktop\999_cs\Quantum_Inpired_PSO_Classifcation\train\smoke\smoke4629.jpg,smoke
C:\Users\HishamMo\Desktop\999_cs\Quantum_Inpired_PSO_Classifcation\train\smoke\smoke4630.jpg,smoke
C:\Users\HishamMo\Desktop\999_cs\Quantum_Inpired_PSO_Classifcation\train\smoke\smoke4631.jpg,smoke
C:\Users\HishamMo\Desktop\999_cs\Quantum_Inpired_PSO_Classifcation\train\smoke\smoke4632.jpg,smoke
C:\Users\HishamMo\Desktop\999_cs\Quantum_Inpired_PSO_Classifcation\train\smoke\smoke4633.jpg,smoke
C:\Users\HishamMo\Desktop\999_cs\Quantum_Inpired_PSO_Classifcation\train\smoke\smoke4634.jpg,smoke
C:\Users\HishamMo\Desktop\999_cs\Quantum_Inpired_PSO_Classifcation\train\smoke\smoke4635.jpg,smoke
C:\Users\HishamMo\Desktop\999_cs\Quantum_Inpired_PSO_Classifcation\train\smoke\smoke4636.jpg,smoke
C:\Users\HishamMo\Desktop\999_cs\Quantum_Inpired_PSO_Classifcation\train\smoke\smoke4638.jpg,smoke
C:\Users\HishamMo\Desktop\999_cs\Quantum_Inpired_PSO_Classifcation\train\smoke\smoke4639.jpg,smoke
C:\Users\HishamMo\Desktop\999_cs\Quantum_Inpired_PSO_Classifcation\train\smoke\smoke4640.jpg,smoke
C:\Users\HishamMo\Desktop\999_cs\Quantum_Inpired_PSO_Classifcation\train\smoke\smoke4641.jpg,smoke
C:\Users\HishamMo\Desktop\999_cs\Quantum_Inpired_PSO_Classifcation\train\smoke\smoke4642.jpg,smoke
C:\Users\HishamMo\Desktop\999_cs\Quantum_Inpired_PSO_Classifcation\train\smoke\smoke4644.jpg,smoke
C:\Users\HishamMo\Desktop\999_cs\Quantum_Inpired_PSO_Classifcation\train\smoke\smoke4645.jpg,smoke
C:\Users\HishamMo\Desktop\999_cs\Quantum_Inpired_PSO_Classifcation\train\smoke\smoke4646.jpg,smoke
C:\Users\HishamMo\Desktop\999_cs\Quantum_Inpired_PSO_Classifcation\train\smoke\smoke4648.jpg,smoke
C:\Users\HishamMo\Desktop\999_cs\Quantum_Inpired_PSO_Classifcation\train\smoke\smoke4651.jpg,smoke
C:\Users\HishamMo\Desktop\999_cs\Quantum_Inpired_PSO_Classifcation\train\smoke\smoke4652.jpg,smoke
C:\Users\HishamMo\Desktop\999_cs\Quantum_Inpired_PSO_Classifcation\train\smoke\smoke4653.jpg,smoke
C:\Users\HishamMo\Desktop\999_cs\Quantum_Inpired_PSO_Classifcation\train\smoke\smoke4654.jpg,smoke
C:\Users\HishamMo\Desktop\999_cs\Quantum_Inpired_PSO_Classifcation\train\smoke\smoke4655.jpg,smoke
C:\Users\HishamMo\Desktop\999_cs\Quantum_Inpired_PSO_Classifcation\train\smoke\smoke4656.jpg,smoke
C:\Users\HishamMo\Desktop\999_cs\Quantum_Inpired_PSO_Classifcation\train\smoke\smoke4657.jpg,smoke
C:\Users\HishamMo\Desktop\999_cs\Quantum_Inpired_PSO_Classifcation\train\smoke\smoke4658.jpg,smoke
C:\Users\HishamMo\Desktop\999_cs\Quantum_Inpired_PSO_Classifcation\train\smoke\smoke4660.jpg,smoke
C:\Users\HishamMo\Desktop\999_cs\Quantum_Inpired_PSO_Classifcation\train\smoke\smoke4661.jpg,smoke
C:\Users\HishamMo\Desktop\999_cs\Quantum_Inpired_PSO_Classifcation\train\smoke\smoke4662.jpg,smoke
C:\Users\HishamMo\Desktop\999_cs\Quantum_Inpired_PSO_Classifcation\train\smoke\smoke4663.jpg,smoke
C:\Users\HishamMo\Desktop\999_cs\Quantum_Inpired_PSO_Classifcation\train\smoke\smoke4664.jpg,smoke
C:\Users\HishamMo\Desktop\999_cs\Quantum_Inpired_PSO_Classifcation\train\smoke\smoke4666.jpg,smoke
C:\Users\HishamMo\Desktop\999_cs\Quantum_Inpired_PSO_Classifcation\train\smoke\smoke4667.jpg,smoke
C:\Users\HishamMo\Desktop\999_cs\Quantum_Inpired_PSO_Classifcation\train\smoke\smoke4668.jpg,smoke
C:\Users\HishamMo\Desktop\999_cs\Quantum_Inpired_PSO_Classifcation\train\smoke\smoke4670.jpg,smoke
C:\Users\HishamMo\Desktop\999_cs\Quantum_Inpired_PSO_Classifcation\train\smoke\smoke4671.jpg,smoke
C:\Users\HishamMo\Desktop\999_cs\Quantum_Inpired_PSO_Classifcation\train\smoke\smoke4672.jpg,smoke
C:\Users\HishamMo\Desktop\999_cs\Quantum_Inpired_PSO_Classifcation\train\smoke\smoke4673.jpg,smoke
C:\Users\HishamMo\Desktop\999_cs\Quantum_Inpired_PSO_Classifcation\train\smoke\smoke4675.jpg,smoke
C:\Users\HishamMo\Desktop\999_cs\Quantum_Inpired_PSO_Classifcation\train\smoke\smoke4677.jpg,smoke
C:\Users\HishamMo\Desktop\999_cs\Quantum_Inpired_PSO_Classifcation\train\smoke\smoke4678.jpg,smoke
C:\Users\HishamMo\Desktop\999_cs\Quantum_Inpired_PSO_Classifcation\train\smoke\smoke4679.jpg,smoke
C:\Users\HishamMo\Desktop\999_cs\Quantum_Inpired_PSO_Classifcation\train\smoke\smoke4680.jpg,smoke
C:\Users\HishamMo\Desktop\999_cs\Quantum_Inpired_PSO_Classifcation\train\smoke\smoke4681.jpg,smoke
C:\Users\HishamMo\Desktop\999_cs\Quantum_Inpired_PSO_Classifcation\train\smoke\smoke4682.jpg,smoke
C:\Users\HishamMo\Desktop\999_cs\Quantum_Inpired_PSO_Classifcation\train\smoke\smoke4683.jpg,smoke
C:\Users\HishamMo\Desktop\999_cs\Quantum_Inpired_PSO_Classifcation\train\smoke\smoke4685.jpg,smoke
C:\Users\HishamMo\Desktop\999_cs\Quantum_Inpired_PSO_Classifcation\train\smoke\smoke4686.jpg,smoke
C:\Users\HishamMo\Desktop\999_cs\Quantum_Inpired_PSO_Classifcation\train\smoke\smoke4687.jpg,smoke
C:\Users\HishamMo\Desktop\999_cs\Quantum_Inpired_PSO_Classifcation\train\smoke\smoke4688.jpg,smoke
C:\Users\HishamMo\Desktop\999_cs\Quantum_Inpired_PSO_Classifcation\train\smoke\smoke4689.jpg,smoke
C:\Users\HishamMo\Desktop\999_cs\Quantum_Inpired_PSO_Classifcation\train\smoke\smoke4690.jpg,smoke
C:\Users\HishamMo\Desktop\999_cs\Quantum_Inpired_PSO_Classifcation\train\smoke\smoke4691.jpg,smoke
C:\Users\HishamMo\Desktop\999_cs\Quantum_Inpired_PSO_Classifcation\train\smoke\smoke4692.jpg,smoke
C:\Users\HishamMo\Desktop\999_cs\Quantum_Inpired_PSO_Classifcation\train\smoke\smoke4693.jpg,smoke
C:\Users\HishamMo\Desktop\999_cs\Quantum_Inpired_PSO_Classifcation\train\smoke\smoke4694.jpg,smoke
C:\Users\HishamMo\Desktop\999_cs\Quantum_Inpired_PSO_Classifcation\train\smoke\smoke4696.jpg,smoke
C:\Users\HishamMo\Desktop\999_cs\Quantum_Inpired_PSO_Classifcation\train\smoke\smoke4698.jpg,smoke
C:\Users\HishamMo\Desktop\999_cs\Quantum_Inpired_PSO_Classifcation\train\smoke\smoke4699.jpg,smoke
C:\Users\HishamMo\Desktop\999_cs\Quantum_Inpired_PSO_Classifcation\train\smoke\smoke4701.jpg,smoke
C:\Users\HishamMo\Desktop\999_cs\Quantum_Inpired_PSO_Classifcation\train\smoke\smoke4702.jpg,smoke
C:\Users\HishamMo\Desktop\999_cs\Quantum_Inpired_PSO_Classifcation\train\smoke\smoke4703.jpg,smoke
C:\Users\HishamMo\Desktop\999_cs\Quantum_Inpired_PSO_Classifcation\train\smoke\smoke4704.jpg,smoke
C:\Users\HishamMo\Desktop\999_cs\Quantum_Inpired_PSO_Classifcation\train\smoke\smoke4706.jpg,smoke
C:\Users\HishamMo\Desktop\999_cs\Quantum_Inpired_PSO_Classifcation\train\smoke\smoke4708.jpg,smoke
C:\Users\HishamMo\Desktop\999_cs\Quantum_Inpired_PSO_Classifcation\train\smoke\smoke4709.jpg,smoke
C:\Users\HishamMo\Desktop\999_cs\Quantum_Inpired_PSO_Classifcation\train\smoke\smoke4710.jpg,smoke
C:\Users\HishamMo\Desktop\999_cs\Quantum_Inpired_PSO_Classifcation\train\smoke\smoke4711.jpg,smoke
C:\Users\HishamMo\Desktop\999_cs\Quantum_Inpired_PSO_Classifcation\train\smoke\smoke4712.jpg,smoke
C:\Users\HishamMo\Desktop\999_cs\Quantum_Inpired_PSO_Classifcation\train\smoke\smoke4714.jpg,smoke
C:\Users\HishamMo\Desktop\999_cs\Quantum_Inpired_PSO_Classifcation\train\smoke\smoke4715.jpg,smoke
C:\Users\HishamMo\Desktop\999_cs\Quantum_Inpired_PSO_Classifcation\train\smoke\smoke4716.jpg,smoke
C:\Users\HishamMo\Desktop\999_cs\Quantum_Inpired_PSO_Classifcation\train\smoke\smoke4717.jpg,smoke
C:\Users\HishamMo\Desktop\999_cs\Quantum_Inpired_PSO_Classifcation\train\smoke\smoke4718.jpg,smoke
C:\Users\HishamMo\Desktop\999_cs\Quantum_Inpired_PSO_Classifcation\train\smoke\smoke4720.jpg,smoke
C:\Users\HishamMo\Desktop\999_cs\Quantum_Inpired_PSO_Classifcation\train\smoke\smoke4721.jpg,smoke
C:\Users\HishamMo\Desktop\999_cs\Quantum_Inpired_PSO_Classifcation\train\smoke\smoke4722.jpg,smoke
C:\Users\HishamMo\Desktop\999_cs\Quantum_Inpired_PSO_Classifcation\train\smoke\smoke4723.jpg,smoke
C:\Users\HishamMo\Desktop\999_cs\Quantum_Inpired_PSO_Classifcation\train\smoke\smoke4724.jpg,smoke
C:\Users\HishamMo\Desktop\999_cs\Quantum_Inpired_PSO_Classifcation\train\smoke\smoke4726.jpg,smoke
C:\Users\HishamMo\Desktop\999_cs\Quantum_Inpired_PSO_Classifcation\train\smoke\smoke4727.jpg,smoke
C:\Users\HishamMo\Desktop\999_cs\Quantum_Inpired_PSO_Classifcation\train\smoke\smoke4728.jpg,smoke
C:\Users\HishamMo\Desktop\999_cs\Quantum_Inpired_PSO_Classifcation\train\smoke\smoke4730.jpg,smoke
C:\Users\HishamMo\Desktop\999_cs\Quantum_Inpired_PSO_Classifcation\train\smoke\smoke4731.jpg,smoke
C:\Users\HishamMo\Desktop\999_cs\Quantum_Inpired_PSO_Classifcation\train\smoke\smoke4733.jpg,smoke
C:\Users\HishamMo\Desktop\999_cs\Quantum_Inpired_PSO_Classifcation\train\smoke\smoke4734.jpg,smoke
C:\Users\HishamMo\Desktop\999_cs\Quantum_Inpired_PSO_Classifcation\train\smoke\smoke4736.jpg,smoke
C:\Users\HishamMo\Desktop\999_cs\Quantum_Inpired_PSO_Classifcation\train\smoke\smoke4738.jpg,smoke
C:\Users\HishamMo\Desktop\999_cs\Quantum_Inpired_PSO_Classifcation\train\smoke\smoke4739.jpg,smoke
C:\Users\HishamMo\Desktop\999_cs\Quantum_Inpired_PSO_Classifcation\train\smoke\smoke4742.jpg,smoke
C:\Users\HishamMo\Desktop\999_cs\Quantum_Inpired_PSO_Classifcation\train\smoke\smoke4743.jpg,smoke
C:\Users\HishamMo\Desktop\999_cs\Quantum_Inpired_PSO_Classifcation\train\smoke\smoke4744.jpg,smoke
C:\Users\HishamMo\Desktop\999_cs\Quantum_Inpired_PSO_Classifcation\train\smoke\smoke4745.jpg,smoke
C:\Users\HishamMo\Desktop\999_cs\Quantum_Inpired_PSO_Classifcation\train\smoke\smoke4746.jpg,smoke
C:\Users\HishamMo\Desktop\999_cs\Quantum_Inpired_PSO_Classifcation\train\smoke\smoke4747.jpg,smoke
C:\Users\HishamMo\Desktop\999_cs\Quantum_Inpired_PSO_Classifcation\train\smoke\smoke4748.jpg,smoke
C:\Users\HishamMo\Desktop\999_cs\Quantum_Inpired_PSO_Classifcation\train\smoke\smoke4749.jpg,smoke
C:\Users\HishamMo\Desktop\999_cs\Quantum_Inpired_PSO_Classifcation\train\smoke\smoke4750.jpg,smoke
C:\Users\HishamMo\Desktop\999_cs\Quantum_Inpired_PSO_Classifcation\train\smoke\smoke4751.jpg,smoke
C:\Users\HishamMo\Desktop\999_cs\Quantum_Inpired_PSO_Classifcation\train\smoke\smoke4752.jpg,smoke
C:\Users\HishamMo\Desktop\999_cs\Quantum_Inpired_PSO_Classifcation\train\smoke\smoke4754.jpg,smoke
C:\Users\HishamMo\Desktop\999_cs\Quantum_Inpired_PSO_Classifcation\train\smoke\smoke4755.jpg,smoke
C:\Users\HishamMo\Desktop\999_cs\Quantum_Inpired_PSO_Classifcation\train\smoke\smoke4756.jpg,smoke
C:\Users\HishamMo\Desktop\999_cs\Quantum_Inpired_PSO_Classifcation\train\smoke\smoke4758.jpg,smoke
C:\Users\HishamMo\Desktop\999_cs\Quantum_Inpired_PSO_Classifcation\train\smoke\smoke4760.jpg,smoke
C:\Users\HishamMo\Desktop\999_cs\Quantum_Inpired_PSO_Classifcation\train\smoke\smoke4761.jpg,smoke
C:\Users\HishamMo\Desktop\999_cs\Quantum_Inpired_PSO_Classifcation\train\smoke\smoke4762.jpg,smoke
C:\Users\HishamMo\Desktop\999_cs\Quantum_Inpired_PSO_Classifcation\train\smoke\smoke4763.jpg,smoke
C:\Users\HishamMo\Desktop\999_cs\Quantum_Inpired_PSO_Classifcation\train\smoke\smoke4764.jpg,smoke
C:\Users\HishamMo\Desktop\999_cs\Quantum_Inpired_PSO_Classifcation\train\smoke\smoke4765.jpg,smoke
C:\Users\HishamMo\Desktop\999_cs\Quantum_Inpired_PSO_Classifcation\train\smoke\smoke4767.jpg,smoke
C:\Users\HishamMo\Desktop\999_cs\Quantum_Inpired_PSO_Classifcation\train\smoke\smoke4769.jpg,smoke
C:\Users\HishamMo\Desktop\999_cs\Quantum_Inpired_PSO_Classifcation\train\smoke\smoke4770.jpg,smoke
C:\Users\HishamMo\Desktop\999_cs\Quantum_Inpired_PSO_Classifcation\train\smoke\smoke4771.jpg,smoke
C:\Users\HishamMo\Desktop\999_cs\Quantum_Inpired_PSO_Classifcation\train\smoke\smoke4772.jpg,smoke
C:\Users\HishamMo\Desktop\999_cs\Quantum_Inpired_PSO_Classifcation\train\smoke\smoke4773.jpg,smoke
C:\Users\HishamMo\Desktop\999_cs\Quantum_Inpired_PSO_Classifcation\train\smoke\smoke4775.jpg,smoke
C:\Users\HishamMo\Desktop\999_cs\Quantum_Inpired_PSO_Classifcation\train\smoke\smoke4776.jpg,smoke
C:\Users\HishamMo\Desktop\999_cs\Quantum_Inpired_PSO_Classifcation\train\smoke\smoke4777.jpg,smoke
C:\Users\HishamMo\Desktop\999_cs\Quantum_Inpired_PSO_Classifcation\train\smoke\smoke4779.jpg,smoke
C:\Users\HishamMo\Desktop\999_cs\Quantum_Inpired_PSO_Classifcation\train\smoke\smoke4780.jpg,smoke
C:\Users\HishamMo\Desktop\999_cs\Quantum_Inpired_PSO_Classifcation\train\smoke\smoke4781.jpg,smoke
C:\Users\HishamMo\Desktop\999_cs\Quantum_Inpired_PSO_Classifcation\train\smoke\smoke4782.jpg,smoke
C:\Users\HishamMo\Desktop\999_cs\Quantum_Inpired_PSO_Classifcation\train\smoke\smoke4783.jpg,smoke
