image_path,label
C:\Users\HishamMo\Desktop\999_cs\Quantum_Inpired_PSO_Classifcation\MRI_dataset\Acute Cerebellitis in HIV\Acute_Cerebellitis_in_HIV001.jpg,Acute Cerebellitis in HIV
C:\Users\HishamMo\Desktop\999_cs\Quantum_Inpired_PSO_Classifcation\MRI_dataset\Acute Cerebellitis in HIV\Acute_Cerebellitis_in_HIV002.jpg,Acute Cerebellitis in HIV
C:\Users\HishamMo\Desktop\999_cs\Quantum_Inpired_PSO_Classifcation\MRI_dataset\Acute Cerebellitis in HIV\Acute_Cerebellitis_in_HIV003.jpg,Acute Cerebellitis in HIV
C:\Users\HishamMo\Desktop\999_cs\Quantum_Inpired_PSO_Classifcation\MRI_dataset\Acute Cerebellitis in HIV\Acute_Cerebellitis_in_HIV004.jpg,Acute Cerebellitis in HIV
C:\Users\HishamMo\Desktop\999_cs\Quantum_Inpired_PSO_Classifcation\MRI_dataset\Acute Cerebellitis in HIV\Acute_Cerebellitis_in_HIV005.jpg,Acute Cerebellitis in HIV
C:\Users\HishamMo\Desktop\999_cs\Quantum_Inpired_PSO_Classifcation\MRI_dataset\Acute Cerebellitis in HIV\Acute_Cerebellitis_in_HIV006.jpg,Acute Cerebellitis in HIV
C:\Users\HishamMo\Desktop\999_cs\Quantum_Inpired_PSO_Classifcation\MRI_dataset\Acute Cerebellitis in HIV\Acute_Cerebellitis_in_HIV007.jpg,Acute Cerebellitis in HIV
C:\Users\HishamMo\Desktop\999_cs\Quantum_Inpired_PSO_Classifcation\MRI_dataset\Acute Cerebellitis in HIV\Acute_Cerebellitis_in_HIV008.jpg,Acute Cerebellitis in HIV
C:\Users\HishamMo\Desktop\999_cs\Quantum_Inpired_PSO_Classifcation\MRI_dataset\Acute Cerebellitis in HIV\Acute_Cerebellitis_in_HIV009.jpg,Acute Cerebellitis in HIV
C:\Users\HishamMo\Desktop\999_cs\Quantum_Inpired_PSO_Classifcation\MRI_dataset\Acute Cerebellitis in HIV\Acute_Cerebellitis_in_HIV010.jpg,Acute Cerebellitis in HIV
C:\Users\HishamMo\Desktop\999_cs\Quantum_Inpired_PSO_Classifcation\MRI_dataset\Acute Cerebellitis in HIV\Acute_Cerebellitis_in_HIV011.jpg,Acute Cerebellitis in HIV
C:\Users\HishamMo\Desktop\999_cs\Quantum_Inpired_PSO_Classifcation\MRI_dataset\Acute Cerebellitis in HIV\Acute_Cerebellitis_in_HIV012.jpg,Acute Cerebellitis in HIV
C:\Users\HishamMo\Desktop\999_cs\Quantum_Inpired_PSO_Classifcation\MRI_dataset\Acute Cerebellitis in HIV\Acute_Cerebellitis_in_HIV013.jpg,Acute Cerebellitis in HIV
C:\Users\HishamMo\Desktop\999_cs\Quantum_Inpired_PSO_Classifcation\MRI_dataset\Acute Cerebellitis in HIV\Acute_Cerebellitis_in_HIV014.jpg,Acute Cerebellitis in HIV
C:\Users\HishamMo\Desktop\999_cs\Quantum_Inpired_PSO_Classifcation\MRI_dataset\Acute Cerebellitis in HIV\Acute_Cerebellitis_in_HIV015.jpg,Acute Cerebellitis in HIV
C:\Users\HishamMo\Desktop\999_cs\Quantum_Inpired_PSO_Classifcation\MRI_dataset\Acute Cerebellitis in HIV\Acute_Cerebellitis_in_HIV016.jpg,Acute Cerebellitis in HIV
C:\Users\HishamMo\Desktop\999_cs\Quantum_Inpired_PSO_Classifcation\MRI_dataset\Acute Cerebellitis in HIV\Acute_Cerebellitis_in_HIV017.jpg,Acute Cerebellitis in HIV
C:\Users\HishamMo\Desktop\999_cs\Quantum_Inpired_PSO_Classifcation\MRI_dataset\Acute Cerebellitis in HIV\Acute_Cerebellitis_in_HIV018.jpg,Acute Cerebellitis in HIV
C:\Users\HishamMo\Desktop\999_cs\Quantum_Inpired_PSO_Classifcation\MRI_dataset\Acute Cerebellitis in HIV\Acute_Cerebellitis_in_HIV019.jpg,Acute Cerebellitis in HIV
C:\Users\HishamMo\Desktop\999_cs\Quantum_Inpired_PSO_Classifcation\MRI_dataset\Acute Cerebellitis in HIV\Acute_Cerebellitis_in_HIV020.jpg,Acute Cerebellitis in HIV
C:\Users\HishamMo\Desktop\999_cs\Quantum_Inpired_PSO_Classifcation\MRI_dataset\Acute Cerebellitis in HIV\Acute_Cerebellitis_in_HIV021.jpg,Acute Cerebellitis in HIV
C:\Users\HishamMo\Desktop\999_cs\Quantum_Inpired_PSO_Classifcation\MRI_dataset\Acute Cerebellitis in HIV\Acute_Cerebellitis_in_HIV022.jpg,Acute Cerebellitis in HIV
C:\Users\HishamMo\Desktop\999_cs\Quantum_Inpired_PSO_Classifcation\MRI_dataset\Acute Cerebellitis in HIV\Acute_Cerebellitis_in_HIV023.jpg,Acute Cerebellitis in HIV
C:\Users\HishamMo\Desktop\999_cs\Quantum_Inpired_PSO_Classifcation\MRI_dataset\Acute Cerebellitis in HIV\Acute_Cerebellitis_in_HIV024.jpg,Acute Cerebellitis in HIV
C:\Users\HishamMo\Desktop\999_cs\Quantum_Inpired_PSO_Classifcation\MRI_dataset\Acute Cerebellitis in HIV\Acute_Cerebellitis_in_HIV025.jpg,Acute Cerebellitis in HIV
C:\Users\HishamMo\Desktop\999_cs\Quantum_Inpired_PSO_Classifcation\MRI_dataset\Acute Cerebellitis in HIV\Acute_Cerebellitis_in_HIV026.jpg,Acute Cerebellitis in HIV
C:\Users\HishamMo\Desktop\999_cs\Quantum_Inpired_PSO_Classifcation\MRI_dataset\Acute Cerebellitis in HIV\Acute_Cerebellitis_in_HIV027.jpg,Acute Cerebellitis in HIV
C:\Users\HishamMo\Desktop\999_cs\Quantum_Inpired_PSO_Classifcation\MRI_dataset\Acute Cerebellitis in HIV\Acute_Cerebellitis_in_HIV028.jpg,Acute Cerebellitis in HIV
C:\Users\HishamMo\Desktop\999_cs\Quantum_Inpired_PSO_Classifcation\MRI_dataset\Acute Cerebellitis in HIV\Acute_Cerebellitis_in_HIV029.jpg,Acute Cerebellitis in HIV
C:\Users\HishamMo\Desktop\999_cs\Quantum_Inpired_PSO_Classifcation\MRI_dataset\Acute Cerebellitis in HIV\Acute_Cerebellitis_in_HIV030.jpg,Acute Cerebellitis in HIV
C:\Users\HishamMo\Desktop\999_cs\Quantum_Inpired_PSO_Classifcation\MRI_dataset\Acute Cerebellitis in HIV\Acute_Cerebellitis_in_HIV031.jpg,Acute Cerebellitis in HIV
C:\Users\HishamMo\Desktop\999_cs\Quantum_Inpired_PSO_Classifcation\MRI_dataset\Acute Cerebellitis in HIV\Acute_Cerebellitis_in_HIV032.jpg,Acute Cerebellitis in HIV
C:\Users\HishamMo\Desktop\999_cs\Quantum_Inpired_PSO_Classifcation\MRI_dataset\Acute Cerebellitis in HIV\Acute_Cerebellitis_in_HIV033.jpg,Acute Cerebellitis in HIV
C:\Users\HishamMo\Desktop\999_cs\Quantum_Inpired_PSO_Classifcation\MRI_dataset\Acute Cerebellitis in HIV\Acute_Cerebellitis_in_HIV034.jpg,Acute Cerebellitis in HIV
C:\Users\HishamMo\Desktop\999_cs\Quantum_Inpired_PSO_Classifcation\MRI_dataset\Acute Cerebellitis in HIV\Acute_Cerebellitis_in_HIV035.jpg,Acute Cerebellitis in HIV
C:\Users\HishamMo\Desktop\999_cs\Quantum_Inpired_PSO_Classifcation\MRI_dataset\Acute Cerebellitis in HIV\Acute_Cerebellitis_in_HIV036.jpg,Acute Cerebellitis in HIV
C:\Users\HishamMo\Desktop\999_cs\Quantum_Inpired_PSO_Classifcation\MRI_dataset\Acute Cerebellitis in HIV\Acute_Cerebellitis_in_HIV037.jpg,Acute Cerebellitis in HIV
C:\Users\HishamMo\Desktop\999_cs\Quantum_Inpired_PSO_Classifcation\MRI_dataset\Acute Cerebellitis in HIV\Acute_Cerebellitis_in_HIV038.jpg,Acute Cerebellitis in HIV
C:\Users\HishamMo\Desktop\999_cs\Quantum_Inpired_PSO_Classifcation\MRI_dataset\Acute Cerebellitis in HIV\Acute_Cerebellitis_in_HIV039.jpg,Acute Cerebellitis in HIV
C:\Users\HishamMo\Desktop\999_cs\Quantum_Inpired_PSO_Classifcation\MRI_dataset\Acute Cerebellitis in HIV\Acute_Cerebellitis_in_HIV040.jpg,Acute Cerebellitis in HIV
C:\Users\HishamMo\Desktop\999_cs\Quantum_Inpired_PSO_Classifcation\MRI_dataset\Acute Cerebellitis in HIV\Acute_Cerebellitis_in_HIV041.jpg,Acute Cerebellitis in HIV
C:\Users\HishamMo\Desktop\999_cs\Quantum_Inpired_PSO_Classifcation\MRI_dataset\Acute Cerebellitis in HIV\Acute_Cerebellitis_in_HIV042.jpg,Acute Cerebellitis in HIV
C:\Users\HishamMo\Desktop\999_cs\Quantum_Inpired_PSO_Classifcation\MRI_dataset\Acute Cerebellitis in HIV\Acute_Cerebellitis_in_HIV043.jpg,Acute Cerebellitis in HIV
C:\Users\HishamMo\Desktop\999_cs\Quantum_Inpired_PSO_Classifcation\MRI_dataset\Acute Cerebellitis in HIV\Acute_Cerebellitis_in_HIV044.jpg,Acute Cerebellitis in HIV
C:\Users\HishamMo\Desktop\999_cs\Quantum_Inpired_PSO_Classifcation\MRI_dataset\Acute Cerebellitis in HIV\Acute_Cerebellitis_in_HIV045.jpg,Acute Cerebellitis in HIV
C:\Users\HishamMo\Desktop\999_cs\Quantum_Inpired_PSO_Classifcation\MRI_dataset\Acute Cerebellitis in HIV\Acute_Cerebellitis_in_HIV046.jpg,Acute Cerebellitis in HIV
C:\Users\HishamMo\Desktop\999_cs\Quantum_Inpired_PSO_Classifcation\MRI_dataset\Acute Cerebellitis in HIV\Acute_Cerebellitis_in_HIV047.jpg,Acute Cerebellitis in HIV
C:\Users\HishamMo\Desktop\999_cs\Quantum_Inpired_PSO_Classifcation\MRI_dataset\Acute Cerebellitis in HIV\Acute_Cerebellitis_in_HIV048.jpg,Acute Cerebellitis in HIV
C:\Users\HishamMo\Desktop\999_cs\Quantum_Inpired_PSO_Classifcation\MRI_dataset\Acute Cerebellitis in HIV\Acute_Cerebellitis_in_HIV049.jpg,Acute Cerebellitis in HIV
C:\Users\HishamMo\Desktop\999_cs\Quantum_Inpired_PSO_Classifcation\MRI_dataset\Acute Cerebellitis in HIV\Acute_Cerebellitis_in_HIV050.jpg,Acute Cerebellitis in HIV
C:\Users\HishamMo\Desktop\999_cs\Quantum_Inpired_PSO_Classifcation\MRI_dataset\Acute Cerebellitis in HIV\Acute_Cerebellitis_in_HIV051.jpg,Acute Cerebellitis in HIV
C:\Users\HishamMo\Desktop\999_cs\Quantum_Inpired_PSO_Classifcation\MRI_dataset\Acute Cerebellitis in HIV\Acute_Cerebellitis_in_HIV052.jpg,Acute Cerebellitis in HIV
C:\Users\HishamMo\Desktop\999_cs\Quantum_Inpired_PSO_Classifcation\MRI_dataset\Acute Cerebellitis in HIV\Acute_Cerebellitis_in_HIV053.jpg,Acute Cerebellitis in HIV
C:\Users\HishamMo\Desktop\999_cs\Quantum_Inpired_PSO_Classifcation\MRI_dataset\Acute Cerebellitis in HIV\Acute_Cerebellitis_in_HIV054.jpg,Acute Cerebellitis in HIV
C:\Users\HishamMo\Desktop\999_cs\Quantum_Inpired_PSO_Classifcation\MRI_dataset\Acute Cerebellitis in HIV\Acute_Cerebellitis_in_HIV055.jpg,Acute Cerebellitis in HIV
C:\Users\HishamMo\Desktop\999_cs\Quantum_Inpired_PSO_Classifcation\MRI_dataset\Acute Cerebellitis in HIV\Acute_Cerebellitis_in_HIV056.jpg,Acute Cerebellitis in HIV
C:\Users\HishamMo\Desktop\999_cs\Quantum_Inpired_PSO_Classifcation\MRI_dataset\Acute Cerebellitis in HIV\Acute_Cerebellitis_in_HIV057.jpg,Acute Cerebellitis in HIV
C:\Users\HishamMo\Desktop\999_cs\Quantum_Inpired_PSO_Classifcation\MRI_dataset\Acute Cerebellitis in HIV\Acute_Cerebellitis_in_HIV058.jpg,Acute Cerebellitis in HIV
C:\Users\HishamMo\Desktop\999_cs\Quantum_Inpired_PSO_Classifcation\MRI_dataset\Acute Cerebellitis in HIV\Acute_Cerebellitis_in_HIV059.jpg,Acute Cerebellitis in HIV
C:\Users\HishamMo\Desktop\999_cs\Quantum_Inpired_PSO_Classifcation\MRI_dataset\Acute Cerebellitis in HIV\Acute_Cerebellitis_in_HIV060.jpg,Acute Cerebellitis in HIV
C:\Users\HishamMo\Desktop\999_cs\Quantum_Inpired_PSO_Classifcation\MRI_dataset\Acute Cerebellitis in HIV\Acute_Cerebellitis_in_HIV061.jpg,Acute Cerebellitis in HIV
C:\Users\HishamMo\Desktop\999_cs\Quantum_Inpired_PSO_Classifcation\MRI_dataset\Acute Cerebellitis in HIV\Acute_Cerebellitis_in_HIV062.jpg,Acute Cerebellitis in HIV
C:\Users\HishamMo\Desktop\999_cs\Quantum_Inpired_PSO_Classifcation\MRI_dataset\Acute Cerebellitis in HIV\Acute_Cerebellitis_in_HIV063.jpg,Acute Cerebellitis in HIV
C:\Users\HishamMo\Desktop\999_cs\Quantum_Inpired_PSO_Classifcation\MRI_dataset\Acute Cerebellitis in HIV\Acute_Cerebellitis_in_HIV064.jpg,Acute Cerebellitis in HIV
C:\Users\HishamMo\Desktop\999_cs\Quantum_Inpired_PSO_Classifcation\MRI_dataset\Acute Cerebellitis in HIV\Acute_Cerebellitis_in_HIV065.jpg,Acute Cerebellitis in HIV
C:\Users\HishamMo\Desktop\999_cs\Quantum_Inpired_PSO_Classifcation\MRI_dataset\Acute Cerebellitis in HIV\Acute_Cerebellitis_in_HIV066.jpg,Acute Cerebellitis in HIV
C:\Users\HishamMo\Desktop\999_cs\Quantum_Inpired_PSO_Classifcation\MRI_dataset\Acute Cerebellitis in HIV\Acute_Cerebellitis_in_HIV067.jpg,Acute Cerebellitis in HIV
C:\Users\HishamMo\Desktop\999_cs\Quantum_Inpired_PSO_Classifcation\MRI_dataset\Acute Cerebellitis in HIV\Acute_Cerebellitis_in_HIV068.jpg,Acute Cerebellitis in HIV
C:\Users\HishamMo\Desktop\999_cs\Quantum_Inpired_PSO_Classifcation\MRI_dataset\Acute Cerebellitis in HIV\Acute_Cerebellitis_in_HIV069.jpg,Acute Cerebellitis in HIV
C:\Users\HishamMo\Desktop\999_cs\Quantum_Inpired_PSO_Classifcation\MRI_dataset\Acute Cerebellitis in HIV\Acute_Cerebellitis_in_HIV070.jpg,Acute Cerebellitis in HIV
C:\Users\HishamMo\Desktop\999_cs\Quantum_Inpired_PSO_Classifcation\MRI_dataset\Acute Cerebellitis in HIV\Acute_Cerebellitis_in_HIV071.jpg,Acute Cerebellitis in HIV
C:\Users\HishamMo\Desktop\999_cs\Quantum_Inpired_PSO_Classifcation\MRI_dataset\Acute Cerebellitis in HIV\Acute_Cerebellitis_in_HIV072.jpg,Acute Cerebellitis in HIV
C:\Users\HishamMo\Desktop\999_cs\Quantum_Inpired_PSO_Classifcation\MRI_dataset\Acute Cerebellitis in HIV\Acute_Cerebellitis_in_HIV073.jpg,Acute Cerebellitis in HIV
C:\Users\HishamMo\Desktop\999_cs\Quantum_Inpired_PSO_Classifcation\MRI_dataset\Acute Cerebellitis in HIV\Acute_Cerebellitis_in_HIV074.jpg,Acute Cerebellitis in HIV
C:\Users\HishamMo\Desktop\999_cs\Quantum_Inpired_PSO_Classifcation\MRI_dataset\Acute Cerebellitis in HIV\Acute_Cerebellitis_in_HIV075.jpg,Acute Cerebellitis in HIV
C:\Users\HishamMo\Desktop\999_cs\Quantum_Inpired_PSO_Classifcation\MRI_dataset\Acute Cerebellitis in HIV\Acute_Cerebellitis_in_HIV076.jpg,Acute Cerebellitis in HIV
C:\Users\HishamMo\Desktop\999_cs\Quantum_Inpired_PSO_Classifcation\MRI_dataset\Acute Cerebellitis in HIV\Acute_Cerebellitis_in_HIV077.jpg,Acute Cerebellitis in HIV
C:\Users\HishamMo\Desktop\999_cs\Quantum_Inpired_PSO_Classifcation\MRI_dataset\Acute Cerebellitis in HIV\Acute_Cerebellitis_in_HIV078.jpg,Acute Cerebellitis in HIV
C:\Users\HishamMo\Desktop\999_cs\Quantum_Inpired_PSO_Classifcation\MRI_dataset\Acute Cerebellitis in HIV\Acute_Cerebellitis_in_HIV079.jpg,Acute Cerebellitis in HIV
C:\Users\HishamMo\Desktop\999_cs\Quantum_Inpired_PSO_Classifcation\MRI_dataset\Acute Cerebellitis in HIV\Acute_Cerebellitis_in_HIV080.jpg,Acute Cerebellitis in HIV
C:\Users\HishamMo\Desktop\999_cs\Quantum_Inpired_PSO_Classifcation\MRI_dataset\Acute Cerebellitis in HIV\Acute_Cerebellitis_in_HIV081.jpg,Acute Cerebellitis in HIV
C:\Users\HishamMo\Desktop\999_cs\Quantum_Inpired_PSO_Classifcation\MRI_dataset\Acute Cerebellitis in HIV\Acute_Cerebellitis_in_HIV082.jpg,Acute Cerebellitis in HIV
C:\Users\HishamMo\Desktop\999_cs\Quantum_Inpired_PSO_Classifcation\MRI_dataset\Acute Cerebellitis in HIV\Acute_Cerebellitis_in_HIV083.jpg,Acute Cerebellitis in HIV
C:\Users\HishamMo\Desktop\999_cs\Quantum_Inpired_PSO_Classifcation\MRI_dataset\Acute Cerebellitis in HIV\Acute_Cerebellitis_in_HIV084.jpg,Acute Cerebellitis in HIV
C:\Users\HishamMo\Desktop\999_cs\Quantum_Inpired_PSO_Classifcation\MRI_dataset\Acute Cerebellitis in HIV\Acute_Cerebellitis_in_HIV085.jpg,Acute Cerebellitis in HIV
C:\Users\HishamMo\Desktop\999_cs\Quantum_Inpired_PSO_Classifcation\MRI_dataset\Acute Cerebellitis in HIV\Acute_Cerebellitis_in_HIV086.jpg,Acute Cerebellitis in HIV
C:\Users\HishamMo\Desktop\999_cs\Quantum_Inpired_PSO_Classifcation\MRI_dataset\Acute Cerebellitis in HIV\Acute_Cerebellitis_in_HIV087.jpg,Acute Cerebellitis in HIV
C:\Users\HishamMo\Desktop\999_cs\Quantum_Inpired_PSO_Classifcation\MRI_dataset\Acute Cerebellitis in HIV\Acute_Cerebellitis_in_HIV088.jpg,Acute Cerebellitis in HIV
C:\Users\HishamMo\Desktop\999_cs\Quantum_Inpired_PSO_Classifcation\MRI_dataset\Acute Cerebellitis in HIV\Acute_Cerebellitis_in_HIV089.jpg,Acute Cerebellitis in HIV
C:\Users\HishamMo\Desktop\999_cs\Quantum_Inpired_PSO_Classifcation\MRI_dataset\Acute Cerebellitis in HIV\Acute_Cerebellitis_in_HIV090.jpg,Acute Cerebellitis in HIV
C:\Users\HishamMo\Desktop\999_cs\Quantum_Inpired_PSO_Classifcation\MRI_dataset\Acute Cerebellitis in HIV\Acute_Cerebellitis_in_HIV091.jpg,Acute Cerebellitis in HIV
C:\Users\HishamMo\Desktop\999_cs\Quantum_Inpired_PSO_Classifcation\MRI_dataset\Acute Cerebellitis in HIV\Acute_Cerebellitis_in_HIV092.jpg,Acute Cerebellitis in HIV
C:\Users\HishamMo\Desktop\999_cs\Quantum_Inpired_PSO_Classifcation\MRI_dataset\Acute Cerebellitis in HIV\Acute_Cerebellitis_in_HIV093.jpg,Acute Cerebellitis in HIV
C:\Users\HishamMo\Desktop\999_cs\Quantum_Inpired_PSO_Classifcation\MRI_dataset\Acute Cerebellitis in HIV\Acute_Cerebellitis_in_HIV094.jpg,Acute Cerebellitis in HIV
C:\Users\HishamMo\Desktop\999_cs\Quantum_Inpired_PSO_Classifcation\MRI_dataset\Acute Cerebellitis in HIV\Acute_Cerebellitis_in_HIV095.jpg,Acute Cerebellitis in HIV
C:\Users\HishamMo\Desktop\999_cs\Quantum_Inpired_PSO_Classifcation\MRI_dataset\Acute Cerebellitis in HIV\Acute_Cerebellitis_in_HIV096.jpg,Acute Cerebellitis in HIV
C:\Users\HishamMo\Desktop\999_cs\Quantum_Inpired_PSO_Classifcation\MRI_dataset\Acute Cerebellitis in HIV\Acute_Cerebellitis_in_HIV097.jpg,Acute Cerebellitis in HIV
C:\Users\HishamMo\Desktop\999_cs\Quantum_Inpired_PSO_Classifcation\MRI_dataset\Acute Cerebellitis in HIV\Acute_Cerebellitis_in_HIV098.jpg,Acute Cerebellitis in HIV
C:\Users\HishamMo\Desktop\999_cs\Quantum_Inpired_PSO_Classifcation\MRI_dataset\Acute Cerebellitis in HIV\Acute_Cerebellitis_in_HIV099.jpg,Acute Cerebellitis in HIV
C:\Users\HishamMo\Desktop\999_cs\Quantum_Inpired_PSO_Classifcation\MRI_dataset\Acute Cerebellitis in HIV\Acute_Cerebellitis_in_HIV100.jpg,Acute Cerebellitis in HIV
C:\Users\HishamMo\Desktop\999_cs\Quantum_Inpired_PSO_Classifcation\MRI_dataset\Acute Cerebellitis in HIV\Acute_Cerebellitis_in_HIV101.jpg,Acute Cerebellitis in HIV
C:\Users\HishamMo\Desktop\999_cs\Quantum_Inpired_PSO_Classifcation\MRI_dataset\Acute Cerebellitis in HIV\Acute_Cerebellitis_in_HIV102.jpg,Acute Cerebellitis in HIV
C:\Users\HishamMo\Desktop\999_cs\Quantum_Inpired_PSO_Classifcation\MRI_dataset\Acute Cerebellitis in HIV\Acute_Cerebellitis_in_HIV103.jpg,Acute Cerebellitis in HIV
C:\Users\HishamMo\Desktop\999_cs\Quantum_Inpired_PSO_Classifcation\MRI_dataset\Acute Cerebellitis in HIV\Acute_Cerebellitis_in_HIV104.jpg,Acute Cerebellitis in HIV
C:\Users\HishamMo\Desktop\999_cs\Quantum_Inpired_PSO_Classifcation\MRI_dataset\Acute Cerebellitis in HIV\Acute_Cerebellitis_in_HIV105.jpg,Acute Cerebellitis in HIV
C:\Users\HishamMo\Desktop\999_cs\Quantum_Inpired_PSO_Classifcation\MRI_dataset\Acute Cerebellitis in HIV\Acute_Cerebellitis_in_HIV106.jpg,Acute Cerebellitis in HIV
C:\Users\HishamMo\Desktop\999_cs\Quantum_Inpired_PSO_Classifcation\MRI_dataset\Acute Cerebellitis in HIV\Acute_Cerebellitis_in_HIV107.jpg,Acute Cerebellitis in HIV
C:\Users\HishamMo\Desktop\999_cs\Quantum_Inpired_PSO_Classifcation\MRI_dataset\Acute Cerebellitis in HIV\Acute_Cerebellitis_in_HIV108.jpg,Acute Cerebellitis in HIV
C:\Users\HishamMo\Desktop\999_cs\Quantum_Inpired_PSO_Classifcation\MRI_dataset\Acute Cerebellitis in HIV\Acute_Cerebellitis_in_HIV109.jpg,Acute Cerebellitis in HIV
C:\Users\HishamMo\Desktop\999_cs\Quantum_Inpired_PSO_Classifcation\MRI_dataset\Acute Cerebellitis in HIV\Acute_Cerebellitis_in_HIV110.jpg,Acute Cerebellitis in HIV
C:\Users\HishamMo\Desktop\999_cs\Quantum_Inpired_PSO_Classifcation\MRI_dataset\Acute Cerebellitis in HIV\Acute_Cerebellitis_in_HIV111.jpg,Acute Cerebellitis in HIV
C:\Users\HishamMo\Desktop\999_cs\Quantum_Inpired_PSO_Classifcation\MRI_dataset\Acute Cerebellitis in HIV\Acute_Cerebellitis_in_HIV112.jpg,Acute Cerebellitis in HIV
C:\Users\HishamMo\Desktop\999_cs\Quantum_Inpired_PSO_Classifcation\MRI_dataset\Acute Cerebellitis in HIV\Acute_Cerebellitis_in_HIV113.jpg,Acute Cerebellitis in HIV
C:\Users\HishamMo\Desktop\999_cs\Quantum_Inpired_PSO_Classifcation\MRI_dataset\Acute Cerebellitis in HIV\Acute_Cerebellitis_in_HIV114.jpg,Acute Cerebellitis in HIV
C:\Users\HishamMo\Desktop\999_cs\Quantum_Inpired_PSO_Classifcation\MRI_dataset\Acute Cerebellitis in HIV\Acute_Cerebellitis_in_HIV115.jpg,Acute Cerebellitis in HIV
C:\Users\HishamMo\Desktop\999_cs\Quantum_Inpired_PSO_Classifcation\MRI_dataset\Acute Cerebellitis in HIV\Acute_Cerebellitis_in_HIV116.jpg,Acute Cerebellitis in HIV
C:\Users\HishamMo\Desktop\999_cs\Quantum_Inpired_PSO_Classifcation\MRI_dataset\Acute Cerebellitis in HIV\Acute_Cerebellitis_in_HIV117.jpg,Acute Cerebellitis in HIV
C:\Users\HishamMo\Desktop\999_cs\Quantum_Inpired_PSO_Classifcation\MRI_dataset\Acute Cerebellitis in HIV\Acute_Cerebellitis_in_HIV118.jpg,Acute Cerebellitis in HIV
C:\Users\HishamMo\Desktop\999_cs\Quantum_Inpired_PSO_Classifcation\MRI_dataset\Acute Cerebellitis in HIV\Acute_Cerebellitis_in_HIV119.jpg,Acute Cerebellitis in HIV
C:\Users\HishamMo\Desktop\999_cs\Quantum_Inpired_PSO_Classifcation\MRI_dataset\Acute Cerebellitis in HIV\Acute_Cerebellitis_in_HIV120.jpg,Acute Cerebellitis in HIV
C:\Users\HishamMo\Desktop\999_cs\Quantum_Inpired_PSO_Classifcation\MRI_dataset\Acute Cerebellitis in HIV\Acute_Cerebellitis_in_HIV121.jpg,Acute Cerebellitis in HIV
C:\Users\HishamMo\Desktop\999_cs\Quantum_Inpired_PSO_Classifcation\MRI_dataset\Acute Cerebellitis in HIV\Acute_Cerebellitis_in_HIV122.jpg,Acute Cerebellitis in HIV
C:\Users\HishamMo\Desktop\999_cs\Quantum_Inpired_PSO_Classifcation\MRI_dataset\Acute Cerebellitis in HIV\Acute_Cerebellitis_in_HIV123.jpg,Acute Cerebellitis in HIV
C:\Users\HishamMo\Desktop\999_cs\Quantum_Inpired_PSO_Classifcation\MRI_dataset\Acute Cerebellitis in HIV\Acute_Cerebellitis_in_HIV124.jpg,Acute Cerebellitis in HIV
C:\Users\HishamMo\Desktop\999_cs\Quantum_Inpired_PSO_Classifcation\MRI_dataset\Acute Cerebellitis in HIV\Acute_Cerebellitis_in_HIV125.jpg,Acute Cerebellitis in HIV
C:\Users\HishamMo\Desktop\999_cs\Quantum_Inpired_PSO_Classifcation\MRI_dataset\Acute Cerebellitis in HIV\Acute_Cerebellitis_in_HIV126.jpg,Acute Cerebellitis in HIV
C:\Users\HishamMo\Desktop\999_cs\Quantum_Inpired_PSO_Classifcation\MRI_dataset\Acute Cerebellitis in HIV\Acute_Cerebellitis_in_HIV127.jpg,Acute Cerebellitis in HIV
C:\Users\HishamMo\Desktop\999_cs\Quantum_Inpired_PSO_Classifcation\MRI_dataset\Acute Cerebellitis in HIV\Acute_Cerebellitis_in_HIV128.jpg,Acute Cerebellitis in HIV
C:\Users\HishamMo\Desktop\999_cs\Quantum_Inpired_PSO_Classifcation\MRI_dataset\Acute Cerebellitis in HIV\Acute_Cerebellitis_in_HIV129.jpg,Acute Cerebellitis in HIV
C:\Users\HishamMo\Desktop\999_cs\Quantum_Inpired_PSO_Classifcation\MRI_dataset\Acute Cerebellitis in HIV\Acute_Cerebellitis_in_HIV130.jpg,Acute Cerebellitis in HIV
C:\Users\HishamMo\Desktop\999_cs\Quantum_Inpired_PSO_Classifcation\MRI_dataset\Acute Cerebellitis in HIV\Acute_Cerebellitis_in_HIV131.jpg,Acute Cerebellitis in HIV
C:\Users\HishamMo\Desktop\999_cs\Quantum_Inpired_PSO_Classifcation\MRI_dataset\Acute Cerebellitis in HIV\Acute_Cerebellitis_in_HIV132.jpg,Acute Cerebellitis in HIV
C:\Users\HishamMo\Desktop\999_cs\Quantum_Inpired_PSO_Classifcation\MRI_dataset\Acute Cerebellitis in HIV\Acute_Cerebellitis_in_HIV133.jpg,Acute Cerebellitis in HIV
C:\Users\HishamMo\Desktop\999_cs\Quantum_Inpired_PSO_Classifcation\MRI_dataset\Acute Cerebellitis in HIV\Acute_Cerebellitis_in_HIV134.jpg,Acute Cerebellitis in HIV
C:\Users\HishamMo\Desktop\999_cs\Quantum_Inpired_PSO_Classifcation\MRI_dataset\Acute Cerebellitis in HIV\Acute_Cerebellitis_in_HIV135.jpg,Acute Cerebellitis in HIV
C:\Users\HishamMo\Desktop\999_cs\Quantum_Inpired_PSO_Classifcation\MRI_dataset\Acute Cerebellitis in HIV\Acute_Cerebellitis_in_HIV136.jpg,Acute Cerebellitis in HIV
C:\Users\HishamMo\Desktop\999_cs\Quantum_Inpired_PSO_Classifcation\MRI_dataset\Acute Cerebellitis in HIV\Acute_Cerebellitis_in_HIV137.jpg,Acute Cerebellitis in HIV
C:\Users\HishamMo\Desktop\999_cs\Quantum_Inpired_PSO_Classifcation\MRI_dataset\Acute Cerebellitis in HIV\Acute_Cerebellitis_in_HIV138.jpg,Acute Cerebellitis in HIV
C:\Users\HishamMo\Desktop\999_cs\Quantum_Inpired_PSO_Classifcation\MRI_dataset\Acute Cerebellitis in HIV\Acute_Cerebellitis_in_HIV139.jpg,Acute Cerebellitis in HIV
C:\Users\HishamMo\Desktop\999_cs\Quantum_Inpired_PSO_Classifcation\MRI_dataset\Acute Cerebellitis in HIV\Acute_Cerebellitis_in_HIV140.jpg,Acute Cerebellitis in HIV
C:\Users\HishamMo\Desktop\999_cs\Quantum_Inpired_PSO_Classifcation\MRI_dataset\Acute Cerebellitis in HIV\Acute_Cerebellitis_in_HIV141.jpg,Acute Cerebellitis in HIV
C:\Users\HishamMo\Desktop\999_cs\Quantum_Inpired_PSO_Classifcation\MRI_dataset\Acute Cerebellitis in HIV\Acute_Cerebellitis_in_HIV142.jpg,Acute Cerebellitis in HIV
C:\Users\HishamMo\Desktop\999_cs\Quantum_Inpired_PSO_Classifcation\MRI_dataset\Acute Cerebellitis in HIV\Acute_Cerebellitis_in_HIV143.jpg,Acute Cerebellitis in HIV
C:\Users\HishamMo\Desktop\999_cs\Quantum_Inpired_PSO_Classifcation\MRI_dataset\Acute Cerebellitis in HIV\Acute_Cerebellitis_in_HIV144.jpg,Acute Cerebellitis in HIV
C:\Users\HishamMo\Desktop\999_cs\Quantum_Inpired_PSO_Classifcation\MRI_dataset\Acute Cerebellitis in HIV\Acute_Cerebellitis_in_HIV145.jpg,Acute Cerebellitis in HIV
C:\Users\HishamMo\Desktop\999_cs\Quantum_Inpired_PSO_Classifcation\MRI_dataset\Acute Cerebellitis in HIV\Acute_Cerebellitis_in_HIV146.jpg,Acute Cerebellitis in HIV
C:\Users\HishamMo\Desktop\999_cs\Quantum_Inpired_PSO_Classifcation\MRI_dataset\Acute Cerebellitis in HIV\Acute_Cerebellitis_in_HIV147.jpg,Acute Cerebellitis in HIV
C:\Users\HishamMo\Desktop\999_cs\Quantum_Inpired_PSO_Classifcation\MRI_dataset\Acute Cerebellitis in HIV\Acute_Cerebellitis_in_HIV148.jpg,Acute Cerebellitis in HIV
C:\Users\HishamMo\Desktop\999_cs\Quantum_Inpired_PSO_Classifcation\MRI_dataset\Acute Cerebellitis in HIV\Acute_Cerebellitis_in_HIV149.jpg,Acute Cerebellitis in HIV
C:\Users\HishamMo\Desktop\999_cs\Quantum_Inpired_PSO_Classifcation\MRI_dataset\Acute Cerebellitis in HIV\Acute_Cerebellitis_in_HIV150.jpg,Acute Cerebellitis in HIV
C:\Users\HishamMo\Desktop\999_cs\Quantum_Inpired_PSO_Classifcation\MRI_dataset\Acute Cerebellitis in HIV\Acute_Cerebellitis_in_HIV151.jpg,Acute Cerebellitis in HIV
C:\Users\HishamMo\Desktop\999_cs\Quantum_Inpired_PSO_Classifcation\MRI_dataset\Acute Cerebellitis in HIV\Acute_Cerebellitis_in_HIV152.jpg,Acute Cerebellitis in HIV
C:\Users\HishamMo\Desktop\999_cs\Quantum_Inpired_PSO_Classifcation\MRI_dataset\Acute Cerebellitis in HIV\Acute_Cerebellitis_in_HIV153.jpg,Acute Cerebellitis in HIV
C:\Users\HishamMo\Desktop\999_cs\Quantum_Inpired_PSO_Classifcation\MRI_dataset\Acute Cerebellitis in HIV\Acute_Cerebellitis_in_HIV154.jpg,Acute Cerebellitis in HIV
C:\Users\HishamMo\Desktop\999_cs\Quantum_Inpired_PSO_Classifcation\MRI_dataset\Acute Cerebellitis in HIV\Acute_Cerebellitis_in_HIV155.jpg,Acute Cerebellitis in HIV
C:\Users\HishamMo\Desktop\999_cs\Quantum_Inpired_PSO_Classifcation\MRI_dataset\Acute Cerebellitis in HIV\Acute_Cerebellitis_in_HIV156.jpg,Acute Cerebellitis in HIV
C:\Users\HishamMo\Desktop\999_cs\Quantum_Inpired_PSO_Classifcation\MRI_dataset\Acute Cerebellitis in HIV\Acute_Cerebellitis_in_HIV157.jpg,Acute Cerebellitis in HIV
C:\Users\HishamMo\Desktop\999_cs\Quantum_Inpired_PSO_Classifcation\MRI_dataset\Acute Cerebellitis in HIV\Acute_Cerebellitis_in_HIV158.jpg,Acute Cerebellitis in HIV
C:\Users\HishamMo\Desktop\999_cs\Quantum_Inpired_PSO_Classifcation\MRI_dataset\Acute Cerebellitis in HIV\Acute_Cerebellitis_in_HIV159.jpg,Acute Cerebellitis in HIV
C:\Users\HishamMo\Desktop\999_cs\Quantum_Inpired_PSO_Classifcation\MRI_dataset\Acute Cerebellitis in HIV\Acute_Cerebellitis_in_HIV160.jpg,Acute Cerebellitis in HIV
C:\Users\HishamMo\Desktop\999_cs\Quantum_Inpired_PSO_Classifcation\MRI_dataset\Acute Cerebellitis in HIV\Acute_Cerebellitis_in_HIV161.jpg,Acute Cerebellitis in HIV
C:\Users\HishamMo\Desktop\999_cs\Quantum_Inpired_PSO_Classifcation\MRI_dataset\Acute Cerebellitis in HIV\Acute_Cerebellitis_in_HIV162.jpg,Acute Cerebellitis in HIV
C:\Users\HishamMo\Desktop\999_cs\Quantum_Inpired_PSO_Classifcation\MRI_dataset\Acute Cerebellitis in HIV\Acute_Cerebellitis_in_HIV163.jpg,Acute Cerebellitis in HIV
C:\Users\HishamMo\Desktop\999_cs\Quantum_Inpired_PSO_Classifcation\MRI_dataset\Acute Cerebellitis in HIV\Acute_Cerebellitis_in_HIV164.jpg,Acute Cerebellitis in HIV
C:\Users\HishamMo\Desktop\999_cs\Quantum_Inpired_PSO_Classifcation\MRI_dataset\Acute Cerebellitis in HIV\Acute_Cerebellitis_in_HIV165.jpg,Acute Cerebellitis in HIV
C:\Users\HishamMo\Desktop\999_cs\Quantum_Inpired_PSO_Classifcation\MRI_dataset\Acute Cerebellitis in HIV\Acute_Cerebellitis_in_HIV166.jpg,Acute Cerebellitis in HIV
C:\Users\HishamMo\Desktop\999_cs\Quantum_Inpired_PSO_Classifcation\MRI_dataset\Acute Cerebellitis in HIV\Acute_Cerebellitis_in_HIV167.jpg,Acute Cerebellitis in HIV
C:\Users\HishamMo\Desktop\999_cs\Quantum_Inpired_PSO_Classifcation\MRI_dataset\Acute Cerebellitis in HIV\Acute_Cerebellitis_in_HIV168.jpg,Acute Cerebellitis in HIV
C:\Users\HishamMo\Desktop\999_cs\Quantum_Inpired_PSO_Classifcation\MRI_dataset\Acute Cerebellitis in HIV\Acute_Cerebellitis_in_HIV169.jpg,Acute Cerebellitis in HIV
C:\Users\HishamMo\Desktop\999_cs\Quantum_Inpired_PSO_Classifcation\MRI_dataset\Acute Cerebellitis in HIV\Acute_Cerebellitis_in_HIV170.jpg,Acute Cerebellitis in HIV
C:\Users\HishamMo\Desktop\999_cs\Quantum_Inpired_PSO_Classifcation\MRI_dataset\Acute Cerebellitis in HIV\Acute_Cerebellitis_in_HIV171.jpg,Acute Cerebellitis in HIV
C:\Users\HishamMo\Desktop\999_cs\Quantum_Inpired_PSO_Classifcation\MRI_dataset\Acute Cerebellitis in HIV\Acute_Cerebellitis_in_HIV172.jpg,Acute Cerebellitis in HIV
C:\Users\HishamMo\Desktop\999_cs\Quantum_Inpired_PSO_Classifcation\MRI_dataset\Acute Cerebellitis in HIV\Acute_Cerebellitis_in_HIV173.jpg,Acute Cerebellitis in HIV
C:\Users\HishamMo\Desktop\999_cs\Quantum_Inpired_PSO_Classifcation\MRI_dataset\Acute Cerebellitis in HIV\Acute_Cerebellitis_in_HIV174.jpg,Acute Cerebellitis in HIV
C:\Users\HishamMo\Desktop\999_cs\Quantum_Inpired_PSO_Classifcation\MRI_dataset\Acute Cerebellitis in HIV\Acute_Cerebellitis_in_HIV175.jpg,Acute Cerebellitis in HIV
C:\Users\HishamMo\Desktop\999_cs\Quantum_Inpired_PSO_Classifcation\MRI_dataset\Acute Cerebellitis in HIV\Acute_Cerebellitis_in_HIV176.jpg,Acute Cerebellitis in HIV
C:\Users\HishamMo\Desktop\999_cs\Quantum_Inpired_PSO_Classifcation\MRI_dataset\Acute Cerebellitis in HIV\Acute_Cerebellitis_in_HIV177.jpg,Acute Cerebellitis in HIV
C:\Users\HishamMo\Desktop\999_cs\Quantum_Inpired_PSO_Classifcation\MRI_dataset\Acute Cerebellitis in HIV\Acute_Cerebellitis_in_HIV178.jpg,Acute Cerebellitis in HIV
C:\Users\HishamMo\Desktop\999_cs\Quantum_Inpired_PSO_Classifcation\MRI_dataset\Acute Cerebellitis in HIV\Acute_Cerebellitis_in_HIV179.jpg,Acute Cerebellitis in HIV
C:\Users\HishamMo\Desktop\999_cs\Quantum_Inpired_PSO_Classifcation\MRI_dataset\Acute Cerebellitis in HIV\Acute_Cerebellitis_in_HIV180.jpg,Acute Cerebellitis in HIV
C:\Users\HishamMo\Desktop\999_cs\Quantum_Inpired_PSO_Classifcation\MRI_dataset\Acute Cerebellitis in HIV\Acute_Cerebellitis_in_HIV181.jpg,Acute Cerebellitis in HIV
C:\Users\HishamMo\Desktop\999_cs\Quantum_Inpired_PSO_Classifcation\MRI_dataset\Acute Cerebellitis in HIV\Acute_Cerebellitis_in_HIV182.jpg,Acute Cerebellitis in HIV
C:\Users\HishamMo\Desktop\999_cs\Quantum_Inpired_PSO_Classifcation\MRI_dataset\Acute Cerebellitis in HIV\Acute_Cerebellitis_in_HIV183.jpg,Acute Cerebellitis in HIV
C:\Users\HishamMo\Desktop\999_cs\Quantum_Inpired_PSO_Classifcation\MRI_dataset\Acute Cerebellitis in HIV\Acute_Cerebellitis_in_HIV184.jpg,Acute Cerebellitis in HIV
C:\Users\HishamMo\Desktop\999_cs\Quantum_Inpired_PSO_Classifcation\MRI_dataset\Acute Cerebellitis in HIV\Acute_Cerebellitis_in_HIV185.jpg,Acute Cerebellitis in HIV
C:\Users\HishamMo\Desktop\999_cs\Quantum_Inpired_PSO_Classifcation\MRI_dataset\Acute Cerebellitis in HIV\Acute_Cerebellitis_in_HIV186.jpg,Acute Cerebellitis in HIV
C:\Users\HishamMo\Desktop\999_cs\Quantum_Inpired_PSO_Classifcation\MRI_dataset\Acute Cerebellitis in HIV\Acute_Cerebellitis_in_HIV187.jpg,Acute Cerebellitis in HIV
C:\Users\HishamMo\Desktop\999_cs\Quantum_Inpired_PSO_Classifcation\MRI_dataset\Acute Cerebellitis in HIV\Acute_Cerebellitis_in_HIV188.jpg,Acute Cerebellitis in HIV
C:\Users\HishamMo\Desktop\999_cs\Quantum_Inpired_PSO_Classifcation\MRI_dataset\Acute Cerebellitis in HIV\Acute_Cerebellitis_in_HIV189.jpg,Acute Cerebellitis in HIV
C:\Users\HishamMo\Desktop\999_cs\Quantum_Inpired_PSO_Classifcation\MRI_dataset\Acute Cerebellitis in HIV\Acute_Cerebellitis_in_HIV190.jpg,Acute Cerebellitis in HIV
C:\Users\HishamMo\Desktop\999_cs\Quantum_Inpired_PSO_Classifcation\MRI_dataset\Acute Cerebellitis in HIV\Acute_Cerebellitis_in_HIV191.jpg,Acute Cerebellitis in HIV
C:\Users\HishamMo\Desktop\999_cs\Quantum_Inpired_PSO_Classifcation\MRI_dataset\Acute Cerebellitis in HIV\Acute_Cerebellitis_in_HIV192.jpg,Acute Cerebellitis in HIV
C:\Users\HishamMo\Desktop\999_cs\Quantum_Inpired_PSO_Classifcation\MRI_dataset\Acute Cerebellitis in HIV\Acute_Cerebellitis_in_HIV193.jpg,Acute Cerebellitis in HIV
C:\Users\HishamMo\Desktop\999_cs\Quantum_Inpired_PSO_Classifcation\MRI_dataset\Acute Cerebellitis in HIV\Acute_Cerebellitis_in_HIV194.jpg,Acute Cerebellitis in HIV
C:\Users\HishamMo\Desktop\999_cs\Quantum_Inpired_PSO_Classifcation\MRI_dataset\Acute Cerebellitis in HIV\Acute_Cerebellitis_in_HIV195.jpg,Acute Cerebellitis in HIV
C:\Users\HishamMo\Desktop\999_cs\Quantum_Inpired_PSO_Classifcation\MRI_dataset\Acute Cerebellitis in HIV\Acute_Cerebellitis_in_HIV196.jpg,Acute Cerebellitis in HIV
C:\Users\HishamMo\Desktop\999_cs\Quantum_Inpired_PSO_Classifcation\MRI_dataset\Acute Cerebellitis in HIV\Acute_Cerebellitis_in_HIV197.jpg,Acute Cerebellitis in HIV
C:\Users\HishamMo\Desktop\999_cs\Quantum_Inpired_PSO_Classifcation\MRI_dataset\Acute Cerebellitis in HIV\Acute_Cerebellitis_in_HIV198.jpg,Acute Cerebellitis in HIV
C:\Users\HishamMo\Desktop\999_cs\Quantum_Inpired_PSO_Classifcation\MRI_dataset\Acute Cerebellitis in HIV\Acute_Cerebellitis_in_HIV199.jpg,Acute Cerebellitis in HIV
C:\Users\HishamMo\Desktop\999_cs\Quantum_Inpired_PSO_Classifcation\MRI_dataset\Acute Cerebellitis in HIV\Acute_Cerebellitis_in_HIV200.jpg,Acute Cerebellitis in HIV
C:\Users\HishamMo\Desktop\999_cs\Quantum_Inpired_PSO_Classifcation\MRI_dataset\Acute Cerebellitis in HIV\Acute_Cerebellitis_in_HIV201.jpg,Acute Cerebellitis in HIV
C:\Users\HishamMo\Desktop\999_cs\Quantum_Inpired_PSO_Classifcation\MRI_dataset\Acute Cerebellitis in HIV\Acute_Cerebellitis_in_HIV202.jpg,Acute Cerebellitis in HIV
C:\Users\HishamMo\Desktop\999_cs\Quantum_Inpired_PSO_Classifcation\MRI_dataset\Acute Cerebellitis in HIV\Acute_Cerebellitis_in_HIV203.jpg,Acute Cerebellitis in HIV
C:\Users\HishamMo\Desktop\999_cs\Quantum_Inpired_PSO_Classifcation\MRI_dataset\Acute Cerebellitis in HIV\Acute_Cerebellitis_in_HIV204.jpg,Acute Cerebellitis in HIV
C:\Users\HishamMo\Desktop\999_cs\Quantum_Inpired_PSO_Classifcation\MRI_dataset\Acute Cerebellitis in HIV\Acute_Cerebellitis_in_HIV205.jpg,Acute Cerebellitis in HIV
C:\Users\HishamMo\Desktop\999_cs\Quantum_Inpired_PSO_Classifcation\MRI_dataset\Acute Cerebellitis in HIV\Acute_Cerebellitis_in_HIV206.jpg,Acute Cerebellitis in HIV
C:\Users\HishamMo\Desktop\999_cs\Quantum_Inpired_PSO_Classifcation\MRI_dataset\Acute Cerebellitis in HIV\Acute_Cerebellitis_in_HIV207.jpg,Acute Cerebellitis in HIV
C:\Users\HishamMo\Desktop\999_cs\Quantum_Inpired_PSO_Classifcation\MRI_dataset\Acute Cerebellitis in HIV\Acute_Cerebellitis_in_HIV208.jpg,Acute Cerebellitis in HIV
C:\Users\HishamMo\Desktop\999_cs\Quantum_Inpired_PSO_Classifcation\MRI_dataset\Acute Cerebellitis in HIV\Acute_Cerebellitis_in_HIV209.jpg,Acute Cerebellitis in HIV
C:\Users\HishamMo\Desktop\999_cs\Quantum_Inpired_PSO_Classifcation\MRI_dataset\Acute Cerebellitis in HIV\Acute_Cerebellitis_in_HIV210.jpg,Acute Cerebellitis in HIV
C:\Users\HishamMo\Desktop\999_cs\Quantum_Inpired_PSO_Classifcation\MRI_dataset\Acute Cerebellitis in HIV\Acute_Cerebellitis_in_HIV211.jpg,Acute Cerebellitis in HIV
C:\Users\HishamMo\Desktop\999_cs\Quantum_Inpired_PSO_Classifcation\MRI_dataset\Acute Cerebellitis in HIV\Acute_Cerebellitis_in_HIV212.jpg,Acute Cerebellitis in HIV
C:\Users\HishamMo\Desktop\999_cs\Quantum_Inpired_PSO_Classifcation\MRI_dataset\Acute Cerebellitis in HIV\Acute_Cerebellitis_in_HIV213.jpg,Acute Cerebellitis in HIV
C:\Users\HishamMo\Desktop\999_cs\Quantum_Inpired_PSO_Classifcation\MRI_dataset\Acute Cerebellitis in HIV\Acute_Cerebellitis_in_HIV214.jpg,Acute Cerebellitis in HIV
C:\Users\HishamMo\Desktop\999_cs\Quantum_Inpired_PSO_Classifcation\MRI_dataset\Acute Cerebellitis in HIV\Acute_Cerebellitis_in_HIV215.jpg,Acute Cerebellitis in HIV
C:\Users\HishamMo\Desktop\999_cs\Quantum_Inpired_PSO_Classifcation\MRI_dataset\Acute Cerebellitis in HIV\Acute_Cerebellitis_in_HIV216.jpg,Acute Cerebellitis in HIV
C:\Users\HishamMo\Desktop\999_cs\Quantum_Inpired_PSO_Classifcation\MRI_dataset\Acute Cerebellitis in HIV\Acute_Cerebellitis_in_HIV217.jpg,Acute Cerebellitis in HIV
C:\Users\HishamMo\Desktop\999_cs\Quantum_Inpired_PSO_Classifcation\MRI_dataset\Acute Cerebellitis in HIV\Acute_Cerebellitis_in_HIV218.jpg,Acute Cerebellitis in HIV
C:\Users\HishamMo\Desktop\999_cs\Quantum_Inpired_PSO_Classifcation\MRI_dataset\Acute Cerebellitis in HIV\Acute_Cerebellitis_in_HIV219.jpg,Acute Cerebellitis in HIV
C:\Users\HishamMo\Desktop\999_cs\Quantum_Inpired_PSO_Classifcation\MRI_dataset\Acute Cerebellitis in HIV\Acute_Cerebellitis_in_HIV220.jpg,Acute Cerebellitis in HIV
C:\Users\HishamMo\Desktop\999_cs\Quantum_Inpired_PSO_Classifcation\MRI_dataset\Acute Cerebellitis in HIV\Acute_Cerebellitis_in_HIV221.jpg,Acute Cerebellitis in HIV
C:\Users\HishamMo\Desktop\999_cs\Quantum_Inpired_PSO_Classifcation\MRI_dataset\Acute Cerebellitis in HIV\Acute_Cerebellitis_in_HIV222.jpg,Acute Cerebellitis in HIV
C:\Users\HishamMo\Desktop\999_cs\Quantum_Inpired_PSO_Classifcation\MRI_dataset\Acute Cerebellitis in HIV\Acute_Cerebellitis_in_HIV223.jpg,Acute Cerebellitis in HIV
C:\Users\HishamMo\Desktop\999_cs\Quantum_Inpired_PSO_Classifcation\MRI_dataset\Acute Cerebellitis in HIV\Acute_Cerebellitis_in_HIV224.jpg,Acute Cerebellitis in HIV
C:\Users\HishamMo\Desktop\999_cs\Quantum_Inpired_PSO_Classifcation\MRI_dataset\Acute Cerebellitis in HIV\Acute_Cerebellitis_in_HIV225.jpg,Acute Cerebellitis in HIV
C:\Users\HishamMo\Desktop\999_cs\Quantum_Inpired_PSO_Classifcation\MRI_dataset\Acute Cerebellitis in HIV\Acute_Cerebellitis_in_HIV226.jpg,Acute Cerebellitis in HIV
C:\Users\HishamMo\Desktop\999_cs\Quantum_Inpired_PSO_Classifcation\MRI_dataset\Acute Cerebellitis in HIV\Acute_Cerebellitis_in_HIV227.jpg,Acute Cerebellitis in HIV
C:\Users\HishamMo\Desktop\999_cs\Quantum_Inpired_PSO_Classifcation\MRI_dataset\Acute Cerebellitis in HIV\Acute_Cerebellitis_in_HIV228.jpg,Acute Cerebellitis in HIV
C:\Users\HishamMo\Desktop\999_cs\Quantum_Inpired_PSO_Classifcation\MRI_dataset\Acute Cerebellitis in HIV\Acute_Cerebellitis_in_HIV229.jpg,Acute Cerebellitis in HIV
C:\Users\HishamMo\Desktop\999_cs\Quantum_Inpired_PSO_Classifcation\MRI_dataset\Acute Cerebellitis in HIV\Acute_Cerebellitis_in_HIV230.jpg,Acute Cerebellitis in HIV
C:\Users\HishamMo\Desktop\999_cs\Quantum_Inpired_PSO_Classifcation\MRI_dataset\Acute Cerebellitis in HIV\Acute_Cerebellitis_in_HIV231.jpg,Acute Cerebellitis in HIV
C:\Users\HishamMo\Desktop\999_cs\Quantum_Inpired_PSO_Classifcation\MRI_dataset\Acute Cerebellitis in HIV\Acute_Cerebellitis_in_HIV232.jpg,Acute Cerebellitis in HIV
C:\Users\HishamMo\Desktop\999_cs\Quantum_Inpired_PSO_Classifcation\MRI_dataset\Acute Cerebellitis in HIV\Acute_Cerebellitis_in_HIV233.jpg,Acute Cerebellitis in HIV
C:\Users\HishamMo\Desktop\999_cs\Quantum_Inpired_PSO_Classifcation\MRI_dataset\Acute Cerebellitis in HIV\Acute_Cerebellitis_in_HIV234.jpg,Acute Cerebellitis in HIV
C:\Users\HishamMo\Desktop\999_cs\Quantum_Inpired_PSO_Classifcation\MRI_dataset\Acute Cerebellitis in HIV\Acute_Cerebellitis_in_HIV235.jpg,Acute Cerebellitis in HIV
C:\Users\HishamMo\Desktop\999_cs\Quantum_Inpired_PSO_Classifcation\MRI_dataset\Acute Cerebellitis in HIV\Acute_Cerebellitis_in_HIV236.jpg,Acute Cerebellitis in HIV
C:\Users\HishamMo\Desktop\999_cs\Quantum_Inpired_PSO_Classifcation\MRI_dataset\Acute Cerebellitis in HIV\Acute_Cerebellitis_in_HIV237.jpg,Acute Cerebellitis in HIV
C:\Users\HishamMo\Desktop\999_cs\Quantum_Inpired_PSO_Classifcation\MRI_dataset\Acute Cerebellitis in HIV\Acute_Cerebellitis_in_HIV238.jpg,Acute Cerebellitis in HIV
C:\Users\HishamMo\Desktop\999_cs\Quantum_Inpired_PSO_Classifcation\MRI_dataset\Acute Cerebellitis in HIV\Acute_Cerebellitis_in_HIV239.jpg,Acute Cerebellitis in HIV
C:\Users\HishamMo\Desktop\999_cs\Quantum_Inpired_PSO_Classifcation\MRI_dataset\Acute Cerebellitis in HIV\Acute_Cerebellitis_in_HIV240.jpg,Acute Cerebellitis in HIV
C:\Users\HishamMo\Desktop\999_cs\Quantum_Inpired_PSO_Classifcation\MRI_dataset\Acute Cerebellitis in HIV\Acute_Cerebellitis_in_HIV241.jpg,Acute Cerebellitis in HIV
C:\Users\HishamMo\Desktop\999_cs\Quantum_Inpired_PSO_Classifcation\MRI_dataset\Acute Cerebellitis in HIV\Acute_Cerebellitis_in_HIV242.jpg,Acute Cerebellitis in HIV
C:\Users\HishamMo\Desktop\999_cs\Quantum_Inpired_PSO_Classifcation\MRI_dataset\Acute Cerebellitis in HIV\Acute_Cerebellitis_in_HIV243.jpg,Acute Cerebellitis in HIV
C:\Users\HishamMo\Desktop\999_cs\Quantum_Inpired_PSO_Classifcation\MRI_dataset\Acute Cerebellitis in HIV\Acute_Cerebellitis_in_HIV244.jpg,Acute Cerebellitis in HIV
C:\Users\HishamMo\Desktop\999_cs\Quantum_Inpired_PSO_Classifcation\MRI_dataset\Acute Cerebellitis in HIV\Acute_Cerebellitis_in_HIV245.jpg,Acute Cerebellitis in HIV
C:\Users\HishamMo\Desktop\999_cs\Quantum_Inpired_PSO_Classifcation\MRI_dataset\Acute Cerebellitis in HIV\Acute_Cerebellitis_in_HIV246.jpg,Acute Cerebellitis in HIV
C:\Users\HishamMo\Desktop\999_cs\Quantum_Inpired_PSO_Classifcation\MRI_dataset\Acute Cerebellitis in HIV\Acute_Cerebellitis_in_HIV247.jpg,Acute Cerebellitis in HIV
C:\Users\HishamMo\Desktop\999_cs\Quantum_Inpired_PSO_Classifcation\MRI_dataset\Acute Cerebellitis in HIV\Acute_Cerebellitis_in_HIV248.jpg,Acute Cerebellitis in HIV
C:\Users\HishamMo\Desktop\999_cs\Quantum_Inpired_PSO_Classifcation\MRI_dataset\Acute Cerebellitis in HIV\Acute_Cerebellitis_in_HIV249.jpg,Acute Cerebellitis in HIV
C:\Users\HishamMo\Desktop\999_cs\Quantum_Inpired_PSO_Classifcation\MRI_dataset\Acute Cerebellitis in HIV\Acute_Cerebellitis_in_HIV250.jpg,Acute Cerebellitis in HIV
C:\Users\HishamMo\Desktop\999_cs\Quantum_Inpired_PSO_Classifcation\MRI_dataset\Acute Cerebellitis in HIV\Acute_Cerebellitis_in_HIV251.jpg,Acute Cerebellitis in HIV
C:\Users\HishamMo\Desktop\999_cs\Quantum_Inpired_PSO_Classifcation\MRI_dataset\Acute Cerebellitis in HIV\Acute_Cerebellitis_in_HIV252.jpg,Acute Cerebellitis in HIV
C:\Users\HishamMo\Desktop\999_cs\Quantum_Inpired_PSO_Classifcation\MRI_dataset\Acute Cerebellitis in HIV\Acute_Cerebellitis_in_HIV253.jpg,Acute Cerebellitis in HIV
C:\Users\HishamMo\Desktop\999_cs\Quantum_Inpired_PSO_Classifcation\MRI_dataset\Acute Cerebellitis in HIV\Acute_Cerebellitis_in_HIV254.jpg,Acute Cerebellitis in HIV
C:\Users\HishamMo\Desktop\999_cs\Quantum_Inpired_PSO_Classifcation\MRI_dataset\Acute Cerebellitis in HIV\Acute_Cerebellitis_in_HIV255.jpg,Acute Cerebellitis in HIV
C:\Users\HishamMo\Desktop\999_cs\Quantum_Inpired_PSO_Classifcation\MRI_dataset\Acute Cerebellitis in HIV\Acute_Cerebellitis_in_HIV256.jpg,Acute Cerebellitis in HIV
C:\Users\HishamMo\Desktop\999_cs\Quantum_Inpired_PSO_Classifcation\MRI_dataset\Acute Cerebellitis in HIV\Acute_Cerebellitis_in_HIV257.jpg,Acute Cerebellitis in HIV
C:\Users\HishamMo\Desktop\999_cs\Quantum_Inpired_PSO_Classifcation\MRI_dataset\Acute Cerebellitis in HIV\Acute_Cerebellitis_in_HIV258.jpg,Acute Cerebellitis in HIV
C:\Users\HishamMo\Desktop\999_cs\Quantum_Inpired_PSO_Classifcation\MRI_dataset\Acute Cerebellitis in HIV\Acute_Cerebellitis_in_HIV259.jpg,Acute Cerebellitis in HIV
C:\Users\HishamMo\Desktop\999_cs\Quantum_Inpired_PSO_Classifcation\MRI_dataset\Acute Cerebellitis in HIV\Acute_Cerebellitis_in_HIV260.jpg,Acute Cerebellitis in HIV
C:\Users\HishamMo\Desktop\999_cs\Quantum_Inpired_PSO_Classifcation\MRI_dataset\Acute Cerebellitis in HIV\Acute_Cerebellitis_in_HIV261.jpg,Acute Cerebellitis in HIV
C:\Users\HishamMo\Desktop\999_cs\Quantum_Inpired_PSO_Classifcation\MRI_dataset\Acute Cerebellitis in HIV\Acute_Cerebellitis_in_HIV262.jpg,Acute Cerebellitis in HIV
C:\Users\HishamMo\Desktop\999_cs\Quantum_Inpired_PSO_Classifcation\MRI_dataset\Acute Cerebellitis in HIV\Acute_Cerebellitis_in_HIV263.jpg,Acute Cerebellitis in HIV
C:\Users\HishamMo\Desktop\999_cs\Quantum_Inpired_PSO_Classifcation\MRI_dataset\Acute Cerebellitis in HIV\Acute_Cerebellitis_in_HIV264.jpg,Acute Cerebellitis in HIV
C:\Users\HishamMo\Desktop\999_cs\Quantum_Inpired_PSO_Classifcation\MRI_dataset\Acute Cerebellitis in HIV\Acute_Cerebellitis_in_HIV265.jpg,Acute Cerebellitis in HIV
C:\Users\HishamMo\Desktop\999_cs\Quantum_Inpired_PSO_Classifcation\MRI_dataset\Acute Cerebellitis in HIV\Acute_Cerebellitis_in_HIV266.jpg,Acute Cerebellitis in HIV
C:\Users\HishamMo\Desktop\999_cs\Quantum_Inpired_PSO_Classifcation\MRI_dataset\Acute Cerebellitis in HIV\Acute_Cerebellitis_in_HIV267.jpg,Acute Cerebellitis in HIV
C:\Users\HishamMo\Desktop\999_cs\Quantum_Inpired_PSO_Classifcation\MRI_dataset\Acute Cerebellitis in HIV\Acute_Cerebellitis_in_HIV268.jpg,Acute Cerebellitis in HIV
C:\Users\HishamMo\Desktop\999_cs\Quantum_Inpired_PSO_Classifcation\MRI_dataset\Acute Cerebellitis in HIV\Acute_Cerebellitis_in_HIV269.jpg,Acute Cerebellitis in HIV
C:\Users\HishamMo\Desktop\999_cs\Quantum_Inpired_PSO_Classifcation\MRI_dataset\Acute Cerebellitis in HIV\Acute_Cerebellitis_in_HIV270.jpg,Acute Cerebellitis in HIV
C:\Users\HishamMo\Desktop\999_cs\Quantum_Inpired_PSO_Classifcation\MRI_dataset\Acute Cerebellitis in HIV\Acute_Cerebellitis_in_HIV271.jpg,Acute Cerebellitis in HIV
C:\Users\HishamMo\Desktop\999_cs\Quantum_Inpired_PSO_Classifcation\MRI_dataset\Acute Cerebellitis in HIV\Acute_Cerebellitis_in_HIV272.jpg,Acute Cerebellitis in HIV
C:\Users\HishamMo\Desktop\999_cs\Quantum_Inpired_PSO_Classifcation\MRI_dataset\Acute Cerebellitis in HIV\Acute_Cerebellitis_in_HIV273.jpg,Acute Cerebellitis in HIV
C:\Users\HishamMo\Desktop\999_cs\Quantum_Inpired_PSO_Classifcation\MRI_dataset\Acute Cerebellitis in HIV\Acute_Cerebellitis_in_HIV274.jpg,Acute Cerebellitis in HIV
C:\Users\HishamMo\Desktop\999_cs\Quantum_Inpired_PSO_Classifcation\MRI_dataset\Acute Cerebellitis in HIV\Acute_Cerebellitis_in_HIV275.jpg,Acute Cerebellitis in HIV
C:\Users\HishamMo\Desktop\999_cs\Quantum_Inpired_PSO_Classifcation\MRI_dataset\Acute Cerebellitis in HIV\Acute_Cerebellitis_in_HIV276.jpg,Acute Cerebellitis in HIV
C:\Users\HishamMo\Desktop\999_cs\Quantum_Inpired_PSO_Classifcation\MRI_dataset\Acute Cerebellitis in HIV\Acute_Cerebellitis_in_HIV277.jpg,Acute Cerebellitis in HIV
C:\Users\HishamMo\Desktop\999_cs\Quantum_Inpired_PSO_Classifcation\MRI_dataset\Acute Cerebellitis in HIV\Acute_Cerebellitis_in_HIV278.jpg,Acute Cerebellitis in HIV
C:\Users\HishamMo\Desktop\999_cs\Quantum_Inpired_PSO_Classifcation\MRI_dataset\Acute Cerebellitis in HIV\Acute_Cerebellitis_in_HIV279.jpg,Acute Cerebellitis in HIV
C:\Users\HishamMo\Desktop\999_cs\Quantum_Inpired_PSO_Classifcation\MRI_dataset\Acute Cerebellitis in HIV\Acute_Cerebellitis_in_HIV280.jpg,Acute Cerebellitis in HIV
C:\Users\HishamMo\Desktop\999_cs\Quantum_Inpired_PSO_Classifcation\MRI_dataset\Acute Cerebellitis in HIV\Acute_Cerebellitis_in_HIV281.jpg,Acute Cerebellitis in HIV
C:\Users\HishamMo\Desktop\999_cs\Quantum_Inpired_PSO_Classifcation\MRI_dataset\Acute Cerebellitis in HIV\Acute_Cerebellitis_in_HIV282.jpg,Acute Cerebellitis in HIV
C:\Users\HishamMo\Desktop\999_cs\Quantum_Inpired_PSO_Classifcation\MRI_dataset\Acute Cerebellitis in HIV\Acute_Cerebellitis_in_HIV283.jpg,Acute Cerebellitis in HIV
C:\Users\HishamMo\Desktop\999_cs\Quantum_Inpired_PSO_Classifcation\MRI_dataset\Acute Cerebellitis in HIV\Acute_Cerebellitis_in_HIV284.jpg,Acute Cerebellitis in HIV
C:\Users\HishamMo\Desktop\999_cs\Quantum_Inpired_PSO_Classifcation\MRI_dataset\Acute Cerebellitis in HIV\Acute_Cerebellitis_in_HIV285.jpg,Acute Cerebellitis in HIV
C:\Users\HishamMo\Desktop\999_cs\Quantum_Inpired_PSO_Classifcation\MRI_dataset\Acute Cerebellitis in HIV\Acute_Cerebellitis_in_HIV286.jpg,Acute Cerebellitis in HIV
C:\Users\HishamMo\Desktop\999_cs\Quantum_Inpired_PSO_Classifcation\MRI_dataset\Acute Cerebellitis in HIV\Acute_Cerebellitis_in_HIV287.jpg,Acute Cerebellitis in HIV
C:\Users\HishamMo\Desktop\999_cs\Quantum_Inpired_PSO_Classifcation\MRI_dataset\Acute Cerebellitis in HIV\Acute_Cerebellitis_in_HIV288.jpg,Acute Cerebellitis in HIV
C:\Users\HishamMo\Desktop\999_cs\Quantum_Inpired_PSO_Classifcation\MRI_dataset\Acute Cerebellitis in HIV\Acute_Cerebellitis_in_HIV289.jpg,Acute Cerebellitis in HIV
C:\Users\HishamMo\Desktop\999_cs\Quantum_Inpired_PSO_Classifcation\MRI_dataset\Acute Cerebellitis in HIV\Acute_Cerebellitis_in_HIV290.jpg,Acute Cerebellitis in HIV
C:\Users\HishamMo\Desktop\999_cs\Quantum_Inpired_PSO_Classifcation\MRI_dataset\Acute Cerebellitis in HIV\Acute_Cerebellitis_in_HIV291.jpg,Acute Cerebellitis in HIV
C:\Users\HishamMo\Desktop\999_cs\Quantum_Inpired_PSO_Classifcation\MRI_dataset\Acute Cerebellitis in HIV\Acute_Cerebellitis_in_HIV292.jpg,Acute Cerebellitis in HIV
C:\Users\HishamMo\Desktop\999_cs\Quantum_Inpired_PSO_Classifcation\MRI_dataset\Acute Cerebellitis in HIV\Acute_Cerebellitis_in_HIV293.jpg,Acute Cerebellitis in HIV
C:\Users\HishamMo\Desktop\999_cs\Quantum_Inpired_PSO_Classifcation\MRI_dataset\Acute Cerebellitis in HIV\Acute_Cerebellitis_in_HIV294.jpg,Acute Cerebellitis in HIV
C:\Users\HishamMo\Desktop\999_cs\Quantum_Inpired_PSO_Classifcation\MRI_dataset\Acute Cerebellitis in HIV\Acute_Cerebellitis_in_HIV295.jpg,Acute Cerebellitis in HIV
C:\Users\HishamMo\Desktop\999_cs\Quantum_Inpired_PSO_Classifcation\MRI_dataset\Acute Cerebellitis in HIV\Acute_Cerebellitis_in_HIV296.jpg,Acute Cerebellitis in HIV
C:\Users\HishamMo\Desktop\999_cs\Quantum_Inpired_PSO_Classifcation\MRI_dataset\Acute Cerebellitis in HIV\Acute_Cerebellitis_in_HIV297.jpg,Acute Cerebellitis in HIV
C:\Users\HishamMo\Desktop\999_cs\Quantum_Inpired_PSO_Classifcation\MRI_dataset\Acute Cerebellitis in HIV\Acute_Cerebellitis_in_HIV298.jpg,Acute Cerebellitis in HIV
C:\Users\HishamMo\Desktop\999_cs\Quantum_Inpired_PSO_Classifcation\MRI_dataset\Acute Cerebellitis in HIV\Acute_Cerebellitis_in_HIV299.jpg,Acute Cerebellitis in HIV
C:\Users\HishamMo\Desktop\999_cs\Quantum_Inpired_PSO_Classifcation\MRI_dataset\Acute Cerebellitis in HIV\Acute_Cerebellitis_in_HIV300.jpg,Acute Cerebellitis in HIV
C:\Users\HishamMo\Desktop\999_cs\Quantum_Inpired_PSO_Classifcation\MRI_dataset\Acute Cerebellitis in HIV\Acute_Cerebellitis_in_HIV301.jpg,Acute Cerebellitis in HIV
C:\Users\HishamMo\Desktop\999_cs\Quantum_Inpired_PSO_Classifcation\MRI_dataset\Acute Cerebellitis in HIV\Acute_Cerebellitis_in_HIV302.jpg,Acute Cerebellitis in HIV
C:\Users\HishamMo\Desktop\999_cs\Quantum_Inpired_PSO_Classifcation\MRI_dataset\Acute Cerebellitis in HIV\Acute_Cerebellitis_in_HIV303.jpg,Acute Cerebellitis in HIV
C:\Users\HishamMo\Desktop\999_cs\Quantum_Inpired_PSO_Classifcation\MRI_dataset\Acute Cerebellitis in HIV\Acute_Cerebellitis_in_HIV304.jpg,Acute Cerebellitis in HIV
C:\Users\HishamMo\Desktop\999_cs\Quantum_Inpired_PSO_Classifcation\MRI_dataset\Acute Cerebellitis in HIV\Acute_Cerebellitis_in_HIV305.jpg,Acute Cerebellitis in HIV
C:\Users\HishamMo\Desktop\999_cs\Quantum_Inpired_PSO_Classifcation\MRI_dataset\Acute Cerebellitis in HIV\Acute_Cerebellitis_in_HIV306.jpg,Acute Cerebellitis in HIV
C:\Users\HishamMo\Desktop\999_cs\Quantum_Inpired_PSO_Classifcation\MRI_dataset\Acute Cerebellitis in HIV\Acute_Cerebellitis_in_HIV307.jpg,Acute Cerebellitis in HIV
C:\Users\HishamMo\Desktop\999_cs\Quantum_Inpired_PSO_Classifcation\MRI_dataset\Acute Cerebellitis in HIV\Acute_Cerebellitis_in_HIV308.jpg,Acute Cerebellitis in HIV
C:\Users\HishamMo\Desktop\999_cs\Quantum_Inpired_PSO_Classifcation\MRI_dataset\Acute Cerebellitis in HIV\Acute_Cerebellitis_in_HIV309.jpg,Acute Cerebellitis in HIV
C:\Users\HishamMo\Desktop\999_cs\Quantum_Inpired_PSO_Classifcation\MRI_dataset\Acute Cerebellitis in HIV\Acute_Cerebellitis_in_HIV310.jpg,Acute Cerebellitis in HIV
C:\Users\HishamMo\Desktop\999_cs\Quantum_Inpired_PSO_Classifcation\MRI_dataset\Acute Cerebellitis in HIV\Acute_Cerebellitis_in_HIV311.jpg,Acute Cerebellitis in HIV
C:\Users\HishamMo\Desktop\999_cs\Quantum_Inpired_PSO_Classifcation\MRI_dataset\Acute Cerebellitis in HIV\Acute_Cerebellitis_in_HIV312.jpg,Acute Cerebellitis in HIV
C:\Users\HishamMo\Desktop\999_cs\Quantum_Inpired_PSO_Classifcation\MRI_dataset\Acute Cerebellitis in HIV\Acute_Cerebellitis_in_HIV313.jpg,Acute Cerebellitis in HIV
C:\Users\HishamMo\Desktop\999_cs\Quantum_Inpired_PSO_Classifcation\MRI_dataset\Acute Cerebellitis in HIV\Acute_Cerebellitis_in_HIV314.jpg,Acute Cerebellitis in HIV
C:\Users\HishamMo\Desktop\999_cs\Quantum_Inpired_PSO_Classifcation\MRI_dataset\Acute Cerebellitis in HIV\Acute_Cerebellitis_in_HIV315.jpg,Acute Cerebellitis in HIV
C:\Users\HishamMo\Desktop\999_cs\Quantum_Inpired_PSO_Classifcation\MRI_dataset\Acute Cerebellitis in HIV\Acute_Cerebellitis_in_HIV316.jpg,Acute Cerebellitis in HIV
C:\Users\HishamMo\Desktop\999_cs\Quantum_Inpired_PSO_Classifcation\MRI_dataset\Acute Cerebellitis in HIV\Acute_Cerebellitis_in_HIV317.jpg,Acute Cerebellitis in HIV
C:\Users\HishamMo\Desktop\999_cs\Quantum_Inpired_PSO_Classifcation\MRI_dataset\Acute Cerebellitis in HIV\Acute_Cerebellitis_in_HIV318.jpg,Acute Cerebellitis in HIV
C:\Users\HishamMo\Desktop\999_cs\Quantum_Inpired_PSO_Classifcation\MRI_dataset\Acute Cerebellitis in HIV\Acute_Cerebellitis_in_HIV319.jpg,Acute Cerebellitis in HIV
C:\Users\HishamMo\Desktop\999_cs\Quantum_Inpired_PSO_Classifcation\MRI_dataset\Acute Cerebellitis in HIV\Acute_Cerebellitis_in_HIV320.jpg,Acute Cerebellitis in HIV
C:\Users\HishamMo\Desktop\999_cs\Quantum_Inpired_PSO_Classifcation\MRI_dataset\Acute Cerebellitis in HIV\Acute_Cerebellitis_in_HIV321.jpg,Acute Cerebellitis in HIV
C:\Users\HishamMo\Desktop\999_cs\Quantum_Inpired_PSO_Classifcation\MRI_dataset\Acute Cerebellitis in HIV\Acute_Cerebellitis_in_HIV322.jpg,Acute Cerebellitis in HIV
C:\Users\HishamMo\Desktop\999_cs\Quantum_Inpired_PSO_Classifcation\MRI_dataset\Acute Cerebellitis in HIV\Acute_Cerebellitis_in_HIV323.jpg,Acute Cerebellitis in HIV
C:\Users\HishamMo\Desktop\999_cs\Quantum_Inpired_PSO_Classifcation\MRI_dataset\Acute Cerebellitis in HIV\Acute_Cerebellitis_in_HIV324.jpg,Acute Cerebellitis in HIV
C:\Users\HishamMo\Desktop\999_cs\Quantum_Inpired_PSO_Classifcation\MRI_dataset\Acute Cerebellitis in HIV\Acute_Cerebellitis_in_HIV325.jpg,Acute Cerebellitis in HIV
C:\Users\HishamMo\Desktop\999_cs\Quantum_Inpired_PSO_Classifcation\MRI_dataset\Acute Cerebellitis in HIV\Acute_Cerebellitis_in_HIV326.jpg,Acute Cerebellitis in HIV
C:\Users\HishamMo\Desktop\999_cs\Quantum_Inpired_PSO_Classifcation\MRI_dataset\Acute Cerebellitis in HIV\Acute_Cerebellitis_in_HIV327.jpg,Acute Cerebellitis in HIV
C:\Users\HishamMo\Desktop\999_cs\Quantum_Inpired_PSO_Classifcation\MRI_dataset\Acute Cerebellitis in HIV\Acute_Cerebellitis_in_HIV328.jpg,Acute Cerebellitis in HIV
C:\Users\HishamMo\Desktop\999_cs\Quantum_Inpired_PSO_Classifcation\MRI_dataset\Acute Cerebellitis in HIV\Acute_Cerebellitis_in_HIV329.jpg,Acute Cerebellitis in HIV
C:\Users\HishamMo\Desktop\999_cs\Quantum_Inpired_PSO_Classifcation\MRI_dataset\Acute Cerebellitis in HIV\Acute_Cerebellitis_in_HIV330.jpg,Acute Cerebellitis in HIV
C:\Users\HishamMo\Desktop\999_cs\Quantum_Inpired_PSO_Classifcation\MRI_dataset\Acute Cerebellitis in HIV\Acute_Cerebellitis_in_HIV331.jpg,Acute Cerebellitis in HIV
C:\Users\HishamMo\Desktop\999_cs\Quantum_Inpired_PSO_Classifcation\MRI_dataset\Acute Cerebellitis in HIV\Acute_Cerebellitis_in_HIV332.jpg,Acute Cerebellitis in HIV
C:\Users\HishamMo\Desktop\999_cs\Quantum_Inpired_PSO_Classifcation\MRI_dataset\Acute Cerebellitis in HIV\Acute_Cerebellitis_in_HIV333.jpg,Acute Cerebellitis in HIV
C:\Users\HishamMo\Desktop\999_cs\Quantum_Inpired_PSO_Classifcation\MRI_dataset\Acute Cerebellitis in HIV\Acute_Cerebellitis_in_HIV334.jpg,Acute Cerebellitis in HIV
C:\Users\HishamMo\Desktop\999_cs\Quantum_Inpired_PSO_Classifcation\MRI_dataset\Acute Cerebellitis in HIV\Acute_Cerebellitis_in_HIV335.jpg,Acute Cerebellitis in HIV
C:\Users\HishamMo\Desktop\999_cs\Quantum_Inpired_PSO_Classifcation\MRI_dataset\Acute Cerebellitis in HIV\Acute_Cerebellitis_in_HIV336.jpg,Acute Cerebellitis in HIV
C:\Users\HishamMo\Desktop\999_cs\Quantum_Inpired_PSO_Classifcation\MRI_dataset\Acute Cerebellitis in HIV\Acute_Cerebellitis_in_HIV337.jpg,Acute Cerebellitis in HIV
C:\Users\HishamMo\Desktop\999_cs\Quantum_Inpired_PSO_Classifcation\MRI_dataset\Acute Cerebellitis in HIV\Acute_Cerebellitis_in_HIV338.jpg,Acute Cerebellitis in HIV
C:\Users\HishamMo\Desktop\999_cs\Quantum_Inpired_PSO_Classifcation\MRI_dataset\Acute Cerebellitis in HIV\Acute_Cerebellitis_in_HIV339.jpg,Acute Cerebellitis in HIV
C:\Users\HishamMo\Desktop\999_cs\Quantum_Inpired_PSO_Classifcation\MRI_dataset\Acute Cerebellitis in HIV\Acute_Cerebellitis_in_HIV340.jpg,Acute Cerebellitis in HIV
C:\Users\HishamMo\Desktop\999_cs\Quantum_Inpired_PSO_Classifcation\MRI_dataset\Acute Cerebellitis in HIV\Acute_Cerebellitis_in_HIV341.jpg,Acute Cerebellitis in HIV
C:\Users\HishamMo\Desktop\999_cs\Quantum_Inpired_PSO_Classifcation\MRI_dataset\Acute Cerebellitis in HIV\Acute_Cerebellitis_in_HIV342.jpg,Acute Cerebellitis in HIV
C:\Users\HishamMo\Desktop\999_cs\Quantum_Inpired_PSO_Classifcation\MRI_dataset\Acute Cerebellitis in HIV\Acute_Cerebellitis_in_HIV343.jpg,Acute Cerebellitis in HIV
C:\Users\HishamMo\Desktop\999_cs\Quantum_Inpired_PSO_Classifcation\MRI_dataset\Acute Cerebellitis in HIV\Acute_Cerebellitis_in_HIV344.jpg,Acute Cerebellitis in HIV
C:\Users\HishamMo\Desktop\999_cs\Quantum_Inpired_PSO_Classifcation\MRI_dataset\Acute Cerebellitis in HIV\Acute_Cerebellitis_in_HIV345.jpg,Acute Cerebellitis in HIV
C:\Users\HishamMo\Desktop\999_cs\Quantum_Inpired_PSO_Classifcation\MRI_dataset\Acute Cerebellitis in HIV\Acute_Cerebellitis_in_HIV346.jpg,Acute Cerebellitis in HIV
C:\Users\HishamMo\Desktop\999_cs\Quantum_Inpired_PSO_Classifcation\MRI_dataset\Acute Cerebellitis in HIV\Acute_Cerebellitis_in_HIV347.jpg,Acute Cerebellitis in HIV
C:\Users\HishamMo\Desktop\999_cs\Quantum_Inpired_PSO_Classifcation\MRI_dataset\Acute Cerebellitis in HIV\Acute_Cerebellitis_in_HIV348.jpg,Acute Cerebellitis in HIV
C:\Users\HishamMo\Desktop\999_cs\Quantum_Inpired_PSO_Classifcation\MRI_dataset\Acute Cerebellitis in HIV\Acute_Cerebellitis_in_HIV349.jpg,Acute Cerebellitis in HIV
C:\Users\HishamMo\Desktop\999_cs\Quantum_Inpired_PSO_Classifcation\MRI_dataset\Acute Cerebellitis in HIV\Acute_Cerebellitis_in_HIV350.jpg,Acute Cerebellitis in HIV
C:\Users\HishamMo\Desktop\999_cs\Quantum_Inpired_PSO_Classifcation\MRI_dataset\Acute Cerebellitis in HIV\Acute_Cerebellitis_in_HIV351.jpg,Acute Cerebellitis in HIV
C:\Users\HishamMo\Desktop\999_cs\Quantum_Inpired_PSO_Classifcation\MRI_dataset\Acute Cerebellitis in HIV\Acute_Cerebellitis_in_HIV352.jpg,Acute Cerebellitis in HIV
C:\Users\HishamMo\Desktop\999_cs\Quantum_Inpired_PSO_Classifcation\MRI_dataset\Acute Cerebellitis in HIV\Acute_Cerebellitis_in_HIV353.jpg,Acute Cerebellitis in HIV
C:\Users\HishamMo\Desktop\999_cs\Quantum_Inpired_PSO_Classifcation\MRI_dataset\Acute Cerebellitis in HIV\Acute_Cerebellitis_in_HIV354.jpg,Acute Cerebellitis in HIV
C:\Users\HishamMo\Desktop\999_cs\Quantum_Inpired_PSO_Classifcation\MRI_dataset\Acute Cerebellitis in HIV\Acute_Cerebellitis_in_HIV355.jpg,Acute Cerebellitis in HIV
C:\Users\HishamMo\Desktop\999_cs\Quantum_Inpired_PSO_Classifcation\MRI_dataset\Acute Cerebellitis in HIV\Acute_Cerebellitis_in_HIV356.jpg,Acute Cerebellitis in HIV
C:\Users\HishamMo\Desktop\999_cs\Quantum_Inpired_PSO_Classifcation\MRI_dataset\Acute Cerebellitis in HIV\Acute_Cerebellitis_in_HIV357.jpg,Acute Cerebellitis in HIV
C:\Users\HishamMo\Desktop\999_cs\Quantum_Inpired_PSO_Classifcation\MRI_dataset\Acute Cerebellitis in HIV\Acute_Cerebellitis_in_HIV358.jpg,Acute Cerebellitis in HIV
C:\Users\HishamMo\Desktop\999_cs\Quantum_Inpired_PSO_Classifcation\MRI_dataset\Acute Cerebellitis in HIV\Acute_Cerebellitis_in_HIV359.jpg,Acute Cerebellitis in HIV
C:\Users\HishamMo\Desktop\999_cs\Quantum_Inpired_PSO_Classifcation\MRI_dataset\Acute Cerebellitis in HIV\Acute_Cerebellitis_in_HIV360.jpg,Acute Cerebellitis in HIV
C:\Users\HishamMo\Desktop\999_cs\Quantum_Inpired_PSO_Classifcation\MRI_dataset\Acute Cerebellitis in HIV\Acute_Cerebellitis_in_HIV361.jpg,Acute Cerebellitis in HIV
C:\Users\HishamMo\Desktop\999_cs\Quantum_Inpired_PSO_Classifcation\MRI_dataset\Acute Cerebellitis in HIV\Acute_Cerebellitis_in_HIV362.jpg,Acute Cerebellitis in HIV
C:\Users\HishamMo\Desktop\999_cs\Quantum_Inpired_PSO_Classifcation\MRI_dataset\Acute Cerebellitis in HIV\Acute_Cerebellitis_in_HIV363.jpg,Acute Cerebellitis in HIV
C:\Users\HishamMo\Desktop\999_cs\Quantum_Inpired_PSO_Classifcation\MRI_dataset\Acute Cerebellitis in HIV\Acute_Cerebellitis_in_HIV364.jpg,Acute Cerebellitis in HIV
C:\Users\HishamMo\Desktop\999_cs\Quantum_Inpired_PSO_Classifcation\MRI_dataset\Acute Cerebellitis in HIV\Acute_Cerebellitis_in_HIV365.jpg,Acute Cerebellitis in HIV
C:\Users\HishamMo\Desktop\999_cs\Quantum_Inpired_PSO_Classifcation\MRI_dataset\Acute Cerebellitis in HIV\Acute_Cerebellitis_in_HIV366.jpg,Acute Cerebellitis in HIV
C:\Users\HishamMo\Desktop\999_cs\Quantum_Inpired_PSO_Classifcation\MRI_dataset\Acute Cerebellitis in HIV\Acute_Cerebellitis_in_HIV367.jpg,Acute Cerebellitis in HIV
C:\Users\HishamMo\Desktop\999_cs\Quantum_Inpired_PSO_Classifcation\MRI_dataset\Acute Cerebellitis in HIV\Acute_Cerebellitis_in_HIV368.jpg,Acute Cerebellitis in HIV
C:\Users\HishamMo\Desktop\999_cs\Quantum_Inpired_PSO_Classifcation\MRI_dataset\Acute Cerebellitis in HIV\Acute_Cerebellitis_in_HIV369.jpg,Acute Cerebellitis in HIV
C:\Users\HishamMo\Desktop\999_cs\Quantum_Inpired_PSO_Classifcation\MRI_dataset\Acute Cerebellitis in HIV\Acute_Cerebellitis_in_HIV370.jpg,Acute Cerebellitis in HIV
C:\Users\HishamMo\Desktop\999_cs\Quantum_Inpired_PSO_Classifcation\MRI_dataset\Acute Cerebellitis in HIV\Acute_Cerebellitis_in_HIV371.jpg,Acute Cerebellitis in HIV
C:\Users\HishamMo\Desktop\999_cs\Quantum_Inpired_PSO_Classifcation\MRI_dataset\Acute Cerebellitis in HIV\Acute_Cerebellitis_in_HIV372.jpg,Acute Cerebellitis in HIV
C:\Users\HishamMo\Desktop\999_cs\Quantum_Inpired_PSO_Classifcation\MRI_dataset\Acute Cerebellitis in HIV\Acute_Cerebellitis_in_HIV373.jpg,Acute Cerebellitis in HIV
C:\Users\HishamMo\Desktop\999_cs\Quantum_Inpired_PSO_Classifcation\MRI_dataset\Acute Cerebellitis in HIV\Acute_Cerebellitis_in_HIV374.jpg,Acute Cerebellitis in HIV
C:\Users\HishamMo\Desktop\999_cs\Quantum_Inpired_PSO_Classifcation\MRI_dataset\Acute Cerebellitis in HIV\Acute_Cerebellitis_in_HIV375.jpg,Acute Cerebellitis in HIV
C:\Users\HishamMo\Desktop\999_cs\Quantum_Inpired_PSO_Classifcation\MRI_dataset\Acute Cerebellitis in HIV\Acute_Cerebellitis_in_HIV376.jpg,Acute Cerebellitis in HIV
C:\Users\HishamMo\Desktop\999_cs\Quantum_Inpired_PSO_Classifcation\MRI_dataset\Acute Cerebellitis in HIV\Acute_Cerebellitis_in_HIV377.jpg,Acute Cerebellitis in HIV
C:\Users\HishamMo\Desktop\999_cs\Quantum_Inpired_PSO_Classifcation\MRI_dataset\Acute Cerebellitis in HIV\Acute_Cerebellitis_in_HIV378.jpg,Acute Cerebellitis in HIV
C:\Users\HishamMo\Desktop\999_cs\Quantum_Inpired_PSO_Classifcation\MRI_dataset\Acute Cerebellitis in HIV\Acute_Cerebellitis_in_HIV379.jpg,Acute Cerebellitis in HIV
C:\Users\HishamMo\Desktop\999_cs\Quantum_Inpired_PSO_Classifcation\MRI_dataset\Acute Cerebellitis in HIV\Acute_Cerebellitis_in_HIV380.jpg,Acute Cerebellitis in HIV
C:\Users\HishamMo\Desktop\999_cs\Quantum_Inpired_PSO_Classifcation\MRI_dataset\Acute Cerebellitis in HIV\Acute_Cerebellitis_in_HIV381.jpg,Acute Cerebellitis in HIV
C:\Users\HishamMo\Desktop\999_cs\Quantum_Inpired_PSO_Classifcation\MRI_dataset\Acute Cerebellitis in HIV\Acute_Cerebellitis_in_HIV382.jpg,Acute Cerebellitis in HIV
C:\Users\HishamMo\Desktop\999_cs\Quantum_Inpired_PSO_Classifcation\MRI_dataset\Acute Cerebellitis in HIV\Acute_Cerebellitis_in_HIV383.jpg,Acute Cerebellitis in HIV
C:\Users\HishamMo\Desktop\999_cs\Quantum_Inpired_PSO_Classifcation\MRI_dataset\Acute Cerebellitis in HIV\Acute_Cerebellitis_in_HIV384.jpg,Acute Cerebellitis in HIV
C:\Users\HishamMo\Desktop\999_cs\Quantum_Inpired_PSO_Classifcation\MRI_dataset\Acute Cerebellitis in HIV\Acute_Cerebellitis_in_HIV385.jpg,Acute Cerebellitis in HIV
C:\Users\HishamMo\Desktop\999_cs\Quantum_Inpired_PSO_Classifcation\MRI_dataset\Acute Cerebellitis in HIV\Acute_Cerebellitis_in_HIV386.jpg,Acute Cerebellitis in HIV
C:\Users\HishamMo\Desktop\999_cs\Quantum_Inpired_PSO_Classifcation\MRI_dataset\Acute Cerebellitis in HIV\Acute_Cerebellitis_in_HIV387.jpg,Acute Cerebellitis in HIV
C:\Users\HishamMo\Desktop\999_cs\Quantum_Inpired_PSO_Classifcation\MRI_dataset\Acute Cerebellitis in HIV\Acute_Cerebellitis_in_HIV388.jpg,Acute Cerebellitis in HIV
C:\Users\HishamMo\Desktop\999_cs\Quantum_Inpired_PSO_Classifcation\MRI_dataset\Acute Cerebellitis in HIV\Acute_Cerebellitis_in_HIV389.jpg,Acute Cerebellitis in HIV
C:\Users\HishamMo\Desktop\999_cs\Quantum_Inpired_PSO_Classifcation\MRI_dataset\Acute Cerebellitis in HIV\Acute_Cerebellitis_in_HIV390.jpg,Acute Cerebellitis in HIV
C:\Users\HishamMo\Desktop\999_cs\Quantum_Inpired_PSO_Classifcation\MRI_dataset\Acute Cerebellitis in HIV\Acute_Cerebellitis_in_HIV391.jpg,Acute Cerebellitis in HIV
C:\Users\HishamMo\Desktop\999_cs\Quantum_Inpired_PSO_Classifcation\MRI_dataset\Acute Cerebellitis in HIV\Acute_Cerebellitis_in_HIV392.jpg,Acute Cerebellitis in HIV
C:\Users\HishamMo\Desktop\999_cs\Quantum_Inpired_PSO_Classifcation\MRI_dataset\Acute Cerebellitis in HIV\Acute_Cerebellitis_in_HIV393.jpg,Acute Cerebellitis in HIV
C:\Users\HishamMo\Desktop\999_cs\Quantum_Inpired_PSO_Classifcation\MRI_dataset\Acute Cerebellitis in HIV\Acute_Cerebellitis_in_HIV394.jpg,Acute Cerebellitis in HIV
C:\Users\HishamMo\Desktop\999_cs\Quantum_Inpired_PSO_Classifcation\MRI_dataset\Acute Cerebellitis in HIV\Acute_Cerebellitis_in_HIV395.jpg,Acute Cerebellitis in HIV
C:\Users\HishamMo\Desktop\999_cs\Quantum_Inpired_PSO_Classifcation\MRI_dataset\Acute Cerebellitis in HIV\Acute_Cerebellitis_in_HIV396.jpg,Acute Cerebellitis in HIV
C:\Users\HishamMo\Desktop\999_cs\Quantum_Inpired_PSO_Classifcation\MRI_dataset\Acute Cerebellitis in HIV\Acute_Cerebellitis_in_HIV397.jpg,Acute Cerebellitis in HIV
C:\Users\HishamMo\Desktop\999_cs\Quantum_Inpired_PSO_Classifcation\MRI_dataset\Acute Cerebellitis in HIV\Acute_Cerebellitis_in_HIV398.jpg,Acute Cerebellitis in HIV
C:\Users\HishamMo\Desktop\999_cs\Quantum_Inpired_PSO_Classifcation\MRI_dataset\Acute Cerebellitis in HIV\Acute_Cerebellitis_in_HIV399.jpg,Acute Cerebellitis in HIV
C:\Users\HishamMo\Desktop\999_cs\Quantum_Inpired_PSO_Classifcation\MRI_dataset\Acute Cerebellitis in HIV\Acute_Cerebellitis_in_HIV400.jpg,Acute Cerebellitis in HIV
C:\Users\HishamMo\Desktop\999_cs\Quantum_Inpired_PSO_Classifcation\MRI_dataset\Acute Cerebellitis in HIV\Acute_Cerebellitis_in_HIV401.jpg,Acute Cerebellitis in HIV
C:\Users\HishamMo\Desktop\999_cs\Quantum_Inpired_PSO_Classifcation\MRI_dataset\Acute Cerebellitis in HIV\Acute_Cerebellitis_in_HIV402.jpg,Acute Cerebellitis in HIV
C:\Users\HishamMo\Desktop\999_cs\Quantum_Inpired_PSO_Classifcation\MRI_dataset\Acute Cerebellitis in HIV\Acute_Cerebellitis_in_HIV403.jpg,Acute Cerebellitis in HIV
C:\Users\HishamMo\Desktop\999_cs\Quantum_Inpired_PSO_Classifcation\MRI_dataset\Acute Cerebellitis in HIV\Acute_Cerebellitis_in_HIV404.jpg,Acute Cerebellitis in HIV
C:\Users\HishamMo\Desktop\999_cs\Quantum_Inpired_PSO_Classifcation\MRI_dataset\Acute Cerebellitis in HIV\Acute_Cerebellitis_in_HIV405.jpg,Acute Cerebellitis in HIV
C:\Users\HishamMo\Desktop\999_cs\Quantum_Inpired_PSO_Classifcation\MRI_dataset\Acute Cerebellitis in HIV\Acute_Cerebellitis_in_HIV406.jpg,Acute Cerebellitis in HIV
C:\Users\HishamMo\Desktop\999_cs\Quantum_Inpired_PSO_Classifcation\MRI_dataset\Acute Cerebellitis in HIV\Acute_Cerebellitis_in_HIV407.jpg,Acute Cerebellitis in HIV
C:\Users\HishamMo\Desktop\999_cs\Quantum_Inpired_PSO_Classifcation\MRI_dataset\Acute Cerebellitis in HIV\Acute_Cerebellitis_in_HIV408.jpg,Acute Cerebellitis in HIV
C:\Users\HishamMo\Desktop\999_cs\Quantum_Inpired_PSO_Classifcation\MRI_dataset\Acute Cerebellitis in HIV\Acute_Cerebellitis_in_HIV409.jpg,Acute Cerebellitis in HIV
C:\Users\HishamMo\Desktop\999_cs\Quantum_Inpired_PSO_Classifcation\MRI_dataset\Acute Cerebellitis in HIV\Acute_Cerebellitis_in_HIV410.jpg,Acute Cerebellitis in HIV
C:\Users\HishamMo\Desktop\999_cs\Quantum_Inpired_PSO_Classifcation\MRI_dataset\Acute Cerebellitis in HIV\Acute_Cerebellitis_in_HIV411.jpg,Acute Cerebellitis in HIV
C:\Users\HishamMo\Desktop\999_cs\Quantum_Inpired_PSO_Classifcation\MRI_dataset\Acute Cerebellitis in HIV\Acute_Cerebellitis_in_HIV412.jpg,Acute Cerebellitis in HIV
C:\Users\HishamMo\Desktop\999_cs\Quantum_Inpired_PSO_Classifcation\MRI_dataset\Acute Cerebellitis in HIV\Acute_Cerebellitis_in_HIV413.jpg,Acute Cerebellitis in HIV
C:\Users\HishamMo\Desktop\999_cs\Quantum_Inpired_PSO_Classifcation\MRI_dataset\Acute Cerebellitis in HIV\Acute_Cerebellitis_in_HIV414.jpg,Acute Cerebellitis in HIV
C:\Users\HishamMo\Desktop\999_cs\Quantum_Inpired_PSO_Classifcation\MRI_dataset\Acute Cerebellitis in HIV\Acute_Cerebellitis_in_HIV415.jpg,Acute Cerebellitis in HIV
C:\Users\HishamMo\Desktop\999_cs\Quantum_Inpired_PSO_Classifcation\MRI_dataset\Acute Cerebellitis in HIV\Acute_Cerebellitis_in_HIV416.jpg,Acute Cerebellitis in HIV
C:\Users\HishamMo\Desktop\999_cs\Quantum_Inpired_PSO_Classifcation\MRI_dataset\Acute Cerebellitis in HIV\Acute_Cerebellitis_in_HIV417.jpg,Acute Cerebellitis in HIV
C:\Users\HishamMo\Desktop\999_cs\Quantum_Inpired_PSO_Classifcation\MRI_dataset\Acute Cerebellitis in HIV\Acute_Cerebellitis_in_HIV418.jpg,Acute Cerebellitis in HIV
C:\Users\HishamMo\Desktop\999_cs\Quantum_Inpired_PSO_Classifcation\MRI_dataset\Acute Cerebellitis in HIV\Acute_Cerebellitis_in_HIV419.jpg,Acute Cerebellitis in HIV
C:\Users\HishamMo\Desktop\999_cs\Quantum_Inpired_PSO_Classifcation\MRI_dataset\Acute Cerebellitis in HIV\Acute_Cerebellitis_in_HIV420.jpg,Acute Cerebellitis in HIV
C:\Users\HishamMo\Desktop\999_cs\Quantum_Inpired_PSO_Classifcation\MRI_dataset\Acute Cerebellitis in HIV\Acute_Cerebellitis_in_HIV421.jpg,Acute Cerebellitis in HIV
C:\Users\HishamMo\Desktop\999_cs\Quantum_Inpired_PSO_Classifcation\MRI_dataset\Acute Cerebellitis in HIV\Acute_Cerebellitis_in_HIV422.jpg,Acute Cerebellitis in HIV
C:\Users\HishamMo\Desktop\999_cs\Quantum_Inpired_PSO_Classifcation\MRI_dataset\Acute Cerebellitis in HIV\Acute_Cerebellitis_in_HIV423.jpg,Acute Cerebellitis in HIV
C:\Users\HishamMo\Desktop\999_cs\Quantum_Inpired_PSO_Classifcation\MRI_dataset\Acute Cerebellitis in HIV\Acute_Cerebellitis_in_HIV424.jpg,Acute Cerebellitis in HIV
C:\Users\HishamMo\Desktop\999_cs\Quantum_Inpired_PSO_Classifcation\MRI_dataset\Acute Cerebellitis in HIV\Acute_Cerebellitis_in_HIV425.jpg,Acute Cerebellitis in HIV
C:\Users\HishamMo\Desktop\999_cs\Quantum_Inpired_PSO_Classifcation\MRI_dataset\Acute Cerebellitis in HIV\Acute_Cerebellitis_in_HIV426.jpg,Acute Cerebellitis in HIV
C:\Users\HishamMo\Desktop\999_cs\Quantum_Inpired_PSO_Classifcation\MRI_dataset\Acute Cerebellitis in HIV\Acute_Cerebellitis_in_HIV427.jpg,Acute Cerebellitis in HIV
C:\Users\HishamMo\Desktop\999_cs\Quantum_Inpired_PSO_Classifcation\MRI_dataset\Acute Cerebellitis in HIV\Acute_Cerebellitis_in_HIV428.jpg,Acute Cerebellitis in HIV
C:\Users\HishamMo\Desktop\999_cs\Quantum_Inpired_PSO_Classifcation\MRI_dataset\Acute Cerebellitis in HIV\Acute_Cerebellitis_in_HIV429.jpg,Acute Cerebellitis in HIV
C:\Users\HishamMo\Desktop\999_cs\Quantum_Inpired_PSO_Classifcation\MRI_dataset\Acute Cerebellitis in HIV\Acute_Cerebellitis_in_HIV430.jpg,Acute Cerebellitis in HIV
C:\Users\HishamMo\Desktop\999_cs\Quantum_Inpired_PSO_Classifcation\MRI_dataset\Acute Cerebellitis in HIV\Acute_Cerebellitis_in_HIV431.jpg,Acute Cerebellitis in HIV
C:\Users\HishamMo\Desktop\999_cs\Quantum_Inpired_PSO_Classifcation\MRI_dataset\Acute Cerebellitis in HIV\Acute_Cerebellitis_in_HIV432.jpg,Acute Cerebellitis in HIV
C:\Users\HishamMo\Desktop\999_cs\Quantum_Inpired_PSO_Classifcation\MRI_dataset\Acute Cerebellitis in HIV\Acute_Cerebellitis_in_HIV433.jpg,Acute Cerebellitis in HIV
C:\Users\HishamMo\Desktop\999_cs\Quantum_Inpired_PSO_Classifcation\MRI_dataset\Acute Cerebellitis in HIV\Acute_Cerebellitis_in_HIV434.jpg,Acute Cerebellitis in HIV
C:\Users\HishamMo\Desktop\999_cs\Quantum_Inpired_PSO_Classifcation\MRI_dataset\Acute Cerebellitis in HIV\Acute_Cerebellitis_in_HIV435.jpg,Acute Cerebellitis in HIV
C:\Users\HishamMo\Desktop\999_cs\Quantum_Inpired_PSO_Classifcation\MRI_dataset\Acute Cerebellitis in HIV\Acute_Cerebellitis_in_HIV436.jpg,Acute Cerebellitis in HIV
C:\Users\HishamMo\Desktop\999_cs\Quantum_Inpired_PSO_Classifcation\MRI_dataset\Acute Cerebellitis in HIV\Acute_Cerebellitis_in_HIV437.jpg,Acute Cerebellitis in HIV
C:\Users\HishamMo\Desktop\999_cs\Quantum_Inpired_PSO_Classifcation\MRI_dataset\Acute Cerebellitis in HIV\Acute_Cerebellitis_in_HIV438.jpg,Acute Cerebellitis in HIV
C:\Users\HishamMo\Desktop\999_cs\Quantum_Inpired_PSO_Classifcation\MRI_dataset\Acute Cerebellitis in HIV\Acute_Cerebellitis_in_HIV439.jpg,Acute Cerebellitis in HIV
C:\Users\HishamMo\Desktop\999_cs\Quantum_Inpired_PSO_Classifcation\MRI_dataset\Acute Cerebellitis in HIV\Acute_Cerebellitis_in_HIV440.jpg,Acute Cerebellitis in HIV
C:\Users\HishamMo\Desktop\999_cs\Quantum_Inpired_PSO_Classifcation\MRI_dataset\Acute Cerebellitis in HIV\Acute_Cerebellitis_in_HIV441.jpg,Acute Cerebellitis in HIV
C:\Users\HishamMo\Desktop\999_cs\Quantum_Inpired_PSO_Classifcation\MRI_dataset\Acute Cerebellitis in HIV\Acute_Cerebellitis_in_HIV442.jpg,Acute Cerebellitis in HIV
C:\Users\HishamMo\Desktop\999_cs\Quantum_Inpired_PSO_Classifcation\MRI_dataset\Acute Cerebellitis in HIV\Acute_Cerebellitis_in_HIV443.jpg,Acute Cerebellitis in HIV
C:\Users\HishamMo\Desktop\999_cs\Quantum_Inpired_PSO_Classifcation\MRI_dataset\Acute Cerebellitis in HIV\Acute_Cerebellitis_in_HIV444.jpg,Acute Cerebellitis in HIV
C:\Users\HishamMo\Desktop\999_cs\Quantum_Inpired_PSO_Classifcation\MRI_dataset\Acute Cerebellitis in HIV\Acute_Cerebellitis_in_HIV445.jpg,Acute Cerebellitis in HIV
C:\Users\HishamMo\Desktop\999_cs\Quantum_Inpired_PSO_Classifcation\MRI_dataset\Acute Cerebellitis in HIV\Acute_Cerebellitis_in_HIV446.jpg,Acute Cerebellitis in HIV
C:\Users\HishamMo\Desktop\999_cs\Quantum_Inpired_PSO_Classifcation\MRI_dataset\Acute Cerebellitis in HIV\Acute_Cerebellitis_in_HIV447.jpg,Acute Cerebellitis in HIV
C:\Users\HishamMo\Desktop\999_cs\Quantum_Inpired_PSO_Classifcation\MRI_dataset\Acute Cerebellitis in HIV\Acute_Cerebellitis_in_HIV448.jpg,Acute Cerebellitis in HIV
C:\Users\HishamMo\Desktop\999_cs\Quantum_Inpired_PSO_Classifcation\MRI_dataset\Acute Cerebellitis in HIV\Acute_Cerebellitis_in_HIV449.jpg,Acute Cerebellitis in HIV
C:\Users\HishamMo\Desktop\999_cs\Quantum_Inpired_PSO_Classifcation\MRI_dataset\Acute Cerebellitis in HIV\Acute_Cerebellitis_in_HIV450.jpg,Acute Cerebellitis in HIV
C:\Users\HishamMo\Desktop\999_cs\Quantum_Inpired_PSO_Classifcation\MRI_dataset\Acute Cerebellitis in HIV\Acute_Cerebellitis_in_HIV451.jpg,Acute Cerebellitis in HIV
C:\Users\HishamMo\Desktop\999_cs\Quantum_Inpired_PSO_Classifcation\MRI_dataset\Acute Cerebellitis in HIV\Acute_Cerebellitis_in_HIV452.jpg,Acute Cerebellitis in HIV
C:\Users\HishamMo\Desktop\999_cs\Quantum_Inpired_PSO_Classifcation\MRI_dataset\Acute Cerebellitis in HIV\Acute_Cerebellitis_in_HIV453.jpg,Acute Cerebellitis in HIV
C:\Users\HishamMo\Desktop\999_cs\Quantum_Inpired_PSO_Classifcation\MRI_dataset\Acute Cerebellitis in HIV\Acute_Cerebellitis_in_HIV454.jpg,Acute Cerebellitis in HIV
C:\Users\HishamMo\Desktop\999_cs\Quantum_Inpired_PSO_Classifcation\MRI_dataset\Acute Cerebellitis in HIV\Acute_Cerebellitis_in_HIV455.jpg,Acute Cerebellitis in HIV
C:\Users\HishamMo\Desktop\999_cs\Quantum_Inpired_PSO_Classifcation\MRI_dataset\Acute Cerebellitis in HIV\Acute_Cerebellitis_in_HIV456.jpg,Acute Cerebellitis in HIV
C:\Users\HishamMo\Desktop\999_cs\Quantum_Inpired_PSO_Classifcation\MRI_dataset\Acute Cerebellitis in HIV\Acute_Cerebellitis_in_HIV457.jpg,Acute Cerebellitis in HIV
C:\Users\HishamMo\Desktop\999_cs\Quantum_Inpired_PSO_Classifcation\MRI_dataset\Acute Cerebellitis in HIV\Acute_Cerebellitis_in_HIV458.jpg,Acute Cerebellitis in HIV
C:\Users\HishamMo\Desktop\999_cs\Quantum_Inpired_PSO_Classifcation\MRI_dataset\Acute Cerebellitis in HIV\Acute_Cerebellitis_in_HIV459.jpg,Acute Cerebellitis in HIV
C:\Users\HishamMo\Desktop\999_cs\Quantum_Inpired_PSO_Classifcation\MRI_dataset\Acute Cerebellitis in HIV\Acute_Cerebellitis_in_HIV460.jpg,Acute Cerebellitis in HIV
C:\Users\HishamMo\Desktop\999_cs\Quantum_Inpired_PSO_Classifcation\MRI_dataset\Acute Cerebellitis in HIV\Acute_Cerebellitis_in_HIV461.jpg,Acute Cerebellitis in HIV
C:\Users\HishamMo\Desktop\999_cs\Quantum_Inpired_PSO_Classifcation\MRI_dataset\Acute Cerebellitis in HIV\Acute_Cerebellitis_in_HIV462.jpg,Acute Cerebellitis in HIV
C:\Users\HishamMo\Desktop\999_cs\Quantum_Inpired_PSO_Classifcation\MRI_dataset\Acute Cerebellitis in HIV\Acute_Cerebellitis_in_HIV463.jpg,Acute Cerebellitis in HIV
C:\Users\HishamMo\Desktop\999_cs\Quantum_Inpired_PSO_Classifcation\MRI_dataset\Acute Cerebellitis in HIV\Acute_Cerebellitis_in_HIV464.jpg,Acute Cerebellitis in HIV
C:\Users\HishamMo\Desktop\999_cs\Quantum_Inpired_PSO_Classifcation\MRI_dataset\Acute Cerebellitis in HIV\Acute_Cerebellitis_in_HIV465.jpg,Acute Cerebellitis in HIV
C:\Users\HishamMo\Desktop\999_cs\Quantum_Inpired_PSO_Classifcation\MRI_dataset\Acute Cerebellitis in HIV\Acute_Cerebellitis_in_HIV466.jpg,Acute Cerebellitis in HIV
C:\Users\HishamMo\Desktop\999_cs\Quantum_Inpired_PSO_Classifcation\MRI_dataset\Acute Cerebellitis in HIV\Acute_Cerebellitis_in_HIV467.jpg,Acute Cerebellitis in HIV
C:\Users\HishamMo\Desktop\999_cs\Quantum_Inpired_PSO_Classifcation\MRI_dataset\Acute Cerebellitis in HIV\Acute_Cerebellitis_in_HIV468.jpg,Acute Cerebellitis in HIV
C:\Users\HishamMo\Desktop\999_cs\Quantum_Inpired_PSO_Classifcation\MRI_dataset\Acute Cerebellitis in HIV\Acute_Cerebellitis_in_HIV469.jpg,Acute Cerebellitis in HIV
C:\Users\HishamMo\Desktop\999_cs\Quantum_Inpired_PSO_Classifcation\MRI_dataset\Acute Cerebellitis in HIV\Acute_Cerebellitis_in_HIV470.jpg,Acute Cerebellitis in HIV
C:\Users\HishamMo\Desktop\999_cs\Quantum_Inpired_PSO_Classifcation\MRI_dataset\Acute Cerebellitis in HIV\Acute_Cerebellitis_in_HIV471.jpg,Acute Cerebellitis in HIV
C:\Users\HishamMo\Desktop\999_cs\Quantum_Inpired_PSO_Classifcation\MRI_dataset\Acute Cerebellitis in HIV\Acute_Cerebellitis_in_HIV472.jpg,Acute Cerebellitis in HIV
C:\Users\HishamMo\Desktop\999_cs\Quantum_Inpired_PSO_Classifcation\MRI_dataset\Acute Cerebellitis in HIV\Acute_Cerebellitis_in_HIV473.jpg,Acute Cerebellitis in HIV
C:\Users\HishamMo\Desktop\999_cs\Quantum_Inpired_PSO_Classifcation\MRI_dataset\Acute Cerebellitis in HIV\Acute_Cerebellitis_in_HIV474.jpg,Acute Cerebellitis in HIV
C:\Users\HishamMo\Desktop\999_cs\Quantum_Inpired_PSO_Classifcation\MRI_dataset\Acute Cerebellitis in HIV\Acute_Cerebellitis_in_HIV475.jpg,Acute Cerebellitis in HIV
C:\Users\HishamMo\Desktop\999_cs\Quantum_Inpired_PSO_Classifcation\MRI_dataset\Acute Cerebellitis in HIV\Acute_Cerebellitis_in_HIV476.jpg,Acute Cerebellitis in HIV
C:\Users\HishamMo\Desktop\999_cs\Quantum_Inpired_PSO_Classifcation\MRI_dataset\Acute Cerebellitis in HIV\Acute_Cerebellitis_in_HIV477.jpg,Acute Cerebellitis in HIV
C:\Users\HishamMo\Desktop\999_cs\Quantum_Inpired_PSO_Classifcation\MRI_dataset\Acute Cerebellitis in HIV\Acute_Cerebellitis_in_HIV478.jpg,Acute Cerebellitis in HIV
C:\Users\HishamMo\Desktop\999_cs\Quantum_Inpired_PSO_Classifcation\MRI_dataset\Acute Cerebellitis in HIV\Acute_Cerebellitis_in_HIV479.jpg,Acute Cerebellitis in HIV
C:\Users\HishamMo\Desktop\999_cs\Quantum_Inpired_PSO_Classifcation\MRI_dataset\Acute Cerebellitis in HIV\Acute_Cerebellitis_in_HIV480.jpg,Acute Cerebellitis in HIV
C:\Users\HishamMo\Desktop\999_cs\Quantum_Inpired_PSO_Classifcation\MRI_dataset\Acute Cerebellitis in HIV\Acute_Cerebellitis_in_HIV481.jpg,Acute Cerebellitis in HIV
C:\Users\HishamMo\Desktop\999_cs\Quantum_Inpired_PSO_Classifcation\MRI_dataset\Acute Cerebellitis in HIV\Acute_Cerebellitis_in_HIV482.jpg,Acute Cerebellitis in HIV
C:\Users\HishamMo\Desktop\999_cs\Quantum_Inpired_PSO_Classifcation\MRI_dataset\Acute Cerebellitis in HIV\Acute_Cerebellitis_in_HIV483.jpg,Acute Cerebellitis in HIV
C:\Users\HishamMo\Desktop\999_cs\Quantum_Inpired_PSO_Classifcation\MRI_dataset\Acute Cerebellitis in HIV\Acute_Cerebellitis_in_HIV484.jpg,Acute Cerebellitis in HIV
C:\Users\HishamMo\Desktop\999_cs\Quantum_Inpired_PSO_Classifcation\MRI_dataset\Acute Cerebellitis in HIV\Acute_Cerebellitis_in_HIV485.jpg,Acute Cerebellitis in HIV
C:\Users\HishamMo\Desktop\999_cs\Quantum_Inpired_PSO_Classifcation\MRI_dataset\Acute Cerebellitis in HIV\Acute_Cerebellitis_in_HIV486.jpg,Acute Cerebellitis in HIV
C:\Users\HishamMo\Desktop\999_cs\Quantum_Inpired_PSO_Classifcation\MRI_dataset\Acute Cerebellitis in HIV\Acute_Cerebellitis_in_HIV487.jpg,Acute Cerebellitis in HIV
C:\Users\HishamMo\Desktop\999_cs\Quantum_Inpired_PSO_Classifcation\MRI_dataset\Acute Cerebellitis in HIV\Acute_Cerebellitis_in_HIV488.jpg,Acute Cerebellitis in HIV
C:\Users\HishamMo\Desktop\999_cs\Quantum_Inpired_PSO_Classifcation\MRI_dataset\Acute Cerebellitis in HIV\Acute_Cerebellitis_in_HIV489.jpg,Acute Cerebellitis in HIV
C:\Users\HishamMo\Desktop\999_cs\Quantum_Inpired_PSO_Classifcation\MRI_dataset\Acute Cerebellitis in HIV\Acute_Cerebellitis_in_HIV490.jpg,Acute Cerebellitis in HIV
C:\Users\HishamMo\Desktop\999_cs\Quantum_Inpired_PSO_Classifcation\MRI_dataset\Acute Cerebellitis in HIV\Acute_Cerebellitis_in_HIV491.jpg,Acute Cerebellitis in HIV
C:\Users\HishamMo\Desktop\999_cs\Quantum_Inpired_PSO_Classifcation\MRI_dataset\Acute Cerebellitis in HIV\Acute_Cerebellitis_in_HIV492.jpg,Acute Cerebellitis in HIV
C:\Users\HishamMo\Desktop\999_cs\Quantum_Inpired_PSO_Classifcation\MRI_dataset\Acute Cerebellitis in HIV\Acute_Cerebellitis_in_HIV493.jpg,Acute Cerebellitis in HIV
C:\Users\HishamMo\Desktop\999_cs\Quantum_Inpired_PSO_Classifcation\MRI_dataset\Acute Cerebellitis in HIV\Acute_Cerebellitis_in_HIV494.jpg,Acute Cerebellitis in HIV
C:\Users\HishamMo\Desktop\999_cs\Quantum_Inpired_PSO_Classifcation\MRI_dataset\Acute Cerebellitis in HIV\Acute_Cerebellitis_in_HIV495.jpg,Acute Cerebellitis in HIV
C:\Users\HishamMo\Desktop\999_cs\Quantum_Inpired_PSO_Classifcation\MRI_dataset\Acute Cerebellitis in HIV\Acute_Cerebellitis_in_HIV496.jpg,Acute Cerebellitis in HIV
C:\Users\HishamMo\Desktop\999_cs\Quantum_Inpired_PSO_Classifcation\MRI_dataset\Acute Cerebellitis in HIV\Acute_Cerebellitis_in_HIV497.jpg,Acute Cerebellitis in HIV
C:\Users\HishamMo\Desktop\999_cs\Quantum_Inpired_PSO_Classifcation\MRI_dataset\Acute Cerebellitis in HIV\Acute_Cerebellitis_in_HIV498.jpg,Acute Cerebellitis in HIV
C:\Users\HishamMo\Desktop\999_cs\Quantum_Inpired_PSO_Classifcation\MRI_dataset\Acute Cerebellitis in HIV\Acute_Cerebellitis_in_HIV499.jpg,Acute Cerebellitis in HIV
C:\Users\HishamMo\Desktop\999_cs\Quantum_Inpired_PSO_Classifcation\MRI_dataset\Acute Cerebellitis in HIV\Acute_Cerebellitis_in_HIV500.jpg,Acute Cerebellitis in HIV
C:\Users\HishamMo\Desktop\999_cs\Quantum_Inpired_PSO_Classifcation\MRI_dataset\Acute Cerebellitis in HIV\Acute_Cerebellitis_in_HIV501.jpg,Acute Cerebellitis in HIV
C:\Users\HishamMo\Desktop\999_cs\Quantum_Inpired_PSO_Classifcation\MRI_dataset\Acute Cerebellitis in HIV\Acute_Cerebellitis_in_HIV502.jpg,Acute Cerebellitis in HIV
C:\Users\HishamMo\Desktop\999_cs\Quantum_Inpired_PSO_Classifcation\MRI_dataset\Acute Cerebellitis in HIV\Acute_Cerebellitis_in_HIV503.jpg,Acute Cerebellitis in HIV
C:\Users\HishamMo\Desktop\999_cs\Quantum_Inpired_PSO_Classifcation\MRI_dataset\Acute Cerebellitis in HIV\Acute_Cerebellitis_in_HIV504.jpg,Acute Cerebellitis in HIV
C:\Users\HishamMo\Desktop\999_cs\Quantum_Inpired_PSO_Classifcation\MRI_dataset\Acute Cerebellitis in HIV\Acute_Cerebellitis_in_HIV505.jpg,Acute Cerebellitis in HIV
C:\Users\HishamMo\Desktop\999_cs\Quantum_Inpired_PSO_Classifcation\MRI_dataset\Acute Cerebellitis in HIV\Acute_Cerebellitis_in_HIV506.jpg,Acute Cerebellitis in HIV
C:\Users\HishamMo\Desktop\999_cs\Quantum_Inpired_PSO_Classifcation\MRI_dataset\Acute Cerebellitis in HIV\Acute_Cerebellitis_in_HIV507.jpg,Acute Cerebellitis in HIV
C:\Users\HishamMo\Desktop\999_cs\Quantum_Inpired_PSO_Classifcation\MRI_dataset\Acute Cerebellitis in HIV\Acute_Cerebellitis_in_HIV508.jpg,Acute Cerebellitis in HIV
C:\Users\HishamMo\Desktop\999_cs\Quantum_Inpired_PSO_Classifcation\MRI_dataset\Acute Cerebellitis in HIV\Acute_Cerebellitis_in_HIV509.jpg,Acute Cerebellitis in HIV
C:\Users\HishamMo\Desktop\999_cs\Quantum_Inpired_PSO_Classifcation\MRI_dataset\Acute Cerebellitis in HIV\Acute_Cerebellitis_in_HIV510.jpg,Acute Cerebellitis in HIV
C:\Users\HishamMo\Desktop\999_cs\Quantum_Inpired_PSO_Classifcation\MRI_dataset\Acute Cerebellitis in HIV\Acute_Cerebellitis_in_HIV511.jpg,Acute Cerebellitis in HIV
C:\Users\HishamMo\Desktop\999_cs\Quantum_Inpired_PSO_Classifcation\MRI_dataset\Acute Cerebellitis in HIV\Acute_Cerebellitis_in_HIV512.jpg,Acute Cerebellitis in HIV
C:\Users\HishamMo\Desktop\999_cs\Quantum_Inpired_PSO_Classifcation\MRI_dataset\Acute Cerebellitis in HIV\Acute_Cerebellitis_in_HIV513.jpg,Acute Cerebellitis in HIV
C:\Users\HishamMo\Desktop\999_cs\Quantum_Inpired_PSO_Classifcation\MRI_dataset\Acute Cerebellitis in HIV\Acute_Cerebellitis_in_HIV514.jpg,Acute Cerebellitis in HIV
C:\Users\HishamMo\Desktop\999_cs\Quantum_Inpired_PSO_Classifcation\MRI_dataset\Acute Cerebellitis in HIV\Acute_Cerebellitis_in_HIV515.jpg,Acute Cerebellitis in HIV
C:\Users\HishamMo\Desktop\999_cs\Quantum_Inpired_PSO_Classifcation\MRI_dataset\Acute Cerebellitis in HIV\Acute_Cerebellitis_in_HIV516.jpg,Acute Cerebellitis in HIV
C:\Users\HishamMo\Desktop\999_cs\Quantum_Inpired_PSO_Classifcation\MRI_dataset\Acute Cerebellitis in HIV\Acute_Cerebellitis_in_HIV517.jpg,Acute Cerebellitis in HIV
C:\Users\HishamMo\Desktop\999_cs\Quantum_Inpired_PSO_Classifcation\MRI_dataset\Acute Cerebellitis in HIV\Acute_Cerebellitis_in_HIV518.jpg,Acute Cerebellitis in HIV
C:\Users\HishamMo\Desktop\999_cs\Quantum_Inpired_PSO_Classifcation\MRI_dataset\Acute Cerebellitis in HIV\Acute_Cerebellitis_in_HIV519.jpg,Acute Cerebellitis in HIV
C:\Users\HishamMo\Desktop\999_cs\Quantum_Inpired_PSO_Classifcation\MRI_dataset\Acute Cerebellitis in HIV\Acute_Cerebellitis_in_HIV520.jpg,Acute Cerebellitis in HIV
C:\Users\HishamMo\Desktop\999_cs\Quantum_Inpired_PSO_Classifcation\MRI_dataset\Acute Cerebellitis in HIV\Acute_Cerebellitis_in_HIV521.jpg,Acute Cerebellitis in HIV
C:\Users\HishamMo\Desktop\999_cs\Quantum_Inpired_PSO_Classifcation\MRI_dataset\Acute Cerebellitis in HIV\Acute_Cerebellitis_in_HIV522.jpg,Acute Cerebellitis in HIV
C:\Users\HishamMo\Desktop\999_cs\Quantum_Inpired_PSO_Classifcation\MRI_dataset\Acute Cerebellitis in HIV\Acute_Cerebellitis_in_HIV523.jpg,Acute Cerebellitis in HIV
C:\Users\HishamMo\Desktop\999_cs\Quantum_Inpired_PSO_Classifcation\MRI_dataset\Acute Cerebellitis in HIV\Acute_Cerebellitis_in_HIV524.jpg,Acute Cerebellitis in HIV
C:\Users\HishamMo\Desktop\999_cs\Quantum_Inpired_PSO_Classifcation\MRI_dataset\Acute Cerebellitis in HIV\Acute_Cerebellitis_in_HIV525.jpg,Acute Cerebellitis in HIV
C:\Users\HishamMo\Desktop\999_cs\Quantum_Inpired_PSO_Classifcation\MRI_dataset\Acute Cerebellitis in HIV\Acute_Cerebellitis_in_HIV526.jpg,Acute Cerebellitis in HIV
C:\Users\HishamMo\Desktop\999_cs\Quantum_Inpired_PSO_Classifcation\MRI_dataset\Acute Cerebellitis in HIV\Acute_Cerebellitis_in_HIV527.jpg,Acute Cerebellitis in HIV
C:\Users\HishamMo\Desktop\999_cs\Quantum_Inpired_PSO_Classifcation\MRI_dataset\Acute Cerebellitis in HIV\Acute_Cerebellitis_in_HIV528.jpg,Acute Cerebellitis in HIV
C:\Users\HishamMo\Desktop\999_cs\Quantum_Inpired_PSO_Classifcation\MRI_dataset\Acute Cerebellitis in HIV\Acute_Cerebellitis_in_HIV529.jpg,Acute Cerebellitis in HIV
C:\Users\HishamMo\Desktop\999_cs\Quantum_Inpired_PSO_Classifcation\MRI_dataset\Acute Cerebellitis in HIV\Acute_Cerebellitis_in_HIV530.jpg,Acute Cerebellitis in HIV
C:\Users\HishamMo\Desktop\999_cs\Quantum_Inpired_PSO_Classifcation\MRI_dataset\Acute Cerebellitis in HIV\Acute_Cerebellitis_in_HIV531.jpg,Acute Cerebellitis in HIV
C:\Users\HishamMo\Desktop\999_cs\Quantum_Inpired_PSO_Classifcation\MRI_dataset\Acute Cerebellitis in HIV\Acute_Cerebellitis_in_HIV532.jpg,Acute Cerebellitis in HIV
C:\Users\HishamMo\Desktop\999_cs\Quantum_Inpired_PSO_Classifcation\MRI_dataset\Acute Cerebellitis in HIV\Acute_Cerebellitis_in_HIV533.jpg,Acute Cerebellitis in HIV
C:\Users\HishamMo\Desktop\999_cs\Quantum_Inpired_PSO_Classifcation\MRI_dataset\Acute Cerebellitis in HIV\Acute_Cerebellitis_in_HIV534.jpg,Acute Cerebellitis in HIV
C:\Users\HishamMo\Desktop\999_cs\Quantum_Inpired_PSO_Classifcation\MRI_dataset\Acute Cerebellitis in HIV\Acute_Cerebellitis_in_HIV535.jpg,Acute Cerebellitis in HIV
C:\Users\HishamMo\Desktop\999_cs\Quantum_Inpired_PSO_Classifcation\MRI_dataset\Acute Cerebellitis in HIV\Acute_Cerebellitis_in_HIV536.jpg,Acute Cerebellitis in HIV
C:\Users\HishamMo\Desktop\999_cs\Quantum_Inpired_PSO_Classifcation\MRI_dataset\Acute Cerebellitis in HIV\Acute_Cerebellitis_in_HIV537.jpg,Acute Cerebellitis in HIV
C:\Users\HishamMo\Desktop\999_cs\Quantum_Inpired_PSO_Classifcation\MRI_dataset\Acute Cerebellitis in HIV\Acute_Cerebellitis_in_HIV538.jpg,Acute Cerebellitis in HIV
C:\Users\HishamMo\Desktop\999_cs\Quantum_Inpired_PSO_Classifcation\MRI_dataset\Acute Cerebellitis in HIV\Acute_Cerebellitis_in_HIV539.jpg,Acute Cerebellitis in HIV
C:\Users\HishamMo\Desktop\999_cs\Quantum_Inpired_PSO_Classifcation\MRI_dataset\Acute Cerebellitis in HIV\Acute_Cerebellitis_in_HIV540.jpg,Acute Cerebellitis in HIV
C:\Users\HishamMo\Desktop\999_cs\Quantum_Inpired_PSO_Classifcation\MRI_dataset\Acute Cerebellitis in HIV\Acute_Cerebellitis_in_HIV541.jpg,Acute Cerebellitis in HIV
C:\Users\HishamMo\Desktop\999_cs\Quantum_Inpired_PSO_Classifcation\MRI_dataset\Acute Cerebellitis in HIV\Acute_Cerebellitis_in_HIV542.jpg,Acute Cerebellitis in HIV
C:\Users\HishamMo\Desktop\999_cs\Quantum_Inpired_PSO_Classifcation\MRI_dataset\Acute Cerebellitis in HIV\Acute_Cerebellitis_in_HIV543.jpg,Acute Cerebellitis in HIV
C:\Users\HishamMo\Desktop\999_cs\Quantum_Inpired_PSO_Classifcation\MRI_dataset\Acute Cerebellitis in HIV\Acute_Cerebellitis_in_HIV544.jpg,Acute Cerebellitis in HIV
C:\Users\HishamMo\Desktop\999_cs\Quantum_Inpired_PSO_Classifcation\MRI_dataset\Acute Cerebellitis in HIV\Acute_Cerebellitis_in_HIV545.jpg,Acute Cerebellitis in HIV
C:\Users\HishamMo\Desktop\999_cs\Quantum_Inpired_PSO_Classifcation\MRI_dataset\Acute Cerebellitis in HIV\Acute_Cerebellitis_in_HIV546.jpg,Acute Cerebellitis in HIV
C:\Users\HishamMo\Desktop\999_cs\Quantum_Inpired_PSO_Classifcation\MRI_dataset\Acute Cerebellitis in HIV\Acute_Cerebellitis_in_HIV547.jpg,Acute Cerebellitis in HIV
C:\Users\HishamMo\Desktop\999_cs\Quantum_Inpired_PSO_Classifcation\MRI_dataset\Acute Cerebellitis in HIV\Acute_Cerebellitis_in_HIV548.jpg,Acute Cerebellitis in HIV
C:\Users\HishamMo\Desktop\999_cs\Quantum_Inpired_PSO_Classifcation\MRI_dataset\Acute Cerebellitis in HIV\Acute_Cerebellitis_in_HIV549.jpg,Acute Cerebellitis in HIV
C:\Users\HishamMo\Desktop\999_cs\Quantum_Inpired_PSO_Classifcation\MRI_dataset\Acute Cerebellitis in HIV\Acute_Cerebellitis_in_HIV550.jpg,Acute Cerebellitis in HIV
C:\Users\HishamMo\Desktop\999_cs\Quantum_Inpired_PSO_Classifcation\MRI_dataset\Acute Cerebellitis in HIV\Acute_Cerebellitis_in_HIV551.jpg,Acute Cerebellitis in HIV
C:\Users\HishamMo\Desktop\999_cs\Quantum_Inpired_PSO_Classifcation\MRI_dataset\Acute Cerebellitis in HIV\Acute_Cerebellitis_in_HIV552.jpg,Acute Cerebellitis in HIV
C:\Users\HishamMo\Desktop\999_cs\Quantum_Inpired_PSO_Classifcation\MRI_dataset\Acute Cerebellitis in HIV\Acute_Cerebellitis_in_HIV553.jpg,Acute Cerebellitis in HIV
C:\Users\HishamMo\Desktop\999_cs\Quantum_Inpired_PSO_Classifcation\MRI_dataset\Acute Cerebellitis in HIV\Acute_Cerebellitis_in_HIV554.jpg,Acute Cerebellitis in HIV
C:\Users\HishamMo\Desktop\999_cs\Quantum_Inpired_PSO_Classifcation\MRI_dataset\Acute Cerebellitis in HIV\Acute_Cerebellitis_in_HIV555.jpg,Acute Cerebellitis in HIV
C:\Users\HishamMo\Desktop\999_cs\Quantum_Inpired_PSO_Classifcation\MRI_dataset\Acute Cerebellitis in HIV\Acute_Cerebellitis_in_HIV556.jpg,Acute Cerebellitis in HIV
C:\Users\HishamMo\Desktop\999_cs\Quantum_Inpired_PSO_Classifcation\MRI_dataset\Acute Cerebellitis in HIV\Acute_Cerebellitis_in_HIV557.jpg,Acute Cerebellitis in HIV
C:\Users\HishamMo\Desktop\999_cs\Quantum_Inpired_PSO_Classifcation\MRI_dataset\Acute Cerebellitis in HIV\Acute_Cerebellitis_in_HIV558.jpg,Acute Cerebellitis in HIV
C:\Users\HishamMo\Desktop\999_cs\Quantum_Inpired_PSO_Classifcation\MRI_dataset\Acute Cerebellitis in HIV\Acute_Cerebellitis_in_HIV559.jpg,Acute Cerebellitis in HIV
C:\Users\HishamMo\Desktop\999_cs\Quantum_Inpired_PSO_Classifcation\MRI_dataset\Acute Cerebellitis in HIV\Acute_Cerebellitis_in_HIV560.jpg,Acute Cerebellitis in HIV
C:\Users\HishamMo\Desktop\999_cs\Quantum_Inpired_PSO_Classifcation\MRI_dataset\Acute Cerebellitis in HIV\Acute_Cerebellitis_in_HIV561.jpg,Acute Cerebellitis in HIV
C:\Users\HishamMo\Desktop\999_cs\Quantum_Inpired_PSO_Classifcation\MRI_dataset\Acute Cerebellitis in HIV\Acute_Cerebellitis_in_HIV562.jpg,Acute Cerebellitis in HIV
C:\Users\HishamMo\Desktop\999_cs\Quantum_Inpired_PSO_Classifcation\MRI_dataset\Acute Cerebellitis in HIV\Acute_Cerebellitis_in_HIV563.jpg,Acute Cerebellitis in HIV
C:\Users\HishamMo\Desktop\999_cs\Quantum_Inpired_PSO_Classifcation\MRI_dataset\Acute Cerebellitis in HIV\Acute_Cerebellitis_in_HIV564.jpg,Acute Cerebellitis in HIV
C:\Users\HishamMo\Desktop\999_cs\Quantum_Inpired_PSO_Classifcation\MRI_dataset\Acute Cerebellitis in HIV\Acute_Cerebellitis_in_HIV565.jpg,Acute Cerebellitis in HIV
C:\Users\HishamMo\Desktop\999_cs\Quantum_Inpired_PSO_Classifcation\MRI_dataset\Acute Cerebellitis in HIV\Acute_Cerebellitis_in_HIV566.jpg,Acute Cerebellitis in HIV
C:\Users\HishamMo\Desktop\999_cs\Quantum_Inpired_PSO_Classifcation\MRI_dataset\Acute Cerebellitis in HIV\Acute_Cerebellitis_in_HIV567.jpg,Acute Cerebellitis in HIV
C:\Users\HishamMo\Desktop\999_cs\Quantum_Inpired_PSO_Classifcation\MRI_dataset\Acute Cerebellitis in HIV\Acute_Cerebellitis_in_HIV568.jpg,Acute Cerebellitis in HIV
C:\Users\HishamMo\Desktop\999_cs\Quantum_Inpired_PSO_Classifcation\MRI_dataset\Acute Cerebellitis in HIV\Acute_Cerebellitis_in_HIV569.jpg,Acute Cerebellitis in HIV
C:\Users\HishamMo\Desktop\999_cs\Quantum_Inpired_PSO_Classifcation\MRI_dataset\Acute Cerebellitis in HIV\Acute_Cerebellitis_in_HIV570.jpg,Acute Cerebellitis in HIV
C:\Users\HishamMo\Desktop\999_cs\Quantum_Inpired_PSO_Classifcation\MRI_dataset\Acute Cerebellitis in HIV\Acute_Cerebellitis_in_HIV571.jpg,Acute Cerebellitis in HIV
C:\Users\HishamMo\Desktop\999_cs\Quantum_Inpired_PSO_Classifcation\MRI_dataset\Acute Cerebellitis in HIV\Acute_Cerebellitis_in_HIV572.jpg,Acute Cerebellitis in HIV
C:\Users\HishamMo\Desktop\999_cs\Quantum_Inpired_PSO_Classifcation\MRI_dataset\Acute Cerebellitis in HIV\Acute_Cerebellitis_in_HIV573.jpg,Acute Cerebellitis in HIV
C:\Users\HishamMo\Desktop\999_cs\Quantum_Inpired_PSO_Classifcation\MRI_dataset\Acute Cerebellitis in HIV\Acute_Cerebellitis_in_HIV574.jpg,Acute Cerebellitis in HIV
C:\Users\HishamMo\Desktop\999_cs\Quantum_Inpired_PSO_Classifcation\MRI_dataset\Acute Cerebellitis in HIV\Acute_Cerebellitis_in_HIV575.jpg,Acute Cerebellitis in HIV
C:\Users\HishamMo\Desktop\999_cs\Quantum_Inpired_PSO_Classifcation\MRI_dataset\Acute Cerebellitis in HIV\Acute_Cerebellitis_in_HIV576.jpg,Acute Cerebellitis in HIV
C:\Users\HishamMo\Desktop\999_cs\Quantum_Inpired_PSO_Classifcation\MRI_dataset\Acute Cerebellitis in HIV\Acute_Cerebellitis_in_HIV577.jpg,Acute Cerebellitis in HIV
C:\Users\HishamMo\Desktop\999_cs\Quantum_Inpired_PSO_Classifcation\MRI_dataset\Acute Cerebellitis in HIV\Acute_Cerebellitis_in_HIV578.jpg,Acute Cerebellitis in HIV
C:\Users\HishamMo\Desktop\999_cs\Quantum_Inpired_PSO_Classifcation\MRI_dataset\Acute Cerebellitis in HIV\Acute_Cerebellitis_in_HIV579.jpg,Acute Cerebellitis in HIV
C:\Users\HishamMo\Desktop\999_cs\Quantum_Inpired_PSO_Classifcation\MRI_dataset\Acute Cerebellitis in HIV\Acute_Cerebellitis_in_HIV580.jpg,Acute Cerebellitis in HIV
C:\Users\HishamMo\Desktop\999_cs\Quantum_Inpired_PSO_Classifcation\MRI_dataset\Acute Cerebellitis in HIV\Acute_Cerebellitis_in_HIV581.jpg,Acute Cerebellitis in HIV
C:\Users\HishamMo\Desktop\999_cs\Quantum_Inpired_PSO_Classifcation\MRI_dataset\Acute Cerebellitis in HIV\Acute_Cerebellitis_in_HIV582.jpg,Acute Cerebellitis in HIV
C:\Users\HishamMo\Desktop\999_cs\Quantum_Inpired_PSO_Classifcation\MRI_dataset\Acute Cerebellitis in HIV\Acute_Cerebellitis_in_HIV583.jpg,Acute Cerebellitis in HIV
C:\Users\HishamMo\Desktop\999_cs\Quantum_Inpired_PSO_Classifcation\MRI_dataset\Acute Cerebellitis in HIV\Acute_Cerebellitis_in_HIV584.jpg,Acute Cerebellitis in HIV
C:\Users\HishamMo\Desktop\999_cs\Quantum_Inpired_PSO_Classifcation\MRI_dataset\Acute Cerebellitis in HIV\Acute_Cerebellitis_in_HIV585.jpg,Acute Cerebellitis in HIV
C:\Users\HishamMo\Desktop\999_cs\Quantum_Inpired_PSO_Classifcation\MRI_dataset\Acute Cerebellitis in HIV\Acute_Cerebellitis_in_HIV586.jpg,Acute Cerebellitis in HIV
C:\Users\HishamMo\Desktop\999_cs\Quantum_Inpired_PSO_Classifcation\MRI_dataset\Acute Cerebellitis in HIV\Acute_Cerebellitis_in_HIV587.jpg,Acute Cerebellitis in HIV
C:\Users\HishamMo\Desktop\999_cs\Quantum_Inpired_PSO_Classifcation\MRI_dataset\Acute Cerebellitis in HIV\Acute_Cerebellitis_in_HIV588.jpg,Acute Cerebellitis in HIV
C:\Users\HishamMo\Desktop\999_cs\Quantum_Inpired_PSO_Classifcation\MRI_dataset\Acute Cerebellitis in HIV\Acute_Cerebellitis_in_HIV589.jpg,Acute Cerebellitis in HIV
C:\Users\HishamMo\Desktop\999_cs\Quantum_Inpired_PSO_Classifcation\MRI_dataset\Acute Cerebellitis in HIV\Acute_Cerebellitis_in_HIV590.jpg,Acute Cerebellitis in HIV
C:\Users\HishamMo\Desktop\999_cs\Quantum_Inpired_PSO_Classifcation\MRI_dataset\Acute Cerebellitis in HIV\Acute_Cerebellitis_in_HIV591.jpg,Acute Cerebellitis in HIV
C:\Users\HishamMo\Desktop\999_cs\Quantum_Inpired_PSO_Classifcation\MRI_dataset\Acute Cerebellitis in HIV\Acute_Cerebellitis_in_HIV592.jpg,Acute Cerebellitis in HIV
C:\Users\HishamMo\Desktop\999_cs\Quantum_Inpired_PSO_Classifcation\MRI_dataset\Acute Cerebellitis in HIV\Acute_Cerebellitis_in_HIV593.jpg,Acute Cerebellitis in HIV
C:\Users\HishamMo\Desktop\999_cs\Quantum_Inpired_PSO_Classifcation\MRI_dataset\Acute Cerebellitis in HIV\Acute_Cerebellitis_in_HIV594.jpg,Acute Cerebellitis in HIV
C:\Users\HishamMo\Desktop\999_cs\Quantum_Inpired_PSO_Classifcation\MRI_dataset\Acute Cerebellitis in HIV\Acute_Cerebellitis_in_HIV595.jpg,Acute Cerebellitis in HIV
C:\Users\HishamMo\Desktop\999_cs\Quantum_Inpired_PSO_Classifcation\MRI_dataset\Acute Cerebellitis in HIV\Acute_Cerebellitis_in_HIV596.jpg,Acute Cerebellitis in HIV
C:\Users\HishamMo\Desktop\999_cs\Quantum_Inpired_PSO_Classifcation\MRI_dataset\Acute Cerebellitis in HIV\Acute_Cerebellitis_in_HIV597.jpg,Acute Cerebellitis in HIV
C:\Users\HishamMo\Desktop\999_cs\Quantum_Inpired_PSO_Classifcation\MRI_dataset\Acute Cerebellitis in HIV\Acute_Cerebellitis_in_HIV598.jpg,Acute Cerebellitis in HIV
C:\Users\HishamMo\Desktop\999_cs\Quantum_Inpired_PSO_Classifcation\MRI_dataset\Acute Cerebellitis in HIV\Acute_Cerebellitis_in_HIV599.jpg,Acute Cerebellitis in HIV
C:\Users\HishamMo\Desktop\999_cs\Quantum_Inpired_PSO_Classifcation\MRI_dataset\Acute Cerebellitis in HIV\Acute_Cerebellitis_in_HIV600.jpg,Acute Cerebellitis in HIV
C:\Users\HishamMo\Desktop\999_cs\Quantum_Inpired_PSO_Classifcation\MRI_dataset\Acute Cerebellitis in HIV\Acute_Cerebellitis_in_HIV601.jpg,Acute Cerebellitis in HIV
C:\Users\HishamMo\Desktop\999_cs\Quantum_Inpired_PSO_Classifcation\MRI_dataset\Acute Cerebellitis in HIV\Acute_Cerebellitis_in_HIV602.jpg,Acute Cerebellitis in HIV
C:\Users\HishamMo\Desktop\999_cs\Quantum_Inpired_PSO_Classifcation\MRI_dataset\Acute Cerebellitis in HIV\Acute_Cerebellitis_in_HIV603.jpg,Acute Cerebellitis in HIV
C:\Users\HishamMo\Desktop\999_cs\Quantum_Inpired_PSO_Classifcation\MRI_dataset\Acute Cerebellitis in HIV\Acute_Cerebellitis_in_HIV604.jpg,Acute Cerebellitis in HIV
C:\Users\HishamMo\Desktop\999_cs\Quantum_Inpired_PSO_Classifcation\MRI_dataset\Acute Cerebellitis in HIV\Acute_Cerebellitis_in_HIV605.jpg,Acute Cerebellitis in HIV
C:\Users\HishamMo\Desktop\999_cs\Quantum_Inpired_PSO_Classifcation\MRI_dataset\Acute Cerebellitis in HIV\Acute_Cerebellitis_in_HIV606.jpg,Acute Cerebellitis in HIV
C:\Users\HishamMo\Desktop\999_cs\Quantum_Inpired_PSO_Classifcation\MRI_dataset\Acute Cerebellitis in HIV\Acute_Cerebellitis_in_HIV607.jpg,Acute Cerebellitis in HIV
C:\Users\HishamMo\Desktop\999_cs\Quantum_Inpired_PSO_Classifcation\MRI_dataset\Acute Cerebellitis in HIV\Acute_Cerebellitis_in_HIV608.jpg,Acute Cerebellitis in HIV
C:\Users\HishamMo\Desktop\999_cs\Quantum_Inpired_PSO_Classifcation\MRI_dataset\Acute Cerebellitis in HIV\Acute_Cerebellitis_in_HIV609.jpg,Acute Cerebellitis in HIV
C:\Users\HishamMo\Desktop\999_cs\Quantum_Inpired_PSO_Classifcation\MRI_dataset\Acute Cerebellitis in HIV\Acute_Cerebellitis_in_HIV610.jpg,Acute Cerebellitis in HIV
C:\Users\HishamMo\Desktop\999_cs\Quantum_Inpired_PSO_Classifcation\MRI_dataset\Acute Cerebellitis in HIV\Acute_Cerebellitis_in_HIV611.jpg,Acute Cerebellitis in HIV
C:\Users\HishamMo\Desktop\999_cs\Quantum_Inpired_PSO_Classifcation\MRI_dataset\Acute Cerebellitis in HIV\Acute_Cerebellitis_in_HIV612.jpg,Acute Cerebellitis in HIV
C:\Users\HishamMo\Desktop\999_cs\Quantum_Inpired_PSO_Classifcation\MRI_dataset\Acute Cerebellitis in HIV\Acute_Cerebellitis_in_HIV613.jpg,Acute Cerebellitis in HIV
C:\Users\HishamMo\Desktop\999_cs\Quantum_Inpired_PSO_Classifcation\MRI_dataset\Acute Cerebellitis in HIV\Acute_Cerebellitis_in_HIV614.jpg,Acute Cerebellitis in HIV
C:\Users\HishamMo\Desktop\999_cs\Quantum_Inpired_PSO_Classifcation\MRI_dataset\Acute Cerebellitis in HIV\Acute_Cerebellitis_in_HIV615.jpg,Acute Cerebellitis in HIV
C:\Users\HishamMo\Desktop\999_cs\Quantum_Inpired_PSO_Classifcation\MRI_dataset\Acute Cerebellitis in HIV\Acute_Cerebellitis_in_HIV616.jpg,Acute Cerebellitis in HIV
C:\Users\HishamMo\Desktop\999_cs\Quantum_Inpired_PSO_Classifcation\MRI_dataset\Acute Cerebellitis in HIV\Acute_Cerebellitis_in_HIV617.jpg,Acute Cerebellitis in HIV
C:\Users\HishamMo\Desktop\999_cs\Quantum_Inpired_PSO_Classifcation\MRI_dataset\Acute Cerebellitis in HIV\Acute_Cerebellitis_in_HIV618.jpg,Acute Cerebellitis in HIV
C:\Users\HishamMo\Desktop\999_cs\Quantum_Inpired_PSO_Classifcation\MRI_dataset\Acute Cerebellitis in HIV\Acute_Cerebellitis_in_HIV619.jpg,Acute Cerebellitis in HIV
C:\Users\HishamMo\Desktop\999_cs\Quantum_Inpired_PSO_Classifcation\MRI_dataset\Acute Cerebellitis in HIV\Acute_Cerebellitis_in_HIV620.jpg,Acute Cerebellitis in HIV
C:\Users\HishamMo\Desktop\999_cs\Quantum_Inpired_PSO_Classifcation\MRI_dataset\Acute Cerebellitis in HIV\Acute_Cerebellitis_in_HIV621.jpg,Acute Cerebellitis in HIV
C:\Users\HishamMo\Desktop\999_cs\Quantum_Inpired_PSO_Classifcation\MRI_dataset\Acute Cerebellitis in HIV\Acute_Cerebellitis_in_HIV622.jpg,Acute Cerebellitis in HIV
C:\Users\HishamMo\Desktop\999_cs\Quantum_Inpired_PSO_Classifcation\MRI_dataset\Acute Cerebellitis in HIV\Acute_Cerebellitis_in_HIV623.jpg,Acute Cerebellitis in HIV
C:\Users\HishamMo\Desktop\999_cs\Quantum_Inpired_PSO_Classifcation\MRI_dataset\Acute Cerebellitis in HIV\Acute_Cerebellitis_in_HIV624.jpg,Acute Cerebellitis in HIV
C:\Users\HishamMo\Desktop\999_cs\Quantum_Inpired_PSO_Classifcation\MRI_dataset\Acute Cerebellitis in HIV\Acute_Cerebellitis_in_HIV625.jpg,Acute Cerebellitis in HIV
C:\Users\HishamMo\Desktop\999_cs\Quantum_Inpired_PSO_Classifcation\MRI_dataset\Acute Cerebellitis in HIV\Acute_Cerebellitis_in_HIV626.jpg,Acute Cerebellitis in HIV
C:\Users\HishamMo\Desktop\999_cs\Quantum_Inpired_PSO_Classifcation\MRI_dataset\Acute Cerebellitis in HIV\Acute_Cerebellitis_in_HIV627.jpg,Acute Cerebellitis in HIV
C:\Users\HishamMo\Desktop\999_cs\Quantum_Inpired_PSO_Classifcation\MRI_dataset\Acute Cerebellitis in HIV\Acute_Cerebellitis_in_HIV628.jpg,Acute Cerebellitis in HIV
C:\Users\HishamMo\Desktop\999_cs\Quantum_Inpired_PSO_Classifcation\MRI_dataset\Acute Cerebellitis in HIV\Acute_Cerebellitis_in_HIV629.jpg,Acute Cerebellitis in HIV
C:\Users\HishamMo\Desktop\999_cs\Quantum_Inpired_PSO_Classifcation\MRI_dataset\Acute Cerebellitis in HIV\Acute_Cerebellitis_in_HIV630.jpg,Acute Cerebellitis in HIV
C:\Users\HishamMo\Desktop\999_cs\Quantum_Inpired_PSO_Classifcation\MRI_dataset\Acute Cerebellitis in HIV\Acute_Cerebellitis_in_HIV631.jpg,Acute Cerebellitis in HIV
C:\Users\HishamMo\Desktop\999_cs\Quantum_Inpired_PSO_Classifcation\MRI_dataset\Acute Cerebellitis in HIV\Acute_Cerebellitis_in_HIV632.jpg,Acute Cerebellitis in HIV
C:\Users\HishamMo\Desktop\999_cs\Quantum_Inpired_PSO_Classifcation\MRI_dataset\Acute Cerebellitis in HIV\Acute_Cerebellitis_in_HIV633.jpg,Acute Cerebellitis in HIV
C:\Users\HishamMo\Desktop\999_cs\Quantum_Inpired_PSO_Classifcation\MRI_dataset\Acute Cerebellitis in HIV\Acute_Cerebellitis_in_HIV634.jpg,Acute Cerebellitis in HIV
C:\Users\HishamMo\Desktop\999_cs\Quantum_Inpired_PSO_Classifcation\MRI_dataset\Acute Cerebellitis in HIV\Acute_Cerebellitis_in_HIV635.jpg,Acute Cerebellitis in HIV
C:\Users\HishamMo\Desktop\999_cs\Quantum_Inpired_PSO_Classifcation\MRI_dataset\Acute Cerebellitis in HIV\Acute_Cerebellitis_in_HIV636.jpg,Acute Cerebellitis in HIV
C:\Users\HishamMo\Desktop\999_cs\Quantum_Inpired_PSO_Classifcation\MRI_dataset\Acute Cerebellitis in HIV\Acute_Cerebellitis_in_HIV637.jpg,Acute Cerebellitis in HIV
C:\Users\HishamMo\Desktop\999_cs\Quantum_Inpired_PSO_Classifcation\MRI_dataset\Acute Cerebellitis in HIV\Acute_Cerebellitis_in_HIV638.jpg,Acute Cerebellitis in HIV
C:\Users\HishamMo\Desktop\999_cs\Quantum_Inpired_PSO_Classifcation\MRI_dataset\Acute Cerebellitis in HIV\Acute_Cerebellitis_in_HIV639.jpg,Acute Cerebellitis in HIV
C:\Users\HishamMo\Desktop\999_cs\Quantum_Inpired_PSO_Classifcation\MRI_dataset\Acute Cerebellitis in HIV\Acute_Cerebellitis_in_HIV640.jpg,Acute Cerebellitis in HIV
C:\Users\HishamMo\Desktop\999_cs\Quantum_Inpired_PSO_Classifcation\MRI_dataset\Acute Cerebellitis in HIV\Acute_Cerebellitis_in_HIV641.jpg,Acute Cerebellitis in HIV
C:\Users\HishamMo\Desktop\999_cs\Quantum_Inpired_PSO_Classifcation\MRI_dataset\Acute Cerebellitis in HIV\Acute_Cerebellitis_in_HIV642.jpg,Acute Cerebellitis in HIV
C:\Users\HishamMo\Desktop\999_cs\Quantum_Inpired_PSO_Classifcation\MRI_dataset\Acute Cerebellitis in HIV\Acute_Cerebellitis_in_HIV643.jpg,Acute Cerebellitis in HIV
C:\Users\HishamMo\Desktop\999_cs\Quantum_Inpired_PSO_Classifcation\MRI_dataset\Acute Cerebellitis in HIV\Acute_Cerebellitis_in_HIV644.jpg,Acute Cerebellitis in HIV
C:\Users\HishamMo\Desktop\999_cs\Quantum_Inpired_PSO_Classifcation\MRI_dataset\Acute Cerebellitis in HIV\Acute_Cerebellitis_in_HIV645.jpg,Acute Cerebellitis in HIV
C:\Users\HishamMo\Desktop\999_cs\Quantum_Inpired_PSO_Classifcation\MRI_dataset\Acute Cerebellitis in HIV\Acute_Cerebellitis_in_HIV646.jpg,Acute Cerebellitis in HIV
C:\Users\HishamMo\Desktop\999_cs\Quantum_Inpired_PSO_Classifcation\MRI_dataset\Acute Cerebellitis in HIV\Acute_Cerebellitis_in_HIV647.jpg,Acute Cerebellitis in HIV
C:\Users\HishamMo\Desktop\999_cs\Quantum_Inpired_PSO_Classifcation\MRI_dataset\Acute Cerebellitis in HIV\Acute_Cerebellitis_in_HIV648.jpg,Acute Cerebellitis in HIV
C:\Users\HishamMo\Desktop\999_cs\Quantum_Inpired_PSO_Classifcation\MRI_dataset\Acute Cerebellitis in HIV\Acute_Cerebellitis_in_HIV649.jpg,Acute Cerebellitis in HIV
C:\Users\HishamMo\Desktop\999_cs\Quantum_Inpired_PSO_Classifcation\MRI_dataset\Acute Cerebellitis in HIV\Acute_Cerebellitis_in_HIV650.jpg,Acute Cerebellitis in HIV
C:\Users\HishamMo\Desktop\999_cs\Quantum_Inpired_PSO_Classifcation\MRI_dataset\Acute Cerebellitis in HIV\Acute_Cerebellitis_in_HIV651.jpg,Acute Cerebellitis in HIV
C:\Users\HishamMo\Desktop\999_cs\Quantum_Inpired_PSO_Classifcation\MRI_dataset\Acute Cerebellitis in HIV\Acute_Cerebellitis_in_HIV652.jpg,Acute Cerebellitis in HIV
C:\Users\HishamMo\Desktop\999_cs\Quantum_Inpired_PSO_Classifcation\MRI_dataset\Acute Cerebellitis in HIV\Acute_Cerebellitis_in_HIV653.jpg,Acute Cerebellitis in HIV
C:\Users\HishamMo\Desktop\999_cs\Quantum_Inpired_PSO_Classifcation\MRI_dataset\Acute Cerebellitis in HIV\Acute_Cerebellitis_in_HIV654.jpg,Acute Cerebellitis in HIV
C:\Users\HishamMo\Desktop\999_cs\Quantum_Inpired_PSO_Classifcation\MRI_dataset\Acute Cerebellitis in HIV\Acute_Cerebellitis_in_HIV655.jpg,Acute Cerebellitis in HIV
C:\Users\HishamMo\Desktop\999_cs\Quantum_Inpired_PSO_Classifcation\MRI_dataset\Acute Cerebellitis in HIV\Acute_Cerebellitis_in_HIV656.jpg,Acute Cerebellitis in HIV
C:\Users\HishamMo\Desktop\999_cs\Quantum_Inpired_PSO_Classifcation\MRI_dataset\Acute Cerebellitis in HIV\Acute_Cerebellitis_in_HIV657.jpg,Acute Cerebellitis in HIV
C:\Users\HishamMo\Desktop\999_cs\Quantum_Inpired_PSO_Classifcation\MRI_dataset\Acute Cerebellitis in HIV\Acute_Cerebellitis_in_HIV658.jpg,Acute Cerebellitis in HIV
C:\Users\HishamMo\Desktop\999_cs\Quantum_Inpired_PSO_Classifcation\MRI_dataset\Acute Cerebellitis in HIV\Acute_Cerebellitis_in_HIV659.jpg,Acute Cerebellitis in HIV
C:\Users\HishamMo\Desktop\999_cs\Quantum_Inpired_PSO_Classifcation\MRI_dataset\Acute Cerebellitis in HIV\Acute_Cerebellitis_in_HIV660.jpg,Acute Cerebellitis in HIV
C:\Users\HishamMo\Desktop\999_cs\Quantum_Inpired_PSO_Classifcation\MRI_dataset\Acute Cerebellitis in HIV\Acute_Cerebellitis_in_HIV661.jpg,Acute Cerebellitis in HIV
C:\Users\HishamMo\Desktop\999_cs\Quantum_Inpired_PSO_Classifcation\MRI_dataset\Acute Cerebellitis in HIV\Acute_Cerebellitis_in_HIV662.jpg,Acute Cerebellitis in HIV
C:\Users\HishamMo\Desktop\999_cs\Quantum_Inpired_PSO_Classifcation\MRI_dataset\Acute Cerebellitis in HIV\Acute_Cerebellitis_in_HIV663.jpg,Acute Cerebellitis in HIV
C:\Users\HishamMo\Desktop\999_cs\Quantum_Inpired_PSO_Classifcation\MRI_dataset\Acute Cerebellitis in HIV\Acute_Cerebellitis_in_HIV664.jpg,Acute Cerebellitis in HIV
C:\Users\HishamMo\Desktop\999_cs\Quantum_Inpired_PSO_Classifcation\MRI_dataset\Acute Cerebellitis in HIV\Acute_Cerebellitis_in_HIV665.jpg,Acute Cerebellitis in HIV
C:\Users\HishamMo\Desktop\999_cs\Quantum_Inpired_PSO_Classifcation\MRI_dataset\Acute Cerebellitis in HIV\Acute_Cerebellitis_in_HIV666.jpg,Acute Cerebellitis in HIV
C:\Users\HishamMo\Desktop\999_cs\Quantum_Inpired_PSO_Classifcation\MRI_dataset\Acute Cerebellitis in HIV\Acute_Cerebellitis_in_HIV667.jpg,Acute Cerebellitis in HIV
C:\Users\HishamMo\Desktop\999_cs\Quantum_Inpired_PSO_Classifcation\MRI_dataset\Acute Cerebellitis in HIV\Acute_Cerebellitis_in_HIV668.jpg,Acute Cerebellitis in HIV
C:\Users\HishamMo\Desktop\999_cs\Quantum_Inpired_PSO_Classifcation\MRI_dataset\Acute Cerebellitis in HIV\Acute_Cerebellitis_in_HIV669.jpg,Acute Cerebellitis in HIV
C:\Users\HishamMo\Desktop\999_cs\Quantum_Inpired_PSO_Classifcation\MRI_dataset\Acute Cerebellitis in HIV\Acute_Cerebellitis_in_HIV670.jpg,Acute Cerebellitis in HIV
C:\Users\HishamMo\Desktop\999_cs\Quantum_Inpired_PSO_Classifcation\MRI_dataset\Acute Cerebellitis in HIV\Acute_Cerebellitis_in_HIV671.jpg,Acute Cerebellitis in HIV
C:\Users\HishamMo\Desktop\999_cs\Quantum_Inpired_PSO_Classifcation\MRI_dataset\Acute Cerebellitis in HIV\Acute_Cerebellitis_in_HIV672.jpg,Acute Cerebellitis in HIV
C:\Users\HishamMo\Desktop\999_cs\Quantum_Inpired_PSO_Classifcation\MRI_dataset\Acute Cerebellitis in HIV\Acute_Cerebellitis_in_HIV673.jpg,Acute Cerebellitis in HIV
C:\Users\HishamMo\Desktop\999_cs\Quantum_Inpired_PSO_Classifcation\MRI_dataset\Acute Cerebellitis in HIV\Acute_Cerebellitis_in_HIV674.jpg,Acute Cerebellitis in HIV
C:\Users\HishamMo\Desktop\999_cs\Quantum_Inpired_PSO_Classifcation\MRI_dataset\Acute Cerebellitis in HIV\Acute_Cerebellitis_in_HIV675.jpg,Acute Cerebellitis in HIV
C:\Users\HishamMo\Desktop\999_cs\Quantum_Inpired_PSO_Classifcation\MRI_dataset\Acute Cerebellitis in HIV\Acute_Cerebellitis_in_HIV676.jpg,Acute Cerebellitis in HIV
C:\Users\HishamMo\Desktop\999_cs\Quantum_Inpired_PSO_Classifcation\MRI_dataset\Acute Cerebellitis in HIV\Acute_Cerebellitis_in_HIV677.jpg,Acute Cerebellitis in HIV
C:\Users\HishamMo\Desktop\999_cs\Quantum_Inpired_PSO_Classifcation\MRI_dataset\Acute Cerebellitis in HIV\Acute_Cerebellitis_in_HIV678.jpg,Acute Cerebellitis in HIV
C:\Users\HishamMo\Desktop\999_cs\Quantum_Inpired_PSO_Classifcation\MRI_dataset\Acute Cerebellitis in HIV\Acute_Cerebellitis_in_HIV679.jpg,Acute Cerebellitis in HIV
C:\Users\HishamMo\Desktop\999_cs\Quantum_Inpired_PSO_Classifcation\MRI_dataset\Acute Cerebellitis in HIV\Acute_Cerebellitis_in_HIV680.jpg,Acute Cerebellitis in HIV
C:\Users\HishamMo\Desktop\999_cs\Quantum_Inpired_PSO_Classifcation\MRI_dataset\Acute Cerebellitis in HIV\Acute_Cerebellitis_in_HIV681.jpg,Acute Cerebellitis in HIV
C:\Users\HishamMo\Desktop\999_cs\Quantum_Inpired_PSO_Classifcation\MRI_dataset\Acute Cerebellitis in HIV\Acute_Cerebellitis_in_HIV682.jpg,Acute Cerebellitis in HIV
C:\Users\HishamMo\Desktop\999_cs\Quantum_Inpired_PSO_Classifcation\MRI_dataset\Acute Cerebellitis in HIV\Acute_Cerebellitis_in_HIV683.jpg,Acute Cerebellitis in HIV
C:\Users\HishamMo\Desktop\999_cs\Quantum_Inpired_PSO_Classifcation\MRI_dataset\Acute Cerebellitis in HIV\Acute_Cerebellitis_in_HIV684.jpg,Acute Cerebellitis in HIV
C:\Users\HishamMo\Desktop\999_cs\Quantum_Inpired_PSO_Classifcation\MRI_dataset\Acute Cerebellitis in HIV\Acute_Cerebellitis_in_HIV685.jpg,Acute Cerebellitis in HIV
C:\Users\HishamMo\Desktop\999_cs\Quantum_Inpired_PSO_Classifcation\MRI_dataset\Acute Cerebellitis in HIV\Acute_Cerebellitis_in_HIV686.jpg,Acute Cerebellitis in HIV
C:\Users\HishamMo\Desktop\999_cs\Quantum_Inpired_PSO_Classifcation\MRI_dataset\Acute Cerebellitis in HIV\Acute_Cerebellitis_in_HIV687.jpg,Acute Cerebellitis in HIV
C:\Users\HishamMo\Desktop\999_cs\Quantum_Inpired_PSO_Classifcation\MRI_dataset\Acute Cerebellitis in HIV\Acute_Cerebellitis_in_HIV688.jpg,Acute Cerebellitis in HIV
C:\Users\HishamMo\Desktop\999_cs\Quantum_Inpired_PSO_Classifcation\MRI_dataset\Acute Cerebellitis in HIV\Acute_Cerebellitis_in_HIV689.jpg,Acute Cerebellitis in HIV
C:\Users\HishamMo\Desktop\999_cs\Quantum_Inpired_PSO_Classifcation\MRI_dataset\Acute Cerebellitis in HIV\Acute_Cerebellitis_in_HIV690.jpg,Acute Cerebellitis in HIV
C:\Users\HishamMo\Desktop\999_cs\Quantum_Inpired_PSO_Classifcation\MRI_dataset\Acute Cerebellitis in HIV\Acute_Cerebellitis_in_HIV691.jpg,Acute Cerebellitis in HIV
C:\Users\HishamMo\Desktop\999_cs\Quantum_Inpired_PSO_Classifcation\MRI_dataset\Acute Cerebellitis in HIV\Acute_Cerebellitis_in_HIV692.jpg,Acute Cerebellitis in HIV
C:\Users\HishamMo\Desktop\999_cs\Quantum_Inpired_PSO_Classifcation\MRI_dataset\Acute Cerebellitis in HIV\Acute_Cerebellitis_in_HIV693.jpg,Acute Cerebellitis in HIV
C:\Users\HishamMo\Desktop\999_cs\Quantum_Inpired_PSO_Classifcation\MRI_dataset\Acute Cerebellitis in HIV\Acute_Cerebellitis_in_HIV694.jpg,Acute Cerebellitis in HIV
C:\Users\HishamMo\Desktop\999_cs\Quantum_Inpired_PSO_Classifcation\MRI_dataset\Acute Cerebellitis in HIV\Acute_Cerebellitis_in_HIV695.jpg,Acute Cerebellitis in HIV
C:\Users\HishamMo\Desktop\999_cs\Quantum_Inpired_PSO_Classifcation\MRI_dataset\Acute Cerebellitis in HIV\Acute_Cerebellitis_in_HIV696.jpg,Acute Cerebellitis in HIV
C:\Users\HishamMo\Desktop\999_cs\Quantum_Inpired_PSO_Classifcation\MRI_dataset\Acute Cerebellitis in HIV\Acute_Cerebellitis_in_HIV697.jpg,Acute Cerebellitis in HIV
C:\Users\HishamMo\Desktop\999_cs\Quantum_Inpired_PSO_Classifcation\MRI_dataset\Acute Cerebellitis in HIV\Acute_Cerebellitis_in_HIV698.jpg,Acute Cerebellitis in HIV
C:\Users\HishamMo\Desktop\999_cs\Quantum_Inpired_PSO_Classifcation\MRI_dataset\Acute Cerebellitis in HIV\Acute_Cerebellitis_in_HIV699.jpg,Acute Cerebellitis in HIV
C:\Users\HishamMo\Desktop\999_cs\Quantum_Inpired_PSO_Classifcation\MRI_dataset\Acute Cerebellitis in HIV\Acute_Cerebellitis_in_HIV700.jpg,Acute Cerebellitis in HIV
C:\Users\HishamMo\Desktop\999_cs\Quantum_Inpired_PSO_Classifcation\MRI_dataset\Acute Cerebellitis in HIV\Acute_Cerebellitis_in_HIV701.jpg,Acute Cerebellitis in HIV
C:\Users\HishamMo\Desktop\999_cs\Quantum_Inpired_PSO_Classifcation\MRI_dataset\Acute Cerebellitis in HIV\Acute_Cerebellitis_in_HIV702.jpg,Acute Cerebellitis in HIV
C:\Users\HishamMo\Desktop\999_cs\Quantum_Inpired_PSO_Classifcation\MRI_dataset\Acute Cerebellitis in HIV\Acute_Cerebellitis_in_HIV703.jpg,Acute Cerebellitis in HIV
C:\Users\HishamMo\Desktop\999_cs\Quantum_Inpired_PSO_Classifcation\MRI_dataset\Acute Cerebellitis in HIV\Acute_Cerebellitis_in_HIV704.jpg,Acute Cerebellitis in HIV
C:\Users\HishamMo\Desktop\999_cs\Quantum_Inpired_PSO_Classifcation\MRI_dataset\Acute Cerebellitis in HIV\Acute_Cerebellitis_in_HIV705.jpg,Acute Cerebellitis in HIV
C:\Users\HishamMo\Desktop\999_cs\Quantum_Inpired_PSO_Classifcation\MRI_dataset\Acute Cerebellitis in HIV\Acute_Cerebellitis_in_HIV706.jpg,Acute Cerebellitis in HIV
C:\Users\HishamMo\Desktop\999_cs\Quantum_Inpired_PSO_Classifcation\MRI_dataset\Acute Cerebellitis in HIV\Acute_Cerebellitis_in_HIV707.jpg,Acute Cerebellitis in HIV
C:\Users\HishamMo\Desktop\999_cs\Quantum_Inpired_PSO_Classifcation\MRI_dataset\Acute Cerebellitis in HIV\Acute_Cerebellitis_in_HIV708.jpg,Acute Cerebellitis in HIV
C:\Users\HishamMo\Desktop\999_cs\Quantum_Inpired_PSO_Classifcation\MRI_dataset\Acute Cerebellitis in HIV\Acute_Cerebellitis_in_HIV709.jpg,Acute Cerebellitis in HIV
C:\Users\HishamMo\Desktop\999_cs\Quantum_Inpired_PSO_Classifcation\MRI_dataset\Acute Cerebellitis in HIV\Acute_Cerebellitis_in_HIV710.jpg,Acute Cerebellitis in HIV
C:\Users\HishamMo\Desktop\999_cs\Quantum_Inpired_PSO_Classifcation\MRI_dataset\Acute Cerebellitis in HIV\Acute_Cerebellitis_in_HIV711.jpg,Acute Cerebellitis in HIV
C:\Users\HishamMo\Desktop\999_cs\Quantum_Inpired_PSO_Classifcation\MRI_dataset\Acute Cerebellitis in HIV\Acute_Cerebellitis_in_HIV712.jpg,Acute Cerebellitis in HIV
C:\Users\HishamMo\Desktop\999_cs\Quantum_Inpired_PSO_Classifcation\MRI_dataset\Acute Cerebellitis in HIV\Acute_Cerebellitis_in_HIV713.jpg,Acute Cerebellitis in HIV
C:\Users\HishamMo\Desktop\999_cs\Quantum_Inpired_PSO_Classifcation\MRI_dataset\Acute Cerebellitis in HIV\Acute_Cerebellitis_in_HIV714.jpg,Acute Cerebellitis in HIV
C:\Users\HishamMo\Desktop\999_cs\Quantum_Inpired_PSO_Classifcation\MRI_dataset\Acute Cerebellitis in HIV\Acute_Cerebellitis_in_HIV715.jpg,Acute Cerebellitis in HIV
C:\Users\HishamMo\Desktop\999_cs\Quantum_Inpired_PSO_Classifcation\MRI_dataset\Acute Cerebellitis in HIV\Acute_Cerebellitis_in_HIV716.jpg,Acute Cerebellitis in HIV
C:\Users\HishamMo\Desktop\999_cs\Quantum_Inpired_PSO_Classifcation\MRI_dataset\Acute Cerebellitis in HIV\Acute_Cerebellitis_in_HIV717.jpg,Acute Cerebellitis in HIV
C:\Users\HishamMo\Desktop\999_cs\Quantum_Inpired_PSO_Classifcation\MRI_dataset\Acute Cerebellitis in HIV\Acute_Cerebellitis_in_HIV718.jpg,Acute Cerebellitis in HIV
C:\Users\HishamMo\Desktop\999_cs\Quantum_Inpired_PSO_Classifcation\MRI_dataset\Acute Cerebellitis in HIV\Acute_Cerebellitis_in_HIV719.jpg,Acute Cerebellitis in HIV
C:\Users\HishamMo\Desktop\999_cs\Quantum_Inpired_PSO_Classifcation\MRI_dataset\Acute Cerebellitis in HIV\Acute_Cerebellitis_in_HIV720.jpg,Acute Cerebellitis in HIV
C:\Users\HishamMo\Desktop\999_cs\Quantum_Inpired_PSO_Classifcation\MRI_dataset\Acute Cerebellitis in HIV\Acute_Cerebellitis_in_HIV721.jpg,Acute Cerebellitis in HIV
C:\Users\HishamMo\Desktop\999_cs\Quantum_Inpired_PSO_Classifcation\MRI_dataset\Acute Cerebellitis in HIV\Acute_Cerebellitis_in_HIV722.jpg,Acute Cerebellitis in HIV
C:\Users\HishamMo\Desktop\999_cs\Quantum_Inpired_PSO_Classifcation\MRI_dataset\Acute Cerebellitis in HIV\Acute_Cerebellitis_in_HIV723.jpg,Acute Cerebellitis in HIV
C:\Users\HishamMo\Desktop\999_cs\Quantum_Inpired_PSO_Classifcation\MRI_dataset\Acute Cerebellitis in HIV\Acute_Cerebellitis_in_HIV724.jpg,Acute Cerebellitis in HIV
C:\Users\HishamMo\Desktop\999_cs\Quantum_Inpired_PSO_Classifcation\MRI_dataset\Acute Cerebellitis in HIV\Acute_Cerebellitis_in_HIV725.jpg,Acute Cerebellitis in HIV
C:\Users\HishamMo\Desktop\999_cs\Quantum_Inpired_PSO_Classifcation\MRI_dataset\Acute Cerebellitis in HIV\Acute_Cerebellitis_in_HIV726.jpg,Acute Cerebellitis in HIV
C:\Users\HishamMo\Desktop\999_cs\Quantum_Inpired_PSO_Classifcation\MRI_dataset\Acute Cerebellitis in HIV\Acute_Cerebellitis_in_HIV727.jpg,Acute Cerebellitis in HIV
C:\Users\HishamMo\Desktop\999_cs\Quantum_Inpired_PSO_Classifcation\MRI_dataset\Acute Cerebellitis in HIV\Acute_Cerebellitis_in_HIV728.jpg,Acute Cerebellitis in HIV
C:\Users\HishamMo\Desktop\999_cs\Quantum_Inpired_PSO_Classifcation\MRI_dataset\Acute Cerebellitis in HIV\Acute_Cerebellitis_in_HIV729.jpg,Acute Cerebellitis in HIV
C:\Users\HishamMo\Desktop\999_cs\Quantum_Inpired_PSO_Classifcation\MRI_dataset\Acute Cerebellitis in HIV\Acute_Cerebellitis_in_HIV730.jpg,Acute Cerebellitis in HIV
C:\Users\HishamMo\Desktop\999_cs\Quantum_Inpired_PSO_Classifcation\MRI_dataset\Acute Cerebellitis in HIV\Acute_Cerebellitis_in_HIV731.jpg,Acute Cerebellitis in HIV
C:\Users\HishamMo\Desktop\999_cs\Quantum_Inpired_PSO_Classifcation\MRI_dataset\Acute Cerebellitis in HIV\Acute_Cerebellitis_in_HIV732.jpg,Acute Cerebellitis in HIV
C:\Users\HishamMo\Desktop\999_cs\Quantum_Inpired_PSO_Classifcation\MRI_dataset\Acute Cerebellitis in HIV\Acute_Cerebellitis_in_HIV733.jpg,Acute Cerebellitis in HIV
C:\Users\HishamMo\Desktop\999_cs\Quantum_Inpired_PSO_Classifcation\MRI_dataset\Acute Cerebellitis in HIV\Acute_Cerebellitis_in_HIV734.jpg,Acute Cerebellitis in HIV
C:\Users\HishamMo\Desktop\999_cs\Quantum_Inpired_PSO_Classifcation\MRI_dataset\Acute Cerebellitis in HIV\Acute_Cerebellitis_in_HIV735.jpg,Acute Cerebellitis in HIV
C:\Users\HishamMo\Desktop\999_cs\Quantum_Inpired_PSO_Classifcation\MRI_dataset\Acute Cerebellitis in HIV\Acute_Cerebellitis_in_HIV736.jpg,Acute Cerebellitis in HIV
C:\Users\HishamMo\Desktop\999_cs\Quantum_Inpired_PSO_Classifcation\MRI_dataset\Acute Cerebellitis in HIV\Acute_Cerebellitis_in_HIV737.jpg,Acute Cerebellitis in HIV
C:\Users\HishamMo\Desktop\999_cs\Quantum_Inpired_PSO_Classifcation\MRI_dataset\Acute Cerebellitis in HIV\Acute_Cerebellitis_in_HIV738.jpg,Acute Cerebellitis in HIV
C:\Users\HishamMo\Desktop\999_cs\Quantum_Inpired_PSO_Classifcation\MRI_dataset\Acute Cerebellitis in HIV\Acute_Cerebellitis_in_HIV739.jpg,Acute Cerebellitis in HIV
C:\Users\HishamMo\Desktop\999_cs\Quantum_Inpired_PSO_Classifcation\MRI_dataset\Acute Cerebellitis in HIV\Acute_Cerebellitis_in_HIV740.jpg,Acute Cerebellitis in HIV
C:\Users\HishamMo\Desktop\999_cs\Quantum_Inpired_PSO_Classifcation\MRI_dataset\Acute Cerebellitis in HIV\Acute_Cerebellitis_in_HIV741.jpg,Acute Cerebellitis in HIV
C:\Users\HishamMo\Desktop\999_cs\Quantum_Inpired_PSO_Classifcation\MRI_dataset\Acute Cerebellitis in HIV\Acute_Cerebellitis_in_HIV742.jpg,Acute Cerebellitis in HIV
C:\Users\HishamMo\Desktop\999_cs\Quantum_Inpired_PSO_Classifcation\MRI_dataset\Acute Cerebellitis in HIV\Acute_Cerebellitis_in_HIV743.jpg,Acute Cerebellitis in HIV
C:\Users\HishamMo\Desktop\999_cs\Quantum_Inpired_PSO_Classifcation\MRI_dataset\Acute Cerebellitis in HIV\Acute_Cerebellitis_in_HIV744.jpg,Acute Cerebellitis in HIV
C:\Users\HishamMo\Desktop\999_cs\Quantum_Inpired_PSO_Classifcation\MRI_dataset\Acute Cerebellitis in HIV\Acute_Cerebellitis_in_HIV745.jpg,Acute Cerebellitis in HIV
C:\Users\HishamMo\Desktop\999_cs\Quantum_Inpired_PSO_Classifcation\MRI_dataset\Acute Cerebellitis in HIV\Acute_Cerebellitis_in_HIV746.jpg,Acute Cerebellitis in HIV
C:\Users\HishamMo\Desktop\999_cs\Quantum_Inpired_PSO_Classifcation\MRI_dataset\Acute Cerebellitis in HIV\Acute_Cerebellitis_in_HIV747.jpg,Acute Cerebellitis in HIV
C:\Users\HishamMo\Desktop\999_cs\Quantum_Inpired_PSO_Classifcation\MRI_dataset\Acute Cerebellitis in HIV\Acute_Cerebellitis_in_HIV748.jpg,Acute Cerebellitis in HIV
C:\Users\HishamMo\Desktop\999_cs\Quantum_Inpired_PSO_Classifcation\MRI_dataset\Acute Cerebellitis in HIV\Acute_Cerebellitis_in_HIV749.jpg,Acute Cerebellitis in HIV
C:\Users\HishamMo\Desktop\999_cs\Quantum_Inpired_PSO_Classifcation\MRI_dataset\Acute Cerebellitis in HIV\Acute_Cerebellitis_in_HIV750.jpg,Acute Cerebellitis in HIV
C:\Users\HishamMo\Desktop\999_cs\Quantum_Inpired_PSO_Classifcation\MRI_dataset\Acute Cerebellitis in HIV\Acute_Cerebellitis_in_HIV751.jpg,Acute Cerebellitis in HIV
C:\Users\HishamMo\Desktop\999_cs\Quantum_Inpired_PSO_Classifcation\MRI_dataset\Acute Cerebellitis in HIV\Acute_Cerebellitis_in_HIV752.jpg,Acute Cerebellitis in HIV
C:\Users\HishamMo\Desktop\999_cs\Quantum_Inpired_PSO_Classifcation\MRI_dataset\Acute Cerebellitis in HIV\Acute_Cerebellitis_in_HIV753.jpg,Acute Cerebellitis in HIV
C:\Users\HishamMo\Desktop\999_cs\Quantum_Inpired_PSO_Classifcation\MRI_dataset\Acute Cerebellitis in HIV\Acute_Cerebellitis_in_HIV754.jpg,Acute Cerebellitis in HIV
C:\Users\HishamMo\Desktop\999_cs\Quantum_Inpired_PSO_Classifcation\MRI_dataset\Acute Cerebellitis in HIV\Acute_Cerebellitis_in_HIV755.jpg,Acute Cerebellitis in HIV
C:\Users\HishamMo\Desktop\999_cs\Quantum_Inpired_PSO_Classifcation\MRI_dataset\Acute Cerebellitis in HIV\Acute_Cerebellitis_in_HIV756.jpg,Acute Cerebellitis in HIV
C:\Users\HishamMo\Desktop\999_cs\Quantum_Inpired_PSO_Classifcation\MRI_dataset\Acute Cerebellitis in HIV\Acute_Cerebellitis_in_HIV757.jpg,Acute Cerebellitis in HIV
C:\Users\HishamMo\Desktop\999_cs\Quantum_Inpired_PSO_Classifcation\MRI_dataset\Acute Cerebellitis in HIV\Acute_Cerebellitis_in_HIV758.jpg,Acute Cerebellitis in HIV
C:\Users\HishamMo\Desktop\999_cs\Quantum_Inpired_PSO_Classifcation\MRI_dataset\Acute Cerebellitis in HIV\Acute_Cerebellitis_in_HIV759.jpg,Acute Cerebellitis in HIV
C:\Users\HishamMo\Desktop\999_cs\Quantum_Inpired_PSO_Classifcation\MRI_dataset\Acute Cerebellitis in HIV\Acute_Cerebellitis_in_HIV760.jpg,Acute Cerebellitis in HIV
C:\Users\HishamMo\Desktop\999_cs\Quantum_Inpired_PSO_Classifcation\MRI_dataset\Acute Cerebellitis in HIV\Acute_Cerebellitis_in_HIV761.jpg,Acute Cerebellitis in HIV
C:\Users\HishamMo\Desktop\999_cs\Quantum_Inpired_PSO_Classifcation\MRI_dataset\Acute Cerebellitis in HIV\Acute_Cerebellitis_in_HIV762.jpg,Acute Cerebellitis in HIV
C:\Users\HishamMo\Desktop\999_cs\Quantum_Inpired_PSO_Classifcation\MRI_dataset\Acute Cerebellitis in HIV\Acute_Cerebellitis_in_HIV763.jpg,Acute Cerebellitis in HIV
C:\Users\HishamMo\Desktop\999_cs\Quantum_Inpired_PSO_Classifcation\MRI_dataset\Acute Cerebellitis in HIV\Acute_Cerebellitis_in_HIV764.jpg,Acute Cerebellitis in HIV
C:\Users\HishamMo\Desktop\999_cs\Quantum_Inpired_PSO_Classifcation\MRI_dataset\Acute Cerebellitis in HIV\Acute_Cerebellitis_in_HIV765.jpg,Acute Cerebellitis in HIV
C:\Users\HishamMo\Desktop\999_cs\Quantum_Inpired_PSO_Classifcation\MRI_dataset\Acute Cerebellitis in HIV\Acute_Cerebellitis_in_HIV766.jpg,Acute Cerebellitis in HIV
C:\Users\HishamMo\Desktop\999_cs\Quantum_Inpired_PSO_Classifcation\MRI_dataset\Acute Cerebellitis in HIV\Acute_Cerebellitis_in_HIV767.jpg,Acute Cerebellitis in HIV
C:\Users\HishamMo\Desktop\999_cs\Quantum_Inpired_PSO_Classifcation\MRI_dataset\Acute Cerebellitis in HIV\Acute_Cerebellitis_in_HIV768.jpg,Acute Cerebellitis in HIV
C:\Users\HishamMo\Desktop\999_cs\Quantum_Inpired_PSO_Classifcation\MRI_dataset\Acute Cerebellitis in HIV\Acute_Cerebellitis_in_HIV769.jpg,Acute Cerebellitis in HIV
C:\Users\HishamMo\Desktop\999_cs\Quantum_Inpired_PSO_Classifcation\MRI_dataset\Acute Cerebellitis in HIV\Acute_Cerebellitis_in_HIV770.jpg,Acute Cerebellitis in HIV
C:\Users\HishamMo\Desktop\999_cs\Quantum_Inpired_PSO_Classifcation\MRI_dataset\Acute Cerebellitis in HIV\Acute_Cerebellitis_in_HIV771.jpg,Acute Cerebellitis in HIV
C:\Users\HishamMo\Desktop\999_cs\Quantum_Inpired_PSO_Classifcation\MRI_dataset\Acute Cerebellitis in HIV\Acute_Cerebellitis_in_HIV772.jpg,Acute Cerebellitis in HIV
C:\Users\HishamMo\Desktop\999_cs\Quantum_Inpired_PSO_Classifcation\MRI_dataset\Acute Cerebellitis in HIV\Acute_Cerebellitis_in_HIV773.jpg,Acute Cerebellitis in HIV
C:\Users\HishamMo\Desktop\999_cs\Quantum_Inpired_PSO_Classifcation\MRI_dataset\Acute Cerebellitis in HIV\Acute_Cerebellitis_in_HIV774.jpg,Acute Cerebellitis in HIV
C:\Users\HishamMo\Desktop\999_cs\Quantum_Inpired_PSO_Classifcation\MRI_dataset\Acute Cerebellitis in HIV\Acute_Cerebellitis_in_HIV775.jpg,Acute Cerebellitis in HIV
C:\Users\HishamMo\Desktop\999_cs\Quantum_Inpired_PSO_Classifcation\MRI_dataset\Acute Cerebellitis in HIV\Acute_Cerebellitis_in_HIV776.jpg,Acute Cerebellitis in HIV
C:\Users\HishamMo\Desktop\999_cs\Quantum_Inpired_PSO_Classifcation\MRI_dataset\Acute Cerebellitis in HIV\Acute_Cerebellitis_in_HIV777.jpg,Acute Cerebellitis in HIV
C:\Users\HishamMo\Desktop\999_cs\Quantum_Inpired_PSO_Classifcation\MRI_dataset\Acute Cerebellitis in HIV\Acute_Cerebellitis_in_HIV778.jpg,Acute Cerebellitis in HIV
C:\Users\HishamMo\Desktop\999_cs\Quantum_Inpired_PSO_Classifcation\MRI_dataset\Acute Cerebellitis in HIV\Acute_Cerebellitis_in_HIV779.jpg,Acute Cerebellitis in HIV
C:\Users\HishamMo\Desktop\999_cs\Quantum_Inpired_PSO_Classifcation\MRI_dataset\Acute Cerebellitis in HIV\Acute_Cerebellitis_in_HIV780.jpg,Acute Cerebellitis in HIV
C:\Users\HishamMo\Desktop\999_cs\Quantum_Inpired_PSO_Classifcation\MRI_dataset\Acute Cerebellitis in HIV\Acute_Cerebellitis_in_HIV781.jpg,Acute Cerebellitis in HIV
C:\Users\HishamMo\Desktop\999_cs\Quantum_Inpired_PSO_Classifcation\MRI_dataset\Acute Cerebellitis in HIV\Acute_Cerebellitis_in_HIV782.jpg,Acute Cerebellitis in HIV
C:\Users\HishamMo\Desktop\999_cs\Quantum_Inpired_PSO_Classifcation\MRI_dataset\Acute Cerebellitis in HIV\Acute_Cerebellitis_in_HIV783.jpg,Acute Cerebellitis in HIV
C:\Users\HishamMo\Desktop\999_cs\Quantum_Inpired_PSO_Classifcation\MRI_dataset\Acute Cerebellitis in HIV\Acute_Cerebellitis_in_HIV784.jpg,Acute Cerebellitis in HIV
C:\Users\HishamMo\Desktop\999_cs\Quantum_Inpired_PSO_Classifcation\MRI_dataset\Acute Cerebellitis in HIV\Acute_Cerebellitis_in_HIV785.jpg,Acute Cerebellitis in HIV
C:\Users\HishamMo\Desktop\999_cs\Quantum_Inpired_PSO_Classifcation\MRI_dataset\Acute Cerebellitis in HIV\Acute_Cerebellitis_in_HIV786.jpg,Acute Cerebellitis in HIV
C:\Users\HishamMo\Desktop\999_cs\Quantum_Inpired_PSO_Classifcation\MRI_dataset\Acute Cerebellitis in HIV\Acute_Cerebellitis_in_HIV787.jpg,Acute Cerebellitis in HIV
C:\Users\HishamMo\Desktop\999_cs\Quantum_Inpired_PSO_Classifcation\MRI_dataset\Acute Cerebellitis in HIV\Acute_Cerebellitis_in_HIV788.jpg,Acute Cerebellitis in HIV
C:\Users\HishamMo\Desktop\999_cs\Quantum_Inpired_PSO_Classifcation\MRI_dataset\Acute Cerebellitis in HIV\Acute_Cerebellitis_in_HIV789.jpg,Acute Cerebellitis in HIV
C:\Users\HishamMo\Desktop\999_cs\Quantum_Inpired_PSO_Classifcation\MRI_dataset\Acute Cerebellitis in HIV\Acute_Cerebellitis_in_HIV790.jpg,Acute Cerebellitis in HIV
C:\Users\HishamMo\Desktop\999_cs\Quantum_Inpired_PSO_Classifcation\MRI_dataset\Acute Cerebellitis in HIV\Acute_Cerebellitis_in_HIV791.jpg,Acute Cerebellitis in HIV
C:\Users\HishamMo\Desktop\999_cs\Quantum_Inpired_PSO_Classifcation\MRI_dataset\Acute Cerebellitis in HIV\Acute_Cerebellitis_in_HIV792.jpg,Acute Cerebellitis in HIV
C:\Users\HishamMo\Desktop\999_cs\Quantum_Inpired_PSO_Classifcation\MRI_dataset\Acute Cerebellitis in HIV\Acute_Cerebellitis_in_HIV793.jpg,Acute Cerebellitis in HIV
C:\Users\HishamMo\Desktop\999_cs\Quantum_Inpired_PSO_Classifcation\MRI_dataset\Acute Cerebellitis in HIV\Acute_Cerebellitis_in_HIV794.jpg,Acute Cerebellitis in HIV
C:\Users\HishamMo\Desktop\999_cs\Quantum_Inpired_PSO_Classifcation\MRI_dataset\Acute Cerebellitis in HIV\Acute_Cerebellitis_in_HIV795.jpg,Acute Cerebellitis in HIV
C:\Users\HishamMo\Desktop\999_cs\Quantum_Inpired_PSO_Classifcation\MRI_dataset\Acute Cerebellitis in HIV\Acute_Cerebellitis_in_HIV796.jpg,Acute Cerebellitis in HIV
C:\Users\HishamMo\Desktop\999_cs\Quantum_Inpired_PSO_Classifcation\MRI_dataset\Acute Cerebellitis in HIV\Acute_Cerebellitis_in_HIV797.jpg,Acute Cerebellitis in HIV
C:\Users\HishamMo\Desktop\999_cs\Quantum_Inpired_PSO_Classifcation\MRI_dataset\Acute Cerebellitis in HIV\Acute_Cerebellitis_in_HIV798.jpg,Acute Cerebellitis in HIV
C:\Users\HishamMo\Desktop\999_cs\Quantum_Inpired_PSO_Classifcation\MRI_dataset\Acute Cerebellitis in HIV\Acute_Cerebellitis_in_HIV799.jpg,Acute Cerebellitis in HIV
C:\Users\HishamMo\Desktop\999_cs\Quantum_Inpired_PSO_Classifcation\MRI_dataset\Acute Cerebellitis in HIV\Acute_Cerebellitis_in_HIV800.jpg,Acute Cerebellitis in HIV
C:\Users\HishamMo\Desktop\999_cs\Quantum_Inpired_PSO_Classifcation\MRI_dataset\Acute Cerebellitis in HIV\Acute_Cerebellitis_in_HIV801.jpg,Acute Cerebellitis in HIV
C:\Users\HishamMo\Desktop\999_cs\Quantum_Inpired_PSO_Classifcation\MRI_dataset\Acute Cerebellitis in HIV\Acute_Cerebellitis_in_HIV802.jpg,Acute Cerebellitis in HIV
C:\Users\HishamMo\Desktop\999_cs\Quantum_Inpired_PSO_Classifcation\MRI_dataset\Acute Cerebellitis in HIV\Acute_Cerebellitis_in_HIV803.jpg,Acute Cerebellitis in HIV
C:\Users\HishamMo\Desktop\999_cs\Quantum_Inpired_PSO_Classifcation\MRI_dataset\Acute Cerebellitis in HIV\Acute_Cerebellitis_in_HIV804.jpg,Acute Cerebellitis in HIV
C:\Users\HishamMo\Desktop\999_cs\Quantum_Inpired_PSO_Classifcation\MRI_dataset\Acute Cerebellitis in HIV\Acute_Cerebellitis_in_HIV805.jpg,Acute Cerebellitis in HIV
C:\Users\HishamMo\Desktop\999_cs\Quantum_Inpired_PSO_Classifcation\MRI_dataset\Acute Cerebellitis in HIV\Acute_Cerebellitis_in_HIV806.jpg,Acute Cerebellitis in HIV
C:\Users\HishamMo\Desktop\999_cs\Quantum_Inpired_PSO_Classifcation\MRI_dataset\Acute Cerebellitis in HIV\Acute_Cerebellitis_in_HIV807.jpg,Acute Cerebellitis in HIV
C:\Users\HishamMo\Desktop\999_cs\Quantum_Inpired_PSO_Classifcation\MRI_dataset\Acute Cerebellitis in HIV\Acute_Cerebellitis_in_HIV808.jpg,Acute Cerebellitis in HIV
C:\Users\HishamMo\Desktop\999_cs\Quantum_Inpired_PSO_Classifcation\MRI_dataset\Acute Cerebellitis in HIV\Acute_Cerebellitis_in_HIV809.jpg,Acute Cerebellitis in HIV
C:\Users\HishamMo\Desktop\999_cs\Quantum_Inpired_PSO_Classifcation\MRI_dataset\Acute Cerebellitis in HIV\Acute_Cerebellitis_in_HIV810.jpg,Acute Cerebellitis in HIV
C:\Users\HishamMo\Desktop\999_cs\Quantum_Inpired_PSO_Classifcation\MRI_dataset\Acute Cerebellitis in HIV\Acute_Cerebellitis_in_HIV811.jpg,Acute Cerebellitis in HIV
C:\Users\HishamMo\Desktop\999_cs\Quantum_Inpired_PSO_Classifcation\MRI_dataset\Acute Cerebellitis in HIV\Acute_Cerebellitis_in_HIV812.jpg,Acute Cerebellitis in HIV
C:\Users\HishamMo\Desktop\999_cs\Quantum_Inpired_PSO_Classifcation\MRI_dataset\Acute Cerebellitis in HIV\Acute_Cerebellitis_in_HIV813.jpg,Acute Cerebellitis in HIV
C:\Users\HishamMo\Desktop\999_cs\Quantum_Inpired_PSO_Classifcation\MRI_dataset\Acute Cerebellitis in HIV\Acute_Cerebellitis_in_HIV814.jpg,Acute Cerebellitis in HIV
C:\Users\HishamMo\Desktop\999_cs\Quantum_Inpired_PSO_Classifcation\MRI_dataset\Acute Cerebellitis in HIV\Acute_Cerebellitis_in_HIV815.jpg,Acute Cerebellitis in HIV
C:\Users\HishamMo\Desktop\999_cs\Quantum_Inpired_PSO_Classifcation\MRI_dataset\Acute Cerebellitis in HIV\Acute_Cerebellitis_in_HIV816.jpg,Acute Cerebellitis in HIV
C:\Users\HishamMo\Desktop\999_cs\Quantum_Inpired_PSO_Classifcation\MRI_dataset\Acute Cerebellitis in HIV\Acute_Cerebellitis_in_HIV817.jpg,Acute Cerebellitis in HIV
C:\Users\HishamMo\Desktop\999_cs\Quantum_Inpired_PSO_Classifcation\MRI_dataset\Acute Cerebellitis in HIV\Acute_Cerebellitis_in_HIV818.jpg,Acute Cerebellitis in HIV
C:\Users\HishamMo\Desktop\999_cs\Quantum_Inpired_PSO_Classifcation\MRI_dataset\Acute Cerebellitis in HIV\Acute_Cerebellitis_in_HIV819.jpg,Acute Cerebellitis in HIV
C:\Users\HishamMo\Desktop\999_cs\Quantum_Inpired_PSO_Classifcation\MRI_dataset\Acute Cerebellitis in HIV\Acute_Cerebellitis_in_HIV820.jpg,Acute Cerebellitis in HIV
C:\Users\HishamMo\Desktop\999_cs\Quantum_Inpired_PSO_Classifcation\MRI_dataset\Acute Cerebellitis in HIV\Acute_Cerebellitis_in_HIV821.jpg,Acute Cerebellitis in HIV
C:\Users\HishamMo\Desktop\999_cs\Quantum_Inpired_PSO_Classifcation\MRI_dataset\Acute Cerebellitis in HIV\Acute_Cerebellitis_in_HIV822.jpg,Acute Cerebellitis in HIV
C:\Users\HishamMo\Desktop\999_cs\Quantum_Inpired_PSO_Classifcation\MRI_dataset\Acute Cerebellitis in HIV\Acute_Cerebellitis_in_HIV823.jpg,Acute Cerebellitis in HIV
C:\Users\HishamMo\Desktop\999_cs\Quantum_Inpired_PSO_Classifcation\MRI_dataset\Acute Cerebellitis in HIV\Acute_Cerebellitis_in_HIV824.jpg,Acute Cerebellitis in HIV
C:\Users\HishamMo\Desktop\999_cs\Quantum_Inpired_PSO_Classifcation\MRI_dataset\Acute Cerebellitis in HIV\Acute_Cerebellitis_in_HIV825.jpg,Acute Cerebellitis in HIV
C:\Users\HishamMo\Desktop\999_cs\Quantum_Inpired_PSO_Classifcation\MRI_dataset\Acute Cerebellitis in HIV\Acute_Cerebellitis_in_HIV826.jpg,Acute Cerebellitis in HIV
C:\Users\HishamMo\Desktop\999_cs\Quantum_Inpired_PSO_Classifcation\MRI_dataset\Acute Cerebellitis in HIV\Acute_Cerebellitis_in_HIV827.jpg,Acute Cerebellitis in HIV
C:\Users\HishamMo\Desktop\999_cs\Quantum_Inpired_PSO_Classifcation\MRI_dataset\Acute Cerebellitis in HIV\Acute_Cerebellitis_in_HIV828.jpg,Acute Cerebellitis in HIV
C:\Users\HishamMo\Desktop\999_cs\Quantum_Inpired_PSO_Classifcation\MRI_dataset\Acute Cerebellitis in HIV\Acute_Cerebellitis_in_HIV829.jpg,Acute Cerebellitis in HIV
C:\Users\HishamMo\Desktop\999_cs\Quantum_Inpired_PSO_Classifcation\MRI_dataset\Acute Cerebellitis in HIV\Acute_Cerebellitis_in_HIV830.jpg,Acute Cerebellitis in HIV
C:\Users\HishamMo\Desktop\999_cs\Quantum_Inpired_PSO_Classifcation\MRI_dataset\Acute Cerebellitis in HIV\Acute_Cerebellitis_in_HIV831.jpg,Acute Cerebellitis in HIV
C:\Users\HishamMo\Desktop\999_cs\Quantum_Inpired_PSO_Classifcation\MRI_dataset\Acute Cerebellitis in HIV\Acute_Cerebellitis_in_HIV832.jpg,Acute Cerebellitis in HIV
C:\Users\HishamMo\Desktop\999_cs\Quantum_Inpired_PSO_Classifcation\MRI_dataset\Acute Cerebellitis in HIV\Acute_Cerebellitis_in_HIV833.jpg,Acute Cerebellitis in HIV
C:\Users\HishamMo\Desktop\999_cs\Quantum_Inpired_PSO_Classifcation\MRI_dataset\Acute Cerebellitis in HIV\Acute_Cerebellitis_in_HIV834.jpg,Acute Cerebellitis in HIV
C:\Users\HishamMo\Desktop\999_cs\Quantum_Inpired_PSO_Classifcation\MRI_dataset\Acute Cerebellitis in HIV\Acute_Cerebellitis_in_HIV835.jpg,Acute Cerebellitis in HIV
C:\Users\HishamMo\Desktop\999_cs\Quantum_Inpired_PSO_Classifcation\MRI_dataset\Acute Cerebellitis in HIV\Acute_Cerebellitis_in_HIV836.jpg,Acute Cerebellitis in HIV
C:\Users\HishamMo\Desktop\999_cs\Quantum_Inpired_PSO_Classifcation\MRI_dataset\Acute Cerebellitis in HIV\Acute_Cerebellitis_in_HIV837.jpg,Acute Cerebellitis in HIV
C:\Users\HishamMo\Desktop\999_cs\Quantum_Inpired_PSO_Classifcation\MRI_dataset\Acute Cerebellitis in HIV\Acute_Cerebellitis_in_HIV838.jpg,Acute Cerebellitis in HIV
C:\Users\HishamMo\Desktop\999_cs\Quantum_Inpired_PSO_Classifcation\MRI_dataset\Acute Cerebellitis in HIV\Acute_Cerebellitis_in_HIV839.jpg,Acute Cerebellitis in HIV
C:\Users\HishamMo\Desktop\999_cs\Quantum_Inpired_PSO_Classifcation\MRI_dataset\Acute Cerebellitis in HIV\Acute_Cerebellitis_in_HIV840.jpg,Acute Cerebellitis in HIV
C:\Users\HishamMo\Desktop\999_cs\Quantum_Inpired_PSO_Classifcation\MRI_dataset\Acute Cerebellitis in HIV\Acute_Cerebellitis_in_HIV841.jpg,Acute Cerebellitis in HIV
C:\Users\HishamMo\Desktop\999_cs\Quantum_Inpired_PSO_Classifcation\MRI_dataset\Acute Cerebellitis in HIV\Acute_Cerebellitis_in_HIV842.jpg,Acute Cerebellitis in HIV
C:\Users\HishamMo\Desktop\999_cs\Quantum_Inpired_PSO_Classifcation\MRI_dataset\Acute Cerebellitis in HIV\Acute_Cerebellitis_in_HIV843.jpg,Acute Cerebellitis in HIV
C:\Users\HishamMo\Desktop\999_cs\Quantum_Inpired_PSO_Classifcation\MRI_dataset\Acute Cerebellitis in HIV\Acute_Cerebellitis_in_HIV844.jpg,Acute Cerebellitis in HIV
C:\Users\HishamMo\Desktop\999_cs\Quantum_Inpired_PSO_Classifcation\MRI_dataset\Acute Cerebellitis in HIV\Acute_Cerebellitis_in_HIV845.jpg,Acute Cerebellitis in HIV
C:\Users\HishamMo\Desktop\999_cs\Quantum_Inpired_PSO_Classifcation\MRI_dataset\Acute Cerebellitis in HIV\Acute_Cerebellitis_in_HIV846.jpg,Acute Cerebellitis in HIV
C:\Users\HishamMo\Desktop\999_cs\Quantum_Inpired_PSO_Classifcation\MRI_dataset\Acute Cerebellitis in HIV\Acute_Cerebellitis_in_HIV847.jpg,Acute Cerebellitis in HIV
C:\Users\HishamMo\Desktop\999_cs\Quantum_Inpired_PSO_Classifcation\MRI_dataset\Acute Cerebellitis in HIV\Acute_Cerebellitis_in_HIV848.jpg,Acute Cerebellitis in HIV
C:\Users\HishamMo\Desktop\999_cs\Quantum_Inpired_PSO_Classifcation\MRI_dataset\Acute Cerebellitis in HIV\Acute_Cerebellitis_in_HIV849.jpg,Acute Cerebellitis in HIV
C:\Users\HishamMo\Desktop\999_cs\Quantum_Inpired_PSO_Classifcation\MRI_dataset\Acute Cerebellitis in HIV\Acute_Cerebellitis_in_HIV850.jpg,Acute Cerebellitis in HIV
C:\Users\HishamMo\Desktop\999_cs\Quantum_Inpired_PSO_Classifcation\MRI_dataset\Acute Cerebellitis in HIV\Acute_Cerebellitis_in_HIV851.jpg,Acute Cerebellitis in HIV
C:\Users\HishamMo\Desktop\999_cs\Quantum_Inpired_PSO_Classifcation\MRI_dataset\Acute Cerebellitis in HIV\Acute_Cerebellitis_in_HIV852.jpg,Acute Cerebellitis in HIV
C:\Users\HishamMo\Desktop\999_cs\Quantum_Inpired_PSO_Classifcation\MRI_dataset\Acute Cerebellitis in HIV\Acute_Cerebellitis_in_HIV853.jpg,Acute Cerebellitis in HIV
C:\Users\HishamMo\Desktop\999_cs\Quantum_Inpired_PSO_Classifcation\MRI_dataset\Acute Cerebellitis in HIV\Acute_Cerebellitis_in_HIV854.jpg,Acute Cerebellitis in HIV
C:\Users\HishamMo\Desktop\999_cs\Quantum_Inpired_PSO_Classifcation\MRI_dataset\Acute Cerebellitis in HIV\Acute_Cerebellitis_in_HIV855.jpg,Acute Cerebellitis in HIV
C:\Users\HishamMo\Desktop\999_cs\Quantum_Inpired_PSO_Classifcation\MRI_dataset\Acute Cerebellitis in HIV\Acute_Cerebellitis_in_HIV856.jpg,Acute Cerebellitis in HIV
C:\Users\HishamMo\Desktop\999_cs\Quantum_Inpired_PSO_Classifcation\MRI_dataset\Acute Cerebellitis in HIV\Acute_Cerebellitis_in_HIV857.jpg,Acute Cerebellitis in HIV
C:\Users\HishamMo\Desktop\999_cs\Quantum_Inpired_PSO_Classifcation\MRI_dataset\Acute Cerebellitis in HIV\Acute_Cerebellitis_in_HIV858.jpg,Acute Cerebellitis in HIV
C:\Users\HishamMo\Desktop\999_cs\Quantum_Inpired_PSO_Classifcation\MRI_dataset\Acute Cerebellitis in HIV\Acute_Cerebellitis_in_HIV859.jpg,Acute Cerebellitis in HIV
C:\Users\HishamMo\Desktop\999_cs\Quantum_Inpired_PSO_Classifcation\MRI_dataset\Acute Cerebellitis in HIV\Acute_Cerebellitis_in_HIV860.jpg,Acute Cerebellitis in HIV
C:\Users\HishamMo\Desktop\999_cs\Quantum_Inpired_PSO_Classifcation\MRI_dataset\Acute Cerebellitis in HIV\Acute_Cerebellitis_in_HIV861.jpg,Acute Cerebellitis in HIV
C:\Users\HishamMo\Desktop\999_cs\Quantum_Inpired_PSO_Classifcation\MRI_dataset\Acute Cerebellitis in HIV\Acute_Cerebellitis_in_HIV862.jpg,Acute Cerebellitis in HIV
C:\Users\HishamMo\Desktop\999_cs\Quantum_Inpired_PSO_Classifcation\MRI_dataset\Acute Cerebellitis in HIV\Acute_Cerebellitis_in_HIV863.jpg,Acute Cerebellitis in HIV
C:\Users\HishamMo\Desktop\999_cs\Quantum_Inpired_PSO_Classifcation\MRI_dataset\Acute Cerebellitis in HIV\Acute_Cerebellitis_in_HIV864.jpg,Acute Cerebellitis in HIV
C:\Users\HishamMo\Desktop\999_cs\Quantum_Inpired_PSO_Classifcation\MRI_dataset\Acute Cerebellitis in HIV\Acute_Cerebellitis_in_HIV865.jpg,Acute Cerebellitis in HIV
C:\Users\HishamMo\Desktop\999_cs\Quantum_Inpired_PSO_Classifcation\MRI_dataset\Acute Cerebellitis in HIV\Acute_Cerebellitis_in_HIV866.jpg,Acute Cerebellitis in HIV
C:\Users\HishamMo\Desktop\999_cs\Quantum_Inpired_PSO_Classifcation\MRI_dataset\Acute Cerebellitis in HIV\Acute_Cerebellitis_in_HIV867.jpg,Acute Cerebellitis in HIV
C:\Users\HishamMo\Desktop\999_cs\Quantum_Inpired_PSO_Classifcation\MRI_dataset\Acute Cerebellitis in HIV\Acute_Cerebellitis_in_HIV868.jpg,Acute Cerebellitis in HIV
C:\Users\HishamMo\Desktop\999_cs\Quantum_Inpired_PSO_Classifcation\MRI_dataset\Acute Cerebellitis in HIV\Acute_Cerebellitis_in_HIV869.jpg,Acute Cerebellitis in HIV
C:\Users\HishamMo\Desktop\999_cs\Quantum_Inpired_PSO_Classifcation\MRI_dataset\Acute Cerebellitis in HIV\Acute_Cerebellitis_in_HIV870.jpg,Acute Cerebellitis in HIV
C:\Users\HishamMo\Desktop\999_cs\Quantum_Inpired_PSO_Classifcation\MRI_dataset\Acute Cerebellitis in HIV\Acute_Cerebellitis_in_HIV871.jpg,Acute Cerebellitis in HIV
C:\Users\HishamMo\Desktop\999_cs\Quantum_Inpired_PSO_Classifcation\MRI_dataset\Acute Cerebellitis in HIV\Acute_Cerebellitis_in_HIV872.jpg,Acute Cerebellitis in HIV
C:\Users\HishamMo\Desktop\999_cs\Quantum_Inpired_PSO_Classifcation\MRI_dataset\Acute Cerebellitis in HIV\Acute_Cerebellitis_in_HIV873.jpg,Acute Cerebellitis in HIV
C:\Users\HishamMo\Desktop\999_cs\Quantum_Inpired_PSO_Classifcation\MRI_dataset\Acute Cerebellitis in HIV\Acute_Cerebellitis_in_HIV874.jpg,Acute Cerebellitis in HIV
C:\Users\HishamMo\Desktop\999_cs\Quantum_Inpired_PSO_Classifcation\MRI_dataset\Acute Cerebellitis in HIV\Acute_Cerebellitis_in_HIV875.jpg,Acute Cerebellitis in HIV
C:\Users\HishamMo\Desktop\999_cs\Quantum_Inpired_PSO_Classifcation\MRI_dataset\Acute Cerebellitis in HIV\Acute_Cerebellitis_in_HIV876.jpg,Acute Cerebellitis in HIV
C:\Users\HishamMo\Desktop\999_cs\Quantum_Inpired_PSO_Classifcation\MRI_dataset\Acute Cerebellitis in HIV\Acute_Cerebellitis_in_HIV877.jpg,Acute Cerebellitis in HIV
C:\Users\HishamMo\Desktop\999_cs\Quantum_Inpired_PSO_Classifcation\MRI_dataset\Acute Cerebellitis in HIV\Acute_Cerebellitis_in_HIV878.jpg,Acute Cerebellitis in HIV
C:\Users\HishamMo\Desktop\999_cs\Quantum_Inpired_PSO_Classifcation\MRI_dataset\Acute Cerebellitis in HIV\Acute_Cerebellitis_in_HIV879.jpg,Acute Cerebellitis in HIV
C:\Users\HishamMo\Desktop\999_cs\Quantum_Inpired_PSO_Classifcation\MRI_dataset\Acute Cerebellitis in HIV\Acute_Cerebellitis_in_HIV880.jpg,Acute Cerebellitis in HIV
C:\Users\HishamMo\Desktop\999_cs\Quantum_Inpired_PSO_Classifcation\MRI_dataset\Acute Cerebellitis in HIV\Acute_Cerebellitis_in_HIV881.jpg,Acute Cerebellitis in HIV
C:\Users\HishamMo\Desktop\999_cs\Quantum_Inpired_PSO_Classifcation\MRI_dataset\Acute Cerebellitis in HIV\Acute_Cerebellitis_in_HIV882.jpg,Acute Cerebellitis in HIV
C:\Users\HishamMo\Desktop\999_cs\Quantum_Inpired_PSO_Classifcation\MRI_dataset\Acute Cerebellitis in HIV\Acute_Cerebellitis_in_HIV883.jpg,Acute Cerebellitis in HIV
C:\Users\HishamMo\Desktop\999_cs\Quantum_Inpired_PSO_Classifcation\MRI_dataset\Acute Cerebellitis in HIV\Acute_Cerebellitis_in_HIV884.jpg,Acute Cerebellitis in HIV
C:\Users\HishamMo\Desktop\999_cs\Quantum_Inpired_PSO_Classifcation\MRI_dataset\Acute Cerebellitis in HIV\Acute_Cerebellitis_in_HIV885.jpg,Acute Cerebellitis in HIV
C:\Users\HishamMo\Desktop\999_cs\Quantum_Inpired_PSO_Classifcation\MRI_dataset\Acute Cerebellitis in HIV\Acute_Cerebellitis_in_HIV886.jpg,Acute Cerebellitis in HIV
C:\Users\HishamMo\Desktop\999_cs\Quantum_Inpired_PSO_Classifcation\MRI_dataset\Acute Cerebellitis in HIV\Acute_Cerebellitis_in_HIV887.jpg,Acute Cerebellitis in HIV
C:\Users\HishamMo\Desktop\999_cs\Quantum_Inpired_PSO_Classifcation\MRI_dataset\Acute Cerebellitis in HIV\Acute_Cerebellitis_in_HIV888.jpg,Acute Cerebellitis in HIV
C:\Users\HishamMo\Desktop\999_cs\Quantum_Inpired_PSO_Classifcation\MRI_dataset\Acute Cerebellitis in HIV\Acute_Cerebellitis_in_HIV889.jpg,Acute Cerebellitis in HIV
C:\Users\HishamMo\Desktop\999_cs\Quantum_Inpired_PSO_Classifcation\MRI_dataset\Acute Cerebellitis in HIV\Acute_Cerebellitis_in_HIV890.jpg,Acute Cerebellitis in HIV
C:\Users\HishamMo\Desktop\999_cs\Quantum_Inpired_PSO_Classifcation\MRI_dataset\Acute Cerebellitis in HIV\Acute_Cerebellitis_in_HIV891.jpg,Acute Cerebellitis in HIV
C:\Users\HishamMo\Desktop\999_cs\Quantum_Inpired_PSO_Classifcation\MRI_dataset\Acute Cerebellitis in HIV\Acute_Cerebellitis_in_HIV892.jpg,Acute Cerebellitis in HIV
C:\Users\HishamMo\Desktop\999_cs\Quantum_Inpired_PSO_Classifcation\MRI_dataset\Acute Cerebellitis in HIV\Acute_Cerebellitis_in_HIV893.jpg,Acute Cerebellitis in HIV
C:\Users\HishamMo\Desktop\999_cs\Quantum_Inpired_PSO_Classifcation\MRI_dataset\Acute Cerebellitis in HIV\Acute_Cerebellitis_in_HIV894.jpg,Acute Cerebellitis in HIV
C:\Users\HishamMo\Desktop\999_cs\Quantum_Inpired_PSO_Classifcation\MRI_dataset\Acute Cerebellitis in HIV\Acute_Cerebellitis_in_HIV895.jpg,Acute Cerebellitis in HIV
C:\Users\HishamMo\Desktop\999_cs\Quantum_Inpired_PSO_Classifcation\MRI_dataset\Acute Cerebellitis in HIV\Acute_Cerebellitis_in_HIV896.jpg,Acute Cerebellitis in HIV
C:\Users\HishamMo\Desktop\999_cs\Quantum_Inpired_PSO_Classifcation\MRI_dataset\Acute Cerebellitis in HIV\Acute_Cerebellitis_in_HIV897.jpg,Acute Cerebellitis in HIV
C:\Users\HishamMo\Desktop\999_cs\Quantum_Inpired_PSO_Classifcation\MRI_dataset\Acute Cerebellitis in HIV\Acute_Cerebellitis_in_HIV898.jpg,Acute Cerebellitis in HIV
C:\Users\HishamMo\Desktop\999_cs\Quantum_Inpired_PSO_Classifcation\MRI_dataset\Acute Cerebellitis in HIV\Acute_Cerebellitis_in_HIV899.jpg,Acute Cerebellitis in HIV
C:\Users\HishamMo\Desktop\999_cs\Quantum_Inpired_PSO_Classifcation\MRI_dataset\Acute Cerebellitis in HIV\Acute_Cerebellitis_in_HIV900.jpg,Acute Cerebellitis in HIV
C:\Users\HishamMo\Desktop\999_cs\Quantum_Inpired_PSO_Classifcation\MRI_dataset\Acute Cerebellitis in HIV\Acute_Cerebellitis_in_HIV901.jpg,Acute Cerebellitis in HIV
C:\Users\HishamMo\Desktop\999_cs\Quantum_Inpired_PSO_Classifcation\MRI_dataset\Acute Cerebellitis in HIV\Acute_Cerebellitis_in_HIV902.jpg,Acute Cerebellitis in HIV
C:\Users\HishamMo\Desktop\999_cs\Quantum_Inpired_PSO_Classifcation\MRI_dataset\Acute Cerebellitis in HIV\Acute_Cerebellitis_in_HIV903.jpg,Acute Cerebellitis in HIV
C:\Users\HishamMo\Desktop\999_cs\Quantum_Inpired_PSO_Classifcation\MRI_dataset\Acute Cerebellitis in HIV\Acute_Cerebellitis_in_HIV904.jpg,Acute Cerebellitis in HIV
C:\Users\HishamMo\Desktop\999_cs\Quantum_Inpired_PSO_Classifcation\MRI_dataset\Acute Cerebellitis in HIV\Acute_Cerebellitis_in_HIV905.jpg,Acute Cerebellitis in HIV
C:\Users\HishamMo\Desktop\999_cs\Quantum_Inpired_PSO_Classifcation\MRI_dataset\Acute Cerebellitis in HIV\Acute_Cerebellitis_in_HIV906.jpg,Acute Cerebellitis in HIV
C:\Users\HishamMo\Desktop\999_cs\Quantum_Inpired_PSO_Classifcation\MRI_dataset\Acute Cerebellitis in HIV\Acute_Cerebellitis_in_HIV907.jpg,Acute Cerebellitis in HIV
C:\Users\HishamMo\Desktop\999_cs\Quantum_Inpired_PSO_Classifcation\MRI_dataset\Acute Cerebellitis in HIV\Acute_Cerebellitis_in_HIV908.jpg,Acute Cerebellitis in HIV
C:\Users\HishamMo\Desktop\999_cs\Quantum_Inpired_PSO_Classifcation\MRI_dataset\Acute Cerebellitis in HIV\Acute_Cerebellitis_in_HIV909.jpg,Acute Cerebellitis in HIV
C:\Users\HishamMo\Desktop\999_cs\Quantum_Inpired_PSO_Classifcation\MRI_dataset\Acute Cerebellitis in HIV\Acute_Cerebellitis_in_HIV910.jpg,Acute Cerebellitis in HIV
C:\Users\HishamMo\Desktop\999_cs\Quantum_Inpired_PSO_Classifcation\MRI_dataset\Acute Cerebellitis in HIV\Acute_Cerebellitis_in_HIV911.jpg,Acute Cerebellitis in HIV
C:\Users\HishamMo\Desktop\999_cs\Quantum_Inpired_PSO_Classifcation\MRI_dataset\Acute Cerebellitis in HIV\Acute_Cerebellitis_in_HIV912.jpg,Acute Cerebellitis in HIV
C:\Users\HishamMo\Desktop\999_cs\Quantum_Inpired_PSO_Classifcation\MRI_dataset\Acute Cerebellitis in HIV\Acute_Cerebellitis_in_HIV913.jpg,Acute Cerebellitis in HIV
C:\Users\HishamMo\Desktop\999_cs\Quantum_Inpired_PSO_Classifcation\MRI_dataset\Acute Cerebellitis in HIV\Acute_Cerebellitis_in_HIV914.jpg,Acute Cerebellitis in HIV
C:\Users\HishamMo\Desktop\999_cs\Quantum_Inpired_PSO_Classifcation\MRI_dataset\Acute Cerebellitis in HIV\Acute_Cerebellitis_in_HIV915.jpg,Acute Cerebellitis in HIV
C:\Users\HishamMo\Desktop\999_cs\Quantum_Inpired_PSO_Classifcation\MRI_dataset\Acute Cerebellitis in HIV\Acute_Cerebellitis_in_HIV916.jpg,Acute Cerebellitis in HIV
C:\Users\HishamMo\Desktop\999_cs\Quantum_Inpired_PSO_Classifcation\MRI_dataset\Acute Cerebellitis in HIV\Acute_Cerebellitis_in_HIV917.jpg,Acute Cerebellitis in HIV
C:\Users\HishamMo\Desktop\999_cs\Quantum_Inpired_PSO_Classifcation\MRI_dataset\Acute Cerebellitis in HIV\Acute_Cerebellitis_in_HIV918.jpg,Acute Cerebellitis in HIV
C:\Users\HishamMo\Desktop\999_cs\Quantum_Inpired_PSO_Classifcation\MRI_dataset\Acute Cerebellitis in HIV\Acute_Cerebellitis_in_HIV919.jpg,Acute Cerebellitis in HIV
C:\Users\HishamMo\Desktop\999_cs\Quantum_Inpired_PSO_Classifcation\MRI_dataset\Acute Cerebellitis in HIV\Acute_Cerebellitis_in_HIV920.jpg,Acute Cerebellitis in HIV
C:\Users\HishamMo\Desktop\999_cs\Quantum_Inpired_PSO_Classifcation\MRI_dataset\Acute Cerebellitis in HIV\Acute_Cerebellitis_in_HIV921.jpg,Acute Cerebellitis in HIV
C:\Users\HishamMo\Desktop\999_cs\Quantum_Inpired_PSO_Classifcation\MRI_dataset\Acute Cerebellitis in HIV\Acute_Cerebellitis_in_HIV922.jpg,Acute Cerebellitis in HIV
C:\Users\HishamMo\Desktop\999_cs\Quantum_Inpired_PSO_Classifcation\MRI_dataset\Acute Cerebellitis in HIV\Acute_Cerebellitis_in_HIV923.jpg,Acute Cerebellitis in HIV
C:\Users\HishamMo\Desktop\999_cs\Quantum_Inpired_PSO_Classifcation\MRI_dataset\Acute Cerebellitis in HIV\Acute_Cerebellitis_in_HIV924.jpg,Acute Cerebellitis in HIV
C:\Users\HishamMo\Desktop\999_cs\Quantum_Inpired_PSO_Classifcation\MRI_dataset\Acute Cerebellitis in HIV\Acute_Cerebellitis_in_HIV925.jpg,Acute Cerebellitis in HIV
C:\Users\HishamMo\Desktop\999_cs\Quantum_Inpired_PSO_Classifcation\MRI_dataset\Acute Cerebellitis in HIV\Acute_Cerebellitis_in_HIV926.jpg,Acute Cerebellitis in HIV
C:\Users\HishamMo\Desktop\999_cs\Quantum_Inpired_PSO_Classifcation\MRI_dataset\Acute Cerebellitis in HIV\Acute_Cerebellitis_in_HIV927.jpg,Acute Cerebellitis in HIV
C:\Users\HishamMo\Desktop\999_cs\Quantum_Inpired_PSO_Classifcation\MRI_dataset\Acute Cerebellitis in HIV\Acute_Cerebellitis_in_HIV928.jpg,Acute Cerebellitis in HIV
C:\Users\HishamMo\Desktop\999_cs\Quantum_Inpired_PSO_Classifcation\MRI_dataset\Acute Cerebellitis in HIV\Acute_Cerebellitis_in_HIV929.jpg,Acute Cerebellitis in HIV
C:\Users\HishamMo\Desktop\999_cs\Quantum_Inpired_PSO_Classifcation\MRI_dataset\Acute Cerebellitis in HIV\Acute_Cerebellitis_in_HIV930.jpg,Acute Cerebellitis in HIV
C:\Users\HishamMo\Desktop\999_cs\Quantum_Inpired_PSO_Classifcation\MRI_dataset\Acute Cerebellitis in HIV\Acute_Cerebellitis_in_HIV931.jpg,Acute Cerebellitis in HIV
C:\Users\HishamMo\Desktop\999_cs\Quantum_Inpired_PSO_Classifcation\MRI_dataset\Acute Cerebellitis in HIV\Acute_Cerebellitis_in_HIV932.jpg,Acute Cerebellitis in HIV
C:\Users\HishamMo\Desktop\999_cs\Quantum_Inpired_PSO_Classifcation\MRI_dataset\Acute Cerebellitis in HIV\Acute_Cerebellitis_in_HIV933.jpg,Acute Cerebellitis in HIV
C:\Users\HishamMo\Desktop\999_cs\Quantum_Inpired_PSO_Classifcation\MRI_dataset\Acute Cerebellitis in HIV\Acute_Cerebellitis_in_HIV934.jpg,Acute Cerebellitis in HIV
C:\Users\HishamMo\Desktop\999_cs\Quantum_Inpired_PSO_Classifcation\MRI_dataset\Acute Cerebellitis in HIV\Acute_Cerebellitis_in_HIV935.jpg,Acute Cerebellitis in HIV
C:\Users\HishamMo\Desktop\999_cs\Quantum_Inpired_PSO_Classifcation\MRI_dataset\Acute Cerebellitis in HIV\Acute_Cerebellitis_in_HIV936.jpg,Acute Cerebellitis in HIV
C:\Users\HishamMo\Desktop\999_cs\Quantum_Inpired_PSO_Classifcation\MRI_dataset\Acute Cerebellitis in HIV\Acute_Cerebellitis_in_HIV937.jpg,Acute Cerebellitis in HIV
C:\Users\HishamMo\Desktop\999_cs\Quantum_Inpired_PSO_Classifcation\MRI_dataset\Acute Cerebellitis in HIV\Acute_Cerebellitis_in_HIV938.jpg,Acute Cerebellitis in HIV
C:\Users\HishamMo\Desktop\999_cs\Quantum_Inpired_PSO_Classifcation\MRI_dataset\Acute Cerebellitis in HIV\Acute_Cerebellitis_in_HIV939.jpg,Acute Cerebellitis in HIV
C:\Users\HishamMo\Desktop\999_cs\Quantum_Inpired_PSO_Classifcation\MRI_dataset\Acute Cerebellitis in HIV\Acute_Cerebellitis_in_HIV940.jpg,Acute Cerebellitis in HIV
C:\Users\HishamMo\Desktop\999_cs\Quantum_Inpired_PSO_Classifcation\MRI_dataset\Acute Cerebellitis in HIV\Acute_Cerebellitis_in_HIV941.jpg,Acute Cerebellitis in HIV
C:\Users\HishamMo\Desktop\999_cs\Quantum_Inpired_PSO_Classifcation\MRI_dataset\Acute Cerebellitis in HIV\Acute_Cerebellitis_in_HIV942.jpg,Acute Cerebellitis in HIV
C:\Users\HishamMo\Desktop\999_cs\Quantum_Inpired_PSO_Classifcation\MRI_dataset\Acute Cerebellitis in HIV\Acute_Cerebellitis_in_HIV943.jpg,Acute Cerebellitis in HIV
C:\Users\HishamMo\Desktop\999_cs\Quantum_Inpired_PSO_Classifcation\MRI_dataset\Acute Cerebellitis in HIV\Acute_Cerebellitis_in_HIV944.jpg,Acute Cerebellitis in HIV
C:\Users\HishamMo\Desktop\999_cs\Quantum_Inpired_PSO_Classifcation\MRI_dataset\Acute Cerebellitis in HIV\Acute_Cerebellitis_in_HIV945.jpg,Acute Cerebellitis in HIV
C:\Users\HishamMo\Desktop\999_cs\Quantum_Inpired_PSO_Classifcation\MRI_dataset\Acute Cerebellitis in HIV\Acute_Cerebellitis_in_HIV946.jpg,Acute Cerebellitis in HIV
C:\Users\HishamMo\Desktop\999_cs\Quantum_Inpired_PSO_Classifcation\MRI_dataset\Acute Cerebellitis in HIV\Acute_Cerebellitis_in_HIV947.jpg,Acute Cerebellitis in HIV
C:\Users\HishamMo\Desktop\999_cs\Quantum_Inpired_PSO_Classifcation\MRI_dataset\Acute Cerebellitis in HIV\Acute_Cerebellitis_in_HIV948.jpg,Acute Cerebellitis in HIV
C:\Users\HishamMo\Desktop\999_cs\Quantum_Inpired_PSO_Classifcation\MRI_dataset\Acute Cerebellitis in HIV\Acute_Cerebellitis_in_HIV949.jpg,Acute Cerebellitis in HIV
C:\Users\HishamMo\Desktop\999_cs\Quantum_Inpired_PSO_Classifcation\MRI_dataset\Acute Cerebellitis in HIV\Acute_Cerebellitis_in_HIV950.jpg,Acute Cerebellitis in HIV
C:\Users\HishamMo\Desktop\999_cs\Quantum_Inpired_PSO_Classifcation\MRI_dataset\Acute Cerebellitis in HIV\Acute_Cerebellitis_in_HIV951.jpg,Acute Cerebellitis in HIV
C:\Users\HishamMo\Desktop\999_cs\Quantum_Inpired_PSO_Classifcation\MRI_dataset\Acute Cerebellitis in HIV\Acute_Cerebellitis_in_HIV952.jpg,Acute Cerebellitis in HIV
C:\Users\HishamMo\Desktop\999_cs\Quantum_Inpired_PSO_Classifcation\MRI_dataset\Acute Cerebellitis in HIV\Acute_Cerebellitis_in_HIV953.jpg,Acute Cerebellitis in HIV
C:\Users\HishamMo\Desktop\999_cs\Quantum_Inpired_PSO_Classifcation\MRI_dataset\Acute Cerebellitis in HIV\Acute_Cerebellitis_in_HIV954.jpg,Acute Cerebellitis in HIV
C:\Users\HishamMo\Desktop\999_cs\Quantum_Inpired_PSO_Classifcation\MRI_dataset\Acute Cerebellitis in HIV\Acute_Cerebellitis_in_HIV955.jpg,Acute Cerebellitis in HIV
C:\Users\HishamMo\Desktop\999_cs\Quantum_Inpired_PSO_Classifcation\MRI_dataset\Acute Cerebellitis in HIV\Acute_Cerebellitis_in_HIV956.jpg,Acute Cerebellitis in HIV
C:\Users\HishamMo\Desktop\999_cs\Quantum_Inpired_PSO_Classifcation\MRI_dataset\Acute Cerebellitis in HIV\Acute_Cerebellitis_in_HIV957.jpg,Acute Cerebellitis in HIV
C:\Users\HishamMo\Desktop\999_cs\Quantum_Inpired_PSO_Classifcation\MRI_dataset\Acute Cerebellitis in HIV\Acute_Cerebellitis_in_HIV958.jpg,Acute Cerebellitis in HIV
C:\Users\HishamMo\Desktop\999_cs\Quantum_Inpired_PSO_Classifcation\MRI_dataset\Acute Cerebellitis in HIV\Acute_Cerebellitis_in_HIV959.jpg,Acute Cerebellitis in HIV
C:\Users\HishamMo\Desktop\999_cs\Quantum_Inpired_PSO_Classifcation\MRI_dataset\Acute Cerebellitis in HIV\Acute_Cerebellitis_in_HIV960.jpg,Acute Cerebellitis in HIV
C:\Users\HishamMo\Desktop\999_cs\Quantum_Inpired_PSO_Classifcation\MRI_dataset\Acute Cerebellitis in HIV\Acute_Cerebellitis_in_HIV961.jpg,Acute Cerebellitis in HIV
C:\Users\HishamMo\Desktop\999_cs\Quantum_Inpired_PSO_Classifcation\MRI_dataset\Acute Cerebellitis in HIV\Acute_Cerebellitis_in_HIV962.jpg,Acute Cerebellitis in HIV
C:\Users\HishamMo\Desktop\999_cs\Quantum_Inpired_PSO_Classifcation\MRI_dataset\Acute Cerebellitis in HIV\Acute_Cerebellitis_in_HIV963.jpg,Acute Cerebellitis in HIV
C:\Users\HishamMo\Desktop\999_cs\Quantum_Inpired_PSO_Classifcation\MRI_dataset\Acute Cerebellitis in HIV\Acute_Cerebellitis_in_HIV964.jpg,Acute Cerebellitis in HIV
C:\Users\HishamMo\Desktop\999_cs\Quantum_Inpired_PSO_Classifcation\MRI_dataset\Acute Cerebellitis in HIV\Acute_Cerebellitis_in_HIV965.jpg,Acute Cerebellitis in HIV
C:\Users\HishamMo\Desktop\999_cs\Quantum_Inpired_PSO_Classifcation\MRI_dataset\Acute Cerebellitis in HIV\Acute_Cerebellitis_in_HIV966.jpg,Acute Cerebellitis in HIV
C:\Users\HishamMo\Desktop\999_cs\Quantum_Inpired_PSO_Classifcation\MRI_dataset\Acute Cerebellitis in HIV\Acute_Cerebellitis_in_HIV967.jpg,Acute Cerebellitis in HIV
C:\Users\HishamMo\Desktop\999_cs\Quantum_Inpired_PSO_Classifcation\MRI_dataset\Acute Cerebellitis in HIV\Acute_Cerebellitis_in_HIV968.jpg,Acute Cerebellitis in HIV
C:\Users\HishamMo\Desktop\999_cs\Quantum_Inpired_PSO_Classifcation\MRI_dataset\Acute Cerebellitis in HIV\Acute_Cerebellitis_in_HIV969.jpg,Acute Cerebellitis in HIV
C:\Users\HishamMo\Desktop\999_cs\Quantum_Inpired_PSO_Classifcation\MRI_dataset\Acute Cerebellitis in HIV\Acute_Cerebellitis_in_HIV970.jpg,Acute Cerebellitis in HIV
C:\Users\HishamMo\Desktop\999_cs\Quantum_Inpired_PSO_Classifcation\MRI_dataset\Acute Cerebellitis in HIV\Acute_Cerebellitis_in_HIV971.jpg,Acute Cerebellitis in HIV
C:\Users\HishamMo\Desktop\999_cs\Quantum_Inpired_PSO_Classifcation\MRI_dataset\Acute Cerebellitis in HIV\Acute_Cerebellitis_in_HIV972.jpg,Acute Cerebellitis in HIV
C:\Users\HishamMo\Desktop\999_cs\Quantum_Inpired_PSO_Classifcation\MRI_dataset\Acute Cerebellitis in HIV\Acute_Cerebellitis_in_HIV973.jpg,Acute Cerebellitis in HIV
C:\Users\HishamMo\Desktop\999_cs\Quantum_Inpired_PSO_Classifcation\MRI_dataset\Acute Cerebellitis in HIV\Acute_Cerebellitis_in_HIV974.jpg,Acute Cerebellitis in HIV
C:\Users\HishamMo\Desktop\999_cs\Quantum_Inpired_PSO_Classifcation\MRI_dataset\Acute Cerebellitis in HIV\Acute_Cerebellitis_in_HIV975.jpg,Acute Cerebellitis in HIV
C:\Users\HishamMo\Desktop\999_cs\Quantum_Inpired_PSO_Classifcation\MRI_dataset\Acute Cerebellitis in HIV\Acute_Cerebellitis_in_HIV976.jpg,Acute Cerebellitis in HIV
