image_path,label
C:\Users\HishamMo\Desktop\999_cs\Quantum_Inpired_PSO_Classifcation\MRI_dataset\Adenomyosis in Gravid Uterus\Adenomyosis_in_Gravid_Uterus001.jpg,Adenomyosis in Gravid Uterus
C:\Users\HishamMo\Desktop\999_cs\Quantum_Inpired_PSO_Classifcation\MRI_dataset\Adenomyosis in Gravid Uterus\Adenomyosis_in_Gravid_Uterus002.jpg,Adenomyosis in Gravid Uterus
C:\Users\HishamMo\Desktop\999_cs\Quantum_Inpired_PSO_Classifcation\MRI_dataset\Adenomyosis in Gravid Uterus\Adenomyosis_in_Gravid_Uterus003.jpg,Adenomyosis in Gravid Uterus
C:\Users\HishamMo\Desktop\999_cs\Quantum_Inpired_PSO_Classifcation\MRI_dataset\Adenomyosis in Gravid Uterus\Adenomyosis_in_Gravid_Uterus004.jpg,Adenomyosis in Gravid Uterus
C:\Users\HishamMo\Desktop\999_cs\Quantum_Inpired_PSO_Classifcation\MRI_dataset\Adenomyosis in Gravid Uterus\Adenomyosis_in_Gravid_Uterus005.jpg,Adenomyosis in Gravid Uterus
C:\Users\HishamMo\Desktop\999_cs\Quantum_Inpired_PSO_Classifcation\MRI_dataset\Adenomyosis in Gravid Uterus\Adenomyosis_in_Gravid_Uterus006.jpg,Adenomyosis in Gravid Uterus
C:\Users\HishamMo\Desktop\999_cs\Quantum_Inpired_PSO_Classifcation\MRI_dataset\Adenomyosis in Gravid Uterus\Adenomyosis_in_Gravid_Uterus007.jpg,Adenomyosis in Gravid Uterus
C:\Users\HishamMo\Desktop\999_cs\Quantum_Inpired_PSO_Classifcation\MRI_dataset\Adenomyosis in Gravid Uterus\Adenomyosis_in_Gravid_Uterus008.jpg,Adenomyosis in Gravid Uterus
C:\Users\HishamMo\Desktop\999_cs\Quantum_Inpired_PSO_Classifcation\MRI_dataset\Adenomyosis in Gravid Uterus\Adenomyosis_in_Gravid_Uterus009.jpg,Adenomyosis in Gravid Uterus
C:\Users\HishamMo\Desktop\999_cs\Quantum_Inpired_PSO_Classifcation\MRI_dataset\Adenomyosis in Gravid Uterus\Adenomyosis_in_Gravid_Uterus010.jpg,Adenomyosis in Gravid Uterus
C:\Users\HishamMo\Desktop\999_cs\Quantum_Inpired_PSO_Classifcation\MRI_dataset\Adenomyosis in Gravid Uterus\Adenomyosis_in_Gravid_Uterus011.jpg,Adenomyosis in Gravid Uterus
C:\Users\HishamMo\Desktop\999_cs\Quantum_Inpired_PSO_Classifcation\MRI_dataset\Adenomyosis in Gravid Uterus\Adenomyosis_in_Gravid_Uterus012.jpg,Adenomyosis in Gravid Uterus
C:\Users\HishamMo\Desktop\999_cs\Quantum_Inpired_PSO_Classifcation\MRI_dataset\Adenomyosis in Gravid Uterus\Adenomyosis_in_Gravid_Uterus013.jpg,Adenomyosis in Gravid Uterus
C:\Users\HishamMo\Desktop\999_cs\Quantum_Inpired_PSO_Classifcation\MRI_dataset\Adenomyosis in Gravid Uterus\Adenomyosis_in_Gravid_Uterus014.jpg,Adenomyosis in Gravid Uterus
C:\Users\HishamMo\Desktop\999_cs\Quantum_Inpired_PSO_Classifcation\MRI_dataset\Adenomyosis in Gravid Uterus\Adenomyosis_in_Gravid_Uterus015.jpg,Adenomyosis in Gravid Uterus
C:\Users\HishamMo\Desktop\999_cs\Quantum_Inpired_PSO_Classifcation\MRI_dataset\Adenomyosis in Gravid Uterus\Adenomyosis_in_Gravid_Uterus016.jpg,Adenomyosis in Gravid Uterus
C:\Users\HishamMo\Desktop\999_cs\Quantum_Inpired_PSO_Classifcation\MRI_dataset\Adenomyosis in Gravid Uterus\Adenomyosis_in_Gravid_Uterus017.jpg,Adenomyosis in Gravid Uterus
C:\Users\HishamMo\Desktop\999_cs\Quantum_Inpired_PSO_Classifcation\MRI_dataset\Adenomyosis in Gravid Uterus\Adenomyosis_in_Gravid_Uterus018.jpg,Adenomyosis in Gravid Uterus
C:\Users\HishamMo\Desktop\999_cs\Quantum_Inpired_PSO_Classifcation\MRI_dataset\Adenomyosis in Gravid Uterus\Adenomyosis_in_Gravid_Uterus019.jpg,Adenomyosis in Gravid Uterus
C:\Users\HishamMo\Desktop\999_cs\Quantum_Inpired_PSO_Classifcation\MRI_dataset\Adenomyosis in Gravid Uterus\Adenomyosis_in_Gravid_Uterus020.jpg,Adenomyosis in Gravid Uterus
C:\Users\HishamMo\Desktop\999_cs\Quantum_Inpired_PSO_Classifcation\MRI_dataset\Adenomyosis in Gravid Uterus\Adenomyosis_in_Gravid_Uterus021.jpg,Adenomyosis in Gravid Uterus
C:\Users\HishamMo\Desktop\999_cs\Quantum_Inpired_PSO_Classifcation\MRI_dataset\Adenomyosis in Gravid Uterus\Adenomyosis_in_Gravid_Uterus022.jpg,Adenomyosis in Gravid Uterus
C:\Users\HishamMo\Desktop\999_cs\Quantum_Inpired_PSO_Classifcation\MRI_dataset\Adenomyosis in Gravid Uterus\Adenomyosis_in_Gravid_Uterus023.jpg,Adenomyosis in Gravid Uterus
C:\Users\HishamMo\Desktop\999_cs\Quantum_Inpired_PSO_Classifcation\MRI_dataset\Adenomyosis in Gravid Uterus\Adenomyosis_in_Gravid_Uterus024.jpg,Adenomyosis in Gravid Uterus
C:\Users\HishamMo\Desktop\999_cs\Quantum_Inpired_PSO_Classifcation\MRI_dataset\Adenomyosis in Gravid Uterus\Adenomyosis_in_Gravid_Uterus025.jpg,Adenomyosis in Gravid Uterus
C:\Users\HishamMo\Desktop\999_cs\Quantum_Inpired_PSO_Classifcation\MRI_dataset\Adenomyosis in Gravid Uterus\Adenomyosis_in_Gravid_Uterus026.jpg,Adenomyosis in Gravid Uterus
C:\Users\HishamMo\Desktop\999_cs\Quantum_Inpired_PSO_Classifcation\MRI_dataset\Adenomyosis in Gravid Uterus\Adenomyosis_in_Gravid_Uterus027.jpg,Adenomyosis in Gravid Uterus
C:\Users\HishamMo\Desktop\999_cs\Quantum_Inpired_PSO_Classifcation\MRI_dataset\Adenomyosis in Gravid Uterus\Adenomyosis_in_Gravid_Uterus028.jpg,Adenomyosis in Gravid Uterus
C:\Users\HishamMo\Desktop\999_cs\Quantum_Inpired_PSO_Classifcation\MRI_dataset\Adenomyosis in Gravid Uterus\Adenomyosis_in_Gravid_Uterus029.jpg,Adenomyosis in Gravid Uterus
C:\Users\HishamMo\Desktop\999_cs\Quantum_Inpired_PSO_Classifcation\MRI_dataset\Adenomyosis in Gravid Uterus\Adenomyosis_in_Gravid_Uterus030.jpg,Adenomyosis in Gravid Uterus
C:\Users\HishamMo\Desktop\999_cs\Quantum_Inpired_PSO_Classifcation\MRI_dataset\Adenomyosis in Gravid Uterus\Adenomyosis_in_Gravid_Uterus031.jpg,Adenomyosis in Gravid Uterus
C:\Users\HishamMo\Desktop\999_cs\Quantum_Inpired_PSO_Classifcation\MRI_dataset\Adenomyosis in Gravid Uterus\Adenomyosis_in_Gravid_Uterus032.jpg,Adenomyosis in Gravid Uterus
C:\Users\HishamMo\Desktop\999_cs\Quantum_Inpired_PSO_Classifcation\MRI_dataset\Adenomyosis in Gravid Uterus\Adenomyosis_in_Gravid_Uterus033.jpg,Adenomyosis in Gravid Uterus
C:\Users\HishamMo\Desktop\999_cs\Quantum_Inpired_PSO_Classifcation\MRI_dataset\Adenomyosis in Gravid Uterus\Adenomyosis_in_Gravid_Uterus034.jpg,Adenomyosis in Gravid Uterus
C:\Users\HishamMo\Desktop\999_cs\Quantum_Inpired_PSO_Classifcation\MRI_dataset\Adenomyosis in Gravid Uterus\Adenomyosis_in_Gravid_Uterus035.jpg,Adenomyosis in Gravid Uterus
C:\Users\HishamMo\Desktop\999_cs\Quantum_Inpired_PSO_Classifcation\MRI_dataset\Adenomyosis in Gravid Uterus\Adenomyosis_in_Gravid_Uterus036.jpg,Adenomyosis in Gravid Uterus
C:\Users\HishamMo\Desktop\999_cs\Quantum_Inpired_PSO_Classifcation\MRI_dataset\Adenomyosis in Gravid Uterus\Adenomyosis_in_Gravid_Uterus037.jpg,Adenomyosis in Gravid Uterus
C:\Users\HishamMo\Desktop\999_cs\Quantum_Inpired_PSO_Classifcation\MRI_dataset\Adenomyosis in Gravid Uterus\Adenomyosis_in_Gravid_Uterus038.jpg,Adenomyosis in Gravid Uterus
C:\Users\HishamMo\Desktop\999_cs\Quantum_Inpired_PSO_Classifcation\MRI_dataset\Adenomyosis in Gravid Uterus\Adenomyosis_in_Gravid_Uterus039.jpg,Adenomyosis in Gravid Uterus
C:\Users\HishamMo\Desktop\999_cs\Quantum_Inpired_PSO_Classifcation\MRI_dataset\Adenomyosis in Gravid Uterus\Adenomyosis_in_Gravid_Uterus040.jpg,Adenomyosis in Gravid Uterus
C:\Users\HishamMo\Desktop\999_cs\Quantum_Inpired_PSO_Classifcation\MRI_dataset\Adenomyosis in Gravid Uterus\Adenomyosis_in_Gravid_Uterus041.jpg,Adenomyosis in Gravid Uterus
C:\Users\HishamMo\Desktop\999_cs\Quantum_Inpired_PSO_Classifcation\MRI_dataset\Adenomyosis in Gravid Uterus\Adenomyosis_in_Gravid_Uterus042.jpg,Adenomyosis in Gravid Uterus
C:\Users\HishamMo\Desktop\999_cs\Quantum_Inpired_PSO_Classifcation\MRI_dataset\Adenomyosis in Gravid Uterus\Adenomyosis_in_Gravid_Uterus043.jpg,Adenomyosis in Gravid Uterus
C:\Users\HishamMo\Desktop\999_cs\Quantum_Inpired_PSO_Classifcation\MRI_dataset\Adenomyosis in Gravid Uterus\Adenomyosis_in_Gravid_Uterus044.jpg,Adenomyosis in Gravid Uterus
C:\Users\HishamMo\Desktop\999_cs\Quantum_Inpired_PSO_Classifcation\MRI_dataset\Adenomyosis in Gravid Uterus\Adenomyosis_in_Gravid_Uterus045.jpg,Adenomyosis in Gravid Uterus
C:\Users\HishamMo\Desktop\999_cs\Quantum_Inpired_PSO_Classifcation\MRI_dataset\Adenomyosis in Gravid Uterus\Adenomyosis_in_Gravid_Uterus046.jpg,Adenomyosis in Gravid Uterus
C:\Users\HishamMo\Desktop\999_cs\Quantum_Inpired_PSO_Classifcation\MRI_dataset\Adenomyosis in Gravid Uterus\Adenomyosis_in_Gravid_Uterus047.jpg,Adenomyosis in Gravid Uterus
C:\Users\HishamMo\Desktop\999_cs\Quantum_Inpired_PSO_Classifcation\MRI_dataset\Adenomyosis in Gravid Uterus\Adenomyosis_in_Gravid_Uterus048.jpg,Adenomyosis in Gravid Uterus
C:\Users\HishamMo\Desktop\999_cs\Quantum_Inpired_PSO_Classifcation\MRI_dataset\Adenomyosis in Gravid Uterus\Adenomyosis_in_Gravid_Uterus049.jpg,Adenomyosis in Gravid Uterus
C:\Users\HishamMo\Desktop\999_cs\Quantum_Inpired_PSO_Classifcation\MRI_dataset\Adenomyosis in Gravid Uterus\Adenomyosis_in_Gravid_Uterus050.jpg,Adenomyosis in Gravid Uterus
C:\Users\HishamMo\Desktop\999_cs\Quantum_Inpired_PSO_Classifcation\MRI_dataset\Adenomyosis in Gravid Uterus\Adenomyosis_in_Gravid_Uterus051.jpg,Adenomyosis in Gravid Uterus
C:\Users\HishamMo\Desktop\999_cs\Quantum_Inpired_PSO_Classifcation\MRI_dataset\Adenomyosis in Gravid Uterus\Adenomyosis_in_Gravid_Uterus052.jpg,Adenomyosis in Gravid Uterus
C:\Users\HishamMo\Desktop\999_cs\Quantum_Inpired_PSO_Classifcation\MRI_dataset\Adenomyosis in Gravid Uterus\Adenomyosis_in_Gravid_Uterus053.jpg,Adenomyosis in Gravid Uterus
C:\Users\HishamMo\Desktop\999_cs\Quantum_Inpired_PSO_Classifcation\MRI_dataset\Adenomyosis in Gravid Uterus\Adenomyosis_in_Gravid_Uterus054.jpg,Adenomyosis in Gravid Uterus
C:\Users\HishamMo\Desktop\999_cs\Quantum_Inpired_PSO_Classifcation\MRI_dataset\Adenomyosis in Gravid Uterus\Adenomyosis_in_Gravid_Uterus055.jpg,Adenomyosis in Gravid Uterus
C:\Users\HishamMo\Desktop\999_cs\Quantum_Inpired_PSO_Classifcation\MRI_dataset\Adenomyosis in Gravid Uterus\Adenomyosis_in_Gravid_Uterus056.jpg,Adenomyosis in Gravid Uterus
C:\Users\HishamMo\Desktop\999_cs\Quantum_Inpired_PSO_Classifcation\MRI_dataset\Adenomyosis in Gravid Uterus\Adenomyosis_in_Gravid_Uterus057.jpg,Adenomyosis in Gravid Uterus
C:\Users\HishamMo\Desktop\999_cs\Quantum_Inpired_PSO_Classifcation\MRI_dataset\Adenomyosis in Gravid Uterus\Adenomyosis_in_Gravid_Uterus058.jpg,Adenomyosis in Gravid Uterus
C:\Users\HishamMo\Desktop\999_cs\Quantum_Inpired_PSO_Classifcation\MRI_dataset\Adenomyosis in Gravid Uterus\Adenomyosis_in_Gravid_Uterus059.jpg,Adenomyosis in Gravid Uterus
C:\Users\HishamMo\Desktop\999_cs\Quantum_Inpired_PSO_Classifcation\MRI_dataset\Adenomyosis in Gravid Uterus\Adenomyosis_in_Gravid_Uterus060.jpg,Adenomyosis in Gravid Uterus
C:\Users\HishamMo\Desktop\999_cs\Quantum_Inpired_PSO_Classifcation\MRI_dataset\Adenomyosis in Gravid Uterus\Adenomyosis_in_Gravid_Uterus061.jpg,Adenomyosis in Gravid Uterus
C:\Users\HishamMo\Desktop\999_cs\Quantum_Inpired_PSO_Classifcation\MRI_dataset\Adenomyosis in Gravid Uterus\Adenomyosis_in_Gravid_Uterus062.jpg,Adenomyosis in Gravid Uterus
C:\Users\HishamMo\Desktop\999_cs\Quantum_Inpired_PSO_Classifcation\MRI_dataset\Adenomyosis in Gravid Uterus\Adenomyosis_in_Gravid_Uterus063.jpg,Adenomyosis in Gravid Uterus
C:\Users\HishamMo\Desktop\999_cs\Quantum_Inpired_PSO_Classifcation\MRI_dataset\Adenomyosis in Gravid Uterus\Adenomyosis_in_Gravid_Uterus064.jpg,Adenomyosis in Gravid Uterus
C:\Users\HishamMo\Desktop\999_cs\Quantum_Inpired_PSO_Classifcation\MRI_dataset\Adenomyosis in Gravid Uterus\Adenomyosis_in_Gravid_Uterus065.jpg,Adenomyosis in Gravid Uterus
C:\Users\HishamMo\Desktop\999_cs\Quantum_Inpired_PSO_Classifcation\MRI_dataset\Adenomyosis in Gravid Uterus\Adenomyosis_in_Gravid_Uterus066.jpg,Adenomyosis in Gravid Uterus
C:\Users\HishamMo\Desktop\999_cs\Quantum_Inpired_PSO_Classifcation\MRI_dataset\Adenomyosis in Gravid Uterus\Adenomyosis_in_Gravid_Uterus067.jpg,Adenomyosis in Gravid Uterus
C:\Users\HishamMo\Desktop\999_cs\Quantum_Inpired_PSO_Classifcation\MRI_dataset\Adenomyosis in Gravid Uterus\Adenomyosis_in_Gravid_Uterus068.jpg,Adenomyosis in Gravid Uterus
C:\Users\HishamMo\Desktop\999_cs\Quantum_Inpired_PSO_Classifcation\MRI_dataset\Adenomyosis in Gravid Uterus\Adenomyosis_in_Gravid_Uterus069.jpg,Adenomyosis in Gravid Uterus
C:\Users\HishamMo\Desktop\999_cs\Quantum_Inpired_PSO_Classifcation\MRI_dataset\Adenomyosis in Gravid Uterus\Adenomyosis_in_Gravid_Uterus070.jpg,Adenomyosis in Gravid Uterus
C:\Users\HishamMo\Desktop\999_cs\Quantum_Inpired_PSO_Classifcation\MRI_dataset\Adenomyosis in Gravid Uterus\Adenomyosis_in_Gravid_Uterus071.jpg,Adenomyosis in Gravid Uterus
C:\Users\HishamMo\Desktop\999_cs\Quantum_Inpired_PSO_Classifcation\MRI_dataset\Adenomyosis in Gravid Uterus\Adenomyosis_in_Gravid_Uterus072.jpg,Adenomyosis in Gravid Uterus
C:\Users\HishamMo\Desktop\999_cs\Quantum_Inpired_PSO_Classifcation\MRI_dataset\Adenomyosis in Gravid Uterus\Adenomyosis_in_Gravid_Uterus073.jpg,Adenomyosis in Gravid Uterus
C:\Users\HishamMo\Desktop\999_cs\Quantum_Inpired_PSO_Classifcation\MRI_dataset\Adenomyosis in Gravid Uterus\Adenomyosis_in_Gravid_Uterus074.jpg,Adenomyosis in Gravid Uterus
C:\Users\HishamMo\Desktop\999_cs\Quantum_Inpired_PSO_Classifcation\MRI_dataset\Adenomyosis in Gravid Uterus\Adenomyosis_in_Gravid_Uterus075.jpg,Adenomyosis in Gravid Uterus
C:\Users\HishamMo\Desktop\999_cs\Quantum_Inpired_PSO_Classifcation\MRI_dataset\Adenomyosis in Gravid Uterus\Adenomyosis_in_Gravid_Uterus076.jpg,Adenomyosis in Gravid Uterus
C:\Users\HishamMo\Desktop\999_cs\Quantum_Inpired_PSO_Classifcation\MRI_dataset\Adenomyosis in Gravid Uterus\Adenomyosis_in_Gravid_Uterus077.jpg,Adenomyosis in Gravid Uterus
C:\Users\HishamMo\Desktop\999_cs\Quantum_Inpired_PSO_Classifcation\MRI_dataset\Adenomyosis in Gravid Uterus\Adenomyosis_in_Gravid_Uterus078.jpg,Adenomyosis in Gravid Uterus
C:\Users\HishamMo\Desktop\999_cs\Quantum_Inpired_PSO_Classifcation\MRI_dataset\Adenomyosis in Gravid Uterus\Adenomyosis_in_Gravid_Uterus079.jpg,Adenomyosis in Gravid Uterus
C:\Users\HishamMo\Desktop\999_cs\Quantum_Inpired_PSO_Classifcation\MRI_dataset\Adenomyosis in Gravid Uterus\Adenomyosis_in_Gravid_Uterus080.jpg,Adenomyosis in Gravid Uterus
C:\Users\HishamMo\Desktop\999_cs\Quantum_Inpired_PSO_Classifcation\MRI_dataset\Adenomyosis in Gravid Uterus\Adenomyosis_in_Gravid_Uterus081.jpg,Adenomyosis in Gravid Uterus
C:\Users\HishamMo\Desktop\999_cs\Quantum_Inpired_PSO_Classifcation\MRI_dataset\Adenomyosis in Gravid Uterus\Adenomyosis_in_Gravid_Uterus082.jpg,Adenomyosis in Gravid Uterus
C:\Users\HishamMo\Desktop\999_cs\Quantum_Inpired_PSO_Classifcation\MRI_dataset\Adenomyosis in Gravid Uterus\Adenomyosis_in_Gravid_Uterus083.jpg,Adenomyosis in Gravid Uterus
C:\Users\HishamMo\Desktop\999_cs\Quantum_Inpired_PSO_Classifcation\MRI_dataset\Adenomyosis in Gravid Uterus\Adenomyosis_in_Gravid_Uterus084.jpg,Adenomyosis in Gravid Uterus
C:\Users\HishamMo\Desktop\999_cs\Quantum_Inpired_PSO_Classifcation\MRI_dataset\Adenomyosis in Gravid Uterus\Adenomyosis_in_Gravid_Uterus085.jpg,Adenomyosis in Gravid Uterus
C:\Users\HishamMo\Desktop\999_cs\Quantum_Inpired_PSO_Classifcation\MRI_dataset\Adenomyosis in Gravid Uterus\Adenomyosis_in_Gravid_Uterus086.jpg,Adenomyosis in Gravid Uterus
C:\Users\HishamMo\Desktop\999_cs\Quantum_Inpired_PSO_Classifcation\MRI_dataset\Adenomyosis in Gravid Uterus\Adenomyosis_in_Gravid_Uterus087.jpg,Adenomyosis in Gravid Uterus
C:\Users\HishamMo\Desktop\999_cs\Quantum_Inpired_PSO_Classifcation\MRI_dataset\Adenomyosis in Gravid Uterus\Adenomyosis_in_Gravid_Uterus088.jpg,Adenomyosis in Gravid Uterus
C:\Users\HishamMo\Desktop\999_cs\Quantum_Inpired_PSO_Classifcation\MRI_dataset\Adenomyosis in Gravid Uterus\Adenomyosis_in_Gravid_Uterus089.jpg,Adenomyosis in Gravid Uterus
C:\Users\HishamMo\Desktop\999_cs\Quantum_Inpired_PSO_Classifcation\MRI_dataset\Adenomyosis in Gravid Uterus\Adenomyosis_in_Gravid_Uterus090.jpg,Adenomyosis in Gravid Uterus
C:\Users\HishamMo\Desktop\999_cs\Quantum_Inpired_PSO_Classifcation\MRI_dataset\Adenomyosis in Gravid Uterus\Adenomyosis_in_Gravid_Uterus091.jpg,Adenomyosis in Gravid Uterus
C:\Users\HishamMo\Desktop\999_cs\Quantum_Inpired_PSO_Classifcation\MRI_dataset\Adenomyosis in Gravid Uterus\Adenomyosis_in_Gravid_Uterus092.jpg,Adenomyosis in Gravid Uterus
C:\Users\HishamMo\Desktop\999_cs\Quantum_Inpired_PSO_Classifcation\MRI_dataset\Adenomyosis in Gravid Uterus\Adenomyosis_in_Gravid_Uterus093.jpg,Adenomyosis in Gravid Uterus
C:\Users\HishamMo\Desktop\999_cs\Quantum_Inpired_PSO_Classifcation\MRI_dataset\Adenomyosis in Gravid Uterus\Adenomyosis_in_Gravid_Uterus094.jpg,Adenomyosis in Gravid Uterus
C:\Users\HishamMo\Desktop\999_cs\Quantum_Inpired_PSO_Classifcation\MRI_dataset\Adenomyosis in Gravid Uterus\Adenomyosis_in_Gravid_Uterus095.jpg,Adenomyosis in Gravid Uterus
C:\Users\HishamMo\Desktop\999_cs\Quantum_Inpired_PSO_Classifcation\MRI_dataset\Adenomyosis in Gravid Uterus\Adenomyosis_in_Gravid_Uterus096.jpg,Adenomyosis in Gravid Uterus
C:\Users\HishamMo\Desktop\999_cs\Quantum_Inpired_PSO_Classifcation\MRI_dataset\Adenomyosis in Gravid Uterus\Adenomyosis_in_Gravid_Uterus097.jpg,Adenomyosis in Gravid Uterus
C:\Users\HishamMo\Desktop\999_cs\Quantum_Inpired_PSO_Classifcation\MRI_dataset\Adenomyosis in Gravid Uterus\Adenomyosis_in_Gravid_Uterus098.jpg,Adenomyosis in Gravid Uterus
C:\Users\HishamMo\Desktop\999_cs\Quantum_Inpired_PSO_Classifcation\MRI_dataset\Adenomyosis in Gravid Uterus\Adenomyosis_in_Gravid_Uterus099.jpg,Adenomyosis in Gravid Uterus
C:\Users\HishamMo\Desktop\999_cs\Quantum_Inpired_PSO_Classifcation\MRI_dataset\Adenomyosis in Gravid Uterus\Adenomyosis_in_Gravid_Uterus100.jpg,Adenomyosis in Gravid Uterus
C:\Users\HishamMo\Desktop\999_cs\Quantum_Inpired_PSO_Classifcation\MRI_dataset\Adenomyosis in Gravid Uterus\Adenomyosis_in_Gravid_Uterus101.jpg,Adenomyosis in Gravid Uterus
C:\Users\HishamMo\Desktop\999_cs\Quantum_Inpired_PSO_Classifcation\MRI_dataset\Adenomyosis in Gravid Uterus\Adenomyosis_in_Gravid_Uterus102.jpg,Adenomyosis in Gravid Uterus
C:\Users\HishamMo\Desktop\999_cs\Quantum_Inpired_PSO_Classifcation\MRI_dataset\Adenomyosis in Gravid Uterus\Adenomyosis_in_Gravid_Uterus103.jpg,Adenomyosis in Gravid Uterus
C:\Users\HishamMo\Desktop\999_cs\Quantum_Inpired_PSO_Classifcation\MRI_dataset\Adenomyosis in Gravid Uterus\Adenomyosis_in_Gravid_Uterus104.jpg,Adenomyosis in Gravid Uterus
C:\Users\HishamMo\Desktop\999_cs\Quantum_Inpired_PSO_Classifcation\MRI_dataset\Adenomyosis in Gravid Uterus\Adenomyosis_in_Gravid_Uterus105.jpg,Adenomyosis in Gravid Uterus
C:\Users\HishamMo\Desktop\999_cs\Quantum_Inpired_PSO_Classifcation\MRI_dataset\Adenomyosis in Gravid Uterus\Adenomyosis_in_Gravid_Uterus106.jpg,Adenomyosis in Gravid Uterus
C:\Users\HishamMo\Desktop\999_cs\Quantum_Inpired_PSO_Classifcation\MRI_dataset\Adenomyosis in Gravid Uterus\Adenomyosis_in_Gravid_Uterus107.jpg,Adenomyosis in Gravid Uterus
C:\Users\HishamMo\Desktop\999_cs\Quantum_Inpired_PSO_Classifcation\MRI_dataset\Adenomyosis in Gravid Uterus\Adenomyosis_in_Gravid_Uterus108.jpg,Adenomyosis in Gravid Uterus
C:\Users\HishamMo\Desktop\999_cs\Quantum_Inpired_PSO_Classifcation\MRI_dataset\Adenomyosis in Gravid Uterus\Adenomyosis_in_Gravid_Uterus109.jpg,Adenomyosis in Gravid Uterus
C:\Users\HishamMo\Desktop\999_cs\Quantum_Inpired_PSO_Classifcation\MRI_dataset\Adenomyosis in Gravid Uterus\Adenomyosis_in_Gravid_Uterus110.jpg,Adenomyosis in Gravid Uterus
C:\Users\HishamMo\Desktop\999_cs\Quantum_Inpired_PSO_Classifcation\MRI_dataset\Adenomyosis in Gravid Uterus\Adenomyosis_in_Gravid_Uterus111.jpg,Adenomyosis in Gravid Uterus
C:\Users\HishamMo\Desktop\999_cs\Quantum_Inpired_PSO_Classifcation\MRI_dataset\Adenomyosis in Gravid Uterus\Adenomyosis_in_Gravid_Uterus112.jpg,Adenomyosis in Gravid Uterus
C:\Users\HishamMo\Desktop\999_cs\Quantum_Inpired_PSO_Classifcation\MRI_dataset\Adenomyosis in Gravid Uterus\Adenomyosis_in_Gravid_Uterus113.jpg,Adenomyosis in Gravid Uterus
C:\Users\HishamMo\Desktop\999_cs\Quantum_Inpired_PSO_Classifcation\MRI_dataset\Adenomyosis in Gravid Uterus\Adenomyosis_in_Gravid_Uterus114.jpg,Adenomyosis in Gravid Uterus
C:\Users\HishamMo\Desktop\999_cs\Quantum_Inpired_PSO_Classifcation\MRI_dataset\Adenomyosis in Gravid Uterus\Adenomyosis_in_Gravid_Uterus115.jpg,Adenomyosis in Gravid Uterus
C:\Users\HishamMo\Desktop\999_cs\Quantum_Inpired_PSO_Classifcation\MRI_dataset\Adenomyosis in Gravid Uterus\Adenomyosis_in_Gravid_Uterus116.jpg,Adenomyosis in Gravid Uterus
C:\Users\HishamMo\Desktop\999_cs\Quantum_Inpired_PSO_Classifcation\MRI_dataset\Adenomyosis in Gravid Uterus\Adenomyosis_in_Gravid_Uterus117.jpg,Adenomyosis in Gravid Uterus
C:\Users\HishamMo\Desktop\999_cs\Quantum_Inpired_PSO_Classifcation\MRI_dataset\Adenomyosis in Gravid Uterus\Adenomyosis_in_Gravid_Uterus118.jpg,Adenomyosis in Gravid Uterus
C:\Users\HishamMo\Desktop\999_cs\Quantum_Inpired_PSO_Classifcation\MRI_dataset\Adenomyosis in Gravid Uterus\Adenomyosis_in_Gravid_Uterus119.jpg,Adenomyosis in Gravid Uterus
C:\Users\HishamMo\Desktop\999_cs\Quantum_Inpired_PSO_Classifcation\MRI_dataset\Adenomyosis in Gravid Uterus\Adenomyosis_in_Gravid_Uterus120.jpg,Adenomyosis in Gravid Uterus
C:\Users\HishamMo\Desktop\999_cs\Quantum_Inpired_PSO_Classifcation\MRI_dataset\Adenomyosis in Gravid Uterus\Adenomyosis_in_Gravid_Uterus121.jpg,Adenomyosis in Gravid Uterus
C:\Users\HishamMo\Desktop\999_cs\Quantum_Inpired_PSO_Classifcation\MRI_dataset\Adenomyosis in Gravid Uterus\Adenomyosis_in_Gravid_Uterus122.jpg,Adenomyosis in Gravid Uterus
C:\Users\HishamMo\Desktop\999_cs\Quantum_Inpired_PSO_Classifcation\MRI_dataset\Adenomyosis in Gravid Uterus\Adenomyosis_in_Gravid_Uterus123.jpg,Adenomyosis in Gravid Uterus
C:\Users\HishamMo\Desktop\999_cs\Quantum_Inpired_PSO_Classifcation\MRI_dataset\Adenomyosis in Gravid Uterus\Adenomyosis_in_Gravid_Uterus124.jpg,Adenomyosis in Gravid Uterus
C:\Users\HishamMo\Desktop\999_cs\Quantum_Inpired_PSO_Classifcation\MRI_dataset\Adenomyosis in Gravid Uterus\Adenomyosis_in_Gravid_Uterus125.jpg,Adenomyosis in Gravid Uterus
C:\Users\HishamMo\Desktop\999_cs\Quantum_Inpired_PSO_Classifcation\MRI_dataset\Adenomyosis in Gravid Uterus\Adenomyosis_in_Gravid_Uterus126.jpg,Adenomyosis in Gravid Uterus
C:\Users\HishamMo\Desktop\999_cs\Quantum_Inpired_PSO_Classifcation\MRI_dataset\Adenomyosis in Gravid Uterus\Adenomyosis_in_Gravid_Uterus127.jpg,Adenomyosis in Gravid Uterus
C:\Users\HishamMo\Desktop\999_cs\Quantum_Inpired_PSO_Classifcation\MRI_dataset\Adenomyosis in Gravid Uterus\Adenomyosis_in_Gravid_Uterus128.jpg,Adenomyosis in Gravid Uterus
C:\Users\HishamMo\Desktop\999_cs\Quantum_Inpired_PSO_Classifcation\MRI_dataset\Adenomyosis in Gravid Uterus\Adenomyosis_in_Gravid_Uterus129.jpg,Adenomyosis in Gravid Uterus
C:\Users\HishamMo\Desktop\999_cs\Quantum_Inpired_PSO_Classifcation\MRI_dataset\Adenomyosis in Gravid Uterus\Adenomyosis_in_Gravid_Uterus130.jpg,Adenomyosis in Gravid Uterus
C:\Users\HishamMo\Desktop\999_cs\Quantum_Inpired_PSO_Classifcation\MRI_dataset\Adenomyosis in Gravid Uterus\Adenomyosis_in_Gravid_Uterus131.jpg,Adenomyosis in Gravid Uterus
C:\Users\HishamMo\Desktop\999_cs\Quantum_Inpired_PSO_Classifcation\MRI_dataset\Adenomyosis in Gravid Uterus\Adenomyosis_in_Gravid_Uterus132.jpg,Adenomyosis in Gravid Uterus
C:\Users\HishamMo\Desktop\999_cs\Quantum_Inpired_PSO_Classifcation\MRI_dataset\Adenomyosis in Gravid Uterus\Adenomyosis_in_Gravid_Uterus133.jpg,Adenomyosis in Gravid Uterus
C:\Users\HishamMo\Desktop\999_cs\Quantum_Inpired_PSO_Classifcation\MRI_dataset\Adenomyosis in Gravid Uterus\Adenomyosis_in_Gravid_Uterus134.jpg,Adenomyosis in Gravid Uterus
C:\Users\HishamMo\Desktop\999_cs\Quantum_Inpired_PSO_Classifcation\MRI_dataset\Adenomyosis in Gravid Uterus\Adenomyosis_in_Gravid_Uterus135.jpg,Adenomyosis in Gravid Uterus
C:\Users\HishamMo\Desktop\999_cs\Quantum_Inpired_PSO_Classifcation\MRI_dataset\Adenomyosis in Gravid Uterus\Adenomyosis_in_Gravid_Uterus136.jpg,Adenomyosis in Gravid Uterus
C:\Users\HishamMo\Desktop\999_cs\Quantum_Inpired_PSO_Classifcation\MRI_dataset\Adenomyosis in Gravid Uterus\Adenomyosis_in_Gravid_Uterus137.jpg,Adenomyosis in Gravid Uterus
C:\Users\HishamMo\Desktop\999_cs\Quantum_Inpired_PSO_Classifcation\MRI_dataset\Adenomyosis in Gravid Uterus\Adenomyosis_in_Gravid_Uterus138.jpg,Adenomyosis in Gravid Uterus
C:\Users\HishamMo\Desktop\999_cs\Quantum_Inpired_PSO_Classifcation\MRI_dataset\Adenomyosis in Gravid Uterus\Adenomyosis_in_Gravid_Uterus139.jpg,Adenomyosis in Gravid Uterus
C:\Users\HishamMo\Desktop\999_cs\Quantum_Inpired_PSO_Classifcation\MRI_dataset\Adenomyosis in Gravid Uterus\Adenomyosis_in_Gravid_Uterus140.jpg,Adenomyosis in Gravid Uterus
C:\Users\HishamMo\Desktop\999_cs\Quantum_Inpired_PSO_Classifcation\MRI_dataset\Adenomyosis in Gravid Uterus\Adenomyosis_in_Gravid_Uterus141.jpg,Adenomyosis in Gravid Uterus
C:\Users\HishamMo\Desktop\999_cs\Quantum_Inpired_PSO_Classifcation\MRI_dataset\Adenomyosis in Gravid Uterus\Adenomyosis_in_Gravid_Uterus142.jpg,Adenomyosis in Gravid Uterus
C:\Users\HishamMo\Desktop\999_cs\Quantum_Inpired_PSO_Classifcation\MRI_dataset\Adenomyosis in Gravid Uterus\Adenomyosis_in_Gravid_Uterus143.jpg,Adenomyosis in Gravid Uterus
C:\Users\HishamMo\Desktop\999_cs\Quantum_Inpired_PSO_Classifcation\MRI_dataset\Adenomyosis in Gravid Uterus\Adenomyosis_in_Gravid_Uterus144.jpg,Adenomyosis in Gravid Uterus
C:\Users\HishamMo\Desktop\999_cs\Quantum_Inpired_PSO_Classifcation\MRI_dataset\Adenomyosis in Gravid Uterus\Adenomyosis_in_Gravid_Uterus145.jpg,Adenomyosis in Gravid Uterus
C:\Users\HishamMo\Desktop\999_cs\Quantum_Inpired_PSO_Classifcation\MRI_dataset\Adenomyosis in Gravid Uterus\Adenomyosis_in_Gravid_Uterus146.jpg,Adenomyosis in Gravid Uterus
C:\Users\HishamMo\Desktop\999_cs\Quantum_Inpired_PSO_Classifcation\MRI_dataset\Adenomyosis in Gravid Uterus\Adenomyosis_in_Gravid_Uterus147.jpg,Adenomyosis in Gravid Uterus
C:\Users\HishamMo\Desktop\999_cs\Quantum_Inpired_PSO_Classifcation\MRI_dataset\Adenomyosis in Gravid Uterus\Adenomyosis_in_Gravid_Uterus148.jpg,Adenomyosis in Gravid Uterus
C:\Users\HishamMo\Desktop\999_cs\Quantum_Inpired_PSO_Classifcation\MRI_dataset\Adenomyosis in Gravid Uterus\Adenomyosis_in_Gravid_Uterus149.jpg,Adenomyosis in Gravid Uterus
C:\Users\HishamMo\Desktop\999_cs\Quantum_Inpired_PSO_Classifcation\MRI_dataset\Adenomyosis in Gravid Uterus\Adenomyosis_in_Gravid_Uterus150.jpg,Adenomyosis in Gravid Uterus
C:\Users\HishamMo\Desktop\999_cs\Quantum_Inpired_PSO_Classifcation\MRI_dataset\Adenomyosis in Gravid Uterus\Adenomyosis_in_Gravid_Uterus151.jpg,Adenomyosis in Gravid Uterus
C:\Users\HishamMo\Desktop\999_cs\Quantum_Inpired_PSO_Classifcation\MRI_dataset\Adenomyosis in Gravid Uterus\Adenomyosis_in_Gravid_Uterus152.jpg,Adenomyosis in Gravid Uterus
C:\Users\HishamMo\Desktop\999_cs\Quantum_Inpired_PSO_Classifcation\MRI_dataset\Adenomyosis in Gravid Uterus\Adenomyosis_in_Gravid_Uterus153.jpg,Adenomyosis in Gravid Uterus
C:\Users\HishamMo\Desktop\999_cs\Quantum_Inpired_PSO_Classifcation\MRI_dataset\Adenomyosis in Gravid Uterus\Adenomyosis_in_Gravid_Uterus154.jpg,Adenomyosis in Gravid Uterus
C:\Users\HishamMo\Desktop\999_cs\Quantum_Inpired_PSO_Classifcation\MRI_dataset\Adenomyosis in Gravid Uterus\Adenomyosis_in_Gravid_Uterus155.jpg,Adenomyosis in Gravid Uterus
C:\Users\HishamMo\Desktop\999_cs\Quantum_Inpired_PSO_Classifcation\MRI_dataset\Adenomyosis in Gravid Uterus\Adenomyosis_in_Gravid_Uterus156.jpg,Adenomyosis in Gravid Uterus
C:\Users\HishamMo\Desktop\999_cs\Quantum_Inpired_PSO_Classifcation\MRI_dataset\Adenomyosis in Gravid Uterus\Adenomyosis_in_Gravid_Uterus157.jpg,Adenomyosis in Gravid Uterus
C:\Users\HishamMo\Desktop\999_cs\Quantum_Inpired_PSO_Classifcation\MRI_dataset\Adenomyosis in Gravid Uterus\Adenomyosis_in_Gravid_Uterus158.jpg,Adenomyosis in Gravid Uterus
C:\Users\HishamMo\Desktop\999_cs\Quantum_Inpired_PSO_Classifcation\MRI_dataset\Adenomyosis in Gravid Uterus\Adenomyosis_in_Gravid_Uterus159.jpg,Adenomyosis in Gravid Uterus
C:\Users\HishamMo\Desktop\999_cs\Quantum_Inpired_PSO_Classifcation\MRI_dataset\Adenomyosis in Gravid Uterus\Adenomyosis_in_Gravid_Uterus160.jpg,Adenomyosis in Gravid Uterus
C:\Users\HishamMo\Desktop\999_cs\Quantum_Inpired_PSO_Classifcation\MRI_dataset\Adenomyosis in Gravid Uterus\Adenomyosis_in_Gravid_Uterus161.jpg,Adenomyosis in Gravid Uterus
C:\Users\HishamMo\Desktop\999_cs\Quantum_Inpired_PSO_Classifcation\MRI_dataset\Adenomyosis in Gravid Uterus\Adenomyosis_in_Gravid_Uterus162.jpg,Adenomyosis in Gravid Uterus
C:\Users\HishamMo\Desktop\999_cs\Quantum_Inpired_PSO_Classifcation\MRI_dataset\Adenomyosis in Gravid Uterus\Adenomyosis_in_Gravid_Uterus163.jpg,Adenomyosis in Gravid Uterus
C:\Users\HishamMo\Desktop\999_cs\Quantum_Inpired_PSO_Classifcation\MRI_dataset\Adenomyosis in Gravid Uterus\Adenomyosis_in_Gravid_Uterus164.jpg,Adenomyosis in Gravid Uterus
C:\Users\HishamMo\Desktop\999_cs\Quantum_Inpired_PSO_Classifcation\MRI_dataset\Adenomyosis in Gravid Uterus\Adenomyosis_in_Gravid_Uterus165.jpg,Adenomyosis in Gravid Uterus
C:\Users\HishamMo\Desktop\999_cs\Quantum_Inpired_PSO_Classifcation\MRI_dataset\Adenomyosis in Gravid Uterus\Adenomyosis_in_Gravid_Uterus166.jpg,Adenomyosis in Gravid Uterus
C:\Users\HishamMo\Desktop\999_cs\Quantum_Inpired_PSO_Classifcation\MRI_dataset\Adenomyosis in Gravid Uterus\Adenomyosis_in_Gravid_Uterus167.jpg,Adenomyosis in Gravid Uterus
C:\Users\HishamMo\Desktop\999_cs\Quantum_Inpired_PSO_Classifcation\MRI_dataset\Adenomyosis in Gravid Uterus\Adenomyosis_in_Gravid_Uterus168.jpg,Adenomyosis in Gravid Uterus
C:\Users\HishamMo\Desktop\999_cs\Quantum_Inpired_PSO_Classifcation\MRI_dataset\Adenomyosis in Gravid Uterus\Adenomyosis_in_Gravid_Uterus169.jpg,Adenomyosis in Gravid Uterus
C:\Users\HishamMo\Desktop\999_cs\Quantum_Inpired_PSO_Classifcation\MRI_dataset\Adenomyosis in Gravid Uterus\Adenomyosis_in_Gravid_Uterus170.jpg,Adenomyosis in Gravid Uterus
C:\Users\HishamMo\Desktop\999_cs\Quantum_Inpired_PSO_Classifcation\MRI_dataset\Adenomyosis in Gravid Uterus\Adenomyosis_in_Gravid_Uterus171.jpg,Adenomyosis in Gravid Uterus
C:\Users\HishamMo\Desktop\999_cs\Quantum_Inpired_PSO_Classifcation\MRI_dataset\Adenomyosis in Gravid Uterus\Adenomyosis_in_Gravid_Uterus172.jpg,Adenomyosis in Gravid Uterus
C:\Users\HishamMo\Desktop\999_cs\Quantum_Inpired_PSO_Classifcation\MRI_dataset\Adenomyosis in Gravid Uterus\Adenomyosis_in_Gravid_Uterus173.jpg,Adenomyosis in Gravid Uterus
C:\Users\HishamMo\Desktop\999_cs\Quantum_Inpired_PSO_Classifcation\MRI_dataset\Adenomyosis in Gravid Uterus\Adenomyosis_in_Gravid_Uterus174.jpg,Adenomyosis in Gravid Uterus
C:\Users\HishamMo\Desktop\999_cs\Quantum_Inpired_PSO_Classifcation\MRI_dataset\Adenomyosis in Gravid Uterus\Adenomyosis_in_Gravid_Uterus175.jpg,Adenomyosis in Gravid Uterus
C:\Users\HishamMo\Desktop\999_cs\Quantum_Inpired_PSO_Classifcation\MRI_dataset\Adenomyosis in Gravid Uterus\Adenomyosis_in_Gravid_Uterus176.jpg,Adenomyosis in Gravid Uterus
C:\Users\HishamMo\Desktop\999_cs\Quantum_Inpired_PSO_Classifcation\MRI_dataset\Adenomyosis in Gravid Uterus\Adenomyosis_in_Gravid_Uterus177.jpg,Adenomyosis in Gravid Uterus
C:\Users\HishamMo\Desktop\999_cs\Quantum_Inpired_PSO_Classifcation\MRI_dataset\Adenomyosis in Gravid Uterus\Adenomyosis_in_Gravid_Uterus178.jpg,Adenomyosis in Gravid Uterus
C:\Users\HishamMo\Desktop\999_cs\Quantum_Inpired_PSO_Classifcation\MRI_dataset\Adenomyosis in Gravid Uterus\Adenomyosis_in_Gravid_Uterus179.jpg,Adenomyosis in Gravid Uterus
C:\Users\HishamMo\Desktop\999_cs\Quantum_Inpired_PSO_Classifcation\MRI_dataset\Adenomyosis in Gravid Uterus\Adenomyosis_in_Gravid_Uterus180.jpg,Adenomyosis in Gravid Uterus
C:\Users\HishamMo\Desktop\999_cs\Quantum_Inpired_PSO_Classifcation\MRI_dataset\Adenomyosis in Gravid Uterus\Adenomyosis_in_Gravid_Uterus181.jpg,Adenomyosis in Gravid Uterus
C:\Users\HishamMo\Desktop\999_cs\Quantum_Inpired_PSO_Classifcation\MRI_dataset\Adenomyosis in Gravid Uterus\Adenomyosis_in_Gravid_Uterus182.jpg,Adenomyosis in Gravid Uterus
C:\Users\HishamMo\Desktop\999_cs\Quantum_Inpired_PSO_Classifcation\MRI_dataset\Adenomyosis in Gravid Uterus\Adenomyosis_in_Gravid_Uterus183.jpg,Adenomyosis in Gravid Uterus
C:\Users\HishamMo\Desktop\999_cs\Quantum_Inpired_PSO_Classifcation\MRI_dataset\Adenomyosis in Gravid Uterus\Adenomyosis_in_Gravid_Uterus184.jpg,Adenomyosis in Gravid Uterus
C:\Users\HishamMo\Desktop\999_cs\Quantum_Inpired_PSO_Classifcation\MRI_dataset\Adenomyosis in Gravid Uterus\Adenomyosis_in_Gravid_Uterus185.jpg,Adenomyosis in Gravid Uterus
C:\Users\HishamMo\Desktop\999_cs\Quantum_Inpired_PSO_Classifcation\MRI_dataset\Adenomyosis in Gravid Uterus\Adenomyosis_in_Gravid_Uterus186.jpg,Adenomyosis in Gravid Uterus
C:\Users\HishamMo\Desktop\999_cs\Quantum_Inpired_PSO_Classifcation\MRI_dataset\Adenomyosis in Gravid Uterus\Adenomyosis_in_Gravid_Uterus187.jpg,Adenomyosis in Gravid Uterus
C:\Users\HishamMo\Desktop\999_cs\Quantum_Inpired_PSO_Classifcation\MRI_dataset\Adenomyosis in Gravid Uterus\Adenomyosis_in_Gravid_Uterus188.jpg,Adenomyosis in Gravid Uterus
C:\Users\HishamMo\Desktop\999_cs\Quantum_Inpired_PSO_Classifcation\MRI_dataset\Adenomyosis in Gravid Uterus\Adenomyosis_in_Gravid_Uterus189.jpg,Adenomyosis in Gravid Uterus
C:\Users\HishamMo\Desktop\999_cs\Quantum_Inpired_PSO_Classifcation\MRI_dataset\Adenomyosis in Gravid Uterus\Adenomyosis_in_Gravid_Uterus190.jpg,Adenomyosis in Gravid Uterus
C:\Users\HishamMo\Desktop\999_cs\Quantum_Inpired_PSO_Classifcation\MRI_dataset\Adenomyosis in Gravid Uterus\Adenomyosis_in_Gravid_Uterus191.jpg,Adenomyosis in Gravid Uterus
C:\Users\HishamMo\Desktop\999_cs\Quantum_Inpired_PSO_Classifcation\MRI_dataset\Adenomyosis in Gravid Uterus\Adenomyosis_in_Gravid_Uterus192.jpg,Adenomyosis in Gravid Uterus
C:\Users\HishamMo\Desktop\999_cs\Quantum_Inpired_PSO_Classifcation\MRI_dataset\Adenomyosis in Gravid Uterus\Adenomyosis_in_Gravid_Uterus193.jpg,Adenomyosis in Gravid Uterus
C:\Users\HishamMo\Desktop\999_cs\Quantum_Inpired_PSO_Classifcation\MRI_dataset\Adenomyosis in Gravid Uterus\Adenomyosis_in_Gravid_Uterus194.jpg,Adenomyosis in Gravid Uterus
C:\Users\HishamMo\Desktop\999_cs\Quantum_Inpired_PSO_Classifcation\MRI_dataset\Adenomyosis in Gravid Uterus\Adenomyosis_in_Gravid_Uterus195.jpg,Adenomyosis in Gravid Uterus
C:\Users\HishamMo\Desktop\999_cs\Quantum_Inpired_PSO_Classifcation\MRI_dataset\Adenomyosis in Gravid Uterus\Adenomyosis_in_Gravid_Uterus196.jpg,Adenomyosis in Gravid Uterus
C:\Users\HishamMo\Desktop\999_cs\Quantum_Inpired_PSO_Classifcation\MRI_dataset\Adenomyosis in Gravid Uterus\Adenomyosis_in_Gravid_Uterus197.jpg,Adenomyosis in Gravid Uterus
C:\Users\HishamMo\Desktop\999_cs\Quantum_Inpired_PSO_Classifcation\MRI_dataset\Adenomyosis in Gravid Uterus\Adenomyosis_in_Gravid_Uterus198.jpg,Adenomyosis in Gravid Uterus
C:\Users\HishamMo\Desktop\999_cs\Quantum_Inpired_PSO_Classifcation\MRI_dataset\Adenomyosis in Gravid Uterus\Adenomyosis_in_Gravid_Uterus199.jpg,Adenomyosis in Gravid Uterus
C:\Users\HishamMo\Desktop\999_cs\Quantum_Inpired_PSO_Classifcation\MRI_dataset\Adenomyosis in Gravid Uterus\Adenomyosis_in_Gravid_Uterus200.jpg,Adenomyosis in Gravid Uterus
C:\Users\HishamMo\Desktop\999_cs\Quantum_Inpired_PSO_Classifcation\MRI_dataset\Adenomyosis in Gravid Uterus\Adenomyosis_in_Gravid_Uterus201.jpg,Adenomyosis in Gravid Uterus
C:\Users\HishamMo\Desktop\999_cs\Quantum_Inpired_PSO_Classifcation\MRI_dataset\Adenomyosis in Gravid Uterus\Adenomyosis_in_Gravid_Uterus202.jpg,Adenomyosis in Gravid Uterus
C:\Users\HishamMo\Desktop\999_cs\Quantum_Inpired_PSO_Classifcation\MRI_dataset\Adenomyosis in Gravid Uterus\Adenomyosis_in_Gravid_Uterus203.jpg,Adenomyosis in Gravid Uterus
C:\Users\HishamMo\Desktop\999_cs\Quantum_Inpired_PSO_Classifcation\MRI_dataset\Adenomyosis in Gravid Uterus\Adenomyosis_in_Gravid_Uterus204.jpg,Adenomyosis in Gravid Uterus
C:\Users\HishamMo\Desktop\999_cs\Quantum_Inpired_PSO_Classifcation\MRI_dataset\Adenomyosis in Gravid Uterus\Adenomyosis_in_Gravid_Uterus205.jpg,Adenomyosis in Gravid Uterus
C:\Users\HishamMo\Desktop\999_cs\Quantum_Inpired_PSO_Classifcation\MRI_dataset\Adenomyosis in Gravid Uterus\Adenomyosis_in_Gravid_Uterus206.jpg,Adenomyosis in Gravid Uterus
C:\Users\HishamMo\Desktop\999_cs\Quantum_Inpired_PSO_Classifcation\MRI_dataset\Adenomyosis in Gravid Uterus\Adenomyosis_in_Gravid_Uterus207.jpg,Adenomyosis in Gravid Uterus
C:\Users\HishamMo\Desktop\999_cs\Quantum_Inpired_PSO_Classifcation\MRI_dataset\Adenomyosis in Gravid Uterus\Adenomyosis_in_Gravid_Uterus208.jpg,Adenomyosis in Gravid Uterus
C:\Users\HishamMo\Desktop\999_cs\Quantum_Inpired_PSO_Classifcation\MRI_dataset\Adenomyosis in Gravid Uterus\Adenomyosis_in_Gravid_Uterus209.jpg,Adenomyosis in Gravid Uterus
C:\Users\HishamMo\Desktop\999_cs\Quantum_Inpired_PSO_Classifcation\MRI_dataset\Adenomyosis in Gravid Uterus\Adenomyosis_in_Gravid_Uterus210.jpg,Adenomyosis in Gravid Uterus
C:\Users\HishamMo\Desktop\999_cs\Quantum_Inpired_PSO_Classifcation\MRI_dataset\Adenomyosis in Gravid Uterus\Adenomyosis_in_Gravid_Uterus211.jpg,Adenomyosis in Gravid Uterus
C:\Users\HishamMo\Desktop\999_cs\Quantum_Inpired_PSO_Classifcation\MRI_dataset\Adenomyosis in Gravid Uterus\Adenomyosis_in_Gravid_Uterus212.jpg,Adenomyosis in Gravid Uterus
C:\Users\HishamMo\Desktop\999_cs\Quantum_Inpired_PSO_Classifcation\MRI_dataset\Adenomyosis in Gravid Uterus\Adenomyosis_in_Gravid_Uterus213.jpg,Adenomyosis in Gravid Uterus
C:\Users\HishamMo\Desktop\999_cs\Quantum_Inpired_PSO_Classifcation\MRI_dataset\Adenomyosis in Gravid Uterus\Adenomyosis_in_Gravid_Uterus214.jpg,Adenomyosis in Gravid Uterus
C:\Users\HishamMo\Desktop\999_cs\Quantum_Inpired_PSO_Classifcation\MRI_dataset\Adenomyosis in Gravid Uterus\Adenomyosis_in_Gravid_Uterus215.jpg,Adenomyosis in Gravid Uterus
C:\Users\HishamMo\Desktop\999_cs\Quantum_Inpired_PSO_Classifcation\MRI_dataset\Adenomyosis in Gravid Uterus\Adenomyosis_in_Gravid_Uterus216.jpg,Adenomyosis in Gravid Uterus
C:\Users\HishamMo\Desktop\999_cs\Quantum_Inpired_PSO_Classifcation\MRI_dataset\Adenomyosis in Gravid Uterus\Adenomyosis_in_Gravid_Uterus217.jpg,Adenomyosis in Gravid Uterus
C:\Users\HishamMo\Desktop\999_cs\Quantum_Inpired_PSO_Classifcation\MRI_dataset\Adenomyosis in Gravid Uterus\Adenomyosis_in_Gravid_Uterus218.jpg,Adenomyosis in Gravid Uterus
C:\Users\HishamMo\Desktop\999_cs\Quantum_Inpired_PSO_Classifcation\MRI_dataset\Adenomyosis in Gravid Uterus\Adenomyosis_in_Gravid_Uterus219.jpg,Adenomyosis in Gravid Uterus
C:\Users\HishamMo\Desktop\999_cs\Quantum_Inpired_PSO_Classifcation\MRI_dataset\Adenomyosis in Gravid Uterus\Adenomyosis_in_Gravid_Uterus220.jpg,Adenomyosis in Gravid Uterus
C:\Users\HishamMo\Desktop\999_cs\Quantum_Inpired_PSO_Classifcation\MRI_dataset\Adenomyosis in Gravid Uterus\Adenomyosis_in_Gravid_Uterus221.jpg,Adenomyosis in Gravid Uterus
C:\Users\HishamMo\Desktop\999_cs\Quantum_Inpired_PSO_Classifcation\MRI_dataset\Adenomyosis in Gravid Uterus\Adenomyosis_in_Gravid_Uterus222.jpg,Adenomyosis in Gravid Uterus
C:\Users\HishamMo\Desktop\999_cs\Quantum_Inpired_PSO_Classifcation\MRI_dataset\Adenomyosis in Gravid Uterus\Adenomyosis_in_Gravid_Uterus223.jpg,Adenomyosis in Gravid Uterus
C:\Users\HishamMo\Desktop\999_cs\Quantum_Inpired_PSO_Classifcation\MRI_dataset\Adenomyosis in Gravid Uterus\Adenomyosis_in_Gravid_Uterus224.jpg,Adenomyosis in Gravid Uterus
C:\Users\HishamMo\Desktop\999_cs\Quantum_Inpired_PSO_Classifcation\MRI_dataset\Adenomyosis in Gravid Uterus\Adenomyosis_in_Gravid_Uterus225.jpg,Adenomyosis in Gravid Uterus
C:\Users\HishamMo\Desktop\999_cs\Quantum_Inpired_PSO_Classifcation\MRI_dataset\Adenomyosis in Gravid Uterus\Adenomyosis_in_Gravid_Uterus226.jpg,Adenomyosis in Gravid Uterus
C:\Users\HishamMo\Desktop\999_cs\Quantum_Inpired_PSO_Classifcation\MRI_dataset\Adenomyosis in Gravid Uterus\Adenomyosis_in_Gravid_Uterus227.jpg,Adenomyosis in Gravid Uterus
C:\Users\HishamMo\Desktop\999_cs\Quantum_Inpired_PSO_Classifcation\MRI_dataset\Adenomyosis in Gravid Uterus\Adenomyosis_in_Gravid_Uterus228.jpg,Adenomyosis in Gravid Uterus
C:\Users\HishamMo\Desktop\999_cs\Quantum_Inpired_PSO_Classifcation\MRI_dataset\Adenomyosis in Gravid Uterus\Adenomyosis_in_Gravid_Uterus229.jpg,Adenomyosis in Gravid Uterus
C:\Users\HishamMo\Desktop\999_cs\Quantum_Inpired_PSO_Classifcation\MRI_dataset\Adenomyosis in Gravid Uterus\Adenomyosis_in_Gravid_Uterus230.jpg,Adenomyosis in Gravid Uterus
C:\Users\HishamMo\Desktop\999_cs\Quantum_Inpired_PSO_Classifcation\MRI_dataset\Adenomyosis in Gravid Uterus\Adenomyosis_in_Gravid_Uterus231.jpg,Adenomyosis in Gravid Uterus
C:\Users\HishamMo\Desktop\999_cs\Quantum_Inpired_PSO_Classifcation\MRI_dataset\Adenomyosis in Gravid Uterus\Adenomyosis_in_Gravid_Uterus232.jpg,Adenomyosis in Gravid Uterus
C:\Users\HishamMo\Desktop\999_cs\Quantum_Inpired_PSO_Classifcation\MRI_dataset\Adenomyosis in Gravid Uterus\Adenomyosis_in_Gravid_Uterus233.jpg,Adenomyosis in Gravid Uterus
C:\Users\HishamMo\Desktop\999_cs\Quantum_Inpired_PSO_Classifcation\MRI_dataset\Adenomyosis in Gravid Uterus\Adenomyosis_in_Gravid_Uterus234.jpg,Adenomyosis in Gravid Uterus
C:\Users\HishamMo\Desktop\999_cs\Quantum_Inpired_PSO_Classifcation\MRI_dataset\Adenomyosis in Gravid Uterus\Adenomyosis_in_Gravid_Uterus235.jpg,Adenomyosis in Gravid Uterus
C:\Users\HishamMo\Desktop\999_cs\Quantum_Inpired_PSO_Classifcation\MRI_dataset\Adenomyosis in Gravid Uterus\Adenomyosis_in_Gravid_Uterus236.jpg,Adenomyosis in Gravid Uterus
C:\Users\HishamMo\Desktop\999_cs\Quantum_Inpired_PSO_Classifcation\MRI_dataset\Adenomyosis in Gravid Uterus\Adenomyosis_in_Gravid_Uterus237.jpg,Adenomyosis in Gravid Uterus
C:\Users\HishamMo\Desktop\999_cs\Quantum_Inpired_PSO_Classifcation\MRI_dataset\Adenomyosis in Gravid Uterus\Adenomyosis_in_Gravid_Uterus238.jpg,Adenomyosis in Gravid Uterus
C:\Users\HishamMo\Desktop\999_cs\Quantum_Inpired_PSO_Classifcation\MRI_dataset\Adenomyosis in Gravid Uterus\Adenomyosis_in_Gravid_Uterus239.jpg,Adenomyosis in Gravid Uterus
C:\Users\HishamMo\Desktop\999_cs\Quantum_Inpired_PSO_Classifcation\MRI_dataset\Adenomyosis in Gravid Uterus\Adenomyosis_in_Gravid_Uterus240.jpg,Adenomyosis in Gravid Uterus
C:\Users\HishamMo\Desktop\999_cs\Quantum_Inpired_PSO_Classifcation\MRI_dataset\Adenomyosis in Gravid Uterus\Adenomyosis_in_Gravid_Uterus241.jpg,Adenomyosis in Gravid Uterus
C:\Users\HishamMo\Desktop\999_cs\Quantum_Inpired_PSO_Classifcation\MRI_dataset\Adenomyosis in Gravid Uterus\Adenomyosis_in_Gravid_Uterus242.jpg,Adenomyosis in Gravid Uterus
C:\Users\HishamMo\Desktop\999_cs\Quantum_Inpired_PSO_Classifcation\MRI_dataset\Adenomyosis in Gravid Uterus\Adenomyosis_in_Gravid_Uterus243.jpg,Adenomyosis in Gravid Uterus
C:\Users\HishamMo\Desktop\999_cs\Quantum_Inpired_PSO_Classifcation\MRI_dataset\Adenomyosis in Gravid Uterus\Adenomyosis_in_Gravid_Uterus244.jpg,Adenomyosis in Gravid Uterus
C:\Users\HishamMo\Desktop\999_cs\Quantum_Inpired_PSO_Classifcation\MRI_dataset\Adenomyosis in Gravid Uterus\Adenomyosis_in_Gravid_Uterus245.jpg,Adenomyosis in Gravid Uterus
C:\Users\HishamMo\Desktop\999_cs\Quantum_Inpired_PSO_Classifcation\MRI_dataset\Adenomyosis in Gravid Uterus\Adenomyosis_in_Gravid_Uterus246.jpg,Adenomyosis in Gravid Uterus
C:\Users\HishamMo\Desktop\999_cs\Quantum_Inpired_PSO_Classifcation\MRI_dataset\Adenomyosis in Gravid Uterus\Adenomyosis_in_Gravid_Uterus247.jpg,Adenomyosis in Gravid Uterus
C:\Users\HishamMo\Desktop\999_cs\Quantum_Inpired_PSO_Classifcation\MRI_dataset\Adenomyosis in Gravid Uterus\Adenomyosis_in_Gravid_Uterus248.jpg,Adenomyosis in Gravid Uterus
C:\Users\HishamMo\Desktop\999_cs\Quantum_Inpired_PSO_Classifcation\MRI_dataset\Adenomyosis in Gravid Uterus\Adenomyosis_in_Gravid_Uterus249.jpg,Adenomyosis in Gravid Uterus
C:\Users\HishamMo\Desktop\999_cs\Quantum_Inpired_PSO_Classifcation\MRI_dataset\Adenomyosis in Gravid Uterus\Adenomyosis_in_Gravid_Uterus250.jpg,Adenomyosis in Gravid Uterus
C:\Users\HishamMo\Desktop\999_cs\Quantum_Inpired_PSO_Classifcation\MRI_dataset\Adenomyosis in Gravid Uterus\Adenomyosis_in_Gravid_Uterus251.jpg,Adenomyosis in Gravid Uterus
C:\Users\HishamMo\Desktop\999_cs\Quantum_Inpired_PSO_Classifcation\MRI_dataset\Adenomyosis in Gravid Uterus\Adenomyosis_in_Gravid_Uterus252.jpg,Adenomyosis in Gravid Uterus
C:\Users\HishamMo\Desktop\999_cs\Quantum_Inpired_PSO_Classifcation\MRI_dataset\Adenomyosis in Gravid Uterus\Adenomyosis_in_Gravid_Uterus253.jpg,Adenomyosis in Gravid Uterus
C:\Users\HishamMo\Desktop\999_cs\Quantum_Inpired_PSO_Classifcation\MRI_dataset\Adenomyosis in Gravid Uterus\Adenomyosis_in_Gravid_Uterus254.jpg,Adenomyosis in Gravid Uterus
C:\Users\HishamMo\Desktop\999_cs\Quantum_Inpired_PSO_Classifcation\MRI_dataset\Adenomyosis in Gravid Uterus\Adenomyosis_in_Gravid_Uterus255.jpg,Adenomyosis in Gravid Uterus
C:\Users\HishamMo\Desktop\999_cs\Quantum_Inpired_PSO_Classifcation\MRI_dataset\Adenomyosis in Gravid Uterus\Adenomyosis_in_Gravid_Uterus256.jpg,Adenomyosis in Gravid Uterus
C:\Users\HishamMo\Desktop\999_cs\Quantum_Inpired_PSO_Classifcation\MRI_dataset\Adenomyosis in Gravid Uterus\Adenomyosis_in_Gravid_Uterus257.jpg,Adenomyosis in Gravid Uterus
C:\Users\HishamMo\Desktop\999_cs\Quantum_Inpired_PSO_Classifcation\MRI_dataset\Adenomyosis in Gravid Uterus\Adenomyosis_in_Gravid_Uterus258.jpg,Adenomyosis in Gravid Uterus
C:\Users\HishamMo\Desktop\999_cs\Quantum_Inpired_PSO_Classifcation\MRI_dataset\Adenomyosis in Gravid Uterus\Adenomyosis_in_Gravid_Uterus259.jpg,Adenomyosis in Gravid Uterus
C:\Users\HishamMo\Desktop\999_cs\Quantum_Inpired_PSO_Classifcation\MRI_dataset\Adenomyosis in Gravid Uterus\Adenomyosis_in_Gravid_Uterus260.jpg,Adenomyosis in Gravid Uterus
C:\Users\HishamMo\Desktop\999_cs\Quantum_Inpired_PSO_Classifcation\MRI_dataset\Adenomyosis in Gravid Uterus\Adenomyosis_in_Gravid_Uterus261.jpg,Adenomyosis in Gravid Uterus
C:\Users\HishamMo\Desktop\999_cs\Quantum_Inpired_PSO_Classifcation\MRI_dataset\Adenomyosis in Gravid Uterus\Adenomyosis_in_Gravid_Uterus262.jpg,Adenomyosis in Gravid Uterus
C:\Users\HishamMo\Desktop\999_cs\Quantum_Inpired_PSO_Classifcation\MRI_dataset\Adenomyosis in Gravid Uterus\Adenomyosis_in_Gravid_Uterus263.jpg,Adenomyosis in Gravid Uterus
C:\Users\HishamMo\Desktop\999_cs\Quantum_Inpired_PSO_Classifcation\MRI_dataset\Adenomyosis in Gravid Uterus\Adenomyosis_in_Gravid_Uterus264.jpg,Adenomyosis in Gravid Uterus
C:\Users\HishamMo\Desktop\999_cs\Quantum_Inpired_PSO_Classifcation\MRI_dataset\Adenomyosis in Gravid Uterus\Adenomyosis_in_Gravid_Uterus265.jpg,Adenomyosis in Gravid Uterus
C:\Users\HishamMo\Desktop\999_cs\Quantum_Inpired_PSO_Classifcation\MRI_dataset\Adenomyosis in Gravid Uterus\Adenomyosis_in_Gravid_Uterus266.jpg,Adenomyosis in Gravid Uterus
C:\Users\HishamMo\Desktop\999_cs\Quantum_Inpired_PSO_Classifcation\MRI_dataset\Adenomyosis in Gravid Uterus\Adenomyosis_in_Gravid_Uterus267.jpg,Adenomyosis in Gravid Uterus
C:\Users\HishamMo\Desktop\999_cs\Quantum_Inpired_PSO_Classifcation\MRI_dataset\Adenomyosis in Gravid Uterus\Adenomyosis_in_Gravid_Uterus268.jpg,Adenomyosis in Gravid Uterus
C:\Users\HishamMo\Desktop\999_cs\Quantum_Inpired_PSO_Classifcation\MRI_dataset\Adenomyosis in Gravid Uterus\Adenomyosis_in_Gravid_Uterus269.jpg,Adenomyosis in Gravid Uterus
C:\Users\HishamMo\Desktop\999_cs\Quantum_Inpired_PSO_Classifcation\MRI_dataset\Adenomyosis in Gravid Uterus\Adenomyosis_in_Gravid_Uterus270.jpg,Adenomyosis in Gravid Uterus
C:\Users\HishamMo\Desktop\999_cs\Quantum_Inpired_PSO_Classifcation\MRI_dataset\Adenomyosis in Gravid Uterus\Adenomyosis_in_Gravid_Uterus271.jpg,Adenomyosis in Gravid Uterus
C:\Users\HishamMo\Desktop\999_cs\Quantum_Inpired_PSO_Classifcation\MRI_dataset\Adenomyosis in Gravid Uterus\Adenomyosis_in_Gravid_Uterus272.jpg,Adenomyosis in Gravid Uterus
C:\Users\HishamMo\Desktop\999_cs\Quantum_Inpired_PSO_Classifcation\MRI_dataset\Adenomyosis in Gravid Uterus\Adenomyosis_in_Gravid_Uterus273.jpg,Adenomyosis in Gravid Uterus
C:\Users\HishamMo\Desktop\999_cs\Quantum_Inpired_PSO_Classifcation\MRI_dataset\Adenomyosis in Gravid Uterus\Adenomyosis_in_Gravid_Uterus274.jpg,Adenomyosis in Gravid Uterus
C:\Users\HishamMo\Desktop\999_cs\Quantum_Inpired_PSO_Classifcation\MRI_dataset\Adenomyosis in Gravid Uterus\Adenomyosis_in_Gravid_Uterus275.jpg,Adenomyosis in Gravid Uterus
C:\Users\HishamMo\Desktop\999_cs\Quantum_Inpired_PSO_Classifcation\MRI_dataset\Adenomyosis in Gravid Uterus\Adenomyosis_in_Gravid_Uterus276.jpg,Adenomyosis in Gravid Uterus
C:\Users\HishamMo\Desktop\999_cs\Quantum_Inpired_PSO_Classifcation\MRI_dataset\Adenomyosis in Gravid Uterus\Adenomyosis_in_Gravid_Uterus277.jpg,Adenomyosis in Gravid Uterus
C:\Users\HishamMo\Desktop\999_cs\Quantum_Inpired_PSO_Classifcation\MRI_dataset\Adenomyosis in Gravid Uterus\Adenomyosis_in_Gravid_Uterus278.jpg,Adenomyosis in Gravid Uterus
C:\Users\HishamMo\Desktop\999_cs\Quantum_Inpired_PSO_Classifcation\MRI_dataset\Adenomyosis in Gravid Uterus\Adenomyosis_in_Gravid_Uterus279.jpg,Adenomyosis in Gravid Uterus
C:\Users\HishamMo\Desktop\999_cs\Quantum_Inpired_PSO_Classifcation\MRI_dataset\Adenomyosis in Gravid Uterus\Adenomyosis_in_Gravid_Uterus280.jpg,Adenomyosis in Gravid Uterus
C:\Users\HishamMo\Desktop\999_cs\Quantum_Inpired_PSO_Classifcation\MRI_dataset\Adenomyosis in Gravid Uterus\Adenomyosis_in_Gravid_Uterus281.jpg,Adenomyosis in Gravid Uterus
C:\Users\HishamMo\Desktop\999_cs\Quantum_Inpired_PSO_Classifcation\MRI_dataset\Adenomyosis in Gravid Uterus\Adenomyosis_in_Gravid_Uterus282.jpg,Adenomyosis in Gravid Uterus
C:\Users\HishamMo\Desktop\999_cs\Quantum_Inpired_PSO_Classifcation\MRI_dataset\Adenomyosis in Gravid Uterus\Adenomyosis_in_Gravid_Uterus283.jpg,Adenomyosis in Gravid Uterus
C:\Users\HishamMo\Desktop\999_cs\Quantum_Inpired_PSO_Classifcation\MRI_dataset\Adenomyosis in Gravid Uterus\Adenomyosis_in_Gravid_Uterus284.jpg,Adenomyosis in Gravid Uterus
C:\Users\HishamMo\Desktop\999_cs\Quantum_Inpired_PSO_Classifcation\MRI_dataset\Adenomyosis in Gravid Uterus\Adenomyosis_in_Gravid_Uterus285.jpg,Adenomyosis in Gravid Uterus
C:\Users\HishamMo\Desktop\999_cs\Quantum_Inpired_PSO_Classifcation\MRI_dataset\Adenomyosis in Gravid Uterus\Adenomyosis_in_Gravid_Uterus286.jpg,Adenomyosis in Gravid Uterus
C:\Users\HishamMo\Desktop\999_cs\Quantum_Inpired_PSO_Classifcation\MRI_dataset\Adenomyosis in Gravid Uterus\Adenomyosis_in_Gravid_Uterus287.jpg,Adenomyosis in Gravid Uterus
C:\Users\HishamMo\Desktop\999_cs\Quantum_Inpired_PSO_Classifcation\MRI_dataset\Adenomyosis in Gravid Uterus\Adenomyosis_in_Gravid_Uterus288.jpg,Adenomyosis in Gravid Uterus
C:\Users\HishamMo\Desktop\999_cs\Quantum_Inpired_PSO_Classifcation\MRI_dataset\Adenomyosis in Gravid Uterus\Adenomyosis_in_Gravid_Uterus289.jpg,Adenomyosis in Gravid Uterus
C:\Users\HishamMo\Desktop\999_cs\Quantum_Inpired_PSO_Classifcation\MRI_dataset\Adenomyosis in Gravid Uterus\Adenomyosis_in_Gravid_Uterus290.jpg,Adenomyosis in Gravid Uterus
C:\Users\HishamMo\Desktop\999_cs\Quantum_Inpired_PSO_Classifcation\MRI_dataset\Adenomyosis in Gravid Uterus\Adenomyosis_in_Gravid_Uterus291.jpg,Adenomyosis in Gravid Uterus
C:\Users\HishamMo\Desktop\999_cs\Quantum_Inpired_PSO_Classifcation\MRI_dataset\Adenomyosis in Gravid Uterus\Adenomyosis_in_Gravid_Uterus292.jpg,Adenomyosis in Gravid Uterus
C:\Users\HishamMo\Desktop\999_cs\Quantum_Inpired_PSO_Classifcation\MRI_dataset\Adenomyosis in Gravid Uterus\Adenomyosis_in_Gravid_Uterus293.jpg,Adenomyosis in Gravid Uterus
C:\Users\HishamMo\Desktop\999_cs\Quantum_Inpired_PSO_Classifcation\MRI_dataset\Adenomyosis in Gravid Uterus\Adenomyosis_in_Gravid_Uterus294.jpg,Adenomyosis in Gravid Uterus
C:\Users\HishamMo\Desktop\999_cs\Quantum_Inpired_PSO_Classifcation\MRI_dataset\Adenomyosis in Gravid Uterus\Adenomyosis_in_Gravid_Uterus295.jpg,Adenomyosis in Gravid Uterus
C:\Users\HishamMo\Desktop\999_cs\Quantum_Inpired_PSO_Classifcation\MRI_dataset\Adenomyosis in Gravid Uterus\Adenomyosis_in_Gravid_Uterus296.jpg,Adenomyosis in Gravid Uterus
C:\Users\HishamMo\Desktop\999_cs\Quantum_Inpired_PSO_Classifcation\MRI_dataset\Adenomyosis in Gravid Uterus\Adenomyosis_in_Gravid_Uterus297.jpg,Adenomyosis in Gravid Uterus
C:\Users\HishamMo\Desktop\999_cs\Quantum_Inpired_PSO_Classifcation\MRI_dataset\Adenomyosis in Gravid Uterus\Adenomyosis_in_Gravid_Uterus298.jpg,Adenomyosis in Gravid Uterus
C:\Users\HishamMo\Desktop\999_cs\Quantum_Inpired_PSO_Classifcation\MRI_dataset\Adenomyosis in Gravid Uterus\Adenomyosis_in_Gravid_Uterus299.jpg,Adenomyosis in Gravid Uterus
C:\Users\HishamMo\Desktop\999_cs\Quantum_Inpired_PSO_Classifcation\MRI_dataset\Adenomyosis in Gravid Uterus\Adenomyosis_in_Gravid_Uterus300.jpg,Adenomyosis in Gravid Uterus
C:\Users\HishamMo\Desktop\999_cs\Quantum_Inpired_PSO_Classifcation\MRI_dataset\Adenomyosis in Gravid Uterus\Adenomyosis_in_Gravid_Uterus301.jpg,Adenomyosis in Gravid Uterus
C:\Users\HishamMo\Desktop\999_cs\Quantum_Inpired_PSO_Classifcation\MRI_dataset\Adenomyosis in Gravid Uterus\Adenomyosis_in_Gravid_Uterus302.jpg,Adenomyosis in Gravid Uterus
C:\Users\HishamMo\Desktop\999_cs\Quantum_Inpired_PSO_Classifcation\MRI_dataset\Adenomyosis in Gravid Uterus\Adenomyosis_in_Gravid_Uterus303.jpg,Adenomyosis in Gravid Uterus
C:\Users\HishamMo\Desktop\999_cs\Quantum_Inpired_PSO_Classifcation\MRI_dataset\Adenomyosis in Gravid Uterus\Adenomyosis_in_Gravid_Uterus304.jpg,Adenomyosis in Gravid Uterus
C:\Users\HishamMo\Desktop\999_cs\Quantum_Inpired_PSO_Classifcation\MRI_dataset\Adenomyosis in Gravid Uterus\Adenomyosis_in_Gravid_Uterus305.jpg,Adenomyosis in Gravid Uterus
C:\Users\HishamMo\Desktop\999_cs\Quantum_Inpired_PSO_Classifcation\MRI_dataset\Adenomyosis in Gravid Uterus\Adenomyosis_in_Gravid_Uterus306.jpg,Adenomyosis in Gravid Uterus
C:\Users\HishamMo\Desktop\999_cs\Quantum_Inpired_PSO_Classifcation\MRI_dataset\Adenomyosis in Gravid Uterus\Adenomyosis_in_Gravid_Uterus307.jpg,Adenomyosis in Gravid Uterus
C:\Users\HishamMo\Desktop\999_cs\Quantum_Inpired_PSO_Classifcation\MRI_dataset\Adenomyosis in Gravid Uterus\Adenomyosis_in_Gravid_Uterus308.jpg,Adenomyosis in Gravid Uterus
C:\Users\HishamMo\Desktop\999_cs\Quantum_Inpired_PSO_Classifcation\MRI_dataset\Adenomyosis in Gravid Uterus\Adenomyosis_in_Gravid_Uterus309.jpg,Adenomyosis in Gravid Uterus
C:\Users\HishamMo\Desktop\999_cs\Quantum_Inpired_PSO_Classifcation\MRI_dataset\Adenomyosis in Gravid Uterus\Adenomyosis_in_Gravid_Uterus310.jpg,Adenomyosis in Gravid Uterus
C:\Users\HishamMo\Desktop\999_cs\Quantum_Inpired_PSO_Classifcation\MRI_dataset\Adenomyosis in Gravid Uterus\Adenomyosis_in_Gravid_Uterus311.jpg,Adenomyosis in Gravid Uterus
C:\Users\HishamMo\Desktop\999_cs\Quantum_Inpired_PSO_Classifcation\MRI_dataset\Adenomyosis in Gravid Uterus\Adenomyosis_in_Gravid_Uterus312.jpg,Adenomyosis in Gravid Uterus
C:\Users\HishamMo\Desktop\999_cs\Quantum_Inpired_PSO_Classifcation\MRI_dataset\Adenomyosis in Gravid Uterus\Adenomyosis_in_Gravid_Uterus313.jpg,Adenomyosis in Gravid Uterus
C:\Users\HishamMo\Desktop\999_cs\Quantum_Inpired_PSO_Classifcation\MRI_dataset\Adenomyosis in Gravid Uterus\Adenomyosis_in_Gravid_Uterus314.jpg,Adenomyosis in Gravid Uterus
C:\Users\HishamMo\Desktop\999_cs\Quantum_Inpired_PSO_Classifcation\MRI_dataset\Adenomyosis in Gravid Uterus\Adenomyosis_in_Gravid_Uterus315.jpg,Adenomyosis in Gravid Uterus
C:\Users\HishamMo\Desktop\999_cs\Quantum_Inpired_PSO_Classifcation\MRI_dataset\Adenomyosis in Gravid Uterus\Adenomyosis_in_Gravid_Uterus316.jpg,Adenomyosis in Gravid Uterus
C:\Users\HishamMo\Desktop\999_cs\Quantum_Inpired_PSO_Classifcation\MRI_dataset\Adenomyosis in Gravid Uterus\Adenomyosis_in_Gravid_Uterus317.jpg,Adenomyosis in Gravid Uterus
C:\Users\HishamMo\Desktop\999_cs\Quantum_Inpired_PSO_Classifcation\MRI_dataset\Adenomyosis in Gravid Uterus\Adenomyosis_in_Gravid_Uterus318.jpg,Adenomyosis in Gravid Uterus
C:\Users\HishamMo\Desktop\999_cs\Quantum_Inpired_PSO_Classifcation\MRI_dataset\Adenomyosis in Gravid Uterus\Adenomyosis_in_Gravid_Uterus319.jpg,Adenomyosis in Gravid Uterus
C:\Users\HishamMo\Desktop\999_cs\Quantum_Inpired_PSO_Classifcation\MRI_dataset\Adenomyosis in Gravid Uterus\Adenomyosis_in_Gravid_Uterus320.jpg,Adenomyosis in Gravid Uterus
C:\Users\HishamMo\Desktop\999_cs\Quantum_Inpired_PSO_Classifcation\MRI_dataset\Adenomyosis in Gravid Uterus\Adenomyosis_in_Gravid_Uterus321.jpg,Adenomyosis in Gravid Uterus
C:\Users\HishamMo\Desktop\999_cs\Quantum_Inpired_PSO_Classifcation\MRI_dataset\Adenomyosis in Gravid Uterus\Adenomyosis_in_Gravid_Uterus322.jpg,Adenomyosis in Gravid Uterus
C:\Users\HishamMo\Desktop\999_cs\Quantum_Inpired_PSO_Classifcation\MRI_dataset\Adenomyosis in Gravid Uterus\Adenomyosis_in_Gravid_Uterus323.jpg,Adenomyosis in Gravid Uterus
C:\Users\HishamMo\Desktop\999_cs\Quantum_Inpired_PSO_Classifcation\MRI_dataset\Adenomyosis in Gravid Uterus\Adenomyosis_in_Gravid_Uterus324.jpg,Adenomyosis in Gravid Uterus
C:\Users\HishamMo\Desktop\999_cs\Quantum_Inpired_PSO_Classifcation\MRI_dataset\Adenomyosis in Gravid Uterus\Adenomyosis_in_Gravid_Uterus325.jpg,Adenomyosis in Gravid Uterus
C:\Users\HishamMo\Desktop\999_cs\Quantum_Inpired_PSO_Classifcation\MRI_dataset\Adenomyosis in Gravid Uterus\Adenomyosis_in_Gravid_Uterus326.jpg,Adenomyosis in Gravid Uterus
C:\Users\HishamMo\Desktop\999_cs\Quantum_Inpired_PSO_Classifcation\MRI_dataset\Adenomyosis in Gravid Uterus\Adenomyosis_in_Gravid_Uterus327.jpg,Adenomyosis in Gravid Uterus
C:\Users\HishamMo\Desktop\999_cs\Quantum_Inpired_PSO_Classifcation\MRI_dataset\Adenomyosis in Gravid Uterus\Adenomyosis_in_Gravid_Uterus328.jpg,Adenomyosis in Gravid Uterus
C:\Users\HishamMo\Desktop\999_cs\Quantum_Inpired_PSO_Classifcation\MRI_dataset\Adenomyosis in Gravid Uterus\Adenomyosis_in_Gravid_Uterus329.jpg,Adenomyosis in Gravid Uterus
C:\Users\HishamMo\Desktop\999_cs\Quantum_Inpired_PSO_Classifcation\MRI_dataset\Adenomyosis in Gravid Uterus\Adenomyosis_in_Gravid_Uterus330.jpg,Adenomyosis in Gravid Uterus
C:\Users\HishamMo\Desktop\999_cs\Quantum_Inpired_PSO_Classifcation\MRI_dataset\Adenomyosis in Gravid Uterus\Adenomyosis_in_Gravid_Uterus331.jpg,Adenomyosis in Gravid Uterus
C:\Users\HishamMo\Desktop\999_cs\Quantum_Inpired_PSO_Classifcation\MRI_dataset\Adenomyosis in Gravid Uterus\Adenomyosis_in_Gravid_Uterus332.jpg,Adenomyosis in Gravid Uterus
C:\Users\HishamMo\Desktop\999_cs\Quantum_Inpired_PSO_Classifcation\MRI_dataset\Adenomyosis in Gravid Uterus\Adenomyosis_in_Gravid_Uterus333.jpg,Adenomyosis in Gravid Uterus
C:\Users\HishamMo\Desktop\999_cs\Quantum_Inpired_PSO_Classifcation\MRI_dataset\Adenomyosis in Gravid Uterus\Adenomyosis_in_Gravid_Uterus334.jpg,Adenomyosis in Gravid Uterus
C:\Users\HishamMo\Desktop\999_cs\Quantum_Inpired_PSO_Classifcation\MRI_dataset\Adenomyosis in Gravid Uterus\Adenomyosis_in_Gravid_Uterus335.jpg,Adenomyosis in Gravid Uterus
C:\Users\HishamMo\Desktop\999_cs\Quantum_Inpired_PSO_Classifcation\MRI_dataset\Adenomyosis in Gravid Uterus\Adenomyosis_in_Gravid_Uterus336.jpg,Adenomyosis in Gravid Uterus
C:\Users\HishamMo\Desktop\999_cs\Quantum_Inpired_PSO_Classifcation\MRI_dataset\Adenomyosis in Gravid Uterus\Adenomyosis_in_Gravid_Uterus337.jpg,Adenomyosis in Gravid Uterus
C:\Users\HishamMo\Desktop\999_cs\Quantum_Inpired_PSO_Classifcation\MRI_dataset\Adenomyosis in Gravid Uterus\Adenomyosis_in_Gravid_Uterus338.jpg,Adenomyosis in Gravid Uterus
C:\Users\HishamMo\Desktop\999_cs\Quantum_Inpired_PSO_Classifcation\MRI_dataset\Adenomyosis in Gravid Uterus\Adenomyosis_in_Gravid_Uterus339.jpg,Adenomyosis in Gravid Uterus
C:\Users\HishamMo\Desktop\999_cs\Quantum_Inpired_PSO_Classifcation\MRI_dataset\Adenomyosis in Gravid Uterus\Adenomyosis_in_Gravid_Uterus340.jpg,Adenomyosis in Gravid Uterus
C:\Users\HishamMo\Desktop\999_cs\Quantum_Inpired_PSO_Classifcation\MRI_dataset\Adenomyosis in Gravid Uterus\Adenomyosis_in_Gravid_Uterus341.jpg,Adenomyosis in Gravid Uterus
C:\Users\HishamMo\Desktop\999_cs\Quantum_Inpired_PSO_Classifcation\MRI_dataset\Adenomyosis in Gravid Uterus\Adenomyosis_in_Gravid_Uterus342.jpg,Adenomyosis in Gravid Uterus
C:\Users\HishamMo\Desktop\999_cs\Quantum_Inpired_PSO_Classifcation\MRI_dataset\Adenomyosis in Gravid Uterus\Adenomyosis_in_Gravid_Uterus343.jpg,Adenomyosis in Gravid Uterus
C:\Users\HishamMo\Desktop\999_cs\Quantum_Inpired_PSO_Classifcation\MRI_dataset\Adenomyosis in Gravid Uterus\Adenomyosis_in_Gravid_Uterus344.jpg,Adenomyosis in Gravid Uterus
C:\Users\HishamMo\Desktop\999_cs\Quantum_Inpired_PSO_Classifcation\MRI_dataset\Adenomyosis in Gravid Uterus\Adenomyosis_in_Gravid_Uterus345.jpg,Adenomyosis in Gravid Uterus
C:\Users\HishamMo\Desktop\999_cs\Quantum_Inpired_PSO_Classifcation\MRI_dataset\Adenomyosis in Gravid Uterus\Adenomyosis_in_Gravid_Uterus346.jpg,Adenomyosis in Gravid Uterus
C:\Users\HishamMo\Desktop\999_cs\Quantum_Inpired_PSO_Classifcation\MRI_dataset\Adenomyosis in Gravid Uterus\Adenomyosis_in_Gravid_Uterus347.jpg,Adenomyosis in Gravid Uterus
C:\Users\HishamMo\Desktop\999_cs\Quantum_Inpired_PSO_Classifcation\MRI_dataset\Adenomyosis in Gravid Uterus\Adenomyosis_in_Gravid_Uterus348.jpg,Adenomyosis in Gravid Uterus
C:\Users\HishamMo\Desktop\999_cs\Quantum_Inpired_PSO_Classifcation\MRI_dataset\Adenomyosis in Gravid Uterus\Adenomyosis_in_Gravid_Uterus349.jpg,Adenomyosis in Gravid Uterus
C:\Users\HishamMo\Desktop\999_cs\Quantum_Inpired_PSO_Classifcation\MRI_dataset\Adenomyosis in Gravid Uterus\Adenomyosis_in_Gravid_Uterus350.jpg,Adenomyosis in Gravid Uterus
C:\Users\HishamMo\Desktop\999_cs\Quantum_Inpired_PSO_Classifcation\MRI_dataset\Adenomyosis in Gravid Uterus\Adenomyosis_in_Gravid_Uterus351.jpg,Adenomyosis in Gravid Uterus
C:\Users\HishamMo\Desktop\999_cs\Quantum_Inpired_PSO_Classifcation\MRI_dataset\Adenomyosis in Gravid Uterus\Adenomyosis_in_Gravid_Uterus352.jpg,Adenomyosis in Gravid Uterus
C:\Users\HishamMo\Desktop\999_cs\Quantum_Inpired_PSO_Classifcation\MRI_dataset\Adenomyosis in Gravid Uterus\Adenomyosis_in_Gravid_Uterus353.jpg,Adenomyosis in Gravid Uterus
C:\Users\HishamMo\Desktop\999_cs\Quantum_Inpired_PSO_Classifcation\MRI_dataset\Adenomyosis in Gravid Uterus\Adenomyosis_in_Gravid_Uterus354.jpg,Adenomyosis in Gravid Uterus
C:\Users\HishamMo\Desktop\999_cs\Quantum_Inpired_PSO_Classifcation\MRI_dataset\Adenomyosis in Gravid Uterus\Adenomyosis_in_Gravid_Uterus355.jpg,Adenomyosis in Gravid Uterus
C:\Users\HishamMo\Desktop\999_cs\Quantum_Inpired_PSO_Classifcation\MRI_dataset\Adenomyosis in Gravid Uterus\Adenomyosis_in_Gravid_Uterus356.jpg,Adenomyosis in Gravid Uterus
C:\Users\HishamMo\Desktop\999_cs\Quantum_Inpired_PSO_Classifcation\MRI_dataset\Adenomyosis in Gravid Uterus\Adenomyosis_in_Gravid_Uterus357.jpg,Adenomyosis in Gravid Uterus
C:\Users\HishamMo\Desktop\999_cs\Quantum_Inpired_PSO_Classifcation\MRI_dataset\Adenomyosis in Gravid Uterus\Adenomyosis_in_Gravid_Uterus358.jpg,Adenomyosis in Gravid Uterus
C:\Users\HishamMo\Desktop\999_cs\Quantum_Inpired_PSO_Classifcation\MRI_dataset\Adenomyosis in Gravid Uterus\Adenomyosis_in_Gravid_Uterus359.jpg,Adenomyosis in Gravid Uterus
C:\Users\HishamMo\Desktop\999_cs\Quantum_Inpired_PSO_Classifcation\MRI_dataset\Adenomyosis in Gravid Uterus\Adenomyosis_in_Gravid_Uterus360.jpg,Adenomyosis in Gravid Uterus
C:\Users\HishamMo\Desktop\999_cs\Quantum_Inpired_PSO_Classifcation\MRI_dataset\Adenomyosis in Gravid Uterus\Adenomyosis_in_Gravid_Uterus361.jpg,Adenomyosis in Gravid Uterus
C:\Users\HishamMo\Desktop\999_cs\Quantum_Inpired_PSO_Classifcation\MRI_dataset\Adenomyosis in Gravid Uterus\Adenomyosis_in_Gravid_Uterus362.jpg,Adenomyosis in Gravid Uterus
C:\Users\HishamMo\Desktop\999_cs\Quantum_Inpired_PSO_Classifcation\MRI_dataset\Adenomyosis in Gravid Uterus\Adenomyosis_in_Gravid_Uterus363.jpg,Adenomyosis in Gravid Uterus
C:\Users\HishamMo\Desktop\999_cs\Quantum_Inpired_PSO_Classifcation\MRI_dataset\Adenomyosis in Gravid Uterus\Adenomyosis_in_Gravid_Uterus364.jpg,Adenomyosis in Gravid Uterus
C:\Users\HishamMo\Desktop\999_cs\Quantum_Inpired_PSO_Classifcation\MRI_dataset\Adenomyosis in Gravid Uterus\Adenomyosis_in_Gravid_Uterus365.jpg,Adenomyosis in Gravid Uterus
C:\Users\HishamMo\Desktop\999_cs\Quantum_Inpired_PSO_Classifcation\MRI_dataset\Adenomyosis in Gravid Uterus\Adenomyosis_in_Gravid_Uterus366.jpg,Adenomyosis in Gravid Uterus
C:\Users\HishamMo\Desktop\999_cs\Quantum_Inpired_PSO_Classifcation\MRI_dataset\Adenomyosis in Gravid Uterus\Adenomyosis_in_Gravid_Uterus367.jpg,Adenomyosis in Gravid Uterus
C:\Users\HishamMo\Desktop\999_cs\Quantum_Inpired_PSO_Classifcation\MRI_dataset\Adenomyosis in Gravid Uterus\Adenomyosis_in_Gravid_Uterus368.jpg,Adenomyosis in Gravid Uterus
C:\Users\HishamMo\Desktop\999_cs\Quantum_Inpired_PSO_Classifcation\MRI_dataset\Adenomyosis in Gravid Uterus\Adenomyosis_in_Gravid_Uterus369.jpg,Adenomyosis in Gravid Uterus
C:\Users\HishamMo\Desktop\999_cs\Quantum_Inpired_PSO_Classifcation\MRI_dataset\Adenomyosis in Gravid Uterus\Adenomyosis_in_Gravid_Uterus370.jpg,Adenomyosis in Gravid Uterus
C:\Users\HishamMo\Desktop\999_cs\Quantum_Inpired_PSO_Classifcation\MRI_dataset\Adenomyosis in Gravid Uterus\Adenomyosis_in_Gravid_Uterus371.jpg,Adenomyosis in Gravid Uterus
C:\Users\HishamMo\Desktop\999_cs\Quantum_Inpired_PSO_Classifcation\MRI_dataset\Adenomyosis in Gravid Uterus\Adenomyosis_in_Gravid_Uterus372.jpg,Adenomyosis in Gravid Uterus
C:\Users\HishamMo\Desktop\999_cs\Quantum_Inpired_PSO_Classifcation\MRI_dataset\Adenomyosis in Gravid Uterus\Adenomyosis_in_Gravid_Uterus373.jpg,Adenomyosis in Gravid Uterus
C:\Users\HishamMo\Desktop\999_cs\Quantum_Inpired_PSO_Classifcation\MRI_dataset\Adenomyosis in Gravid Uterus\Adenomyosis_in_Gravid_Uterus374.jpg,Adenomyosis in Gravid Uterus
C:\Users\HishamMo\Desktop\999_cs\Quantum_Inpired_PSO_Classifcation\MRI_dataset\Adenomyosis in Gravid Uterus\Adenomyosis_in_Gravid_Uterus375.jpg,Adenomyosis in Gravid Uterus
C:\Users\HishamMo\Desktop\999_cs\Quantum_Inpired_PSO_Classifcation\MRI_dataset\Adenomyosis in Gravid Uterus\Adenomyosis_in_Gravid_Uterus376.jpg,Adenomyosis in Gravid Uterus
C:\Users\HishamMo\Desktop\999_cs\Quantum_Inpired_PSO_Classifcation\MRI_dataset\Adenomyosis in Gravid Uterus\Adenomyosis_in_Gravid_Uterus377.jpg,Adenomyosis in Gravid Uterus
C:\Users\HishamMo\Desktop\999_cs\Quantum_Inpired_PSO_Classifcation\MRI_dataset\Adenomyosis in Gravid Uterus\Adenomyosis_in_Gravid_Uterus378.jpg,Adenomyosis in Gravid Uterus
C:\Users\HishamMo\Desktop\999_cs\Quantum_Inpired_PSO_Classifcation\MRI_dataset\Adenomyosis in Gravid Uterus\Adenomyosis_in_Gravid_Uterus379.jpg,Adenomyosis in Gravid Uterus
C:\Users\HishamMo\Desktop\999_cs\Quantum_Inpired_PSO_Classifcation\MRI_dataset\Adenomyosis in Gravid Uterus\Adenomyosis_in_Gravid_Uterus380.jpg,Adenomyosis in Gravid Uterus
C:\Users\HishamMo\Desktop\999_cs\Quantum_Inpired_PSO_Classifcation\MRI_dataset\Adenomyosis in Gravid Uterus\Adenomyosis_in_Gravid_Uterus381.jpg,Adenomyosis in Gravid Uterus
C:\Users\HishamMo\Desktop\999_cs\Quantum_Inpired_PSO_Classifcation\MRI_dataset\Adenomyosis in Gravid Uterus\Adenomyosis_in_Gravid_Uterus382.jpg,Adenomyosis in Gravid Uterus
C:\Users\HishamMo\Desktop\999_cs\Quantum_Inpired_PSO_Classifcation\MRI_dataset\Adenomyosis in Gravid Uterus\Adenomyosis_in_Gravid_Uterus383.jpg,Adenomyosis in Gravid Uterus
C:\Users\HishamMo\Desktop\999_cs\Quantum_Inpired_PSO_Classifcation\MRI_dataset\Adenomyosis in Gravid Uterus\Adenomyosis_in_Gravid_Uterus384.jpg,Adenomyosis in Gravid Uterus
C:\Users\HishamMo\Desktop\999_cs\Quantum_Inpired_PSO_Classifcation\MRI_dataset\Adenomyosis in Gravid Uterus\Adenomyosis_in_Gravid_Uterus385.jpg,Adenomyosis in Gravid Uterus
C:\Users\HishamMo\Desktop\999_cs\Quantum_Inpired_PSO_Classifcation\MRI_dataset\Adenomyosis in Gravid Uterus\Adenomyosis_in_Gravid_Uterus386.jpg,Adenomyosis in Gravid Uterus
C:\Users\HishamMo\Desktop\999_cs\Quantum_Inpired_PSO_Classifcation\MRI_dataset\Adenomyosis in Gravid Uterus\Adenomyosis_in_Gravid_Uterus387.jpg,Adenomyosis in Gravid Uterus
C:\Users\HishamMo\Desktop\999_cs\Quantum_Inpired_PSO_Classifcation\MRI_dataset\Adenomyosis in Gravid Uterus\Adenomyosis_in_Gravid_Uterus388.jpg,Adenomyosis in Gravid Uterus
C:\Users\HishamMo\Desktop\999_cs\Quantum_Inpired_PSO_Classifcation\MRI_dataset\Adenomyosis in Gravid Uterus\Adenomyosis_in_Gravid_Uterus389.jpg,Adenomyosis in Gravid Uterus
C:\Users\HishamMo\Desktop\999_cs\Quantum_Inpired_PSO_Classifcation\MRI_dataset\Adenomyosis in Gravid Uterus\Adenomyosis_in_Gravid_Uterus390.jpg,Adenomyosis in Gravid Uterus
C:\Users\HishamMo\Desktop\999_cs\Quantum_Inpired_PSO_Classifcation\MRI_dataset\Adenomyosis in Gravid Uterus\Adenomyosis_in_Gravid_Uterus391.jpg,Adenomyosis in Gravid Uterus
C:\Users\HishamMo\Desktop\999_cs\Quantum_Inpired_PSO_Classifcation\MRI_dataset\Adenomyosis in Gravid Uterus\Adenomyosis_in_Gravid_Uterus392.jpg,Adenomyosis in Gravid Uterus
C:\Users\HishamMo\Desktop\999_cs\Quantum_Inpired_PSO_Classifcation\MRI_dataset\Adenomyosis in Gravid Uterus\Adenomyosis_in_Gravid_Uterus393.jpg,Adenomyosis in Gravid Uterus
C:\Users\HishamMo\Desktop\999_cs\Quantum_Inpired_PSO_Classifcation\MRI_dataset\Adenomyosis in Gravid Uterus\Adenomyosis_in_Gravid_Uterus394.jpg,Adenomyosis in Gravid Uterus
C:\Users\HishamMo\Desktop\999_cs\Quantum_Inpired_PSO_Classifcation\MRI_dataset\Adenomyosis in Gravid Uterus\Adenomyosis_in_Gravid_Uterus395.jpg,Adenomyosis in Gravid Uterus
C:\Users\HishamMo\Desktop\999_cs\Quantum_Inpired_PSO_Classifcation\MRI_dataset\Adenomyosis in Gravid Uterus\Adenomyosis_in_Gravid_Uterus396.jpg,Adenomyosis in Gravid Uterus
C:\Users\HishamMo\Desktop\999_cs\Quantum_Inpired_PSO_Classifcation\MRI_dataset\Adenomyosis in Gravid Uterus\Adenomyosis_in_Gravid_Uterus397.jpg,Adenomyosis in Gravid Uterus
C:\Users\HishamMo\Desktop\999_cs\Quantum_Inpired_PSO_Classifcation\MRI_dataset\Adenomyosis in Gravid Uterus\Adenomyosis_in_Gravid_Uterus398.jpg,Adenomyosis in Gravid Uterus
C:\Users\HishamMo\Desktop\999_cs\Quantum_Inpired_PSO_Classifcation\MRI_dataset\Adenomyosis in Gravid Uterus\Adenomyosis_in_Gravid_Uterus399.jpg,Adenomyosis in Gravid Uterus
C:\Users\HishamMo\Desktop\999_cs\Quantum_Inpired_PSO_Classifcation\MRI_dataset\Adenomyosis in Gravid Uterus\Adenomyosis_in_Gravid_Uterus400.jpg,Adenomyosis in Gravid Uterus
C:\Users\HishamMo\Desktop\999_cs\Quantum_Inpired_PSO_Classifcation\MRI_dataset\Adenomyosis in Gravid Uterus\Adenomyosis_in_Gravid_Uterus401.jpg,Adenomyosis in Gravid Uterus
C:\Users\HishamMo\Desktop\999_cs\Quantum_Inpired_PSO_Classifcation\MRI_dataset\Adenomyosis in Gravid Uterus\Adenomyosis_in_Gravid_Uterus402.jpg,Adenomyosis in Gravid Uterus
C:\Users\HishamMo\Desktop\999_cs\Quantum_Inpired_PSO_Classifcation\MRI_dataset\Adenomyosis in Gravid Uterus\Adenomyosis_in_Gravid_Uterus403.jpg,Adenomyosis in Gravid Uterus
C:\Users\HishamMo\Desktop\999_cs\Quantum_Inpired_PSO_Classifcation\MRI_dataset\Adenomyosis in Gravid Uterus\Adenomyosis_in_Gravid_Uterus404.jpg,Adenomyosis in Gravid Uterus
C:\Users\HishamMo\Desktop\999_cs\Quantum_Inpired_PSO_Classifcation\MRI_dataset\Adenomyosis in Gravid Uterus\Adenomyosis_in_Gravid_Uterus405.jpg,Adenomyosis in Gravid Uterus
C:\Users\HishamMo\Desktop\999_cs\Quantum_Inpired_PSO_Classifcation\MRI_dataset\Adenomyosis in Gravid Uterus\Adenomyosis_in_Gravid_Uterus406.jpg,Adenomyosis in Gravid Uterus
C:\Users\HishamMo\Desktop\999_cs\Quantum_Inpired_PSO_Classifcation\MRI_dataset\Adenomyosis in Gravid Uterus\Adenomyosis_in_Gravid_Uterus407.jpg,Adenomyosis in Gravid Uterus
C:\Users\HishamMo\Desktop\999_cs\Quantum_Inpired_PSO_Classifcation\MRI_dataset\Adenomyosis in Gravid Uterus\Adenomyosis_in_Gravid_Uterus408.jpg,Adenomyosis in Gravid Uterus
C:\Users\HishamMo\Desktop\999_cs\Quantum_Inpired_PSO_Classifcation\MRI_dataset\Adenomyosis in Gravid Uterus\Adenomyosis_in_Gravid_Uterus409.jpg,Adenomyosis in Gravid Uterus
C:\Users\HishamMo\Desktop\999_cs\Quantum_Inpired_PSO_Classifcation\MRI_dataset\Adenomyosis in Gravid Uterus\Adenomyosis_in_Gravid_Uterus410.jpg,Adenomyosis in Gravid Uterus
C:\Users\HishamMo\Desktop\999_cs\Quantum_Inpired_PSO_Classifcation\MRI_dataset\Adenomyosis in Gravid Uterus\Adenomyosis_in_Gravid_Uterus411.jpg,Adenomyosis in Gravid Uterus
C:\Users\HishamMo\Desktop\999_cs\Quantum_Inpired_PSO_Classifcation\MRI_dataset\Adenomyosis in Gravid Uterus\Adenomyosis_in_Gravid_Uterus412.jpg,Adenomyosis in Gravid Uterus
C:\Users\HishamMo\Desktop\999_cs\Quantum_Inpired_PSO_Classifcation\MRI_dataset\Adenomyosis in Gravid Uterus\Adenomyosis_in_Gravid_Uterus413.jpg,Adenomyosis in Gravid Uterus
C:\Users\HishamMo\Desktop\999_cs\Quantum_Inpired_PSO_Classifcation\MRI_dataset\Adenomyosis in Gravid Uterus\Adenomyosis_in_Gravid_Uterus414.jpg,Adenomyosis in Gravid Uterus
C:\Users\HishamMo\Desktop\999_cs\Quantum_Inpired_PSO_Classifcation\MRI_dataset\Adenomyosis in Gravid Uterus\Adenomyosis_in_Gravid_Uterus415.jpg,Adenomyosis in Gravid Uterus
C:\Users\HishamMo\Desktop\999_cs\Quantum_Inpired_PSO_Classifcation\MRI_dataset\Adenomyosis in Gravid Uterus\Adenomyosis_in_Gravid_Uterus416.jpg,Adenomyosis in Gravid Uterus
C:\Users\HishamMo\Desktop\999_cs\Quantum_Inpired_PSO_Classifcation\MRI_dataset\Adenomyosis in Gravid Uterus\Adenomyosis_in_Gravid_Uterus417.jpg,Adenomyosis in Gravid Uterus
C:\Users\HishamMo\Desktop\999_cs\Quantum_Inpired_PSO_Classifcation\MRI_dataset\Adenomyosis in Gravid Uterus\Adenomyosis_in_Gravid_Uterus418.jpg,Adenomyosis in Gravid Uterus
C:\Users\HishamMo\Desktop\999_cs\Quantum_Inpired_PSO_Classifcation\MRI_dataset\Adenomyosis in Gravid Uterus\Adenomyosis_in_Gravid_Uterus419.jpg,Adenomyosis in Gravid Uterus
C:\Users\HishamMo\Desktop\999_cs\Quantum_Inpired_PSO_Classifcation\MRI_dataset\Adenomyosis in Gravid Uterus\Adenomyosis_in_Gravid_Uterus420.jpg,Adenomyosis in Gravid Uterus
C:\Users\HishamMo\Desktop\999_cs\Quantum_Inpired_PSO_Classifcation\MRI_dataset\Adenomyosis in Gravid Uterus\Adenomyosis_in_Gravid_Uterus421.jpg,Adenomyosis in Gravid Uterus
C:\Users\HishamMo\Desktop\999_cs\Quantum_Inpired_PSO_Classifcation\MRI_dataset\Adenomyosis in Gravid Uterus\Adenomyosis_in_Gravid_Uterus422.jpg,Adenomyosis in Gravid Uterus
C:\Users\HishamMo\Desktop\999_cs\Quantum_Inpired_PSO_Classifcation\MRI_dataset\Adenomyosis in Gravid Uterus\Adenomyosis_in_Gravid_Uterus423.jpg,Adenomyosis in Gravid Uterus
C:\Users\HishamMo\Desktop\999_cs\Quantum_Inpired_PSO_Classifcation\MRI_dataset\Adenomyosis in Gravid Uterus\Adenomyosis_in_Gravid_Uterus424.jpg,Adenomyosis in Gravid Uterus
C:\Users\HishamMo\Desktop\999_cs\Quantum_Inpired_PSO_Classifcation\MRI_dataset\Adenomyosis in Gravid Uterus\Adenomyosis_in_Gravid_Uterus425.jpg,Adenomyosis in Gravid Uterus
C:\Users\HishamMo\Desktop\999_cs\Quantum_Inpired_PSO_Classifcation\MRI_dataset\Adenomyosis in Gravid Uterus\Adenomyosis_in_Gravid_Uterus426.jpg,Adenomyosis in Gravid Uterus
C:\Users\HishamMo\Desktop\999_cs\Quantum_Inpired_PSO_Classifcation\MRI_dataset\Adenomyosis in Gravid Uterus\Adenomyosis_in_Gravid_Uterus427.jpg,Adenomyosis in Gravid Uterus
C:\Users\HishamMo\Desktop\999_cs\Quantum_Inpired_PSO_Classifcation\MRI_dataset\Adenomyosis in Gravid Uterus\Adenomyosis_in_Gravid_Uterus428.jpg,Adenomyosis in Gravid Uterus
C:\Users\HishamMo\Desktop\999_cs\Quantum_Inpired_PSO_Classifcation\MRI_dataset\Adenomyosis in Gravid Uterus\Adenomyosis_in_Gravid_Uterus429.jpg,Adenomyosis in Gravid Uterus
C:\Users\HishamMo\Desktop\999_cs\Quantum_Inpired_PSO_Classifcation\MRI_dataset\Adenomyosis in Gravid Uterus\Adenomyosis_in_Gravid_Uterus430.jpg,Adenomyosis in Gravid Uterus
C:\Users\HishamMo\Desktop\999_cs\Quantum_Inpired_PSO_Classifcation\MRI_dataset\Adenomyosis in Gravid Uterus\Adenomyosis_in_Gravid_Uterus431.jpg,Adenomyosis in Gravid Uterus
C:\Users\HishamMo\Desktop\999_cs\Quantum_Inpired_PSO_Classifcation\MRI_dataset\Adenomyosis in Gravid Uterus\Adenomyosis_in_Gravid_Uterus432.jpg,Adenomyosis in Gravid Uterus
C:\Users\HishamMo\Desktop\999_cs\Quantum_Inpired_PSO_Classifcation\MRI_dataset\Adenomyosis in Gravid Uterus\Adenomyosis_in_Gravid_Uterus433.jpg,Adenomyosis in Gravid Uterus
C:\Users\HishamMo\Desktop\999_cs\Quantum_Inpired_PSO_Classifcation\MRI_dataset\Adenomyosis in Gravid Uterus\Adenomyosis_in_Gravid_Uterus434.jpg,Adenomyosis in Gravid Uterus
C:\Users\HishamMo\Desktop\999_cs\Quantum_Inpired_PSO_Classifcation\MRI_dataset\Adenomyosis in Gravid Uterus\Adenomyosis_in_Gravid_Uterus435.jpg,Adenomyosis in Gravid Uterus
C:\Users\HishamMo\Desktop\999_cs\Quantum_Inpired_PSO_Classifcation\MRI_dataset\Adenomyosis in Gravid Uterus\Adenomyosis_in_Gravid_Uterus436.jpg,Adenomyosis in Gravid Uterus
C:\Users\HishamMo\Desktop\999_cs\Quantum_Inpired_PSO_Classifcation\MRI_dataset\Adenomyosis in Gravid Uterus\Adenomyosis_in_Gravid_Uterus437.jpg,Adenomyosis in Gravid Uterus
C:\Users\HishamMo\Desktop\999_cs\Quantum_Inpired_PSO_Classifcation\MRI_dataset\Adenomyosis in Gravid Uterus\Adenomyosis_in_Gravid_Uterus438.jpg,Adenomyosis in Gravid Uterus
C:\Users\HishamMo\Desktop\999_cs\Quantum_Inpired_PSO_Classifcation\MRI_dataset\Adenomyosis in Gravid Uterus\Adenomyosis_in_Gravid_Uterus439.jpg,Adenomyosis in Gravid Uterus
C:\Users\HishamMo\Desktop\999_cs\Quantum_Inpired_PSO_Classifcation\MRI_dataset\Adenomyosis in Gravid Uterus\Adenomyosis_in_Gravid_Uterus440.jpg,Adenomyosis in Gravid Uterus
C:\Users\HishamMo\Desktop\999_cs\Quantum_Inpired_PSO_Classifcation\MRI_dataset\Adenomyosis in Gravid Uterus\Adenomyosis_in_Gravid_Uterus441.jpg,Adenomyosis in Gravid Uterus
C:\Users\HishamMo\Desktop\999_cs\Quantum_Inpired_PSO_Classifcation\MRI_dataset\Adenomyosis in Gravid Uterus\Adenomyosis_in_Gravid_Uterus442.jpg,Adenomyosis in Gravid Uterus
C:\Users\HishamMo\Desktop\999_cs\Quantum_Inpired_PSO_Classifcation\MRI_dataset\Adenomyosis in Gravid Uterus\Adenomyosis_in_Gravid_Uterus443.jpg,Adenomyosis in Gravid Uterus
C:\Users\HishamMo\Desktop\999_cs\Quantum_Inpired_PSO_Classifcation\MRI_dataset\Adenomyosis in Gravid Uterus\Adenomyosis_in_Gravid_Uterus444.jpg,Adenomyosis in Gravid Uterus
C:\Users\HishamMo\Desktop\999_cs\Quantum_Inpired_PSO_Classifcation\MRI_dataset\Adenomyosis in Gravid Uterus\Adenomyosis_in_Gravid_Uterus445.jpg,Adenomyosis in Gravid Uterus
C:\Users\HishamMo\Desktop\999_cs\Quantum_Inpired_PSO_Classifcation\MRI_dataset\Adenomyosis in Gravid Uterus\Adenomyosis_in_Gravid_Uterus446.jpg,Adenomyosis in Gravid Uterus
C:\Users\HishamMo\Desktop\999_cs\Quantum_Inpired_PSO_Classifcation\MRI_dataset\Adenomyosis in Gravid Uterus\Adenomyosis_in_Gravid_Uterus447.jpg,Adenomyosis in Gravid Uterus
C:\Users\HishamMo\Desktop\999_cs\Quantum_Inpired_PSO_Classifcation\MRI_dataset\Adenomyosis in Gravid Uterus\Adenomyosis_in_Gravid_Uterus448.jpg,Adenomyosis in Gravid Uterus
C:\Users\HishamMo\Desktop\999_cs\Quantum_Inpired_PSO_Classifcation\MRI_dataset\Adenomyosis in Gravid Uterus\Adenomyosis_in_Gravid_Uterus449.jpg,Adenomyosis in Gravid Uterus
C:\Users\HishamMo\Desktop\999_cs\Quantum_Inpired_PSO_Classifcation\MRI_dataset\Adenomyosis in Gravid Uterus\Adenomyosis_in_Gravid_Uterus450.jpg,Adenomyosis in Gravid Uterus
C:\Users\HishamMo\Desktop\999_cs\Quantum_Inpired_PSO_Classifcation\MRI_dataset\Adenomyosis in Gravid Uterus\Adenomyosis_in_Gravid_Uterus451.jpg,Adenomyosis in Gravid Uterus
C:\Users\HishamMo\Desktop\999_cs\Quantum_Inpired_PSO_Classifcation\MRI_dataset\Adenomyosis in Gravid Uterus\Adenomyosis_in_Gravid_Uterus452.jpg,Adenomyosis in Gravid Uterus
C:\Users\HishamMo\Desktop\999_cs\Quantum_Inpired_PSO_Classifcation\MRI_dataset\Adenomyosis in Gravid Uterus\Adenomyosis_in_Gravid_Uterus453.jpg,Adenomyosis in Gravid Uterus
C:\Users\HishamMo\Desktop\999_cs\Quantum_Inpired_PSO_Classifcation\MRI_dataset\Adenomyosis in Gravid Uterus\Adenomyosis_in_Gravid_Uterus454.jpg,Adenomyosis in Gravid Uterus
C:\Users\HishamMo\Desktop\999_cs\Quantum_Inpired_PSO_Classifcation\MRI_dataset\Adenomyosis in Gravid Uterus\Adenomyosis_in_Gravid_Uterus455.jpg,Adenomyosis in Gravid Uterus
C:\Users\HishamMo\Desktop\999_cs\Quantum_Inpired_PSO_Classifcation\MRI_dataset\Adenomyosis in Gravid Uterus\Adenomyosis_in_Gravid_Uterus456.jpg,Adenomyosis in Gravid Uterus
C:\Users\HishamMo\Desktop\999_cs\Quantum_Inpired_PSO_Classifcation\MRI_dataset\Adenomyosis in Gravid Uterus\Adenomyosis_in_Gravid_Uterus457.jpg,Adenomyosis in Gravid Uterus
C:\Users\HishamMo\Desktop\999_cs\Quantum_Inpired_PSO_Classifcation\MRI_dataset\Adenomyosis in Gravid Uterus\Adenomyosis_in_Gravid_Uterus458.jpg,Adenomyosis in Gravid Uterus
C:\Users\HishamMo\Desktop\999_cs\Quantum_Inpired_PSO_Classifcation\MRI_dataset\Adenomyosis in Gravid Uterus\Adenomyosis_in_Gravid_Uterus459.jpg,Adenomyosis in Gravid Uterus
C:\Users\HishamMo\Desktop\999_cs\Quantum_Inpired_PSO_Classifcation\MRI_dataset\Adenomyosis in Gravid Uterus\Adenomyosis_in_Gravid_Uterus460.jpg,Adenomyosis in Gravid Uterus
C:\Users\HishamMo\Desktop\999_cs\Quantum_Inpired_PSO_Classifcation\MRI_dataset\Adenomyosis in Gravid Uterus\Adenomyosis_in_Gravid_Uterus461.jpg,Adenomyosis in Gravid Uterus
C:\Users\HishamMo\Desktop\999_cs\Quantum_Inpired_PSO_Classifcation\MRI_dataset\Adenomyosis in Gravid Uterus\Adenomyosis_in_Gravid_Uterus462.jpg,Adenomyosis in Gravid Uterus
C:\Users\HishamMo\Desktop\999_cs\Quantum_Inpired_PSO_Classifcation\MRI_dataset\Adenomyosis in Gravid Uterus\Adenomyosis_in_Gravid_Uterus463.jpg,Adenomyosis in Gravid Uterus
C:\Users\HishamMo\Desktop\999_cs\Quantum_Inpired_PSO_Classifcation\MRI_dataset\Adenomyosis in Gravid Uterus\Adenomyosis_in_Gravid_Uterus464.jpg,Adenomyosis in Gravid Uterus
C:\Users\HishamMo\Desktop\999_cs\Quantum_Inpired_PSO_Classifcation\MRI_dataset\Adenomyosis in Gravid Uterus\Adenomyosis_in_Gravid_Uterus465.jpg,Adenomyosis in Gravid Uterus
C:\Users\HishamMo\Desktop\999_cs\Quantum_Inpired_PSO_Classifcation\MRI_dataset\Adenomyosis in Gravid Uterus\Adenomyosis_in_Gravid_Uterus466.jpg,Adenomyosis in Gravid Uterus
C:\Users\HishamMo\Desktop\999_cs\Quantum_Inpired_PSO_Classifcation\MRI_dataset\Adenomyosis in Gravid Uterus\Adenomyosis_in_Gravid_Uterus467.jpg,Adenomyosis in Gravid Uterus
C:\Users\HishamMo\Desktop\999_cs\Quantum_Inpired_PSO_Classifcation\MRI_dataset\Adenomyosis in Gravid Uterus\Adenomyosis_in_Gravid_Uterus468.jpg,Adenomyosis in Gravid Uterus
C:\Users\HishamMo\Desktop\999_cs\Quantum_Inpired_PSO_Classifcation\MRI_dataset\Adenomyosis in Gravid Uterus\Adenomyosis_in_Gravid_Uterus469.jpg,Adenomyosis in Gravid Uterus
C:\Users\HishamMo\Desktop\999_cs\Quantum_Inpired_PSO_Classifcation\MRI_dataset\Adenomyosis in Gravid Uterus\Adenomyosis_in_Gravid_Uterus470.jpg,Adenomyosis in Gravid Uterus
C:\Users\HishamMo\Desktop\999_cs\Quantum_Inpired_PSO_Classifcation\MRI_dataset\Adenomyosis in Gravid Uterus\Adenomyosis_in_Gravid_Uterus471.jpg,Adenomyosis in Gravid Uterus
C:\Users\HishamMo\Desktop\999_cs\Quantum_Inpired_PSO_Classifcation\MRI_dataset\Adenomyosis in Gravid Uterus\Adenomyosis_in_Gravid_Uterus472.jpg,Adenomyosis in Gravid Uterus
C:\Users\HishamMo\Desktop\999_cs\Quantum_Inpired_PSO_Classifcation\MRI_dataset\Adenomyosis in Gravid Uterus\Adenomyosis_in_Gravid_Uterus473.jpg,Adenomyosis in Gravid Uterus
C:\Users\HishamMo\Desktop\999_cs\Quantum_Inpired_PSO_Classifcation\MRI_dataset\Adenomyosis in Gravid Uterus\Adenomyosis_in_Gravid_Uterus474.jpg,Adenomyosis in Gravid Uterus
C:\Users\HishamMo\Desktop\999_cs\Quantum_Inpired_PSO_Classifcation\MRI_dataset\Adenomyosis in Gravid Uterus\Adenomyosis_in_Gravid_Uterus475.jpg,Adenomyosis in Gravid Uterus
C:\Users\HishamMo\Desktop\999_cs\Quantum_Inpired_PSO_Classifcation\MRI_dataset\Adenomyosis in Gravid Uterus\Adenomyosis_in_Gravid_Uterus476.jpg,Adenomyosis in Gravid Uterus
C:\Users\HishamMo\Desktop\999_cs\Quantum_Inpired_PSO_Classifcation\MRI_dataset\Adenomyosis in Gravid Uterus\Adenomyosis_in_Gravid_Uterus477.jpg,Adenomyosis in Gravid Uterus
C:\Users\HishamMo\Desktop\999_cs\Quantum_Inpired_PSO_Classifcation\MRI_dataset\Adenomyosis in Gravid Uterus\Adenomyosis_in_Gravid_Uterus478.jpg,Adenomyosis in Gravid Uterus
C:\Users\HishamMo\Desktop\999_cs\Quantum_Inpired_PSO_Classifcation\MRI_dataset\Adenomyosis in Gravid Uterus\Adenomyosis_in_Gravid_Uterus479.jpg,Adenomyosis in Gravid Uterus
C:\Users\HishamMo\Desktop\999_cs\Quantum_Inpired_PSO_Classifcation\MRI_dataset\Adenomyosis in Gravid Uterus\Adenomyosis_in_Gravid_Uterus480.jpg,Adenomyosis in Gravid Uterus
C:\Users\HishamMo\Desktop\999_cs\Quantum_Inpired_PSO_Classifcation\MRI_dataset\Adenomyosis in Gravid Uterus\Adenomyosis_in_Gravid_Uterus481.jpg,Adenomyosis in Gravid Uterus
C:\Users\HishamMo\Desktop\999_cs\Quantum_Inpired_PSO_Classifcation\MRI_dataset\Adenomyosis in Gravid Uterus\Adenomyosis_in_Gravid_Uterus482.jpg,Adenomyosis in Gravid Uterus
C:\Users\HishamMo\Desktop\999_cs\Quantum_Inpired_PSO_Classifcation\MRI_dataset\Adenomyosis in Gravid Uterus\Adenomyosis_in_Gravid_Uterus483.jpg,Adenomyosis in Gravid Uterus
C:\Users\HishamMo\Desktop\999_cs\Quantum_Inpired_PSO_Classifcation\MRI_dataset\Adenomyosis in Gravid Uterus\Adenomyosis_in_Gravid_Uterus484.jpg,Adenomyosis in Gravid Uterus
C:\Users\HishamMo\Desktop\999_cs\Quantum_Inpired_PSO_Classifcation\MRI_dataset\Adenomyosis in Gravid Uterus\Adenomyosis_in_Gravid_Uterus485.jpg,Adenomyosis in Gravid Uterus
C:\Users\HishamMo\Desktop\999_cs\Quantum_Inpired_PSO_Classifcation\MRI_dataset\Adenomyosis in Gravid Uterus\Adenomyosis_in_Gravid_Uterus486.jpg,Adenomyosis in Gravid Uterus
C:\Users\HishamMo\Desktop\999_cs\Quantum_Inpired_PSO_Classifcation\MRI_dataset\Adenomyosis in Gravid Uterus\Adenomyosis_in_Gravid_Uterus487.jpg,Adenomyosis in Gravid Uterus
C:\Users\HishamMo\Desktop\999_cs\Quantum_Inpired_PSO_Classifcation\MRI_dataset\Adenomyosis in Gravid Uterus\Adenomyosis_in_Gravid_Uterus488.jpg,Adenomyosis in Gravid Uterus
C:\Users\HishamMo\Desktop\999_cs\Quantum_Inpired_PSO_Classifcation\MRI_dataset\Adenomyosis in Gravid Uterus\Adenomyosis_in_Gravid_Uterus489.jpg,Adenomyosis in Gravid Uterus
C:\Users\HishamMo\Desktop\999_cs\Quantum_Inpired_PSO_Classifcation\MRI_dataset\Adenomyosis in Gravid Uterus\Adenomyosis_in_Gravid_Uterus490.jpg,Adenomyosis in Gravid Uterus
C:\Users\HishamMo\Desktop\999_cs\Quantum_Inpired_PSO_Classifcation\MRI_dataset\Adenomyosis in Gravid Uterus\Adenomyosis_in_Gravid_Uterus491.jpg,Adenomyosis in Gravid Uterus
C:\Users\HishamMo\Desktop\999_cs\Quantum_Inpired_PSO_Classifcation\MRI_dataset\Adenomyosis in Gravid Uterus\Adenomyosis_in_Gravid_Uterus492.jpg,Adenomyosis in Gravid Uterus
C:\Users\HishamMo\Desktop\999_cs\Quantum_Inpired_PSO_Classifcation\MRI_dataset\Adenomyosis in Gravid Uterus\Adenomyosis_in_Gravid_Uterus493.jpg,Adenomyosis in Gravid Uterus
C:\Users\HishamMo\Desktop\999_cs\Quantum_Inpired_PSO_Classifcation\MRI_dataset\Adenomyosis in Gravid Uterus\Adenomyosis_in_Gravid_Uterus494.jpg,Adenomyosis in Gravid Uterus
C:\Users\HishamMo\Desktop\999_cs\Quantum_Inpired_PSO_Classifcation\MRI_dataset\Adenomyosis in Gravid Uterus\Adenomyosis_in_Gravid_Uterus495.jpg,Adenomyosis in Gravid Uterus
C:\Users\HishamMo\Desktop\999_cs\Quantum_Inpired_PSO_Classifcation\MRI_dataset\Adenomyosis in Gravid Uterus\Adenomyosis_in_Gravid_Uterus496.jpg,Adenomyosis in Gravid Uterus
C:\Users\HishamMo\Desktop\999_cs\Quantum_Inpired_PSO_Classifcation\MRI_dataset\Adenomyosis in Gravid Uterus\Adenomyosis_in_Gravid_Uterus497.jpg,Adenomyosis in Gravid Uterus
C:\Users\HishamMo\Desktop\999_cs\Quantum_Inpired_PSO_Classifcation\MRI_dataset\Adenomyosis in Gravid Uterus\Adenomyosis_in_Gravid_Uterus498.jpg,Adenomyosis in Gravid Uterus
C:\Users\HishamMo\Desktop\999_cs\Quantum_Inpired_PSO_Classifcation\MRI_dataset\Adenomyosis in Gravid Uterus\Adenomyosis_in_Gravid_Uterus499.jpg,Adenomyosis in Gravid Uterus
C:\Users\HishamMo\Desktop\999_cs\Quantum_Inpired_PSO_Classifcation\MRI_dataset\Adenomyosis in Gravid Uterus\Adenomyosis_in_Gravid_Uterus500.jpg,Adenomyosis in Gravid Uterus
C:\Users\HishamMo\Desktop\999_cs\Quantum_Inpired_PSO_Classifcation\MRI_dataset\Adenomyosis in Gravid Uterus\Adenomyosis_in_Gravid_Uterus501.jpg,Adenomyosis in Gravid Uterus
C:\Users\HishamMo\Desktop\999_cs\Quantum_Inpired_PSO_Classifcation\MRI_dataset\Adenomyosis in Gravid Uterus\Adenomyosis_in_Gravid_Uterus502.jpg,Adenomyosis in Gravid Uterus
C:\Users\HishamMo\Desktop\999_cs\Quantum_Inpired_PSO_Classifcation\MRI_dataset\Adenomyosis in Gravid Uterus\Adenomyosis_in_Gravid_Uterus503.jpg,Adenomyosis in Gravid Uterus
C:\Users\HishamMo\Desktop\999_cs\Quantum_Inpired_PSO_Classifcation\MRI_dataset\Adenomyosis in Gravid Uterus\Adenomyosis_in_Gravid_Uterus504.jpg,Adenomyosis in Gravid Uterus
C:\Users\HishamMo\Desktop\999_cs\Quantum_Inpired_PSO_Classifcation\MRI_dataset\Adenomyosis in Gravid Uterus\Adenomyosis_in_Gravid_Uterus505.jpg,Adenomyosis in Gravid Uterus
C:\Users\HishamMo\Desktop\999_cs\Quantum_Inpired_PSO_Classifcation\MRI_dataset\Adenomyosis in Gravid Uterus\Adenomyosis_in_Gravid_Uterus506.jpg,Adenomyosis in Gravid Uterus
C:\Users\HishamMo\Desktop\999_cs\Quantum_Inpired_PSO_Classifcation\MRI_dataset\Adenomyosis in Gravid Uterus\Adenomyosis_in_Gravid_Uterus507.jpg,Adenomyosis in Gravid Uterus
C:\Users\HishamMo\Desktop\999_cs\Quantum_Inpired_PSO_Classifcation\MRI_dataset\Adenomyosis in Gravid Uterus\Adenomyosis_in_Gravid_Uterus508.jpg,Adenomyosis in Gravid Uterus
C:\Users\HishamMo\Desktop\999_cs\Quantum_Inpired_PSO_Classifcation\MRI_dataset\Adenomyosis in Gravid Uterus\Adenomyosis_in_Gravid_Uterus509.jpg,Adenomyosis in Gravid Uterus
C:\Users\HishamMo\Desktop\999_cs\Quantum_Inpired_PSO_Classifcation\MRI_dataset\Adenomyosis in Gravid Uterus\Adenomyosis_in_Gravid_Uterus510.jpg,Adenomyosis in Gravid Uterus
C:\Users\HishamMo\Desktop\999_cs\Quantum_Inpired_PSO_Classifcation\MRI_dataset\Adenomyosis in Gravid Uterus\Adenomyosis_in_Gravid_Uterus511.jpg,Adenomyosis in Gravid Uterus
C:\Users\HishamMo\Desktop\999_cs\Quantum_Inpired_PSO_Classifcation\MRI_dataset\Adenomyosis in Gravid Uterus\Adenomyosis_in_Gravid_Uterus512.jpg,Adenomyosis in Gravid Uterus
C:\Users\HishamMo\Desktop\999_cs\Quantum_Inpired_PSO_Classifcation\MRI_dataset\Adenomyosis in Gravid Uterus\Adenomyosis_in_Gravid_Uterus513.jpg,Adenomyosis in Gravid Uterus
C:\Users\HishamMo\Desktop\999_cs\Quantum_Inpired_PSO_Classifcation\MRI_dataset\Adenomyosis in Gravid Uterus\Adenomyosis_in_Gravid_Uterus514.jpg,Adenomyosis in Gravid Uterus
C:\Users\HishamMo\Desktop\999_cs\Quantum_Inpired_PSO_Classifcation\MRI_dataset\Adenomyosis in Gravid Uterus\Adenomyosis_in_Gravid_Uterus515.jpg,Adenomyosis in Gravid Uterus
C:\Users\HishamMo\Desktop\999_cs\Quantum_Inpired_PSO_Classifcation\MRI_dataset\Adenomyosis in Gravid Uterus\Adenomyosis_in_Gravid_Uterus516.jpg,Adenomyosis in Gravid Uterus
C:\Users\HishamMo\Desktop\999_cs\Quantum_Inpired_PSO_Classifcation\MRI_dataset\Adenomyosis in Gravid Uterus\Adenomyosis_in_Gravid_Uterus517.jpg,Adenomyosis in Gravid Uterus
C:\Users\HishamMo\Desktop\999_cs\Quantum_Inpired_PSO_Classifcation\MRI_dataset\Adenomyosis in Gravid Uterus\Adenomyosis_in_Gravid_Uterus518.jpg,Adenomyosis in Gravid Uterus
C:\Users\HishamMo\Desktop\999_cs\Quantum_Inpired_PSO_Classifcation\MRI_dataset\Adenomyosis in Gravid Uterus\Adenomyosis_in_Gravid_Uterus519.jpg,Adenomyosis in Gravid Uterus
C:\Users\HishamMo\Desktop\999_cs\Quantum_Inpired_PSO_Classifcation\MRI_dataset\Adenomyosis in Gravid Uterus\Adenomyosis_in_Gravid_Uterus520.jpg,Adenomyosis in Gravid Uterus
C:\Users\HishamMo\Desktop\999_cs\Quantum_Inpired_PSO_Classifcation\MRI_dataset\Adenomyosis in Gravid Uterus\Adenomyosis_in_Gravid_Uterus521.jpg,Adenomyosis in Gravid Uterus
C:\Users\HishamMo\Desktop\999_cs\Quantum_Inpired_PSO_Classifcation\MRI_dataset\Adenomyosis in Gravid Uterus\Adenomyosis_in_Gravid_Uterus522.jpg,Adenomyosis in Gravid Uterus
C:\Users\HishamMo\Desktop\999_cs\Quantum_Inpired_PSO_Classifcation\MRI_dataset\Adenomyosis in Gravid Uterus\Adenomyosis_in_Gravid_Uterus523.jpg,Adenomyosis in Gravid Uterus
C:\Users\HishamMo\Desktop\999_cs\Quantum_Inpired_PSO_Classifcation\MRI_dataset\Adenomyosis in Gravid Uterus\Adenomyosis_in_Gravid_Uterus524.jpg,Adenomyosis in Gravid Uterus
C:\Users\HishamMo\Desktop\999_cs\Quantum_Inpired_PSO_Classifcation\MRI_dataset\Adenomyosis in Gravid Uterus\Adenomyosis_in_Gravid_Uterus525.jpg,Adenomyosis in Gravid Uterus
C:\Users\HishamMo\Desktop\999_cs\Quantum_Inpired_PSO_Classifcation\MRI_dataset\Adenomyosis in Gravid Uterus\Adenomyosis_in_Gravid_Uterus526.jpg,Adenomyosis in Gravid Uterus
C:\Users\HishamMo\Desktop\999_cs\Quantum_Inpired_PSO_Classifcation\MRI_dataset\Adenomyosis in Gravid Uterus\Adenomyosis_in_Gravid_Uterus527.jpg,Adenomyosis in Gravid Uterus
C:\Users\HishamMo\Desktop\999_cs\Quantum_Inpired_PSO_Classifcation\MRI_dataset\Adenomyosis in Gravid Uterus\Adenomyosis_in_Gravid_Uterus528.jpg,Adenomyosis in Gravid Uterus
C:\Users\HishamMo\Desktop\999_cs\Quantum_Inpired_PSO_Classifcation\MRI_dataset\Adenomyosis in Gravid Uterus\Adenomyosis_in_Gravid_Uterus529.jpg,Adenomyosis in Gravid Uterus
C:\Users\HishamMo\Desktop\999_cs\Quantum_Inpired_PSO_Classifcation\MRI_dataset\Adenomyosis in Gravid Uterus\Adenomyosis_in_Gravid_Uterus530.jpg,Adenomyosis in Gravid Uterus
C:\Users\HishamMo\Desktop\999_cs\Quantum_Inpired_PSO_Classifcation\MRI_dataset\Adenomyosis in Gravid Uterus\Adenomyosis_in_Gravid_Uterus531.jpg,Adenomyosis in Gravid Uterus
C:\Users\HishamMo\Desktop\999_cs\Quantum_Inpired_PSO_Classifcation\MRI_dataset\Adenomyosis in Gravid Uterus\Adenomyosis_in_Gravid_Uterus532.jpg,Adenomyosis in Gravid Uterus
C:\Users\HishamMo\Desktop\999_cs\Quantum_Inpired_PSO_Classifcation\MRI_dataset\Adenomyosis in Gravid Uterus\Adenomyosis_in_Gravid_Uterus533.jpg,Adenomyosis in Gravid Uterus
C:\Users\HishamMo\Desktop\999_cs\Quantum_Inpired_PSO_Classifcation\MRI_dataset\Adenomyosis in Gravid Uterus\Adenomyosis_in_Gravid_Uterus534.jpg,Adenomyosis in Gravid Uterus
C:\Users\HishamMo\Desktop\999_cs\Quantum_Inpired_PSO_Classifcation\MRI_dataset\Adenomyosis in Gravid Uterus\Adenomyosis_in_Gravid_Uterus535.jpg,Adenomyosis in Gravid Uterus
C:\Users\HishamMo\Desktop\999_cs\Quantum_Inpired_PSO_Classifcation\MRI_dataset\Adenomyosis in Gravid Uterus\Adenomyosis_in_Gravid_Uterus536.jpg,Adenomyosis in Gravid Uterus
C:\Users\HishamMo\Desktop\999_cs\Quantum_Inpired_PSO_Classifcation\MRI_dataset\Adenomyosis in Gravid Uterus\Adenomyosis_in_Gravid_Uterus537.jpg,Adenomyosis in Gravid Uterus
C:\Users\HishamMo\Desktop\999_cs\Quantum_Inpired_PSO_Classifcation\MRI_dataset\Adenomyosis in Gravid Uterus\Adenomyosis_in_Gravid_Uterus538.jpg,Adenomyosis in Gravid Uterus
C:\Users\HishamMo\Desktop\999_cs\Quantum_Inpired_PSO_Classifcation\MRI_dataset\Adenomyosis in Gravid Uterus\Adenomyosis_in_Gravid_Uterus539.jpg,Adenomyosis in Gravid Uterus
C:\Users\HishamMo\Desktop\999_cs\Quantum_Inpired_PSO_Classifcation\MRI_dataset\Adenomyosis in Gravid Uterus\Adenomyosis_in_Gravid_Uterus540.jpg,Adenomyosis in Gravid Uterus
C:\Users\HishamMo\Desktop\999_cs\Quantum_Inpired_PSO_Classifcation\MRI_dataset\Adenomyosis in Gravid Uterus\Adenomyosis_in_Gravid_Uterus541.jpg,Adenomyosis in Gravid Uterus
C:\Users\HishamMo\Desktop\999_cs\Quantum_Inpired_PSO_Classifcation\MRI_dataset\Adenomyosis in Gravid Uterus\Adenomyosis_in_Gravid_Uterus542.jpg,Adenomyosis in Gravid Uterus
C:\Users\HishamMo\Desktop\999_cs\Quantum_Inpired_PSO_Classifcation\MRI_dataset\Adenomyosis in Gravid Uterus\Adenomyosis_in_Gravid_Uterus543.jpg,Adenomyosis in Gravid Uterus
C:\Users\HishamMo\Desktop\999_cs\Quantum_Inpired_PSO_Classifcation\MRI_dataset\Adenomyosis in Gravid Uterus\Adenomyosis_in_Gravid_Uterus544.jpg,Adenomyosis in Gravid Uterus
C:\Users\HishamMo\Desktop\999_cs\Quantum_Inpired_PSO_Classifcation\MRI_dataset\Adenomyosis in Gravid Uterus\Adenomyosis_in_Gravid_Uterus545.jpg,Adenomyosis in Gravid Uterus
C:\Users\HishamMo\Desktop\999_cs\Quantum_Inpired_PSO_Classifcation\MRI_dataset\Adenomyosis in Gravid Uterus\Adenomyosis_in_Gravid_Uterus546.jpg,Adenomyosis in Gravid Uterus
C:\Users\HishamMo\Desktop\999_cs\Quantum_Inpired_PSO_Classifcation\MRI_dataset\Adenomyosis in Gravid Uterus\Adenomyosis_in_Gravid_Uterus547.jpg,Adenomyosis in Gravid Uterus
C:\Users\HishamMo\Desktop\999_cs\Quantum_Inpired_PSO_Classifcation\MRI_dataset\Adenomyosis in Gravid Uterus\Adenomyosis_in_Gravid_Uterus548.jpg,Adenomyosis in Gravid Uterus
C:\Users\HishamMo\Desktop\999_cs\Quantum_Inpired_PSO_Classifcation\MRI_dataset\Adenomyosis in Gravid Uterus\Adenomyosis_in_Gravid_Uterus549.jpg,Adenomyosis in Gravid Uterus
C:\Users\HishamMo\Desktop\999_cs\Quantum_Inpired_PSO_Classifcation\MRI_dataset\Adenomyosis in Gravid Uterus\Adenomyosis_in_Gravid_Uterus550.jpg,Adenomyosis in Gravid Uterus
C:\Users\HishamMo\Desktop\999_cs\Quantum_Inpired_PSO_Classifcation\MRI_dataset\Adenomyosis in Gravid Uterus\Adenomyosis_in_Gravid_Uterus551.jpg,Adenomyosis in Gravid Uterus
C:\Users\HishamMo\Desktop\999_cs\Quantum_Inpired_PSO_Classifcation\MRI_dataset\Adenomyosis in Gravid Uterus\Adenomyosis_in_Gravid_Uterus552.jpg,Adenomyosis in Gravid Uterus
C:\Users\HishamMo\Desktop\999_cs\Quantum_Inpired_PSO_Classifcation\MRI_dataset\Adenomyosis in Gravid Uterus\Adenomyosis_in_Gravid_Uterus553.jpg,Adenomyosis in Gravid Uterus
C:\Users\HishamMo\Desktop\999_cs\Quantum_Inpired_PSO_Classifcation\MRI_dataset\Adenomyosis in Gravid Uterus\Adenomyosis_in_Gravid_Uterus554.jpg,Adenomyosis in Gravid Uterus
C:\Users\HishamMo\Desktop\999_cs\Quantum_Inpired_PSO_Classifcation\MRI_dataset\Adenomyosis in Gravid Uterus\Adenomyosis_in_Gravid_Uterus555.jpg,Adenomyosis in Gravid Uterus
C:\Users\HishamMo\Desktop\999_cs\Quantum_Inpired_PSO_Classifcation\MRI_dataset\Adenomyosis in Gravid Uterus\Adenomyosis_in_Gravid_Uterus556.jpg,Adenomyosis in Gravid Uterus
C:\Users\HishamMo\Desktop\999_cs\Quantum_Inpired_PSO_Classifcation\MRI_dataset\Adenomyosis in Gravid Uterus\Adenomyosis_in_Gravid_Uterus557.jpg,Adenomyosis in Gravid Uterus
C:\Users\HishamMo\Desktop\999_cs\Quantum_Inpired_PSO_Classifcation\MRI_dataset\Adenomyosis in Gravid Uterus\Adenomyosis_in_Gravid_Uterus558.jpg,Adenomyosis in Gravid Uterus
C:\Users\HishamMo\Desktop\999_cs\Quantum_Inpired_PSO_Classifcation\MRI_dataset\Adenomyosis in Gravid Uterus\Adenomyosis_in_Gravid_Uterus559.jpg,Adenomyosis in Gravid Uterus
C:\Users\HishamMo\Desktop\999_cs\Quantum_Inpired_PSO_Classifcation\MRI_dataset\Adenomyosis in Gravid Uterus\Adenomyosis_in_Gravid_Uterus560.jpg,Adenomyosis in Gravid Uterus
C:\Users\HishamMo\Desktop\999_cs\Quantum_Inpired_PSO_Classifcation\MRI_dataset\Adenomyosis in Gravid Uterus\Adenomyosis_in_Gravid_Uterus561.jpg,Adenomyosis in Gravid Uterus
C:\Users\HishamMo\Desktop\999_cs\Quantum_Inpired_PSO_Classifcation\MRI_dataset\Adenomyosis in Gravid Uterus\Adenomyosis_in_Gravid_Uterus562.jpg,Adenomyosis in Gravid Uterus
C:\Users\HishamMo\Desktop\999_cs\Quantum_Inpired_PSO_Classifcation\MRI_dataset\Adenomyosis in Gravid Uterus\Adenomyosis_in_Gravid_Uterus563.jpg,Adenomyosis in Gravid Uterus
C:\Users\HishamMo\Desktop\999_cs\Quantum_Inpired_PSO_Classifcation\MRI_dataset\Adenomyosis in Gravid Uterus\Adenomyosis_in_Gravid_Uterus564.jpg,Adenomyosis in Gravid Uterus
C:\Users\HishamMo\Desktop\999_cs\Quantum_Inpired_PSO_Classifcation\MRI_dataset\Adenomyosis in Gravid Uterus\Adenomyosis_in_Gravid_Uterus565.jpg,Adenomyosis in Gravid Uterus
C:\Users\HishamMo\Desktop\999_cs\Quantum_Inpired_PSO_Classifcation\MRI_dataset\Adenomyosis in Gravid Uterus\Adenomyosis_in_Gravid_Uterus566.jpg,Adenomyosis in Gravid Uterus
C:\Users\HishamMo\Desktop\999_cs\Quantum_Inpired_PSO_Classifcation\MRI_dataset\Adenomyosis in Gravid Uterus\Adenomyosis_in_Gravid_Uterus567.jpg,Adenomyosis in Gravid Uterus
C:\Users\HishamMo\Desktop\999_cs\Quantum_Inpired_PSO_Classifcation\MRI_dataset\Adenomyosis in Gravid Uterus\Adenomyosis_in_Gravid_Uterus568.jpg,Adenomyosis in Gravid Uterus
C:\Users\HishamMo\Desktop\999_cs\Quantum_Inpired_PSO_Classifcation\MRI_dataset\Adenomyosis in Gravid Uterus\Adenomyosis_in_Gravid_Uterus569.jpg,Adenomyosis in Gravid Uterus
C:\Users\HishamMo\Desktop\999_cs\Quantum_Inpired_PSO_Classifcation\MRI_dataset\Adenomyosis in Gravid Uterus\Adenomyosis_in_Gravid_Uterus570.jpg,Adenomyosis in Gravid Uterus
C:\Users\HishamMo\Desktop\999_cs\Quantum_Inpired_PSO_Classifcation\MRI_dataset\Adenomyosis in Gravid Uterus\Adenomyosis_in_Gravid_Uterus571.jpg,Adenomyosis in Gravid Uterus
C:\Users\HishamMo\Desktop\999_cs\Quantum_Inpired_PSO_Classifcation\MRI_dataset\Adenomyosis in Gravid Uterus\Adenomyosis_in_Gravid_Uterus572.jpg,Adenomyosis in Gravid Uterus
C:\Users\HishamMo\Desktop\999_cs\Quantum_Inpired_PSO_Classifcation\MRI_dataset\Adenomyosis in Gravid Uterus\Adenomyosis_in_Gravid_Uterus573.jpg,Adenomyosis in Gravid Uterus
C:\Users\HishamMo\Desktop\999_cs\Quantum_Inpired_PSO_Classifcation\MRI_dataset\Adenomyosis in Gravid Uterus\Adenomyosis_in_Gravid_Uterus574.jpg,Adenomyosis in Gravid Uterus
C:\Users\HishamMo\Desktop\999_cs\Quantum_Inpired_PSO_Classifcation\MRI_dataset\Adenomyosis in Gravid Uterus\Adenomyosis_in_Gravid_Uterus575.jpg,Adenomyosis in Gravid Uterus
C:\Users\HishamMo\Desktop\999_cs\Quantum_Inpired_PSO_Classifcation\MRI_dataset\Adenomyosis in Gravid Uterus\Adenomyosis_in_Gravid_Uterus576.jpg,Adenomyosis in Gravid Uterus
C:\Users\HishamMo\Desktop\999_cs\Quantum_Inpired_PSO_Classifcation\MRI_dataset\Adenomyosis in Gravid Uterus\Adenomyosis_in_Gravid_Uterus577.jpg,Adenomyosis in Gravid Uterus
C:\Users\HishamMo\Desktop\999_cs\Quantum_Inpired_PSO_Classifcation\MRI_dataset\Adenomyosis in Gravid Uterus\Adenomyosis_in_Gravid_Uterus578.jpg,Adenomyosis in Gravid Uterus
C:\Users\HishamMo\Desktop\999_cs\Quantum_Inpired_PSO_Classifcation\MRI_dataset\Adenomyosis in Gravid Uterus\Adenomyosis_in_Gravid_Uterus579.jpg,Adenomyosis in Gravid Uterus
C:\Users\HishamMo\Desktop\999_cs\Quantum_Inpired_PSO_Classifcation\MRI_dataset\Adenomyosis in Gravid Uterus\Adenomyosis_in_Gravid_Uterus580.jpg,Adenomyosis in Gravid Uterus
C:\Users\HishamMo\Desktop\999_cs\Quantum_Inpired_PSO_Classifcation\MRI_dataset\Adenomyosis in Gravid Uterus\Adenomyosis_in_Gravid_Uterus581.jpg,Adenomyosis in Gravid Uterus
C:\Users\HishamMo\Desktop\999_cs\Quantum_Inpired_PSO_Classifcation\MRI_dataset\Adenomyosis in Gravid Uterus\Adenomyosis_in_Gravid_Uterus582.jpg,Adenomyosis in Gravid Uterus
C:\Users\HishamMo\Desktop\999_cs\Quantum_Inpired_PSO_Classifcation\MRI_dataset\Adenomyosis in Gravid Uterus\Adenomyosis_in_Gravid_Uterus583.jpg,Adenomyosis in Gravid Uterus
C:\Users\HishamMo\Desktop\999_cs\Quantum_Inpired_PSO_Classifcation\MRI_dataset\Adenomyosis in Gravid Uterus\Adenomyosis_in_Gravid_Uterus584.jpg,Adenomyosis in Gravid Uterus
C:\Users\HishamMo\Desktop\999_cs\Quantum_Inpired_PSO_Classifcation\MRI_dataset\Adenomyosis in Gravid Uterus\Adenomyosis_in_Gravid_Uterus585.jpg,Adenomyosis in Gravid Uterus
C:\Users\HishamMo\Desktop\999_cs\Quantum_Inpired_PSO_Classifcation\MRI_dataset\Adenomyosis in Gravid Uterus\Adenomyosis_in_Gravid_Uterus586.jpg,Adenomyosis in Gravid Uterus
C:\Users\HishamMo\Desktop\999_cs\Quantum_Inpired_PSO_Classifcation\MRI_dataset\Adenomyosis in Gravid Uterus\Adenomyosis_in_Gravid_Uterus587.jpg,Adenomyosis in Gravid Uterus
C:\Users\HishamMo\Desktop\999_cs\Quantum_Inpired_PSO_Classifcation\MRI_dataset\Adenomyosis in Gravid Uterus\Adenomyosis_in_Gravid_Uterus588.jpg,Adenomyosis in Gravid Uterus
C:\Users\HishamMo\Desktop\999_cs\Quantum_Inpired_PSO_Classifcation\MRI_dataset\Adenomyosis in Gravid Uterus\Adenomyosis_in_Gravid_Uterus589.jpg,Adenomyosis in Gravid Uterus
C:\Users\HishamMo\Desktop\999_cs\Quantum_Inpired_PSO_Classifcation\MRI_dataset\Adenomyosis in Gravid Uterus\Adenomyosis_in_Gravid_Uterus590.jpg,Adenomyosis in Gravid Uterus
C:\Users\HishamMo\Desktop\999_cs\Quantum_Inpired_PSO_Classifcation\MRI_dataset\Adenomyosis in Gravid Uterus\Adenomyosis_in_Gravid_Uterus591.jpg,Adenomyosis in Gravid Uterus
C:\Users\HishamMo\Desktop\999_cs\Quantum_Inpired_PSO_Classifcation\MRI_dataset\Adenomyosis in Gravid Uterus\Adenomyosis_in_Gravid_Uterus592.jpg,Adenomyosis in Gravid Uterus
C:\Users\HishamMo\Desktop\999_cs\Quantum_Inpired_PSO_Classifcation\MRI_dataset\Adenomyosis in Gravid Uterus\Adenomyosis_in_Gravid_Uterus593.jpg,Adenomyosis in Gravid Uterus
C:\Users\HishamMo\Desktop\999_cs\Quantum_Inpired_PSO_Classifcation\MRI_dataset\Adenomyosis in Gravid Uterus\Adenomyosis_in_Gravid_Uterus594.jpg,Adenomyosis in Gravid Uterus
C:\Users\HishamMo\Desktop\999_cs\Quantum_Inpired_PSO_Classifcation\MRI_dataset\Adenomyosis in Gravid Uterus\Adenomyosis_in_Gravid_Uterus595.jpg,Adenomyosis in Gravid Uterus
C:\Users\HishamMo\Desktop\999_cs\Quantum_Inpired_PSO_Classifcation\MRI_dataset\Adenomyosis in Gravid Uterus\Adenomyosis_in_Gravid_Uterus596.jpg,Adenomyosis in Gravid Uterus
C:\Users\HishamMo\Desktop\999_cs\Quantum_Inpired_PSO_Classifcation\MRI_dataset\Adenomyosis in Gravid Uterus\Adenomyosis_in_Gravid_Uterus597.jpg,Adenomyosis in Gravid Uterus
C:\Users\HishamMo\Desktop\999_cs\Quantum_Inpired_PSO_Classifcation\MRI_dataset\Adenomyosis in Gravid Uterus\Adenomyosis_in_Gravid_Uterus598.jpg,Adenomyosis in Gravid Uterus
C:\Users\HishamMo\Desktop\999_cs\Quantum_Inpired_PSO_Classifcation\MRI_dataset\Adenomyosis in Gravid Uterus\Adenomyosis_in_Gravid_Uterus599.jpg,Adenomyosis in Gravid Uterus
C:\Users\HishamMo\Desktop\999_cs\Quantum_Inpired_PSO_Classifcation\MRI_dataset\Adenomyosis in Gravid Uterus\Adenomyosis_in_Gravid_Uterus600.jpg,Adenomyosis in Gravid Uterus
C:\Users\HishamMo\Desktop\999_cs\Quantum_Inpired_PSO_Classifcation\MRI_dataset\Adenomyosis in Gravid Uterus\Adenomyosis_in_Gravid_Uterus601.jpg,Adenomyosis in Gravid Uterus
C:\Users\HishamMo\Desktop\999_cs\Quantum_Inpired_PSO_Classifcation\MRI_dataset\Adenomyosis in Gravid Uterus\Adenomyosis_in_Gravid_Uterus602.jpg,Adenomyosis in Gravid Uterus
C:\Users\HishamMo\Desktop\999_cs\Quantum_Inpired_PSO_Classifcation\MRI_dataset\Adenomyosis in Gravid Uterus\Adenomyosis_in_Gravid_Uterus603.jpg,Adenomyosis in Gravid Uterus
C:\Users\HishamMo\Desktop\999_cs\Quantum_Inpired_PSO_Classifcation\MRI_dataset\Adenomyosis in Gravid Uterus\Adenomyosis_in_Gravid_Uterus604.jpg,Adenomyosis in Gravid Uterus
C:\Users\HishamMo\Desktop\999_cs\Quantum_Inpired_PSO_Classifcation\MRI_dataset\Adenomyosis in Gravid Uterus\Adenomyosis_in_Gravid_Uterus605.jpg,Adenomyosis in Gravid Uterus
C:\Users\HishamMo\Desktop\999_cs\Quantum_Inpired_PSO_Classifcation\MRI_dataset\Adenomyosis in Gravid Uterus\Adenomyosis_in_Gravid_Uterus606.jpg,Adenomyosis in Gravid Uterus
C:\Users\HishamMo\Desktop\999_cs\Quantum_Inpired_PSO_Classifcation\MRI_dataset\Adenomyosis in Gravid Uterus\Adenomyosis_in_Gravid_Uterus607.jpg,Adenomyosis in Gravid Uterus
C:\Users\HishamMo\Desktop\999_cs\Quantum_Inpired_PSO_Classifcation\MRI_dataset\Adenomyosis in Gravid Uterus\Adenomyosis_in_Gravid_Uterus608.jpg,Adenomyosis in Gravid Uterus
C:\Users\HishamMo\Desktop\999_cs\Quantum_Inpired_PSO_Classifcation\MRI_dataset\Adenomyosis in Gravid Uterus\Adenomyosis_in_Gravid_Uterus609.jpg,Adenomyosis in Gravid Uterus
C:\Users\HishamMo\Desktop\999_cs\Quantum_Inpired_PSO_Classifcation\MRI_dataset\Adenomyosis in Gravid Uterus\Adenomyosis_in_Gravid_Uterus610.jpg,Adenomyosis in Gravid Uterus
C:\Users\HishamMo\Desktop\999_cs\Quantum_Inpired_PSO_Classifcation\MRI_dataset\Adenomyosis in Gravid Uterus\Adenomyosis_in_Gravid_Uterus611.jpg,Adenomyosis in Gravid Uterus
C:\Users\HishamMo\Desktop\999_cs\Quantum_Inpired_PSO_Classifcation\MRI_dataset\Adenomyosis in Gravid Uterus\Adenomyosis_in_Gravid_Uterus612.jpg,Adenomyosis in Gravid Uterus
C:\Users\HishamMo\Desktop\999_cs\Quantum_Inpired_PSO_Classifcation\MRI_dataset\Adenomyosis in Gravid Uterus\Adenomyosis_in_Gravid_Uterus613.jpg,Adenomyosis in Gravid Uterus
C:\Users\HishamMo\Desktop\999_cs\Quantum_Inpired_PSO_Classifcation\MRI_dataset\Adenomyosis in Gravid Uterus\Adenomyosis_in_Gravid_Uterus614.jpg,Adenomyosis in Gravid Uterus
C:\Users\HishamMo\Desktop\999_cs\Quantum_Inpired_PSO_Classifcation\MRI_dataset\Adenomyosis in Gravid Uterus\Adenomyosis_in_Gravid_Uterus615.jpg,Adenomyosis in Gravid Uterus
C:\Users\HishamMo\Desktop\999_cs\Quantum_Inpired_PSO_Classifcation\MRI_dataset\Adenomyosis in Gravid Uterus\Adenomyosis_in_Gravid_Uterus616.jpg,Adenomyosis in Gravid Uterus
C:\Users\HishamMo\Desktop\999_cs\Quantum_Inpired_PSO_Classifcation\MRI_dataset\Adenomyosis in Gravid Uterus\Adenomyosis_in_Gravid_Uterus617.jpg,Adenomyosis in Gravid Uterus
C:\Users\HishamMo\Desktop\999_cs\Quantum_Inpired_PSO_Classifcation\MRI_dataset\Adenomyosis in Gravid Uterus\Adenomyosis_in_Gravid_Uterus618.jpg,Adenomyosis in Gravid Uterus
C:\Users\HishamMo\Desktop\999_cs\Quantum_Inpired_PSO_Classifcation\MRI_dataset\Adenomyosis in Gravid Uterus\Adenomyosis_in_Gravid_Uterus619.jpg,Adenomyosis in Gravid Uterus
C:\Users\HishamMo\Desktop\999_cs\Quantum_Inpired_PSO_Classifcation\MRI_dataset\Adenomyosis in Gravid Uterus\Adenomyosis_in_Gravid_Uterus620.jpg,Adenomyosis in Gravid Uterus
C:\Users\HishamMo\Desktop\999_cs\Quantum_Inpired_PSO_Classifcation\MRI_dataset\Adenomyosis in Gravid Uterus\Adenomyosis_in_Gravid_Uterus621.jpg,Adenomyosis in Gravid Uterus
C:\Users\HishamMo\Desktop\999_cs\Quantum_Inpired_PSO_Classifcation\MRI_dataset\Adenomyosis in Gravid Uterus\Adenomyosis_in_Gravid_Uterus622.jpg,Adenomyosis in Gravid Uterus
C:\Users\HishamMo\Desktop\999_cs\Quantum_Inpired_PSO_Classifcation\MRI_dataset\Adenomyosis in Gravid Uterus\Adenomyosis_in_Gravid_Uterus623.jpg,Adenomyosis in Gravid Uterus
C:\Users\HishamMo\Desktop\999_cs\Quantum_Inpired_PSO_Classifcation\MRI_dataset\Adenomyosis in Gravid Uterus\Adenomyosis_in_Gravid_Uterus624.jpg,Adenomyosis in Gravid Uterus
C:\Users\HishamMo\Desktop\999_cs\Quantum_Inpired_PSO_Classifcation\MRI_dataset\Adenomyosis in Gravid Uterus\Adenomyosis_in_Gravid_Uterus625.jpg,Adenomyosis in Gravid Uterus
C:\Users\HishamMo\Desktop\999_cs\Quantum_Inpired_PSO_Classifcation\MRI_dataset\Adenomyosis in Gravid Uterus\Adenomyosis_in_Gravid_Uterus626.jpg,Adenomyosis in Gravid Uterus
C:\Users\HishamMo\Desktop\999_cs\Quantum_Inpired_PSO_Classifcation\MRI_dataset\Adenomyosis in Gravid Uterus\Adenomyosis_in_Gravid_Uterus627.jpg,Adenomyosis in Gravid Uterus
C:\Users\HishamMo\Desktop\999_cs\Quantum_Inpired_PSO_Classifcation\MRI_dataset\Adenomyosis in Gravid Uterus\Adenomyosis_in_Gravid_Uterus628.jpg,Adenomyosis in Gravid Uterus
C:\Users\HishamMo\Desktop\999_cs\Quantum_Inpired_PSO_Classifcation\MRI_dataset\Adenomyosis in Gravid Uterus\Adenomyosis_in_Gravid_Uterus629.jpg,Adenomyosis in Gravid Uterus
C:\Users\HishamMo\Desktop\999_cs\Quantum_Inpired_PSO_Classifcation\MRI_dataset\Adenomyosis in Gravid Uterus\Adenomyosis_in_Gravid_Uterus630.jpg,Adenomyosis in Gravid Uterus
C:\Users\HishamMo\Desktop\999_cs\Quantum_Inpired_PSO_Classifcation\MRI_dataset\Adenomyosis in Gravid Uterus\Adenomyosis_in_Gravid_Uterus631.jpg,Adenomyosis in Gravid Uterus
C:\Users\HishamMo\Desktop\999_cs\Quantum_Inpired_PSO_Classifcation\MRI_dataset\Adenomyosis in Gravid Uterus\Adenomyosis_in_Gravid_Uterus632.jpg,Adenomyosis in Gravid Uterus
C:\Users\HishamMo\Desktop\999_cs\Quantum_Inpired_PSO_Classifcation\MRI_dataset\Adenomyosis in Gravid Uterus\Adenomyosis_in_Gravid_Uterus633.jpg,Adenomyosis in Gravid Uterus
C:\Users\HishamMo\Desktop\999_cs\Quantum_Inpired_PSO_Classifcation\MRI_dataset\Adenomyosis in Gravid Uterus\Adenomyosis_in_Gravid_Uterus634.jpg,Adenomyosis in Gravid Uterus
C:\Users\HishamMo\Desktop\999_cs\Quantum_Inpired_PSO_Classifcation\MRI_dataset\Adenomyosis in Gravid Uterus\Adenomyosis_in_Gravid_Uterus635.jpg,Adenomyosis in Gravid Uterus
C:\Users\HishamMo\Desktop\999_cs\Quantum_Inpired_PSO_Classifcation\MRI_dataset\Adenomyosis in Gravid Uterus\Adenomyosis_in_Gravid_Uterus636.jpg,Adenomyosis in Gravid Uterus
C:\Users\HishamMo\Desktop\999_cs\Quantum_Inpired_PSO_Classifcation\MRI_dataset\Adenomyosis in Gravid Uterus\Adenomyosis_in_Gravid_Uterus637.jpg,Adenomyosis in Gravid Uterus
C:\Users\HishamMo\Desktop\999_cs\Quantum_Inpired_PSO_Classifcation\MRI_dataset\Adenomyosis in Gravid Uterus\Adenomyosis_in_Gravid_Uterus638.jpg,Adenomyosis in Gravid Uterus
C:\Users\HishamMo\Desktop\999_cs\Quantum_Inpired_PSO_Classifcation\MRI_dataset\Adenomyosis in Gravid Uterus\Adenomyosis_in_Gravid_Uterus639.jpg,Adenomyosis in Gravid Uterus
C:\Users\HishamMo\Desktop\999_cs\Quantum_Inpired_PSO_Classifcation\MRI_dataset\Adenomyosis in Gravid Uterus\Adenomyosis_in_Gravid_Uterus640.jpg,Adenomyosis in Gravid Uterus
C:\Users\HishamMo\Desktop\999_cs\Quantum_Inpired_PSO_Classifcation\MRI_dataset\Adenomyosis in Gravid Uterus\Adenomyosis_in_Gravid_Uterus641.jpg,Adenomyosis in Gravid Uterus
C:\Users\HishamMo\Desktop\999_cs\Quantum_Inpired_PSO_Classifcation\MRI_dataset\Adenomyosis in Gravid Uterus\Adenomyosis_in_Gravid_Uterus642.jpg,Adenomyosis in Gravid Uterus
C:\Users\HishamMo\Desktop\999_cs\Quantum_Inpired_PSO_Classifcation\MRI_dataset\Adenomyosis in Gravid Uterus\Adenomyosis_in_Gravid_Uterus643.jpg,Adenomyosis in Gravid Uterus
C:\Users\HishamMo\Desktop\999_cs\Quantum_Inpired_PSO_Classifcation\MRI_dataset\Adenomyosis in Gravid Uterus\Adenomyosis_in_Gravid_Uterus644.jpg,Adenomyosis in Gravid Uterus
C:\Users\HishamMo\Desktop\999_cs\Quantum_Inpired_PSO_Classifcation\MRI_dataset\Adenomyosis in Gravid Uterus\Adenomyosis_in_Gravid_Uterus645.jpg,Adenomyosis in Gravid Uterus
C:\Users\HishamMo\Desktop\999_cs\Quantum_Inpired_PSO_Classifcation\MRI_dataset\Adenomyosis in Gravid Uterus\Adenomyosis_in_Gravid_Uterus646.jpg,Adenomyosis in Gravid Uterus
C:\Users\HishamMo\Desktop\999_cs\Quantum_Inpired_PSO_Classifcation\MRI_dataset\Adenomyosis in Gravid Uterus\Adenomyosis_in_Gravid_Uterus647.jpg,Adenomyosis in Gravid Uterus
C:\Users\HishamMo\Desktop\999_cs\Quantum_Inpired_PSO_Classifcation\MRI_dataset\Adenomyosis in Gravid Uterus\Adenomyosis_in_Gravid_Uterus648.jpg,Adenomyosis in Gravid Uterus
C:\Users\HishamMo\Desktop\999_cs\Quantum_Inpired_PSO_Classifcation\MRI_dataset\Adenomyosis in Gravid Uterus\Adenomyosis_in_Gravid_Uterus649.jpg,Adenomyosis in Gravid Uterus
C:\Users\HishamMo\Desktop\999_cs\Quantum_Inpired_PSO_Classifcation\MRI_dataset\Adenomyosis in Gravid Uterus\Adenomyosis_in_Gravid_Uterus650.jpg,Adenomyosis in Gravid Uterus
C:\Users\HishamMo\Desktop\999_cs\Quantum_Inpired_PSO_Classifcation\MRI_dataset\Adenomyosis in Gravid Uterus\Adenomyosis_in_Gravid_Uterus651.jpg,Adenomyosis in Gravid Uterus
C:\Users\HishamMo\Desktop\999_cs\Quantum_Inpired_PSO_Classifcation\MRI_dataset\Adenomyosis in Gravid Uterus\Adenomyosis_in_Gravid_Uterus652.jpg,Adenomyosis in Gravid Uterus
C:\Users\HishamMo\Desktop\999_cs\Quantum_Inpired_PSO_Classifcation\MRI_dataset\Adenomyosis in Gravid Uterus\Adenomyosis_in_Gravid_Uterus653.jpg,Adenomyosis in Gravid Uterus
C:\Users\HishamMo\Desktop\999_cs\Quantum_Inpired_PSO_Classifcation\MRI_dataset\Adenomyosis in Gravid Uterus\Adenomyosis_in_Gravid_Uterus654.jpg,Adenomyosis in Gravid Uterus
C:\Users\HishamMo\Desktop\999_cs\Quantum_Inpired_PSO_Classifcation\MRI_dataset\Adenomyosis in Gravid Uterus\Adenomyosis_in_Gravid_Uterus655.jpg,Adenomyosis in Gravid Uterus
C:\Users\HishamMo\Desktop\999_cs\Quantum_Inpired_PSO_Classifcation\MRI_dataset\Adenomyosis in Gravid Uterus\Adenomyosis_in_Gravid_Uterus656.jpg,Adenomyosis in Gravid Uterus
C:\Users\HishamMo\Desktop\999_cs\Quantum_Inpired_PSO_Classifcation\MRI_dataset\Adenomyosis in Gravid Uterus\Adenomyosis_in_Gravid_Uterus657.jpg,Adenomyosis in Gravid Uterus
C:\Users\HishamMo\Desktop\999_cs\Quantum_Inpired_PSO_Classifcation\MRI_dataset\Adenomyosis in Gravid Uterus\Adenomyosis_in_Gravid_Uterus658.jpg,Adenomyosis in Gravid Uterus
C:\Users\HishamMo\Desktop\999_cs\Quantum_Inpired_PSO_Classifcation\MRI_dataset\Adenomyosis in Gravid Uterus\Adenomyosis_in_Gravid_Uterus659.jpg,Adenomyosis in Gravid Uterus
C:\Users\HishamMo\Desktop\999_cs\Quantum_Inpired_PSO_Classifcation\MRI_dataset\Adenomyosis in Gravid Uterus\Adenomyosis_in_Gravid_Uterus660.jpg,Adenomyosis in Gravid Uterus
C:\Users\HishamMo\Desktop\999_cs\Quantum_Inpired_PSO_Classifcation\MRI_dataset\Adenomyosis in Gravid Uterus\Adenomyosis_in_Gravid_Uterus661.jpg,Adenomyosis in Gravid Uterus
C:\Users\HishamMo\Desktop\999_cs\Quantum_Inpired_PSO_Classifcation\MRI_dataset\Adenomyosis in Gravid Uterus\Adenomyosis_in_Gravid_Uterus662.jpg,Adenomyosis in Gravid Uterus
C:\Users\HishamMo\Desktop\999_cs\Quantum_Inpired_PSO_Classifcation\MRI_dataset\Adenomyosis in Gravid Uterus\Adenomyosis_in_Gravid_Uterus663.jpg,Adenomyosis in Gravid Uterus
C:\Users\HishamMo\Desktop\999_cs\Quantum_Inpired_PSO_Classifcation\MRI_dataset\Adenomyosis in Gravid Uterus\Adenomyosis_in_Gravid_Uterus664.jpg,Adenomyosis in Gravid Uterus
C:\Users\HishamMo\Desktop\999_cs\Quantum_Inpired_PSO_Classifcation\MRI_dataset\Adenomyosis in Gravid Uterus\Adenomyosis_in_Gravid_Uterus665.jpg,Adenomyosis in Gravid Uterus
C:\Users\HishamMo\Desktop\999_cs\Quantum_Inpired_PSO_Classifcation\MRI_dataset\Adenomyosis in Gravid Uterus\Adenomyosis_in_Gravid_Uterus666.jpg,Adenomyosis in Gravid Uterus
C:\Users\HishamMo\Desktop\999_cs\Quantum_Inpired_PSO_Classifcation\MRI_dataset\Adenomyosis in Gravid Uterus\Adenomyosis_in_Gravid_Uterus667.jpg,Adenomyosis in Gravid Uterus
C:\Users\HishamMo\Desktop\999_cs\Quantum_Inpired_PSO_Classifcation\MRI_dataset\Adenomyosis in Gravid Uterus\Adenomyosis_in_Gravid_Uterus668.jpg,Adenomyosis in Gravid Uterus
C:\Users\HishamMo\Desktop\999_cs\Quantum_Inpired_PSO_Classifcation\MRI_dataset\Adenomyosis in Gravid Uterus\Adenomyosis_in_Gravid_Uterus669.jpg,Adenomyosis in Gravid Uterus
C:\Users\HishamMo\Desktop\999_cs\Quantum_Inpired_PSO_Classifcation\MRI_dataset\Adenomyosis in Gravid Uterus\Adenomyosis_in_Gravid_Uterus670.jpg,Adenomyosis in Gravid Uterus
C:\Users\HishamMo\Desktop\999_cs\Quantum_Inpired_PSO_Classifcation\MRI_dataset\Adenomyosis in Gravid Uterus\Adenomyosis_in_Gravid_Uterus671.jpg,Adenomyosis in Gravid Uterus
C:\Users\HishamMo\Desktop\999_cs\Quantum_Inpired_PSO_Classifcation\MRI_dataset\Adenomyosis in Gravid Uterus\Adenomyosis_in_Gravid_Uterus672.jpg,Adenomyosis in Gravid Uterus
C:\Users\HishamMo\Desktop\999_cs\Quantum_Inpired_PSO_Classifcation\MRI_dataset\Adenomyosis in Gravid Uterus\Adenomyosis_in_Gravid_Uterus673.jpg,Adenomyosis in Gravid Uterus
C:\Users\HishamMo\Desktop\999_cs\Quantum_Inpired_PSO_Classifcation\MRI_dataset\Adenomyosis in Gravid Uterus\Adenomyosis_in_Gravid_Uterus674.jpg,Adenomyosis in Gravid Uterus
C:\Users\HishamMo\Desktop\999_cs\Quantum_Inpired_PSO_Classifcation\MRI_dataset\Adenomyosis in Gravid Uterus\Adenomyosis_in_Gravid_Uterus675.jpg,Adenomyosis in Gravid Uterus
C:\Users\HishamMo\Desktop\999_cs\Quantum_Inpired_PSO_Classifcation\MRI_dataset\Adenomyosis in Gravid Uterus\Adenomyosis_in_Gravid_Uterus676.jpg,Adenomyosis in Gravid Uterus
C:\Users\HishamMo\Desktop\999_cs\Quantum_Inpired_PSO_Classifcation\MRI_dataset\Adenomyosis in Gravid Uterus\Adenomyosis_in_Gravid_Uterus677.jpg,Adenomyosis in Gravid Uterus
C:\Users\HishamMo\Desktop\999_cs\Quantum_Inpired_PSO_Classifcation\MRI_dataset\Adenomyosis in Gravid Uterus\Adenomyosis_in_Gravid_Uterus678.jpg,Adenomyosis in Gravid Uterus
C:\Users\HishamMo\Desktop\999_cs\Quantum_Inpired_PSO_Classifcation\MRI_dataset\Adenomyosis in Gravid Uterus\Adenomyosis_in_Gravid_Uterus679.jpg,Adenomyosis in Gravid Uterus
C:\Users\HishamMo\Desktop\999_cs\Quantum_Inpired_PSO_Classifcation\MRI_dataset\Adenomyosis in Gravid Uterus\Adenomyosis_in_Gravid_Uterus680.jpg,Adenomyosis in Gravid Uterus
C:\Users\HishamMo\Desktop\999_cs\Quantum_Inpired_PSO_Classifcation\MRI_dataset\Adenomyosis in Gravid Uterus\Adenomyosis_in_Gravid_Uterus681.jpg,Adenomyosis in Gravid Uterus
C:\Users\HishamMo\Desktop\999_cs\Quantum_Inpired_PSO_Classifcation\MRI_dataset\Adenomyosis in Gravid Uterus\Adenomyosis_in_Gravid_Uterus682.jpg,Adenomyosis in Gravid Uterus
C:\Users\HishamMo\Desktop\999_cs\Quantum_Inpired_PSO_Classifcation\MRI_dataset\Adenomyosis in Gravid Uterus\Adenomyosis_in_Gravid_Uterus683.jpg,Adenomyosis in Gravid Uterus
C:\Users\HishamMo\Desktop\999_cs\Quantum_Inpired_PSO_Classifcation\MRI_dataset\Adenomyosis in Gravid Uterus\Adenomyosis_in_Gravid_Uterus684.jpg,Adenomyosis in Gravid Uterus
C:\Users\HishamMo\Desktop\999_cs\Quantum_Inpired_PSO_Classifcation\MRI_dataset\Adenomyosis in Gravid Uterus\Adenomyosis_in_Gravid_Uterus685.jpg,Adenomyosis in Gravid Uterus
C:\Users\HishamMo\Desktop\999_cs\Quantum_Inpired_PSO_Classifcation\MRI_dataset\Adenomyosis in Gravid Uterus\Adenomyosis_in_Gravid_Uterus686.jpg,Adenomyosis in Gravid Uterus
C:\Users\HishamMo\Desktop\999_cs\Quantum_Inpired_PSO_Classifcation\MRI_dataset\Adenomyosis in Gravid Uterus\Adenomyosis_in_Gravid_Uterus687.jpg,Adenomyosis in Gravid Uterus
C:\Users\HishamMo\Desktop\999_cs\Quantum_Inpired_PSO_Classifcation\MRI_dataset\Adenomyosis in Gravid Uterus\Adenomyosis_in_Gravid_Uterus688.jpg,Adenomyosis in Gravid Uterus
C:\Users\HishamMo\Desktop\999_cs\Quantum_Inpired_PSO_Classifcation\MRI_dataset\Adenomyosis in Gravid Uterus\Adenomyosis_in_Gravid_Uterus689.jpg,Adenomyosis in Gravid Uterus
C:\Users\HishamMo\Desktop\999_cs\Quantum_Inpired_PSO_Classifcation\MRI_dataset\Adenomyosis in Gravid Uterus\Adenomyosis_in_Gravid_Uterus690.jpg,Adenomyosis in Gravid Uterus
C:\Users\HishamMo\Desktop\999_cs\Quantum_Inpired_PSO_Classifcation\MRI_dataset\Adenomyosis in Gravid Uterus\Adenomyosis_in_Gravid_Uterus691.jpg,Adenomyosis in Gravid Uterus
C:\Users\HishamMo\Desktop\999_cs\Quantum_Inpired_PSO_Classifcation\MRI_dataset\Adenomyosis in Gravid Uterus\Adenomyosis_in_Gravid_Uterus692.jpg,Adenomyosis in Gravid Uterus
C:\Users\HishamMo\Desktop\999_cs\Quantum_Inpired_PSO_Classifcation\MRI_dataset\Adenomyosis in Gravid Uterus\Adenomyosis_in_Gravid_Uterus693.jpg,Adenomyosis in Gravid Uterus
C:\Users\HishamMo\Desktop\999_cs\Quantum_Inpired_PSO_Classifcation\MRI_dataset\Adenomyosis in Gravid Uterus\Adenomyosis_in_Gravid_Uterus694.jpg,Adenomyosis in Gravid Uterus
C:\Users\HishamMo\Desktop\999_cs\Quantum_Inpired_PSO_Classifcation\MRI_dataset\Adenomyosis in Gravid Uterus\Adenomyosis_in_Gravid_Uterus695.jpg,Adenomyosis in Gravid Uterus
C:\Users\HishamMo\Desktop\999_cs\Quantum_Inpired_PSO_Classifcation\MRI_dataset\Adenomyosis in Gravid Uterus\Adenomyosis_in_Gravid_Uterus696.jpg,Adenomyosis in Gravid Uterus
C:\Users\HishamMo\Desktop\999_cs\Quantum_Inpired_PSO_Classifcation\MRI_dataset\Adenomyosis in Gravid Uterus\Adenomyosis_in_Gravid_Uterus697.jpg,Adenomyosis in Gravid Uterus
C:\Users\HishamMo\Desktop\999_cs\Quantum_Inpired_PSO_Classifcation\MRI_dataset\Adenomyosis in Gravid Uterus\Adenomyosis_in_Gravid_Uterus698.jpg,Adenomyosis in Gravid Uterus
C:\Users\HishamMo\Desktop\999_cs\Quantum_Inpired_PSO_Classifcation\MRI_dataset\Adenomyosis in Gravid Uterus\Adenomyosis_in_Gravid_Uterus699.jpg,Adenomyosis in Gravid Uterus
C:\Users\HishamMo\Desktop\999_cs\Quantum_Inpired_PSO_Classifcation\MRI_dataset\Adenomyosis in Gravid Uterus\Adenomyosis_in_Gravid_Uterus700.jpg,Adenomyosis in Gravid Uterus
C:\Users\HishamMo\Desktop\999_cs\Quantum_Inpired_PSO_Classifcation\MRI_dataset\Adenomyosis in Gravid Uterus\Adenomyosis_in_Gravid_Uterus701.jpg,Adenomyosis in Gravid Uterus
C:\Users\HishamMo\Desktop\999_cs\Quantum_Inpired_PSO_Classifcation\MRI_dataset\Adenomyosis in Gravid Uterus\Adenomyosis_in_Gravid_Uterus702.jpg,Adenomyosis in Gravid Uterus
C:\Users\HishamMo\Desktop\999_cs\Quantum_Inpired_PSO_Classifcation\MRI_dataset\Adenomyosis in Gravid Uterus\Adenomyosis_in_Gravid_Uterus703.jpg,Adenomyosis in Gravid Uterus
C:\Users\HishamMo\Desktop\999_cs\Quantum_Inpired_PSO_Classifcation\MRI_dataset\Adenomyosis in Gravid Uterus\Adenomyosis_in_Gravid_Uterus704.jpg,Adenomyosis in Gravid Uterus
C:\Users\HishamMo\Desktop\999_cs\Quantum_Inpired_PSO_Classifcation\MRI_dataset\Adenomyosis in Gravid Uterus\Adenomyosis_in_Gravid_Uterus705.jpg,Adenomyosis in Gravid Uterus
C:\Users\HishamMo\Desktop\999_cs\Quantum_Inpired_PSO_Classifcation\MRI_dataset\Adenomyosis in Gravid Uterus\Adenomyosis_in_Gravid_Uterus706.jpg,Adenomyosis in Gravid Uterus
C:\Users\HishamMo\Desktop\999_cs\Quantum_Inpired_PSO_Classifcation\MRI_dataset\Adenomyosis in Gravid Uterus\Adenomyosis_in_Gravid_Uterus707.jpg,Adenomyosis in Gravid Uterus
C:\Users\HishamMo\Desktop\999_cs\Quantum_Inpired_PSO_Classifcation\MRI_dataset\Adenomyosis in Gravid Uterus\Adenomyosis_in_Gravid_Uterus708.jpg,Adenomyosis in Gravid Uterus
C:\Users\HishamMo\Desktop\999_cs\Quantum_Inpired_PSO_Classifcation\MRI_dataset\Adenomyosis in Gravid Uterus\Adenomyosis_in_Gravid_Uterus709.jpg,Adenomyosis in Gravid Uterus
C:\Users\HishamMo\Desktop\999_cs\Quantum_Inpired_PSO_Classifcation\MRI_dataset\Adenomyosis in Gravid Uterus\Adenomyosis_in_Gravid_Uterus710.jpg,Adenomyosis in Gravid Uterus
C:\Users\HishamMo\Desktop\999_cs\Quantum_Inpired_PSO_Classifcation\MRI_dataset\Adenomyosis in Gravid Uterus\Adenomyosis_in_Gravid_Uterus711.jpg,Adenomyosis in Gravid Uterus
C:\Users\HishamMo\Desktop\999_cs\Quantum_Inpired_PSO_Classifcation\MRI_dataset\Adenomyosis in Gravid Uterus\Adenomyosis_in_Gravid_Uterus712.jpg,Adenomyosis in Gravid Uterus
C:\Users\HishamMo\Desktop\999_cs\Quantum_Inpired_PSO_Classifcation\MRI_dataset\Adenomyosis in Gravid Uterus\Adenomyosis_in_Gravid_Uterus713.jpg,Adenomyosis in Gravid Uterus
C:\Users\HishamMo\Desktop\999_cs\Quantum_Inpired_PSO_Classifcation\MRI_dataset\Adenomyosis in Gravid Uterus\Adenomyosis_in_Gravid_Uterus714.jpg,Adenomyosis in Gravid Uterus
C:\Users\HishamMo\Desktop\999_cs\Quantum_Inpired_PSO_Classifcation\MRI_dataset\Adenomyosis in Gravid Uterus\Adenomyosis_in_Gravid_Uterus715.jpg,Adenomyosis in Gravid Uterus
C:\Users\HishamMo\Desktop\999_cs\Quantum_Inpired_PSO_Classifcation\MRI_dataset\Adenomyosis in Gravid Uterus\Adenomyosis_in_Gravid_Uterus716.jpg,Adenomyosis in Gravid Uterus
C:\Users\HishamMo\Desktop\999_cs\Quantum_Inpired_PSO_Classifcation\MRI_dataset\Adenomyosis in Gravid Uterus\Adenomyosis_in_Gravid_Uterus717.jpg,Adenomyosis in Gravid Uterus
C:\Users\HishamMo\Desktop\999_cs\Quantum_Inpired_PSO_Classifcation\MRI_dataset\Adenomyosis in Gravid Uterus\Adenomyosis_in_Gravid_Uterus718.jpg,Adenomyosis in Gravid Uterus
C:\Users\HishamMo\Desktop\999_cs\Quantum_Inpired_PSO_Classifcation\MRI_dataset\Adenomyosis in Gravid Uterus\Adenomyosis_in_Gravid_Uterus719.jpg,Adenomyosis in Gravid Uterus
C:\Users\HishamMo\Desktop\999_cs\Quantum_Inpired_PSO_Classifcation\MRI_dataset\Adenomyosis in Gravid Uterus\Adenomyosis_in_Gravid_Uterus720.jpg,Adenomyosis in Gravid Uterus
C:\Users\HishamMo\Desktop\999_cs\Quantum_Inpired_PSO_Classifcation\MRI_dataset\Adenomyosis in Gravid Uterus\Adenomyosis_in_Gravid_Uterus721.jpg,Adenomyosis in Gravid Uterus
C:\Users\HishamMo\Desktop\999_cs\Quantum_Inpired_PSO_Classifcation\MRI_dataset\Adenomyosis in Gravid Uterus\Adenomyosis_in_Gravid_Uterus722.jpg,Adenomyosis in Gravid Uterus
C:\Users\HishamMo\Desktop\999_cs\Quantum_Inpired_PSO_Classifcation\MRI_dataset\Adenomyosis in Gravid Uterus\Adenomyosis_in_Gravid_Uterus723.jpg,Adenomyosis in Gravid Uterus
C:\Users\HishamMo\Desktop\999_cs\Quantum_Inpired_PSO_Classifcation\MRI_dataset\Adenomyosis in Gravid Uterus\Adenomyosis_in_Gravid_Uterus724.jpg,Adenomyosis in Gravid Uterus
C:\Users\HishamMo\Desktop\999_cs\Quantum_Inpired_PSO_Classifcation\MRI_dataset\Adenomyosis in Gravid Uterus\Adenomyosis_in_Gravid_Uterus725.jpg,Adenomyosis in Gravid Uterus
C:\Users\HishamMo\Desktop\999_cs\Quantum_Inpired_PSO_Classifcation\MRI_dataset\Adenomyosis in Gravid Uterus\Adenomyosis_in_Gravid_Uterus726.jpg,Adenomyosis in Gravid Uterus
C:\Users\HishamMo\Desktop\999_cs\Quantum_Inpired_PSO_Classifcation\MRI_dataset\Adenomyosis in Gravid Uterus\Adenomyosis_in_Gravid_Uterus727.jpg,Adenomyosis in Gravid Uterus
C:\Users\HishamMo\Desktop\999_cs\Quantum_Inpired_PSO_Classifcation\MRI_dataset\Adenomyosis in Gravid Uterus\Adenomyosis_in_Gravid_Uterus728.jpg,Adenomyosis in Gravid Uterus
C:\Users\HishamMo\Desktop\999_cs\Quantum_Inpired_PSO_Classifcation\MRI_dataset\Adenomyosis in Gravid Uterus\Adenomyosis_in_Gravid_Uterus729.jpg,Adenomyosis in Gravid Uterus
C:\Users\HishamMo\Desktop\999_cs\Quantum_Inpired_PSO_Classifcation\MRI_dataset\Adenomyosis in Gravid Uterus\Adenomyosis_in_Gravid_Uterus730.jpg,Adenomyosis in Gravid Uterus
C:\Users\HishamMo\Desktop\999_cs\Quantum_Inpired_PSO_Classifcation\MRI_dataset\Adenomyosis in Gravid Uterus\Adenomyosis_in_Gravid_Uterus731.jpg,Adenomyosis in Gravid Uterus
C:\Users\HishamMo\Desktop\999_cs\Quantum_Inpired_PSO_Classifcation\MRI_dataset\Adenomyosis in Gravid Uterus\Adenomyosis_in_Gravid_Uterus732.jpg,Adenomyosis in Gravid Uterus
C:\Users\HishamMo\Desktop\999_cs\Quantum_Inpired_PSO_Classifcation\MRI_dataset\Adenomyosis in Gravid Uterus\Adenomyosis_in_Gravid_Uterus733.jpg,Adenomyosis in Gravid Uterus
C:\Users\HishamMo\Desktop\999_cs\Quantum_Inpired_PSO_Classifcation\MRI_dataset\Adenomyosis in Gravid Uterus\Adenomyosis_in_Gravid_Uterus734.jpg,Adenomyosis in Gravid Uterus
C:\Users\HishamMo\Desktop\999_cs\Quantum_Inpired_PSO_Classifcation\MRI_dataset\Adenomyosis in Gravid Uterus\Adenomyosis_in_Gravid_Uterus735.jpg,Adenomyosis in Gravid Uterus
C:\Users\HishamMo\Desktop\999_cs\Quantum_Inpired_PSO_Classifcation\MRI_dataset\Adenomyosis in Gravid Uterus\Adenomyosis_in_Gravid_Uterus736.jpg,Adenomyosis in Gravid Uterus
C:\Users\HishamMo\Desktop\999_cs\Quantum_Inpired_PSO_Classifcation\MRI_dataset\Adenomyosis in Gravid Uterus\Adenomyosis_in_Gravid_Uterus737.jpg,Adenomyosis in Gravid Uterus
C:\Users\HishamMo\Desktop\999_cs\Quantum_Inpired_PSO_Classifcation\MRI_dataset\Adenomyosis in Gravid Uterus\Adenomyosis_in_Gravid_Uterus738.jpg,Adenomyosis in Gravid Uterus
C:\Users\HishamMo\Desktop\999_cs\Quantum_Inpired_PSO_Classifcation\MRI_dataset\Adenomyosis in Gravid Uterus\Adenomyosis_in_Gravid_Uterus739.jpg,Adenomyosis in Gravid Uterus
C:\Users\HishamMo\Desktop\999_cs\Quantum_Inpired_PSO_Classifcation\MRI_dataset\Adenomyosis in Gravid Uterus\Adenomyosis_in_Gravid_Uterus740.jpg,Adenomyosis in Gravid Uterus
C:\Users\HishamMo\Desktop\999_cs\Quantum_Inpired_PSO_Classifcation\MRI_dataset\Adenomyosis in Gravid Uterus\Adenomyosis_in_Gravid_Uterus741.jpg,Adenomyosis in Gravid Uterus
C:\Users\HishamMo\Desktop\999_cs\Quantum_Inpired_PSO_Classifcation\MRI_dataset\Adenomyosis in Gravid Uterus\Adenomyosis_in_Gravid_Uterus742.jpg,Adenomyosis in Gravid Uterus
C:\Users\HishamMo\Desktop\999_cs\Quantum_Inpired_PSO_Classifcation\MRI_dataset\Adenomyosis in Gravid Uterus\Adenomyosis_in_Gravid_Uterus743.jpg,Adenomyosis in Gravid Uterus
C:\Users\HishamMo\Desktop\999_cs\Quantum_Inpired_PSO_Classifcation\MRI_dataset\Adenomyosis in Gravid Uterus\Adenomyosis_in_Gravid_Uterus744.jpg,Adenomyosis in Gravid Uterus
C:\Users\HishamMo\Desktop\999_cs\Quantum_Inpired_PSO_Classifcation\MRI_dataset\Adenomyosis in Gravid Uterus\Adenomyosis_in_Gravid_Uterus745.jpg,Adenomyosis in Gravid Uterus
C:\Users\HishamMo\Desktop\999_cs\Quantum_Inpired_PSO_Classifcation\MRI_dataset\Adenomyosis in Gravid Uterus\Adenomyosis_in_Gravid_Uterus746.jpg,Adenomyosis in Gravid Uterus
C:\Users\HishamMo\Desktop\999_cs\Quantum_Inpired_PSO_Classifcation\MRI_dataset\Adenomyosis in Gravid Uterus\Adenomyosis_in_Gravid_Uterus747.jpg,Adenomyosis in Gravid Uterus
C:\Users\HishamMo\Desktop\999_cs\Quantum_Inpired_PSO_Classifcation\MRI_dataset\Adenomyosis in Gravid Uterus\Adenomyosis_in_Gravid_Uterus748.jpg,Adenomyosis in Gravid Uterus
C:\Users\HishamMo\Desktop\999_cs\Quantum_Inpired_PSO_Classifcation\MRI_dataset\Adenomyosis in Gravid Uterus\Adenomyosis_in_Gravid_Uterus749.jpg,Adenomyosis in Gravid Uterus
C:\Users\HishamMo\Desktop\999_cs\Quantum_Inpired_PSO_Classifcation\MRI_dataset\Adenomyosis in Gravid Uterus\Adenomyosis_in_Gravid_Uterus750.jpg,Adenomyosis in Gravid Uterus
C:\Users\HishamMo\Desktop\999_cs\Quantum_Inpired_PSO_Classifcation\MRI_dataset\Adenomyosis in Gravid Uterus\Adenomyosis_in_Gravid_Uterus751.jpg,Adenomyosis in Gravid Uterus
C:\Users\HishamMo\Desktop\999_cs\Quantum_Inpired_PSO_Classifcation\MRI_dataset\Adenomyosis in Gravid Uterus\Adenomyosis_in_Gravid_Uterus752.jpg,Adenomyosis in Gravid Uterus
C:\Users\HishamMo\Desktop\999_cs\Quantum_Inpired_PSO_Classifcation\MRI_dataset\Adenomyosis in Gravid Uterus\Adenomyosis_in_Gravid_Uterus753.jpg,Adenomyosis in Gravid Uterus
C:\Users\HishamMo\Desktop\999_cs\Quantum_Inpired_PSO_Classifcation\MRI_dataset\Adenomyosis in Gravid Uterus\Adenomyosis_in_Gravid_Uterus754.jpg,Adenomyosis in Gravid Uterus
C:\Users\HishamMo\Desktop\999_cs\Quantum_Inpired_PSO_Classifcation\MRI_dataset\Adenomyosis in Gravid Uterus\Adenomyosis_in_Gravid_Uterus755.jpg,Adenomyosis in Gravid Uterus
C:\Users\HishamMo\Desktop\999_cs\Quantum_Inpired_PSO_Classifcation\MRI_dataset\Adenomyosis in Gravid Uterus\Adenomyosis_in_Gravid_Uterus756.jpg,Adenomyosis in Gravid Uterus
C:\Users\HishamMo\Desktop\999_cs\Quantum_Inpired_PSO_Classifcation\MRI_dataset\Adenomyosis in Gravid Uterus\Adenomyosis_in_Gravid_Uterus757.jpg,Adenomyosis in Gravid Uterus
C:\Users\HishamMo\Desktop\999_cs\Quantum_Inpired_PSO_Classifcation\MRI_dataset\Adenomyosis in Gravid Uterus\Adenomyosis_in_Gravid_Uterus758.jpg,Adenomyosis in Gravid Uterus
C:\Users\HishamMo\Desktop\999_cs\Quantum_Inpired_PSO_Classifcation\MRI_dataset\Adenomyosis in Gravid Uterus\Adenomyosis_in_Gravid_Uterus759.jpg,Adenomyosis in Gravid Uterus
C:\Users\HishamMo\Desktop\999_cs\Quantum_Inpired_PSO_Classifcation\MRI_dataset\Adenomyosis in Gravid Uterus\Adenomyosis_in_Gravid_Uterus760.jpg,Adenomyosis in Gravid Uterus
C:\Users\HishamMo\Desktop\999_cs\Quantum_Inpired_PSO_Classifcation\MRI_dataset\Adenomyosis in Gravid Uterus\Adenomyosis_in_Gravid_Uterus761.jpg,Adenomyosis in Gravid Uterus
C:\Users\HishamMo\Desktop\999_cs\Quantum_Inpired_PSO_Classifcation\MRI_dataset\Adenomyosis in Gravid Uterus\Adenomyosis_in_Gravid_Uterus762.jpg,Adenomyosis in Gravid Uterus
C:\Users\HishamMo\Desktop\999_cs\Quantum_Inpired_PSO_Classifcation\MRI_dataset\Adenomyosis in Gravid Uterus\Adenomyosis_in_Gravid_Uterus763.jpg,Adenomyosis in Gravid Uterus
C:\Users\HishamMo\Desktop\999_cs\Quantum_Inpired_PSO_Classifcation\MRI_dataset\Adenomyosis in Gravid Uterus\Adenomyosis_in_Gravid_Uterus764.jpg,Adenomyosis in Gravid Uterus
C:\Users\HishamMo\Desktop\999_cs\Quantum_Inpired_PSO_Classifcation\MRI_dataset\Adenomyosis in Gravid Uterus\Adenomyosis_in_Gravid_Uterus765.jpg,Adenomyosis in Gravid Uterus
C:\Users\HishamMo\Desktop\999_cs\Quantum_Inpired_PSO_Classifcation\MRI_dataset\Adenomyosis in Gravid Uterus\Adenomyosis_in_Gravid_Uterus766.jpg,Adenomyosis in Gravid Uterus
C:\Users\HishamMo\Desktop\999_cs\Quantum_Inpired_PSO_Classifcation\MRI_dataset\Adenomyosis in Gravid Uterus\Adenomyosis_in_Gravid_Uterus767.jpg,Adenomyosis in Gravid Uterus
C:\Users\HishamMo\Desktop\999_cs\Quantum_Inpired_PSO_Classifcation\MRI_dataset\Adenomyosis in Gravid Uterus\Adenomyosis_in_Gravid_Uterus768.jpg,Adenomyosis in Gravid Uterus
C:\Users\HishamMo\Desktop\999_cs\Quantum_Inpired_PSO_Classifcation\MRI_dataset\Adenomyosis in Gravid Uterus\Adenomyosis_in_Gravid_Uterus769.jpg,Adenomyosis in Gravid Uterus
C:\Users\HishamMo\Desktop\999_cs\Quantum_Inpired_PSO_Classifcation\MRI_dataset\Adenomyosis in Gravid Uterus\Adenomyosis_in_Gravid_Uterus770.jpg,Adenomyosis in Gravid Uterus
C:\Users\HishamMo\Desktop\999_cs\Quantum_Inpired_PSO_Classifcation\MRI_dataset\Adenomyosis in Gravid Uterus\Adenomyosis_in_Gravid_Uterus771.jpg,Adenomyosis in Gravid Uterus
C:\Users\HishamMo\Desktop\999_cs\Quantum_Inpired_PSO_Classifcation\MRI_dataset\Adenomyosis in Gravid Uterus\Adenomyosis_in_Gravid_Uterus772.jpg,Adenomyosis in Gravid Uterus
C:\Users\HishamMo\Desktop\999_cs\Quantum_Inpired_PSO_Classifcation\MRI_dataset\Adenomyosis in Gravid Uterus\Adenomyosis_in_Gravid_Uterus773.jpg,Adenomyosis in Gravid Uterus
C:\Users\HishamMo\Desktop\999_cs\Quantum_Inpired_PSO_Classifcation\MRI_dataset\Adenomyosis in Gravid Uterus\Adenomyosis_in_Gravid_Uterus774.jpg,Adenomyosis in Gravid Uterus
C:\Users\HishamMo\Desktop\999_cs\Quantum_Inpired_PSO_Classifcation\MRI_dataset\Adenomyosis in Gravid Uterus\Adenomyosis_in_Gravid_Uterus775.jpg,Adenomyosis in Gravid Uterus
C:\Users\HishamMo\Desktop\999_cs\Quantum_Inpired_PSO_Classifcation\MRI_dataset\Adenomyosis in Gravid Uterus\Adenomyosis_in_Gravid_Uterus776.jpg,Adenomyosis in Gravid Uterus
C:\Users\HishamMo\Desktop\999_cs\Quantum_Inpired_PSO_Classifcation\MRI_dataset\Adenomyosis in Gravid Uterus\Adenomyosis_in_Gravid_Uterus777.jpg,Adenomyosis in Gravid Uterus
C:\Users\HishamMo\Desktop\999_cs\Quantum_Inpired_PSO_Classifcation\MRI_dataset\Adenomyosis in Gravid Uterus\Adenomyosis_in_Gravid_Uterus778.jpg,Adenomyosis in Gravid Uterus
C:\Users\HishamMo\Desktop\999_cs\Quantum_Inpired_PSO_Classifcation\MRI_dataset\Adenomyosis in Gravid Uterus\Adenomyosis_in_Gravid_Uterus779.jpg,Adenomyosis in Gravid Uterus
C:\Users\HishamMo\Desktop\999_cs\Quantum_Inpired_PSO_Classifcation\MRI_dataset\Adenomyosis in Gravid Uterus\Adenomyosis_in_Gravid_Uterus780.jpg,Adenomyosis in Gravid Uterus
C:\Users\HishamMo\Desktop\999_cs\Quantum_Inpired_PSO_Classifcation\MRI_dataset\Adenomyosis in Gravid Uterus\Adenomyosis_in_Gravid_Uterus781.jpg,Adenomyosis in Gravid Uterus
C:\Users\HishamMo\Desktop\999_cs\Quantum_Inpired_PSO_Classifcation\MRI_dataset\Adenomyosis in Gravid Uterus\Adenomyosis_in_Gravid_Uterus782.jpg,Adenomyosis in Gravid Uterus
C:\Users\HishamMo\Desktop\999_cs\Quantum_Inpired_PSO_Classifcation\MRI_dataset\Adenomyosis in Gravid Uterus\Adenomyosis_in_Gravid_Uterus783.jpg,Adenomyosis in Gravid Uterus
C:\Users\HishamMo\Desktop\999_cs\Quantum_Inpired_PSO_Classifcation\MRI_dataset\Adenomyosis in Gravid Uterus\Adenomyosis_in_Gravid_Uterus784.jpg,Adenomyosis in Gravid Uterus
