image_path,label
C:\Users\HishamMo\Desktop\999_cs\Quantum_Inpired_PSO_Classifcation\MRI_dataset\Balloon Cell Cortical Dysplasia\Balloon_Cell_Cortical_Dysplasia001.jpg,Balloon Cell Cortical Dysplasia
C:\Users\HishamMo\Desktop\999_cs\Quantum_Inpired_PSO_Classifcation\MRI_dataset\Balloon Cell Cortical Dysplasia\Balloon_Cell_Cortical_Dysplasia002.jpg,Balloon Cell Cortical Dysplasia
C:\Users\HishamMo\Desktop\999_cs\Quantum_Inpired_PSO_Classifcation\MRI_dataset\Balloon Cell Cortical Dysplasia\Balloon_Cell_Cortical_Dysplasia003.jpg,Balloon Cell Cortical Dysplasia
C:\Users\HishamMo\Desktop\999_cs\Quantum_Inpired_PSO_Classifcation\MRI_dataset\Balloon Cell Cortical Dysplasia\Balloon_Cell_Cortical_Dysplasia004.jpg,Balloon Cell Cortical Dysplasia
C:\Users\HishamMo\Desktop\999_cs\Quantum_Inpired_PSO_Classifcation\MRI_dataset\Balloon Cell Cortical Dysplasia\Balloon_Cell_Cortical_Dysplasia005.jpg,Balloon Cell Cortical Dysplasia
C:\Users\HishamMo\Desktop\999_cs\Quantum_Inpired_PSO_Classifcation\MRI_dataset\Balloon Cell Cortical Dysplasia\Balloon_Cell_Cortical_Dysplasia006.jpg,Balloon Cell Cortical Dysplasia
C:\Users\HishamMo\Desktop\999_cs\Quantum_Inpired_PSO_Classifcation\MRI_dataset\Balloon Cell Cortical Dysplasia\Balloon_Cell_Cortical_Dysplasia007.jpg,Balloon Cell Cortical Dysplasia
C:\Users\HishamMo\Desktop\999_cs\Quantum_Inpired_PSO_Classifcation\MRI_dataset\Balloon Cell Cortical Dysplasia\Balloon_Cell_Cortical_Dysplasia008.jpg,Balloon Cell Cortical Dysplasia
C:\Users\HishamMo\Desktop\999_cs\Quantum_Inpired_PSO_Classifcation\MRI_dataset\Balloon Cell Cortical Dysplasia\Balloon_Cell_Cortical_Dysplasia009.jpg,Balloon Cell Cortical Dysplasia
C:\Users\HishamMo\Desktop\999_cs\Quantum_Inpired_PSO_Classifcation\MRI_dataset\Balloon Cell Cortical Dysplasia\Balloon_Cell_Cortical_Dysplasia010.jpg,Balloon Cell Cortical Dysplasia
C:\Users\HishamMo\Desktop\999_cs\Quantum_Inpired_PSO_Classifcation\MRI_dataset\Balloon Cell Cortical Dysplasia\Balloon_Cell_Cortical_Dysplasia011.jpg,Balloon Cell Cortical Dysplasia
C:\Users\HishamMo\Desktop\999_cs\Quantum_Inpired_PSO_Classifcation\MRI_dataset\Balloon Cell Cortical Dysplasia\Balloon_Cell_Cortical_Dysplasia012.jpg,Balloon Cell Cortical Dysplasia
C:\Users\HishamMo\Desktop\999_cs\Quantum_Inpired_PSO_Classifcation\MRI_dataset\Balloon Cell Cortical Dysplasia\Balloon_Cell_Cortical_Dysplasia013.jpg,Balloon Cell Cortical Dysplasia
C:\Users\HishamMo\Desktop\999_cs\Quantum_Inpired_PSO_Classifcation\MRI_dataset\Balloon Cell Cortical Dysplasia\Balloon_Cell_Cortical_Dysplasia014.jpg,Balloon Cell Cortical Dysplasia
C:\Users\HishamMo\Desktop\999_cs\Quantum_Inpired_PSO_Classifcation\MRI_dataset\Balloon Cell Cortical Dysplasia\Balloon_Cell_Cortical_Dysplasia015.jpg,Balloon Cell Cortical Dysplasia
C:\Users\HishamMo\Desktop\999_cs\Quantum_Inpired_PSO_Classifcation\MRI_dataset\Balloon Cell Cortical Dysplasia\Balloon_Cell_Cortical_Dysplasia016.jpg,Balloon Cell Cortical Dysplasia
C:\Users\HishamMo\Desktop\999_cs\Quantum_Inpired_PSO_Classifcation\MRI_dataset\Balloon Cell Cortical Dysplasia\Balloon_Cell_Cortical_Dysplasia017.jpg,Balloon Cell Cortical Dysplasia
C:\Users\HishamMo\Desktop\999_cs\Quantum_Inpired_PSO_Classifcation\MRI_dataset\Balloon Cell Cortical Dysplasia\Balloon_Cell_Cortical_Dysplasia018.jpg,Balloon Cell Cortical Dysplasia
C:\Users\HishamMo\Desktop\999_cs\Quantum_Inpired_PSO_Classifcation\MRI_dataset\Balloon Cell Cortical Dysplasia\Balloon_Cell_Cortical_Dysplasia019.jpg,Balloon Cell Cortical Dysplasia
C:\Users\HishamMo\Desktop\999_cs\Quantum_Inpired_PSO_Classifcation\MRI_dataset\Balloon Cell Cortical Dysplasia\Balloon_Cell_Cortical_Dysplasia020.jpg,Balloon Cell Cortical Dysplasia
C:\Users\HishamMo\Desktop\999_cs\Quantum_Inpired_PSO_Classifcation\MRI_dataset\Balloon Cell Cortical Dysplasia\Balloon_Cell_Cortical_Dysplasia021.jpg,Balloon Cell Cortical Dysplasia
C:\Users\HishamMo\Desktop\999_cs\Quantum_Inpired_PSO_Classifcation\MRI_dataset\Balloon Cell Cortical Dysplasia\Balloon_Cell_Cortical_Dysplasia022.jpg,Balloon Cell Cortical Dysplasia
C:\Users\HishamMo\Desktop\999_cs\Quantum_Inpired_PSO_Classifcation\MRI_dataset\Balloon Cell Cortical Dysplasia\Balloon_Cell_Cortical_Dysplasia023.jpg,Balloon Cell Cortical Dysplasia
C:\Users\HishamMo\Desktop\999_cs\Quantum_Inpired_PSO_Classifcation\MRI_dataset\Balloon Cell Cortical Dysplasia\Balloon_Cell_Cortical_Dysplasia024.jpg,Balloon Cell Cortical Dysplasia
C:\Users\HishamMo\Desktop\999_cs\Quantum_Inpired_PSO_Classifcation\MRI_dataset\Balloon Cell Cortical Dysplasia\Balloon_Cell_Cortical_Dysplasia025.jpg,Balloon Cell Cortical Dysplasia
C:\Users\HishamMo\Desktop\999_cs\Quantum_Inpired_PSO_Classifcation\MRI_dataset\Balloon Cell Cortical Dysplasia\Balloon_Cell_Cortical_Dysplasia026.jpg,Balloon Cell Cortical Dysplasia
C:\Users\HishamMo\Desktop\999_cs\Quantum_Inpired_PSO_Classifcation\MRI_dataset\Balloon Cell Cortical Dysplasia\Balloon_Cell_Cortical_Dysplasia027.jpg,Balloon Cell Cortical Dysplasia
C:\Users\HishamMo\Desktop\999_cs\Quantum_Inpired_PSO_Classifcation\MRI_dataset\Balloon Cell Cortical Dysplasia\Balloon_Cell_Cortical_Dysplasia028.jpg,Balloon Cell Cortical Dysplasia
C:\Users\HishamMo\Desktop\999_cs\Quantum_Inpired_PSO_Classifcation\MRI_dataset\Balloon Cell Cortical Dysplasia\Balloon_Cell_Cortical_Dysplasia029.jpg,Balloon Cell Cortical Dysplasia
C:\Users\HishamMo\Desktop\999_cs\Quantum_Inpired_PSO_Classifcation\MRI_dataset\Balloon Cell Cortical Dysplasia\Balloon_Cell_Cortical_Dysplasia030.jpg,Balloon Cell Cortical Dysplasia
C:\Users\HishamMo\Desktop\999_cs\Quantum_Inpired_PSO_Classifcation\MRI_dataset\Balloon Cell Cortical Dysplasia\Balloon_Cell_Cortical_Dysplasia031.jpg,Balloon Cell Cortical Dysplasia
C:\Users\HishamMo\Desktop\999_cs\Quantum_Inpired_PSO_Classifcation\MRI_dataset\Balloon Cell Cortical Dysplasia\Balloon_Cell_Cortical_Dysplasia032.jpg,Balloon Cell Cortical Dysplasia
C:\Users\HishamMo\Desktop\999_cs\Quantum_Inpired_PSO_Classifcation\MRI_dataset\Balloon Cell Cortical Dysplasia\Balloon_Cell_Cortical_Dysplasia033.jpg,Balloon Cell Cortical Dysplasia
C:\Users\HishamMo\Desktop\999_cs\Quantum_Inpired_PSO_Classifcation\MRI_dataset\Balloon Cell Cortical Dysplasia\Balloon_Cell_Cortical_Dysplasia034.jpg,Balloon Cell Cortical Dysplasia
C:\Users\HishamMo\Desktop\999_cs\Quantum_Inpired_PSO_Classifcation\MRI_dataset\Balloon Cell Cortical Dysplasia\Balloon_Cell_Cortical_Dysplasia035.jpg,Balloon Cell Cortical Dysplasia
C:\Users\HishamMo\Desktop\999_cs\Quantum_Inpired_PSO_Classifcation\MRI_dataset\Balloon Cell Cortical Dysplasia\Balloon_Cell_Cortical_Dysplasia036.jpg,Balloon Cell Cortical Dysplasia
C:\Users\HishamMo\Desktop\999_cs\Quantum_Inpired_PSO_Classifcation\MRI_dataset\Balloon Cell Cortical Dysplasia\Balloon_Cell_Cortical_Dysplasia037.jpg,Balloon Cell Cortical Dysplasia
C:\Users\HishamMo\Desktop\999_cs\Quantum_Inpired_PSO_Classifcation\MRI_dataset\Balloon Cell Cortical Dysplasia\Balloon_Cell_Cortical_Dysplasia038.jpg,Balloon Cell Cortical Dysplasia
C:\Users\HishamMo\Desktop\999_cs\Quantum_Inpired_PSO_Classifcation\MRI_dataset\Balloon Cell Cortical Dysplasia\Balloon_Cell_Cortical_Dysplasia039.jpg,Balloon Cell Cortical Dysplasia
C:\Users\HishamMo\Desktop\999_cs\Quantum_Inpired_PSO_Classifcation\MRI_dataset\Balloon Cell Cortical Dysplasia\Balloon_Cell_Cortical_Dysplasia040.jpg,Balloon Cell Cortical Dysplasia
C:\Users\HishamMo\Desktop\999_cs\Quantum_Inpired_PSO_Classifcation\MRI_dataset\Balloon Cell Cortical Dysplasia\Balloon_Cell_Cortical_Dysplasia041.jpg,Balloon Cell Cortical Dysplasia
C:\Users\HishamMo\Desktop\999_cs\Quantum_Inpired_PSO_Classifcation\MRI_dataset\Balloon Cell Cortical Dysplasia\Balloon_Cell_Cortical_Dysplasia042.jpg,Balloon Cell Cortical Dysplasia
C:\Users\HishamMo\Desktop\999_cs\Quantum_Inpired_PSO_Classifcation\MRI_dataset\Balloon Cell Cortical Dysplasia\Balloon_Cell_Cortical_Dysplasia043.jpg,Balloon Cell Cortical Dysplasia
C:\Users\HishamMo\Desktop\999_cs\Quantum_Inpired_PSO_Classifcation\MRI_dataset\Balloon Cell Cortical Dysplasia\Balloon_Cell_Cortical_Dysplasia044.jpg,Balloon Cell Cortical Dysplasia
C:\Users\HishamMo\Desktop\999_cs\Quantum_Inpired_PSO_Classifcation\MRI_dataset\Balloon Cell Cortical Dysplasia\Balloon_Cell_Cortical_Dysplasia045.jpg,Balloon Cell Cortical Dysplasia
C:\Users\HishamMo\Desktop\999_cs\Quantum_Inpired_PSO_Classifcation\MRI_dataset\Balloon Cell Cortical Dysplasia\Balloon_Cell_Cortical_Dysplasia046.jpg,Balloon Cell Cortical Dysplasia
C:\Users\HishamMo\Desktop\999_cs\Quantum_Inpired_PSO_Classifcation\MRI_dataset\Balloon Cell Cortical Dysplasia\Balloon_Cell_Cortical_Dysplasia047.jpg,Balloon Cell Cortical Dysplasia
C:\Users\HishamMo\Desktop\999_cs\Quantum_Inpired_PSO_Classifcation\MRI_dataset\Balloon Cell Cortical Dysplasia\Balloon_Cell_Cortical_Dysplasia048.jpg,Balloon Cell Cortical Dysplasia
C:\Users\HishamMo\Desktop\999_cs\Quantum_Inpired_PSO_Classifcation\MRI_dataset\Balloon Cell Cortical Dysplasia\Balloon_Cell_Cortical_Dysplasia049.jpg,Balloon Cell Cortical Dysplasia
C:\Users\HishamMo\Desktop\999_cs\Quantum_Inpired_PSO_Classifcation\MRI_dataset\Balloon Cell Cortical Dysplasia\Balloon_Cell_Cortical_Dysplasia050.jpg,Balloon Cell Cortical Dysplasia
C:\Users\HishamMo\Desktop\999_cs\Quantum_Inpired_PSO_Classifcation\MRI_dataset\Balloon Cell Cortical Dysplasia\Balloon_Cell_Cortical_Dysplasia051.jpg,Balloon Cell Cortical Dysplasia
C:\Users\HishamMo\Desktop\999_cs\Quantum_Inpired_PSO_Classifcation\MRI_dataset\Balloon Cell Cortical Dysplasia\Balloon_Cell_Cortical_Dysplasia052.jpg,Balloon Cell Cortical Dysplasia
C:\Users\HishamMo\Desktop\999_cs\Quantum_Inpired_PSO_Classifcation\MRI_dataset\Balloon Cell Cortical Dysplasia\Balloon_Cell_Cortical_Dysplasia053.jpg,Balloon Cell Cortical Dysplasia
C:\Users\HishamMo\Desktop\999_cs\Quantum_Inpired_PSO_Classifcation\MRI_dataset\Balloon Cell Cortical Dysplasia\Balloon_Cell_Cortical_Dysplasia054.jpg,Balloon Cell Cortical Dysplasia
C:\Users\HishamMo\Desktop\999_cs\Quantum_Inpired_PSO_Classifcation\MRI_dataset\Balloon Cell Cortical Dysplasia\Balloon_Cell_Cortical_Dysplasia055.jpg,Balloon Cell Cortical Dysplasia
C:\Users\HishamMo\Desktop\999_cs\Quantum_Inpired_PSO_Classifcation\MRI_dataset\Balloon Cell Cortical Dysplasia\Balloon_Cell_Cortical_Dysplasia056.jpg,Balloon Cell Cortical Dysplasia
C:\Users\HishamMo\Desktop\999_cs\Quantum_Inpired_PSO_Classifcation\MRI_dataset\Balloon Cell Cortical Dysplasia\Balloon_Cell_Cortical_Dysplasia057.jpg,Balloon Cell Cortical Dysplasia
C:\Users\HishamMo\Desktop\999_cs\Quantum_Inpired_PSO_Classifcation\MRI_dataset\Balloon Cell Cortical Dysplasia\Balloon_Cell_Cortical_Dysplasia058.jpg,Balloon Cell Cortical Dysplasia
C:\Users\HishamMo\Desktop\999_cs\Quantum_Inpired_PSO_Classifcation\MRI_dataset\Balloon Cell Cortical Dysplasia\Balloon_Cell_Cortical_Dysplasia059.jpg,Balloon Cell Cortical Dysplasia
C:\Users\HishamMo\Desktop\999_cs\Quantum_Inpired_PSO_Classifcation\MRI_dataset\Balloon Cell Cortical Dysplasia\Balloon_Cell_Cortical_Dysplasia060.jpg,Balloon Cell Cortical Dysplasia
C:\Users\HishamMo\Desktop\999_cs\Quantum_Inpired_PSO_Classifcation\MRI_dataset\Balloon Cell Cortical Dysplasia\Balloon_Cell_Cortical_Dysplasia061.jpg,Balloon Cell Cortical Dysplasia
C:\Users\HishamMo\Desktop\999_cs\Quantum_Inpired_PSO_Classifcation\MRI_dataset\Balloon Cell Cortical Dysplasia\Balloon_Cell_Cortical_Dysplasia062.jpg,Balloon Cell Cortical Dysplasia
C:\Users\HishamMo\Desktop\999_cs\Quantum_Inpired_PSO_Classifcation\MRI_dataset\Balloon Cell Cortical Dysplasia\Balloon_Cell_Cortical_Dysplasia063.jpg,Balloon Cell Cortical Dysplasia
C:\Users\HishamMo\Desktop\999_cs\Quantum_Inpired_PSO_Classifcation\MRI_dataset\Balloon Cell Cortical Dysplasia\Balloon_Cell_Cortical_Dysplasia064.jpg,Balloon Cell Cortical Dysplasia
C:\Users\HishamMo\Desktop\999_cs\Quantum_Inpired_PSO_Classifcation\MRI_dataset\Balloon Cell Cortical Dysplasia\Balloon_Cell_Cortical_Dysplasia065.jpg,Balloon Cell Cortical Dysplasia
C:\Users\HishamMo\Desktop\999_cs\Quantum_Inpired_PSO_Classifcation\MRI_dataset\Balloon Cell Cortical Dysplasia\Balloon_Cell_Cortical_Dysplasia066.jpg,Balloon Cell Cortical Dysplasia
C:\Users\HishamMo\Desktop\999_cs\Quantum_Inpired_PSO_Classifcation\MRI_dataset\Balloon Cell Cortical Dysplasia\Balloon_Cell_Cortical_Dysplasia067.jpg,Balloon Cell Cortical Dysplasia
C:\Users\HishamMo\Desktop\999_cs\Quantum_Inpired_PSO_Classifcation\MRI_dataset\Balloon Cell Cortical Dysplasia\Balloon_Cell_Cortical_Dysplasia068.jpg,Balloon Cell Cortical Dysplasia
C:\Users\HishamMo\Desktop\999_cs\Quantum_Inpired_PSO_Classifcation\MRI_dataset\Balloon Cell Cortical Dysplasia\Balloon_Cell_Cortical_Dysplasia069.jpg,Balloon Cell Cortical Dysplasia
C:\Users\HishamMo\Desktop\999_cs\Quantum_Inpired_PSO_Classifcation\MRI_dataset\Balloon Cell Cortical Dysplasia\Balloon_Cell_Cortical_Dysplasia070.jpg,Balloon Cell Cortical Dysplasia
C:\Users\HishamMo\Desktop\999_cs\Quantum_Inpired_PSO_Classifcation\MRI_dataset\Balloon Cell Cortical Dysplasia\Balloon_Cell_Cortical_Dysplasia071.jpg,Balloon Cell Cortical Dysplasia
C:\Users\HishamMo\Desktop\999_cs\Quantum_Inpired_PSO_Classifcation\MRI_dataset\Balloon Cell Cortical Dysplasia\Balloon_Cell_Cortical_Dysplasia072.jpg,Balloon Cell Cortical Dysplasia
C:\Users\HishamMo\Desktop\999_cs\Quantum_Inpired_PSO_Classifcation\MRI_dataset\Balloon Cell Cortical Dysplasia\Balloon_Cell_Cortical_Dysplasia073.jpg,Balloon Cell Cortical Dysplasia
C:\Users\HishamMo\Desktop\999_cs\Quantum_Inpired_PSO_Classifcation\MRI_dataset\Balloon Cell Cortical Dysplasia\Balloon_Cell_Cortical_Dysplasia074.jpg,Balloon Cell Cortical Dysplasia
C:\Users\HishamMo\Desktop\999_cs\Quantum_Inpired_PSO_Classifcation\MRI_dataset\Balloon Cell Cortical Dysplasia\Balloon_Cell_Cortical_Dysplasia075.jpg,Balloon Cell Cortical Dysplasia
C:\Users\HishamMo\Desktop\999_cs\Quantum_Inpired_PSO_Classifcation\MRI_dataset\Balloon Cell Cortical Dysplasia\Balloon_Cell_Cortical_Dysplasia076.jpg,Balloon Cell Cortical Dysplasia
C:\Users\HishamMo\Desktop\999_cs\Quantum_Inpired_PSO_Classifcation\MRI_dataset\Balloon Cell Cortical Dysplasia\Balloon_Cell_Cortical_Dysplasia077.jpg,Balloon Cell Cortical Dysplasia
C:\Users\HishamMo\Desktop\999_cs\Quantum_Inpired_PSO_Classifcation\MRI_dataset\Balloon Cell Cortical Dysplasia\Balloon_Cell_Cortical_Dysplasia078.jpg,Balloon Cell Cortical Dysplasia
C:\Users\HishamMo\Desktop\999_cs\Quantum_Inpired_PSO_Classifcation\MRI_dataset\Balloon Cell Cortical Dysplasia\Balloon_Cell_Cortical_Dysplasia079.jpg,Balloon Cell Cortical Dysplasia
C:\Users\HishamMo\Desktop\999_cs\Quantum_Inpired_PSO_Classifcation\MRI_dataset\Balloon Cell Cortical Dysplasia\Balloon_Cell_Cortical_Dysplasia080.jpg,Balloon Cell Cortical Dysplasia
C:\Users\HishamMo\Desktop\999_cs\Quantum_Inpired_PSO_Classifcation\MRI_dataset\Balloon Cell Cortical Dysplasia\Balloon_Cell_Cortical_Dysplasia081.jpg,Balloon Cell Cortical Dysplasia
C:\Users\HishamMo\Desktop\999_cs\Quantum_Inpired_PSO_Classifcation\MRI_dataset\Balloon Cell Cortical Dysplasia\Balloon_Cell_Cortical_Dysplasia082.jpg,Balloon Cell Cortical Dysplasia
C:\Users\HishamMo\Desktop\999_cs\Quantum_Inpired_PSO_Classifcation\MRI_dataset\Balloon Cell Cortical Dysplasia\Balloon_Cell_Cortical_Dysplasia083.jpg,Balloon Cell Cortical Dysplasia
C:\Users\HishamMo\Desktop\999_cs\Quantum_Inpired_PSO_Classifcation\MRI_dataset\Balloon Cell Cortical Dysplasia\Balloon_Cell_Cortical_Dysplasia084.jpg,Balloon Cell Cortical Dysplasia
C:\Users\HishamMo\Desktop\999_cs\Quantum_Inpired_PSO_Classifcation\MRI_dataset\Balloon Cell Cortical Dysplasia\Balloon_Cell_Cortical_Dysplasia085.jpg,Balloon Cell Cortical Dysplasia
C:\Users\HishamMo\Desktop\999_cs\Quantum_Inpired_PSO_Classifcation\MRI_dataset\Balloon Cell Cortical Dysplasia\Balloon_Cell_Cortical_Dysplasia086.jpg,Balloon Cell Cortical Dysplasia
C:\Users\HishamMo\Desktop\999_cs\Quantum_Inpired_PSO_Classifcation\MRI_dataset\Balloon Cell Cortical Dysplasia\Balloon_Cell_Cortical_Dysplasia087.jpg,Balloon Cell Cortical Dysplasia
C:\Users\HishamMo\Desktop\999_cs\Quantum_Inpired_PSO_Classifcation\MRI_dataset\Balloon Cell Cortical Dysplasia\Balloon_Cell_Cortical_Dysplasia088.jpg,Balloon Cell Cortical Dysplasia
C:\Users\HishamMo\Desktop\999_cs\Quantum_Inpired_PSO_Classifcation\MRI_dataset\Balloon Cell Cortical Dysplasia\Balloon_Cell_Cortical_Dysplasia089.jpg,Balloon Cell Cortical Dysplasia
C:\Users\HishamMo\Desktop\999_cs\Quantum_Inpired_PSO_Classifcation\MRI_dataset\Balloon Cell Cortical Dysplasia\Balloon_Cell_Cortical_Dysplasia090.jpg,Balloon Cell Cortical Dysplasia
C:\Users\HishamMo\Desktop\999_cs\Quantum_Inpired_PSO_Classifcation\MRI_dataset\Balloon Cell Cortical Dysplasia\Balloon_Cell_Cortical_Dysplasia091.jpg,Balloon Cell Cortical Dysplasia
C:\Users\HishamMo\Desktop\999_cs\Quantum_Inpired_PSO_Classifcation\MRI_dataset\Balloon Cell Cortical Dysplasia\Balloon_Cell_Cortical_Dysplasia092.jpg,Balloon Cell Cortical Dysplasia
C:\Users\HishamMo\Desktop\999_cs\Quantum_Inpired_PSO_Classifcation\MRI_dataset\Balloon Cell Cortical Dysplasia\Balloon_Cell_Cortical_Dysplasia093.jpg,Balloon Cell Cortical Dysplasia
C:\Users\HishamMo\Desktop\999_cs\Quantum_Inpired_PSO_Classifcation\MRI_dataset\Balloon Cell Cortical Dysplasia\Balloon_Cell_Cortical_Dysplasia094.jpg,Balloon Cell Cortical Dysplasia
C:\Users\HishamMo\Desktop\999_cs\Quantum_Inpired_PSO_Classifcation\MRI_dataset\Balloon Cell Cortical Dysplasia\Balloon_Cell_Cortical_Dysplasia095.jpg,Balloon Cell Cortical Dysplasia
C:\Users\HishamMo\Desktop\999_cs\Quantum_Inpired_PSO_Classifcation\MRI_dataset\Balloon Cell Cortical Dysplasia\Balloon_Cell_Cortical_Dysplasia096.jpg,Balloon Cell Cortical Dysplasia
C:\Users\HishamMo\Desktop\999_cs\Quantum_Inpired_PSO_Classifcation\MRI_dataset\Balloon Cell Cortical Dysplasia\Balloon_Cell_Cortical_Dysplasia097.jpg,Balloon Cell Cortical Dysplasia
C:\Users\HishamMo\Desktop\999_cs\Quantum_Inpired_PSO_Classifcation\MRI_dataset\Balloon Cell Cortical Dysplasia\Balloon_Cell_Cortical_Dysplasia098.jpg,Balloon Cell Cortical Dysplasia
C:\Users\HishamMo\Desktop\999_cs\Quantum_Inpired_PSO_Classifcation\MRI_dataset\Balloon Cell Cortical Dysplasia\Balloon_Cell_Cortical_Dysplasia099.jpg,Balloon Cell Cortical Dysplasia
C:\Users\HishamMo\Desktop\999_cs\Quantum_Inpired_PSO_Classifcation\MRI_dataset\Balloon Cell Cortical Dysplasia\Balloon_Cell_Cortical_Dysplasia100.jpg,Balloon Cell Cortical Dysplasia
C:\Users\HishamMo\Desktop\999_cs\Quantum_Inpired_PSO_Classifcation\MRI_dataset\Balloon Cell Cortical Dysplasia\Balloon_Cell_Cortical_Dysplasia1000.jpg,Balloon Cell Cortical Dysplasia
C:\Users\HishamMo\Desktop\999_cs\Quantum_Inpired_PSO_Classifcation\MRI_dataset\Balloon Cell Cortical Dysplasia\Balloon_Cell_Cortical_Dysplasia1001.jpg,Balloon Cell Cortical Dysplasia
C:\Users\HishamMo\Desktop\999_cs\Quantum_Inpired_PSO_Classifcation\MRI_dataset\Balloon Cell Cortical Dysplasia\Balloon_Cell_Cortical_Dysplasia1002.jpg,Balloon Cell Cortical Dysplasia
C:\Users\HishamMo\Desktop\999_cs\Quantum_Inpired_PSO_Classifcation\MRI_dataset\Balloon Cell Cortical Dysplasia\Balloon_Cell_Cortical_Dysplasia1003.jpg,Balloon Cell Cortical Dysplasia
C:\Users\HishamMo\Desktop\999_cs\Quantum_Inpired_PSO_Classifcation\MRI_dataset\Balloon Cell Cortical Dysplasia\Balloon_Cell_Cortical_Dysplasia1004.jpg,Balloon Cell Cortical Dysplasia
C:\Users\HishamMo\Desktop\999_cs\Quantum_Inpired_PSO_Classifcation\MRI_dataset\Balloon Cell Cortical Dysplasia\Balloon_Cell_Cortical_Dysplasia1005.jpg,Balloon Cell Cortical Dysplasia
C:\Users\HishamMo\Desktop\999_cs\Quantum_Inpired_PSO_Classifcation\MRI_dataset\Balloon Cell Cortical Dysplasia\Balloon_Cell_Cortical_Dysplasia1006.jpg,Balloon Cell Cortical Dysplasia
C:\Users\HishamMo\Desktop\999_cs\Quantum_Inpired_PSO_Classifcation\MRI_dataset\Balloon Cell Cortical Dysplasia\Balloon_Cell_Cortical_Dysplasia1007.jpg,Balloon Cell Cortical Dysplasia
C:\Users\HishamMo\Desktop\999_cs\Quantum_Inpired_PSO_Classifcation\MRI_dataset\Balloon Cell Cortical Dysplasia\Balloon_Cell_Cortical_Dysplasia1008.jpg,Balloon Cell Cortical Dysplasia
C:\Users\HishamMo\Desktop\999_cs\Quantum_Inpired_PSO_Classifcation\MRI_dataset\Balloon Cell Cortical Dysplasia\Balloon_Cell_Cortical_Dysplasia1009.jpg,Balloon Cell Cortical Dysplasia
C:\Users\HishamMo\Desktop\999_cs\Quantum_Inpired_PSO_Classifcation\MRI_dataset\Balloon Cell Cortical Dysplasia\Balloon_Cell_Cortical_Dysplasia101.jpg,Balloon Cell Cortical Dysplasia
C:\Users\HishamMo\Desktop\999_cs\Quantum_Inpired_PSO_Classifcation\MRI_dataset\Balloon Cell Cortical Dysplasia\Balloon_Cell_Cortical_Dysplasia1010.jpg,Balloon Cell Cortical Dysplasia
C:\Users\HishamMo\Desktop\999_cs\Quantum_Inpired_PSO_Classifcation\MRI_dataset\Balloon Cell Cortical Dysplasia\Balloon_Cell_Cortical_Dysplasia1011.jpg,Balloon Cell Cortical Dysplasia
C:\Users\HishamMo\Desktop\999_cs\Quantum_Inpired_PSO_Classifcation\MRI_dataset\Balloon Cell Cortical Dysplasia\Balloon_Cell_Cortical_Dysplasia1012.jpg,Balloon Cell Cortical Dysplasia
C:\Users\HishamMo\Desktop\999_cs\Quantum_Inpired_PSO_Classifcation\MRI_dataset\Balloon Cell Cortical Dysplasia\Balloon_Cell_Cortical_Dysplasia1013.jpg,Balloon Cell Cortical Dysplasia
C:\Users\HishamMo\Desktop\999_cs\Quantum_Inpired_PSO_Classifcation\MRI_dataset\Balloon Cell Cortical Dysplasia\Balloon_Cell_Cortical_Dysplasia1014.jpg,Balloon Cell Cortical Dysplasia
C:\Users\HishamMo\Desktop\999_cs\Quantum_Inpired_PSO_Classifcation\MRI_dataset\Balloon Cell Cortical Dysplasia\Balloon_Cell_Cortical_Dysplasia1015.jpg,Balloon Cell Cortical Dysplasia
C:\Users\HishamMo\Desktop\999_cs\Quantum_Inpired_PSO_Classifcation\MRI_dataset\Balloon Cell Cortical Dysplasia\Balloon_Cell_Cortical_Dysplasia1016.jpg,Balloon Cell Cortical Dysplasia
C:\Users\HishamMo\Desktop\999_cs\Quantum_Inpired_PSO_Classifcation\MRI_dataset\Balloon Cell Cortical Dysplasia\Balloon_Cell_Cortical_Dysplasia1017.jpg,Balloon Cell Cortical Dysplasia
C:\Users\HishamMo\Desktop\999_cs\Quantum_Inpired_PSO_Classifcation\MRI_dataset\Balloon Cell Cortical Dysplasia\Balloon_Cell_Cortical_Dysplasia1018.jpg,Balloon Cell Cortical Dysplasia
C:\Users\HishamMo\Desktop\999_cs\Quantum_Inpired_PSO_Classifcation\MRI_dataset\Balloon Cell Cortical Dysplasia\Balloon_Cell_Cortical_Dysplasia1019.jpg,Balloon Cell Cortical Dysplasia
C:\Users\HishamMo\Desktop\999_cs\Quantum_Inpired_PSO_Classifcation\MRI_dataset\Balloon Cell Cortical Dysplasia\Balloon_Cell_Cortical_Dysplasia102.jpg,Balloon Cell Cortical Dysplasia
C:\Users\HishamMo\Desktop\999_cs\Quantum_Inpired_PSO_Classifcation\MRI_dataset\Balloon Cell Cortical Dysplasia\Balloon_Cell_Cortical_Dysplasia1020.jpg,Balloon Cell Cortical Dysplasia
C:\Users\HishamMo\Desktop\999_cs\Quantum_Inpired_PSO_Classifcation\MRI_dataset\Balloon Cell Cortical Dysplasia\Balloon_Cell_Cortical_Dysplasia1021.jpg,Balloon Cell Cortical Dysplasia
C:\Users\HishamMo\Desktop\999_cs\Quantum_Inpired_PSO_Classifcation\MRI_dataset\Balloon Cell Cortical Dysplasia\Balloon_Cell_Cortical_Dysplasia1022.jpg,Balloon Cell Cortical Dysplasia
C:\Users\HishamMo\Desktop\999_cs\Quantum_Inpired_PSO_Classifcation\MRI_dataset\Balloon Cell Cortical Dysplasia\Balloon_Cell_Cortical_Dysplasia1023.jpg,Balloon Cell Cortical Dysplasia
C:\Users\HishamMo\Desktop\999_cs\Quantum_Inpired_PSO_Classifcation\MRI_dataset\Balloon Cell Cortical Dysplasia\Balloon_Cell_Cortical_Dysplasia1024.jpg,Balloon Cell Cortical Dysplasia
C:\Users\HishamMo\Desktop\999_cs\Quantum_Inpired_PSO_Classifcation\MRI_dataset\Balloon Cell Cortical Dysplasia\Balloon_Cell_Cortical_Dysplasia1025.jpg,Balloon Cell Cortical Dysplasia
C:\Users\HishamMo\Desktop\999_cs\Quantum_Inpired_PSO_Classifcation\MRI_dataset\Balloon Cell Cortical Dysplasia\Balloon_Cell_Cortical_Dysplasia1026.jpg,Balloon Cell Cortical Dysplasia
C:\Users\HishamMo\Desktop\999_cs\Quantum_Inpired_PSO_Classifcation\MRI_dataset\Balloon Cell Cortical Dysplasia\Balloon_Cell_Cortical_Dysplasia1027.jpg,Balloon Cell Cortical Dysplasia
C:\Users\HishamMo\Desktop\999_cs\Quantum_Inpired_PSO_Classifcation\MRI_dataset\Balloon Cell Cortical Dysplasia\Balloon_Cell_Cortical_Dysplasia1028.jpg,Balloon Cell Cortical Dysplasia
C:\Users\HishamMo\Desktop\999_cs\Quantum_Inpired_PSO_Classifcation\MRI_dataset\Balloon Cell Cortical Dysplasia\Balloon_Cell_Cortical_Dysplasia1029.jpg,Balloon Cell Cortical Dysplasia
C:\Users\HishamMo\Desktop\999_cs\Quantum_Inpired_PSO_Classifcation\MRI_dataset\Balloon Cell Cortical Dysplasia\Balloon_Cell_Cortical_Dysplasia103.jpg,Balloon Cell Cortical Dysplasia
C:\Users\HishamMo\Desktop\999_cs\Quantum_Inpired_PSO_Classifcation\MRI_dataset\Balloon Cell Cortical Dysplasia\Balloon_Cell_Cortical_Dysplasia1030.jpg,Balloon Cell Cortical Dysplasia
C:\Users\HishamMo\Desktop\999_cs\Quantum_Inpired_PSO_Classifcation\MRI_dataset\Balloon Cell Cortical Dysplasia\Balloon_Cell_Cortical_Dysplasia1031.jpg,Balloon Cell Cortical Dysplasia
C:\Users\HishamMo\Desktop\999_cs\Quantum_Inpired_PSO_Classifcation\MRI_dataset\Balloon Cell Cortical Dysplasia\Balloon_Cell_Cortical_Dysplasia1032.jpg,Balloon Cell Cortical Dysplasia
C:\Users\HishamMo\Desktop\999_cs\Quantum_Inpired_PSO_Classifcation\MRI_dataset\Balloon Cell Cortical Dysplasia\Balloon_Cell_Cortical_Dysplasia1033.jpg,Balloon Cell Cortical Dysplasia
C:\Users\HishamMo\Desktop\999_cs\Quantum_Inpired_PSO_Classifcation\MRI_dataset\Balloon Cell Cortical Dysplasia\Balloon_Cell_Cortical_Dysplasia1034.jpg,Balloon Cell Cortical Dysplasia
C:\Users\HishamMo\Desktop\999_cs\Quantum_Inpired_PSO_Classifcation\MRI_dataset\Balloon Cell Cortical Dysplasia\Balloon_Cell_Cortical_Dysplasia1035.jpg,Balloon Cell Cortical Dysplasia
C:\Users\HishamMo\Desktop\999_cs\Quantum_Inpired_PSO_Classifcation\MRI_dataset\Balloon Cell Cortical Dysplasia\Balloon_Cell_Cortical_Dysplasia1036.jpg,Balloon Cell Cortical Dysplasia
C:\Users\HishamMo\Desktop\999_cs\Quantum_Inpired_PSO_Classifcation\MRI_dataset\Balloon Cell Cortical Dysplasia\Balloon_Cell_Cortical_Dysplasia1037.jpg,Balloon Cell Cortical Dysplasia
C:\Users\HishamMo\Desktop\999_cs\Quantum_Inpired_PSO_Classifcation\MRI_dataset\Balloon Cell Cortical Dysplasia\Balloon_Cell_Cortical_Dysplasia1038.jpg,Balloon Cell Cortical Dysplasia
C:\Users\HishamMo\Desktop\999_cs\Quantum_Inpired_PSO_Classifcation\MRI_dataset\Balloon Cell Cortical Dysplasia\Balloon_Cell_Cortical_Dysplasia1039.jpg,Balloon Cell Cortical Dysplasia
C:\Users\HishamMo\Desktop\999_cs\Quantum_Inpired_PSO_Classifcation\MRI_dataset\Balloon Cell Cortical Dysplasia\Balloon_Cell_Cortical_Dysplasia104.jpg,Balloon Cell Cortical Dysplasia
C:\Users\HishamMo\Desktop\999_cs\Quantum_Inpired_PSO_Classifcation\MRI_dataset\Balloon Cell Cortical Dysplasia\Balloon_Cell_Cortical_Dysplasia1040.jpg,Balloon Cell Cortical Dysplasia
C:\Users\HishamMo\Desktop\999_cs\Quantum_Inpired_PSO_Classifcation\MRI_dataset\Balloon Cell Cortical Dysplasia\Balloon_Cell_Cortical_Dysplasia1041.jpg,Balloon Cell Cortical Dysplasia
C:\Users\HishamMo\Desktop\999_cs\Quantum_Inpired_PSO_Classifcation\MRI_dataset\Balloon Cell Cortical Dysplasia\Balloon_Cell_Cortical_Dysplasia1042.jpg,Balloon Cell Cortical Dysplasia
C:\Users\HishamMo\Desktop\999_cs\Quantum_Inpired_PSO_Classifcation\MRI_dataset\Balloon Cell Cortical Dysplasia\Balloon_Cell_Cortical_Dysplasia1043.jpg,Balloon Cell Cortical Dysplasia
C:\Users\HishamMo\Desktop\999_cs\Quantum_Inpired_PSO_Classifcation\MRI_dataset\Balloon Cell Cortical Dysplasia\Balloon_Cell_Cortical_Dysplasia1044.jpg,Balloon Cell Cortical Dysplasia
C:\Users\HishamMo\Desktop\999_cs\Quantum_Inpired_PSO_Classifcation\MRI_dataset\Balloon Cell Cortical Dysplasia\Balloon_Cell_Cortical_Dysplasia1045.jpg,Balloon Cell Cortical Dysplasia
C:\Users\HishamMo\Desktop\999_cs\Quantum_Inpired_PSO_Classifcation\MRI_dataset\Balloon Cell Cortical Dysplasia\Balloon_Cell_Cortical_Dysplasia1046.jpg,Balloon Cell Cortical Dysplasia
C:\Users\HishamMo\Desktop\999_cs\Quantum_Inpired_PSO_Classifcation\MRI_dataset\Balloon Cell Cortical Dysplasia\Balloon_Cell_Cortical_Dysplasia1047.jpg,Balloon Cell Cortical Dysplasia
C:\Users\HishamMo\Desktop\999_cs\Quantum_Inpired_PSO_Classifcation\MRI_dataset\Balloon Cell Cortical Dysplasia\Balloon_Cell_Cortical_Dysplasia1048.jpg,Balloon Cell Cortical Dysplasia
C:\Users\HishamMo\Desktop\999_cs\Quantum_Inpired_PSO_Classifcation\MRI_dataset\Balloon Cell Cortical Dysplasia\Balloon_Cell_Cortical_Dysplasia1049.jpg,Balloon Cell Cortical Dysplasia
C:\Users\HishamMo\Desktop\999_cs\Quantum_Inpired_PSO_Classifcation\MRI_dataset\Balloon Cell Cortical Dysplasia\Balloon_Cell_Cortical_Dysplasia105.jpg,Balloon Cell Cortical Dysplasia
C:\Users\HishamMo\Desktop\999_cs\Quantum_Inpired_PSO_Classifcation\MRI_dataset\Balloon Cell Cortical Dysplasia\Balloon_Cell_Cortical_Dysplasia1050.jpg,Balloon Cell Cortical Dysplasia
C:\Users\HishamMo\Desktop\999_cs\Quantum_Inpired_PSO_Classifcation\MRI_dataset\Balloon Cell Cortical Dysplasia\Balloon_Cell_Cortical_Dysplasia1051.jpg,Balloon Cell Cortical Dysplasia
C:\Users\HishamMo\Desktop\999_cs\Quantum_Inpired_PSO_Classifcation\MRI_dataset\Balloon Cell Cortical Dysplasia\Balloon_Cell_Cortical_Dysplasia1052.jpg,Balloon Cell Cortical Dysplasia
C:\Users\HishamMo\Desktop\999_cs\Quantum_Inpired_PSO_Classifcation\MRI_dataset\Balloon Cell Cortical Dysplasia\Balloon_Cell_Cortical_Dysplasia1053.jpg,Balloon Cell Cortical Dysplasia
C:\Users\HishamMo\Desktop\999_cs\Quantum_Inpired_PSO_Classifcation\MRI_dataset\Balloon Cell Cortical Dysplasia\Balloon_Cell_Cortical_Dysplasia1054.jpg,Balloon Cell Cortical Dysplasia
C:\Users\HishamMo\Desktop\999_cs\Quantum_Inpired_PSO_Classifcation\MRI_dataset\Balloon Cell Cortical Dysplasia\Balloon_Cell_Cortical_Dysplasia1055.jpg,Balloon Cell Cortical Dysplasia
C:\Users\HishamMo\Desktop\999_cs\Quantum_Inpired_PSO_Classifcation\MRI_dataset\Balloon Cell Cortical Dysplasia\Balloon_Cell_Cortical_Dysplasia1056.jpg,Balloon Cell Cortical Dysplasia
C:\Users\HishamMo\Desktop\999_cs\Quantum_Inpired_PSO_Classifcation\MRI_dataset\Balloon Cell Cortical Dysplasia\Balloon_Cell_Cortical_Dysplasia1057.jpg,Balloon Cell Cortical Dysplasia
C:\Users\HishamMo\Desktop\999_cs\Quantum_Inpired_PSO_Classifcation\MRI_dataset\Balloon Cell Cortical Dysplasia\Balloon_Cell_Cortical_Dysplasia1058.jpg,Balloon Cell Cortical Dysplasia
C:\Users\HishamMo\Desktop\999_cs\Quantum_Inpired_PSO_Classifcation\MRI_dataset\Balloon Cell Cortical Dysplasia\Balloon_Cell_Cortical_Dysplasia1059.jpg,Balloon Cell Cortical Dysplasia
C:\Users\HishamMo\Desktop\999_cs\Quantum_Inpired_PSO_Classifcation\MRI_dataset\Balloon Cell Cortical Dysplasia\Balloon_Cell_Cortical_Dysplasia106.jpg,Balloon Cell Cortical Dysplasia
C:\Users\HishamMo\Desktop\999_cs\Quantum_Inpired_PSO_Classifcation\MRI_dataset\Balloon Cell Cortical Dysplasia\Balloon_Cell_Cortical_Dysplasia1060.jpg,Balloon Cell Cortical Dysplasia
C:\Users\HishamMo\Desktop\999_cs\Quantum_Inpired_PSO_Classifcation\MRI_dataset\Balloon Cell Cortical Dysplasia\Balloon_Cell_Cortical_Dysplasia1061.jpg,Balloon Cell Cortical Dysplasia
C:\Users\HishamMo\Desktop\999_cs\Quantum_Inpired_PSO_Classifcation\MRI_dataset\Balloon Cell Cortical Dysplasia\Balloon_Cell_Cortical_Dysplasia1062.jpg,Balloon Cell Cortical Dysplasia
C:\Users\HishamMo\Desktop\999_cs\Quantum_Inpired_PSO_Classifcation\MRI_dataset\Balloon Cell Cortical Dysplasia\Balloon_Cell_Cortical_Dysplasia1063.jpg,Balloon Cell Cortical Dysplasia
C:\Users\HishamMo\Desktop\999_cs\Quantum_Inpired_PSO_Classifcation\MRI_dataset\Balloon Cell Cortical Dysplasia\Balloon_Cell_Cortical_Dysplasia1064.jpg,Balloon Cell Cortical Dysplasia
C:\Users\HishamMo\Desktop\999_cs\Quantum_Inpired_PSO_Classifcation\MRI_dataset\Balloon Cell Cortical Dysplasia\Balloon_Cell_Cortical_Dysplasia1065.jpg,Balloon Cell Cortical Dysplasia
C:\Users\HishamMo\Desktop\999_cs\Quantum_Inpired_PSO_Classifcation\MRI_dataset\Balloon Cell Cortical Dysplasia\Balloon_Cell_Cortical_Dysplasia1066.jpg,Balloon Cell Cortical Dysplasia
C:\Users\HishamMo\Desktop\999_cs\Quantum_Inpired_PSO_Classifcation\MRI_dataset\Balloon Cell Cortical Dysplasia\Balloon_Cell_Cortical_Dysplasia1067.jpg,Balloon Cell Cortical Dysplasia
C:\Users\HishamMo\Desktop\999_cs\Quantum_Inpired_PSO_Classifcation\MRI_dataset\Balloon Cell Cortical Dysplasia\Balloon_Cell_Cortical_Dysplasia1068.jpg,Balloon Cell Cortical Dysplasia
C:\Users\HishamMo\Desktop\999_cs\Quantum_Inpired_PSO_Classifcation\MRI_dataset\Balloon Cell Cortical Dysplasia\Balloon_Cell_Cortical_Dysplasia1069.jpg,Balloon Cell Cortical Dysplasia
C:\Users\HishamMo\Desktop\999_cs\Quantum_Inpired_PSO_Classifcation\MRI_dataset\Balloon Cell Cortical Dysplasia\Balloon_Cell_Cortical_Dysplasia107.jpg,Balloon Cell Cortical Dysplasia
C:\Users\HishamMo\Desktop\999_cs\Quantum_Inpired_PSO_Classifcation\MRI_dataset\Balloon Cell Cortical Dysplasia\Balloon_Cell_Cortical_Dysplasia1070.jpg,Balloon Cell Cortical Dysplasia
C:\Users\HishamMo\Desktop\999_cs\Quantum_Inpired_PSO_Classifcation\MRI_dataset\Balloon Cell Cortical Dysplasia\Balloon_Cell_Cortical_Dysplasia1071.jpg,Balloon Cell Cortical Dysplasia
C:\Users\HishamMo\Desktop\999_cs\Quantum_Inpired_PSO_Classifcation\MRI_dataset\Balloon Cell Cortical Dysplasia\Balloon_Cell_Cortical_Dysplasia1072.jpg,Balloon Cell Cortical Dysplasia
C:\Users\HishamMo\Desktop\999_cs\Quantum_Inpired_PSO_Classifcation\MRI_dataset\Balloon Cell Cortical Dysplasia\Balloon_Cell_Cortical_Dysplasia1073.jpg,Balloon Cell Cortical Dysplasia
C:\Users\HishamMo\Desktop\999_cs\Quantum_Inpired_PSO_Classifcation\MRI_dataset\Balloon Cell Cortical Dysplasia\Balloon_Cell_Cortical_Dysplasia1074.jpg,Balloon Cell Cortical Dysplasia
C:\Users\HishamMo\Desktop\999_cs\Quantum_Inpired_PSO_Classifcation\MRI_dataset\Balloon Cell Cortical Dysplasia\Balloon_Cell_Cortical_Dysplasia1075.jpg,Balloon Cell Cortical Dysplasia
C:\Users\HishamMo\Desktop\999_cs\Quantum_Inpired_PSO_Classifcation\MRI_dataset\Balloon Cell Cortical Dysplasia\Balloon_Cell_Cortical_Dysplasia1076.jpg,Balloon Cell Cortical Dysplasia
C:\Users\HishamMo\Desktop\999_cs\Quantum_Inpired_PSO_Classifcation\MRI_dataset\Balloon Cell Cortical Dysplasia\Balloon_Cell_Cortical_Dysplasia1077.jpg,Balloon Cell Cortical Dysplasia
C:\Users\HishamMo\Desktop\999_cs\Quantum_Inpired_PSO_Classifcation\MRI_dataset\Balloon Cell Cortical Dysplasia\Balloon_Cell_Cortical_Dysplasia1078.jpg,Balloon Cell Cortical Dysplasia
C:\Users\HishamMo\Desktop\999_cs\Quantum_Inpired_PSO_Classifcation\MRI_dataset\Balloon Cell Cortical Dysplasia\Balloon_Cell_Cortical_Dysplasia1079.jpg,Balloon Cell Cortical Dysplasia
C:\Users\HishamMo\Desktop\999_cs\Quantum_Inpired_PSO_Classifcation\MRI_dataset\Balloon Cell Cortical Dysplasia\Balloon_Cell_Cortical_Dysplasia108.jpg,Balloon Cell Cortical Dysplasia
C:\Users\HishamMo\Desktop\999_cs\Quantum_Inpired_PSO_Classifcation\MRI_dataset\Balloon Cell Cortical Dysplasia\Balloon_Cell_Cortical_Dysplasia1080.jpg,Balloon Cell Cortical Dysplasia
C:\Users\HishamMo\Desktop\999_cs\Quantum_Inpired_PSO_Classifcation\MRI_dataset\Balloon Cell Cortical Dysplasia\Balloon_Cell_Cortical_Dysplasia1081.jpg,Balloon Cell Cortical Dysplasia
C:\Users\HishamMo\Desktop\999_cs\Quantum_Inpired_PSO_Classifcation\MRI_dataset\Balloon Cell Cortical Dysplasia\Balloon_Cell_Cortical_Dysplasia1082.jpg,Balloon Cell Cortical Dysplasia
C:\Users\HishamMo\Desktop\999_cs\Quantum_Inpired_PSO_Classifcation\MRI_dataset\Balloon Cell Cortical Dysplasia\Balloon_Cell_Cortical_Dysplasia1083.jpg,Balloon Cell Cortical Dysplasia
C:\Users\HishamMo\Desktop\999_cs\Quantum_Inpired_PSO_Classifcation\MRI_dataset\Balloon Cell Cortical Dysplasia\Balloon_Cell_Cortical_Dysplasia1084.jpg,Balloon Cell Cortical Dysplasia
C:\Users\HishamMo\Desktop\999_cs\Quantum_Inpired_PSO_Classifcation\MRI_dataset\Balloon Cell Cortical Dysplasia\Balloon_Cell_Cortical_Dysplasia1085.jpg,Balloon Cell Cortical Dysplasia
C:\Users\HishamMo\Desktop\999_cs\Quantum_Inpired_PSO_Classifcation\MRI_dataset\Balloon Cell Cortical Dysplasia\Balloon_Cell_Cortical_Dysplasia1086.jpg,Balloon Cell Cortical Dysplasia
C:\Users\HishamMo\Desktop\999_cs\Quantum_Inpired_PSO_Classifcation\MRI_dataset\Balloon Cell Cortical Dysplasia\Balloon_Cell_Cortical_Dysplasia1087.jpg,Balloon Cell Cortical Dysplasia
C:\Users\HishamMo\Desktop\999_cs\Quantum_Inpired_PSO_Classifcation\MRI_dataset\Balloon Cell Cortical Dysplasia\Balloon_Cell_Cortical_Dysplasia1088.jpg,Balloon Cell Cortical Dysplasia
C:\Users\HishamMo\Desktop\999_cs\Quantum_Inpired_PSO_Classifcation\MRI_dataset\Balloon Cell Cortical Dysplasia\Balloon_Cell_Cortical_Dysplasia1089.jpg,Balloon Cell Cortical Dysplasia
C:\Users\HishamMo\Desktop\999_cs\Quantum_Inpired_PSO_Classifcation\MRI_dataset\Balloon Cell Cortical Dysplasia\Balloon_Cell_Cortical_Dysplasia109.jpg,Balloon Cell Cortical Dysplasia
C:\Users\HishamMo\Desktop\999_cs\Quantum_Inpired_PSO_Classifcation\MRI_dataset\Balloon Cell Cortical Dysplasia\Balloon_Cell_Cortical_Dysplasia1090.jpg,Balloon Cell Cortical Dysplasia
C:\Users\HishamMo\Desktop\999_cs\Quantum_Inpired_PSO_Classifcation\MRI_dataset\Balloon Cell Cortical Dysplasia\Balloon_Cell_Cortical_Dysplasia1091.jpg,Balloon Cell Cortical Dysplasia
C:\Users\HishamMo\Desktop\999_cs\Quantum_Inpired_PSO_Classifcation\MRI_dataset\Balloon Cell Cortical Dysplasia\Balloon_Cell_Cortical_Dysplasia1092.jpg,Balloon Cell Cortical Dysplasia
C:\Users\HishamMo\Desktop\999_cs\Quantum_Inpired_PSO_Classifcation\MRI_dataset\Balloon Cell Cortical Dysplasia\Balloon_Cell_Cortical_Dysplasia1093.jpg,Balloon Cell Cortical Dysplasia
C:\Users\HishamMo\Desktop\999_cs\Quantum_Inpired_PSO_Classifcation\MRI_dataset\Balloon Cell Cortical Dysplasia\Balloon_Cell_Cortical_Dysplasia1094.jpg,Balloon Cell Cortical Dysplasia
C:\Users\HishamMo\Desktop\999_cs\Quantum_Inpired_PSO_Classifcation\MRI_dataset\Balloon Cell Cortical Dysplasia\Balloon_Cell_Cortical_Dysplasia1095.jpg,Balloon Cell Cortical Dysplasia
C:\Users\HishamMo\Desktop\999_cs\Quantum_Inpired_PSO_Classifcation\MRI_dataset\Balloon Cell Cortical Dysplasia\Balloon_Cell_Cortical_Dysplasia1096.jpg,Balloon Cell Cortical Dysplasia
C:\Users\HishamMo\Desktop\999_cs\Quantum_Inpired_PSO_Classifcation\MRI_dataset\Balloon Cell Cortical Dysplasia\Balloon_Cell_Cortical_Dysplasia1097.jpg,Balloon Cell Cortical Dysplasia
C:\Users\HishamMo\Desktop\999_cs\Quantum_Inpired_PSO_Classifcation\MRI_dataset\Balloon Cell Cortical Dysplasia\Balloon_Cell_Cortical_Dysplasia1098.jpg,Balloon Cell Cortical Dysplasia
C:\Users\HishamMo\Desktop\999_cs\Quantum_Inpired_PSO_Classifcation\MRI_dataset\Balloon Cell Cortical Dysplasia\Balloon_Cell_Cortical_Dysplasia1099.jpg,Balloon Cell Cortical Dysplasia
C:\Users\HishamMo\Desktop\999_cs\Quantum_Inpired_PSO_Classifcation\MRI_dataset\Balloon Cell Cortical Dysplasia\Balloon_Cell_Cortical_Dysplasia110.jpg,Balloon Cell Cortical Dysplasia
C:\Users\HishamMo\Desktop\999_cs\Quantum_Inpired_PSO_Classifcation\MRI_dataset\Balloon Cell Cortical Dysplasia\Balloon_Cell_Cortical_Dysplasia1100.jpg,Balloon Cell Cortical Dysplasia
C:\Users\HishamMo\Desktop\999_cs\Quantum_Inpired_PSO_Classifcation\MRI_dataset\Balloon Cell Cortical Dysplasia\Balloon_Cell_Cortical_Dysplasia1101.jpg,Balloon Cell Cortical Dysplasia
C:\Users\HishamMo\Desktop\999_cs\Quantum_Inpired_PSO_Classifcation\MRI_dataset\Balloon Cell Cortical Dysplasia\Balloon_Cell_Cortical_Dysplasia1102.jpg,Balloon Cell Cortical Dysplasia
C:\Users\HishamMo\Desktop\999_cs\Quantum_Inpired_PSO_Classifcation\MRI_dataset\Balloon Cell Cortical Dysplasia\Balloon_Cell_Cortical_Dysplasia1103.jpg,Balloon Cell Cortical Dysplasia
C:\Users\HishamMo\Desktop\999_cs\Quantum_Inpired_PSO_Classifcation\MRI_dataset\Balloon Cell Cortical Dysplasia\Balloon_Cell_Cortical_Dysplasia1104.jpg,Balloon Cell Cortical Dysplasia
C:\Users\HishamMo\Desktop\999_cs\Quantum_Inpired_PSO_Classifcation\MRI_dataset\Balloon Cell Cortical Dysplasia\Balloon_Cell_Cortical_Dysplasia1105.jpg,Balloon Cell Cortical Dysplasia
C:\Users\HishamMo\Desktop\999_cs\Quantum_Inpired_PSO_Classifcation\MRI_dataset\Balloon Cell Cortical Dysplasia\Balloon_Cell_Cortical_Dysplasia1106.jpg,Balloon Cell Cortical Dysplasia
C:\Users\HishamMo\Desktop\999_cs\Quantum_Inpired_PSO_Classifcation\MRI_dataset\Balloon Cell Cortical Dysplasia\Balloon_Cell_Cortical_Dysplasia1107.jpg,Balloon Cell Cortical Dysplasia
C:\Users\HishamMo\Desktop\999_cs\Quantum_Inpired_PSO_Classifcation\MRI_dataset\Balloon Cell Cortical Dysplasia\Balloon_Cell_Cortical_Dysplasia1108.jpg,Balloon Cell Cortical Dysplasia
C:\Users\HishamMo\Desktop\999_cs\Quantum_Inpired_PSO_Classifcation\MRI_dataset\Balloon Cell Cortical Dysplasia\Balloon_Cell_Cortical_Dysplasia1109.jpg,Balloon Cell Cortical Dysplasia
C:\Users\HishamMo\Desktop\999_cs\Quantum_Inpired_PSO_Classifcation\MRI_dataset\Balloon Cell Cortical Dysplasia\Balloon_Cell_Cortical_Dysplasia111.jpg,Balloon Cell Cortical Dysplasia
C:\Users\HishamMo\Desktop\999_cs\Quantum_Inpired_PSO_Classifcation\MRI_dataset\Balloon Cell Cortical Dysplasia\Balloon_Cell_Cortical_Dysplasia1110.jpg,Balloon Cell Cortical Dysplasia
C:\Users\HishamMo\Desktop\999_cs\Quantum_Inpired_PSO_Classifcation\MRI_dataset\Balloon Cell Cortical Dysplasia\Balloon_Cell_Cortical_Dysplasia1111.jpg,Balloon Cell Cortical Dysplasia
C:\Users\HishamMo\Desktop\999_cs\Quantum_Inpired_PSO_Classifcation\MRI_dataset\Balloon Cell Cortical Dysplasia\Balloon_Cell_Cortical_Dysplasia1112.jpg,Balloon Cell Cortical Dysplasia
C:\Users\HishamMo\Desktop\999_cs\Quantum_Inpired_PSO_Classifcation\MRI_dataset\Balloon Cell Cortical Dysplasia\Balloon_Cell_Cortical_Dysplasia1113.jpg,Balloon Cell Cortical Dysplasia
C:\Users\HishamMo\Desktop\999_cs\Quantum_Inpired_PSO_Classifcation\MRI_dataset\Balloon Cell Cortical Dysplasia\Balloon_Cell_Cortical_Dysplasia1114.jpg,Balloon Cell Cortical Dysplasia
C:\Users\HishamMo\Desktop\999_cs\Quantum_Inpired_PSO_Classifcation\MRI_dataset\Balloon Cell Cortical Dysplasia\Balloon_Cell_Cortical_Dysplasia1115.jpg,Balloon Cell Cortical Dysplasia
C:\Users\HishamMo\Desktop\999_cs\Quantum_Inpired_PSO_Classifcation\MRI_dataset\Balloon Cell Cortical Dysplasia\Balloon_Cell_Cortical_Dysplasia1116.jpg,Balloon Cell Cortical Dysplasia
C:\Users\HishamMo\Desktop\999_cs\Quantum_Inpired_PSO_Classifcation\MRI_dataset\Balloon Cell Cortical Dysplasia\Balloon_Cell_Cortical_Dysplasia1117.jpg,Balloon Cell Cortical Dysplasia
C:\Users\HishamMo\Desktop\999_cs\Quantum_Inpired_PSO_Classifcation\MRI_dataset\Balloon Cell Cortical Dysplasia\Balloon_Cell_Cortical_Dysplasia1118.jpg,Balloon Cell Cortical Dysplasia
C:\Users\HishamMo\Desktop\999_cs\Quantum_Inpired_PSO_Classifcation\MRI_dataset\Balloon Cell Cortical Dysplasia\Balloon_Cell_Cortical_Dysplasia1119.jpg,Balloon Cell Cortical Dysplasia
C:\Users\HishamMo\Desktop\999_cs\Quantum_Inpired_PSO_Classifcation\MRI_dataset\Balloon Cell Cortical Dysplasia\Balloon_Cell_Cortical_Dysplasia112.jpg,Balloon Cell Cortical Dysplasia
C:\Users\HishamMo\Desktop\999_cs\Quantum_Inpired_PSO_Classifcation\MRI_dataset\Balloon Cell Cortical Dysplasia\Balloon_Cell_Cortical_Dysplasia1120.jpg,Balloon Cell Cortical Dysplasia
C:\Users\HishamMo\Desktop\999_cs\Quantum_Inpired_PSO_Classifcation\MRI_dataset\Balloon Cell Cortical Dysplasia\Balloon_Cell_Cortical_Dysplasia1121.jpg,Balloon Cell Cortical Dysplasia
C:\Users\HishamMo\Desktop\999_cs\Quantum_Inpired_PSO_Classifcation\MRI_dataset\Balloon Cell Cortical Dysplasia\Balloon_Cell_Cortical_Dysplasia1122.jpg,Balloon Cell Cortical Dysplasia
C:\Users\HishamMo\Desktop\999_cs\Quantum_Inpired_PSO_Classifcation\MRI_dataset\Balloon Cell Cortical Dysplasia\Balloon_Cell_Cortical_Dysplasia1123.jpg,Balloon Cell Cortical Dysplasia
C:\Users\HishamMo\Desktop\999_cs\Quantum_Inpired_PSO_Classifcation\MRI_dataset\Balloon Cell Cortical Dysplasia\Balloon_Cell_Cortical_Dysplasia1124.jpg,Balloon Cell Cortical Dysplasia
C:\Users\HishamMo\Desktop\999_cs\Quantum_Inpired_PSO_Classifcation\MRI_dataset\Balloon Cell Cortical Dysplasia\Balloon_Cell_Cortical_Dysplasia1125.jpg,Balloon Cell Cortical Dysplasia
C:\Users\HishamMo\Desktop\999_cs\Quantum_Inpired_PSO_Classifcation\MRI_dataset\Balloon Cell Cortical Dysplasia\Balloon_Cell_Cortical_Dysplasia1126.jpg,Balloon Cell Cortical Dysplasia
C:\Users\HishamMo\Desktop\999_cs\Quantum_Inpired_PSO_Classifcation\MRI_dataset\Balloon Cell Cortical Dysplasia\Balloon_Cell_Cortical_Dysplasia1127.jpg,Balloon Cell Cortical Dysplasia
C:\Users\HishamMo\Desktop\999_cs\Quantum_Inpired_PSO_Classifcation\MRI_dataset\Balloon Cell Cortical Dysplasia\Balloon_Cell_Cortical_Dysplasia1128.jpg,Balloon Cell Cortical Dysplasia
C:\Users\HishamMo\Desktop\999_cs\Quantum_Inpired_PSO_Classifcation\MRI_dataset\Balloon Cell Cortical Dysplasia\Balloon_Cell_Cortical_Dysplasia1129.jpg,Balloon Cell Cortical Dysplasia
C:\Users\HishamMo\Desktop\999_cs\Quantum_Inpired_PSO_Classifcation\MRI_dataset\Balloon Cell Cortical Dysplasia\Balloon_Cell_Cortical_Dysplasia113.jpg,Balloon Cell Cortical Dysplasia
C:\Users\HishamMo\Desktop\999_cs\Quantum_Inpired_PSO_Classifcation\MRI_dataset\Balloon Cell Cortical Dysplasia\Balloon_Cell_Cortical_Dysplasia1130.jpg,Balloon Cell Cortical Dysplasia
C:\Users\HishamMo\Desktop\999_cs\Quantum_Inpired_PSO_Classifcation\MRI_dataset\Balloon Cell Cortical Dysplasia\Balloon_Cell_Cortical_Dysplasia1131.jpg,Balloon Cell Cortical Dysplasia
C:\Users\HishamMo\Desktop\999_cs\Quantum_Inpired_PSO_Classifcation\MRI_dataset\Balloon Cell Cortical Dysplasia\Balloon_Cell_Cortical_Dysplasia1132.jpg,Balloon Cell Cortical Dysplasia
C:\Users\HishamMo\Desktop\999_cs\Quantum_Inpired_PSO_Classifcation\MRI_dataset\Balloon Cell Cortical Dysplasia\Balloon_Cell_Cortical_Dysplasia1133.jpg,Balloon Cell Cortical Dysplasia
C:\Users\HishamMo\Desktop\999_cs\Quantum_Inpired_PSO_Classifcation\MRI_dataset\Balloon Cell Cortical Dysplasia\Balloon_Cell_Cortical_Dysplasia1134.jpg,Balloon Cell Cortical Dysplasia
C:\Users\HishamMo\Desktop\999_cs\Quantum_Inpired_PSO_Classifcation\MRI_dataset\Balloon Cell Cortical Dysplasia\Balloon_Cell_Cortical_Dysplasia1135.jpg,Balloon Cell Cortical Dysplasia
C:\Users\HishamMo\Desktop\999_cs\Quantum_Inpired_PSO_Classifcation\MRI_dataset\Balloon Cell Cortical Dysplasia\Balloon_Cell_Cortical_Dysplasia1136.jpg,Balloon Cell Cortical Dysplasia
C:\Users\HishamMo\Desktop\999_cs\Quantum_Inpired_PSO_Classifcation\MRI_dataset\Balloon Cell Cortical Dysplasia\Balloon_Cell_Cortical_Dysplasia1137.jpg,Balloon Cell Cortical Dysplasia
C:\Users\HishamMo\Desktop\999_cs\Quantum_Inpired_PSO_Classifcation\MRI_dataset\Balloon Cell Cortical Dysplasia\Balloon_Cell_Cortical_Dysplasia1138.jpg,Balloon Cell Cortical Dysplasia
C:\Users\HishamMo\Desktop\999_cs\Quantum_Inpired_PSO_Classifcation\MRI_dataset\Balloon Cell Cortical Dysplasia\Balloon_Cell_Cortical_Dysplasia1139.jpg,Balloon Cell Cortical Dysplasia
C:\Users\HishamMo\Desktop\999_cs\Quantum_Inpired_PSO_Classifcation\MRI_dataset\Balloon Cell Cortical Dysplasia\Balloon_Cell_Cortical_Dysplasia114.jpg,Balloon Cell Cortical Dysplasia
C:\Users\HishamMo\Desktop\999_cs\Quantum_Inpired_PSO_Classifcation\MRI_dataset\Balloon Cell Cortical Dysplasia\Balloon_Cell_Cortical_Dysplasia1140.jpg,Balloon Cell Cortical Dysplasia
C:\Users\HishamMo\Desktop\999_cs\Quantum_Inpired_PSO_Classifcation\MRI_dataset\Balloon Cell Cortical Dysplasia\Balloon_Cell_Cortical_Dysplasia1141.jpg,Balloon Cell Cortical Dysplasia
C:\Users\HishamMo\Desktop\999_cs\Quantum_Inpired_PSO_Classifcation\MRI_dataset\Balloon Cell Cortical Dysplasia\Balloon_Cell_Cortical_Dysplasia1142.jpg,Balloon Cell Cortical Dysplasia
C:\Users\HishamMo\Desktop\999_cs\Quantum_Inpired_PSO_Classifcation\MRI_dataset\Balloon Cell Cortical Dysplasia\Balloon_Cell_Cortical_Dysplasia1143.jpg,Balloon Cell Cortical Dysplasia
C:\Users\HishamMo\Desktop\999_cs\Quantum_Inpired_PSO_Classifcation\MRI_dataset\Balloon Cell Cortical Dysplasia\Balloon_Cell_Cortical_Dysplasia1144.jpg,Balloon Cell Cortical Dysplasia
C:\Users\HishamMo\Desktop\999_cs\Quantum_Inpired_PSO_Classifcation\MRI_dataset\Balloon Cell Cortical Dysplasia\Balloon_Cell_Cortical_Dysplasia1145.jpg,Balloon Cell Cortical Dysplasia
C:\Users\HishamMo\Desktop\999_cs\Quantum_Inpired_PSO_Classifcation\MRI_dataset\Balloon Cell Cortical Dysplasia\Balloon_Cell_Cortical_Dysplasia1146.jpg,Balloon Cell Cortical Dysplasia
C:\Users\HishamMo\Desktop\999_cs\Quantum_Inpired_PSO_Classifcation\MRI_dataset\Balloon Cell Cortical Dysplasia\Balloon_Cell_Cortical_Dysplasia1147.jpg,Balloon Cell Cortical Dysplasia
C:\Users\HishamMo\Desktop\999_cs\Quantum_Inpired_PSO_Classifcation\MRI_dataset\Balloon Cell Cortical Dysplasia\Balloon_Cell_Cortical_Dysplasia1148.jpg,Balloon Cell Cortical Dysplasia
C:\Users\HishamMo\Desktop\999_cs\Quantum_Inpired_PSO_Classifcation\MRI_dataset\Balloon Cell Cortical Dysplasia\Balloon_Cell_Cortical_Dysplasia1149.jpg,Balloon Cell Cortical Dysplasia
C:\Users\HishamMo\Desktop\999_cs\Quantum_Inpired_PSO_Classifcation\MRI_dataset\Balloon Cell Cortical Dysplasia\Balloon_Cell_Cortical_Dysplasia115.jpg,Balloon Cell Cortical Dysplasia
C:\Users\HishamMo\Desktop\999_cs\Quantum_Inpired_PSO_Classifcation\MRI_dataset\Balloon Cell Cortical Dysplasia\Balloon_Cell_Cortical_Dysplasia1150.jpg,Balloon Cell Cortical Dysplasia
C:\Users\HishamMo\Desktop\999_cs\Quantum_Inpired_PSO_Classifcation\MRI_dataset\Balloon Cell Cortical Dysplasia\Balloon_Cell_Cortical_Dysplasia1151.jpg,Balloon Cell Cortical Dysplasia
C:\Users\HishamMo\Desktop\999_cs\Quantum_Inpired_PSO_Classifcation\MRI_dataset\Balloon Cell Cortical Dysplasia\Balloon_Cell_Cortical_Dysplasia1152.jpg,Balloon Cell Cortical Dysplasia
C:\Users\HishamMo\Desktop\999_cs\Quantum_Inpired_PSO_Classifcation\MRI_dataset\Balloon Cell Cortical Dysplasia\Balloon_Cell_Cortical_Dysplasia1153.jpg,Balloon Cell Cortical Dysplasia
C:\Users\HishamMo\Desktop\999_cs\Quantum_Inpired_PSO_Classifcation\MRI_dataset\Balloon Cell Cortical Dysplasia\Balloon_Cell_Cortical_Dysplasia1154.jpg,Balloon Cell Cortical Dysplasia
C:\Users\HishamMo\Desktop\999_cs\Quantum_Inpired_PSO_Classifcation\MRI_dataset\Balloon Cell Cortical Dysplasia\Balloon_Cell_Cortical_Dysplasia1155.jpg,Balloon Cell Cortical Dysplasia
C:\Users\HishamMo\Desktop\999_cs\Quantum_Inpired_PSO_Classifcation\MRI_dataset\Balloon Cell Cortical Dysplasia\Balloon_Cell_Cortical_Dysplasia1156.jpg,Balloon Cell Cortical Dysplasia
C:\Users\HishamMo\Desktop\999_cs\Quantum_Inpired_PSO_Classifcation\MRI_dataset\Balloon Cell Cortical Dysplasia\Balloon_Cell_Cortical_Dysplasia1157.jpg,Balloon Cell Cortical Dysplasia
C:\Users\HishamMo\Desktop\999_cs\Quantum_Inpired_PSO_Classifcation\MRI_dataset\Balloon Cell Cortical Dysplasia\Balloon_Cell_Cortical_Dysplasia1158.jpg,Balloon Cell Cortical Dysplasia
C:\Users\HishamMo\Desktop\999_cs\Quantum_Inpired_PSO_Classifcation\MRI_dataset\Balloon Cell Cortical Dysplasia\Balloon_Cell_Cortical_Dysplasia1159.jpg,Balloon Cell Cortical Dysplasia
C:\Users\HishamMo\Desktop\999_cs\Quantum_Inpired_PSO_Classifcation\MRI_dataset\Balloon Cell Cortical Dysplasia\Balloon_Cell_Cortical_Dysplasia116.jpg,Balloon Cell Cortical Dysplasia
C:\Users\HishamMo\Desktop\999_cs\Quantum_Inpired_PSO_Classifcation\MRI_dataset\Balloon Cell Cortical Dysplasia\Balloon_Cell_Cortical_Dysplasia1160.jpg,Balloon Cell Cortical Dysplasia
C:\Users\HishamMo\Desktop\999_cs\Quantum_Inpired_PSO_Classifcation\MRI_dataset\Balloon Cell Cortical Dysplasia\Balloon_Cell_Cortical_Dysplasia1161.jpg,Balloon Cell Cortical Dysplasia
C:\Users\HishamMo\Desktop\999_cs\Quantum_Inpired_PSO_Classifcation\MRI_dataset\Balloon Cell Cortical Dysplasia\Balloon_Cell_Cortical_Dysplasia1162.jpg,Balloon Cell Cortical Dysplasia
C:\Users\HishamMo\Desktop\999_cs\Quantum_Inpired_PSO_Classifcation\MRI_dataset\Balloon Cell Cortical Dysplasia\Balloon_Cell_Cortical_Dysplasia1163.jpg,Balloon Cell Cortical Dysplasia
C:\Users\HishamMo\Desktop\999_cs\Quantum_Inpired_PSO_Classifcation\MRI_dataset\Balloon Cell Cortical Dysplasia\Balloon_Cell_Cortical_Dysplasia1164.jpg,Balloon Cell Cortical Dysplasia
C:\Users\HishamMo\Desktop\999_cs\Quantum_Inpired_PSO_Classifcation\MRI_dataset\Balloon Cell Cortical Dysplasia\Balloon_Cell_Cortical_Dysplasia1165.jpg,Balloon Cell Cortical Dysplasia
C:\Users\HishamMo\Desktop\999_cs\Quantum_Inpired_PSO_Classifcation\MRI_dataset\Balloon Cell Cortical Dysplasia\Balloon_Cell_Cortical_Dysplasia1166.jpg,Balloon Cell Cortical Dysplasia
C:\Users\HishamMo\Desktop\999_cs\Quantum_Inpired_PSO_Classifcation\MRI_dataset\Balloon Cell Cortical Dysplasia\Balloon_Cell_Cortical_Dysplasia1167.jpg,Balloon Cell Cortical Dysplasia
C:\Users\HishamMo\Desktop\999_cs\Quantum_Inpired_PSO_Classifcation\MRI_dataset\Balloon Cell Cortical Dysplasia\Balloon_Cell_Cortical_Dysplasia1168.jpg,Balloon Cell Cortical Dysplasia
C:\Users\HishamMo\Desktop\999_cs\Quantum_Inpired_PSO_Classifcation\MRI_dataset\Balloon Cell Cortical Dysplasia\Balloon_Cell_Cortical_Dysplasia1169.jpg,Balloon Cell Cortical Dysplasia
C:\Users\HishamMo\Desktop\999_cs\Quantum_Inpired_PSO_Classifcation\MRI_dataset\Balloon Cell Cortical Dysplasia\Balloon_Cell_Cortical_Dysplasia117.jpg,Balloon Cell Cortical Dysplasia
C:\Users\HishamMo\Desktop\999_cs\Quantum_Inpired_PSO_Classifcation\MRI_dataset\Balloon Cell Cortical Dysplasia\Balloon_Cell_Cortical_Dysplasia1170.jpg,Balloon Cell Cortical Dysplasia
C:\Users\HishamMo\Desktop\999_cs\Quantum_Inpired_PSO_Classifcation\MRI_dataset\Balloon Cell Cortical Dysplasia\Balloon_Cell_Cortical_Dysplasia1171.jpg,Balloon Cell Cortical Dysplasia
C:\Users\HishamMo\Desktop\999_cs\Quantum_Inpired_PSO_Classifcation\MRI_dataset\Balloon Cell Cortical Dysplasia\Balloon_Cell_Cortical_Dysplasia1172.jpg,Balloon Cell Cortical Dysplasia
C:\Users\HishamMo\Desktop\999_cs\Quantum_Inpired_PSO_Classifcation\MRI_dataset\Balloon Cell Cortical Dysplasia\Balloon_Cell_Cortical_Dysplasia1173.jpg,Balloon Cell Cortical Dysplasia
C:\Users\HishamMo\Desktop\999_cs\Quantum_Inpired_PSO_Classifcation\MRI_dataset\Balloon Cell Cortical Dysplasia\Balloon_Cell_Cortical_Dysplasia1174.jpg,Balloon Cell Cortical Dysplasia
C:\Users\HishamMo\Desktop\999_cs\Quantum_Inpired_PSO_Classifcation\MRI_dataset\Balloon Cell Cortical Dysplasia\Balloon_Cell_Cortical_Dysplasia1175.jpg,Balloon Cell Cortical Dysplasia
C:\Users\HishamMo\Desktop\999_cs\Quantum_Inpired_PSO_Classifcation\MRI_dataset\Balloon Cell Cortical Dysplasia\Balloon_Cell_Cortical_Dysplasia1176.jpg,Balloon Cell Cortical Dysplasia
C:\Users\HishamMo\Desktop\999_cs\Quantum_Inpired_PSO_Classifcation\MRI_dataset\Balloon Cell Cortical Dysplasia\Balloon_Cell_Cortical_Dysplasia1177.jpg,Balloon Cell Cortical Dysplasia
C:\Users\HishamMo\Desktop\999_cs\Quantum_Inpired_PSO_Classifcation\MRI_dataset\Balloon Cell Cortical Dysplasia\Balloon_Cell_Cortical_Dysplasia1178.jpg,Balloon Cell Cortical Dysplasia
C:\Users\HishamMo\Desktop\999_cs\Quantum_Inpired_PSO_Classifcation\MRI_dataset\Balloon Cell Cortical Dysplasia\Balloon_Cell_Cortical_Dysplasia1179.jpg,Balloon Cell Cortical Dysplasia
C:\Users\HishamMo\Desktop\999_cs\Quantum_Inpired_PSO_Classifcation\MRI_dataset\Balloon Cell Cortical Dysplasia\Balloon_Cell_Cortical_Dysplasia118.jpg,Balloon Cell Cortical Dysplasia
C:\Users\HishamMo\Desktop\999_cs\Quantum_Inpired_PSO_Classifcation\MRI_dataset\Balloon Cell Cortical Dysplasia\Balloon_Cell_Cortical_Dysplasia1180.jpg,Balloon Cell Cortical Dysplasia
C:\Users\HishamMo\Desktop\999_cs\Quantum_Inpired_PSO_Classifcation\MRI_dataset\Balloon Cell Cortical Dysplasia\Balloon_Cell_Cortical_Dysplasia1181.jpg,Balloon Cell Cortical Dysplasia
C:\Users\HishamMo\Desktop\999_cs\Quantum_Inpired_PSO_Classifcation\MRI_dataset\Balloon Cell Cortical Dysplasia\Balloon_Cell_Cortical_Dysplasia1182.jpg,Balloon Cell Cortical Dysplasia
C:\Users\HishamMo\Desktop\999_cs\Quantum_Inpired_PSO_Classifcation\MRI_dataset\Balloon Cell Cortical Dysplasia\Balloon_Cell_Cortical_Dysplasia1183.jpg,Balloon Cell Cortical Dysplasia
C:\Users\HishamMo\Desktop\999_cs\Quantum_Inpired_PSO_Classifcation\MRI_dataset\Balloon Cell Cortical Dysplasia\Balloon_Cell_Cortical_Dysplasia1184.jpg,Balloon Cell Cortical Dysplasia
C:\Users\HishamMo\Desktop\999_cs\Quantum_Inpired_PSO_Classifcation\MRI_dataset\Balloon Cell Cortical Dysplasia\Balloon_Cell_Cortical_Dysplasia1185.jpg,Balloon Cell Cortical Dysplasia
C:\Users\HishamMo\Desktop\999_cs\Quantum_Inpired_PSO_Classifcation\MRI_dataset\Balloon Cell Cortical Dysplasia\Balloon_Cell_Cortical_Dysplasia1186.jpg,Balloon Cell Cortical Dysplasia
C:\Users\HishamMo\Desktop\999_cs\Quantum_Inpired_PSO_Classifcation\MRI_dataset\Balloon Cell Cortical Dysplasia\Balloon_Cell_Cortical_Dysplasia1187.jpg,Balloon Cell Cortical Dysplasia
C:\Users\HishamMo\Desktop\999_cs\Quantum_Inpired_PSO_Classifcation\MRI_dataset\Balloon Cell Cortical Dysplasia\Balloon_Cell_Cortical_Dysplasia1188.jpg,Balloon Cell Cortical Dysplasia
C:\Users\HishamMo\Desktop\999_cs\Quantum_Inpired_PSO_Classifcation\MRI_dataset\Balloon Cell Cortical Dysplasia\Balloon_Cell_Cortical_Dysplasia1189.jpg,Balloon Cell Cortical Dysplasia
C:\Users\HishamMo\Desktop\999_cs\Quantum_Inpired_PSO_Classifcation\MRI_dataset\Balloon Cell Cortical Dysplasia\Balloon_Cell_Cortical_Dysplasia119.jpg,Balloon Cell Cortical Dysplasia
C:\Users\HishamMo\Desktop\999_cs\Quantum_Inpired_PSO_Classifcation\MRI_dataset\Balloon Cell Cortical Dysplasia\Balloon_Cell_Cortical_Dysplasia1190.jpg,Balloon Cell Cortical Dysplasia
C:\Users\HishamMo\Desktop\999_cs\Quantum_Inpired_PSO_Classifcation\MRI_dataset\Balloon Cell Cortical Dysplasia\Balloon_Cell_Cortical_Dysplasia1191.jpg,Balloon Cell Cortical Dysplasia
C:\Users\HishamMo\Desktop\999_cs\Quantum_Inpired_PSO_Classifcation\MRI_dataset\Balloon Cell Cortical Dysplasia\Balloon_Cell_Cortical_Dysplasia1192.jpg,Balloon Cell Cortical Dysplasia
C:\Users\HishamMo\Desktop\999_cs\Quantum_Inpired_PSO_Classifcation\MRI_dataset\Balloon Cell Cortical Dysplasia\Balloon_Cell_Cortical_Dysplasia1193.jpg,Balloon Cell Cortical Dysplasia
C:\Users\HishamMo\Desktop\999_cs\Quantum_Inpired_PSO_Classifcation\MRI_dataset\Balloon Cell Cortical Dysplasia\Balloon_Cell_Cortical_Dysplasia1194.jpg,Balloon Cell Cortical Dysplasia
C:\Users\HishamMo\Desktop\999_cs\Quantum_Inpired_PSO_Classifcation\MRI_dataset\Balloon Cell Cortical Dysplasia\Balloon_Cell_Cortical_Dysplasia1195.jpg,Balloon Cell Cortical Dysplasia
C:\Users\HishamMo\Desktop\999_cs\Quantum_Inpired_PSO_Classifcation\MRI_dataset\Balloon Cell Cortical Dysplasia\Balloon_Cell_Cortical_Dysplasia1196.jpg,Balloon Cell Cortical Dysplasia
C:\Users\HishamMo\Desktop\999_cs\Quantum_Inpired_PSO_Classifcation\MRI_dataset\Balloon Cell Cortical Dysplasia\Balloon_Cell_Cortical_Dysplasia1197.jpg,Balloon Cell Cortical Dysplasia
C:\Users\HishamMo\Desktop\999_cs\Quantum_Inpired_PSO_Classifcation\MRI_dataset\Balloon Cell Cortical Dysplasia\Balloon_Cell_Cortical_Dysplasia1198.jpg,Balloon Cell Cortical Dysplasia
C:\Users\HishamMo\Desktop\999_cs\Quantum_Inpired_PSO_Classifcation\MRI_dataset\Balloon Cell Cortical Dysplasia\Balloon_Cell_Cortical_Dysplasia1199.jpg,Balloon Cell Cortical Dysplasia
C:\Users\HishamMo\Desktop\999_cs\Quantum_Inpired_PSO_Classifcation\MRI_dataset\Balloon Cell Cortical Dysplasia\Balloon_Cell_Cortical_Dysplasia120.jpg,Balloon Cell Cortical Dysplasia
C:\Users\HishamMo\Desktop\999_cs\Quantum_Inpired_PSO_Classifcation\MRI_dataset\Balloon Cell Cortical Dysplasia\Balloon_Cell_Cortical_Dysplasia1200.jpg,Balloon Cell Cortical Dysplasia
C:\Users\HishamMo\Desktop\999_cs\Quantum_Inpired_PSO_Classifcation\MRI_dataset\Balloon Cell Cortical Dysplasia\Balloon_Cell_Cortical_Dysplasia1201.jpg,Balloon Cell Cortical Dysplasia
C:\Users\HishamMo\Desktop\999_cs\Quantum_Inpired_PSO_Classifcation\MRI_dataset\Balloon Cell Cortical Dysplasia\Balloon_Cell_Cortical_Dysplasia1202.jpg,Balloon Cell Cortical Dysplasia
C:\Users\HishamMo\Desktop\999_cs\Quantum_Inpired_PSO_Classifcation\MRI_dataset\Balloon Cell Cortical Dysplasia\Balloon_Cell_Cortical_Dysplasia1203.jpg,Balloon Cell Cortical Dysplasia
C:\Users\HishamMo\Desktop\999_cs\Quantum_Inpired_PSO_Classifcation\MRI_dataset\Balloon Cell Cortical Dysplasia\Balloon_Cell_Cortical_Dysplasia1204.jpg,Balloon Cell Cortical Dysplasia
C:\Users\HishamMo\Desktop\999_cs\Quantum_Inpired_PSO_Classifcation\MRI_dataset\Balloon Cell Cortical Dysplasia\Balloon_Cell_Cortical_Dysplasia1205.jpg,Balloon Cell Cortical Dysplasia
C:\Users\HishamMo\Desktop\999_cs\Quantum_Inpired_PSO_Classifcation\MRI_dataset\Balloon Cell Cortical Dysplasia\Balloon_Cell_Cortical_Dysplasia1206.jpg,Balloon Cell Cortical Dysplasia
C:\Users\HishamMo\Desktop\999_cs\Quantum_Inpired_PSO_Classifcation\MRI_dataset\Balloon Cell Cortical Dysplasia\Balloon_Cell_Cortical_Dysplasia1207.jpg,Balloon Cell Cortical Dysplasia
C:\Users\HishamMo\Desktop\999_cs\Quantum_Inpired_PSO_Classifcation\MRI_dataset\Balloon Cell Cortical Dysplasia\Balloon_Cell_Cortical_Dysplasia1208.jpg,Balloon Cell Cortical Dysplasia
C:\Users\HishamMo\Desktop\999_cs\Quantum_Inpired_PSO_Classifcation\MRI_dataset\Balloon Cell Cortical Dysplasia\Balloon_Cell_Cortical_Dysplasia1209.jpg,Balloon Cell Cortical Dysplasia
C:\Users\HishamMo\Desktop\999_cs\Quantum_Inpired_PSO_Classifcation\MRI_dataset\Balloon Cell Cortical Dysplasia\Balloon_Cell_Cortical_Dysplasia121.jpg,Balloon Cell Cortical Dysplasia
C:\Users\HishamMo\Desktop\999_cs\Quantum_Inpired_PSO_Classifcation\MRI_dataset\Balloon Cell Cortical Dysplasia\Balloon_Cell_Cortical_Dysplasia1210.jpg,Balloon Cell Cortical Dysplasia
C:\Users\HishamMo\Desktop\999_cs\Quantum_Inpired_PSO_Classifcation\MRI_dataset\Balloon Cell Cortical Dysplasia\Balloon_Cell_Cortical_Dysplasia1211.jpg,Balloon Cell Cortical Dysplasia
C:\Users\HishamMo\Desktop\999_cs\Quantum_Inpired_PSO_Classifcation\MRI_dataset\Balloon Cell Cortical Dysplasia\Balloon_Cell_Cortical_Dysplasia1212.jpg,Balloon Cell Cortical Dysplasia
C:\Users\HishamMo\Desktop\999_cs\Quantum_Inpired_PSO_Classifcation\MRI_dataset\Balloon Cell Cortical Dysplasia\Balloon_Cell_Cortical_Dysplasia1213.jpg,Balloon Cell Cortical Dysplasia
C:\Users\HishamMo\Desktop\999_cs\Quantum_Inpired_PSO_Classifcation\MRI_dataset\Balloon Cell Cortical Dysplasia\Balloon_Cell_Cortical_Dysplasia1214.jpg,Balloon Cell Cortical Dysplasia
C:\Users\HishamMo\Desktop\999_cs\Quantum_Inpired_PSO_Classifcation\MRI_dataset\Balloon Cell Cortical Dysplasia\Balloon_Cell_Cortical_Dysplasia1215.jpg,Balloon Cell Cortical Dysplasia
C:\Users\HishamMo\Desktop\999_cs\Quantum_Inpired_PSO_Classifcation\MRI_dataset\Balloon Cell Cortical Dysplasia\Balloon_Cell_Cortical_Dysplasia1216.jpg,Balloon Cell Cortical Dysplasia
C:\Users\HishamMo\Desktop\999_cs\Quantum_Inpired_PSO_Classifcation\MRI_dataset\Balloon Cell Cortical Dysplasia\Balloon_Cell_Cortical_Dysplasia1217.jpg,Balloon Cell Cortical Dysplasia
C:\Users\HishamMo\Desktop\999_cs\Quantum_Inpired_PSO_Classifcation\MRI_dataset\Balloon Cell Cortical Dysplasia\Balloon_Cell_Cortical_Dysplasia1218.jpg,Balloon Cell Cortical Dysplasia
C:\Users\HishamMo\Desktop\999_cs\Quantum_Inpired_PSO_Classifcation\MRI_dataset\Balloon Cell Cortical Dysplasia\Balloon_Cell_Cortical_Dysplasia1219.jpg,Balloon Cell Cortical Dysplasia
C:\Users\HishamMo\Desktop\999_cs\Quantum_Inpired_PSO_Classifcation\MRI_dataset\Balloon Cell Cortical Dysplasia\Balloon_Cell_Cortical_Dysplasia122.jpg,Balloon Cell Cortical Dysplasia
C:\Users\HishamMo\Desktop\999_cs\Quantum_Inpired_PSO_Classifcation\MRI_dataset\Balloon Cell Cortical Dysplasia\Balloon_Cell_Cortical_Dysplasia1220.jpg,Balloon Cell Cortical Dysplasia
C:\Users\HishamMo\Desktop\999_cs\Quantum_Inpired_PSO_Classifcation\MRI_dataset\Balloon Cell Cortical Dysplasia\Balloon_Cell_Cortical_Dysplasia1221.jpg,Balloon Cell Cortical Dysplasia
C:\Users\HishamMo\Desktop\999_cs\Quantum_Inpired_PSO_Classifcation\MRI_dataset\Balloon Cell Cortical Dysplasia\Balloon_Cell_Cortical_Dysplasia1222.jpg,Balloon Cell Cortical Dysplasia
C:\Users\HishamMo\Desktop\999_cs\Quantum_Inpired_PSO_Classifcation\MRI_dataset\Balloon Cell Cortical Dysplasia\Balloon_Cell_Cortical_Dysplasia1223.jpg,Balloon Cell Cortical Dysplasia
C:\Users\HishamMo\Desktop\999_cs\Quantum_Inpired_PSO_Classifcation\MRI_dataset\Balloon Cell Cortical Dysplasia\Balloon_Cell_Cortical_Dysplasia1224.jpg,Balloon Cell Cortical Dysplasia
C:\Users\HishamMo\Desktop\999_cs\Quantum_Inpired_PSO_Classifcation\MRI_dataset\Balloon Cell Cortical Dysplasia\Balloon_Cell_Cortical_Dysplasia1225.jpg,Balloon Cell Cortical Dysplasia
C:\Users\HishamMo\Desktop\999_cs\Quantum_Inpired_PSO_Classifcation\MRI_dataset\Balloon Cell Cortical Dysplasia\Balloon_Cell_Cortical_Dysplasia1226.jpg,Balloon Cell Cortical Dysplasia
C:\Users\HishamMo\Desktop\999_cs\Quantum_Inpired_PSO_Classifcation\MRI_dataset\Balloon Cell Cortical Dysplasia\Balloon_Cell_Cortical_Dysplasia1227.jpg,Balloon Cell Cortical Dysplasia
C:\Users\HishamMo\Desktop\999_cs\Quantum_Inpired_PSO_Classifcation\MRI_dataset\Balloon Cell Cortical Dysplasia\Balloon_Cell_Cortical_Dysplasia1228.jpg,Balloon Cell Cortical Dysplasia
C:\Users\HishamMo\Desktop\999_cs\Quantum_Inpired_PSO_Classifcation\MRI_dataset\Balloon Cell Cortical Dysplasia\Balloon_Cell_Cortical_Dysplasia1229.jpg,Balloon Cell Cortical Dysplasia
C:\Users\HishamMo\Desktop\999_cs\Quantum_Inpired_PSO_Classifcation\MRI_dataset\Balloon Cell Cortical Dysplasia\Balloon_Cell_Cortical_Dysplasia123.jpg,Balloon Cell Cortical Dysplasia
C:\Users\HishamMo\Desktop\999_cs\Quantum_Inpired_PSO_Classifcation\MRI_dataset\Balloon Cell Cortical Dysplasia\Balloon_Cell_Cortical_Dysplasia1230.jpg,Balloon Cell Cortical Dysplasia
C:\Users\HishamMo\Desktop\999_cs\Quantum_Inpired_PSO_Classifcation\MRI_dataset\Balloon Cell Cortical Dysplasia\Balloon_Cell_Cortical_Dysplasia1231.jpg,Balloon Cell Cortical Dysplasia
C:\Users\HishamMo\Desktop\999_cs\Quantum_Inpired_PSO_Classifcation\MRI_dataset\Balloon Cell Cortical Dysplasia\Balloon_Cell_Cortical_Dysplasia1232.jpg,Balloon Cell Cortical Dysplasia
C:\Users\HishamMo\Desktop\999_cs\Quantum_Inpired_PSO_Classifcation\MRI_dataset\Balloon Cell Cortical Dysplasia\Balloon_Cell_Cortical_Dysplasia1233.jpg,Balloon Cell Cortical Dysplasia
C:\Users\HishamMo\Desktop\999_cs\Quantum_Inpired_PSO_Classifcation\MRI_dataset\Balloon Cell Cortical Dysplasia\Balloon_Cell_Cortical_Dysplasia1234.jpg,Balloon Cell Cortical Dysplasia
C:\Users\HishamMo\Desktop\999_cs\Quantum_Inpired_PSO_Classifcation\MRI_dataset\Balloon Cell Cortical Dysplasia\Balloon_Cell_Cortical_Dysplasia1235.jpg,Balloon Cell Cortical Dysplasia
C:\Users\HishamMo\Desktop\999_cs\Quantum_Inpired_PSO_Classifcation\MRI_dataset\Balloon Cell Cortical Dysplasia\Balloon_Cell_Cortical_Dysplasia1236.jpg,Balloon Cell Cortical Dysplasia
C:\Users\HishamMo\Desktop\999_cs\Quantum_Inpired_PSO_Classifcation\MRI_dataset\Balloon Cell Cortical Dysplasia\Balloon_Cell_Cortical_Dysplasia1237.jpg,Balloon Cell Cortical Dysplasia
C:\Users\HishamMo\Desktop\999_cs\Quantum_Inpired_PSO_Classifcation\MRI_dataset\Balloon Cell Cortical Dysplasia\Balloon_Cell_Cortical_Dysplasia1238.jpg,Balloon Cell Cortical Dysplasia
C:\Users\HishamMo\Desktop\999_cs\Quantum_Inpired_PSO_Classifcation\MRI_dataset\Balloon Cell Cortical Dysplasia\Balloon_Cell_Cortical_Dysplasia1239.jpg,Balloon Cell Cortical Dysplasia
C:\Users\HishamMo\Desktop\999_cs\Quantum_Inpired_PSO_Classifcation\MRI_dataset\Balloon Cell Cortical Dysplasia\Balloon_Cell_Cortical_Dysplasia124.jpg,Balloon Cell Cortical Dysplasia
C:\Users\HishamMo\Desktop\999_cs\Quantum_Inpired_PSO_Classifcation\MRI_dataset\Balloon Cell Cortical Dysplasia\Balloon_Cell_Cortical_Dysplasia1240.jpg,Balloon Cell Cortical Dysplasia
C:\Users\HishamMo\Desktop\999_cs\Quantum_Inpired_PSO_Classifcation\MRI_dataset\Balloon Cell Cortical Dysplasia\Balloon_Cell_Cortical_Dysplasia1241.jpg,Balloon Cell Cortical Dysplasia
C:\Users\HishamMo\Desktop\999_cs\Quantum_Inpired_PSO_Classifcation\MRI_dataset\Balloon Cell Cortical Dysplasia\Balloon_Cell_Cortical_Dysplasia1242.jpg,Balloon Cell Cortical Dysplasia
C:\Users\HishamMo\Desktop\999_cs\Quantum_Inpired_PSO_Classifcation\MRI_dataset\Balloon Cell Cortical Dysplasia\Balloon_Cell_Cortical_Dysplasia1243.jpg,Balloon Cell Cortical Dysplasia
C:\Users\HishamMo\Desktop\999_cs\Quantum_Inpired_PSO_Classifcation\MRI_dataset\Balloon Cell Cortical Dysplasia\Balloon_Cell_Cortical_Dysplasia1244.jpg,Balloon Cell Cortical Dysplasia
C:\Users\HishamMo\Desktop\999_cs\Quantum_Inpired_PSO_Classifcation\MRI_dataset\Balloon Cell Cortical Dysplasia\Balloon_Cell_Cortical_Dysplasia1245.jpg,Balloon Cell Cortical Dysplasia
C:\Users\HishamMo\Desktop\999_cs\Quantum_Inpired_PSO_Classifcation\MRI_dataset\Balloon Cell Cortical Dysplasia\Balloon_Cell_Cortical_Dysplasia1246.jpg,Balloon Cell Cortical Dysplasia
C:\Users\HishamMo\Desktop\999_cs\Quantum_Inpired_PSO_Classifcation\MRI_dataset\Balloon Cell Cortical Dysplasia\Balloon_Cell_Cortical_Dysplasia1247.jpg,Balloon Cell Cortical Dysplasia
C:\Users\HishamMo\Desktop\999_cs\Quantum_Inpired_PSO_Classifcation\MRI_dataset\Balloon Cell Cortical Dysplasia\Balloon_Cell_Cortical_Dysplasia1248.jpg,Balloon Cell Cortical Dysplasia
C:\Users\HishamMo\Desktop\999_cs\Quantum_Inpired_PSO_Classifcation\MRI_dataset\Balloon Cell Cortical Dysplasia\Balloon_Cell_Cortical_Dysplasia1249.jpg,Balloon Cell Cortical Dysplasia
C:\Users\HishamMo\Desktop\999_cs\Quantum_Inpired_PSO_Classifcation\MRI_dataset\Balloon Cell Cortical Dysplasia\Balloon_Cell_Cortical_Dysplasia125.jpg,Balloon Cell Cortical Dysplasia
C:\Users\HishamMo\Desktop\999_cs\Quantum_Inpired_PSO_Classifcation\MRI_dataset\Balloon Cell Cortical Dysplasia\Balloon_Cell_Cortical_Dysplasia1250.jpg,Balloon Cell Cortical Dysplasia
C:\Users\HishamMo\Desktop\999_cs\Quantum_Inpired_PSO_Classifcation\MRI_dataset\Balloon Cell Cortical Dysplasia\Balloon_Cell_Cortical_Dysplasia1251.jpg,Balloon Cell Cortical Dysplasia
C:\Users\HishamMo\Desktop\999_cs\Quantum_Inpired_PSO_Classifcation\MRI_dataset\Balloon Cell Cortical Dysplasia\Balloon_Cell_Cortical_Dysplasia1252.jpg,Balloon Cell Cortical Dysplasia
C:\Users\HishamMo\Desktop\999_cs\Quantum_Inpired_PSO_Classifcation\MRI_dataset\Balloon Cell Cortical Dysplasia\Balloon_Cell_Cortical_Dysplasia1253.jpg,Balloon Cell Cortical Dysplasia
C:\Users\HishamMo\Desktop\999_cs\Quantum_Inpired_PSO_Classifcation\MRI_dataset\Balloon Cell Cortical Dysplasia\Balloon_Cell_Cortical_Dysplasia1254.jpg,Balloon Cell Cortical Dysplasia
C:\Users\HishamMo\Desktop\999_cs\Quantum_Inpired_PSO_Classifcation\MRI_dataset\Balloon Cell Cortical Dysplasia\Balloon_Cell_Cortical_Dysplasia1255.jpg,Balloon Cell Cortical Dysplasia
C:\Users\HishamMo\Desktop\999_cs\Quantum_Inpired_PSO_Classifcation\MRI_dataset\Balloon Cell Cortical Dysplasia\Balloon_Cell_Cortical_Dysplasia1256.jpg,Balloon Cell Cortical Dysplasia
C:\Users\HishamMo\Desktop\999_cs\Quantum_Inpired_PSO_Classifcation\MRI_dataset\Balloon Cell Cortical Dysplasia\Balloon_Cell_Cortical_Dysplasia1257.jpg,Balloon Cell Cortical Dysplasia
C:\Users\HishamMo\Desktop\999_cs\Quantum_Inpired_PSO_Classifcation\MRI_dataset\Balloon Cell Cortical Dysplasia\Balloon_Cell_Cortical_Dysplasia1258.jpg,Balloon Cell Cortical Dysplasia
C:\Users\HishamMo\Desktop\999_cs\Quantum_Inpired_PSO_Classifcation\MRI_dataset\Balloon Cell Cortical Dysplasia\Balloon_Cell_Cortical_Dysplasia1259.jpg,Balloon Cell Cortical Dysplasia
C:\Users\HishamMo\Desktop\999_cs\Quantum_Inpired_PSO_Classifcation\MRI_dataset\Balloon Cell Cortical Dysplasia\Balloon_Cell_Cortical_Dysplasia126.jpg,Balloon Cell Cortical Dysplasia
C:\Users\HishamMo\Desktop\999_cs\Quantum_Inpired_PSO_Classifcation\MRI_dataset\Balloon Cell Cortical Dysplasia\Balloon_Cell_Cortical_Dysplasia1260.jpg,Balloon Cell Cortical Dysplasia
C:\Users\HishamMo\Desktop\999_cs\Quantum_Inpired_PSO_Classifcation\MRI_dataset\Balloon Cell Cortical Dysplasia\Balloon_Cell_Cortical_Dysplasia1261.jpg,Balloon Cell Cortical Dysplasia
C:\Users\HishamMo\Desktop\999_cs\Quantum_Inpired_PSO_Classifcation\MRI_dataset\Balloon Cell Cortical Dysplasia\Balloon_Cell_Cortical_Dysplasia1262.jpg,Balloon Cell Cortical Dysplasia
C:\Users\HishamMo\Desktop\999_cs\Quantum_Inpired_PSO_Classifcation\MRI_dataset\Balloon Cell Cortical Dysplasia\Balloon_Cell_Cortical_Dysplasia1263.jpg,Balloon Cell Cortical Dysplasia
C:\Users\HishamMo\Desktop\999_cs\Quantum_Inpired_PSO_Classifcation\MRI_dataset\Balloon Cell Cortical Dysplasia\Balloon_Cell_Cortical_Dysplasia1264.jpg,Balloon Cell Cortical Dysplasia
C:\Users\HishamMo\Desktop\999_cs\Quantum_Inpired_PSO_Classifcation\MRI_dataset\Balloon Cell Cortical Dysplasia\Balloon_Cell_Cortical_Dysplasia1265.jpg,Balloon Cell Cortical Dysplasia
C:\Users\HishamMo\Desktop\999_cs\Quantum_Inpired_PSO_Classifcation\MRI_dataset\Balloon Cell Cortical Dysplasia\Balloon_Cell_Cortical_Dysplasia1266.jpg,Balloon Cell Cortical Dysplasia
C:\Users\HishamMo\Desktop\999_cs\Quantum_Inpired_PSO_Classifcation\MRI_dataset\Balloon Cell Cortical Dysplasia\Balloon_Cell_Cortical_Dysplasia1267.jpg,Balloon Cell Cortical Dysplasia
C:\Users\HishamMo\Desktop\999_cs\Quantum_Inpired_PSO_Classifcation\MRI_dataset\Balloon Cell Cortical Dysplasia\Balloon_Cell_Cortical_Dysplasia1268.jpg,Balloon Cell Cortical Dysplasia
C:\Users\HishamMo\Desktop\999_cs\Quantum_Inpired_PSO_Classifcation\MRI_dataset\Balloon Cell Cortical Dysplasia\Balloon_Cell_Cortical_Dysplasia1269.jpg,Balloon Cell Cortical Dysplasia
C:\Users\HishamMo\Desktop\999_cs\Quantum_Inpired_PSO_Classifcation\MRI_dataset\Balloon Cell Cortical Dysplasia\Balloon_Cell_Cortical_Dysplasia127.jpg,Balloon Cell Cortical Dysplasia
C:\Users\HishamMo\Desktop\999_cs\Quantum_Inpired_PSO_Classifcation\MRI_dataset\Balloon Cell Cortical Dysplasia\Balloon_Cell_Cortical_Dysplasia1270.jpg,Balloon Cell Cortical Dysplasia
C:\Users\HishamMo\Desktop\999_cs\Quantum_Inpired_PSO_Classifcation\MRI_dataset\Balloon Cell Cortical Dysplasia\Balloon_Cell_Cortical_Dysplasia1271.jpg,Balloon Cell Cortical Dysplasia
C:\Users\HishamMo\Desktop\999_cs\Quantum_Inpired_PSO_Classifcation\MRI_dataset\Balloon Cell Cortical Dysplasia\Balloon_Cell_Cortical_Dysplasia1272.jpg,Balloon Cell Cortical Dysplasia
C:\Users\HishamMo\Desktop\999_cs\Quantum_Inpired_PSO_Classifcation\MRI_dataset\Balloon Cell Cortical Dysplasia\Balloon_Cell_Cortical_Dysplasia1273.jpg,Balloon Cell Cortical Dysplasia
C:\Users\HishamMo\Desktop\999_cs\Quantum_Inpired_PSO_Classifcation\MRI_dataset\Balloon Cell Cortical Dysplasia\Balloon_Cell_Cortical_Dysplasia1274.jpg,Balloon Cell Cortical Dysplasia
C:\Users\HishamMo\Desktop\999_cs\Quantum_Inpired_PSO_Classifcation\MRI_dataset\Balloon Cell Cortical Dysplasia\Balloon_Cell_Cortical_Dysplasia1275.jpg,Balloon Cell Cortical Dysplasia
C:\Users\HishamMo\Desktop\999_cs\Quantum_Inpired_PSO_Classifcation\MRI_dataset\Balloon Cell Cortical Dysplasia\Balloon_Cell_Cortical_Dysplasia1276.jpg,Balloon Cell Cortical Dysplasia
C:\Users\HishamMo\Desktop\999_cs\Quantum_Inpired_PSO_Classifcation\MRI_dataset\Balloon Cell Cortical Dysplasia\Balloon_Cell_Cortical_Dysplasia1277.jpg,Balloon Cell Cortical Dysplasia
C:\Users\HishamMo\Desktop\999_cs\Quantum_Inpired_PSO_Classifcation\MRI_dataset\Balloon Cell Cortical Dysplasia\Balloon_Cell_Cortical_Dysplasia1278.jpg,Balloon Cell Cortical Dysplasia
C:\Users\HishamMo\Desktop\999_cs\Quantum_Inpired_PSO_Classifcation\MRI_dataset\Balloon Cell Cortical Dysplasia\Balloon_Cell_Cortical_Dysplasia1279.jpg,Balloon Cell Cortical Dysplasia
C:\Users\HishamMo\Desktop\999_cs\Quantum_Inpired_PSO_Classifcation\MRI_dataset\Balloon Cell Cortical Dysplasia\Balloon_Cell_Cortical_Dysplasia128.jpg,Balloon Cell Cortical Dysplasia
C:\Users\HishamMo\Desktop\999_cs\Quantum_Inpired_PSO_Classifcation\MRI_dataset\Balloon Cell Cortical Dysplasia\Balloon_Cell_Cortical_Dysplasia1280.jpg,Balloon Cell Cortical Dysplasia
C:\Users\HishamMo\Desktop\999_cs\Quantum_Inpired_PSO_Classifcation\MRI_dataset\Balloon Cell Cortical Dysplasia\Balloon_Cell_Cortical_Dysplasia1281.jpg,Balloon Cell Cortical Dysplasia
C:\Users\HishamMo\Desktop\999_cs\Quantum_Inpired_PSO_Classifcation\MRI_dataset\Balloon Cell Cortical Dysplasia\Balloon_Cell_Cortical_Dysplasia1282.jpg,Balloon Cell Cortical Dysplasia
C:\Users\HishamMo\Desktop\999_cs\Quantum_Inpired_PSO_Classifcation\MRI_dataset\Balloon Cell Cortical Dysplasia\Balloon_Cell_Cortical_Dysplasia1283.jpg,Balloon Cell Cortical Dysplasia
C:\Users\HishamMo\Desktop\999_cs\Quantum_Inpired_PSO_Classifcation\MRI_dataset\Balloon Cell Cortical Dysplasia\Balloon_Cell_Cortical_Dysplasia1284.jpg,Balloon Cell Cortical Dysplasia
C:\Users\HishamMo\Desktop\999_cs\Quantum_Inpired_PSO_Classifcation\MRI_dataset\Balloon Cell Cortical Dysplasia\Balloon_Cell_Cortical_Dysplasia1285.jpg,Balloon Cell Cortical Dysplasia
C:\Users\HishamMo\Desktop\999_cs\Quantum_Inpired_PSO_Classifcation\MRI_dataset\Balloon Cell Cortical Dysplasia\Balloon_Cell_Cortical_Dysplasia1286.jpg,Balloon Cell Cortical Dysplasia
C:\Users\HishamMo\Desktop\999_cs\Quantum_Inpired_PSO_Classifcation\MRI_dataset\Balloon Cell Cortical Dysplasia\Balloon_Cell_Cortical_Dysplasia1287.jpg,Balloon Cell Cortical Dysplasia
C:\Users\HishamMo\Desktop\999_cs\Quantum_Inpired_PSO_Classifcation\MRI_dataset\Balloon Cell Cortical Dysplasia\Balloon_Cell_Cortical_Dysplasia1288.jpg,Balloon Cell Cortical Dysplasia
C:\Users\HishamMo\Desktop\999_cs\Quantum_Inpired_PSO_Classifcation\MRI_dataset\Balloon Cell Cortical Dysplasia\Balloon_Cell_Cortical_Dysplasia1289.jpg,Balloon Cell Cortical Dysplasia
C:\Users\HishamMo\Desktop\999_cs\Quantum_Inpired_PSO_Classifcation\MRI_dataset\Balloon Cell Cortical Dysplasia\Balloon_Cell_Cortical_Dysplasia129.jpg,Balloon Cell Cortical Dysplasia
C:\Users\HishamMo\Desktop\999_cs\Quantum_Inpired_PSO_Classifcation\MRI_dataset\Balloon Cell Cortical Dysplasia\Balloon_Cell_Cortical_Dysplasia1290.jpg,Balloon Cell Cortical Dysplasia
C:\Users\HishamMo\Desktop\999_cs\Quantum_Inpired_PSO_Classifcation\MRI_dataset\Balloon Cell Cortical Dysplasia\Balloon_Cell_Cortical_Dysplasia1291.jpg,Balloon Cell Cortical Dysplasia
C:\Users\HishamMo\Desktop\999_cs\Quantum_Inpired_PSO_Classifcation\MRI_dataset\Balloon Cell Cortical Dysplasia\Balloon_Cell_Cortical_Dysplasia1292.jpg,Balloon Cell Cortical Dysplasia
C:\Users\HishamMo\Desktop\999_cs\Quantum_Inpired_PSO_Classifcation\MRI_dataset\Balloon Cell Cortical Dysplasia\Balloon_Cell_Cortical_Dysplasia1293.jpg,Balloon Cell Cortical Dysplasia
C:\Users\HishamMo\Desktop\999_cs\Quantum_Inpired_PSO_Classifcation\MRI_dataset\Balloon Cell Cortical Dysplasia\Balloon_Cell_Cortical_Dysplasia1294.jpg,Balloon Cell Cortical Dysplasia
C:\Users\HishamMo\Desktop\999_cs\Quantum_Inpired_PSO_Classifcation\MRI_dataset\Balloon Cell Cortical Dysplasia\Balloon_Cell_Cortical_Dysplasia1295.jpg,Balloon Cell Cortical Dysplasia
C:\Users\HishamMo\Desktop\999_cs\Quantum_Inpired_PSO_Classifcation\MRI_dataset\Balloon Cell Cortical Dysplasia\Balloon_Cell_Cortical_Dysplasia1296.jpg,Balloon Cell Cortical Dysplasia
C:\Users\HishamMo\Desktop\999_cs\Quantum_Inpired_PSO_Classifcation\MRI_dataset\Balloon Cell Cortical Dysplasia\Balloon_Cell_Cortical_Dysplasia1297.jpg,Balloon Cell Cortical Dysplasia
C:\Users\HishamMo\Desktop\999_cs\Quantum_Inpired_PSO_Classifcation\MRI_dataset\Balloon Cell Cortical Dysplasia\Balloon_Cell_Cortical_Dysplasia1298.jpg,Balloon Cell Cortical Dysplasia
C:\Users\HishamMo\Desktop\999_cs\Quantum_Inpired_PSO_Classifcation\MRI_dataset\Balloon Cell Cortical Dysplasia\Balloon_Cell_Cortical_Dysplasia1299.jpg,Balloon Cell Cortical Dysplasia
C:\Users\HishamMo\Desktop\999_cs\Quantum_Inpired_PSO_Classifcation\MRI_dataset\Balloon Cell Cortical Dysplasia\Balloon_Cell_Cortical_Dysplasia130.jpg,Balloon Cell Cortical Dysplasia
C:\Users\HishamMo\Desktop\999_cs\Quantum_Inpired_PSO_Classifcation\MRI_dataset\Balloon Cell Cortical Dysplasia\Balloon_Cell_Cortical_Dysplasia1300.jpg,Balloon Cell Cortical Dysplasia
C:\Users\HishamMo\Desktop\999_cs\Quantum_Inpired_PSO_Classifcation\MRI_dataset\Balloon Cell Cortical Dysplasia\Balloon_Cell_Cortical_Dysplasia1301.jpg,Balloon Cell Cortical Dysplasia
C:\Users\HishamMo\Desktop\999_cs\Quantum_Inpired_PSO_Classifcation\MRI_dataset\Balloon Cell Cortical Dysplasia\Balloon_Cell_Cortical_Dysplasia1302.jpg,Balloon Cell Cortical Dysplasia
C:\Users\HishamMo\Desktop\999_cs\Quantum_Inpired_PSO_Classifcation\MRI_dataset\Balloon Cell Cortical Dysplasia\Balloon_Cell_Cortical_Dysplasia1303.jpg,Balloon Cell Cortical Dysplasia
C:\Users\HishamMo\Desktop\999_cs\Quantum_Inpired_PSO_Classifcation\MRI_dataset\Balloon Cell Cortical Dysplasia\Balloon_Cell_Cortical_Dysplasia1304.jpg,Balloon Cell Cortical Dysplasia
C:\Users\HishamMo\Desktop\999_cs\Quantum_Inpired_PSO_Classifcation\MRI_dataset\Balloon Cell Cortical Dysplasia\Balloon_Cell_Cortical_Dysplasia1305.jpg,Balloon Cell Cortical Dysplasia
C:\Users\HishamMo\Desktop\999_cs\Quantum_Inpired_PSO_Classifcation\MRI_dataset\Balloon Cell Cortical Dysplasia\Balloon_Cell_Cortical_Dysplasia1306.jpg,Balloon Cell Cortical Dysplasia
C:\Users\HishamMo\Desktop\999_cs\Quantum_Inpired_PSO_Classifcation\MRI_dataset\Balloon Cell Cortical Dysplasia\Balloon_Cell_Cortical_Dysplasia1307.jpg,Balloon Cell Cortical Dysplasia
C:\Users\HishamMo\Desktop\999_cs\Quantum_Inpired_PSO_Classifcation\MRI_dataset\Balloon Cell Cortical Dysplasia\Balloon_Cell_Cortical_Dysplasia1308.jpg,Balloon Cell Cortical Dysplasia
C:\Users\HishamMo\Desktop\999_cs\Quantum_Inpired_PSO_Classifcation\MRI_dataset\Balloon Cell Cortical Dysplasia\Balloon_Cell_Cortical_Dysplasia1309.jpg,Balloon Cell Cortical Dysplasia
C:\Users\HishamMo\Desktop\999_cs\Quantum_Inpired_PSO_Classifcation\MRI_dataset\Balloon Cell Cortical Dysplasia\Balloon_Cell_Cortical_Dysplasia131.jpg,Balloon Cell Cortical Dysplasia
C:\Users\HishamMo\Desktop\999_cs\Quantum_Inpired_PSO_Classifcation\MRI_dataset\Balloon Cell Cortical Dysplasia\Balloon_Cell_Cortical_Dysplasia1310.jpg,Balloon Cell Cortical Dysplasia
C:\Users\HishamMo\Desktop\999_cs\Quantum_Inpired_PSO_Classifcation\MRI_dataset\Balloon Cell Cortical Dysplasia\Balloon_Cell_Cortical_Dysplasia1311.jpg,Balloon Cell Cortical Dysplasia
C:\Users\HishamMo\Desktop\999_cs\Quantum_Inpired_PSO_Classifcation\MRI_dataset\Balloon Cell Cortical Dysplasia\Balloon_Cell_Cortical_Dysplasia1312.jpg,Balloon Cell Cortical Dysplasia
C:\Users\HishamMo\Desktop\999_cs\Quantum_Inpired_PSO_Classifcation\MRI_dataset\Balloon Cell Cortical Dysplasia\Balloon_Cell_Cortical_Dysplasia1313.jpg,Balloon Cell Cortical Dysplasia
C:\Users\HishamMo\Desktop\999_cs\Quantum_Inpired_PSO_Classifcation\MRI_dataset\Balloon Cell Cortical Dysplasia\Balloon_Cell_Cortical_Dysplasia1314.jpg,Balloon Cell Cortical Dysplasia
C:\Users\HishamMo\Desktop\999_cs\Quantum_Inpired_PSO_Classifcation\MRI_dataset\Balloon Cell Cortical Dysplasia\Balloon_Cell_Cortical_Dysplasia1315.jpg,Balloon Cell Cortical Dysplasia
C:\Users\HishamMo\Desktop\999_cs\Quantum_Inpired_PSO_Classifcation\MRI_dataset\Balloon Cell Cortical Dysplasia\Balloon_Cell_Cortical_Dysplasia1316.jpg,Balloon Cell Cortical Dysplasia
C:\Users\HishamMo\Desktop\999_cs\Quantum_Inpired_PSO_Classifcation\MRI_dataset\Balloon Cell Cortical Dysplasia\Balloon_Cell_Cortical_Dysplasia1317.jpg,Balloon Cell Cortical Dysplasia
C:\Users\HishamMo\Desktop\999_cs\Quantum_Inpired_PSO_Classifcation\MRI_dataset\Balloon Cell Cortical Dysplasia\Balloon_Cell_Cortical_Dysplasia1318.jpg,Balloon Cell Cortical Dysplasia
C:\Users\HishamMo\Desktop\999_cs\Quantum_Inpired_PSO_Classifcation\MRI_dataset\Balloon Cell Cortical Dysplasia\Balloon_Cell_Cortical_Dysplasia1319.jpg,Balloon Cell Cortical Dysplasia
C:\Users\HishamMo\Desktop\999_cs\Quantum_Inpired_PSO_Classifcation\MRI_dataset\Balloon Cell Cortical Dysplasia\Balloon_Cell_Cortical_Dysplasia132.jpg,Balloon Cell Cortical Dysplasia
C:\Users\HishamMo\Desktop\999_cs\Quantum_Inpired_PSO_Classifcation\MRI_dataset\Balloon Cell Cortical Dysplasia\Balloon_Cell_Cortical_Dysplasia1320.jpg,Balloon Cell Cortical Dysplasia
C:\Users\HishamMo\Desktop\999_cs\Quantum_Inpired_PSO_Classifcation\MRI_dataset\Balloon Cell Cortical Dysplasia\Balloon_Cell_Cortical_Dysplasia1321.jpg,Balloon Cell Cortical Dysplasia
C:\Users\HishamMo\Desktop\999_cs\Quantum_Inpired_PSO_Classifcation\MRI_dataset\Balloon Cell Cortical Dysplasia\Balloon_Cell_Cortical_Dysplasia1322.jpg,Balloon Cell Cortical Dysplasia
C:\Users\HishamMo\Desktop\999_cs\Quantum_Inpired_PSO_Classifcation\MRI_dataset\Balloon Cell Cortical Dysplasia\Balloon_Cell_Cortical_Dysplasia1323.jpg,Balloon Cell Cortical Dysplasia
C:\Users\HishamMo\Desktop\999_cs\Quantum_Inpired_PSO_Classifcation\MRI_dataset\Balloon Cell Cortical Dysplasia\Balloon_Cell_Cortical_Dysplasia1324.jpg,Balloon Cell Cortical Dysplasia
C:\Users\HishamMo\Desktop\999_cs\Quantum_Inpired_PSO_Classifcation\MRI_dataset\Balloon Cell Cortical Dysplasia\Balloon_Cell_Cortical_Dysplasia1325.jpg,Balloon Cell Cortical Dysplasia
C:\Users\HishamMo\Desktop\999_cs\Quantum_Inpired_PSO_Classifcation\MRI_dataset\Balloon Cell Cortical Dysplasia\Balloon_Cell_Cortical_Dysplasia1326.jpg,Balloon Cell Cortical Dysplasia
C:\Users\HishamMo\Desktop\999_cs\Quantum_Inpired_PSO_Classifcation\MRI_dataset\Balloon Cell Cortical Dysplasia\Balloon_Cell_Cortical_Dysplasia1327.jpg,Balloon Cell Cortical Dysplasia
C:\Users\HishamMo\Desktop\999_cs\Quantum_Inpired_PSO_Classifcation\MRI_dataset\Balloon Cell Cortical Dysplasia\Balloon_Cell_Cortical_Dysplasia1328.jpg,Balloon Cell Cortical Dysplasia
C:\Users\HishamMo\Desktop\999_cs\Quantum_Inpired_PSO_Classifcation\MRI_dataset\Balloon Cell Cortical Dysplasia\Balloon_Cell_Cortical_Dysplasia1329.jpg,Balloon Cell Cortical Dysplasia
C:\Users\HishamMo\Desktop\999_cs\Quantum_Inpired_PSO_Classifcation\MRI_dataset\Balloon Cell Cortical Dysplasia\Balloon_Cell_Cortical_Dysplasia133.jpg,Balloon Cell Cortical Dysplasia
C:\Users\HishamMo\Desktop\999_cs\Quantum_Inpired_PSO_Classifcation\MRI_dataset\Balloon Cell Cortical Dysplasia\Balloon_Cell_Cortical_Dysplasia1330.jpg,Balloon Cell Cortical Dysplasia
C:\Users\HishamMo\Desktop\999_cs\Quantum_Inpired_PSO_Classifcation\MRI_dataset\Balloon Cell Cortical Dysplasia\Balloon_Cell_Cortical_Dysplasia1331.jpg,Balloon Cell Cortical Dysplasia
C:\Users\HishamMo\Desktop\999_cs\Quantum_Inpired_PSO_Classifcation\MRI_dataset\Balloon Cell Cortical Dysplasia\Balloon_Cell_Cortical_Dysplasia1332.jpg,Balloon Cell Cortical Dysplasia
C:\Users\HishamMo\Desktop\999_cs\Quantum_Inpired_PSO_Classifcation\MRI_dataset\Balloon Cell Cortical Dysplasia\Balloon_Cell_Cortical_Dysplasia1333.jpg,Balloon Cell Cortical Dysplasia
C:\Users\HishamMo\Desktop\999_cs\Quantum_Inpired_PSO_Classifcation\MRI_dataset\Balloon Cell Cortical Dysplasia\Balloon_Cell_Cortical_Dysplasia1334.jpg,Balloon Cell Cortical Dysplasia
C:\Users\HishamMo\Desktop\999_cs\Quantum_Inpired_PSO_Classifcation\MRI_dataset\Balloon Cell Cortical Dysplasia\Balloon_Cell_Cortical_Dysplasia1335.jpg,Balloon Cell Cortical Dysplasia
C:\Users\HishamMo\Desktop\999_cs\Quantum_Inpired_PSO_Classifcation\MRI_dataset\Balloon Cell Cortical Dysplasia\Balloon_Cell_Cortical_Dysplasia1336.jpg,Balloon Cell Cortical Dysplasia
C:\Users\HishamMo\Desktop\999_cs\Quantum_Inpired_PSO_Classifcation\MRI_dataset\Balloon Cell Cortical Dysplasia\Balloon_Cell_Cortical_Dysplasia1337.jpg,Balloon Cell Cortical Dysplasia
C:\Users\HishamMo\Desktop\999_cs\Quantum_Inpired_PSO_Classifcation\MRI_dataset\Balloon Cell Cortical Dysplasia\Balloon_Cell_Cortical_Dysplasia1338.jpg,Balloon Cell Cortical Dysplasia
C:\Users\HishamMo\Desktop\999_cs\Quantum_Inpired_PSO_Classifcation\MRI_dataset\Balloon Cell Cortical Dysplasia\Balloon_Cell_Cortical_Dysplasia1339.jpg,Balloon Cell Cortical Dysplasia
C:\Users\HishamMo\Desktop\999_cs\Quantum_Inpired_PSO_Classifcation\MRI_dataset\Balloon Cell Cortical Dysplasia\Balloon_Cell_Cortical_Dysplasia134.jpg,Balloon Cell Cortical Dysplasia
C:\Users\HishamMo\Desktop\999_cs\Quantum_Inpired_PSO_Classifcation\MRI_dataset\Balloon Cell Cortical Dysplasia\Balloon_Cell_Cortical_Dysplasia1340.jpg,Balloon Cell Cortical Dysplasia
C:\Users\HishamMo\Desktop\999_cs\Quantum_Inpired_PSO_Classifcation\MRI_dataset\Balloon Cell Cortical Dysplasia\Balloon_Cell_Cortical_Dysplasia1341.jpg,Balloon Cell Cortical Dysplasia
C:\Users\HishamMo\Desktop\999_cs\Quantum_Inpired_PSO_Classifcation\MRI_dataset\Balloon Cell Cortical Dysplasia\Balloon_Cell_Cortical_Dysplasia1342.jpg,Balloon Cell Cortical Dysplasia
C:\Users\HishamMo\Desktop\999_cs\Quantum_Inpired_PSO_Classifcation\MRI_dataset\Balloon Cell Cortical Dysplasia\Balloon_Cell_Cortical_Dysplasia1343.jpg,Balloon Cell Cortical Dysplasia
C:\Users\HishamMo\Desktop\999_cs\Quantum_Inpired_PSO_Classifcation\MRI_dataset\Balloon Cell Cortical Dysplasia\Balloon_Cell_Cortical_Dysplasia1344.jpg,Balloon Cell Cortical Dysplasia
C:\Users\HishamMo\Desktop\999_cs\Quantum_Inpired_PSO_Classifcation\MRI_dataset\Balloon Cell Cortical Dysplasia\Balloon_Cell_Cortical_Dysplasia1345.jpg,Balloon Cell Cortical Dysplasia
C:\Users\HishamMo\Desktop\999_cs\Quantum_Inpired_PSO_Classifcation\MRI_dataset\Balloon Cell Cortical Dysplasia\Balloon_Cell_Cortical_Dysplasia1346.jpg,Balloon Cell Cortical Dysplasia
C:\Users\HishamMo\Desktop\999_cs\Quantum_Inpired_PSO_Classifcation\MRI_dataset\Balloon Cell Cortical Dysplasia\Balloon_Cell_Cortical_Dysplasia1347.jpg,Balloon Cell Cortical Dysplasia
C:\Users\HishamMo\Desktop\999_cs\Quantum_Inpired_PSO_Classifcation\MRI_dataset\Balloon Cell Cortical Dysplasia\Balloon_Cell_Cortical_Dysplasia1348.jpg,Balloon Cell Cortical Dysplasia
C:\Users\HishamMo\Desktop\999_cs\Quantum_Inpired_PSO_Classifcation\MRI_dataset\Balloon Cell Cortical Dysplasia\Balloon_Cell_Cortical_Dysplasia1349.jpg,Balloon Cell Cortical Dysplasia
C:\Users\HishamMo\Desktop\999_cs\Quantum_Inpired_PSO_Classifcation\MRI_dataset\Balloon Cell Cortical Dysplasia\Balloon_Cell_Cortical_Dysplasia135.jpg,Balloon Cell Cortical Dysplasia
C:\Users\HishamMo\Desktop\999_cs\Quantum_Inpired_PSO_Classifcation\MRI_dataset\Balloon Cell Cortical Dysplasia\Balloon_Cell_Cortical_Dysplasia1350.jpg,Balloon Cell Cortical Dysplasia
C:\Users\HishamMo\Desktop\999_cs\Quantum_Inpired_PSO_Classifcation\MRI_dataset\Balloon Cell Cortical Dysplasia\Balloon_Cell_Cortical_Dysplasia1351.jpg,Balloon Cell Cortical Dysplasia
C:\Users\HishamMo\Desktop\999_cs\Quantum_Inpired_PSO_Classifcation\MRI_dataset\Balloon Cell Cortical Dysplasia\Balloon_Cell_Cortical_Dysplasia1352.jpg,Balloon Cell Cortical Dysplasia
C:\Users\HishamMo\Desktop\999_cs\Quantum_Inpired_PSO_Classifcation\MRI_dataset\Balloon Cell Cortical Dysplasia\Balloon_Cell_Cortical_Dysplasia1353.jpg,Balloon Cell Cortical Dysplasia
C:\Users\HishamMo\Desktop\999_cs\Quantum_Inpired_PSO_Classifcation\MRI_dataset\Balloon Cell Cortical Dysplasia\Balloon_Cell_Cortical_Dysplasia1354.jpg,Balloon Cell Cortical Dysplasia
C:\Users\HishamMo\Desktop\999_cs\Quantum_Inpired_PSO_Classifcation\MRI_dataset\Balloon Cell Cortical Dysplasia\Balloon_Cell_Cortical_Dysplasia1355.jpg,Balloon Cell Cortical Dysplasia
C:\Users\HishamMo\Desktop\999_cs\Quantum_Inpired_PSO_Classifcation\MRI_dataset\Balloon Cell Cortical Dysplasia\Balloon_Cell_Cortical_Dysplasia1356.jpg,Balloon Cell Cortical Dysplasia
C:\Users\HishamMo\Desktop\999_cs\Quantum_Inpired_PSO_Classifcation\MRI_dataset\Balloon Cell Cortical Dysplasia\Balloon_Cell_Cortical_Dysplasia1357.jpg,Balloon Cell Cortical Dysplasia
C:\Users\HishamMo\Desktop\999_cs\Quantum_Inpired_PSO_Classifcation\MRI_dataset\Balloon Cell Cortical Dysplasia\Balloon_Cell_Cortical_Dysplasia1358.jpg,Balloon Cell Cortical Dysplasia
C:\Users\HishamMo\Desktop\999_cs\Quantum_Inpired_PSO_Classifcation\MRI_dataset\Balloon Cell Cortical Dysplasia\Balloon_Cell_Cortical_Dysplasia1359.jpg,Balloon Cell Cortical Dysplasia
C:\Users\HishamMo\Desktop\999_cs\Quantum_Inpired_PSO_Classifcation\MRI_dataset\Balloon Cell Cortical Dysplasia\Balloon_Cell_Cortical_Dysplasia136.jpg,Balloon Cell Cortical Dysplasia
C:\Users\HishamMo\Desktop\999_cs\Quantum_Inpired_PSO_Classifcation\MRI_dataset\Balloon Cell Cortical Dysplasia\Balloon_Cell_Cortical_Dysplasia1360.jpg,Balloon Cell Cortical Dysplasia
C:\Users\HishamMo\Desktop\999_cs\Quantum_Inpired_PSO_Classifcation\MRI_dataset\Balloon Cell Cortical Dysplasia\Balloon_Cell_Cortical_Dysplasia1361.jpg,Balloon Cell Cortical Dysplasia
C:\Users\HishamMo\Desktop\999_cs\Quantum_Inpired_PSO_Classifcation\MRI_dataset\Balloon Cell Cortical Dysplasia\Balloon_Cell_Cortical_Dysplasia1362.jpg,Balloon Cell Cortical Dysplasia
C:\Users\HishamMo\Desktop\999_cs\Quantum_Inpired_PSO_Classifcation\MRI_dataset\Balloon Cell Cortical Dysplasia\Balloon_Cell_Cortical_Dysplasia1363.jpg,Balloon Cell Cortical Dysplasia
C:\Users\HishamMo\Desktop\999_cs\Quantum_Inpired_PSO_Classifcation\MRI_dataset\Balloon Cell Cortical Dysplasia\Balloon_Cell_Cortical_Dysplasia1364.jpg,Balloon Cell Cortical Dysplasia
C:\Users\HishamMo\Desktop\999_cs\Quantum_Inpired_PSO_Classifcation\MRI_dataset\Balloon Cell Cortical Dysplasia\Balloon_Cell_Cortical_Dysplasia1365.jpg,Balloon Cell Cortical Dysplasia
C:\Users\HishamMo\Desktop\999_cs\Quantum_Inpired_PSO_Classifcation\MRI_dataset\Balloon Cell Cortical Dysplasia\Balloon_Cell_Cortical_Dysplasia1366.jpg,Balloon Cell Cortical Dysplasia
C:\Users\HishamMo\Desktop\999_cs\Quantum_Inpired_PSO_Classifcation\MRI_dataset\Balloon Cell Cortical Dysplasia\Balloon_Cell_Cortical_Dysplasia1367.jpg,Balloon Cell Cortical Dysplasia
C:\Users\HishamMo\Desktop\999_cs\Quantum_Inpired_PSO_Classifcation\MRI_dataset\Balloon Cell Cortical Dysplasia\Balloon_Cell_Cortical_Dysplasia1368.jpg,Balloon Cell Cortical Dysplasia
C:\Users\HishamMo\Desktop\999_cs\Quantum_Inpired_PSO_Classifcation\MRI_dataset\Balloon Cell Cortical Dysplasia\Balloon_Cell_Cortical_Dysplasia1369.jpg,Balloon Cell Cortical Dysplasia
C:\Users\HishamMo\Desktop\999_cs\Quantum_Inpired_PSO_Classifcation\MRI_dataset\Balloon Cell Cortical Dysplasia\Balloon_Cell_Cortical_Dysplasia137.jpg,Balloon Cell Cortical Dysplasia
C:\Users\HishamMo\Desktop\999_cs\Quantum_Inpired_PSO_Classifcation\MRI_dataset\Balloon Cell Cortical Dysplasia\Balloon_Cell_Cortical_Dysplasia1370.jpg,Balloon Cell Cortical Dysplasia
C:\Users\HishamMo\Desktop\999_cs\Quantum_Inpired_PSO_Classifcation\MRI_dataset\Balloon Cell Cortical Dysplasia\Balloon_Cell_Cortical_Dysplasia1371.jpg,Balloon Cell Cortical Dysplasia
C:\Users\HishamMo\Desktop\999_cs\Quantum_Inpired_PSO_Classifcation\MRI_dataset\Balloon Cell Cortical Dysplasia\Balloon_Cell_Cortical_Dysplasia1372.jpg,Balloon Cell Cortical Dysplasia
C:\Users\HishamMo\Desktop\999_cs\Quantum_Inpired_PSO_Classifcation\MRI_dataset\Balloon Cell Cortical Dysplasia\Balloon_Cell_Cortical_Dysplasia1373.jpg,Balloon Cell Cortical Dysplasia
C:\Users\HishamMo\Desktop\999_cs\Quantum_Inpired_PSO_Classifcation\MRI_dataset\Balloon Cell Cortical Dysplasia\Balloon_Cell_Cortical_Dysplasia1374.jpg,Balloon Cell Cortical Dysplasia
C:\Users\HishamMo\Desktop\999_cs\Quantum_Inpired_PSO_Classifcation\MRI_dataset\Balloon Cell Cortical Dysplasia\Balloon_Cell_Cortical_Dysplasia1375.jpg,Balloon Cell Cortical Dysplasia
C:\Users\HishamMo\Desktop\999_cs\Quantum_Inpired_PSO_Classifcation\MRI_dataset\Balloon Cell Cortical Dysplasia\Balloon_Cell_Cortical_Dysplasia1376.jpg,Balloon Cell Cortical Dysplasia
C:\Users\HishamMo\Desktop\999_cs\Quantum_Inpired_PSO_Classifcation\MRI_dataset\Balloon Cell Cortical Dysplasia\Balloon_Cell_Cortical_Dysplasia1377.jpg,Balloon Cell Cortical Dysplasia
C:\Users\HishamMo\Desktop\999_cs\Quantum_Inpired_PSO_Classifcation\MRI_dataset\Balloon Cell Cortical Dysplasia\Balloon_Cell_Cortical_Dysplasia1378.jpg,Balloon Cell Cortical Dysplasia
C:\Users\HishamMo\Desktop\999_cs\Quantum_Inpired_PSO_Classifcation\MRI_dataset\Balloon Cell Cortical Dysplasia\Balloon_Cell_Cortical_Dysplasia1379.jpg,Balloon Cell Cortical Dysplasia
C:\Users\HishamMo\Desktop\999_cs\Quantum_Inpired_PSO_Classifcation\MRI_dataset\Balloon Cell Cortical Dysplasia\Balloon_Cell_Cortical_Dysplasia138.jpg,Balloon Cell Cortical Dysplasia
C:\Users\HishamMo\Desktop\999_cs\Quantum_Inpired_PSO_Classifcation\MRI_dataset\Balloon Cell Cortical Dysplasia\Balloon_Cell_Cortical_Dysplasia1380.jpg,Balloon Cell Cortical Dysplasia
C:\Users\HishamMo\Desktop\999_cs\Quantum_Inpired_PSO_Classifcation\MRI_dataset\Balloon Cell Cortical Dysplasia\Balloon_Cell_Cortical_Dysplasia1381.jpg,Balloon Cell Cortical Dysplasia
C:\Users\HishamMo\Desktop\999_cs\Quantum_Inpired_PSO_Classifcation\MRI_dataset\Balloon Cell Cortical Dysplasia\Balloon_Cell_Cortical_Dysplasia1382.jpg,Balloon Cell Cortical Dysplasia
C:\Users\HishamMo\Desktop\999_cs\Quantum_Inpired_PSO_Classifcation\MRI_dataset\Balloon Cell Cortical Dysplasia\Balloon_Cell_Cortical_Dysplasia1383.jpg,Balloon Cell Cortical Dysplasia
C:\Users\HishamMo\Desktop\999_cs\Quantum_Inpired_PSO_Classifcation\MRI_dataset\Balloon Cell Cortical Dysplasia\Balloon_Cell_Cortical_Dysplasia1384.jpg,Balloon Cell Cortical Dysplasia
C:\Users\HishamMo\Desktop\999_cs\Quantum_Inpired_PSO_Classifcation\MRI_dataset\Balloon Cell Cortical Dysplasia\Balloon_Cell_Cortical_Dysplasia1385.jpg,Balloon Cell Cortical Dysplasia
C:\Users\HishamMo\Desktop\999_cs\Quantum_Inpired_PSO_Classifcation\MRI_dataset\Balloon Cell Cortical Dysplasia\Balloon_Cell_Cortical_Dysplasia1386.jpg,Balloon Cell Cortical Dysplasia
C:\Users\HishamMo\Desktop\999_cs\Quantum_Inpired_PSO_Classifcation\MRI_dataset\Balloon Cell Cortical Dysplasia\Balloon_Cell_Cortical_Dysplasia1387.jpg,Balloon Cell Cortical Dysplasia
C:\Users\HishamMo\Desktop\999_cs\Quantum_Inpired_PSO_Classifcation\MRI_dataset\Balloon Cell Cortical Dysplasia\Balloon_Cell_Cortical_Dysplasia1388.jpg,Balloon Cell Cortical Dysplasia
C:\Users\HishamMo\Desktop\999_cs\Quantum_Inpired_PSO_Classifcation\MRI_dataset\Balloon Cell Cortical Dysplasia\Balloon_Cell_Cortical_Dysplasia1389.jpg,Balloon Cell Cortical Dysplasia
C:\Users\HishamMo\Desktop\999_cs\Quantum_Inpired_PSO_Classifcation\MRI_dataset\Balloon Cell Cortical Dysplasia\Balloon_Cell_Cortical_Dysplasia139.jpg,Balloon Cell Cortical Dysplasia
C:\Users\HishamMo\Desktop\999_cs\Quantum_Inpired_PSO_Classifcation\MRI_dataset\Balloon Cell Cortical Dysplasia\Balloon_Cell_Cortical_Dysplasia1390.jpg,Balloon Cell Cortical Dysplasia
C:\Users\HishamMo\Desktop\999_cs\Quantum_Inpired_PSO_Classifcation\MRI_dataset\Balloon Cell Cortical Dysplasia\Balloon_Cell_Cortical_Dysplasia1391.jpg,Balloon Cell Cortical Dysplasia
C:\Users\HishamMo\Desktop\999_cs\Quantum_Inpired_PSO_Classifcation\MRI_dataset\Balloon Cell Cortical Dysplasia\Balloon_Cell_Cortical_Dysplasia1392.jpg,Balloon Cell Cortical Dysplasia
C:\Users\HishamMo\Desktop\999_cs\Quantum_Inpired_PSO_Classifcation\MRI_dataset\Balloon Cell Cortical Dysplasia\Balloon_Cell_Cortical_Dysplasia1393.jpg,Balloon Cell Cortical Dysplasia
C:\Users\HishamMo\Desktop\999_cs\Quantum_Inpired_PSO_Classifcation\MRI_dataset\Balloon Cell Cortical Dysplasia\Balloon_Cell_Cortical_Dysplasia1394.jpg,Balloon Cell Cortical Dysplasia
C:\Users\HishamMo\Desktop\999_cs\Quantum_Inpired_PSO_Classifcation\MRI_dataset\Balloon Cell Cortical Dysplasia\Balloon_Cell_Cortical_Dysplasia1395.jpg,Balloon Cell Cortical Dysplasia
C:\Users\HishamMo\Desktop\999_cs\Quantum_Inpired_PSO_Classifcation\MRI_dataset\Balloon Cell Cortical Dysplasia\Balloon_Cell_Cortical_Dysplasia1396.jpg,Balloon Cell Cortical Dysplasia
C:\Users\HishamMo\Desktop\999_cs\Quantum_Inpired_PSO_Classifcation\MRI_dataset\Balloon Cell Cortical Dysplasia\Balloon_Cell_Cortical_Dysplasia1397.jpg,Balloon Cell Cortical Dysplasia
C:\Users\HishamMo\Desktop\999_cs\Quantum_Inpired_PSO_Classifcation\MRI_dataset\Balloon Cell Cortical Dysplasia\Balloon_Cell_Cortical_Dysplasia1398.jpg,Balloon Cell Cortical Dysplasia
C:\Users\HishamMo\Desktop\999_cs\Quantum_Inpired_PSO_Classifcation\MRI_dataset\Balloon Cell Cortical Dysplasia\Balloon_Cell_Cortical_Dysplasia1399.jpg,Balloon Cell Cortical Dysplasia
C:\Users\HishamMo\Desktop\999_cs\Quantum_Inpired_PSO_Classifcation\MRI_dataset\Balloon Cell Cortical Dysplasia\Balloon_Cell_Cortical_Dysplasia140.jpg,Balloon Cell Cortical Dysplasia
C:\Users\HishamMo\Desktop\999_cs\Quantum_Inpired_PSO_Classifcation\MRI_dataset\Balloon Cell Cortical Dysplasia\Balloon_Cell_Cortical_Dysplasia1400.jpg,Balloon Cell Cortical Dysplasia
C:\Users\HishamMo\Desktop\999_cs\Quantum_Inpired_PSO_Classifcation\MRI_dataset\Balloon Cell Cortical Dysplasia\Balloon_Cell_Cortical_Dysplasia1401.jpg,Balloon Cell Cortical Dysplasia
C:\Users\HishamMo\Desktop\999_cs\Quantum_Inpired_PSO_Classifcation\MRI_dataset\Balloon Cell Cortical Dysplasia\Balloon_Cell_Cortical_Dysplasia1402.jpg,Balloon Cell Cortical Dysplasia
C:\Users\HishamMo\Desktop\999_cs\Quantum_Inpired_PSO_Classifcation\MRI_dataset\Balloon Cell Cortical Dysplasia\Balloon_Cell_Cortical_Dysplasia1403.jpg,Balloon Cell Cortical Dysplasia
C:\Users\HishamMo\Desktop\999_cs\Quantum_Inpired_PSO_Classifcation\MRI_dataset\Balloon Cell Cortical Dysplasia\Balloon_Cell_Cortical_Dysplasia1404.jpg,Balloon Cell Cortical Dysplasia
C:\Users\HishamMo\Desktop\999_cs\Quantum_Inpired_PSO_Classifcation\MRI_dataset\Balloon Cell Cortical Dysplasia\Balloon_Cell_Cortical_Dysplasia1405.jpg,Balloon Cell Cortical Dysplasia
C:\Users\HishamMo\Desktop\999_cs\Quantum_Inpired_PSO_Classifcation\MRI_dataset\Balloon Cell Cortical Dysplasia\Balloon_Cell_Cortical_Dysplasia1406.jpg,Balloon Cell Cortical Dysplasia
C:\Users\HishamMo\Desktop\999_cs\Quantum_Inpired_PSO_Classifcation\MRI_dataset\Balloon Cell Cortical Dysplasia\Balloon_Cell_Cortical_Dysplasia1407.jpg,Balloon Cell Cortical Dysplasia
C:\Users\HishamMo\Desktop\999_cs\Quantum_Inpired_PSO_Classifcation\MRI_dataset\Balloon Cell Cortical Dysplasia\Balloon_Cell_Cortical_Dysplasia1408.jpg,Balloon Cell Cortical Dysplasia
C:\Users\HishamMo\Desktop\999_cs\Quantum_Inpired_PSO_Classifcation\MRI_dataset\Balloon Cell Cortical Dysplasia\Balloon_Cell_Cortical_Dysplasia1409.jpg,Balloon Cell Cortical Dysplasia
C:\Users\HishamMo\Desktop\999_cs\Quantum_Inpired_PSO_Classifcation\MRI_dataset\Balloon Cell Cortical Dysplasia\Balloon_Cell_Cortical_Dysplasia141.jpg,Balloon Cell Cortical Dysplasia
C:\Users\HishamMo\Desktop\999_cs\Quantum_Inpired_PSO_Classifcation\MRI_dataset\Balloon Cell Cortical Dysplasia\Balloon_Cell_Cortical_Dysplasia1410.jpg,Balloon Cell Cortical Dysplasia
C:\Users\HishamMo\Desktop\999_cs\Quantum_Inpired_PSO_Classifcation\MRI_dataset\Balloon Cell Cortical Dysplasia\Balloon_Cell_Cortical_Dysplasia1411.jpg,Balloon Cell Cortical Dysplasia
C:\Users\HishamMo\Desktop\999_cs\Quantum_Inpired_PSO_Classifcation\MRI_dataset\Balloon Cell Cortical Dysplasia\Balloon_Cell_Cortical_Dysplasia1412.jpg,Balloon Cell Cortical Dysplasia
C:\Users\HishamMo\Desktop\999_cs\Quantum_Inpired_PSO_Classifcation\MRI_dataset\Balloon Cell Cortical Dysplasia\Balloon_Cell_Cortical_Dysplasia1413.jpg,Balloon Cell Cortical Dysplasia
C:\Users\HishamMo\Desktop\999_cs\Quantum_Inpired_PSO_Classifcation\MRI_dataset\Balloon Cell Cortical Dysplasia\Balloon_Cell_Cortical_Dysplasia1414.jpg,Balloon Cell Cortical Dysplasia
C:\Users\HishamMo\Desktop\999_cs\Quantum_Inpired_PSO_Classifcation\MRI_dataset\Balloon Cell Cortical Dysplasia\Balloon_Cell_Cortical_Dysplasia1415.jpg,Balloon Cell Cortical Dysplasia
C:\Users\HishamMo\Desktop\999_cs\Quantum_Inpired_PSO_Classifcation\MRI_dataset\Balloon Cell Cortical Dysplasia\Balloon_Cell_Cortical_Dysplasia1416.jpg,Balloon Cell Cortical Dysplasia
C:\Users\HishamMo\Desktop\999_cs\Quantum_Inpired_PSO_Classifcation\MRI_dataset\Balloon Cell Cortical Dysplasia\Balloon_Cell_Cortical_Dysplasia1417.jpg,Balloon Cell Cortical Dysplasia
C:\Users\HishamMo\Desktop\999_cs\Quantum_Inpired_PSO_Classifcation\MRI_dataset\Balloon Cell Cortical Dysplasia\Balloon_Cell_Cortical_Dysplasia1418.jpg,Balloon Cell Cortical Dysplasia
C:\Users\HishamMo\Desktop\999_cs\Quantum_Inpired_PSO_Classifcation\MRI_dataset\Balloon Cell Cortical Dysplasia\Balloon_Cell_Cortical_Dysplasia1419.jpg,Balloon Cell Cortical Dysplasia
C:\Users\HishamMo\Desktop\999_cs\Quantum_Inpired_PSO_Classifcation\MRI_dataset\Balloon Cell Cortical Dysplasia\Balloon_Cell_Cortical_Dysplasia142.jpg,Balloon Cell Cortical Dysplasia
C:\Users\HishamMo\Desktop\999_cs\Quantum_Inpired_PSO_Classifcation\MRI_dataset\Balloon Cell Cortical Dysplasia\Balloon_Cell_Cortical_Dysplasia1420.jpg,Balloon Cell Cortical Dysplasia
C:\Users\HishamMo\Desktop\999_cs\Quantum_Inpired_PSO_Classifcation\MRI_dataset\Balloon Cell Cortical Dysplasia\Balloon_Cell_Cortical_Dysplasia1421.jpg,Balloon Cell Cortical Dysplasia
C:\Users\HishamMo\Desktop\999_cs\Quantum_Inpired_PSO_Classifcation\MRI_dataset\Balloon Cell Cortical Dysplasia\Balloon_Cell_Cortical_Dysplasia1422.jpg,Balloon Cell Cortical Dysplasia
C:\Users\HishamMo\Desktop\999_cs\Quantum_Inpired_PSO_Classifcation\MRI_dataset\Balloon Cell Cortical Dysplasia\Balloon_Cell_Cortical_Dysplasia1423.jpg,Balloon Cell Cortical Dysplasia
C:\Users\HishamMo\Desktop\999_cs\Quantum_Inpired_PSO_Classifcation\MRI_dataset\Balloon Cell Cortical Dysplasia\Balloon_Cell_Cortical_Dysplasia1424.jpg,Balloon Cell Cortical Dysplasia
C:\Users\HishamMo\Desktop\999_cs\Quantum_Inpired_PSO_Classifcation\MRI_dataset\Balloon Cell Cortical Dysplasia\Balloon_Cell_Cortical_Dysplasia143.jpg,Balloon Cell Cortical Dysplasia
C:\Users\HishamMo\Desktop\999_cs\Quantum_Inpired_PSO_Classifcation\MRI_dataset\Balloon Cell Cortical Dysplasia\Balloon_Cell_Cortical_Dysplasia144.jpg,Balloon Cell Cortical Dysplasia
C:\Users\HishamMo\Desktop\999_cs\Quantum_Inpired_PSO_Classifcation\MRI_dataset\Balloon Cell Cortical Dysplasia\Balloon_Cell_Cortical_Dysplasia145.jpg,Balloon Cell Cortical Dysplasia
C:\Users\HishamMo\Desktop\999_cs\Quantum_Inpired_PSO_Classifcation\MRI_dataset\Balloon Cell Cortical Dysplasia\Balloon_Cell_Cortical_Dysplasia146.jpg,Balloon Cell Cortical Dysplasia
C:\Users\HishamMo\Desktop\999_cs\Quantum_Inpired_PSO_Classifcation\MRI_dataset\Balloon Cell Cortical Dysplasia\Balloon_Cell_Cortical_Dysplasia147.jpg,Balloon Cell Cortical Dysplasia
C:\Users\HishamMo\Desktop\999_cs\Quantum_Inpired_PSO_Classifcation\MRI_dataset\Balloon Cell Cortical Dysplasia\Balloon_Cell_Cortical_Dysplasia148.jpg,Balloon Cell Cortical Dysplasia
C:\Users\HishamMo\Desktop\999_cs\Quantum_Inpired_PSO_Classifcation\MRI_dataset\Balloon Cell Cortical Dysplasia\Balloon_Cell_Cortical_Dysplasia149.jpg,Balloon Cell Cortical Dysplasia
C:\Users\HishamMo\Desktop\999_cs\Quantum_Inpired_PSO_Classifcation\MRI_dataset\Balloon Cell Cortical Dysplasia\Balloon_Cell_Cortical_Dysplasia150.jpg,Balloon Cell Cortical Dysplasia
C:\Users\HishamMo\Desktop\999_cs\Quantum_Inpired_PSO_Classifcation\MRI_dataset\Balloon Cell Cortical Dysplasia\Balloon_Cell_Cortical_Dysplasia151.jpg,Balloon Cell Cortical Dysplasia
C:\Users\HishamMo\Desktop\999_cs\Quantum_Inpired_PSO_Classifcation\MRI_dataset\Balloon Cell Cortical Dysplasia\Balloon_Cell_Cortical_Dysplasia152.jpg,Balloon Cell Cortical Dysplasia
C:\Users\HishamMo\Desktop\999_cs\Quantum_Inpired_PSO_Classifcation\MRI_dataset\Balloon Cell Cortical Dysplasia\Balloon_Cell_Cortical_Dysplasia153.jpg,Balloon Cell Cortical Dysplasia
C:\Users\HishamMo\Desktop\999_cs\Quantum_Inpired_PSO_Classifcation\MRI_dataset\Balloon Cell Cortical Dysplasia\Balloon_Cell_Cortical_Dysplasia154.jpg,Balloon Cell Cortical Dysplasia
C:\Users\HishamMo\Desktop\999_cs\Quantum_Inpired_PSO_Classifcation\MRI_dataset\Balloon Cell Cortical Dysplasia\Balloon_Cell_Cortical_Dysplasia155.jpg,Balloon Cell Cortical Dysplasia
C:\Users\HishamMo\Desktop\999_cs\Quantum_Inpired_PSO_Classifcation\MRI_dataset\Balloon Cell Cortical Dysplasia\Balloon_Cell_Cortical_Dysplasia156.jpg,Balloon Cell Cortical Dysplasia
C:\Users\HishamMo\Desktop\999_cs\Quantum_Inpired_PSO_Classifcation\MRI_dataset\Balloon Cell Cortical Dysplasia\Balloon_Cell_Cortical_Dysplasia157.jpg,Balloon Cell Cortical Dysplasia
C:\Users\HishamMo\Desktop\999_cs\Quantum_Inpired_PSO_Classifcation\MRI_dataset\Balloon Cell Cortical Dysplasia\Balloon_Cell_Cortical_Dysplasia158.jpg,Balloon Cell Cortical Dysplasia
C:\Users\HishamMo\Desktop\999_cs\Quantum_Inpired_PSO_Classifcation\MRI_dataset\Balloon Cell Cortical Dysplasia\Balloon_Cell_Cortical_Dysplasia159.jpg,Balloon Cell Cortical Dysplasia
C:\Users\HishamMo\Desktop\999_cs\Quantum_Inpired_PSO_Classifcation\MRI_dataset\Balloon Cell Cortical Dysplasia\Balloon_Cell_Cortical_Dysplasia160.jpg,Balloon Cell Cortical Dysplasia
C:\Users\HishamMo\Desktop\999_cs\Quantum_Inpired_PSO_Classifcation\MRI_dataset\Balloon Cell Cortical Dysplasia\Balloon_Cell_Cortical_Dysplasia161.jpg,Balloon Cell Cortical Dysplasia
C:\Users\HishamMo\Desktop\999_cs\Quantum_Inpired_PSO_Classifcation\MRI_dataset\Balloon Cell Cortical Dysplasia\Balloon_Cell_Cortical_Dysplasia162.jpg,Balloon Cell Cortical Dysplasia
C:\Users\HishamMo\Desktop\999_cs\Quantum_Inpired_PSO_Classifcation\MRI_dataset\Balloon Cell Cortical Dysplasia\Balloon_Cell_Cortical_Dysplasia163.jpg,Balloon Cell Cortical Dysplasia
C:\Users\HishamMo\Desktop\999_cs\Quantum_Inpired_PSO_Classifcation\MRI_dataset\Balloon Cell Cortical Dysplasia\Balloon_Cell_Cortical_Dysplasia164.jpg,Balloon Cell Cortical Dysplasia
C:\Users\HishamMo\Desktop\999_cs\Quantum_Inpired_PSO_Classifcation\MRI_dataset\Balloon Cell Cortical Dysplasia\Balloon_Cell_Cortical_Dysplasia165.jpg,Balloon Cell Cortical Dysplasia
C:\Users\HishamMo\Desktop\999_cs\Quantum_Inpired_PSO_Classifcation\MRI_dataset\Balloon Cell Cortical Dysplasia\Balloon_Cell_Cortical_Dysplasia166.jpg,Balloon Cell Cortical Dysplasia
C:\Users\HishamMo\Desktop\999_cs\Quantum_Inpired_PSO_Classifcation\MRI_dataset\Balloon Cell Cortical Dysplasia\Balloon_Cell_Cortical_Dysplasia167.jpg,Balloon Cell Cortical Dysplasia
C:\Users\HishamMo\Desktop\999_cs\Quantum_Inpired_PSO_Classifcation\MRI_dataset\Balloon Cell Cortical Dysplasia\Balloon_Cell_Cortical_Dysplasia168.jpg,Balloon Cell Cortical Dysplasia
C:\Users\HishamMo\Desktop\999_cs\Quantum_Inpired_PSO_Classifcation\MRI_dataset\Balloon Cell Cortical Dysplasia\Balloon_Cell_Cortical_Dysplasia169.jpg,Balloon Cell Cortical Dysplasia
C:\Users\HishamMo\Desktop\999_cs\Quantum_Inpired_PSO_Classifcation\MRI_dataset\Balloon Cell Cortical Dysplasia\Balloon_Cell_Cortical_Dysplasia170.jpg,Balloon Cell Cortical Dysplasia
C:\Users\HishamMo\Desktop\999_cs\Quantum_Inpired_PSO_Classifcation\MRI_dataset\Balloon Cell Cortical Dysplasia\Balloon_Cell_Cortical_Dysplasia171.jpg,Balloon Cell Cortical Dysplasia
C:\Users\HishamMo\Desktop\999_cs\Quantum_Inpired_PSO_Classifcation\MRI_dataset\Balloon Cell Cortical Dysplasia\Balloon_Cell_Cortical_Dysplasia172.jpg,Balloon Cell Cortical Dysplasia
C:\Users\HishamMo\Desktop\999_cs\Quantum_Inpired_PSO_Classifcation\MRI_dataset\Balloon Cell Cortical Dysplasia\Balloon_Cell_Cortical_Dysplasia173.jpg,Balloon Cell Cortical Dysplasia
C:\Users\HishamMo\Desktop\999_cs\Quantum_Inpired_PSO_Classifcation\MRI_dataset\Balloon Cell Cortical Dysplasia\Balloon_Cell_Cortical_Dysplasia174.jpg,Balloon Cell Cortical Dysplasia
C:\Users\HishamMo\Desktop\999_cs\Quantum_Inpired_PSO_Classifcation\MRI_dataset\Balloon Cell Cortical Dysplasia\Balloon_Cell_Cortical_Dysplasia175.jpg,Balloon Cell Cortical Dysplasia
C:\Users\HishamMo\Desktop\999_cs\Quantum_Inpired_PSO_Classifcation\MRI_dataset\Balloon Cell Cortical Dysplasia\Balloon_Cell_Cortical_Dysplasia176.jpg,Balloon Cell Cortical Dysplasia
C:\Users\HishamMo\Desktop\999_cs\Quantum_Inpired_PSO_Classifcation\MRI_dataset\Balloon Cell Cortical Dysplasia\Balloon_Cell_Cortical_Dysplasia177.jpg,Balloon Cell Cortical Dysplasia
C:\Users\HishamMo\Desktop\999_cs\Quantum_Inpired_PSO_Classifcation\MRI_dataset\Balloon Cell Cortical Dysplasia\Balloon_Cell_Cortical_Dysplasia178.jpg,Balloon Cell Cortical Dysplasia
C:\Users\HishamMo\Desktop\999_cs\Quantum_Inpired_PSO_Classifcation\MRI_dataset\Balloon Cell Cortical Dysplasia\Balloon_Cell_Cortical_Dysplasia179.jpg,Balloon Cell Cortical Dysplasia
C:\Users\HishamMo\Desktop\999_cs\Quantum_Inpired_PSO_Classifcation\MRI_dataset\Balloon Cell Cortical Dysplasia\Balloon_Cell_Cortical_Dysplasia180.jpg,Balloon Cell Cortical Dysplasia
C:\Users\HishamMo\Desktop\999_cs\Quantum_Inpired_PSO_Classifcation\MRI_dataset\Balloon Cell Cortical Dysplasia\Balloon_Cell_Cortical_Dysplasia181.jpg,Balloon Cell Cortical Dysplasia
C:\Users\HishamMo\Desktop\999_cs\Quantum_Inpired_PSO_Classifcation\MRI_dataset\Balloon Cell Cortical Dysplasia\Balloon_Cell_Cortical_Dysplasia182.jpg,Balloon Cell Cortical Dysplasia
C:\Users\HishamMo\Desktop\999_cs\Quantum_Inpired_PSO_Classifcation\MRI_dataset\Balloon Cell Cortical Dysplasia\Balloon_Cell_Cortical_Dysplasia183.jpg,Balloon Cell Cortical Dysplasia
C:\Users\HishamMo\Desktop\999_cs\Quantum_Inpired_PSO_Classifcation\MRI_dataset\Balloon Cell Cortical Dysplasia\Balloon_Cell_Cortical_Dysplasia184.jpg,Balloon Cell Cortical Dysplasia
C:\Users\HishamMo\Desktop\999_cs\Quantum_Inpired_PSO_Classifcation\MRI_dataset\Balloon Cell Cortical Dysplasia\Balloon_Cell_Cortical_Dysplasia185.jpg,Balloon Cell Cortical Dysplasia
C:\Users\HishamMo\Desktop\999_cs\Quantum_Inpired_PSO_Classifcation\MRI_dataset\Balloon Cell Cortical Dysplasia\Balloon_Cell_Cortical_Dysplasia186.jpg,Balloon Cell Cortical Dysplasia
C:\Users\HishamMo\Desktop\999_cs\Quantum_Inpired_PSO_Classifcation\MRI_dataset\Balloon Cell Cortical Dysplasia\Balloon_Cell_Cortical_Dysplasia187.jpg,Balloon Cell Cortical Dysplasia
C:\Users\HishamMo\Desktop\999_cs\Quantum_Inpired_PSO_Classifcation\MRI_dataset\Balloon Cell Cortical Dysplasia\Balloon_Cell_Cortical_Dysplasia188.jpg,Balloon Cell Cortical Dysplasia
C:\Users\HishamMo\Desktop\999_cs\Quantum_Inpired_PSO_Classifcation\MRI_dataset\Balloon Cell Cortical Dysplasia\Balloon_Cell_Cortical_Dysplasia189.jpg,Balloon Cell Cortical Dysplasia
C:\Users\HishamMo\Desktop\999_cs\Quantum_Inpired_PSO_Classifcation\MRI_dataset\Balloon Cell Cortical Dysplasia\Balloon_Cell_Cortical_Dysplasia190.jpg,Balloon Cell Cortical Dysplasia
C:\Users\HishamMo\Desktop\999_cs\Quantum_Inpired_PSO_Classifcation\MRI_dataset\Balloon Cell Cortical Dysplasia\Balloon_Cell_Cortical_Dysplasia191.jpg,Balloon Cell Cortical Dysplasia
C:\Users\HishamMo\Desktop\999_cs\Quantum_Inpired_PSO_Classifcation\MRI_dataset\Balloon Cell Cortical Dysplasia\Balloon_Cell_Cortical_Dysplasia192.jpg,Balloon Cell Cortical Dysplasia
C:\Users\HishamMo\Desktop\999_cs\Quantum_Inpired_PSO_Classifcation\MRI_dataset\Balloon Cell Cortical Dysplasia\Balloon_Cell_Cortical_Dysplasia193.jpg,Balloon Cell Cortical Dysplasia
C:\Users\HishamMo\Desktop\999_cs\Quantum_Inpired_PSO_Classifcation\MRI_dataset\Balloon Cell Cortical Dysplasia\Balloon_Cell_Cortical_Dysplasia194.jpg,Balloon Cell Cortical Dysplasia
C:\Users\HishamMo\Desktop\999_cs\Quantum_Inpired_PSO_Classifcation\MRI_dataset\Balloon Cell Cortical Dysplasia\Balloon_Cell_Cortical_Dysplasia195.jpg,Balloon Cell Cortical Dysplasia
C:\Users\HishamMo\Desktop\999_cs\Quantum_Inpired_PSO_Classifcation\MRI_dataset\Balloon Cell Cortical Dysplasia\Balloon_Cell_Cortical_Dysplasia196.jpg,Balloon Cell Cortical Dysplasia
C:\Users\HishamMo\Desktop\999_cs\Quantum_Inpired_PSO_Classifcation\MRI_dataset\Balloon Cell Cortical Dysplasia\Balloon_Cell_Cortical_Dysplasia197.jpg,Balloon Cell Cortical Dysplasia
C:\Users\HishamMo\Desktop\999_cs\Quantum_Inpired_PSO_Classifcation\MRI_dataset\Balloon Cell Cortical Dysplasia\Balloon_Cell_Cortical_Dysplasia198.jpg,Balloon Cell Cortical Dysplasia
C:\Users\HishamMo\Desktop\999_cs\Quantum_Inpired_PSO_Classifcation\MRI_dataset\Balloon Cell Cortical Dysplasia\Balloon_Cell_Cortical_Dysplasia199.jpg,Balloon Cell Cortical Dysplasia
C:\Users\HishamMo\Desktop\999_cs\Quantum_Inpired_PSO_Classifcation\MRI_dataset\Balloon Cell Cortical Dysplasia\Balloon_Cell_Cortical_Dysplasia200.jpg,Balloon Cell Cortical Dysplasia
C:\Users\HishamMo\Desktop\999_cs\Quantum_Inpired_PSO_Classifcation\MRI_dataset\Balloon Cell Cortical Dysplasia\Balloon_Cell_Cortical_Dysplasia201.jpg,Balloon Cell Cortical Dysplasia
C:\Users\HishamMo\Desktop\999_cs\Quantum_Inpired_PSO_Classifcation\MRI_dataset\Balloon Cell Cortical Dysplasia\Balloon_Cell_Cortical_Dysplasia202.jpg,Balloon Cell Cortical Dysplasia
C:\Users\HishamMo\Desktop\999_cs\Quantum_Inpired_PSO_Classifcation\MRI_dataset\Balloon Cell Cortical Dysplasia\Balloon_Cell_Cortical_Dysplasia203.jpg,Balloon Cell Cortical Dysplasia
C:\Users\HishamMo\Desktop\999_cs\Quantum_Inpired_PSO_Classifcation\MRI_dataset\Balloon Cell Cortical Dysplasia\Balloon_Cell_Cortical_Dysplasia204.jpg,Balloon Cell Cortical Dysplasia
C:\Users\HishamMo\Desktop\999_cs\Quantum_Inpired_PSO_Classifcation\MRI_dataset\Balloon Cell Cortical Dysplasia\Balloon_Cell_Cortical_Dysplasia205.jpg,Balloon Cell Cortical Dysplasia
C:\Users\HishamMo\Desktop\999_cs\Quantum_Inpired_PSO_Classifcation\MRI_dataset\Balloon Cell Cortical Dysplasia\Balloon_Cell_Cortical_Dysplasia206.jpg,Balloon Cell Cortical Dysplasia
C:\Users\HishamMo\Desktop\999_cs\Quantum_Inpired_PSO_Classifcation\MRI_dataset\Balloon Cell Cortical Dysplasia\Balloon_Cell_Cortical_Dysplasia207.jpg,Balloon Cell Cortical Dysplasia
C:\Users\HishamMo\Desktop\999_cs\Quantum_Inpired_PSO_Classifcation\MRI_dataset\Balloon Cell Cortical Dysplasia\Balloon_Cell_Cortical_Dysplasia208.jpg,Balloon Cell Cortical Dysplasia
C:\Users\HishamMo\Desktop\999_cs\Quantum_Inpired_PSO_Classifcation\MRI_dataset\Balloon Cell Cortical Dysplasia\Balloon_Cell_Cortical_Dysplasia209.jpg,Balloon Cell Cortical Dysplasia
C:\Users\HishamMo\Desktop\999_cs\Quantum_Inpired_PSO_Classifcation\MRI_dataset\Balloon Cell Cortical Dysplasia\Balloon_Cell_Cortical_Dysplasia210.jpg,Balloon Cell Cortical Dysplasia
C:\Users\HishamMo\Desktop\999_cs\Quantum_Inpired_PSO_Classifcation\MRI_dataset\Balloon Cell Cortical Dysplasia\Balloon_Cell_Cortical_Dysplasia211.jpg,Balloon Cell Cortical Dysplasia
C:\Users\HishamMo\Desktop\999_cs\Quantum_Inpired_PSO_Classifcation\MRI_dataset\Balloon Cell Cortical Dysplasia\Balloon_Cell_Cortical_Dysplasia212.jpg,Balloon Cell Cortical Dysplasia
C:\Users\HishamMo\Desktop\999_cs\Quantum_Inpired_PSO_Classifcation\MRI_dataset\Balloon Cell Cortical Dysplasia\Balloon_Cell_Cortical_Dysplasia213.jpg,Balloon Cell Cortical Dysplasia
C:\Users\HishamMo\Desktop\999_cs\Quantum_Inpired_PSO_Classifcation\MRI_dataset\Balloon Cell Cortical Dysplasia\Balloon_Cell_Cortical_Dysplasia214.jpg,Balloon Cell Cortical Dysplasia
C:\Users\HishamMo\Desktop\999_cs\Quantum_Inpired_PSO_Classifcation\MRI_dataset\Balloon Cell Cortical Dysplasia\Balloon_Cell_Cortical_Dysplasia215.jpg,Balloon Cell Cortical Dysplasia
C:\Users\HishamMo\Desktop\999_cs\Quantum_Inpired_PSO_Classifcation\MRI_dataset\Balloon Cell Cortical Dysplasia\Balloon_Cell_Cortical_Dysplasia216.jpg,Balloon Cell Cortical Dysplasia
C:\Users\HishamMo\Desktop\999_cs\Quantum_Inpired_PSO_Classifcation\MRI_dataset\Balloon Cell Cortical Dysplasia\Balloon_Cell_Cortical_Dysplasia217.jpg,Balloon Cell Cortical Dysplasia
C:\Users\HishamMo\Desktop\999_cs\Quantum_Inpired_PSO_Classifcation\MRI_dataset\Balloon Cell Cortical Dysplasia\Balloon_Cell_Cortical_Dysplasia218.jpg,Balloon Cell Cortical Dysplasia
C:\Users\HishamMo\Desktop\999_cs\Quantum_Inpired_PSO_Classifcation\MRI_dataset\Balloon Cell Cortical Dysplasia\Balloon_Cell_Cortical_Dysplasia219.jpg,Balloon Cell Cortical Dysplasia
C:\Users\HishamMo\Desktop\999_cs\Quantum_Inpired_PSO_Classifcation\MRI_dataset\Balloon Cell Cortical Dysplasia\Balloon_Cell_Cortical_Dysplasia220.jpg,Balloon Cell Cortical Dysplasia
C:\Users\HishamMo\Desktop\999_cs\Quantum_Inpired_PSO_Classifcation\MRI_dataset\Balloon Cell Cortical Dysplasia\Balloon_Cell_Cortical_Dysplasia221.jpg,Balloon Cell Cortical Dysplasia
C:\Users\HishamMo\Desktop\999_cs\Quantum_Inpired_PSO_Classifcation\MRI_dataset\Balloon Cell Cortical Dysplasia\Balloon_Cell_Cortical_Dysplasia222.jpg,Balloon Cell Cortical Dysplasia
C:\Users\HishamMo\Desktop\999_cs\Quantum_Inpired_PSO_Classifcation\MRI_dataset\Balloon Cell Cortical Dysplasia\Balloon_Cell_Cortical_Dysplasia223.jpg,Balloon Cell Cortical Dysplasia
C:\Users\HishamMo\Desktop\999_cs\Quantum_Inpired_PSO_Classifcation\MRI_dataset\Balloon Cell Cortical Dysplasia\Balloon_Cell_Cortical_Dysplasia224.jpg,Balloon Cell Cortical Dysplasia
C:\Users\HishamMo\Desktop\999_cs\Quantum_Inpired_PSO_Classifcation\MRI_dataset\Balloon Cell Cortical Dysplasia\Balloon_Cell_Cortical_Dysplasia225.jpg,Balloon Cell Cortical Dysplasia
C:\Users\HishamMo\Desktop\999_cs\Quantum_Inpired_PSO_Classifcation\MRI_dataset\Balloon Cell Cortical Dysplasia\Balloon_Cell_Cortical_Dysplasia226.jpg,Balloon Cell Cortical Dysplasia
C:\Users\HishamMo\Desktop\999_cs\Quantum_Inpired_PSO_Classifcation\MRI_dataset\Balloon Cell Cortical Dysplasia\Balloon_Cell_Cortical_Dysplasia227.jpg,Balloon Cell Cortical Dysplasia
C:\Users\HishamMo\Desktop\999_cs\Quantum_Inpired_PSO_Classifcation\MRI_dataset\Balloon Cell Cortical Dysplasia\Balloon_Cell_Cortical_Dysplasia228.jpg,Balloon Cell Cortical Dysplasia
C:\Users\HishamMo\Desktop\999_cs\Quantum_Inpired_PSO_Classifcation\MRI_dataset\Balloon Cell Cortical Dysplasia\Balloon_Cell_Cortical_Dysplasia229.jpg,Balloon Cell Cortical Dysplasia
C:\Users\HishamMo\Desktop\999_cs\Quantum_Inpired_PSO_Classifcation\MRI_dataset\Balloon Cell Cortical Dysplasia\Balloon_Cell_Cortical_Dysplasia230.jpg,Balloon Cell Cortical Dysplasia
C:\Users\HishamMo\Desktop\999_cs\Quantum_Inpired_PSO_Classifcation\MRI_dataset\Balloon Cell Cortical Dysplasia\Balloon_Cell_Cortical_Dysplasia231.jpg,Balloon Cell Cortical Dysplasia
C:\Users\HishamMo\Desktop\999_cs\Quantum_Inpired_PSO_Classifcation\MRI_dataset\Balloon Cell Cortical Dysplasia\Balloon_Cell_Cortical_Dysplasia232.jpg,Balloon Cell Cortical Dysplasia
C:\Users\HishamMo\Desktop\999_cs\Quantum_Inpired_PSO_Classifcation\MRI_dataset\Balloon Cell Cortical Dysplasia\Balloon_Cell_Cortical_Dysplasia233.jpg,Balloon Cell Cortical Dysplasia
C:\Users\HishamMo\Desktop\999_cs\Quantum_Inpired_PSO_Classifcation\MRI_dataset\Balloon Cell Cortical Dysplasia\Balloon_Cell_Cortical_Dysplasia234.jpg,Balloon Cell Cortical Dysplasia
C:\Users\HishamMo\Desktop\999_cs\Quantum_Inpired_PSO_Classifcation\MRI_dataset\Balloon Cell Cortical Dysplasia\Balloon_Cell_Cortical_Dysplasia235.jpg,Balloon Cell Cortical Dysplasia
C:\Users\HishamMo\Desktop\999_cs\Quantum_Inpired_PSO_Classifcation\MRI_dataset\Balloon Cell Cortical Dysplasia\Balloon_Cell_Cortical_Dysplasia236.jpg,Balloon Cell Cortical Dysplasia
C:\Users\HishamMo\Desktop\999_cs\Quantum_Inpired_PSO_Classifcation\MRI_dataset\Balloon Cell Cortical Dysplasia\Balloon_Cell_Cortical_Dysplasia237.jpg,Balloon Cell Cortical Dysplasia
C:\Users\HishamMo\Desktop\999_cs\Quantum_Inpired_PSO_Classifcation\MRI_dataset\Balloon Cell Cortical Dysplasia\Balloon_Cell_Cortical_Dysplasia238.jpg,Balloon Cell Cortical Dysplasia
C:\Users\HishamMo\Desktop\999_cs\Quantum_Inpired_PSO_Classifcation\MRI_dataset\Balloon Cell Cortical Dysplasia\Balloon_Cell_Cortical_Dysplasia239.jpg,Balloon Cell Cortical Dysplasia
C:\Users\HishamMo\Desktop\999_cs\Quantum_Inpired_PSO_Classifcation\MRI_dataset\Balloon Cell Cortical Dysplasia\Balloon_Cell_Cortical_Dysplasia240.jpg,Balloon Cell Cortical Dysplasia
C:\Users\HishamMo\Desktop\999_cs\Quantum_Inpired_PSO_Classifcation\MRI_dataset\Balloon Cell Cortical Dysplasia\Balloon_Cell_Cortical_Dysplasia241.jpg,Balloon Cell Cortical Dysplasia
C:\Users\HishamMo\Desktop\999_cs\Quantum_Inpired_PSO_Classifcation\MRI_dataset\Balloon Cell Cortical Dysplasia\Balloon_Cell_Cortical_Dysplasia242.jpg,Balloon Cell Cortical Dysplasia
C:\Users\HishamMo\Desktop\999_cs\Quantum_Inpired_PSO_Classifcation\MRI_dataset\Balloon Cell Cortical Dysplasia\Balloon_Cell_Cortical_Dysplasia243.jpg,Balloon Cell Cortical Dysplasia
C:\Users\HishamMo\Desktop\999_cs\Quantum_Inpired_PSO_Classifcation\MRI_dataset\Balloon Cell Cortical Dysplasia\Balloon_Cell_Cortical_Dysplasia244.jpg,Balloon Cell Cortical Dysplasia
C:\Users\HishamMo\Desktop\999_cs\Quantum_Inpired_PSO_Classifcation\MRI_dataset\Balloon Cell Cortical Dysplasia\Balloon_Cell_Cortical_Dysplasia245.jpg,Balloon Cell Cortical Dysplasia
C:\Users\HishamMo\Desktop\999_cs\Quantum_Inpired_PSO_Classifcation\MRI_dataset\Balloon Cell Cortical Dysplasia\Balloon_Cell_Cortical_Dysplasia246.jpg,Balloon Cell Cortical Dysplasia
C:\Users\HishamMo\Desktop\999_cs\Quantum_Inpired_PSO_Classifcation\MRI_dataset\Balloon Cell Cortical Dysplasia\Balloon_Cell_Cortical_Dysplasia247.jpg,Balloon Cell Cortical Dysplasia
C:\Users\HishamMo\Desktop\999_cs\Quantum_Inpired_PSO_Classifcation\MRI_dataset\Balloon Cell Cortical Dysplasia\Balloon_Cell_Cortical_Dysplasia248.jpg,Balloon Cell Cortical Dysplasia
C:\Users\HishamMo\Desktop\999_cs\Quantum_Inpired_PSO_Classifcation\MRI_dataset\Balloon Cell Cortical Dysplasia\Balloon_Cell_Cortical_Dysplasia249.jpg,Balloon Cell Cortical Dysplasia
C:\Users\HishamMo\Desktop\999_cs\Quantum_Inpired_PSO_Classifcation\MRI_dataset\Balloon Cell Cortical Dysplasia\Balloon_Cell_Cortical_Dysplasia250.jpg,Balloon Cell Cortical Dysplasia
C:\Users\HishamMo\Desktop\999_cs\Quantum_Inpired_PSO_Classifcation\MRI_dataset\Balloon Cell Cortical Dysplasia\Balloon_Cell_Cortical_Dysplasia251.jpg,Balloon Cell Cortical Dysplasia
C:\Users\HishamMo\Desktop\999_cs\Quantum_Inpired_PSO_Classifcation\MRI_dataset\Balloon Cell Cortical Dysplasia\Balloon_Cell_Cortical_Dysplasia252.jpg,Balloon Cell Cortical Dysplasia
C:\Users\HishamMo\Desktop\999_cs\Quantum_Inpired_PSO_Classifcation\MRI_dataset\Balloon Cell Cortical Dysplasia\Balloon_Cell_Cortical_Dysplasia253.jpg,Balloon Cell Cortical Dysplasia
C:\Users\HishamMo\Desktop\999_cs\Quantum_Inpired_PSO_Classifcation\MRI_dataset\Balloon Cell Cortical Dysplasia\Balloon_Cell_Cortical_Dysplasia254.jpg,Balloon Cell Cortical Dysplasia
C:\Users\HishamMo\Desktop\999_cs\Quantum_Inpired_PSO_Classifcation\MRI_dataset\Balloon Cell Cortical Dysplasia\Balloon_Cell_Cortical_Dysplasia255.jpg,Balloon Cell Cortical Dysplasia
C:\Users\HishamMo\Desktop\999_cs\Quantum_Inpired_PSO_Classifcation\MRI_dataset\Balloon Cell Cortical Dysplasia\Balloon_Cell_Cortical_Dysplasia256.jpg,Balloon Cell Cortical Dysplasia
C:\Users\HishamMo\Desktop\999_cs\Quantum_Inpired_PSO_Classifcation\MRI_dataset\Balloon Cell Cortical Dysplasia\Balloon_Cell_Cortical_Dysplasia257.jpg,Balloon Cell Cortical Dysplasia
C:\Users\HishamMo\Desktop\999_cs\Quantum_Inpired_PSO_Classifcation\MRI_dataset\Balloon Cell Cortical Dysplasia\Balloon_Cell_Cortical_Dysplasia258.jpg,Balloon Cell Cortical Dysplasia
C:\Users\HishamMo\Desktop\999_cs\Quantum_Inpired_PSO_Classifcation\MRI_dataset\Balloon Cell Cortical Dysplasia\Balloon_Cell_Cortical_Dysplasia259.jpg,Balloon Cell Cortical Dysplasia
C:\Users\HishamMo\Desktop\999_cs\Quantum_Inpired_PSO_Classifcation\MRI_dataset\Balloon Cell Cortical Dysplasia\Balloon_Cell_Cortical_Dysplasia260.jpg,Balloon Cell Cortical Dysplasia
C:\Users\HishamMo\Desktop\999_cs\Quantum_Inpired_PSO_Classifcation\MRI_dataset\Balloon Cell Cortical Dysplasia\Balloon_Cell_Cortical_Dysplasia261.jpg,Balloon Cell Cortical Dysplasia
C:\Users\HishamMo\Desktop\999_cs\Quantum_Inpired_PSO_Classifcation\MRI_dataset\Balloon Cell Cortical Dysplasia\Balloon_Cell_Cortical_Dysplasia262.jpg,Balloon Cell Cortical Dysplasia
C:\Users\HishamMo\Desktop\999_cs\Quantum_Inpired_PSO_Classifcation\MRI_dataset\Balloon Cell Cortical Dysplasia\Balloon_Cell_Cortical_Dysplasia263.jpg,Balloon Cell Cortical Dysplasia
C:\Users\HishamMo\Desktop\999_cs\Quantum_Inpired_PSO_Classifcation\MRI_dataset\Balloon Cell Cortical Dysplasia\Balloon_Cell_Cortical_Dysplasia264.jpg,Balloon Cell Cortical Dysplasia
C:\Users\HishamMo\Desktop\999_cs\Quantum_Inpired_PSO_Classifcation\MRI_dataset\Balloon Cell Cortical Dysplasia\Balloon_Cell_Cortical_Dysplasia265.jpg,Balloon Cell Cortical Dysplasia
C:\Users\HishamMo\Desktop\999_cs\Quantum_Inpired_PSO_Classifcation\MRI_dataset\Balloon Cell Cortical Dysplasia\Balloon_Cell_Cortical_Dysplasia266.jpg,Balloon Cell Cortical Dysplasia
C:\Users\HishamMo\Desktop\999_cs\Quantum_Inpired_PSO_Classifcation\MRI_dataset\Balloon Cell Cortical Dysplasia\Balloon_Cell_Cortical_Dysplasia267.jpg,Balloon Cell Cortical Dysplasia
C:\Users\HishamMo\Desktop\999_cs\Quantum_Inpired_PSO_Classifcation\MRI_dataset\Balloon Cell Cortical Dysplasia\Balloon_Cell_Cortical_Dysplasia268.jpg,Balloon Cell Cortical Dysplasia
C:\Users\HishamMo\Desktop\999_cs\Quantum_Inpired_PSO_Classifcation\MRI_dataset\Balloon Cell Cortical Dysplasia\Balloon_Cell_Cortical_Dysplasia269.jpg,Balloon Cell Cortical Dysplasia
C:\Users\HishamMo\Desktop\999_cs\Quantum_Inpired_PSO_Classifcation\MRI_dataset\Balloon Cell Cortical Dysplasia\Balloon_Cell_Cortical_Dysplasia270.jpg,Balloon Cell Cortical Dysplasia
C:\Users\HishamMo\Desktop\999_cs\Quantum_Inpired_PSO_Classifcation\MRI_dataset\Balloon Cell Cortical Dysplasia\Balloon_Cell_Cortical_Dysplasia271.jpg,Balloon Cell Cortical Dysplasia
C:\Users\HishamMo\Desktop\999_cs\Quantum_Inpired_PSO_Classifcation\MRI_dataset\Balloon Cell Cortical Dysplasia\Balloon_Cell_Cortical_Dysplasia272.jpg,Balloon Cell Cortical Dysplasia
C:\Users\HishamMo\Desktop\999_cs\Quantum_Inpired_PSO_Classifcation\MRI_dataset\Balloon Cell Cortical Dysplasia\Balloon_Cell_Cortical_Dysplasia273.jpg,Balloon Cell Cortical Dysplasia
C:\Users\HishamMo\Desktop\999_cs\Quantum_Inpired_PSO_Classifcation\MRI_dataset\Balloon Cell Cortical Dysplasia\Balloon_Cell_Cortical_Dysplasia274.jpg,Balloon Cell Cortical Dysplasia
C:\Users\HishamMo\Desktop\999_cs\Quantum_Inpired_PSO_Classifcation\MRI_dataset\Balloon Cell Cortical Dysplasia\Balloon_Cell_Cortical_Dysplasia275.jpg,Balloon Cell Cortical Dysplasia
C:\Users\HishamMo\Desktop\999_cs\Quantum_Inpired_PSO_Classifcation\MRI_dataset\Balloon Cell Cortical Dysplasia\Balloon_Cell_Cortical_Dysplasia276.jpg,Balloon Cell Cortical Dysplasia
C:\Users\HishamMo\Desktop\999_cs\Quantum_Inpired_PSO_Classifcation\MRI_dataset\Balloon Cell Cortical Dysplasia\Balloon_Cell_Cortical_Dysplasia277.jpg,Balloon Cell Cortical Dysplasia
C:\Users\HishamMo\Desktop\999_cs\Quantum_Inpired_PSO_Classifcation\MRI_dataset\Balloon Cell Cortical Dysplasia\Balloon_Cell_Cortical_Dysplasia278.jpg,Balloon Cell Cortical Dysplasia
C:\Users\HishamMo\Desktop\999_cs\Quantum_Inpired_PSO_Classifcation\MRI_dataset\Balloon Cell Cortical Dysplasia\Balloon_Cell_Cortical_Dysplasia279.jpg,Balloon Cell Cortical Dysplasia
C:\Users\HishamMo\Desktop\999_cs\Quantum_Inpired_PSO_Classifcation\MRI_dataset\Balloon Cell Cortical Dysplasia\Balloon_Cell_Cortical_Dysplasia280.jpg,Balloon Cell Cortical Dysplasia
C:\Users\HishamMo\Desktop\999_cs\Quantum_Inpired_PSO_Classifcation\MRI_dataset\Balloon Cell Cortical Dysplasia\Balloon_Cell_Cortical_Dysplasia281.jpg,Balloon Cell Cortical Dysplasia
C:\Users\HishamMo\Desktop\999_cs\Quantum_Inpired_PSO_Classifcation\MRI_dataset\Balloon Cell Cortical Dysplasia\Balloon_Cell_Cortical_Dysplasia282.jpg,Balloon Cell Cortical Dysplasia
C:\Users\HishamMo\Desktop\999_cs\Quantum_Inpired_PSO_Classifcation\MRI_dataset\Balloon Cell Cortical Dysplasia\Balloon_Cell_Cortical_Dysplasia283.jpg,Balloon Cell Cortical Dysplasia
C:\Users\HishamMo\Desktop\999_cs\Quantum_Inpired_PSO_Classifcation\MRI_dataset\Balloon Cell Cortical Dysplasia\Balloon_Cell_Cortical_Dysplasia284.jpg,Balloon Cell Cortical Dysplasia
C:\Users\HishamMo\Desktop\999_cs\Quantum_Inpired_PSO_Classifcation\MRI_dataset\Balloon Cell Cortical Dysplasia\Balloon_Cell_Cortical_Dysplasia285.jpg,Balloon Cell Cortical Dysplasia
C:\Users\HishamMo\Desktop\999_cs\Quantum_Inpired_PSO_Classifcation\MRI_dataset\Balloon Cell Cortical Dysplasia\Balloon_Cell_Cortical_Dysplasia286.jpg,Balloon Cell Cortical Dysplasia
C:\Users\HishamMo\Desktop\999_cs\Quantum_Inpired_PSO_Classifcation\MRI_dataset\Balloon Cell Cortical Dysplasia\Balloon_Cell_Cortical_Dysplasia287.jpg,Balloon Cell Cortical Dysplasia
C:\Users\HishamMo\Desktop\999_cs\Quantum_Inpired_PSO_Classifcation\MRI_dataset\Balloon Cell Cortical Dysplasia\Balloon_Cell_Cortical_Dysplasia288.jpg,Balloon Cell Cortical Dysplasia
C:\Users\HishamMo\Desktop\999_cs\Quantum_Inpired_PSO_Classifcation\MRI_dataset\Balloon Cell Cortical Dysplasia\Balloon_Cell_Cortical_Dysplasia289.jpg,Balloon Cell Cortical Dysplasia
C:\Users\HishamMo\Desktop\999_cs\Quantum_Inpired_PSO_Classifcation\MRI_dataset\Balloon Cell Cortical Dysplasia\Balloon_Cell_Cortical_Dysplasia290.jpg,Balloon Cell Cortical Dysplasia
C:\Users\HishamMo\Desktop\999_cs\Quantum_Inpired_PSO_Classifcation\MRI_dataset\Balloon Cell Cortical Dysplasia\Balloon_Cell_Cortical_Dysplasia291.jpg,Balloon Cell Cortical Dysplasia
C:\Users\HishamMo\Desktop\999_cs\Quantum_Inpired_PSO_Classifcation\MRI_dataset\Balloon Cell Cortical Dysplasia\Balloon_Cell_Cortical_Dysplasia292.jpg,Balloon Cell Cortical Dysplasia
C:\Users\HishamMo\Desktop\999_cs\Quantum_Inpired_PSO_Classifcation\MRI_dataset\Balloon Cell Cortical Dysplasia\Balloon_Cell_Cortical_Dysplasia293.jpg,Balloon Cell Cortical Dysplasia
C:\Users\HishamMo\Desktop\999_cs\Quantum_Inpired_PSO_Classifcation\MRI_dataset\Balloon Cell Cortical Dysplasia\Balloon_Cell_Cortical_Dysplasia294.jpg,Balloon Cell Cortical Dysplasia
C:\Users\HishamMo\Desktop\999_cs\Quantum_Inpired_PSO_Classifcation\MRI_dataset\Balloon Cell Cortical Dysplasia\Balloon_Cell_Cortical_Dysplasia295.jpg,Balloon Cell Cortical Dysplasia
C:\Users\HishamMo\Desktop\999_cs\Quantum_Inpired_PSO_Classifcation\MRI_dataset\Balloon Cell Cortical Dysplasia\Balloon_Cell_Cortical_Dysplasia296.jpg,Balloon Cell Cortical Dysplasia
C:\Users\HishamMo\Desktop\999_cs\Quantum_Inpired_PSO_Classifcation\MRI_dataset\Balloon Cell Cortical Dysplasia\Balloon_Cell_Cortical_Dysplasia297.jpg,Balloon Cell Cortical Dysplasia
C:\Users\HishamMo\Desktop\999_cs\Quantum_Inpired_PSO_Classifcation\MRI_dataset\Balloon Cell Cortical Dysplasia\Balloon_Cell_Cortical_Dysplasia298.jpg,Balloon Cell Cortical Dysplasia
C:\Users\HishamMo\Desktop\999_cs\Quantum_Inpired_PSO_Classifcation\MRI_dataset\Balloon Cell Cortical Dysplasia\Balloon_Cell_Cortical_Dysplasia299.jpg,Balloon Cell Cortical Dysplasia
C:\Users\HishamMo\Desktop\999_cs\Quantum_Inpired_PSO_Classifcation\MRI_dataset\Balloon Cell Cortical Dysplasia\Balloon_Cell_Cortical_Dysplasia300.jpg,Balloon Cell Cortical Dysplasia
C:\Users\HishamMo\Desktop\999_cs\Quantum_Inpired_PSO_Classifcation\MRI_dataset\Balloon Cell Cortical Dysplasia\Balloon_Cell_Cortical_Dysplasia301.jpg,Balloon Cell Cortical Dysplasia
C:\Users\HishamMo\Desktop\999_cs\Quantum_Inpired_PSO_Classifcation\MRI_dataset\Balloon Cell Cortical Dysplasia\Balloon_Cell_Cortical_Dysplasia302.jpg,Balloon Cell Cortical Dysplasia
C:\Users\HishamMo\Desktop\999_cs\Quantum_Inpired_PSO_Classifcation\MRI_dataset\Balloon Cell Cortical Dysplasia\Balloon_Cell_Cortical_Dysplasia303.jpg,Balloon Cell Cortical Dysplasia
C:\Users\HishamMo\Desktop\999_cs\Quantum_Inpired_PSO_Classifcation\MRI_dataset\Balloon Cell Cortical Dysplasia\Balloon_Cell_Cortical_Dysplasia304.jpg,Balloon Cell Cortical Dysplasia
C:\Users\HishamMo\Desktop\999_cs\Quantum_Inpired_PSO_Classifcation\MRI_dataset\Balloon Cell Cortical Dysplasia\Balloon_Cell_Cortical_Dysplasia305.jpg,Balloon Cell Cortical Dysplasia
C:\Users\HishamMo\Desktop\999_cs\Quantum_Inpired_PSO_Classifcation\MRI_dataset\Balloon Cell Cortical Dysplasia\Balloon_Cell_Cortical_Dysplasia306.jpg,Balloon Cell Cortical Dysplasia
C:\Users\HishamMo\Desktop\999_cs\Quantum_Inpired_PSO_Classifcation\MRI_dataset\Balloon Cell Cortical Dysplasia\Balloon_Cell_Cortical_Dysplasia307.jpg,Balloon Cell Cortical Dysplasia
C:\Users\HishamMo\Desktop\999_cs\Quantum_Inpired_PSO_Classifcation\MRI_dataset\Balloon Cell Cortical Dysplasia\Balloon_Cell_Cortical_Dysplasia308.jpg,Balloon Cell Cortical Dysplasia
C:\Users\HishamMo\Desktop\999_cs\Quantum_Inpired_PSO_Classifcation\MRI_dataset\Balloon Cell Cortical Dysplasia\Balloon_Cell_Cortical_Dysplasia309.jpg,Balloon Cell Cortical Dysplasia
C:\Users\HishamMo\Desktop\999_cs\Quantum_Inpired_PSO_Classifcation\MRI_dataset\Balloon Cell Cortical Dysplasia\Balloon_Cell_Cortical_Dysplasia310.jpg,Balloon Cell Cortical Dysplasia
C:\Users\HishamMo\Desktop\999_cs\Quantum_Inpired_PSO_Classifcation\MRI_dataset\Balloon Cell Cortical Dysplasia\Balloon_Cell_Cortical_Dysplasia311.jpg,Balloon Cell Cortical Dysplasia
C:\Users\HishamMo\Desktop\999_cs\Quantum_Inpired_PSO_Classifcation\MRI_dataset\Balloon Cell Cortical Dysplasia\Balloon_Cell_Cortical_Dysplasia312.jpg,Balloon Cell Cortical Dysplasia
C:\Users\HishamMo\Desktop\999_cs\Quantum_Inpired_PSO_Classifcation\MRI_dataset\Balloon Cell Cortical Dysplasia\Balloon_Cell_Cortical_Dysplasia313.jpg,Balloon Cell Cortical Dysplasia
C:\Users\HishamMo\Desktop\999_cs\Quantum_Inpired_PSO_Classifcation\MRI_dataset\Balloon Cell Cortical Dysplasia\Balloon_Cell_Cortical_Dysplasia314.jpg,Balloon Cell Cortical Dysplasia
C:\Users\HishamMo\Desktop\999_cs\Quantum_Inpired_PSO_Classifcation\MRI_dataset\Balloon Cell Cortical Dysplasia\Balloon_Cell_Cortical_Dysplasia315.jpg,Balloon Cell Cortical Dysplasia
C:\Users\HishamMo\Desktop\999_cs\Quantum_Inpired_PSO_Classifcation\MRI_dataset\Balloon Cell Cortical Dysplasia\Balloon_Cell_Cortical_Dysplasia316.jpg,Balloon Cell Cortical Dysplasia
C:\Users\HishamMo\Desktop\999_cs\Quantum_Inpired_PSO_Classifcation\MRI_dataset\Balloon Cell Cortical Dysplasia\Balloon_Cell_Cortical_Dysplasia317.jpg,Balloon Cell Cortical Dysplasia
C:\Users\HishamMo\Desktop\999_cs\Quantum_Inpired_PSO_Classifcation\MRI_dataset\Balloon Cell Cortical Dysplasia\Balloon_Cell_Cortical_Dysplasia318.jpg,Balloon Cell Cortical Dysplasia
C:\Users\HishamMo\Desktop\999_cs\Quantum_Inpired_PSO_Classifcation\MRI_dataset\Balloon Cell Cortical Dysplasia\Balloon_Cell_Cortical_Dysplasia319.jpg,Balloon Cell Cortical Dysplasia
C:\Users\HishamMo\Desktop\999_cs\Quantum_Inpired_PSO_Classifcation\MRI_dataset\Balloon Cell Cortical Dysplasia\Balloon_Cell_Cortical_Dysplasia320.jpg,Balloon Cell Cortical Dysplasia
C:\Users\HishamMo\Desktop\999_cs\Quantum_Inpired_PSO_Classifcation\MRI_dataset\Balloon Cell Cortical Dysplasia\Balloon_Cell_Cortical_Dysplasia321.jpg,Balloon Cell Cortical Dysplasia
C:\Users\HishamMo\Desktop\999_cs\Quantum_Inpired_PSO_Classifcation\MRI_dataset\Balloon Cell Cortical Dysplasia\Balloon_Cell_Cortical_Dysplasia322.jpg,Balloon Cell Cortical Dysplasia
C:\Users\HishamMo\Desktop\999_cs\Quantum_Inpired_PSO_Classifcation\MRI_dataset\Balloon Cell Cortical Dysplasia\Balloon_Cell_Cortical_Dysplasia323.jpg,Balloon Cell Cortical Dysplasia
C:\Users\HishamMo\Desktop\999_cs\Quantum_Inpired_PSO_Classifcation\MRI_dataset\Balloon Cell Cortical Dysplasia\Balloon_Cell_Cortical_Dysplasia324.jpg,Balloon Cell Cortical Dysplasia
C:\Users\HishamMo\Desktop\999_cs\Quantum_Inpired_PSO_Classifcation\MRI_dataset\Balloon Cell Cortical Dysplasia\Balloon_Cell_Cortical_Dysplasia325.jpg,Balloon Cell Cortical Dysplasia
C:\Users\HishamMo\Desktop\999_cs\Quantum_Inpired_PSO_Classifcation\MRI_dataset\Balloon Cell Cortical Dysplasia\Balloon_Cell_Cortical_Dysplasia326.jpg,Balloon Cell Cortical Dysplasia
C:\Users\HishamMo\Desktop\999_cs\Quantum_Inpired_PSO_Classifcation\MRI_dataset\Balloon Cell Cortical Dysplasia\Balloon_Cell_Cortical_Dysplasia327.jpg,Balloon Cell Cortical Dysplasia
C:\Users\HishamMo\Desktop\999_cs\Quantum_Inpired_PSO_Classifcation\MRI_dataset\Balloon Cell Cortical Dysplasia\Balloon_Cell_Cortical_Dysplasia328.jpg,Balloon Cell Cortical Dysplasia
C:\Users\HishamMo\Desktop\999_cs\Quantum_Inpired_PSO_Classifcation\MRI_dataset\Balloon Cell Cortical Dysplasia\Balloon_Cell_Cortical_Dysplasia329.jpg,Balloon Cell Cortical Dysplasia
C:\Users\HishamMo\Desktop\999_cs\Quantum_Inpired_PSO_Classifcation\MRI_dataset\Balloon Cell Cortical Dysplasia\Balloon_Cell_Cortical_Dysplasia330.jpg,Balloon Cell Cortical Dysplasia
C:\Users\HishamMo\Desktop\999_cs\Quantum_Inpired_PSO_Classifcation\MRI_dataset\Balloon Cell Cortical Dysplasia\Balloon_Cell_Cortical_Dysplasia331.jpg,Balloon Cell Cortical Dysplasia
C:\Users\HishamMo\Desktop\999_cs\Quantum_Inpired_PSO_Classifcation\MRI_dataset\Balloon Cell Cortical Dysplasia\Balloon_Cell_Cortical_Dysplasia332.jpg,Balloon Cell Cortical Dysplasia
C:\Users\HishamMo\Desktop\999_cs\Quantum_Inpired_PSO_Classifcation\MRI_dataset\Balloon Cell Cortical Dysplasia\Balloon_Cell_Cortical_Dysplasia333.jpg,Balloon Cell Cortical Dysplasia
C:\Users\HishamMo\Desktop\999_cs\Quantum_Inpired_PSO_Classifcation\MRI_dataset\Balloon Cell Cortical Dysplasia\Balloon_Cell_Cortical_Dysplasia334.jpg,Balloon Cell Cortical Dysplasia
C:\Users\HishamMo\Desktop\999_cs\Quantum_Inpired_PSO_Classifcation\MRI_dataset\Balloon Cell Cortical Dysplasia\Balloon_Cell_Cortical_Dysplasia335.jpg,Balloon Cell Cortical Dysplasia
C:\Users\HishamMo\Desktop\999_cs\Quantum_Inpired_PSO_Classifcation\MRI_dataset\Balloon Cell Cortical Dysplasia\Balloon_Cell_Cortical_Dysplasia336.jpg,Balloon Cell Cortical Dysplasia
C:\Users\HishamMo\Desktop\999_cs\Quantum_Inpired_PSO_Classifcation\MRI_dataset\Balloon Cell Cortical Dysplasia\Balloon_Cell_Cortical_Dysplasia337.jpg,Balloon Cell Cortical Dysplasia
C:\Users\HishamMo\Desktop\999_cs\Quantum_Inpired_PSO_Classifcation\MRI_dataset\Balloon Cell Cortical Dysplasia\Balloon_Cell_Cortical_Dysplasia338.jpg,Balloon Cell Cortical Dysplasia
C:\Users\HishamMo\Desktop\999_cs\Quantum_Inpired_PSO_Classifcation\MRI_dataset\Balloon Cell Cortical Dysplasia\Balloon_Cell_Cortical_Dysplasia339.jpg,Balloon Cell Cortical Dysplasia
C:\Users\HishamMo\Desktop\999_cs\Quantum_Inpired_PSO_Classifcation\MRI_dataset\Balloon Cell Cortical Dysplasia\Balloon_Cell_Cortical_Dysplasia340.jpg,Balloon Cell Cortical Dysplasia
C:\Users\HishamMo\Desktop\999_cs\Quantum_Inpired_PSO_Classifcation\MRI_dataset\Balloon Cell Cortical Dysplasia\Balloon_Cell_Cortical_Dysplasia341.jpg,Balloon Cell Cortical Dysplasia
C:\Users\HishamMo\Desktop\999_cs\Quantum_Inpired_PSO_Classifcation\MRI_dataset\Balloon Cell Cortical Dysplasia\Balloon_Cell_Cortical_Dysplasia342.jpg,Balloon Cell Cortical Dysplasia
C:\Users\HishamMo\Desktop\999_cs\Quantum_Inpired_PSO_Classifcation\MRI_dataset\Balloon Cell Cortical Dysplasia\Balloon_Cell_Cortical_Dysplasia343.jpg,Balloon Cell Cortical Dysplasia
C:\Users\HishamMo\Desktop\999_cs\Quantum_Inpired_PSO_Classifcation\MRI_dataset\Balloon Cell Cortical Dysplasia\Balloon_Cell_Cortical_Dysplasia344.jpg,Balloon Cell Cortical Dysplasia
C:\Users\HishamMo\Desktop\999_cs\Quantum_Inpired_PSO_Classifcation\MRI_dataset\Balloon Cell Cortical Dysplasia\Balloon_Cell_Cortical_Dysplasia345.jpg,Balloon Cell Cortical Dysplasia
C:\Users\HishamMo\Desktop\999_cs\Quantum_Inpired_PSO_Classifcation\MRI_dataset\Balloon Cell Cortical Dysplasia\Balloon_Cell_Cortical_Dysplasia346.jpg,Balloon Cell Cortical Dysplasia
C:\Users\HishamMo\Desktop\999_cs\Quantum_Inpired_PSO_Classifcation\MRI_dataset\Balloon Cell Cortical Dysplasia\Balloon_Cell_Cortical_Dysplasia347.jpg,Balloon Cell Cortical Dysplasia
C:\Users\HishamMo\Desktop\999_cs\Quantum_Inpired_PSO_Classifcation\MRI_dataset\Balloon Cell Cortical Dysplasia\Balloon_Cell_Cortical_Dysplasia348.jpg,Balloon Cell Cortical Dysplasia
C:\Users\HishamMo\Desktop\999_cs\Quantum_Inpired_PSO_Classifcation\MRI_dataset\Balloon Cell Cortical Dysplasia\Balloon_Cell_Cortical_Dysplasia349.jpg,Balloon Cell Cortical Dysplasia
C:\Users\HishamMo\Desktop\999_cs\Quantum_Inpired_PSO_Classifcation\MRI_dataset\Balloon Cell Cortical Dysplasia\Balloon_Cell_Cortical_Dysplasia350.jpg,Balloon Cell Cortical Dysplasia
C:\Users\HishamMo\Desktop\999_cs\Quantum_Inpired_PSO_Classifcation\MRI_dataset\Balloon Cell Cortical Dysplasia\Balloon_Cell_Cortical_Dysplasia351.jpg,Balloon Cell Cortical Dysplasia
C:\Users\HishamMo\Desktop\999_cs\Quantum_Inpired_PSO_Classifcation\MRI_dataset\Balloon Cell Cortical Dysplasia\Balloon_Cell_Cortical_Dysplasia352.jpg,Balloon Cell Cortical Dysplasia
C:\Users\HishamMo\Desktop\999_cs\Quantum_Inpired_PSO_Classifcation\MRI_dataset\Balloon Cell Cortical Dysplasia\Balloon_Cell_Cortical_Dysplasia353.jpg,Balloon Cell Cortical Dysplasia
C:\Users\HishamMo\Desktop\999_cs\Quantum_Inpired_PSO_Classifcation\MRI_dataset\Balloon Cell Cortical Dysplasia\Balloon_Cell_Cortical_Dysplasia354.jpg,Balloon Cell Cortical Dysplasia
C:\Users\HishamMo\Desktop\999_cs\Quantum_Inpired_PSO_Classifcation\MRI_dataset\Balloon Cell Cortical Dysplasia\Balloon_Cell_Cortical_Dysplasia355.jpg,Balloon Cell Cortical Dysplasia
C:\Users\HishamMo\Desktop\999_cs\Quantum_Inpired_PSO_Classifcation\MRI_dataset\Balloon Cell Cortical Dysplasia\Balloon_Cell_Cortical_Dysplasia356.jpg,Balloon Cell Cortical Dysplasia
C:\Users\HishamMo\Desktop\999_cs\Quantum_Inpired_PSO_Classifcation\MRI_dataset\Balloon Cell Cortical Dysplasia\Balloon_Cell_Cortical_Dysplasia357.jpg,Balloon Cell Cortical Dysplasia
C:\Users\HishamMo\Desktop\999_cs\Quantum_Inpired_PSO_Classifcation\MRI_dataset\Balloon Cell Cortical Dysplasia\Balloon_Cell_Cortical_Dysplasia358.jpg,Balloon Cell Cortical Dysplasia
C:\Users\HishamMo\Desktop\999_cs\Quantum_Inpired_PSO_Classifcation\MRI_dataset\Balloon Cell Cortical Dysplasia\Balloon_Cell_Cortical_Dysplasia359.jpg,Balloon Cell Cortical Dysplasia
C:\Users\HishamMo\Desktop\999_cs\Quantum_Inpired_PSO_Classifcation\MRI_dataset\Balloon Cell Cortical Dysplasia\Balloon_Cell_Cortical_Dysplasia360.jpg,Balloon Cell Cortical Dysplasia
C:\Users\HishamMo\Desktop\999_cs\Quantum_Inpired_PSO_Classifcation\MRI_dataset\Balloon Cell Cortical Dysplasia\Balloon_Cell_Cortical_Dysplasia361.jpg,Balloon Cell Cortical Dysplasia
C:\Users\HishamMo\Desktop\999_cs\Quantum_Inpired_PSO_Classifcation\MRI_dataset\Balloon Cell Cortical Dysplasia\Balloon_Cell_Cortical_Dysplasia362.jpg,Balloon Cell Cortical Dysplasia
C:\Users\HishamMo\Desktop\999_cs\Quantum_Inpired_PSO_Classifcation\MRI_dataset\Balloon Cell Cortical Dysplasia\Balloon_Cell_Cortical_Dysplasia363.jpg,Balloon Cell Cortical Dysplasia
C:\Users\HishamMo\Desktop\999_cs\Quantum_Inpired_PSO_Classifcation\MRI_dataset\Balloon Cell Cortical Dysplasia\Balloon_Cell_Cortical_Dysplasia364.jpg,Balloon Cell Cortical Dysplasia
C:\Users\HishamMo\Desktop\999_cs\Quantum_Inpired_PSO_Classifcation\MRI_dataset\Balloon Cell Cortical Dysplasia\Balloon_Cell_Cortical_Dysplasia365.jpg,Balloon Cell Cortical Dysplasia
C:\Users\HishamMo\Desktop\999_cs\Quantum_Inpired_PSO_Classifcation\MRI_dataset\Balloon Cell Cortical Dysplasia\Balloon_Cell_Cortical_Dysplasia366.jpg,Balloon Cell Cortical Dysplasia
C:\Users\HishamMo\Desktop\999_cs\Quantum_Inpired_PSO_Classifcation\MRI_dataset\Balloon Cell Cortical Dysplasia\Balloon_Cell_Cortical_Dysplasia367.jpg,Balloon Cell Cortical Dysplasia
C:\Users\HishamMo\Desktop\999_cs\Quantum_Inpired_PSO_Classifcation\MRI_dataset\Balloon Cell Cortical Dysplasia\Balloon_Cell_Cortical_Dysplasia368.jpg,Balloon Cell Cortical Dysplasia
C:\Users\HishamMo\Desktop\999_cs\Quantum_Inpired_PSO_Classifcation\MRI_dataset\Balloon Cell Cortical Dysplasia\Balloon_Cell_Cortical_Dysplasia369.jpg,Balloon Cell Cortical Dysplasia
C:\Users\HishamMo\Desktop\999_cs\Quantum_Inpired_PSO_Classifcation\MRI_dataset\Balloon Cell Cortical Dysplasia\Balloon_Cell_Cortical_Dysplasia370.jpg,Balloon Cell Cortical Dysplasia
C:\Users\HishamMo\Desktop\999_cs\Quantum_Inpired_PSO_Classifcation\MRI_dataset\Balloon Cell Cortical Dysplasia\Balloon_Cell_Cortical_Dysplasia371.jpg,Balloon Cell Cortical Dysplasia
C:\Users\HishamMo\Desktop\999_cs\Quantum_Inpired_PSO_Classifcation\MRI_dataset\Balloon Cell Cortical Dysplasia\Balloon_Cell_Cortical_Dysplasia372.jpg,Balloon Cell Cortical Dysplasia
C:\Users\HishamMo\Desktop\999_cs\Quantum_Inpired_PSO_Classifcation\MRI_dataset\Balloon Cell Cortical Dysplasia\Balloon_Cell_Cortical_Dysplasia373.jpg,Balloon Cell Cortical Dysplasia
C:\Users\HishamMo\Desktop\999_cs\Quantum_Inpired_PSO_Classifcation\MRI_dataset\Balloon Cell Cortical Dysplasia\Balloon_Cell_Cortical_Dysplasia374.jpg,Balloon Cell Cortical Dysplasia
C:\Users\HishamMo\Desktop\999_cs\Quantum_Inpired_PSO_Classifcation\MRI_dataset\Balloon Cell Cortical Dysplasia\Balloon_Cell_Cortical_Dysplasia375.jpg,Balloon Cell Cortical Dysplasia
C:\Users\HishamMo\Desktop\999_cs\Quantum_Inpired_PSO_Classifcation\MRI_dataset\Balloon Cell Cortical Dysplasia\Balloon_Cell_Cortical_Dysplasia376.jpg,Balloon Cell Cortical Dysplasia
C:\Users\HishamMo\Desktop\999_cs\Quantum_Inpired_PSO_Classifcation\MRI_dataset\Balloon Cell Cortical Dysplasia\Balloon_Cell_Cortical_Dysplasia377.jpg,Balloon Cell Cortical Dysplasia
C:\Users\HishamMo\Desktop\999_cs\Quantum_Inpired_PSO_Classifcation\MRI_dataset\Balloon Cell Cortical Dysplasia\Balloon_Cell_Cortical_Dysplasia378.jpg,Balloon Cell Cortical Dysplasia
C:\Users\HishamMo\Desktop\999_cs\Quantum_Inpired_PSO_Classifcation\MRI_dataset\Balloon Cell Cortical Dysplasia\Balloon_Cell_Cortical_Dysplasia379.jpg,Balloon Cell Cortical Dysplasia
C:\Users\HishamMo\Desktop\999_cs\Quantum_Inpired_PSO_Classifcation\MRI_dataset\Balloon Cell Cortical Dysplasia\Balloon_Cell_Cortical_Dysplasia380.jpg,Balloon Cell Cortical Dysplasia
C:\Users\HishamMo\Desktop\999_cs\Quantum_Inpired_PSO_Classifcation\MRI_dataset\Balloon Cell Cortical Dysplasia\Balloon_Cell_Cortical_Dysplasia381.jpg,Balloon Cell Cortical Dysplasia
C:\Users\HishamMo\Desktop\999_cs\Quantum_Inpired_PSO_Classifcation\MRI_dataset\Balloon Cell Cortical Dysplasia\Balloon_Cell_Cortical_Dysplasia382.jpg,Balloon Cell Cortical Dysplasia
C:\Users\HishamMo\Desktop\999_cs\Quantum_Inpired_PSO_Classifcation\MRI_dataset\Balloon Cell Cortical Dysplasia\Balloon_Cell_Cortical_Dysplasia383.jpg,Balloon Cell Cortical Dysplasia
C:\Users\HishamMo\Desktop\999_cs\Quantum_Inpired_PSO_Classifcation\MRI_dataset\Balloon Cell Cortical Dysplasia\Balloon_Cell_Cortical_Dysplasia384.jpg,Balloon Cell Cortical Dysplasia
C:\Users\HishamMo\Desktop\999_cs\Quantum_Inpired_PSO_Classifcation\MRI_dataset\Balloon Cell Cortical Dysplasia\Balloon_Cell_Cortical_Dysplasia385.jpg,Balloon Cell Cortical Dysplasia
C:\Users\HishamMo\Desktop\999_cs\Quantum_Inpired_PSO_Classifcation\MRI_dataset\Balloon Cell Cortical Dysplasia\Balloon_Cell_Cortical_Dysplasia386.jpg,Balloon Cell Cortical Dysplasia
C:\Users\HishamMo\Desktop\999_cs\Quantum_Inpired_PSO_Classifcation\MRI_dataset\Balloon Cell Cortical Dysplasia\Balloon_Cell_Cortical_Dysplasia387.jpg,Balloon Cell Cortical Dysplasia
C:\Users\HishamMo\Desktop\999_cs\Quantum_Inpired_PSO_Classifcation\MRI_dataset\Balloon Cell Cortical Dysplasia\Balloon_Cell_Cortical_Dysplasia388.jpg,Balloon Cell Cortical Dysplasia
C:\Users\HishamMo\Desktop\999_cs\Quantum_Inpired_PSO_Classifcation\MRI_dataset\Balloon Cell Cortical Dysplasia\Balloon_Cell_Cortical_Dysplasia389.jpg,Balloon Cell Cortical Dysplasia
C:\Users\HishamMo\Desktop\999_cs\Quantum_Inpired_PSO_Classifcation\MRI_dataset\Balloon Cell Cortical Dysplasia\Balloon_Cell_Cortical_Dysplasia390.jpg,Balloon Cell Cortical Dysplasia
C:\Users\HishamMo\Desktop\999_cs\Quantum_Inpired_PSO_Classifcation\MRI_dataset\Balloon Cell Cortical Dysplasia\Balloon_Cell_Cortical_Dysplasia391.jpg,Balloon Cell Cortical Dysplasia
C:\Users\HishamMo\Desktop\999_cs\Quantum_Inpired_PSO_Classifcation\MRI_dataset\Balloon Cell Cortical Dysplasia\Balloon_Cell_Cortical_Dysplasia392.jpg,Balloon Cell Cortical Dysplasia
C:\Users\HishamMo\Desktop\999_cs\Quantum_Inpired_PSO_Classifcation\MRI_dataset\Balloon Cell Cortical Dysplasia\Balloon_Cell_Cortical_Dysplasia393.jpg,Balloon Cell Cortical Dysplasia
C:\Users\HishamMo\Desktop\999_cs\Quantum_Inpired_PSO_Classifcation\MRI_dataset\Balloon Cell Cortical Dysplasia\Balloon_Cell_Cortical_Dysplasia394.jpg,Balloon Cell Cortical Dysplasia
C:\Users\HishamMo\Desktop\999_cs\Quantum_Inpired_PSO_Classifcation\MRI_dataset\Balloon Cell Cortical Dysplasia\Balloon_Cell_Cortical_Dysplasia395.jpg,Balloon Cell Cortical Dysplasia
C:\Users\HishamMo\Desktop\999_cs\Quantum_Inpired_PSO_Classifcation\MRI_dataset\Balloon Cell Cortical Dysplasia\Balloon_Cell_Cortical_Dysplasia396.jpg,Balloon Cell Cortical Dysplasia
C:\Users\HishamMo\Desktop\999_cs\Quantum_Inpired_PSO_Classifcation\MRI_dataset\Balloon Cell Cortical Dysplasia\Balloon_Cell_Cortical_Dysplasia397.jpg,Balloon Cell Cortical Dysplasia
C:\Users\HishamMo\Desktop\999_cs\Quantum_Inpired_PSO_Classifcation\MRI_dataset\Balloon Cell Cortical Dysplasia\Balloon_Cell_Cortical_Dysplasia398.jpg,Balloon Cell Cortical Dysplasia
C:\Users\HishamMo\Desktop\999_cs\Quantum_Inpired_PSO_Classifcation\MRI_dataset\Balloon Cell Cortical Dysplasia\Balloon_Cell_Cortical_Dysplasia399.jpg,Balloon Cell Cortical Dysplasia
C:\Users\HishamMo\Desktop\999_cs\Quantum_Inpired_PSO_Classifcation\MRI_dataset\Balloon Cell Cortical Dysplasia\Balloon_Cell_Cortical_Dysplasia400.jpg,Balloon Cell Cortical Dysplasia
C:\Users\HishamMo\Desktop\999_cs\Quantum_Inpired_PSO_Classifcation\MRI_dataset\Balloon Cell Cortical Dysplasia\Balloon_Cell_Cortical_Dysplasia401.jpg,Balloon Cell Cortical Dysplasia
C:\Users\HishamMo\Desktop\999_cs\Quantum_Inpired_PSO_Classifcation\MRI_dataset\Balloon Cell Cortical Dysplasia\Balloon_Cell_Cortical_Dysplasia402.jpg,Balloon Cell Cortical Dysplasia
C:\Users\HishamMo\Desktop\999_cs\Quantum_Inpired_PSO_Classifcation\MRI_dataset\Balloon Cell Cortical Dysplasia\Balloon_Cell_Cortical_Dysplasia403.jpg,Balloon Cell Cortical Dysplasia
C:\Users\HishamMo\Desktop\999_cs\Quantum_Inpired_PSO_Classifcation\MRI_dataset\Balloon Cell Cortical Dysplasia\Balloon_Cell_Cortical_Dysplasia404.jpg,Balloon Cell Cortical Dysplasia
C:\Users\HishamMo\Desktop\999_cs\Quantum_Inpired_PSO_Classifcation\MRI_dataset\Balloon Cell Cortical Dysplasia\Balloon_Cell_Cortical_Dysplasia405.jpg,Balloon Cell Cortical Dysplasia
C:\Users\HishamMo\Desktop\999_cs\Quantum_Inpired_PSO_Classifcation\MRI_dataset\Balloon Cell Cortical Dysplasia\Balloon_Cell_Cortical_Dysplasia406.jpg,Balloon Cell Cortical Dysplasia
C:\Users\HishamMo\Desktop\999_cs\Quantum_Inpired_PSO_Classifcation\MRI_dataset\Balloon Cell Cortical Dysplasia\Balloon_Cell_Cortical_Dysplasia407.jpg,Balloon Cell Cortical Dysplasia
C:\Users\HishamMo\Desktop\999_cs\Quantum_Inpired_PSO_Classifcation\MRI_dataset\Balloon Cell Cortical Dysplasia\Balloon_Cell_Cortical_Dysplasia408.jpg,Balloon Cell Cortical Dysplasia
C:\Users\HishamMo\Desktop\999_cs\Quantum_Inpired_PSO_Classifcation\MRI_dataset\Balloon Cell Cortical Dysplasia\Balloon_Cell_Cortical_Dysplasia409.jpg,Balloon Cell Cortical Dysplasia
C:\Users\HishamMo\Desktop\999_cs\Quantum_Inpired_PSO_Classifcation\MRI_dataset\Balloon Cell Cortical Dysplasia\Balloon_Cell_Cortical_Dysplasia410.jpg,Balloon Cell Cortical Dysplasia
C:\Users\HishamMo\Desktop\999_cs\Quantum_Inpired_PSO_Classifcation\MRI_dataset\Balloon Cell Cortical Dysplasia\Balloon_Cell_Cortical_Dysplasia411.jpg,Balloon Cell Cortical Dysplasia
C:\Users\HishamMo\Desktop\999_cs\Quantum_Inpired_PSO_Classifcation\MRI_dataset\Balloon Cell Cortical Dysplasia\Balloon_Cell_Cortical_Dysplasia412.jpg,Balloon Cell Cortical Dysplasia
C:\Users\HishamMo\Desktop\999_cs\Quantum_Inpired_PSO_Classifcation\MRI_dataset\Balloon Cell Cortical Dysplasia\Balloon_Cell_Cortical_Dysplasia413.jpg,Balloon Cell Cortical Dysplasia
C:\Users\HishamMo\Desktop\999_cs\Quantum_Inpired_PSO_Classifcation\MRI_dataset\Balloon Cell Cortical Dysplasia\Balloon_Cell_Cortical_Dysplasia414.jpg,Balloon Cell Cortical Dysplasia
C:\Users\HishamMo\Desktop\999_cs\Quantum_Inpired_PSO_Classifcation\MRI_dataset\Balloon Cell Cortical Dysplasia\Balloon_Cell_Cortical_Dysplasia415.jpg,Balloon Cell Cortical Dysplasia
C:\Users\HishamMo\Desktop\999_cs\Quantum_Inpired_PSO_Classifcation\MRI_dataset\Balloon Cell Cortical Dysplasia\Balloon_Cell_Cortical_Dysplasia416.jpg,Balloon Cell Cortical Dysplasia
C:\Users\HishamMo\Desktop\999_cs\Quantum_Inpired_PSO_Classifcation\MRI_dataset\Balloon Cell Cortical Dysplasia\Balloon_Cell_Cortical_Dysplasia417.jpg,Balloon Cell Cortical Dysplasia
C:\Users\HishamMo\Desktop\999_cs\Quantum_Inpired_PSO_Classifcation\MRI_dataset\Balloon Cell Cortical Dysplasia\Balloon_Cell_Cortical_Dysplasia418.jpg,Balloon Cell Cortical Dysplasia
C:\Users\HishamMo\Desktop\999_cs\Quantum_Inpired_PSO_Classifcation\MRI_dataset\Balloon Cell Cortical Dysplasia\Balloon_Cell_Cortical_Dysplasia419.jpg,Balloon Cell Cortical Dysplasia
C:\Users\HishamMo\Desktop\999_cs\Quantum_Inpired_PSO_Classifcation\MRI_dataset\Balloon Cell Cortical Dysplasia\Balloon_Cell_Cortical_Dysplasia420.jpg,Balloon Cell Cortical Dysplasia
C:\Users\HishamMo\Desktop\999_cs\Quantum_Inpired_PSO_Classifcation\MRI_dataset\Balloon Cell Cortical Dysplasia\Balloon_Cell_Cortical_Dysplasia421.jpg,Balloon Cell Cortical Dysplasia
C:\Users\HishamMo\Desktop\999_cs\Quantum_Inpired_PSO_Classifcation\MRI_dataset\Balloon Cell Cortical Dysplasia\Balloon_Cell_Cortical_Dysplasia422.jpg,Balloon Cell Cortical Dysplasia
C:\Users\HishamMo\Desktop\999_cs\Quantum_Inpired_PSO_Classifcation\MRI_dataset\Balloon Cell Cortical Dysplasia\Balloon_Cell_Cortical_Dysplasia423.jpg,Balloon Cell Cortical Dysplasia
C:\Users\HishamMo\Desktop\999_cs\Quantum_Inpired_PSO_Classifcation\MRI_dataset\Balloon Cell Cortical Dysplasia\Balloon_Cell_Cortical_Dysplasia424.jpg,Balloon Cell Cortical Dysplasia
C:\Users\HishamMo\Desktop\999_cs\Quantum_Inpired_PSO_Classifcation\MRI_dataset\Balloon Cell Cortical Dysplasia\Balloon_Cell_Cortical_Dysplasia425.jpg,Balloon Cell Cortical Dysplasia
C:\Users\HishamMo\Desktop\999_cs\Quantum_Inpired_PSO_Classifcation\MRI_dataset\Balloon Cell Cortical Dysplasia\Balloon_Cell_Cortical_Dysplasia426.jpg,Balloon Cell Cortical Dysplasia
C:\Users\HishamMo\Desktop\999_cs\Quantum_Inpired_PSO_Classifcation\MRI_dataset\Balloon Cell Cortical Dysplasia\Balloon_Cell_Cortical_Dysplasia427.jpg,Balloon Cell Cortical Dysplasia
C:\Users\HishamMo\Desktop\999_cs\Quantum_Inpired_PSO_Classifcation\MRI_dataset\Balloon Cell Cortical Dysplasia\Balloon_Cell_Cortical_Dysplasia428.jpg,Balloon Cell Cortical Dysplasia
C:\Users\HishamMo\Desktop\999_cs\Quantum_Inpired_PSO_Classifcation\MRI_dataset\Balloon Cell Cortical Dysplasia\Balloon_Cell_Cortical_Dysplasia429.jpg,Balloon Cell Cortical Dysplasia
C:\Users\HishamMo\Desktop\999_cs\Quantum_Inpired_PSO_Classifcation\MRI_dataset\Balloon Cell Cortical Dysplasia\Balloon_Cell_Cortical_Dysplasia430.jpg,Balloon Cell Cortical Dysplasia
C:\Users\HishamMo\Desktop\999_cs\Quantum_Inpired_PSO_Classifcation\MRI_dataset\Balloon Cell Cortical Dysplasia\Balloon_Cell_Cortical_Dysplasia431.jpg,Balloon Cell Cortical Dysplasia
C:\Users\HishamMo\Desktop\999_cs\Quantum_Inpired_PSO_Classifcation\MRI_dataset\Balloon Cell Cortical Dysplasia\Balloon_Cell_Cortical_Dysplasia432.jpg,Balloon Cell Cortical Dysplasia
C:\Users\HishamMo\Desktop\999_cs\Quantum_Inpired_PSO_Classifcation\MRI_dataset\Balloon Cell Cortical Dysplasia\Balloon_Cell_Cortical_Dysplasia433.jpg,Balloon Cell Cortical Dysplasia
C:\Users\HishamMo\Desktop\999_cs\Quantum_Inpired_PSO_Classifcation\MRI_dataset\Balloon Cell Cortical Dysplasia\Balloon_Cell_Cortical_Dysplasia434.jpg,Balloon Cell Cortical Dysplasia
C:\Users\HishamMo\Desktop\999_cs\Quantum_Inpired_PSO_Classifcation\MRI_dataset\Balloon Cell Cortical Dysplasia\Balloon_Cell_Cortical_Dysplasia435.jpg,Balloon Cell Cortical Dysplasia
C:\Users\HishamMo\Desktop\999_cs\Quantum_Inpired_PSO_Classifcation\MRI_dataset\Balloon Cell Cortical Dysplasia\Balloon_Cell_Cortical_Dysplasia436.jpg,Balloon Cell Cortical Dysplasia
C:\Users\HishamMo\Desktop\999_cs\Quantum_Inpired_PSO_Classifcation\MRI_dataset\Balloon Cell Cortical Dysplasia\Balloon_Cell_Cortical_Dysplasia437.jpg,Balloon Cell Cortical Dysplasia
C:\Users\HishamMo\Desktop\999_cs\Quantum_Inpired_PSO_Classifcation\MRI_dataset\Balloon Cell Cortical Dysplasia\Balloon_Cell_Cortical_Dysplasia438.jpg,Balloon Cell Cortical Dysplasia
C:\Users\HishamMo\Desktop\999_cs\Quantum_Inpired_PSO_Classifcation\MRI_dataset\Balloon Cell Cortical Dysplasia\Balloon_Cell_Cortical_Dysplasia439.jpg,Balloon Cell Cortical Dysplasia
C:\Users\HishamMo\Desktop\999_cs\Quantum_Inpired_PSO_Classifcation\MRI_dataset\Balloon Cell Cortical Dysplasia\Balloon_Cell_Cortical_Dysplasia440.jpg,Balloon Cell Cortical Dysplasia
C:\Users\HishamMo\Desktop\999_cs\Quantum_Inpired_PSO_Classifcation\MRI_dataset\Balloon Cell Cortical Dysplasia\Balloon_Cell_Cortical_Dysplasia441.jpg,Balloon Cell Cortical Dysplasia
C:\Users\HishamMo\Desktop\999_cs\Quantum_Inpired_PSO_Classifcation\MRI_dataset\Balloon Cell Cortical Dysplasia\Balloon_Cell_Cortical_Dysplasia442.jpg,Balloon Cell Cortical Dysplasia
C:\Users\HishamMo\Desktop\999_cs\Quantum_Inpired_PSO_Classifcation\MRI_dataset\Balloon Cell Cortical Dysplasia\Balloon_Cell_Cortical_Dysplasia443.jpg,Balloon Cell Cortical Dysplasia
C:\Users\HishamMo\Desktop\999_cs\Quantum_Inpired_PSO_Classifcation\MRI_dataset\Balloon Cell Cortical Dysplasia\Balloon_Cell_Cortical_Dysplasia444.jpg,Balloon Cell Cortical Dysplasia
C:\Users\HishamMo\Desktop\999_cs\Quantum_Inpired_PSO_Classifcation\MRI_dataset\Balloon Cell Cortical Dysplasia\Balloon_Cell_Cortical_Dysplasia445.jpg,Balloon Cell Cortical Dysplasia
C:\Users\HishamMo\Desktop\999_cs\Quantum_Inpired_PSO_Classifcation\MRI_dataset\Balloon Cell Cortical Dysplasia\Balloon_Cell_Cortical_Dysplasia446.jpg,Balloon Cell Cortical Dysplasia
C:\Users\HishamMo\Desktop\999_cs\Quantum_Inpired_PSO_Classifcation\MRI_dataset\Balloon Cell Cortical Dysplasia\Balloon_Cell_Cortical_Dysplasia447.jpg,Balloon Cell Cortical Dysplasia
C:\Users\HishamMo\Desktop\999_cs\Quantum_Inpired_PSO_Classifcation\MRI_dataset\Balloon Cell Cortical Dysplasia\Balloon_Cell_Cortical_Dysplasia448.jpg,Balloon Cell Cortical Dysplasia
C:\Users\HishamMo\Desktop\999_cs\Quantum_Inpired_PSO_Classifcation\MRI_dataset\Balloon Cell Cortical Dysplasia\Balloon_Cell_Cortical_Dysplasia449.jpg,Balloon Cell Cortical Dysplasia
C:\Users\HishamMo\Desktop\999_cs\Quantum_Inpired_PSO_Classifcation\MRI_dataset\Balloon Cell Cortical Dysplasia\Balloon_Cell_Cortical_Dysplasia450.jpg,Balloon Cell Cortical Dysplasia
C:\Users\HishamMo\Desktop\999_cs\Quantum_Inpired_PSO_Classifcation\MRI_dataset\Balloon Cell Cortical Dysplasia\Balloon_Cell_Cortical_Dysplasia451.jpg,Balloon Cell Cortical Dysplasia
C:\Users\HishamMo\Desktop\999_cs\Quantum_Inpired_PSO_Classifcation\MRI_dataset\Balloon Cell Cortical Dysplasia\Balloon_Cell_Cortical_Dysplasia452.jpg,Balloon Cell Cortical Dysplasia
C:\Users\HishamMo\Desktop\999_cs\Quantum_Inpired_PSO_Classifcation\MRI_dataset\Balloon Cell Cortical Dysplasia\Balloon_Cell_Cortical_Dysplasia453.jpg,Balloon Cell Cortical Dysplasia
C:\Users\HishamMo\Desktop\999_cs\Quantum_Inpired_PSO_Classifcation\MRI_dataset\Balloon Cell Cortical Dysplasia\Balloon_Cell_Cortical_Dysplasia454.jpg,Balloon Cell Cortical Dysplasia
C:\Users\HishamMo\Desktop\999_cs\Quantum_Inpired_PSO_Classifcation\MRI_dataset\Balloon Cell Cortical Dysplasia\Balloon_Cell_Cortical_Dysplasia455.jpg,Balloon Cell Cortical Dysplasia
C:\Users\HishamMo\Desktop\999_cs\Quantum_Inpired_PSO_Classifcation\MRI_dataset\Balloon Cell Cortical Dysplasia\Balloon_Cell_Cortical_Dysplasia456.jpg,Balloon Cell Cortical Dysplasia
C:\Users\HishamMo\Desktop\999_cs\Quantum_Inpired_PSO_Classifcation\MRI_dataset\Balloon Cell Cortical Dysplasia\Balloon_Cell_Cortical_Dysplasia457.jpg,Balloon Cell Cortical Dysplasia
C:\Users\HishamMo\Desktop\999_cs\Quantum_Inpired_PSO_Classifcation\MRI_dataset\Balloon Cell Cortical Dysplasia\Balloon_Cell_Cortical_Dysplasia458.jpg,Balloon Cell Cortical Dysplasia
C:\Users\HishamMo\Desktop\999_cs\Quantum_Inpired_PSO_Classifcation\MRI_dataset\Balloon Cell Cortical Dysplasia\Balloon_Cell_Cortical_Dysplasia459.jpg,Balloon Cell Cortical Dysplasia
C:\Users\HishamMo\Desktop\999_cs\Quantum_Inpired_PSO_Classifcation\MRI_dataset\Balloon Cell Cortical Dysplasia\Balloon_Cell_Cortical_Dysplasia460.jpg,Balloon Cell Cortical Dysplasia
C:\Users\HishamMo\Desktop\999_cs\Quantum_Inpired_PSO_Classifcation\MRI_dataset\Balloon Cell Cortical Dysplasia\Balloon_Cell_Cortical_Dysplasia461.jpg,Balloon Cell Cortical Dysplasia
C:\Users\HishamMo\Desktop\999_cs\Quantum_Inpired_PSO_Classifcation\MRI_dataset\Balloon Cell Cortical Dysplasia\Balloon_Cell_Cortical_Dysplasia462.jpg,Balloon Cell Cortical Dysplasia
C:\Users\HishamMo\Desktop\999_cs\Quantum_Inpired_PSO_Classifcation\MRI_dataset\Balloon Cell Cortical Dysplasia\Balloon_Cell_Cortical_Dysplasia463.jpg,Balloon Cell Cortical Dysplasia
C:\Users\HishamMo\Desktop\999_cs\Quantum_Inpired_PSO_Classifcation\MRI_dataset\Balloon Cell Cortical Dysplasia\Balloon_Cell_Cortical_Dysplasia464.jpg,Balloon Cell Cortical Dysplasia
C:\Users\HishamMo\Desktop\999_cs\Quantum_Inpired_PSO_Classifcation\MRI_dataset\Balloon Cell Cortical Dysplasia\Balloon_Cell_Cortical_Dysplasia465.jpg,Balloon Cell Cortical Dysplasia
C:\Users\HishamMo\Desktop\999_cs\Quantum_Inpired_PSO_Classifcation\MRI_dataset\Balloon Cell Cortical Dysplasia\Balloon_Cell_Cortical_Dysplasia466.jpg,Balloon Cell Cortical Dysplasia
C:\Users\HishamMo\Desktop\999_cs\Quantum_Inpired_PSO_Classifcation\MRI_dataset\Balloon Cell Cortical Dysplasia\Balloon_Cell_Cortical_Dysplasia467.jpg,Balloon Cell Cortical Dysplasia
C:\Users\HishamMo\Desktop\999_cs\Quantum_Inpired_PSO_Classifcation\MRI_dataset\Balloon Cell Cortical Dysplasia\Balloon_Cell_Cortical_Dysplasia468.jpg,Balloon Cell Cortical Dysplasia
C:\Users\HishamMo\Desktop\999_cs\Quantum_Inpired_PSO_Classifcation\MRI_dataset\Balloon Cell Cortical Dysplasia\Balloon_Cell_Cortical_Dysplasia469.jpg,Balloon Cell Cortical Dysplasia
C:\Users\HishamMo\Desktop\999_cs\Quantum_Inpired_PSO_Classifcation\MRI_dataset\Balloon Cell Cortical Dysplasia\Balloon_Cell_Cortical_Dysplasia470.jpg,Balloon Cell Cortical Dysplasia
C:\Users\HishamMo\Desktop\999_cs\Quantum_Inpired_PSO_Classifcation\MRI_dataset\Balloon Cell Cortical Dysplasia\Balloon_Cell_Cortical_Dysplasia471.jpg,Balloon Cell Cortical Dysplasia
C:\Users\HishamMo\Desktop\999_cs\Quantum_Inpired_PSO_Classifcation\MRI_dataset\Balloon Cell Cortical Dysplasia\Balloon_Cell_Cortical_Dysplasia472.jpg,Balloon Cell Cortical Dysplasia
C:\Users\HishamMo\Desktop\999_cs\Quantum_Inpired_PSO_Classifcation\MRI_dataset\Balloon Cell Cortical Dysplasia\Balloon_Cell_Cortical_Dysplasia473.jpg,Balloon Cell Cortical Dysplasia
C:\Users\HishamMo\Desktop\999_cs\Quantum_Inpired_PSO_Classifcation\MRI_dataset\Balloon Cell Cortical Dysplasia\Balloon_Cell_Cortical_Dysplasia474.jpg,Balloon Cell Cortical Dysplasia
C:\Users\HishamMo\Desktop\999_cs\Quantum_Inpired_PSO_Classifcation\MRI_dataset\Balloon Cell Cortical Dysplasia\Balloon_Cell_Cortical_Dysplasia475.jpg,Balloon Cell Cortical Dysplasia
C:\Users\HishamMo\Desktop\999_cs\Quantum_Inpired_PSO_Classifcation\MRI_dataset\Balloon Cell Cortical Dysplasia\Balloon_Cell_Cortical_Dysplasia476.jpg,Balloon Cell Cortical Dysplasia
C:\Users\HishamMo\Desktop\999_cs\Quantum_Inpired_PSO_Classifcation\MRI_dataset\Balloon Cell Cortical Dysplasia\Balloon_Cell_Cortical_Dysplasia477.jpg,Balloon Cell Cortical Dysplasia
C:\Users\HishamMo\Desktop\999_cs\Quantum_Inpired_PSO_Classifcation\MRI_dataset\Balloon Cell Cortical Dysplasia\Balloon_Cell_Cortical_Dysplasia478.jpg,Balloon Cell Cortical Dysplasia
C:\Users\HishamMo\Desktop\999_cs\Quantum_Inpired_PSO_Classifcation\MRI_dataset\Balloon Cell Cortical Dysplasia\Balloon_Cell_Cortical_Dysplasia479.jpg,Balloon Cell Cortical Dysplasia
C:\Users\HishamMo\Desktop\999_cs\Quantum_Inpired_PSO_Classifcation\MRI_dataset\Balloon Cell Cortical Dysplasia\Balloon_Cell_Cortical_Dysplasia480.jpg,Balloon Cell Cortical Dysplasia
C:\Users\HishamMo\Desktop\999_cs\Quantum_Inpired_PSO_Classifcation\MRI_dataset\Balloon Cell Cortical Dysplasia\Balloon_Cell_Cortical_Dysplasia481.jpg,Balloon Cell Cortical Dysplasia
C:\Users\HishamMo\Desktop\999_cs\Quantum_Inpired_PSO_Classifcation\MRI_dataset\Balloon Cell Cortical Dysplasia\Balloon_Cell_Cortical_Dysplasia482.jpg,Balloon Cell Cortical Dysplasia
C:\Users\HishamMo\Desktop\999_cs\Quantum_Inpired_PSO_Classifcation\MRI_dataset\Balloon Cell Cortical Dysplasia\Balloon_Cell_Cortical_Dysplasia483.jpg,Balloon Cell Cortical Dysplasia
C:\Users\HishamMo\Desktop\999_cs\Quantum_Inpired_PSO_Classifcation\MRI_dataset\Balloon Cell Cortical Dysplasia\Balloon_Cell_Cortical_Dysplasia484.jpg,Balloon Cell Cortical Dysplasia
C:\Users\HishamMo\Desktop\999_cs\Quantum_Inpired_PSO_Classifcation\MRI_dataset\Balloon Cell Cortical Dysplasia\Balloon_Cell_Cortical_Dysplasia485.jpg,Balloon Cell Cortical Dysplasia
C:\Users\HishamMo\Desktop\999_cs\Quantum_Inpired_PSO_Classifcation\MRI_dataset\Balloon Cell Cortical Dysplasia\Balloon_Cell_Cortical_Dysplasia486.jpg,Balloon Cell Cortical Dysplasia
C:\Users\HishamMo\Desktop\999_cs\Quantum_Inpired_PSO_Classifcation\MRI_dataset\Balloon Cell Cortical Dysplasia\Balloon_Cell_Cortical_Dysplasia487.jpg,Balloon Cell Cortical Dysplasia
C:\Users\HishamMo\Desktop\999_cs\Quantum_Inpired_PSO_Classifcation\MRI_dataset\Balloon Cell Cortical Dysplasia\Balloon_Cell_Cortical_Dysplasia488.jpg,Balloon Cell Cortical Dysplasia
C:\Users\HishamMo\Desktop\999_cs\Quantum_Inpired_PSO_Classifcation\MRI_dataset\Balloon Cell Cortical Dysplasia\Balloon_Cell_Cortical_Dysplasia489.jpg,Balloon Cell Cortical Dysplasia
C:\Users\HishamMo\Desktop\999_cs\Quantum_Inpired_PSO_Classifcation\MRI_dataset\Balloon Cell Cortical Dysplasia\Balloon_Cell_Cortical_Dysplasia490.jpg,Balloon Cell Cortical Dysplasia
C:\Users\HishamMo\Desktop\999_cs\Quantum_Inpired_PSO_Classifcation\MRI_dataset\Balloon Cell Cortical Dysplasia\Balloon_Cell_Cortical_Dysplasia491.jpg,Balloon Cell Cortical Dysplasia
C:\Users\HishamMo\Desktop\999_cs\Quantum_Inpired_PSO_Classifcation\MRI_dataset\Balloon Cell Cortical Dysplasia\Balloon_Cell_Cortical_Dysplasia492.jpg,Balloon Cell Cortical Dysplasia
C:\Users\HishamMo\Desktop\999_cs\Quantum_Inpired_PSO_Classifcation\MRI_dataset\Balloon Cell Cortical Dysplasia\Balloon_Cell_Cortical_Dysplasia493.jpg,Balloon Cell Cortical Dysplasia
C:\Users\HishamMo\Desktop\999_cs\Quantum_Inpired_PSO_Classifcation\MRI_dataset\Balloon Cell Cortical Dysplasia\Balloon_Cell_Cortical_Dysplasia494.jpg,Balloon Cell Cortical Dysplasia
C:\Users\HishamMo\Desktop\999_cs\Quantum_Inpired_PSO_Classifcation\MRI_dataset\Balloon Cell Cortical Dysplasia\Balloon_Cell_Cortical_Dysplasia495.jpg,Balloon Cell Cortical Dysplasia
C:\Users\HishamMo\Desktop\999_cs\Quantum_Inpired_PSO_Classifcation\MRI_dataset\Balloon Cell Cortical Dysplasia\Balloon_Cell_Cortical_Dysplasia496.jpg,Balloon Cell Cortical Dysplasia
C:\Users\HishamMo\Desktop\999_cs\Quantum_Inpired_PSO_Classifcation\MRI_dataset\Balloon Cell Cortical Dysplasia\Balloon_Cell_Cortical_Dysplasia497.jpg,Balloon Cell Cortical Dysplasia
C:\Users\HishamMo\Desktop\999_cs\Quantum_Inpired_PSO_Classifcation\MRI_dataset\Balloon Cell Cortical Dysplasia\Balloon_Cell_Cortical_Dysplasia498.jpg,Balloon Cell Cortical Dysplasia
C:\Users\HishamMo\Desktop\999_cs\Quantum_Inpired_PSO_Classifcation\MRI_dataset\Balloon Cell Cortical Dysplasia\Balloon_Cell_Cortical_Dysplasia499.jpg,Balloon Cell Cortical Dysplasia
C:\Users\HishamMo\Desktop\999_cs\Quantum_Inpired_PSO_Classifcation\MRI_dataset\Balloon Cell Cortical Dysplasia\Balloon_Cell_Cortical_Dysplasia500.jpg,Balloon Cell Cortical Dysplasia
C:\Users\HishamMo\Desktop\999_cs\Quantum_Inpired_PSO_Classifcation\MRI_dataset\Balloon Cell Cortical Dysplasia\Balloon_Cell_Cortical_Dysplasia501.jpg,Balloon Cell Cortical Dysplasia
C:\Users\HishamMo\Desktop\999_cs\Quantum_Inpired_PSO_Classifcation\MRI_dataset\Balloon Cell Cortical Dysplasia\Balloon_Cell_Cortical_Dysplasia502.jpg,Balloon Cell Cortical Dysplasia
C:\Users\HishamMo\Desktop\999_cs\Quantum_Inpired_PSO_Classifcation\MRI_dataset\Balloon Cell Cortical Dysplasia\Balloon_Cell_Cortical_Dysplasia503.jpg,Balloon Cell Cortical Dysplasia
C:\Users\HishamMo\Desktop\999_cs\Quantum_Inpired_PSO_Classifcation\MRI_dataset\Balloon Cell Cortical Dysplasia\Balloon_Cell_Cortical_Dysplasia504.jpg,Balloon Cell Cortical Dysplasia
C:\Users\HishamMo\Desktop\999_cs\Quantum_Inpired_PSO_Classifcation\MRI_dataset\Balloon Cell Cortical Dysplasia\Balloon_Cell_Cortical_Dysplasia505.jpg,Balloon Cell Cortical Dysplasia
C:\Users\HishamMo\Desktop\999_cs\Quantum_Inpired_PSO_Classifcation\MRI_dataset\Balloon Cell Cortical Dysplasia\Balloon_Cell_Cortical_Dysplasia506.jpg,Balloon Cell Cortical Dysplasia
C:\Users\HishamMo\Desktop\999_cs\Quantum_Inpired_PSO_Classifcation\MRI_dataset\Balloon Cell Cortical Dysplasia\Balloon_Cell_Cortical_Dysplasia507.jpg,Balloon Cell Cortical Dysplasia
C:\Users\HishamMo\Desktop\999_cs\Quantum_Inpired_PSO_Classifcation\MRI_dataset\Balloon Cell Cortical Dysplasia\Balloon_Cell_Cortical_Dysplasia508.jpg,Balloon Cell Cortical Dysplasia
C:\Users\HishamMo\Desktop\999_cs\Quantum_Inpired_PSO_Classifcation\MRI_dataset\Balloon Cell Cortical Dysplasia\Balloon_Cell_Cortical_Dysplasia509.jpg,Balloon Cell Cortical Dysplasia
C:\Users\HishamMo\Desktop\999_cs\Quantum_Inpired_PSO_Classifcation\MRI_dataset\Balloon Cell Cortical Dysplasia\Balloon_Cell_Cortical_Dysplasia510.jpg,Balloon Cell Cortical Dysplasia
C:\Users\HishamMo\Desktop\999_cs\Quantum_Inpired_PSO_Classifcation\MRI_dataset\Balloon Cell Cortical Dysplasia\Balloon_Cell_Cortical_Dysplasia511.jpg,Balloon Cell Cortical Dysplasia
C:\Users\HishamMo\Desktop\999_cs\Quantum_Inpired_PSO_Classifcation\MRI_dataset\Balloon Cell Cortical Dysplasia\Balloon_Cell_Cortical_Dysplasia512.jpg,Balloon Cell Cortical Dysplasia
C:\Users\HishamMo\Desktop\999_cs\Quantum_Inpired_PSO_Classifcation\MRI_dataset\Balloon Cell Cortical Dysplasia\Balloon_Cell_Cortical_Dysplasia513.jpg,Balloon Cell Cortical Dysplasia
C:\Users\HishamMo\Desktop\999_cs\Quantum_Inpired_PSO_Classifcation\MRI_dataset\Balloon Cell Cortical Dysplasia\Balloon_Cell_Cortical_Dysplasia514.jpg,Balloon Cell Cortical Dysplasia
C:\Users\HishamMo\Desktop\999_cs\Quantum_Inpired_PSO_Classifcation\MRI_dataset\Balloon Cell Cortical Dysplasia\Balloon_Cell_Cortical_Dysplasia515.jpg,Balloon Cell Cortical Dysplasia
C:\Users\HishamMo\Desktop\999_cs\Quantum_Inpired_PSO_Classifcation\MRI_dataset\Balloon Cell Cortical Dysplasia\Balloon_Cell_Cortical_Dysplasia516.jpg,Balloon Cell Cortical Dysplasia
C:\Users\HishamMo\Desktop\999_cs\Quantum_Inpired_PSO_Classifcation\MRI_dataset\Balloon Cell Cortical Dysplasia\Balloon_Cell_Cortical_Dysplasia517.jpg,Balloon Cell Cortical Dysplasia
C:\Users\HishamMo\Desktop\999_cs\Quantum_Inpired_PSO_Classifcation\MRI_dataset\Balloon Cell Cortical Dysplasia\Balloon_Cell_Cortical_Dysplasia518.jpg,Balloon Cell Cortical Dysplasia
C:\Users\HishamMo\Desktop\999_cs\Quantum_Inpired_PSO_Classifcation\MRI_dataset\Balloon Cell Cortical Dysplasia\Balloon_Cell_Cortical_Dysplasia519.jpg,Balloon Cell Cortical Dysplasia
C:\Users\HishamMo\Desktop\999_cs\Quantum_Inpired_PSO_Classifcation\MRI_dataset\Balloon Cell Cortical Dysplasia\Balloon_Cell_Cortical_Dysplasia520.jpg,Balloon Cell Cortical Dysplasia
C:\Users\HishamMo\Desktop\999_cs\Quantum_Inpired_PSO_Classifcation\MRI_dataset\Balloon Cell Cortical Dysplasia\Balloon_Cell_Cortical_Dysplasia521.jpg,Balloon Cell Cortical Dysplasia
C:\Users\HishamMo\Desktop\999_cs\Quantum_Inpired_PSO_Classifcation\MRI_dataset\Balloon Cell Cortical Dysplasia\Balloon_Cell_Cortical_Dysplasia522.jpg,Balloon Cell Cortical Dysplasia
C:\Users\HishamMo\Desktop\999_cs\Quantum_Inpired_PSO_Classifcation\MRI_dataset\Balloon Cell Cortical Dysplasia\Balloon_Cell_Cortical_Dysplasia523.jpg,Balloon Cell Cortical Dysplasia
C:\Users\HishamMo\Desktop\999_cs\Quantum_Inpired_PSO_Classifcation\MRI_dataset\Balloon Cell Cortical Dysplasia\Balloon_Cell_Cortical_Dysplasia524.jpg,Balloon Cell Cortical Dysplasia
C:\Users\HishamMo\Desktop\999_cs\Quantum_Inpired_PSO_Classifcation\MRI_dataset\Balloon Cell Cortical Dysplasia\Balloon_Cell_Cortical_Dysplasia525.jpg,Balloon Cell Cortical Dysplasia
C:\Users\HishamMo\Desktop\999_cs\Quantum_Inpired_PSO_Classifcation\MRI_dataset\Balloon Cell Cortical Dysplasia\Balloon_Cell_Cortical_Dysplasia526.jpg,Balloon Cell Cortical Dysplasia
C:\Users\HishamMo\Desktop\999_cs\Quantum_Inpired_PSO_Classifcation\MRI_dataset\Balloon Cell Cortical Dysplasia\Balloon_Cell_Cortical_Dysplasia527.jpg,Balloon Cell Cortical Dysplasia
C:\Users\HishamMo\Desktop\999_cs\Quantum_Inpired_PSO_Classifcation\MRI_dataset\Balloon Cell Cortical Dysplasia\Balloon_Cell_Cortical_Dysplasia528.jpg,Balloon Cell Cortical Dysplasia
C:\Users\HishamMo\Desktop\999_cs\Quantum_Inpired_PSO_Classifcation\MRI_dataset\Balloon Cell Cortical Dysplasia\Balloon_Cell_Cortical_Dysplasia529.jpg,Balloon Cell Cortical Dysplasia
C:\Users\HishamMo\Desktop\999_cs\Quantum_Inpired_PSO_Classifcation\MRI_dataset\Balloon Cell Cortical Dysplasia\Balloon_Cell_Cortical_Dysplasia530.jpg,Balloon Cell Cortical Dysplasia
C:\Users\HishamMo\Desktop\999_cs\Quantum_Inpired_PSO_Classifcation\MRI_dataset\Balloon Cell Cortical Dysplasia\Balloon_Cell_Cortical_Dysplasia531.jpg,Balloon Cell Cortical Dysplasia
C:\Users\HishamMo\Desktop\999_cs\Quantum_Inpired_PSO_Classifcation\MRI_dataset\Balloon Cell Cortical Dysplasia\Balloon_Cell_Cortical_Dysplasia532.jpg,Balloon Cell Cortical Dysplasia
C:\Users\HishamMo\Desktop\999_cs\Quantum_Inpired_PSO_Classifcation\MRI_dataset\Balloon Cell Cortical Dysplasia\Balloon_Cell_Cortical_Dysplasia533.jpg,Balloon Cell Cortical Dysplasia
C:\Users\HishamMo\Desktop\999_cs\Quantum_Inpired_PSO_Classifcation\MRI_dataset\Balloon Cell Cortical Dysplasia\Balloon_Cell_Cortical_Dysplasia534.jpg,Balloon Cell Cortical Dysplasia
C:\Users\HishamMo\Desktop\999_cs\Quantum_Inpired_PSO_Classifcation\MRI_dataset\Balloon Cell Cortical Dysplasia\Balloon_Cell_Cortical_Dysplasia535.jpg,Balloon Cell Cortical Dysplasia
C:\Users\HishamMo\Desktop\999_cs\Quantum_Inpired_PSO_Classifcation\MRI_dataset\Balloon Cell Cortical Dysplasia\Balloon_Cell_Cortical_Dysplasia536.jpg,Balloon Cell Cortical Dysplasia
C:\Users\HishamMo\Desktop\999_cs\Quantum_Inpired_PSO_Classifcation\MRI_dataset\Balloon Cell Cortical Dysplasia\Balloon_Cell_Cortical_Dysplasia537.jpg,Balloon Cell Cortical Dysplasia
C:\Users\HishamMo\Desktop\999_cs\Quantum_Inpired_PSO_Classifcation\MRI_dataset\Balloon Cell Cortical Dysplasia\Balloon_Cell_Cortical_Dysplasia538.jpg,Balloon Cell Cortical Dysplasia
C:\Users\HishamMo\Desktop\999_cs\Quantum_Inpired_PSO_Classifcation\MRI_dataset\Balloon Cell Cortical Dysplasia\Balloon_Cell_Cortical_Dysplasia539.jpg,Balloon Cell Cortical Dysplasia
C:\Users\HishamMo\Desktop\999_cs\Quantum_Inpired_PSO_Classifcation\MRI_dataset\Balloon Cell Cortical Dysplasia\Balloon_Cell_Cortical_Dysplasia540.jpg,Balloon Cell Cortical Dysplasia
C:\Users\HishamMo\Desktop\999_cs\Quantum_Inpired_PSO_Classifcation\MRI_dataset\Balloon Cell Cortical Dysplasia\Balloon_Cell_Cortical_Dysplasia541.jpg,Balloon Cell Cortical Dysplasia
C:\Users\HishamMo\Desktop\999_cs\Quantum_Inpired_PSO_Classifcation\MRI_dataset\Balloon Cell Cortical Dysplasia\Balloon_Cell_Cortical_Dysplasia542.jpg,Balloon Cell Cortical Dysplasia
C:\Users\HishamMo\Desktop\999_cs\Quantum_Inpired_PSO_Classifcation\MRI_dataset\Balloon Cell Cortical Dysplasia\Balloon_Cell_Cortical_Dysplasia543.jpg,Balloon Cell Cortical Dysplasia
C:\Users\HishamMo\Desktop\999_cs\Quantum_Inpired_PSO_Classifcation\MRI_dataset\Balloon Cell Cortical Dysplasia\Balloon_Cell_Cortical_Dysplasia544.jpg,Balloon Cell Cortical Dysplasia
C:\Users\HishamMo\Desktop\999_cs\Quantum_Inpired_PSO_Classifcation\MRI_dataset\Balloon Cell Cortical Dysplasia\Balloon_Cell_Cortical_Dysplasia545.jpg,Balloon Cell Cortical Dysplasia
C:\Users\HishamMo\Desktop\999_cs\Quantum_Inpired_PSO_Classifcation\MRI_dataset\Balloon Cell Cortical Dysplasia\Balloon_Cell_Cortical_Dysplasia546.jpg,Balloon Cell Cortical Dysplasia
C:\Users\HishamMo\Desktop\999_cs\Quantum_Inpired_PSO_Classifcation\MRI_dataset\Balloon Cell Cortical Dysplasia\Balloon_Cell_Cortical_Dysplasia547.jpg,Balloon Cell Cortical Dysplasia
C:\Users\HishamMo\Desktop\999_cs\Quantum_Inpired_PSO_Classifcation\MRI_dataset\Balloon Cell Cortical Dysplasia\Balloon_Cell_Cortical_Dysplasia548.jpg,Balloon Cell Cortical Dysplasia
C:\Users\HishamMo\Desktop\999_cs\Quantum_Inpired_PSO_Classifcation\MRI_dataset\Balloon Cell Cortical Dysplasia\Balloon_Cell_Cortical_Dysplasia549.jpg,Balloon Cell Cortical Dysplasia
C:\Users\HishamMo\Desktop\999_cs\Quantum_Inpired_PSO_Classifcation\MRI_dataset\Balloon Cell Cortical Dysplasia\Balloon_Cell_Cortical_Dysplasia550.jpg,Balloon Cell Cortical Dysplasia
C:\Users\HishamMo\Desktop\999_cs\Quantum_Inpired_PSO_Classifcation\MRI_dataset\Balloon Cell Cortical Dysplasia\Balloon_Cell_Cortical_Dysplasia551.jpg,Balloon Cell Cortical Dysplasia
C:\Users\HishamMo\Desktop\999_cs\Quantum_Inpired_PSO_Classifcation\MRI_dataset\Balloon Cell Cortical Dysplasia\Balloon_Cell_Cortical_Dysplasia552.jpg,Balloon Cell Cortical Dysplasia
C:\Users\HishamMo\Desktop\999_cs\Quantum_Inpired_PSO_Classifcation\MRI_dataset\Balloon Cell Cortical Dysplasia\Balloon_Cell_Cortical_Dysplasia553.jpg,Balloon Cell Cortical Dysplasia
C:\Users\HishamMo\Desktop\999_cs\Quantum_Inpired_PSO_Classifcation\MRI_dataset\Balloon Cell Cortical Dysplasia\Balloon_Cell_Cortical_Dysplasia554.jpg,Balloon Cell Cortical Dysplasia
C:\Users\HishamMo\Desktop\999_cs\Quantum_Inpired_PSO_Classifcation\MRI_dataset\Balloon Cell Cortical Dysplasia\Balloon_Cell_Cortical_Dysplasia555.jpg,Balloon Cell Cortical Dysplasia
C:\Users\HishamMo\Desktop\999_cs\Quantum_Inpired_PSO_Classifcation\MRI_dataset\Balloon Cell Cortical Dysplasia\Balloon_Cell_Cortical_Dysplasia556.jpg,Balloon Cell Cortical Dysplasia
C:\Users\HishamMo\Desktop\999_cs\Quantum_Inpired_PSO_Classifcation\MRI_dataset\Balloon Cell Cortical Dysplasia\Balloon_Cell_Cortical_Dysplasia557.jpg,Balloon Cell Cortical Dysplasia
C:\Users\HishamMo\Desktop\999_cs\Quantum_Inpired_PSO_Classifcation\MRI_dataset\Balloon Cell Cortical Dysplasia\Balloon_Cell_Cortical_Dysplasia558.jpg,Balloon Cell Cortical Dysplasia
C:\Users\HishamMo\Desktop\999_cs\Quantum_Inpired_PSO_Classifcation\MRI_dataset\Balloon Cell Cortical Dysplasia\Balloon_Cell_Cortical_Dysplasia559.jpg,Balloon Cell Cortical Dysplasia
C:\Users\HishamMo\Desktop\999_cs\Quantum_Inpired_PSO_Classifcation\MRI_dataset\Balloon Cell Cortical Dysplasia\Balloon_Cell_Cortical_Dysplasia560.jpg,Balloon Cell Cortical Dysplasia
C:\Users\HishamMo\Desktop\999_cs\Quantum_Inpired_PSO_Classifcation\MRI_dataset\Balloon Cell Cortical Dysplasia\Balloon_Cell_Cortical_Dysplasia561.jpg,Balloon Cell Cortical Dysplasia
C:\Users\HishamMo\Desktop\999_cs\Quantum_Inpired_PSO_Classifcation\MRI_dataset\Balloon Cell Cortical Dysplasia\Balloon_Cell_Cortical_Dysplasia562.jpg,Balloon Cell Cortical Dysplasia
C:\Users\HishamMo\Desktop\999_cs\Quantum_Inpired_PSO_Classifcation\MRI_dataset\Balloon Cell Cortical Dysplasia\Balloon_Cell_Cortical_Dysplasia563.jpg,Balloon Cell Cortical Dysplasia
C:\Users\HishamMo\Desktop\999_cs\Quantum_Inpired_PSO_Classifcation\MRI_dataset\Balloon Cell Cortical Dysplasia\Balloon_Cell_Cortical_Dysplasia564.jpg,Balloon Cell Cortical Dysplasia
C:\Users\HishamMo\Desktop\999_cs\Quantum_Inpired_PSO_Classifcation\MRI_dataset\Balloon Cell Cortical Dysplasia\Balloon_Cell_Cortical_Dysplasia565.jpg,Balloon Cell Cortical Dysplasia
C:\Users\HishamMo\Desktop\999_cs\Quantum_Inpired_PSO_Classifcation\MRI_dataset\Balloon Cell Cortical Dysplasia\Balloon_Cell_Cortical_Dysplasia566.jpg,Balloon Cell Cortical Dysplasia
C:\Users\HishamMo\Desktop\999_cs\Quantum_Inpired_PSO_Classifcation\MRI_dataset\Balloon Cell Cortical Dysplasia\Balloon_Cell_Cortical_Dysplasia567.jpg,Balloon Cell Cortical Dysplasia
C:\Users\HishamMo\Desktop\999_cs\Quantum_Inpired_PSO_Classifcation\MRI_dataset\Balloon Cell Cortical Dysplasia\Balloon_Cell_Cortical_Dysplasia568.jpg,Balloon Cell Cortical Dysplasia
C:\Users\HishamMo\Desktop\999_cs\Quantum_Inpired_PSO_Classifcation\MRI_dataset\Balloon Cell Cortical Dysplasia\Balloon_Cell_Cortical_Dysplasia569.jpg,Balloon Cell Cortical Dysplasia
C:\Users\HishamMo\Desktop\999_cs\Quantum_Inpired_PSO_Classifcation\MRI_dataset\Balloon Cell Cortical Dysplasia\Balloon_Cell_Cortical_Dysplasia570.jpg,Balloon Cell Cortical Dysplasia
C:\Users\HishamMo\Desktop\999_cs\Quantum_Inpired_PSO_Classifcation\MRI_dataset\Balloon Cell Cortical Dysplasia\Balloon_Cell_Cortical_Dysplasia571.jpg,Balloon Cell Cortical Dysplasia
C:\Users\HishamMo\Desktop\999_cs\Quantum_Inpired_PSO_Classifcation\MRI_dataset\Balloon Cell Cortical Dysplasia\Balloon_Cell_Cortical_Dysplasia572.jpg,Balloon Cell Cortical Dysplasia
C:\Users\HishamMo\Desktop\999_cs\Quantum_Inpired_PSO_Classifcation\MRI_dataset\Balloon Cell Cortical Dysplasia\Balloon_Cell_Cortical_Dysplasia573.jpg,Balloon Cell Cortical Dysplasia
C:\Users\HishamMo\Desktop\999_cs\Quantum_Inpired_PSO_Classifcation\MRI_dataset\Balloon Cell Cortical Dysplasia\Balloon_Cell_Cortical_Dysplasia574.jpg,Balloon Cell Cortical Dysplasia
C:\Users\HishamMo\Desktop\999_cs\Quantum_Inpired_PSO_Classifcation\MRI_dataset\Balloon Cell Cortical Dysplasia\Balloon_Cell_Cortical_Dysplasia575.jpg,Balloon Cell Cortical Dysplasia
C:\Users\HishamMo\Desktop\999_cs\Quantum_Inpired_PSO_Classifcation\MRI_dataset\Balloon Cell Cortical Dysplasia\Balloon_Cell_Cortical_Dysplasia576.jpg,Balloon Cell Cortical Dysplasia
C:\Users\HishamMo\Desktop\999_cs\Quantum_Inpired_PSO_Classifcation\MRI_dataset\Balloon Cell Cortical Dysplasia\Balloon_Cell_Cortical_Dysplasia577.jpg,Balloon Cell Cortical Dysplasia
C:\Users\HishamMo\Desktop\999_cs\Quantum_Inpired_PSO_Classifcation\MRI_dataset\Balloon Cell Cortical Dysplasia\Balloon_Cell_Cortical_Dysplasia578.jpg,Balloon Cell Cortical Dysplasia
C:\Users\HishamMo\Desktop\999_cs\Quantum_Inpired_PSO_Classifcation\MRI_dataset\Balloon Cell Cortical Dysplasia\Balloon_Cell_Cortical_Dysplasia579.jpg,Balloon Cell Cortical Dysplasia
C:\Users\HishamMo\Desktop\999_cs\Quantum_Inpired_PSO_Classifcation\MRI_dataset\Balloon Cell Cortical Dysplasia\Balloon_Cell_Cortical_Dysplasia580.jpg,Balloon Cell Cortical Dysplasia
C:\Users\HishamMo\Desktop\999_cs\Quantum_Inpired_PSO_Classifcation\MRI_dataset\Balloon Cell Cortical Dysplasia\Balloon_Cell_Cortical_Dysplasia581.jpg,Balloon Cell Cortical Dysplasia
C:\Users\HishamMo\Desktop\999_cs\Quantum_Inpired_PSO_Classifcation\MRI_dataset\Balloon Cell Cortical Dysplasia\Balloon_Cell_Cortical_Dysplasia582.jpg,Balloon Cell Cortical Dysplasia
C:\Users\HishamMo\Desktop\999_cs\Quantum_Inpired_PSO_Classifcation\MRI_dataset\Balloon Cell Cortical Dysplasia\Balloon_Cell_Cortical_Dysplasia583.jpg,Balloon Cell Cortical Dysplasia
C:\Users\HishamMo\Desktop\999_cs\Quantum_Inpired_PSO_Classifcation\MRI_dataset\Balloon Cell Cortical Dysplasia\Balloon_Cell_Cortical_Dysplasia584.jpg,Balloon Cell Cortical Dysplasia
C:\Users\HishamMo\Desktop\999_cs\Quantum_Inpired_PSO_Classifcation\MRI_dataset\Balloon Cell Cortical Dysplasia\Balloon_Cell_Cortical_Dysplasia585.jpg,Balloon Cell Cortical Dysplasia
C:\Users\HishamMo\Desktop\999_cs\Quantum_Inpired_PSO_Classifcation\MRI_dataset\Balloon Cell Cortical Dysplasia\Balloon_Cell_Cortical_Dysplasia586.jpg,Balloon Cell Cortical Dysplasia
C:\Users\HishamMo\Desktop\999_cs\Quantum_Inpired_PSO_Classifcation\MRI_dataset\Balloon Cell Cortical Dysplasia\Balloon_Cell_Cortical_Dysplasia587.jpg,Balloon Cell Cortical Dysplasia
C:\Users\HishamMo\Desktop\999_cs\Quantum_Inpired_PSO_Classifcation\MRI_dataset\Balloon Cell Cortical Dysplasia\Balloon_Cell_Cortical_Dysplasia588.jpg,Balloon Cell Cortical Dysplasia
C:\Users\HishamMo\Desktop\999_cs\Quantum_Inpired_PSO_Classifcation\MRI_dataset\Balloon Cell Cortical Dysplasia\Balloon_Cell_Cortical_Dysplasia589.jpg,Balloon Cell Cortical Dysplasia
C:\Users\HishamMo\Desktop\999_cs\Quantum_Inpired_PSO_Classifcation\MRI_dataset\Balloon Cell Cortical Dysplasia\Balloon_Cell_Cortical_Dysplasia590.jpg,Balloon Cell Cortical Dysplasia
C:\Users\HishamMo\Desktop\999_cs\Quantum_Inpired_PSO_Classifcation\MRI_dataset\Balloon Cell Cortical Dysplasia\Balloon_Cell_Cortical_Dysplasia591.jpg,Balloon Cell Cortical Dysplasia
C:\Users\HishamMo\Desktop\999_cs\Quantum_Inpired_PSO_Classifcation\MRI_dataset\Balloon Cell Cortical Dysplasia\Balloon_Cell_Cortical_Dysplasia592.jpg,Balloon Cell Cortical Dysplasia
C:\Users\HishamMo\Desktop\999_cs\Quantum_Inpired_PSO_Classifcation\MRI_dataset\Balloon Cell Cortical Dysplasia\Balloon_Cell_Cortical_Dysplasia593.jpg,Balloon Cell Cortical Dysplasia
C:\Users\HishamMo\Desktop\999_cs\Quantum_Inpired_PSO_Classifcation\MRI_dataset\Balloon Cell Cortical Dysplasia\Balloon_Cell_Cortical_Dysplasia594.jpg,Balloon Cell Cortical Dysplasia
C:\Users\HishamMo\Desktop\999_cs\Quantum_Inpired_PSO_Classifcation\MRI_dataset\Balloon Cell Cortical Dysplasia\Balloon_Cell_Cortical_Dysplasia595.jpg,Balloon Cell Cortical Dysplasia
C:\Users\HishamMo\Desktop\999_cs\Quantum_Inpired_PSO_Classifcation\MRI_dataset\Balloon Cell Cortical Dysplasia\Balloon_Cell_Cortical_Dysplasia596.jpg,Balloon Cell Cortical Dysplasia
C:\Users\HishamMo\Desktop\999_cs\Quantum_Inpired_PSO_Classifcation\MRI_dataset\Balloon Cell Cortical Dysplasia\Balloon_Cell_Cortical_Dysplasia597.jpg,Balloon Cell Cortical Dysplasia
C:\Users\HishamMo\Desktop\999_cs\Quantum_Inpired_PSO_Classifcation\MRI_dataset\Balloon Cell Cortical Dysplasia\Balloon_Cell_Cortical_Dysplasia598.jpg,Balloon Cell Cortical Dysplasia
C:\Users\HishamMo\Desktop\999_cs\Quantum_Inpired_PSO_Classifcation\MRI_dataset\Balloon Cell Cortical Dysplasia\Balloon_Cell_Cortical_Dysplasia599.jpg,Balloon Cell Cortical Dysplasia
C:\Users\HishamMo\Desktop\999_cs\Quantum_Inpired_PSO_Classifcation\MRI_dataset\Balloon Cell Cortical Dysplasia\Balloon_Cell_Cortical_Dysplasia600.jpg,Balloon Cell Cortical Dysplasia
C:\Users\HishamMo\Desktop\999_cs\Quantum_Inpired_PSO_Classifcation\MRI_dataset\Balloon Cell Cortical Dysplasia\Balloon_Cell_Cortical_Dysplasia601.jpg,Balloon Cell Cortical Dysplasia
C:\Users\HishamMo\Desktop\999_cs\Quantum_Inpired_PSO_Classifcation\MRI_dataset\Balloon Cell Cortical Dysplasia\Balloon_Cell_Cortical_Dysplasia602.jpg,Balloon Cell Cortical Dysplasia
C:\Users\HishamMo\Desktop\999_cs\Quantum_Inpired_PSO_Classifcation\MRI_dataset\Balloon Cell Cortical Dysplasia\Balloon_Cell_Cortical_Dysplasia603.jpg,Balloon Cell Cortical Dysplasia
C:\Users\HishamMo\Desktop\999_cs\Quantum_Inpired_PSO_Classifcation\MRI_dataset\Balloon Cell Cortical Dysplasia\Balloon_Cell_Cortical_Dysplasia604.jpg,Balloon Cell Cortical Dysplasia
C:\Users\HishamMo\Desktop\999_cs\Quantum_Inpired_PSO_Classifcation\MRI_dataset\Balloon Cell Cortical Dysplasia\Balloon_Cell_Cortical_Dysplasia605.jpg,Balloon Cell Cortical Dysplasia
C:\Users\HishamMo\Desktop\999_cs\Quantum_Inpired_PSO_Classifcation\MRI_dataset\Balloon Cell Cortical Dysplasia\Balloon_Cell_Cortical_Dysplasia606.jpg,Balloon Cell Cortical Dysplasia
C:\Users\HishamMo\Desktop\999_cs\Quantum_Inpired_PSO_Classifcation\MRI_dataset\Balloon Cell Cortical Dysplasia\Balloon_Cell_Cortical_Dysplasia607.jpg,Balloon Cell Cortical Dysplasia
C:\Users\HishamMo\Desktop\999_cs\Quantum_Inpired_PSO_Classifcation\MRI_dataset\Balloon Cell Cortical Dysplasia\Balloon_Cell_Cortical_Dysplasia608.jpg,Balloon Cell Cortical Dysplasia
C:\Users\HishamMo\Desktop\999_cs\Quantum_Inpired_PSO_Classifcation\MRI_dataset\Balloon Cell Cortical Dysplasia\Balloon_Cell_Cortical_Dysplasia609.jpg,Balloon Cell Cortical Dysplasia
C:\Users\HishamMo\Desktop\999_cs\Quantum_Inpired_PSO_Classifcation\MRI_dataset\Balloon Cell Cortical Dysplasia\Balloon_Cell_Cortical_Dysplasia610.jpg,Balloon Cell Cortical Dysplasia
C:\Users\HishamMo\Desktop\999_cs\Quantum_Inpired_PSO_Classifcation\MRI_dataset\Balloon Cell Cortical Dysplasia\Balloon_Cell_Cortical_Dysplasia611.jpg,Balloon Cell Cortical Dysplasia
C:\Users\HishamMo\Desktop\999_cs\Quantum_Inpired_PSO_Classifcation\MRI_dataset\Balloon Cell Cortical Dysplasia\Balloon_Cell_Cortical_Dysplasia612.jpg,Balloon Cell Cortical Dysplasia
C:\Users\HishamMo\Desktop\999_cs\Quantum_Inpired_PSO_Classifcation\MRI_dataset\Balloon Cell Cortical Dysplasia\Balloon_Cell_Cortical_Dysplasia613.jpg,Balloon Cell Cortical Dysplasia
C:\Users\HishamMo\Desktop\999_cs\Quantum_Inpired_PSO_Classifcation\MRI_dataset\Balloon Cell Cortical Dysplasia\Balloon_Cell_Cortical_Dysplasia614.jpg,Balloon Cell Cortical Dysplasia
C:\Users\HishamMo\Desktop\999_cs\Quantum_Inpired_PSO_Classifcation\MRI_dataset\Balloon Cell Cortical Dysplasia\Balloon_Cell_Cortical_Dysplasia615.jpg,Balloon Cell Cortical Dysplasia
C:\Users\HishamMo\Desktop\999_cs\Quantum_Inpired_PSO_Classifcation\MRI_dataset\Balloon Cell Cortical Dysplasia\Balloon_Cell_Cortical_Dysplasia616.jpg,Balloon Cell Cortical Dysplasia
C:\Users\HishamMo\Desktop\999_cs\Quantum_Inpired_PSO_Classifcation\MRI_dataset\Balloon Cell Cortical Dysplasia\Balloon_Cell_Cortical_Dysplasia617.jpg,Balloon Cell Cortical Dysplasia
C:\Users\HishamMo\Desktop\999_cs\Quantum_Inpired_PSO_Classifcation\MRI_dataset\Balloon Cell Cortical Dysplasia\Balloon_Cell_Cortical_Dysplasia618.jpg,Balloon Cell Cortical Dysplasia
C:\Users\HishamMo\Desktop\999_cs\Quantum_Inpired_PSO_Classifcation\MRI_dataset\Balloon Cell Cortical Dysplasia\Balloon_Cell_Cortical_Dysplasia619.jpg,Balloon Cell Cortical Dysplasia
C:\Users\HishamMo\Desktop\999_cs\Quantum_Inpired_PSO_Classifcation\MRI_dataset\Balloon Cell Cortical Dysplasia\Balloon_Cell_Cortical_Dysplasia620.jpg,Balloon Cell Cortical Dysplasia
C:\Users\HishamMo\Desktop\999_cs\Quantum_Inpired_PSO_Classifcation\MRI_dataset\Balloon Cell Cortical Dysplasia\Balloon_Cell_Cortical_Dysplasia621.jpg,Balloon Cell Cortical Dysplasia
C:\Users\HishamMo\Desktop\999_cs\Quantum_Inpired_PSO_Classifcation\MRI_dataset\Balloon Cell Cortical Dysplasia\Balloon_Cell_Cortical_Dysplasia622.jpg,Balloon Cell Cortical Dysplasia
C:\Users\HishamMo\Desktop\999_cs\Quantum_Inpired_PSO_Classifcation\MRI_dataset\Balloon Cell Cortical Dysplasia\Balloon_Cell_Cortical_Dysplasia623.jpg,Balloon Cell Cortical Dysplasia
C:\Users\HishamMo\Desktop\999_cs\Quantum_Inpired_PSO_Classifcation\MRI_dataset\Balloon Cell Cortical Dysplasia\Balloon_Cell_Cortical_Dysplasia624.jpg,Balloon Cell Cortical Dysplasia
C:\Users\HishamMo\Desktop\999_cs\Quantum_Inpired_PSO_Classifcation\MRI_dataset\Balloon Cell Cortical Dysplasia\Balloon_Cell_Cortical_Dysplasia625.jpg,Balloon Cell Cortical Dysplasia
C:\Users\HishamMo\Desktop\999_cs\Quantum_Inpired_PSO_Classifcation\MRI_dataset\Balloon Cell Cortical Dysplasia\Balloon_Cell_Cortical_Dysplasia626.jpg,Balloon Cell Cortical Dysplasia
C:\Users\HishamMo\Desktop\999_cs\Quantum_Inpired_PSO_Classifcation\MRI_dataset\Balloon Cell Cortical Dysplasia\Balloon_Cell_Cortical_Dysplasia627.jpg,Balloon Cell Cortical Dysplasia
C:\Users\HishamMo\Desktop\999_cs\Quantum_Inpired_PSO_Classifcation\MRI_dataset\Balloon Cell Cortical Dysplasia\Balloon_Cell_Cortical_Dysplasia628.jpg,Balloon Cell Cortical Dysplasia
C:\Users\HishamMo\Desktop\999_cs\Quantum_Inpired_PSO_Classifcation\MRI_dataset\Balloon Cell Cortical Dysplasia\Balloon_Cell_Cortical_Dysplasia629.jpg,Balloon Cell Cortical Dysplasia
C:\Users\HishamMo\Desktop\999_cs\Quantum_Inpired_PSO_Classifcation\MRI_dataset\Balloon Cell Cortical Dysplasia\Balloon_Cell_Cortical_Dysplasia630.jpg,Balloon Cell Cortical Dysplasia
C:\Users\HishamMo\Desktop\999_cs\Quantum_Inpired_PSO_Classifcation\MRI_dataset\Balloon Cell Cortical Dysplasia\Balloon_Cell_Cortical_Dysplasia631.jpg,Balloon Cell Cortical Dysplasia
C:\Users\HishamMo\Desktop\999_cs\Quantum_Inpired_PSO_Classifcation\MRI_dataset\Balloon Cell Cortical Dysplasia\Balloon_Cell_Cortical_Dysplasia632.jpg,Balloon Cell Cortical Dysplasia
C:\Users\HishamMo\Desktop\999_cs\Quantum_Inpired_PSO_Classifcation\MRI_dataset\Balloon Cell Cortical Dysplasia\Balloon_Cell_Cortical_Dysplasia633.jpg,Balloon Cell Cortical Dysplasia
C:\Users\HishamMo\Desktop\999_cs\Quantum_Inpired_PSO_Classifcation\MRI_dataset\Balloon Cell Cortical Dysplasia\Balloon_Cell_Cortical_Dysplasia634.jpg,Balloon Cell Cortical Dysplasia
C:\Users\HishamMo\Desktop\999_cs\Quantum_Inpired_PSO_Classifcation\MRI_dataset\Balloon Cell Cortical Dysplasia\Balloon_Cell_Cortical_Dysplasia635.jpg,Balloon Cell Cortical Dysplasia
C:\Users\HishamMo\Desktop\999_cs\Quantum_Inpired_PSO_Classifcation\MRI_dataset\Balloon Cell Cortical Dysplasia\Balloon_Cell_Cortical_Dysplasia636.jpg,Balloon Cell Cortical Dysplasia
C:\Users\HishamMo\Desktop\999_cs\Quantum_Inpired_PSO_Classifcation\MRI_dataset\Balloon Cell Cortical Dysplasia\Balloon_Cell_Cortical_Dysplasia637.jpg,Balloon Cell Cortical Dysplasia
C:\Users\HishamMo\Desktop\999_cs\Quantum_Inpired_PSO_Classifcation\MRI_dataset\Balloon Cell Cortical Dysplasia\Balloon_Cell_Cortical_Dysplasia638.jpg,Balloon Cell Cortical Dysplasia
C:\Users\HishamMo\Desktop\999_cs\Quantum_Inpired_PSO_Classifcation\MRI_dataset\Balloon Cell Cortical Dysplasia\Balloon_Cell_Cortical_Dysplasia639.jpg,Balloon Cell Cortical Dysplasia
C:\Users\HishamMo\Desktop\999_cs\Quantum_Inpired_PSO_Classifcation\MRI_dataset\Balloon Cell Cortical Dysplasia\Balloon_Cell_Cortical_Dysplasia640.jpg,Balloon Cell Cortical Dysplasia
C:\Users\HishamMo\Desktop\999_cs\Quantum_Inpired_PSO_Classifcation\MRI_dataset\Balloon Cell Cortical Dysplasia\Balloon_Cell_Cortical_Dysplasia641.jpg,Balloon Cell Cortical Dysplasia
C:\Users\HishamMo\Desktop\999_cs\Quantum_Inpired_PSO_Classifcation\MRI_dataset\Balloon Cell Cortical Dysplasia\Balloon_Cell_Cortical_Dysplasia642.jpg,Balloon Cell Cortical Dysplasia
C:\Users\HishamMo\Desktop\999_cs\Quantum_Inpired_PSO_Classifcation\MRI_dataset\Balloon Cell Cortical Dysplasia\Balloon_Cell_Cortical_Dysplasia643.jpg,Balloon Cell Cortical Dysplasia
C:\Users\HishamMo\Desktop\999_cs\Quantum_Inpired_PSO_Classifcation\MRI_dataset\Balloon Cell Cortical Dysplasia\Balloon_Cell_Cortical_Dysplasia644.jpg,Balloon Cell Cortical Dysplasia
C:\Users\HishamMo\Desktop\999_cs\Quantum_Inpired_PSO_Classifcation\MRI_dataset\Balloon Cell Cortical Dysplasia\Balloon_Cell_Cortical_Dysplasia645.jpg,Balloon Cell Cortical Dysplasia
C:\Users\HishamMo\Desktop\999_cs\Quantum_Inpired_PSO_Classifcation\MRI_dataset\Balloon Cell Cortical Dysplasia\Balloon_Cell_Cortical_Dysplasia646.jpg,Balloon Cell Cortical Dysplasia
C:\Users\HishamMo\Desktop\999_cs\Quantum_Inpired_PSO_Classifcation\MRI_dataset\Balloon Cell Cortical Dysplasia\Balloon_Cell_Cortical_Dysplasia647.jpg,Balloon Cell Cortical Dysplasia
C:\Users\HishamMo\Desktop\999_cs\Quantum_Inpired_PSO_Classifcation\MRI_dataset\Balloon Cell Cortical Dysplasia\Balloon_Cell_Cortical_Dysplasia648.jpg,Balloon Cell Cortical Dysplasia
C:\Users\HishamMo\Desktop\999_cs\Quantum_Inpired_PSO_Classifcation\MRI_dataset\Balloon Cell Cortical Dysplasia\Balloon_Cell_Cortical_Dysplasia649.jpg,Balloon Cell Cortical Dysplasia
C:\Users\HishamMo\Desktop\999_cs\Quantum_Inpired_PSO_Classifcation\MRI_dataset\Balloon Cell Cortical Dysplasia\Balloon_Cell_Cortical_Dysplasia650.jpg,Balloon Cell Cortical Dysplasia
C:\Users\HishamMo\Desktop\999_cs\Quantum_Inpired_PSO_Classifcation\MRI_dataset\Balloon Cell Cortical Dysplasia\Balloon_Cell_Cortical_Dysplasia651.jpg,Balloon Cell Cortical Dysplasia
C:\Users\HishamMo\Desktop\999_cs\Quantum_Inpired_PSO_Classifcation\MRI_dataset\Balloon Cell Cortical Dysplasia\Balloon_Cell_Cortical_Dysplasia652.jpg,Balloon Cell Cortical Dysplasia
C:\Users\HishamMo\Desktop\999_cs\Quantum_Inpired_PSO_Classifcation\MRI_dataset\Balloon Cell Cortical Dysplasia\Balloon_Cell_Cortical_Dysplasia653.jpg,Balloon Cell Cortical Dysplasia
C:\Users\HishamMo\Desktop\999_cs\Quantum_Inpired_PSO_Classifcation\MRI_dataset\Balloon Cell Cortical Dysplasia\Balloon_Cell_Cortical_Dysplasia654.jpg,Balloon Cell Cortical Dysplasia
C:\Users\HishamMo\Desktop\999_cs\Quantum_Inpired_PSO_Classifcation\MRI_dataset\Balloon Cell Cortical Dysplasia\Balloon_Cell_Cortical_Dysplasia655.jpg,Balloon Cell Cortical Dysplasia
C:\Users\HishamMo\Desktop\999_cs\Quantum_Inpired_PSO_Classifcation\MRI_dataset\Balloon Cell Cortical Dysplasia\Balloon_Cell_Cortical_Dysplasia656.jpg,Balloon Cell Cortical Dysplasia
C:\Users\HishamMo\Desktop\999_cs\Quantum_Inpired_PSO_Classifcation\MRI_dataset\Balloon Cell Cortical Dysplasia\Balloon_Cell_Cortical_Dysplasia657.jpg,Balloon Cell Cortical Dysplasia
C:\Users\HishamMo\Desktop\999_cs\Quantum_Inpired_PSO_Classifcation\MRI_dataset\Balloon Cell Cortical Dysplasia\Balloon_Cell_Cortical_Dysplasia658.jpg,Balloon Cell Cortical Dysplasia
C:\Users\HishamMo\Desktop\999_cs\Quantum_Inpired_PSO_Classifcation\MRI_dataset\Balloon Cell Cortical Dysplasia\Balloon_Cell_Cortical_Dysplasia659.jpg,Balloon Cell Cortical Dysplasia
C:\Users\HishamMo\Desktop\999_cs\Quantum_Inpired_PSO_Classifcation\MRI_dataset\Balloon Cell Cortical Dysplasia\Balloon_Cell_Cortical_Dysplasia660.jpg,Balloon Cell Cortical Dysplasia
C:\Users\HishamMo\Desktop\999_cs\Quantum_Inpired_PSO_Classifcation\MRI_dataset\Balloon Cell Cortical Dysplasia\Balloon_Cell_Cortical_Dysplasia661.jpg,Balloon Cell Cortical Dysplasia
C:\Users\HishamMo\Desktop\999_cs\Quantum_Inpired_PSO_Classifcation\MRI_dataset\Balloon Cell Cortical Dysplasia\Balloon_Cell_Cortical_Dysplasia662.jpg,Balloon Cell Cortical Dysplasia
C:\Users\HishamMo\Desktop\999_cs\Quantum_Inpired_PSO_Classifcation\MRI_dataset\Balloon Cell Cortical Dysplasia\Balloon_Cell_Cortical_Dysplasia663.jpg,Balloon Cell Cortical Dysplasia
C:\Users\HishamMo\Desktop\999_cs\Quantum_Inpired_PSO_Classifcation\MRI_dataset\Balloon Cell Cortical Dysplasia\Balloon_Cell_Cortical_Dysplasia664.jpg,Balloon Cell Cortical Dysplasia
C:\Users\HishamMo\Desktop\999_cs\Quantum_Inpired_PSO_Classifcation\MRI_dataset\Balloon Cell Cortical Dysplasia\Balloon_Cell_Cortical_Dysplasia665.jpg,Balloon Cell Cortical Dysplasia
C:\Users\HishamMo\Desktop\999_cs\Quantum_Inpired_PSO_Classifcation\MRI_dataset\Balloon Cell Cortical Dysplasia\Balloon_Cell_Cortical_Dysplasia666.jpg,Balloon Cell Cortical Dysplasia
C:\Users\HishamMo\Desktop\999_cs\Quantum_Inpired_PSO_Classifcation\MRI_dataset\Balloon Cell Cortical Dysplasia\Balloon_Cell_Cortical_Dysplasia667.jpg,Balloon Cell Cortical Dysplasia
C:\Users\HishamMo\Desktop\999_cs\Quantum_Inpired_PSO_Classifcation\MRI_dataset\Balloon Cell Cortical Dysplasia\Balloon_Cell_Cortical_Dysplasia668.jpg,Balloon Cell Cortical Dysplasia
C:\Users\HishamMo\Desktop\999_cs\Quantum_Inpired_PSO_Classifcation\MRI_dataset\Balloon Cell Cortical Dysplasia\Balloon_Cell_Cortical_Dysplasia669.jpg,Balloon Cell Cortical Dysplasia
C:\Users\HishamMo\Desktop\999_cs\Quantum_Inpired_PSO_Classifcation\MRI_dataset\Balloon Cell Cortical Dysplasia\Balloon_Cell_Cortical_Dysplasia670.jpg,Balloon Cell Cortical Dysplasia
C:\Users\HishamMo\Desktop\999_cs\Quantum_Inpired_PSO_Classifcation\MRI_dataset\Balloon Cell Cortical Dysplasia\Balloon_Cell_Cortical_Dysplasia671.jpg,Balloon Cell Cortical Dysplasia
C:\Users\HishamMo\Desktop\999_cs\Quantum_Inpired_PSO_Classifcation\MRI_dataset\Balloon Cell Cortical Dysplasia\Balloon_Cell_Cortical_Dysplasia672.jpg,Balloon Cell Cortical Dysplasia
C:\Users\HishamMo\Desktop\999_cs\Quantum_Inpired_PSO_Classifcation\MRI_dataset\Balloon Cell Cortical Dysplasia\Balloon_Cell_Cortical_Dysplasia673.jpg,Balloon Cell Cortical Dysplasia
C:\Users\HishamMo\Desktop\999_cs\Quantum_Inpired_PSO_Classifcation\MRI_dataset\Balloon Cell Cortical Dysplasia\Balloon_Cell_Cortical_Dysplasia674.jpg,Balloon Cell Cortical Dysplasia
C:\Users\HishamMo\Desktop\999_cs\Quantum_Inpired_PSO_Classifcation\MRI_dataset\Balloon Cell Cortical Dysplasia\Balloon_Cell_Cortical_Dysplasia675.jpg,Balloon Cell Cortical Dysplasia
C:\Users\HishamMo\Desktop\999_cs\Quantum_Inpired_PSO_Classifcation\MRI_dataset\Balloon Cell Cortical Dysplasia\Balloon_Cell_Cortical_Dysplasia676.jpg,Balloon Cell Cortical Dysplasia
C:\Users\HishamMo\Desktop\999_cs\Quantum_Inpired_PSO_Classifcation\MRI_dataset\Balloon Cell Cortical Dysplasia\Balloon_Cell_Cortical_Dysplasia677.jpg,Balloon Cell Cortical Dysplasia
C:\Users\HishamMo\Desktop\999_cs\Quantum_Inpired_PSO_Classifcation\MRI_dataset\Balloon Cell Cortical Dysplasia\Balloon_Cell_Cortical_Dysplasia678.jpg,Balloon Cell Cortical Dysplasia
C:\Users\HishamMo\Desktop\999_cs\Quantum_Inpired_PSO_Classifcation\MRI_dataset\Balloon Cell Cortical Dysplasia\Balloon_Cell_Cortical_Dysplasia679.jpg,Balloon Cell Cortical Dysplasia
C:\Users\HishamMo\Desktop\999_cs\Quantum_Inpired_PSO_Classifcation\MRI_dataset\Balloon Cell Cortical Dysplasia\Balloon_Cell_Cortical_Dysplasia680.jpg,Balloon Cell Cortical Dysplasia
C:\Users\HishamMo\Desktop\999_cs\Quantum_Inpired_PSO_Classifcation\MRI_dataset\Balloon Cell Cortical Dysplasia\Balloon_Cell_Cortical_Dysplasia681.jpg,Balloon Cell Cortical Dysplasia
C:\Users\HishamMo\Desktop\999_cs\Quantum_Inpired_PSO_Classifcation\MRI_dataset\Balloon Cell Cortical Dysplasia\Balloon_Cell_Cortical_Dysplasia682.jpg,Balloon Cell Cortical Dysplasia
C:\Users\HishamMo\Desktop\999_cs\Quantum_Inpired_PSO_Classifcation\MRI_dataset\Balloon Cell Cortical Dysplasia\Balloon_Cell_Cortical_Dysplasia683.jpg,Balloon Cell Cortical Dysplasia
C:\Users\HishamMo\Desktop\999_cs\Quantum_Inpired_PSO_Classifcation\MRI_dataset\Balloon Cell Cortical Dysplasia\Balloon_Cell_Cortical_Dysplasia684.jpg,Balloon Cell Cortical Dysplasia
C:\Users\HishamMo\Desktop\999_cs\Quantum_Inpired_PSO_Classifcation\MRI_dataset\Balloon Cell Cortical Dysplasia\Balloon_Cell_Cortical_Dysplasia685.jpg,Balloon Cell Cortical Dysplasia
C:\Users\HishamMo\Desktop\999_cs\Quantum_Inpired_PSO_Classifcation\MRI_dataset\Balloon Cell Cortical Dysplasia\Balloon_Cell_Cortical_Dysplasia686.jpg,Balloon Cell Cortical Dysplasia
C:\Users\HishamMo\Desktop\999_cs\Quantum_Inpired_PSO_Classifcation\MRI_dataset\Balloon Cell Cortical Dysplasia\Balloon_Cell_Cortical_Dysplasia687.jpg,Balloon Cell Cortical Dysplasia
C:\Users\HishamMo\Desktop\999_cs\Quantum_Inpired_PSO_Classifcation\MRI_dataset\Balloon Cell Cortical Dysplasia\Balloon_Cell_Cortical_Dysplasia688.jpg,Balloon Cell Cortical Dysplasia
C:\Users\HishamMo\Desktop\999_cs\Quantum_Inpired_PSO_Classifcation\MRI_dataset\Balloon Cell Cortical Dysplasia\Balloon_Cell_Cortical_Dysplasia689.jpg,Balloon Cell Cortical Dysplasia
C:\Users\HishamMo\Desktop\999_cs\Quantum_Inpired_PSO_Classifcation\MRI_dataset\Balloon Cell Cortical Dysplasia\Balloon_Cell_Cortical_Dysplasia690.jpg,Balloon Cell Cortical Dysplasia
C:\Users\HishamMo\Desktop\999_cs\Quantum_Inpired_PSO_Classifcation\MRI_dataset\Balloon Cell Cortical Dysplasia\Balloon_Cell_Cortical_Dysplasia691.jpg,Balloon Cell Cortical Dysplasia
C:\Users\HishamMo\Desktop\999_cs\Quantum_Inpired_PSO_Classifcation\MRI_dataset\Balloon Cell Cortical Dysplasia\Balloon_Cell_Cortical_Dysplasia692.jpg,Balloon Cell Cortical Dysplasia
C:\Users\HishamMo\Desktop\999_cs\Quantum_Inpired_PSO_Classifcation\MRI_dataset\Balloon Cell Cortical Dysplasia\Balloon_Cell_Cortical_Dysplasia693.jpg,Balloon Cell Cortical Dysplasia
C:\Users\HishamMo\Desktop\999_cs\Quantum_Inpired_PSO_Classifcation\MRI_dataset\Balloon Cell Cortical Dysplasia\Balloon_Cell_Cortical_Dysplasia694.jpg,Balloon Cell Cortical Dysplasia
C:\Users\HishamMo\Desktop\999_cs\Quantum_Inpired_PSO_Classifcation\MRI_dataset\Balloon Cell Cortical Dysplasia\Balloon_Cell_Cortical_Dysplasia695.jpg,Balloon Cell Cortical Dysplasia
C:\Users\HishamMo\Desktop\999_cs\Quantum_Inpired_PSO_Classifcation\MRI_dataset\Balloon Cell Cortical Dysplasia\Balloon_Cell_Cortical_Dysplasia696.jpg,Balloon Cell Cortical Dysplasia
C:\Users\HishamMo\Desktop\999_cs\Quantum_Inpired_PSO_Classifcation\MRI_dataset\Balloon Cell Cortical Dysplasia\Balloon_Cell_Cortical_Dysplasia697.jpg,Balloon Cell Cortical Dysplasia
C:\Users\HishamMo\Desktop\999_cs\Quantum_Inpired_PSO_Classifcation\MRI_dataset\Balloon Cell Cortical Dysplasia\Balloon_Cell_Cortical_Dysplasia698.jpg,Balloon Cell Cortical Dysplasia
C:\Users\HishamMo\Desktop\999_cs\Quantum_Inpired_PSO_Classifcation\MRI_dataset\Balloon Cell Cortical Dysplasia\Balloon_Cell_Cortical_Dysplasia699.jpg,Balloon Cell Cortical Dysplasia
C:\Users\HishamMo\Desktop\999_cs\Quantum_Inpired_PSO_Classifcation\MRI_dataset\Balloon Cell Cortical Dysplasia\Balloon_Cell_Cortical_Dysplasia700.jpg,Balloon Cell Cortical Dysplasia
C:\Users\HishamMo\Desktop\999_cs\Quantum_Inpired_PSO_Classifcation\MRI_dataset\Balloon Cell Cortical Dysplasia\Balloon_Cell_Cortical_Dysplasia701.jpg,Balloon Cell Cortical Dysplasia
C:\Users\HishamMo\Desktop\999_cs\Quantum_Inpired_PSO_Classifcation\MRI_dataset\Balloon Cell Cortical Dysplasia\Balloon_Cell_Cortical_Dysplasia702.jpg,Balloon Cell Cortical Dysplasia
C:\Users\HishamMo\Desktop\999_cs\Quantum_Inpired_PSO_Classifcation\MRI_dataset\Balloon Cell Cortical Dysplasia\Balloon_Cell_Cortical_Dysplasia703.jpg,Balloon Cell Cortical Dysplasia
C:\Users\HishamMo\Desktop\999_cs\Quantum_Inpired_PSO_Classifcation\MRI_dataset\Balloon Cell Cortical Dysplasia\Balloon_Cell_Cortical_Dysplasia704.jpg,Balloon Cell Cortical Dysplasia
C:\Users\HishamMo\Desktop\999_cs\Quantum_Inpired_PSO_Classifcation\MRI_dataset\Balloon Cell Cortical Dysplasia\Balloon_Cell_Cortical_Dysplasia705.jpg,Balloon Cell Cortical Dysplasia
C:\Users\HishamMo\Desktop\999_cs\Quantum_Inpired_PSO_Classifcation\MRI_dataset\Balloon Cell Cortical Dysplasia\Balloon_Cell_Cortical_Dysplasia706.jpg,Balloon Cell Cortical Dysplasia
C:\Users\HishamMo\Desktop\999_cs\Quantum_Inpired_PSO_Classifcation\MRI_dataset\Balloon Cell Cortical Dysplasia\Balloon_Cell_Cortical_Dysplasia707.jpg,Balloon Cell Cortical Dysplasia
C:\Users\HishamMo\Desktop\999_cs\Quantum_Inpired_PSO_Classifcation\MRI_dataset\Balloon Cell Cortical Dysplasia\Balloon_Cell_Cortical_Dysplasia708.jpg,Balloon Cell Cortical Dysplasia
C:\Users\HishamMo\Desktop\999_cs\Quantum_Inpired_PSO_Classifcation\MRI_dataset\Balloon Cell Cortical Dysplasia\Balloon_Cell_Cortical_Dysplasia709.jpg,Balloon Cell Cortical Dysplasia
C:\Users\HishamMo\Desktop\999_cs\Quantum_Inpired_PSO_Classifcation\MRI_dataset\Balloon Cell Cortical Dysplasia\Balloon_Cell_Cortical_Dysplasia710.jpg,Balloon Cell Cortical Dysplasia
C:\Users\HishamMo\Desktop\999_cs\Quantum_Inpired_PSO_Classifcation\MRI_dataset\Balloon Cell Cortical Dysplasia\Balloon_Cell_Cortical_Dysplasia711.jpg,Balloon Cell Cortical Dysplasia
C:\Users\HishamMo\Desktop\999_cs\Quantum_Inpired_PSO_Classifcation\MRI_dataset\Balloon Cell Cortical Dysplasia\Balloon_Cell_Cortical_Dysplasia712.jpg,Balloon Cell Cortical Dysplasia
C:\Users\HishamMo\Desktop\999_cs\Quantum_Inpired_PSO_Classifcation\MRI_dataset\Balloon Cell Cortical Dysplasia\Balloon_Cell_Cortical_Dysplasia713.jpg,Balloon Cell Cortical Dysplasia
C:\Users\HishamMo\Desktop\999_cs\Quantum_Inpired_PSO_Classifcation\MRI_dataset\Balloon Cell Cortical Dysplasia\Balloon_Cell_Cortical_Dysplasia714.jpg,Balloon Cell Cortical Dysplasia
C:\Users\HishamMo\Desktop\999_cs\Quantum_Inpired_PSO_Classifcation\MRI_dataset\Balloon Cell Cortical Dysplasia\Balloon_Cell_Cortical_Dysplasia715.jpg,Balloon Cell Cortical Dysplasia
C:\Users\HishamMo\Desktop\999_cs\Quantum_Inpired_PSO_Classifcation\MRI_dataset\Balloon Cell Cortical Dysplasia\Balloon_Cell_Cortical_Dysplasia716.jpg,Balloon Cell Cortical Dysplasia
C:\Users\HishamMo\Desktop\999_cs\Quantum_Inpired_PSO_Classifcation\MRI_dataset\Balloon Cell Cortical Dysplasia\Balloon_Cell_Cortical_Dysplasia717.jpg,Balloon Cell Cortical Dysplasia
C:\Users\HishamMo\Desktop\999_cs\Quantum_Inpired_PSO_Classifcation\MRI_dataset\Balloon Cell Cortical Dysplasia\Balloon_Cell_Cortical_Dysplasia718.jpg,Balloon Cell Cortical Dysplasia
C:\Users\HishamMo\Desktop\999_cs\Quantum_Inpired_PSO_Classifcation\MRI_dataset\Balloon Cell Cortical Dysplasia\Balloon_Cell_Cortical_Dysplasia719.jpg,Balloon Cell Cortical Dysplasia
C:\Users\HishamMo\Desktop\999_cs\Quantum_Inpired_PSO_Classifcation\MRI_dataset\Balloon Cell Cortical Dysplasia\Balloon_Cell_Cortical_Dysplasia720.jpg,Balloon Cell Cortical Dysplasia
C:\Users\HishamMo\Desktop\999_cs\Quantum_Inpired_PSO_Classifcation\MRI_dataset\Balloon Cell Cortical Dysplasia\Balloon_Cell_Cortical_Dysplasia721.jpg,Balloon Cell Cortical Dysplasia
C:\Users\HishamMo\Desktop\999_cs\Quantum_Inpired_PSO_Classifcation\MRI_dataset\Balloon Cell Cortical Dysplasia\Balloon_Cell_Cortical_Dysplasia722.jpg,Balloon Cell Cortical Dysplasia
C:\Users\HishamMo\Desktop\999_cs\Quantum_Inpired_PSO_Classifcation\MRI_dataset\Balloon Cell Cortical Dysplasia\Balloon_Cell_Cortical_Dysplasia723.jpg,Balloon Cell Cortical Dysplasia
C:\Users\HishamMo\Desktop\999_cs\Quantum_Inpired_PSO_Classifcation\MRI_dataset\Balloon Cell Cortical Dysplasia\Balloon_Cell_Cortical_Dysplasia724.jpg,Balloon Cell Cortical Dysplasia
C:\Users\HishamMo\Desktop\999_cs\Quantum_Inpired_PSO_Classifcation\MRI_dataset\Balloon Cell Cortical Dysplasia\Balloon_Cell_Cortical_Dysplasia725.jpg,Balloon Cell Cortical Dysplasia
C:\Users\HishamMo\Desktop\999_cs\Quantum_Inpired_PSO_Classifcation\MRI_dataset\Balloon Cell Cortical Dysplasia\Balloon_Cell_Cortical_Dysplasia726.jpg,Balloon Cell Cortical Dysplasia
C:\Users\HishamMo\Desktop\999_cs\Quantum_Inpired_PSO_Classifcation\MRI_dataset\Balloon Cell Cortical Dysplasia\Balloon_Cell_Cortical_Dysplasia727.jpg,Balloon Cell Cortical Dysplasia
C:\Users\HishamMo\Desktop\999_cs\Quantum_Inpired_PSO_Classifcation\MRI_dataset\Balloon Cell Cortical Dysplasia\Balloon_Cell_Cortical_Dysplasia728.jpg,Balloon Cell Cortical Dysplasia
C:\Users\HishamMo\Desktop\999_cs\Quantum_Inpired_PSO_Classifcation\MRI_dataset\Balloon Cell Cortical Dysplasia\Balloon_Cell_Cortical_Dysplasia729.jpg,Balloon Cell Cortical Dysplasia
C:\Users\HishamMo\Desktop\999_cs\Quantum_Inpired_PSO_Classifcation\MRI_dataset\Balloon Cell Cortical Dysplasia\Balloon_Cell_Cortical_Dysplasia730.jpg,Balloon Cell Cortical Dysplasia
C:\Users\HishamMo\Desktop\999_cs\Quantum_Inpired_PSO_Classifcation\MRI_dataset\Balloon Cell Cortical Dysplasia\Balloon_Cell_Cortical_Dysplasia731.jpg,Balloon Cell Cortical Dysplasia
C:\Users\HishamMo\Desktop\999_cs\Quantum_Inpired_PSO_Classifcation\MRI_dataset\Balloon Cell Cortical Dysplasia\Balloon_Cell_Cortical_Dysplasia732.jpg,Balloon Cell Cortical Dysplasia
C:\Users\HishamMo\Desktop\999_cs\Quantum_Inpired_PSO_Classifcation\MRI_dataset\Balloon Cell Cortical Dysplasia\Balloon_Cell_Cortical_Dysplasia733.jpg,Balloon Cell Cortical Dysplasia
C:\Users\HishamMo\Desktop\999_cs\Quantum_Inpired_PSO_Classifcation\MRI_dataset\Balloon Cell Cortical Dysplasia\Balloon_Cell_Cortical_Dysplasia734.jpg,Balloon Cell Cortical Dysplasia
C:\Users\HishamMo\Desktop\999_cs\Quantum_Inpired_PSO_Classifcation\MRI_dataset\Balloon Cell Cortical Dysplasia\Balloon_Cell_Cortical_Dysplasia735.jpg,Balloon Cell Cortical Dysplasia
C:\Users\HishamMo\Desktop\999_cs\Quantum_Inpired_PSO_Classifcation\MRI_dataset\Balloon Cell Cortical Dysplasia\Balloon_Cell_Cortical_Dysplasia736.jpg,Balloon Cell Cortical Dysplasia
C:\Users\HishamMo\Desktop\999_cs\Quantum_Inpired_PSO_Classifcation\MRI_dataset\Balloon Cell Cortical Dysplasia\Balloon_Cell_Cortical_Dysplasia737.jpg,Balloon Cell Cortical Dysplasia
C:\Users\HishamMo\Desktop\999_cs\Quantum_Inpired_PSO_Classifcation\MRI_dataset\Balloon Cell Cortical Dysplasia\Balloon_Cell_Cortical_Dysplasia738.jpg,Balloon Cell Cortical Dysplasia
C:\Users\HishamMo\Desktop\999_cs\Quantum_Inpired_PSO_Classifcation\MRI_dataset\Balloon Cell Cortical Dysplasia\Balloon_Cell_Cortical_Dysplasia739.jpg,Balloon Cell Cortical Dysplasia
C:\Users\HishamMo\Desktop\999_cs\Quantum_Inpired_PSO_Classifcation\MRI_dataset\Balloon Cell Cortical Dysplasia\Balloon_Cell_Cortical_Dysplasia740.jpg,Balloon Cell Cortical Dysplasia
C:\Users\HishamMo\Desktop\999_cs\Quantum_Inpired_PSO_Classifcation\MRI_dataset\Balloon Cell Cortical Dysplasia\Balloon_Cell_Cortical_Dysplasia741.jpg,Balloon Cell Cortical Dysplasia
C:\Users\HishamMo\Desktop\999_cs\Quantum_Inpired_PSO_Classifcation\MRI_dataset\Balloon Cell Cortical Dysplasia\Balloon_Cell_Cortical_Dysplasia742.jpg,Balloon Cell Cortical Dysplasia
C:\Users\HishamMo\Desktop\999_cs\Quantum_Inpired_PSO_Classifcation\MRI_dataset\Balloon Cell Cortical Dysplasia\Balloon_Cell_Cortical_Dysplasia743.jpg,Balloon Cell Cortical Dysplasia
C:\Users\HishamMo\Desktop\999_cs\Quantum_Inpired_PSO_Classifcation\MRI_dataset\Balloon Cell Cortical Dysplasia\Balloon_Cell_Cortical_Dysplasia744.jpg,Balloon Cell Cortical Dysplasia
C:\Users\HishamMo\Desktop\999_cs\Quantum_Inpired_PSO_Classifcation\MRI_dataset\Balloon Cell Cortical Dysplasia\Balloon_Cell_Cortical_Dysplasia745.jpg,Balloon Cell Cortical Dysplasia
C:\Users\HishamMo\Desktop\999_cs\Quantum_Inpired_PSO_Classifcation\MRI_dataset\Balloon Cell Cortical Dysplasia\Balloon_Cell_Cortical_Dysplasia746.jpg,Balloon Cell Cortical Dysplasia
C:\Users\HishamMo\Desktop\999_cs\Quantum_Inpired_PSO_Classifcation\MRI_dataset\Balloon Cell Cortical Dysplasia\Balloon_Cell_Cortical_Dysplasia747.jpg,Balloon Cell Cortical Dysplasia
C:\Users\HishamMo\Desktop\999_cs\Quantum_Inpired_PSO_Classifcation\MRI_dataset\Balloon Cell Cortical Dysplasia\Balloon_Cell_Cortical_Dysplasia748.jpg,Balloon Cell Cortical Dysplasia
C:\Users\HishamMo\Desktop\999_cs\Quantum_Inpired_PSO_Classifcation\MRI_dataset\Balloon Cell Cortical Dysplasia\Balloon_Cell_Cortical_Dysplasia749.jpg,Balloon Cell Cortical Dysplasia
C:\Users\HishamMo\Desktop\999_cs\Quantum_Inpired_PSO_Classifcation\MRI_dataset\Balloon Cell Cortical Dysplasia\Balloon_Cell_Cortical_Dysplasia750.jpg,Balloon Cell Cortical Dysplasia
C:\Users\HishamMo\Desktop\999_cs\Quantum_Inpired_PSO_Classifcation\MRI_dataset\Balloon Cell Cortical Dysplasia\Balloon_Cell_Cortical_Dysplasia751.jpg,Balloon Cell Cortical Dysplasia
C:\Users\HishamMo\Desktop\999_cs\Quantum_Inpired_PSO_Classifcation\MRI_dataset\Balloon Cell Cortical Dysplasia\Balloon_Cell_Cortical_Dysplasia752.jpg,Balloon Cell Cortical Dysplasia
C:\Users\HishamMo\Desktop\999_cs\Quantum_Inpired_PSO_Classifcation\MRI_dataset\Balloon Cell Cortical Dysplasia\Balloon_Cell_Cortical_Dysplasia753.jpg,Balloon Cell Cortical Dysplasia
C:\Users\HishamMo\Desktop\999_cs\Quantum_Inpired_PSO_Classifcation\MRI_dataset\Balloon Cell Cortical Dysplasia\Balloon_Cell_Cortical_Dysplasia754.jpg,Balloon Cell Cortical Dysplasia
C:\Users\HishamMo\Desktop\999_cs\Quantum_Inpired_PSO_Classifcation\MRI_dataset\Balloon Cell Cortical Dysplasia\Balloon_Cell_Cortical_Dysplasia755.jpg,Balloon Cell Cortical Dysplasia
C:\Users\HishamMo\Desktop\999_cs\Quantum_Inpired_PSO_Classifcation\MRI_dataset\Balloon Cell Cortical Dysplasia\Balloon_Cell_Cortical_Dysplasia756.jpg,Balloon Cell Cortical Dysplasia
C:\Users\HishamMo\Desktop\999_cs\Quantum_Inpired_PSO_Classifcation\MRI_dataset\Balloon Cell Cortical Dysplasia\Balloon_Cell_Cortical_Dysplasia757.jpg,Balloon Cell Cortical Dysplasia
C:\Users\HishamMo\Desktop\999_cs\Quantum_Inpired_PSO_Classifcation\MRI_dataset\Balloon Cell Cortical Dysplasia\Balloon_Cell_Cortical_Dysplasia758.jpg,Balloon Cell Cortical Dysplasia
C:\Users\HishamMo\Desktop\999_cs\Quantum_Inpired_PSO_Classifcation\MRI_dataset\Balloon Cell Cortical Dysplasia\Balloon_Cell_Cortical_Dysplasia759.jpg,Balloon Cell Cortical Dysplasia
C:\Users\HishamMo\Desktop\999_cs\Quantum_Inpired_PSO_Classifcation\MRI_dataset\Balloon Cell Cortical Dysplasia\Balloon_Cell_Cortical_Dysplasia760.jpg,Balloon Cell Cortical Dysplasia
C:\Users\HishamMo\Desktop\999_cs\Quantum_Inpired_PSO_Classifcation\MRI_dataset\Balloon Cell Cortical Dysplasia\Balloon_Cell_Cortical_Dysplasia761.jpg,Balloon Cell Cortical Dysplasia
C:\Users\HishamMo\Desktop\999_cs\Quantum_Inpired_PSO_Classifcation\MRI_dataset\Balloon Cell Cortical Dysplasia\Balloon_Cell_Cortical_Dysplasia762.jpg,Balloon Cell Cortical Dysplasia
C:\Users\HishamMo\Desktop\999_cs\Quantum_Inpired_PSO_Classifcation\MRI_dataset\Balloon Cell Cortical Dysplasia\Balloon_Cell_Cortical_Dysplasia763.jpg,Balloon Cell Cortical Dysplasia
C:\Users\HishamMo\Desktop\999_cs\Quantum_Inpired_PSO_Classifcation\MRI_dataset\Balloon Cell Cortical Dysplasia\Balloon_Cell_Cortical_Dysplasia764.jpg,Balloon Cell Cortical Dysplasia
C:\Users\HishamMo\Desktop\999_cs\Quantum_Inpired_PSO_Classifcation\MRI_dataset\Balloon Cell Cortical Dysplasia\Balloon_Cell_Cortical_Dysplasia765.jpg,Balloon Cell Cortical Dysplasia
C:\Users\HishamMo\Desktop\999_cs\Quantum_Inpired_PSO_Classifcation\MRI_dataset\Balloon Cell Cortical Dysplasia\Balloon_Cell_Cortical_Dysplasia766.jpg,Balloon Cell Cortical Dysplasia
C:\Users\HishamMo\Desktop\999_cs\Quantum_Inpired_PSO_Classifcation\MRI_dataset\Balloon Cell Cortical Dysplasia\Balloon_Cell_Cortical_Dysplasia767.jpg,Balloon Cell Cortical Dysplasia
C:\Users\HishamMo\Desktop\999_cs\Quantum_Inpired_PSO_Classifcation\MRI_dataset\Balloon Cell Cortical Dysplasia\Balloon_Cell_Cortical_Dysplasia768.jpg,Balloon Cell Cortical Dysplasia
C:\Users\HishamMo\Desktop\999_cs\Quantum_Inpired_PSO_Classifcation\MRI_dataset\Balloon Cell Cortical Dysplasia\Balloon_Cell_Cortical_Dysplasia769.jpg,Balloon Cell Cortical Dysplasia
C:\Users\HishamMo\Desktop\999_cs\Quantum_Inpired_PSO_Classifcation\MRI_dataset\Balloon Cell Cortical Dysplasia\Balloon_Cell_Cortical_Dysplasia770.jpg,Balloon Cell Cortical Dysplasia
C:\Users\HishamMo\Desktop\999_cs\Quantum_Inpired_PSO_Classifcation\MRI_dataset\Balloon Cell Cortical Dysplasia\Balloon_Cell_Cortical_Dysplasia771.jpg,Balloon Cell Cortical Dysplasia
C:\Users\HishamMo\Desktop\999_cs\Quantum_Inpired_PSO_Classifcation\MRI_dataset\Balloon Cell Cortical Dysplasia\Balloon_Cell_Cortical_Dysplasia772.jpg,Balloon Cell Cortical Dysplasia
C:\Users\HishamMo\Desktop\999_cs\Quantum_Inpired_PSO_Classifcation\MRI_dataset\Balloon Cell Cortical Dysplasia\Balloon_Cell_Cortical_Dysplasia773.jpg,Balloon Cell Cortical Dysplasia
C:\Users\HishamMo\Desktop\999_cs\Quantum_Inpired_PSO_Classifcation\MRI_dataset\Balloon Cell Cortical Dysplasia\Balloon_Cell_Cortical_Dysplasia774.jpg,Balloon Cell Cortical Dysplasia
C:\Users\HishamMo\Desktop\999_cs\Quantum_Inpired_PSO_Classifcation\MRI_dataset\Balloon Cell Cortical Dysplasia\Balloon_Cell_Cortical_Dysplasia775.jpg,Balloon Cell Cortical Dysplasia
C:\Users\HishamMo\Desktop\999_cs\Quantum_Inpired_PSO_Classifcation\MRI_dataset\Balloon Cell Cortical Dysplasia\Balloon_Cell_Cortical_Dysplasia776.jpg,Balloon Cell Cortical Dysplasia
C:\Users\HishamMo\Desktop\999_cs\Quantum_Inpired_PSO_Classifcation\MRI_dataset\Balloon Cell Cortical Dysplasia\Balloon_Cell_Cortical_Dysplasia777.jpg,Balloon Cell Cortical Dysplasia
C:\Users\HishamMo\Desktop\999_cs\Quantum_Inpired_PSO_Classifcation\MRI_dataset\Balloon Cell Cortical Dysplasia\Balloon_Cell_Cortical_Dysplasia778.jpg,Balloon Cell Cortical Dysplasia
C:\Users\HishamMo\Desktop\999_cs\Quantum_Inpired_PSO_Classifcation\MRI_dataset\Balloon Cell Cortical Dysplasia\Balloon_Cell_Cortical_Dysplasia779.jpg,Balloon Cell Cortical Dysplasia
C:\Users\HishamMo\Desktop\999_cs\Quantum_Inpired_PSO_Classifcation\MRI_dataset\Balloon Cell Cortical Dysplasia\Balloon_Cell_Cortical_Dysplasia780.jpg,Balloon Cell Cortical Dysplasia
C:\Users\HishamMo\Desktop\999_cs\Quantum_Inpired_PSO_Classifcation\MRI_dataset\Balloon Cell Cortical Dysplasia\Balloon_Cell_Cortical_Dysplasia781.jpg,Balloon Cell Cortical Dysplasia
C:\Users\HishamMo\Desktop\999_cs\Quantum_Inpired_PSO_Classifcation\MRI_dataset\Balloon Cell Cortical Dysplasia\Balloon_Cell_Cortical_Dysplasia782.jpg,Balloon Cell Cortical Dysplasia
C:\Users\HishamMo\Desktop\999_cs\Quantum_Inpired_PSO_Classifcation\MRI_dataset\Balloon Cell Cortical Dysplasia\Balloon_Cell_Cortical_Dysplasia783.jpg,Balloon Cell Cortical Dysplasia
C:\Users\HishamMo\Desktop\999_cs\Quantum_Inpired_PSO_Classifcation\MRI_dataset\Balloon Cell Cortical Dysplasia\Balloon_Cell_Cortical_Dysplasia784.jpg,Balloon Cell Cortical Dysplasia
C:\Users\HishamMo\Desktop\999_cs\Quantum_Inpired_PSO_Classifcation\MRI_dataset\Balloon Cell Cortical Dysplasia\Balloon_Cell_Cortical_Dysplasia785.jpg,Balloon Cell Cortical Dysplasia
C:\Users\HishamMo\Desktop\999_cs\Quantum_Inpired_PSO_Classifcation\MRI_dataset\Balloon Cell Cortical Dysplasia\Balloon_Cell_Cortical_Dysplasia786.jpg,Balloon Cell Cortical Dysplasia
C:\Users\HishamMo\Desktop\999_cs\Quantum_Inpired_PSO_Classifcation\MRI_dataset\Balloon Cell Cortical Dysplasia\Balloon_Cell_Cortical_Dysplasia787.jpg,Balloon Cell Cortical Dysplasia
C:\Users\HishamMo\Desktop\999_cs\Quantum_Inpired_PSO_Classifcation\MRI_dataset\Balloon Cell Cortical Dysplasia\Balloon_Cell_Cortical_Dysplasia788.jpg,Balloon Cell Cortical Dysplasia
C:\Users\HishamMo\Desktop\999_cs\Quantum_Inpired_PSO_Classifcation\MRI_dataset\Balloon Cell Cortical Dysplasia\Balloon_Cell_Cortical_Dysplasia789.jpg,Balloon Cell Cortical Dysplasia
C:\Users\HishamMo\Desktop\999_cs\Quantum_Inpired_PSO_Classifcation\MRI_dataset\Balloon Cell Cortical Dysplasia\Balloon_Cell_Cortical_Dysplasia790.jpg,Balloon Cell Cortical Dysplasia
C:\Users\HishamMo\Desktop\999_cs\Quantum_Inpired_PSO_Classifcation\MRI_dataset\Balloon Cell Cortical Dysplasia\Balloon_Cell_Cortical_Dysplasia791.jpg,Balloon Cell Cortical Dysplasia
C:\Users\HishamMo\Desktop\999_cs\Quantum_Inpired_PSO_Classifcation\MRI_dataset\Balloon Cell Cortical Dysplasia\Balloon_Cell_Cortical_Dysplasia792.jpg,Balloon Cell Cortical Dysplasia
C:\Users\HishamMo\Desktop\999_cs\Quantum_Inpired_PSO_Classifcation\MRI_dataset\Balloon Cell Cortical Dysplasia\Balloon_Cell_Cortical_Dysplasia793.jpg,Balloon Cell Cortical Dysplasia
C:\Users\HishamMo\Desktop\999_cs\Quantum_Inpired_PSO_Classifcation\MRI_dataset\Balloon Cell Cortical Dysplasia\Balloon_Cell_Cortical_Dysplasia794.jpg,Balloon Cell Cortical Dysplasia
C:\Users\HishamMo\Desktop\999_cs\Quantum_Inpired_PSO_Classifcation\MRI_dataset\Balloon Cell Cortical Dysplasia\Balloon_Cell_Cortical_Dysplasia795.jpg,Balloon Cell Cortical Dysplasia
C:\Users\HishamMo\Desktop\999_cs\Quantum_Inpired_PSO_Classifcation\MRI_dataset\Balloon Cell Cortical Dysplasia\Balloon_Cell_Cortical_Dysplasia796.jpg,Balloon Cell Cortical Dysplasia
C:\Users\HishamMo\Desktop\999_cs\Quantum_Inpired_PSO_Classifcation\MRI_dataset\Balloon Cell Cortical Dysplasia\Balloon_Cell_Cortical_Dysplasia797.jpg,Balloon Cell Cortical Dysplasia
C:\Users\HishamMo\Desktop\999_cs\Quantum_Inpired_PSO_Classifcation\MRI_dataset\Balloon Cell Cortical Dysplasia\Balloon_Cell_Cortical_Dysplasia798.jpg,Balloon Cell Cortical Dysplasia
C:\Users\HishamMo\Desktop\999_cs\Quantum_Inpired_PSO_Classifcation\MRI_dataset\Balloon Cell Cortical Dysplasia\Balloon_Cell_Cortical_Dysplasia799.jpg,Balloon Cell Cortical Dysplasia
C:\Users\HishamMo\Desktop\999_cs\Quantum_Inpired_PSO_Classifcation\MRI_dataset\Balloon Cell Cortical Dysplasia\Balloon_Cell_Cortical_Dysplasia800.jpg,Balloon Cell Cortical Dysplasia
C:\Users\HishamMo\Desktop\999_cs\Quantum_Inpired_PSO_Classifcation\MRI_dataset\Balloon Cell Cortical Dysplasia\Balloon_Cell_Cortical_Dysplasia801.jpg,Balloon Cell Cortical Dysplasia
C:\Users\HishamMo\Desktop\999_cs\Quantum_Inpired_PSO_Classifcation\MRI_dataset\Balloon Cell Cortical Dysplasia\Balloon_Cell_Cortical_Dysplasia802.jpg,Balloon Cell Cortical Dysplasia
C:\Users\HishamMo\Desktop\999_cs\Quantum_Inpired_PSO_Classifcation\MRI_dataset\Balloon Cell Cortical Dysplasia\Balloon_Cell_Cortical_Dysplasia803.jpg,Balloon Cell Cortical Dysplasia
C:\Users\HishamMo\Desktop\999_cs\Quantum_Inpired_PSO_Classifcation\MRI_dataset\Balloon Cell Cortical Dysplasia\Balloon_Cell_Cortical_Dysplasia804.jpg,Balloon Cell Cortical Dysplasia
C:\Users\HishamMo\Desktop\999_cs\Quantum_Inpired_PSO_Classifcation\MRI_dataset\Balloon Cell Cortical Dysplasia\Balloon_Cell_Cortical_Dysplasia805.jpg,Balloon Cell Cortical Dysplasia
C:\Users\HishamMo\Desktop\999_cs\Quantum_Inpired_PSO_Classifcation\MRI_dataset\Balloon Cell Cortical Dysplasia\Balloon_Cell_Cortical_Dysplasia806.jpg,Balloon Cell Cortical Dysplasia
C:\Users\HishamMo\Desktop\999_cs\Quantum_Inpired_PSO_Classifcation\MRI_dataset\Balloon Cell Cortical Dysplasia\Balloon_Cell_Cortical_Dysplasia807.jpg,Balloon Cell Cortical Dysplasia
C:\Users\HishamMo\Desktop\999_cs\Quantum_Inpired_PSO_Classifcation\MRI_dataset\Balloon Cell Cortical Dysplasia\Balloon_Cell_Cortical_Dysplasia808.jpg,Balloon Cell Cortical Dysplasia
C:\Users\HishamMo\Desktop\999_cs\Quantum_Inpired_PSO_Classifcation\MRI_dataset\Balloon Cell Cortical Dysplasia\Balloon_Cell_Cortical_Dysplasia809.jpg,Balloon Cell Cortical Dysplasia
C:\Users\HishamMo\Desktop\999_cs\Quantum_Inpired_PSO_Classifcation\MRI_dataset\Balloon Cell Cortical Dysplasia\Balloon_Cell_Cortical_Dysplasia810.jpg,Balloon Cell Cortical Dysplasia
C:\Users\HishamMo\Desktop\999_cs\Quantum_Inpired_PSO_Classifcation\MRI_dataset\Balloon Cell Cortical Dysplasia\Balloon_Cell_Cortical_Dysplasia811.jpg,Balloon Cell Cortical Dysplasia
C:\Users\HishamMo\Desktop\999_cs\Quantum_Inpired_PSO_Classifcation\MRI_dataset\Balloon Cell Cortical Dysplasia\Balloon_Cell_Cortical_Dysplasia812.jpg,Balloon Cell Cortical Dysplasia
C:\Users\HishamMo\Desktop\999_cs\Quantum_Inpired_PSO_Classifcation\MRI_dataset\Balloon Cell Cortical Dysplasia\Balloon_Cell_Cortical_Dysplasia813.jpg,Balloon Cell Cortical Dysplasia
C:\Users\HishamMo\Desktop\999_cs\Quantum_Inpired_PSO_Classifcation\MRI_dataset\Balloon Cell Cortical Dysplasia\Balloon_Cell_Cortical_Dysplasia814.jpg,Balloon Cell Cortical Dysplasia
C:\Users\HishamMo\Desktop\999_cs\Quantum_Inpired_PSO_Classifcation\MRI_dataset\Balloon Cell Cortical Dysplasia\Balloon_Cell_Cortical_Dysplasia815.jpg,Balloon Cell Cortical Dysplasia
C:\Users\HishamMo\Desktop\999_cs\Quantum_Inpired_PSO_Classifcation\MRI_dataset\Balloon Cell Cortical Dysplasia\Balloon_Cell_Cortical_Dysplasia816.jpg,Balloon Cell Cortical Dysplasia
C:\Users\HishamMo\Desktop\999_cs\Quantum_Inpired_PSO_Classifcation\MRI_dataset\Balloon Cell Cortical Dysplasia\Balloon_Cell_Cortical_Dysplasia817.jpg,Balloon Cell Cortical Dysplasia
C:\Users\HishamMo\Desktop\999_cs\Quantum_Inpired_PSO_Classifcation\MRI_dataset\Balloon Cell Cortical Dysplasia\Balloon_Cell_Cortical_Dysplasia818.jpg,Balloon Cell Cortical Dysplasia
C:\Users\HishamMo\Desktop\999_cs\Quantum_Inpired_PSO_Classifcation\MRI_dataset\Balloon Cell Cortical Dysplasia\Balloon_Cell_Cortical_Dysplasia819.jpg,Balloon Cell Cortical Dysplasia
C:\Users\HishamMo\Desktop\999_cs\Quantum_Inpired_PSO_Classifcation\MRI_dataset\Balloon Cell Cortical Dysplasia\Balloon_Cell_Cortical_Dysplasia820.jpg,Balloon Cell Cortical Dysplasia
C:\Users\HishamMo\Desktop\999_cs\Quantum_Inpired_PSO_Classifcation\MRI_dataset\Balloon Cell Cortical Dysplasia\Balloon_Cell_Cortical_Dysplasia821.jpg,Balloon Cell Cortical Dysplasia
C:\Users\HishamMo\Desktop\999_cs\Quantum_Inpired_PSO_Classifcation\MRI_dataset\Balloon Cell Cortical Dysplasia\Balloon_Cell_Cortical_Dysplasia822.jpg,Balloon Cell Cortical Dysplasia
C:\Users\HishamMo\Desktop\999_cs\Quantum_Inpired_PSO_Classifcation\MRI_dataset\Balloon Cell Cortical Dysplasia\Balloon_Cell_Cortical_Dysplasia823.jpg,Balloon Cell Cortical Dysplasia
C:\Users\HishamMo\Desktop\999_cs\Quantum_Inpired_PSO_Classifcation\MRI_dataset\Balloon Cell Cortical Dysplasia\Balloon_Cell_Cortical_Dysplasia824.jpg,Balloon Cell Cortical Dysplasia
C:\Users\HishamMo\Desktop\999_cs\Quantum_Inpired_PSO_Classifcation\MRI_dataset\Balloon Cell Cortical Dysplasia\Balloon_Cell_Cortical_Dysplasia825.jpg,Balloon Cell Cortical Dysplasia
C:\Users\HishamMo\Desktop\999_cs\Quantum_Inpired_PSO_Classifcation\MRI_dataset\Balloon Cell Cortical Dysplasia\Balloon_Cell_Cortical_Dysplasia826.jpg,Balloon Cell Cortical Dysplasia
C:\Users\HishamMo\Desktop\999_cs\Quantum_Inpired_PSO_Classifcation\MRI_dataset\Balloon Cell Cortical Dysplasia\Balloon_Cell_Cortical_Dysplasia827.jpg,Balloon Cell Cortical Dysplasia
C:\Users\HishamMo\Desktop\999_cs\Quantum_Inpired_PSO_Classifcation\MRI_dataset\Balloon Cell Cortical Dysplasia\Balloon_Cell_Cortical_Dysplasia828.jpg,Balloon Cell Cortical Dysplasia
C:\Users\HishamMo\Desktop\999_cs\Quantum_Inpired_PSO_Classifcation\MRI_dataset\Balloon Cell Cortical Dysplasia\Balloon_Cell_Cortical_Dysplasia829.jpg,Balloon Cell Cortical Dysplasia
C:\Users\HishamMo\Desktop\999_cs\Quantum_Inpired_PSO_Classifcation\MRI_dataset\Balloon Cell Cortical Dysplasia\Balloon_Cell_Cortical_Dysplasia830.jpg,Balloon Cell Cortical Dysplasia
C:\Users\HishamMo\Desktop\999_cs\Quantum_Inpired_PSO_Classifcation\MRI_dataset\Balloon Cell Cortical Dysplasia\Balloon_Cell_Cortical_Dysplasia831.jpg,Balloon Cell Cortical Dysplasia
C:\Users\HishamMo\Desktop\999_cs\Quantum_Inpired_PSO_Classifcation\MRI_dataset\Balloon Cell Cortical Dysplasia\Balloon_Cell_Cortical_Dysplasia832.jpg,Balloon Cell Cortical Dysplasia
C:\Users\HishamMo\Desktop\999_cs\Quantum_Inpired_PSO_Classifcation\MRI_dataset\Balloon Cell Cortical Dysplasia\Balloon_Cell_Cortical_Dysplasia833.jpg,Balloon Cell Cortical Dysplasia
C:\Users\HishamMo\Desktop\999_cs\Quantum_Inpired_PSO_Classifcation\MRI_dataset\Balloon Cell Cortical Dysplasia\Balloon_Cell_Cortical_Dysplasia834.jpg,Balloon Cell Cortical Dysplasia
C:\Users\HishamMo\Desktop\999_cs\Quantum_Inpired_PSO_Classifcation\MRI_dataset\Balloon Cell Cortical Dysplasia\Balloon_Cell_Cortical_Dysplasia835.jpg,Balloon Cell Cortical Dysplasia
C:\Users\HishamMo\Desktop\999_cs\Quantum_Inpired_PSO_Classifcation\MRI_dataset\Balloon Cell Cortical Dysplasia\Balloon_Cell_Cortical_Dysplasia836.jpg,Balloon Cell Cortical Dysplasia
C:\Users\HishamMo\Desktop\999_cs\Quantum_Inpired_PSO_Classifcation\MRI_dataset\Balloon Cell Cortical Dysplasia\Balloon_Cell_Cortical_Dysplasia837.jpg,Balloon Cell Cortical Dysplasia
C:\Users\HishamMo\Desktop\999_cs\Quantum_Inpired_PSO_Classifcation\MRI_dataset\Balloon Cell Cortical Dysplasia\Balloon_Cell_Cortical_Dysplasia838.jpg,Balloon Cell Cortical Dysplasia
C:\Users\HishamMo\Desktop\999_cs\Quantum_Inpired_PSO_Classifcation\MRI_dataset\Balloon Cell Cortical Dysplasia\Balloon_Cell_Cortical_Dysplasia839.jpg,Balloon Cell Cortical Dysplasia
C:\Users\HishamMo\Desktop\999_cs\Quantum_Inpired_PSO_Classifcation\MRI_dataset\Balloon Cell Cortical Dysplasia\Balloon_Cell_Cortical_Dysplasia840.jpg,Balloon Cell Cortical Dysplasia
C:\Users\HishamMo\Desktop\999_cs\Quantum_Inpired_PSO_Classifcation\MRI_dataset\Balloon Cell Cortical Dysplasia\Balloon_Cell_Cortical_Dysplasia841.jpg,Balloon Cell Cortical Dysplasia
C:\Users\HishamMo\Desktop\999_cs\Quantum_Inpired_PSO_Classifcation\MRI_dataset\Balloon Cell Cortical Dysplasia\Balloon_Cell_Cortical_Dysplasia842.jpg,Balloon Cell Cortical Dysplasia
C:\Users\HishamMo\Desktop\999_cs\Quantum_Inpired_PSO_Classifcation\MRI_dataset\Balloon Cell Cortical Dysplasia\Balloon_Cell_Cortical_Dysplasia843.jpg,Balloon Cell Cortical Dysplasia
C:\Users\HishamMo\Desktop\999_cs\Quantum_Inpired_PSO_Classifcation\MRI_dataset\Balloon Cell Cortical Dysplasia\Balloon_Cell_Cortical_Dysplasia844.jpg,Balloon Cell Cortical Dysplasia
C:\Users\HishamMo\Desktop\999_cs\Quantum_Inpired_PSO_Classifcation\MRI_dataset\Balloon Cell Cortical Dysplasia\Balloon_Cell_Cortical_Dysplasia845.jpg,Balloon Cell Cortical Dysplasia
C:\Users\HishamMo\Desktop\999_cs\Quantum_Inpired_PSO_Classifcation\MRI_dataset\Balloon Cell Cortical Dysplasia\Balloon_Cell_Cortical_Dysplasia846.jpg,Balloon Cell Cortical Dysplasia
C:\Users\HishamMo\Desktop\999_cs\Quantum_Inpired_PSO_Classifcation\MRI_dataset\Balloon Cell Cortical Dysplasia\Balloon_Cell_Cortical_Dysplasia847.jpg,Balloon Cell Cortical Dysplasia
C:\Users\HishamMo\Desktop\999_cs\Quantum_Inpired_PSO_Classifcation\MRI_dataset\Balloon Cell Cortical Dysplasia\Balloon_Cell_Cortical_Dysplasia848.jpg,Balloon Cell Cortical Dysplasia
C:\Users\HishamMo\Desktop\999_cs\Quantum_Inpired_PSO_Classifcation\MRI_dataset\Balloon Cell Cortical Dysplasia\Balloon_Cell_Cortical_Dysplasia849.jpg,Balloon Cell Cortical Dysplasia
C:\Users\HishamMo\Desktop\999_cs\Quantum_Inpired_PSO_Classifcation\MRI_dataset\Balloon Cell Cortical Dysplasia\Balloon_Cell_Cortical_Dysplasia850.jpg,Balloon Cell Cortical Dysplasia
C:\Users\HishamMo\Desktop\999_cs\Quantum_Inpired_PSO_Classifcation\MRI_dataset\Balloon Cell Cortical Dysplasia\Balloon_Cell_Cortical_Dysplasia851.jpg,Balloon Cell Cortical Dysplasia
C:\Users\HishamMo\Desktop\999_cs\Quantum_Inpired_PSO_Classifcation\MRI_dataset\Balloon Cell Cortical Dysplasia\Balloon_Cell_Cortical_Dysplasia852.jpg,Balloon Cell Cortical Dysplasia
C:\Users\HishamMo\Desktop\999_cs\Quantum_Inpired_PSO_Classifcation\MRI_dataset\Balloon Cell Cortical Dysplasia\Balloon_Cell_Cortical_Dysplasia853.jpg,Balloon Cell Cortical Dysplasia
C:\Users\HishamMo\Desktop\999_cs\Quantum_Inpired_PSO_Classifcation\MRI_dataset\Balloon Cell Cortical Dysplasia\Balloon_Cell_Cortical_Dysplasia854.jpg,Balloon Cell Cortical Dysplasia
C:\Users\HishamMo\Desktop\999_cs\Quantum_Inpired_PSO_Classifcation\MRI_dataset\Balloon Cell Cortical Dysplasia\Balloon_Cell_Cortical_Dysplasia855.jpg,Balloon Cell Cortical Dysplasia
C:\Users\HishamMo\Desktop\999_cs\Quantum_Inpired_PSO_Classifcation\MRI_dataset\Balloon Cell Cortical Dysplasia\Balloon_Cell_Cortical_Dysplasia856.jpg,Balloon Cell Cortical Dysplasia
C:\Users\HishamMo\Desktop\999_cs\Quantum_Inpired_PSO_Classifcation\MRI_dataset\Balloon Cell Cortical Dysplasia\Balloon_Cell_Cortical_Dysplasia857.jpg,Balloon Cell Cortical Dysplasia
C:\Users\HishamMo\Desktop\999_cs\Quantum_Inpired_PSO_Classifcation\MRI_dataset\Balloon Cell Cortical Dysplasia\Balloon_Cell_Cortical_Dysplasia858.jpg,Balloon Cell Cortical Dysplasia
C:\Users\HishamMo\Desktop\999_cs\Quantum_Inpired_PSO_Classifcation\MRI_dataset\Balloon Cell Cortical Dysplasia\Balloon_Cell_Cortical_Dysplasia859.jpg,Balloon Cell Cortical Dysplasia
C:\Users\HishamMo\Desktop\999_cs\Quantum_Inpired_PSO_Classifcation\MRI_dataset\Balloon Cell Cortical Dysplasia\Balloon_Cell_Cortical_Dysplasia860.jpg,Balloon Cell Cortical Dysplasia
C:\Users\HishamMo\Desktop\999_cs\Quantum_Inpired_PSO_Classifcation\MRI_dataset\Balloon Cell Cortical Dysplasia\Balloon_Cell_Cortical_Dysplasia861.jpg,Balloon Cell Cortical Dysplasia
C:\Users\HishamMo\Desktop\999_cs\Quantum_Inpired_PSO_Classifcation\MRI_dataset\Balloon Cell Cortical Dysplasia\Balloon_Cell_Cortical_Dysplasia862.jpg,Balloon Cell Cortical Dysplasia
C:\Users\HishamMo\Desktop\999_cs\Quantum_Inpired_PSO_Classifcation\MRI_dataset\Balloon Cell Cortical Dysplasia\Balloon_Cell_Cortical_Dysplasia863.jpg,Balloon Cell Cortical Dysplasia
C:\Users\HishamMo\Desktop\999_cs\Quantum_Inpired_PSO_Classifcation\MRI_dataset\Balloon Cell Cortical Dysplasia\Balloon_Cell_Cortical_Dysplasia864.jpg,Balloon Cell Cortical Dysplasia
C:\Users\HishamMo\Desktop\999_cs\Quantum_Inpired_PSO_Classifcation\MRI_dataset\Balloon Cell Cortical Dysplasia\Balloon_Cell_Cortical_Dysplasia865.jpg,Balloon Cell Cortical Dysplasia
C:\Users\HishamMo\Desktop\999_cs\Quantum_Inpired_PSO_Classifcation\MRI_dataset\Balloon Cell Cortical Dysplasia\Balloon_Cell_Cortical_Dysplasia866.jpg,Balloon Cell Cortical Dysplasia
C:\Users\HishamMo\Desktop\999_cs\Quantum_Inpired_PSO_Classifcation\MRI_dataset\Balloon Cell Cortical Dysplasia\Balloon_Cell_Cortical_Dysplasia867.jpg,Balloon Cell Cortical Dysplasia
C:\Users\HishamMo\Desktop\999_cs\Quantum_Inpired_PSO_Classifcation\MRI_dataset\Balloon Cell Cortical Dysplasia\Balloon_Cell_Cortical_Dysplasia868.jpg,Balloon Cell Cortical Dysplasia
C:\Users\HishamMo\Desktop\999_cs\Quantum_Inpired_PSO_Classifcation\MRI_dataset\Balloon Cell Cortical Dysplasia\Balloon_Cell_Cortical_Dysplasia869.jpg,Balloon Cell Cortical Dysplasia
C:\Users\HishamMo\Desktop\999_cs\Quantum_Inpired_PSO_Classifcation\MRI_dataset\Balloon Cell Cortical Dysplasia\Balloon_Cell_Cortical_Dysplasia870.jpg,Balloon Cell Cortical Dysplasia
C:\Users\HishamMo\Desktop\999_cs\Quantum_Inpired_PSO_Classifcation\MRI_dataset\Balloon Cell Cortical Dysplasia\Balloon_Cell_Cortical_Dysplasia871.jpg,Balloon Cell Cortical Dysplasia
C:\Users\HishamMo\Desktop\999_cs\Quantum_Inpired_PSO_Classifcation\MRI_dataset\Balloon Cell Cortical Dysplasia\Balloon_Cell_Cortical_Dysplasia872.jpg,Balloon Cell Cortical Dysplasia
C:\Users\HishamMo\Desktop\999_cs\Quantum_Inpired_PSO_Classifcation\MRI_dataset\Balloon Cell Cortical Dysplasia\Balloon_Cell_Cortical_Dysplasia873.jpg,Balloon Cell Cortical Dysplasia
C:\Users\HishamMo\Desktop\999_cs\Quantum_Inpired_PSO_Classifcation\MRI_dataset\Balloon Cell Cortical Dysplasia\Balloon_Cell_Cortical_Dysplasia874.jpg,Balloon Cell Cortical Dysplasia
C:\Users\HishamMo\Desktop\999_cs\Quantum_Inpired_PSO_Classifcation\MRI_dataset\Balloon Cell Cortical Dysplasia\Balloon_Cell_Cortical_Dysplasia875.jpg,Balloon Cell Cortical Dysplasia
C:\Users\HishamMo\Desktop\999_cs\Quantum_Inpired_PSO_Classifcation\MRI_dataset\Balloon Cell Cortical Dysplasia\Balloon_Cell_Cortical_Dysplasia876.jpg,Balloon Cell Cortical Dysplasia
C:\Users\HishamMo\Desktop\999_cs\Quantum_Inpired_PSO_Classifcation\MRI_dataset\Balloon Cell Cortical Dysplasia\Balloon_Cell_Cortical_Dysplasia877.jpg,Balloon Cell Cortical Dysplasia
C:\Users\HishamMo\Desktop\999_cs\Quantum_Inpired_PSO_Classifcation\MRI_dataset\Balloon Cell Cortical Dysplasia\Balloon_Cell_Cortical_Dysplasia878.jpg,Balloon Cell Cortical Dysplasia
C:\Users\HishamMo\Desktop\999_cs\Quantum_Inpired_PSO_Classifcation\MRI_dataset\Balloon Cell Cortical Dysplasia\Balloon_Cell_Cortical_Dysplasia879.jpg,Balloon Cell Cortical Dysplasia
C:\Users\HishamMo\Desktop\999_cs\Quantum_Inpired_PSO_Classifcation\MRI_dataset\Balloon Cell Cortical Dysplasia\Balloon_Cell_Cortical_Dysplasia880.jpg,Balloon Cell Cortical Dysplasia
C:\Users\HishamMo\Desktop\999_cs\Quantum_Inpired_PSO_Classifcation\MRI_dataset\Balloon Cell Cortical Dysplasia\Balloon_Cell_Cortical_Dysplasia881.jpg,Balloon Cell Cortical Dysplasia
C:\Users\HishamMo\Desktop\999_cs\Quantum_Inpired_PSO_Classifcation\MRI_dataset\Balloon Cell Cortical Dysplasia\Balloon_Cell_Cortical_Dysplasia882.jpg,Balloon Cell Cortical Dysplasia
C:\Users\HishamMo\Desktop\999_cs\Quantum_Inpired_PSO_Classifcation\MRI_dataset\Balloon Cell Cortical Dysplasia\Balloon_Cell_Cortical_Dysplasia883.jpg,Balloon Cell Cortical Dysplasia
C:\Users\HishamMo\Desktop\999_cs\Quantum_Inpired_PSO_Classifcation\MRI_dataset\Balloon Cell Cortical Dysplasia\Balloon_Cell_Cortical_Dysplasia884.jpg,Balloon Cell Cortical Dysplasia
C:\Users\HishamMo\Desktop\999_cs\Quantum_Inpired_PSO_Classifcation\MRI_dataset\Balloon Cell Cortical Dysplasia\Balloon_Cell_Cortical_Dysplasia885.jpg,Balloon Cell Cortical Dysplasia
C:\Users\HishamMo\Desktop\999_cs\Quantum_Inpired_PSO_Classifcation\MRI_dataset\Balloon Cell Cortical Dysplasia\Balloon_Cell_Cortical_Dysplasia886.jpg,Balloon Cell Cortical Dysplasia
C:\Users\HishamMo\Desktop\999_cs\Quantum_Inpired_PSO_Classifcation\MRI_dataset\Balloon Cell Cortical Dysplasia\Balloon_Cell_Cortical_Dysplasia887.jpg,Balloon Cell Cortical Dysplasia
C:\Users\HishamMo\Desktop\999_cs\Quantum_Inpired_PSO_Classifcation\MRI_dataset\Balloon Cell Cortical Dysplasia\Balloon_Cell_Cortical_Dysplasia888.jpg,Balloon Cell Cortical Dysplasia
C:\Users\HishamMo\Desktop\999_cs\Quantum_Inpired_PSO_Classifcation\MRI_dataset\Balloon Cell Cortical Dysplasia\Balloon_Cell_Cortical_Dysplasia889.jpg,Balloon Cell Cortical Dysplasia
C:\Users\HishamMo\Desktop\999_cs\Quantum_Inpired_PSO_Classifcation\MRI_dataset\Balloon Cell Cortical Dysplasia\Balloon_Cell_Cortical_Dysplasia890.jpg,Balloon Cell Cortical Dysplasia
C:\Users\HishamMo\Desktop\999_cs\Quantum_Inpired_PSO_Classifcation\MRI_dataset\Balloon Cell Cortical Dysplasia\Balloon_Cell_Cortical_Dysplasia891.jpg,Balloon Cell Cortical Dysplasia
C:\Users\HishamMo\Desktop\999_cs\Quantum_Inpired_PSO_Classifcation\MRI_dataset\Balloon Cell Cortical Dysplasia\Balloon_Cell_Cortical_Dysplasia892.jpg,Balloon Cell Cortical Dysplasia
C:\Users\HishamMo\Desktop\999_cs\Quantum_Inpired_PSO_Classifcation\MRI_dataset\Balloon Cell Cortical Dysplasia\Balloon_Cell_Cortical_Dysplasia893.jpg,Balloon Cell Cortical Dysplasia
C:\Users\HishamMo\Desktop\999_cs\Quantum_Inpired_PSO_Classifcation\MRI_dataset\Balloon Cell Cortical Dysplasia\Balloon_Cell_Cortical_Dysplasia894.jpg,Balloon Cell Cortical Dysplasia
C:\Users\HishamMo\Desktop\999_cs\Quantum_Inpired_PSO_Classifcation\MRI_dataset\Balloon Cell Cortical Dysplasia\Balloon_Cell_Cortical_Dysplasia895.jpg,Balloon Cell Cortical Dysplasia
C:\Users\HishamMo\Desktop\999_cs\Quantum_Inpired_PSO_Classifcation\MRI_dataset\Balloon Cell Cortical Dysplasia\Balloon_Cell_Cortical_Dysplasia896.jpg,Balloon Cell Cortical Dysplasia
C:\Users\HishamMo\Desktop\999_cs\Quantum_Inpired_PSO_Classifcation\MRI_dataset\Balloon Cell Cortical Dysplasia\Balloon_Cell_Cortical_Dysplasia897.jpg,Balloon Cell Cortical Dysplasia
C:\Users\HishamMo\Desktop\999_cs\Quantum_Inpired_PSO_Classifcation\MRI_dataset\Balloon Cell Cortical Dysplasia\Balloon_Cell_Cortical_Dysplasia898.jpg,Balloon Cell Cortical Dysplasia
C:\Users\HishamMo\Desktop\999_cs\Quantum_Inpired_PSO_Classifcation\MRI_dataset\Balloon Cell Cortical Dysplasia\Balloon_Cell_Cortical_Dysplasia899.jpg,Balloon Cell Cortical Dysplasia
C:\Users\HishamMo\Desktop\999_cs\Quantum_Inpired_PSO_Classifcation\MRI_dataset\Balloon Cell Cortical Dysplasia\Balloon_Cell_Cortical_Dysplasia900.jpg,Balloon Cell Cortical Dysplasia
C:\Users\HishamMo\Desktop\999_cs\Quantum_Inpired_PSO_Classifcation\MRI_dataset\Balloon Cell Cortical Dysplasia\Balloon_Cell_Cortical_Dysplasia901.jpg,Balloon Cell Cortical Dysplasia
C:\Users\HishamMo\Desktop\999_cs\Quantum_Inpired_PSO_Classifcation\MRI_dataset\Balloon Cell Cortical Dysplasia\Balloon_Cell_Cortical_Dysplasia902.jpg,Balloon Cell Cortical Dysplasia
C:\Users\HishamMo\Desktop\999_cs\Quantum_Inpired_PSO_Classifcation\MRI_dataset\Balloon Cell Cortical Dysplasia\Balloon_Cell_Cortical_Dysplasia903.jpg,Balloon Cell Cortical Dysplasia
C:\Users\HishamMo\Desktop\999_cs\Quantum_Inpired_PSO_Classifcation\MRI_dataset\Balloon Cell Cortical Dysplasia\Balloon_Cell_Cortical_Dysplasia904.jpg,Balloon Cell Cortical Dysplasia
C:\Users\HishamMo\Desktop\999_cs\Quantum_Inpired_PSO_Classifcation\MRI_dataset\Balloon Cell Cortical Dysplasia\Balloon_Cell_Cortical_Dysplasia905.jpg,Balloon Cell Cortical Dysplasia
C:\Users\HishamMo\Desktop\999_cs\Quantum_Inpired_PSO_Classifcation\MRI_dataset\Balloon Cell Cortical Dysplasia\Balloon_Cell_Cortical_Dysplasia906.jpg,Balloon Cell Cortical Dysplasia
C:\Users\HishamMo\Desktop\999_cs\Quantum_Inpired_PSO_Classifcation\MRI_dataset\Balloon Cell Cortical Dysplasia\Balloon_Cell_Cortical_Dysplasia907.jpg,Balloon Cell Cortical Dysplasia
C:\Users\HishamMo\Desktop\999_cs\Quantum_Inpired_PSO_Classifcation\MRI_dataset\Balloon Cell Cortical Dysplasia\Balloon_Cell_Cortical_Dysplasia908.jpg,Balloon Cell Cortical Dysplasia
C:\Users\HishamMo\Desktop\999_cs\Quantum_Inpired_PSO_Classifcation\MRI_dataset\Balloon Cell Cortical Dysplasia\Balloon_Cell_Cortical_Dysplasia909.jpg,Balloon Cell Cortical Dysplasia
C:\Users\HishamMo\Desktop\999_cs\Quantum_Inpired_PSO_Classifcation\MRI_dataset\Balloon Cell Cortical Dysplasia\Balloon_Cell_Cortical_Dysplasia910.jpg,Balloon Cell Cortical Dysplasia
C:\Users\HishamMo\Desktop\999_cs\Quantum_Inpired_PSO_Classifcation\MRI_dataset\Balloon Cell Cortical Dysplasia\Balloon_Cell_Cortical_Dysplasia911.jpg,Balloon Cell Cortical Dysplasia
C:\Users\HishamMo\Desktop\999_cs\Quantum_Inpired_PSO_Classifcation\MRI_dataset\Balloon Cell Cortical Dysplasia\Balloon_Cell_Cortical_Dysplasia912.jpg,Balloon Cell Cortical Dysplasia
C:\Users\HishamMo\Desktop\999_cs\Quantum_Inpired_PSO_Classifcation\MRI_dataset\Balloon Cell Cortical Dysplasia\Balloon_Cell_Cortical_Dysplasia913.jpg,Balloon Cell Cortical Dysplasia
C:\Users\HishamMo\Desktop\999_cs\Quantum_Inpired_PSO_Classifcation\MRI_dataset\Balloon Cell Cortical Dysplasia\Balloon_Cell_Cortical_Dysplasia914.jpg,Balloon Cell Cortical Dysplasia
C:\Users\HishamMo\Desktop\999_cs\Quantum_Inpired_PSO_Classifcation\MRI_dataset\Balloon Cell Cortical Dysplasia\Balloon_Cell_Cortical_Dysplasia915.jpg,Balloon Cell Cortical Dysplasia
C:\Users\HishamMo\Desktop\999_cs\Quantum_Inpired_PSO_Classifcation\MRI_dataset\Balloon Cell Cortical Dysplasia\Balloon_Cell_Cortical_Dysplasia916.jpg,Balloon Cell Cortical Dysplasia
C:\Users\HishamMo\Desktop\999_cs\Quantum_Inpired_PSO_Classifcation\MRI_dataset\Balloon Cell Cortical Dysplasia\Balloon_Cell_Cortical_Dysplasia917.jpg,Balloon Cell Cortical Dysplasia
C:\Users\HishamMo\Desktop\999_cs\Quantum_Inpired_PSO_Classifcation\MRI_dataset\Balloon Cell Cortical Dysplasia\Balloon_Cell_Cortical_Dysplasia918.jpg,Balloon Cell Cortical Dysplasia
C:\Users\HishamMo\Desktop\999_cs\Quantum_Inpired_PSO_Classifcation\MRI_dataset\Balloon Cell Cortical Dysplasia\Balloon_Cell_Cortical_Dysplasia919.jpg,Balloon Cell Cortical Dysplasia
C:\Users\HishamMo\Desktop\999_cs\Quantum_Inpired_PSO_Classifcation\MRI_dataset\Balloon Cell Cortical Dysplasia\Balloon_Cell_Cortical_Dysplasia920.jpg,Balloon Cell Cortical Dysplasia
C:\Users\HishamMo\Desktop\999_cs\Quantum_Inpired_PSO_Classifcation\MRI_dataset\Balloon Cell Cortical Dysplasia\Balloon_Cell_Cortical_Dysplasia921.jpg,Balloon Cell Cortical Dysplasia
C:\Users\HishamMo\Desktop\999_cs\Quantum_Inpired_PSO_Classifcation\MRI_dataset\Balloon Cell Cortical Dysplasia\Balloon_Cell_Cortical_Dysplasia922.jpg,Balloon Cell Cortical Dysplasia
C:\Users\HishamMo\Desktop\999_cs\Quantum_Inpired_PSO_Classifcation\MRI_dataset\Balloon Cell Cortical Dysplasia\Balloon_Cell_Cortical_Dysplasia923.jpg,Balloon Cell Cortical Dysplasia
C:\Users\HishamMo\Desktop\999_cs\Quantum_Inpired_PSO_Classifcation\MRI_dataset\Balloon Cell Cortical Dysplasia\Balloon_Cell_Cortical_Dysplasia924.jpg,Balloon Cell Cortical Dysplasia
C:\Users\HishamMo\Desktop\999_cs\Quantum_Inpired_PSO_Classifcation\MRI_dataset\Balloon Cell Cortical Dysplasia\Balloon_Cell_Cortical_Dysplasia925.jpg,Balloon Cell Cortical Dysplasia
C:\Users\HishamMo\Desktop\999_cs\Quantum_Inpired_PSO_Classifcation\MRI_dataset\Balloon Cell Cortical Dysplasia\Balloon_Cell_Cortical_Dysplasia926.jpg,Balloon Cell Cortical Dysplasia
C:\Users\HishamMo\Desktop\999_cs\Quantum_Inpired_PSO_Classifcation\MRI_dataset\Balloon Cell Cortical Dysplasia\Balloon_Cell_Cortical_Dysplasia927.jpg,Balloon Cell Cortical Dysplasia
C:\Users\HishamMo\Desktop\999_cs\Quantum_Inpired_PSO_Classifcation\MRI_dataset\Balloon Cell Cortical Dysplasia\Balloon_Cell_Cortical_Dysplasia928.jpg,Balloon Cell Cortical Dysplasia
C:\Users\HishamMo\Desktop\999_cs\Quantum_Inpired_PSO_Classifcation\MRI_dataset\Balloon Cell Cortical Dysplasia\Balloon_Cell_Cortical_Dysplasia929.jpg,Balloon Cell Cortical Dysplasia
C:\Users\HishamMo\Desktop\999_cs\Quantum_Inpired_PSO_Classifcation\MRI_dataset\Balloon Cell Cortical Dysplasia\Balloon_Cell_Cortical_Dysplasia930.jpg,Balloon Cell Cortical Dysplasia
C:\Users\HishamMo\Desktop\999_cs\Quantum_Inpired_PSO_Classifcation\MRI_dataset\Balloon Cell Cortical Dysplasia\Balloon_Cell_Cortical_Dysplasia931.jpg,Balloon Cell Cortical Dysplasia
C:\Users\HishamMo\Desktop\999_cs\Quantum_Inpired_PSO_Classifcation\MRI_dataset\Balloon Cell Cortical Dysplasia\Balloon_Cell_Cortical_Dysplasia932.jpg,Balloon Cell Cortical Dysplasia
C:\Users\HishamMo\Desktop\999_cs\Quantum_Inpired_PSO_Classifcation\MRI_dataset\Balloon Cell Cortical Dysplasia\Balloon_Cell_Cortical_Dysplasia933.jpg,Balloon Cell Cortical Dysplasia
C:\Users\HishamMo\Desktop\999_cs\Quantum_Inpired_PSO_Classifcation\MRI_dataset\Balloon Cell Cortical Dysplasia\Balloon_Cell_Cortical_Dysplasia934.jpg,Balloon Cell Cortical Dysplasia
C:\Users\HishamMo\Desktop\999_cs\Quantum_Inpired_PSO_Classifcation\MRI_dataset\Balloon Cell Cortical Dysplasia\Balloon_Cell_Cortical_Dysplasia935.jpg,Balloon Cell Cortical Dysplasia
C:\Users\HishamMo\Desktop\999_cs\Quantum_Inpired_PSO_Classifcation\MRI_dataset\Balloon Cell Cortical Dysplasia\Balloon_Cell_Cortical_Dysplasia936.jpg,Balloon Cell Cortical Dysplasia
C:\Users\HishamMo\Desktop\999_cs\Quantum_Inpired_PSO_Classifcation\MRI_dataset\Balloon Cell Cortical Dysplasia\Balloon_Cell_Cortical_Dysplasia937.jpg,Balloon Cell Cortical Dysplasia
C:\Users\HishamMo\Desktop\999_cs\Quantum_Inpired_PSO_Classifcation\MRI_dataset\Balloon Cell Cortical Dysplasia\Balloon_Cell_Cortical_Dysplasia938.jpg,Balloon Cell Cortical Dysplasia
C:\Users\HishamMo\Desktop\999_cs\Quantum_Inpired_PSO_Classifcation\MRI_dataset\Balloon Cell Cortical Dysplasia\Balloon_Cell_Cortical_Dysplasia939.jpg,Balloon Cell Cortical Dysplasia
C:\Users\HishamMo\Desktop\999_cs\Quantum_Inpired_PSO_Classifcation\MRI_dataset\Balloon Cell Cortical Dysplasia\Balloon_Cell_Cortical_Dysplasia940.jpg,Balloon Cell Cortical Dysplasia
C:\Users\HishamMo\Desktop\999_cs\Quantum_Inpired_PSO_Classifcation\MRI_dataset\Balloon Cell Cortical Dysplasia\Balloon_Cell_Cortical_Dysplasia941.jpg,Balloon Cell Cortical Dysplasia
C:\Users\HishamMo\Desktop\999_cs\Quantum_Inpired_PSO_Classifcation\MRI_dataset\Balloon Cell Cortical Dysplasia\Balloon_Cell_Cortical_Dysplasia942.jpg,Balloon Cell Cortical Dysplasia
C:\Users\HishamMo\Desktop\999_cs\Quantum_Inpired_PSO_Classifcation\MRI_dataset\Balloon Cell Cortical Dysplasia\Balloon_Cell_Cortical_Dysplasia943.jpg,Balloon Cell Cortical Dysplasia
C:\Users\HishamMo\Desktop\999_cs\Quantum_Inpired_PSO_Classifcation\MRI_dataset\Balloon Cell Cortical Dysplasia\Balloon_Cell_Cortical_Dysplasia944.jpg,Balloon Cell Cortical Dysplasia
C:\Users\HishamMo\Desktop\999_cs\Quantum_Inpired_PSO_Classifcation\MRI_dataset\Balloon Cell Cortical Dysplasia\Balloon_Cell_Cortical_Dysplasia945.jpg,Balloon Cell Cortical Dysplasia
C:\Users\HishamMo\Desktop\999_cs\Quantum_Inpired_PSO_Classifcation\MRI_dataset\Balloon Cell Cortical Dysplasia\Balloon_Cell_Cortical_Dysplasia946.jpg,Balloon Cell Cortical Dysplasia
C:\Users\HishamMo\Desktop\999_cs\Quantum_Inpired_PSO_Classifcation\MRI_dataset\Balloon Cell Cortical Dysplasia\Balloon_Cell_Cortical_Dysplasia947.jpg,Balloon Cell Cortical Dysplasia
C:\Users\HishamMo\Desktop\999_cs\Quantum_Inpired_PSO_Classifcation\MRI_dataset\Balloon Cell Cortical Dysplasia\Balloon_Cell_Cortical_Dysplasia948.jpg,Balloon Cell Cortical Dysplasia
C:\Users\HishamMo\Desktop\999_cs\Quantum_Inpired_PSO_Classifcation\MRI_dataset\Balloon Cell Cortical Dysplasia\Balloon_Cell_Cortical_Dysplasia949.jpg,Balloon Cell Cortical Dysplasia
C:\Users\HishamMo\Desktop\999_cs\Quantum_Inpired_PSO_Classifcation\MRI_dataset\Balloon Cell Cortical Dysplasia\Balloon_Cell_Cortical_Dysplasia950.jpg,Balloon Cell Cortical Dysplasia
C:\Users\HishamMo\Desktop\999_cs\Quantum_Inpired_PSO_Classifcation\MRI_dataset\Balloon Cell Cortical Dysplasia\Balloon_Cell_Cortical_Dysplasia951.jpg,Balloon Cell Cortical Dysplasia
C:\Users\HishamMo\Desktop\999_cs\Quantum_Inpired_PSO_Classifcation\MRI_dataset\Balloon Cell Cortical Dysplasia\Balloon_Cell_Cortical_Dysplasia952.jpg,Balloon Cell Cortical Dysplasia
C:\Users\HishamMo\Desktop\999_cs\Quantum_Inpired_PSO_Classifcation\MRI_dataset\Balloon Cell Cortical Dysplasia\Balloon_Cell_Cortical_Dysplasia953.jpg,Balloon Cell Cortical Dysplasia
C:\Users\HishamMo\Desktop\999_cs\Quantum_Inpired_PSO_Classifcation\MRI_dataset\Balloon Cell Cortical Dysplasia\Balloon_Cell_Cortical_Dysplasia954.jpg,Balloon Cell Cortical Dysplasia
C:\Users\HishamMo\Desktop\999_cs\Quantum_Inpired_PSO_Classifcation\MRI_dataset\Balloon Cell Cortical Dysplasia\Balloon_Cell_Cortical_Dysplasia955.jpg,Balloon Cell Cortical Dysplasia
C:\Users\HishamMo\Desktop\999_cs\Quantum_Inpired_PSO_Classifcation\MRI_dataset\Balloon Cell Cortical Dysplasia\Balloon_Cell_Cortical_Dysplasia956.jpg,Balloon Cell Cortical Dysplasia
C:\Users\HishamMo\Desktop\999_cs\Quantum_Inpired_PSO_Classifcation\MRI_dataset\Balloon Cell Cortical Dysplasia\Balloon_Cell_Cortical_Dysplasia957.jpg,Balloon Cell Cortical Dysplasia
C:\Users\HishamMo\Desktop\999_cs\Quantum_Inpired_PSO_Classifcation\MRI_dataset\Balloon Cell Cortical Dysplasia\Balloon_Cell_Cortical_Dysplasia958.jpg,Balloon Cell Cortical Dysplasia
C:\Users\HishamMo\Desktop\999_cs\Quantum_Inpired_PSO_Classifcation\MRI_dataset\Balloon Cell Cortical Dysplasia\Balloon_Cell_Cortical_Dysplasia959.jpg,Balloon Cell Cortical Dysplasia
C:\Users\HishamMo\Desktop\999_cs\Quantum_Inpired_PSO_Classifcation\MRI_dataset\Balloon Cell Cortical Dysplasia\Balloon_Cell_Cortical_Dysplasia960.jpg,Balloon Cell Cortical Dysplasia
C:\Users\HishamMo\Desktop\999_cs\Quantum_Inpired_PSO_Classifcation\MRI_dataset\Balloon Cell Cortical Dysplasia\Balloon_Cell_Cortical_Dysplasia961.jpg,Balloon Cell Cortical Dysplasia
C:\Users\HishamMo\Desktop\999_cs\Quantum_Inpired_PSO_Classifcation\MRI_dataset\Balloon Cell Cortical Dysplasia\Balloon_Cell_Cortical_Dysplasia962.jpg,Balloon Cell Cortical Dysplasia
C:\Users\HishamMo\Desktop\999_cs\Quantum_Inpired_PSO_Classifcation\MRI_dataset\Balloon Cell Cortical Dysplasia\Balloon_Cell_Cortical_Dysplasia963.jpg,Balloon Cell Cortical Dysplasia
C:\Users\HishamMo\Desktop\999_cs\Quantum_Inpired_PSO_Classifcation\MRI_dataset\Balloon Cell Cortical Dysplasia\Balloon_Cell_Cortical_Dysplasia964.jpg,Balloon Cell Cortical Dysplasia
C:\Users\HishamMo\Desktop\999_cs\Quantum_Inpired_PSO_Classifcation\MRI_dataset\Balloon Cell Cortical Dysplasia\Balloon_Cell_Cortical_Dysplasia965.jpg,Balloon Cell Cortical Dysplasia
C:\Users\HishamMo\Desktop\999_cs\Quantum_Inpired_PSO_Classifcation\MRI_dataset\Balloon Cell Cortical Dysplasia\Balloon_Cell_Cortical_Dysplasia966.jpg,Balloon Cell Cortical Dysplasia
C:\Users\HishamMo\Desktop\999_cs\Quantum_Inpired_PSO_Classifcation\MRI_dataset\Balloon Cell Cortical Dysplasia\Balloon_Cell_Cortical_Dysplasia967.jpg,Balloon Cell Cortical Dysplasia
C:\Users\HishamMo\Desktop\999_cs\Quantum_Inpired_PSO_Classifcation\MRI_dataset\Balloon Cell Cortical Dysplasia\Balloon_Cell_Cortical_Dysplasia968.jpg,Balloon Cell Cortical Dysplasia
C:\Users\HishamMo\Desktop\999_cs\Quantum_Inpired_PSO_Classifcation\MRI_dataset\Balloon Cell Cortical Dysplasia\Balloon_Cell_Cortical_Dysplasia969.jpg,Balloon Cell Cortical Dysplasia
C:\Users\HishamMo\Desktop\999_cs\Quantum_Inpired_PSO_Classifcation\MRI_dataset\Balloon Cell Cortical Dysplasia\Balloon_Cell_Cortical_Dysplasia970.jpg,Balloon Cell Cortical Dysplasia
C:\Users\HishamMo\Desktop\999_cs\Quantum_Inpired_PSO_Classifcation\MRI_dataset\Balloon Cell Cortical Dysplasia\Balloon_Cell_Cortical_Dysplasia971.jpg,Balloon Cell Cortical Dysplasia
C:\Users\HishamMo\Desktop\999_cs\Quantum_Inpired_PSO_Classifcation\MRI_dataset\Balloon Cell Cortical Dysplasia\Balloon_Cell_Cortical_Dysplasia972.jpg,Balloon Cell Cortical Dysplasia
C:\Users\HishamMo\Desktop\999_cs\Quantum_Inpired_PSO_Classifcation\MRI_dataset\Balloon Cell Cortical Dysplasia\Balloon_Cell_Cortical_Dysplasia973.jpg,Balloon Cell Cortical Dysplasia
C:\Users\HishamMo\Desktop\999_cs\Quantum_Inpired_PSO_Classifcation\MRI_dataset\Balloon Cell Cortical Dysplasia\Balloon_Cell_Cortical_Dysplasia974.jpg,Balloon Cell Cortical Dysplasia
C:\Users\HishamMo\Desktop\999_cs\Quantum_Inpired_PSO_Classifcation\MRI_dataset\Balloon Cell Cortical Dysplasia\Balloon_Cell_Cortical_Dysplasia975.jpg,Balloon Cell Cortical Dysplasia
C:\Users\HishamMo\Desktop\999_cs\Quantum_Inpired_PSO_Classifcation\MRI_dataset\Balloon Cell Cortical Dysplasia\Balloon_Cell_Cortical_Dysplasia976.jpg,Balloon Cell Cortical Dysplasia
C:\Users\HishamMo\Desktop\999_cs\Quantum_Inpired_PSO_Classifcation\MRI_dataset\Balloon Cell Cortical Dysplasia\Balloon_Cell_Cortical_Dysplasia977.jpg,Balloon Cell Cortical Dysplasia
C:\Users\HishamMo\Desktop\999_cs\Quantum_Inpired_PSO_Classifcation\MRI_dataset\Balloon Cell Cortical Dysplasia\Balloon_Cell_Cortical_Dysplasia978.jpg,Balloon Cell Cortical Dysplasia
C:\Users\HishamMo\Desktop\999_cs\Quantum_Inpired_PSO_Classifcation\MRI_dataset\Balloon Cell Cortical Dysplasia\Balloon_Cell_Cortical_Dysplasia979.jpg,Balloon Cell Cortical Dysplasia
C:\Users\HishamMo\Desktop\999_cs\Quantum_Inpired_PSO_Classifcation\MRI_dataset\Balloon Cell Cortical Dysplasia\Balloon_Cell_Cortical_Dysplasia980.jpg,Balloon Cell Cortical Dysplasia
C:\Users\HishamMo\Desktop\999_cs\Quantum_Inpired_PSO_Classifcation\MRI_dataset\Balloon Cell Cortical Dysplasia\Balloon_Cell_Cortical_Dysplasia981.jpg,Balloon Cell Cortical Dysplasia
C:\Users\HishamMo\Desktop\999_cs\Quantum_Inpired_PSO_Classifcation\MRI_dataset\Balloon Cell Cortical Dysplasia\Balloon_Cell_Cortical_Dysplasia982.jpg,Balloon Cell Cortical Dysplasia
C:\Users\HishamMo\Desktop\999_cs\Quantum_Inpired_PSO_Classifcation\MRI_dataset\Balloon Cell Cortical Dysplasia\Balloon_Cell_Cortical_Dysplasia983.jpg,Balloon Cell Cortical Dysplasia
C:\Users\HishamMo\Desktop\999_cs\Quantum_Inpired_PSO_Classifcation\MRI_dataset\Balloon Cell Cortical Dysplasia\Balloon_Cell_Cortical_Dysplasia984.jpg,Balloon Cell Cortical Dysplasia
C:\Users\HishamMo\Desktop\999_cs\Quantum_Inpired_PSO_Classifcation\MRI_dataset\Balloon Cell Cortical Dysplasia\Balloon_Cell_Cortical_Dysplasia985.jpg,Balloon Cell Cortical Dysplasia
C:\Users\HishamMo\Desktop\999_cs\Quantum_Inpired_PSO_Classifcation\MRI_dataset\Balloon Cell Cortical Dysplasia\Balloon_Cell_Cortical_Dysplasia986.jpg,Balloon Cell Cortical Dysplasia
C:\Users\HishamMo\Desktop\999_cs\Quantum_Inpired_PSO_Classifcation\MRI_dataset\Balloon Cell Cortical Dysplasia\Balloon_Cell_Cortical_Dysplasia987.jpg,Balloon Cell Cortical Dysplasia
C:\Users\HishamMo\Desktop\999_cs\Quantum_Inpired_PSO_Classifcation\MRI_dataset\Balloon Cell Cortical Dysplasia\Balloon_Cell_Cortical_Dysplasia988.jpg,Balloon Cell Cortical Dysplasia
C:\Users\HishamMo\Desktop\999_cs\Quantum_Inpired_PSO_Classifcation\MRI_dataset\Balloon Cell Cortical Dysplasia\Balloon_Cell_Cortical_Dysplasia989.jpg,Balloon Cell Cortical Dysplasia
C:\Users\HishamMo\Desktop\999_cs\Quantum_Inpired_PSO_Classifcation\MRI_dataset\Balloon Cell Cortical Dysplasia\Balloon_Cell_Cortical_Dysplasia990.jpg,Balloon Cell Cortical Dysplasia
C:\Users\HishamMo\Desktop\999_cs\Quantum_Inpired_PSO_Classifcation\MRI_dataset\Balloon Cell Cortical Dysplasia\Balloon_Cell_Cortical_Dysplasia991.jpg,Balloon Cell Cortical Dysplasia
C:\Users\HishamMo\Desktop\999_cs\Quantum_Inpired_PSO_Classifcation\MRI_dataset\Balloon Cell Cortical Dysplasia\Balloon_Cell_Cortical_Dysplasia992.jpg,Balloon Cell Cortical Dysplasia
C:\Users\HishamMo\Desktop\999_cs\Quantum_Inpired_PSO_Classifcation\MRI_dataset\Balloon Cell Cortical Dysplasia\Balloon_Cell_Cortical_Dysplasia993.jpg,Balloon Cell Cortical Dysplasia
C:\Users\HishamMo\Desktop\999_cs\Quantum_Inpired_PSO_Classifcation\MRI_dataset\Balloon Cell Cortical Dysplasia\Balloon_Cell_Cortical_Dysplasia994.jpg,Balloon Cell Cortical Dysplasia
C:\Users\HishamMo\Desktop\999_cs\Quantum_Inpired_PSO_Classifcation\MRI_dataset\Balloon Cell Cortical Dysplasia\Balloon_Cell_Cortical_Dysplasia995.jpg,Balloon Cell Cortical Dysplasia
C:\Users\HishamMo\Desktop\999_cs\Quantum_Inpired_PSO_Classifcation\MRI_dataset\Balloon Cell Cortical Dysplasia\Balloon_Cell_Cortical_Dysplasia996.jpg,Balloon Cell Cortical Dysplasia
C:\Users\HishamMo\Desktop\999_cs\Quantum_Inpired_PSO_Classifcation\MRI_dataset\Balloon Cell Cortical Dysplasia\Balloon_Cell_Cortical_Dysplasia997.jpg,Balloon Cell Cortical Dysplasia
C:\Users\HishamMo\Desktop\999_cs\Quantum_Inpired_PSO_Classifcation\MRI_dataset\Balloon Cell Cortical Dysplasia\Balloon_Cell_Cortical_Dysplasia998.jpg,Balloon Cell Cortical Dysplasia
C:\Users\HishamMo\Desktop\999_cs\Quantum_Inpired_PSO_Classifcation\MRI_dataset\Balloon Cell Cortical Dysplasia\Balloon_Cell_Cortical_Dysplasia999.jpg,Balloon Cell Cortical Dysplasia
