image_path,label
C:\Users\HishamMo\Desktop\999_cs\Quantum_Inpired_PSO_Classifcation\MRI_dataset\Bilateral Osgood-Schlatter Disease with Chronic Inflammatory Arthritis\Bilateral_Osgood-Schlatter_Disease_with_Chronic_Inflammatory_Arthritis001.jpg,Bilateral Osgood-Schlatter Disease with Chronic Inflammatory Arthritis
C:\Users\HishamMo\Desktop\999_cs\Quantum_Inpired_PSO_Classifcation\MRI_dataset\Bilateral Osgood-Schlatter Disease with Chronic Inflammatory Arthritis\Bilateral_Osgood-Schlatter_Disease_with_Chronic_Inflammatory_Arthritis002.jpg,Bilateral Osgood-Schlatter Disease with Chronic Inflammatory Arthritis
C:\Users\HishamMo\Desktop\999_cs\Quantum_Inpired_PSO_Classifcation\MRI_dataset\Bilateral Osgood-Schlatter Disease with Chronic Inflammatory Arthritis\Bilateral_Osgood-Schlatter_Disease_with_Chronic_Inflammatory_Arthritis003.jpg,Bilateral Osgood-Schlatter Disease with Chronic Inflammatory Arthritis
C:\Users\HishamMo\Desktop\999_cs\Quantum_Inpired_PSO_Classifcation\MRI_dataset\Bilateral Osgood-Schlatter Disease with Chronic Inflammatory Arthritis\Bilateral_Osgood-Schlatter_Disease_with_Chronic_Inflammatory_Arthritis004.jpg,Bilateral Osgood-Schlatter Disease with Chronic Inflammatory Arthritis
C:\Users\HishamMo\Desktop\999_cs\Quantum_Inpired_PSO_Classifcation\MRI_dataset\Bilateral Osgood-Schlatter Disease with Chronic Inflammatory Arthritis\Bilateral_Osgood-Schlatter_Disease_with_Chronic_Inflammatory_Arthritis005.jpg,Bilateral Osgood-Schlatter Disease with Chronic Inflammatory Arthritis
C:\Users\HishamMo\Desktop\999_cs\Quantum_Inpired_PSO_Classifcation\MRI_dataset\Bilateral Osgood-Schlatter Disease with Chronic Inflammatory Arthritis\Bilateral_Osgood-Schlatter_Disease_with_Chronic_Inflammatory_Arthritis006.jpg,Bilateral Osgood-Schlatter Disease with Chronic Inflammatory Arthritis
C:\Users\HishamMo\Desktop\999_cs\Quantum_Inpired_PSO_Classifcation\MRI_dataset\Bilateral Osgood-Schlatter Disease with Chronic Inflammatory Arthritis\Bilateral_Osgood-Schlatter_Disease_with_Chronic_Inflammatory_Arthritis007.jpg,Bilateral Osgood-Schlatter Disease with Chronic Inflammatory Arthritis
C:\Users\HishamMo\Desktop\999_cs\Quantum_Inpired_PSO_Classifcation\MRI_dataset\Bilateral Osgood-Schlatter Disease with Chronic Inflammatory Arthritis\Bilateral_Osgood-Schlatter_Disease_with_Chronic_Inflammatory_Arthritis008.jpg,Bilateral Osgood-Schlatter Disease with Chronic Inflammatory Arthritis
C:\Users\HishamMo\Desktop\999_cs\Quantum_Inpired_PSO_Classifcation\MRI_dataset\Bilateral Osgood-Schlatter Disease with Chronic Inflammatory Arthritis\Bilateral_Osgood-Schlatter_Disease_with_Chronic_Inflammatory_Arthritis009.jpg,Bilateral Osgood-Schlatter Disease with Chronic Inflammatory Arthritis
C:\Users\HishamMo\Desktop\999_cs\Quantum_Inpired_PSO_Classifcation\MRI_dataset\Bilateral Osgood-Schlatter Disease with Chronic Inflammatory Arthritis\Bilateral_Osgood-Schlatter_Disease_with_Chronic_Inflammatory_Arthritis010.jpg,Bilateral Osgood-Schlatter Disease with Chronic Inflammatory Arthritis
C:\Users\HishamMo\Desktop\999_cs\Quantum_Inpired_PSO_Classifcation\MRI_dataset\Bilateral Osgood-Schlatter Disease with Chronic Inflammatory Arthritis\Bilateral_Osgood-Schlatter_Disease_with_Chronic_Inflammatory_Arthritis011.jpg,Bilateral Osgood-Schlatter Disease with Chronic Inflammatory Arthritis
C:\Users\HishamMo\Desktop\999_cs\Quantum_Inpired_PSO_Classifcation\MRI_dataset\Bilateral Osgood-Schlatter Disease with Chronic Inflammatory Arthritis\Bilateral_Osgood-Schlatter_Disease_with_Chronic_Inflammatory_Arthritis012.jpg,Bilateral Osgood-Schlatter Disease with Chronic Inflammatory Arthritis
C:\Users\HishamMo\Desktop\999_cs\Quantum_Inpired_PSO_Classifcation\MRI_dataset\Bilateral Osgood-Schlatter Disease with Chronic Inflammatory Arthritis\Bilateral_Osgood-Schlatter_Disease_with_Chronic_Inflammatory_Arthritis013.jpg,Bilateral Osgood-Schlatter Disease with Chronic Inflammatory Arthritis
C:\Users\HishamMo\Desktop\999_cs\Quantum_Inpired_PSO_Classifcation\MRI_dataset\Bilateral Osgood-Schlatter Disease with Chronic Inflammatory Arthritis\Bilateral_Osgood-Schlatter_Disease_with_Chronic_Inflammatory_Arthritis014.jpg,Bilateral Osgood-Schlatter Disease with Chronic Inflammatory Arthritis
C:\Users\HishamMo\Desktop\999_cs\Quantum_Inpired_PSO_Classifcation\MRI_dataset\Bilateral Osgood-Schlatter Disease with Chronic Inflammatory Arthritis\Bilateral_Osgood-Schlatter_Disease_with_Chronic_Inflammatory_Arthritis015.jpg,Bilateral Osgood-Schlatter Disease with Chronic Inflammatory Arthritis
C:\Users\HishamMo\Desktop\999_cs\Quantum_Inpired_PSO_Classifcation\MRI_dataset\Bilateral Osgood-Schlatter Disease with Chronic Inflammatory Arthritis\Bilateral_Osgood-Schlatter_Disease_with_Chronic_Inflammatory_Arthritis016.jpg,Bilateral Osgood-Schlatter Disease with Chronic Inflammatory Arthritis
C:\Users\HishamMo\Desktop\999_cs\Quantum_Inpired_PSO_Classifcation\MRI_dataset\Bilateral Osgood-Schlatter Disease with Chronic Inflammatory Arthritis\Bilateral_Osgood-Schlatter_Disease_with_Chronic_Inflammatory_Arthritis017.jpg,Bilateral Osgood-Schlatter Disease with Chronic Inflammatory Arthritis
C:\Users\HishamMo\Desktop\999_cs\Quantum_Inpired_PSO_Classifcation\MRI_dataset\Bilateral Osgood-Schlatter Disease with Chronic Inflammatory Arthritis\Bilateral_Osgood-Schlatter_Disease_with_Chronic_Inflammatory_Arthritis018.jpg,Bilateral Osgood-Schlatter Disease with Chronic Inflammatory Arthritis
C:\Users\HishamMo\Desktop\999_cs\Quantum_Inpired_PSO_Classifcation\MRI_dataset\Bilateral Osgood-Schlatter Disease with Chronic Inflammatory Arthritis\Bilateral_Osgood-Schlatter_Disease_with_Chronic_Inflammatory_Arthritis019.jpg,Bilateral Osgood-Schlatter Disease with Chronic Inflammatory Arthritis
C:\Users\HishamMo\Desktop\999_cs\Quantum_Inpired_PSO_Classifcation\MRI_dataset\Bilateral Osgood-Schlatter Disease with Chronic Inflammatory Arthritis\Bilateral_Osgood-Schlatter_Disease_with_Chronic_Inflammatory_Arthritis020.jpg,Bilateral Osgood-Schlatter Disease with Chronic Inflammatory Arthritis
C:\Users\HishamMo\Desktop\999_cs\Quantum_Inpired_PSO_Classifcation\MRI_dataset\Bilateral Osgood-Schlatter Disease with Chronic Inflammatory Arthritis\Bilateral_Osgood-Schlatter_Disease_with_Chronic_Inflammatory_Arthritis021.jpg,Bilateral Osgood-Schlatter Disease with Chronic Inflammatory Arthritis
C:\Users\HishamMo\Desktop\999_cs\Quantum_Inpired_PSO_Classifcation\MRI_dataset\Bilateral Osgood-Schlatter Disease with Chronic Inflammatory Arthritis\Bilateral_Osgood-Schlatter_Disease_with_Chronic_Inflammatory_Arthritis022.jpg,Bilateral Osgood-Schlatter Disease with Chronic Inflammatory Arthritis
C:\Users\HishamMo\Desktop\999_cs\Quantum_Inpired_PSO_Classifcation\MRI_dataset\Bilateral Osgood-Schlatter Disease with Chronic Inflammatory Arthritis\Bilateral_Osgood-Schlatter_Disease_with_Chronic_Inflammatory_Arthritis023.jpg,Bilateral Osgood-Schlatter Disease with Chronic Inflammatory Arthritis
C:\Users\HishamMo\Desktop\999_cs\Quantum_Inpired_PSO_Classifcation\MRI_dataset\Bilateral Osgood-Schlatter Disease with Chronic Inflammatory Arthritis\Bilateral_Osgood-Schlatter_Disease_with_Chronic_Inflammatory_Arthritis024.jpg,Bilateral Osgood-Schlatter Disease with Chronic Inflammatory Arthritis
C:\Users\HishamMo\Desktop\999_cs\Quantum_Inpired_PSO_Classifcation\MRI_dataset\Bilateral Osgood-Schlatter Disease with Chronic Inflammatory Arthritis\Bilateral_Osgood-Schlatter_Disease_with_Chronic_Inflammatory_Arthritis025.jpg,Bilateral Osgood-Schlatter Disease with Chronic Inflammatory Arthritis
C:\Users\HishamMo\Desktop\999_cs\Quantum_Inpired_PSO_Classifcation\MRI_dataset\Bilateral Osgood-Schlatter Disease with Chronic Inflammatory Arthritis\Bilateral_Osgood-Schlatter_Disease_with_Chronic_Inflammatory_Arthritis026.jpg,Bilateral Osgood-Schlatter Disease with Chronic Inflammatory Arthritis
C:\Users\HishamMo\Desktop\999_cs\Quantum_Inpired_PSO_Classifcation\MRI_dataset\Bilateral Osgood-Schlatter Disease with Chronic Inflammatory Arthritis\Bilateral_Osgood-Schlatter_Disease_with_Chronic_Inflammatory_Arthritis027.jpg,Bilateral Osgood-Schlatter Disease with Chronic Inflammatory Arthritis
C:\Users\HishamMo\Desktop\999_cs\Quantum_Inpired_PSO_Classifcation\MRI_dataset\Bilateral Osgood-Schlatter Disease with Chronic Inflammatory Arthritis\Bilateral_Osgood-Schlatter_Disease_with_Chronic_Inflammatory_Arthritis028.jpg,Bilateral Osgood-Schlatter Disease with Chronic Inflammatory Arthritis
C:\Users\HishamMo\Desktop\999_cs\Quantum_Inpired_PSO_Classifcation\MRI_dataset\Bilateral Osgood-Schlatter Disease with Chronic Inflammatory Arthritis\Bilateral_Osgood-Schlatter_Disease_with_Chronic_Inflammatory_Arthritis029.jpg,Bilateral Osgood-Schlatter Disease with Chronic Inflammatory Arthritis
C:\Users\HishamMo\Desktop\999_cs\Quantum_Inpired_PSO_Classifcation\MRI_dataset\Bilateral Osgood-Schlatter Disease with Chronic Inflammatory Arthritis\Bilateral_Osgood-Schlatter_Disease_with_Chronic_Inflammatory_Arthritis030.jpg,Bilateral Osgood-Schlatter Disease with Chronic Inflammatory Arthritis
C:\Users\HishamMo\Desktop\999_cs\Quantum_Inpired_PSO_Classifcation\MRI_dataset\Bilateral Osgood-Schlatter Disease with Chronic Inflammatory Arthritis\Bilateral_Osgood-Schlatter_Disease_with_Chronic_Inflammatory_Arthritis031.jpg,Bilateral Osgood-Schlatter Disease with Chronic Inflammatory Arthritis
C:\Users\HishamMo\Desktop\999_cs\Quantum_Inpired_PSO_Classifcation\MRI_dataset\Bilateral Osgood-Schlatter Disease with Chronic Inflammatory Arthritis\Bilateral_Osgood-Schlatter_Disease_with_Chronic_Inflammatory_Arthritis032.jpg,Bilateral Osgood-Schlatter Disease with Chronic Inflammatory Arthritis
C:\Users\HishamMo\Desktop\999_cs\Quantum_Inpired_PSO_Classifcation\MRI_dataset\Bilateral Osgood-Schlatter Disease with Chronic Inflammatory Arthritis\Bilateral_Osgood-Schlatter_Disease_with_Chronic_Inflammatory_Arthritis033.jpg,Bilateral Osgood-Schlatter Disease with Chronic Inflammatory Arthritis
C:\Users\HishamMo\Desktop\999_cs\Quantum_Inpired_PSO_Classifcation\MRI_dataset\Bilateral Osgood-Schlatter Disease with Chronic Inflammatory Arthritis\Bilateral_Osgood-Schlatter_Disease_with_Chronic_Inflammatory_Arthritis034.jpg,Bilateral Osgood-Schlatter Disease with Chronic Inflammatory Arthritis
C:\Users\HishamMo\Desktop\999_cs\Quantum_Inpired_PSO_Classifcation\MRI_dataset\Bilateral Osgood-Schlatter Disease with Chronic Inflammatory Arthritis\Bilateral_Osgood-Schlatter_Disease_with_Chronic_Inflammatory_Arthritis035.jpg,Bilateral Osgood-Schlatter Disease with Chronic Inflammatory Arthritis
C:\Users\HishamMo\Desktop\999_cs\Quantum_Inpired_PSO_Classifcation\MRI_dataset\Bilateral Osgood-Schlatter Disease with Chronic Inflammatory Arthritis\Bilateral_Osgood-Schlatter_Disease_with_Chronic_Inflammatory_Arthritis036.jpg,Bilateral Osgood-Schlatter Disease with Chronic Inflammatory Arthritis
C:\Users\HishamMo\Desktop\999_cs\Quantum_Inpired_PSO_Classifcation\MRI_dataset\Bilateral Osgood-Schlatter Disease with Chronic Inflammatory Arthritis\Bilateral_Osgood-Schlatter_Disease_with_Chronic_Inflammatory_Arthritis037.jpg,Bilateral Osgood-Schlatter Disease with Chronic Inflammatory Arthritis
C:\Users\HishamMo\Desktop\999_cs\Quantum_Inpired_PSO_Classifcation\MRI_dataset\Bilateral Osgood-Schlatter Disease with Chronic Inflammatory Arthritis\Bilateral_Osgood-Schlatter_Disease_with_Chronic_Inflammatory_Arthritis038.jpg,Bilateral Osgood-Schlatter Disease with Chronic Inflammatory Arthritis
C:\Users\HishamMo\Desktop\999_cs\Quantum_Inpired_PSO_Classifcation\MRI_dataset\Bilateral Osgood-Schlatter Disease with Chronic Inflammatory Arthritis\Bilateral_Osgood-Schlatter_Disease_with_Chronic_Inflammatory_Arthritis039.jpg,Bilateral Osgood-Schlatter Disease with Chronic Inflammatory Arthritis
C:\Users\HishamMo\Desktop\999_cs\Quantum_Inpired_PSO_Classifcation\MRI_dataset\Bilateral Osgood-Schlatter Disease with Chronic Inflammatory Arthritis\Bilateral_Osgood-Schlatter_Disease_with_Chronic_Inflammatory_Arthritis040.jpg,Bilateral Osgood-Schlatter Disease with Chronic Inflammatory Arthritis
C:\Users\HishamMo\Desktop\999_cs\Quantum_Inpired_PSO_Classifcation\MRI_dataset\Bilateral Osgood-Schlatter Disease with Chronic Inflammatory Arthritis\Bilateral_Osgood-Schlatter_Disease_with_Chronic_Inflammatory_Arthritis041.jpg,Bilateral Osgood-Schlatter Disease with Chronic Inflammatory Arthritis
C:\Users\HishamMo\Desktop\999_cs\Quantum_Inpired_PSO_Classifcation\MRI_dataset\Bilateral Osgood-Schlatter Disease with Chronic Inflammatory Arthritis\Bilateral_Osgood-Schlatter_Disease_with_Chronic_Inflammatory_Arthritis042.jpg,Bilateral Osgood-Schlatter Disease with Chronic Inflammatory Arthritis
C:\Users\HishamMo\Desktop\999_cs\Quantum_Inpired_PSO_Classifcation\MRI_dataset\Bilateral Osgood-Schlatter Disease with Chronic Inflammatory Arthritis\Bilateral_Osgood-Schlatter_Disease_with_Chronic_Inflammatory_Arthritis043.jpg,Bilateral Osgood-Schlatter Disease with Chronic Inflammatory Arthritis
C:\Users\HishamMo\Desktop\999_cs\Quantum_Inpired_PSO_Classifcation\MRI_dataset\Bilateral Osgood-Schlatter Disease with Chronic Inflammatory Arthritis\Bilateral_Osgood-Schlatter_Disease_with_Chronic_Inflammatory_Arthritis044.jpg,Bilateral Osgood-Schlatter Disease with Chronic Inflammatory Arthritis
C:\Users\HishamMo\Desktop\999_cs\Quantum_Inpired_PSO_Classifcation\MRI_dataset\Bilateral Osgood-Schlatter Disease with Chronic Inflammatory Arthritis\Bilateral_Osgood-Schlatter_Disease_with_Chronic_Inflammatory_Arthritis045.jpg,Bilateral Osgood-Schlatter Disease with Chronic Inflammatory Arthritis
C:\Users\HishamMo\Desktop\999_cs\Quantum_Inpired_PSO_Classifcation\MRI_dataset\Bilateral Osgood-Schlatter Disease with Chronic Inflammatory Arthritis\Bilateral_Osgood-Schlatter_Disease_with_Chronic_Inflammatory_Arthritis046.jpg,Bilateral Osgood-Schlatter Disease with Chronic Inflammatory Arthritis
C:\Users\HishamMo\Desktop\999_cs\Quantum_Inpired_PSO_Classifcation\MRI_dataset\Bilateral Osgood-Schlatter Disease with Chronic Inflammatory Arthritis\Bilateral_Osgood-Schlatter_Disease_with_Chronic_Inflammatory_Arthritis047.jpg,Bilateral Osgood-Schlatter Disease with Chronic Inflammatory Arthritis
C:\Users\HishamMo\Desktop\999_cs\Quantum_Inpired_PSO_Classifcation\MRI_dataset\Bilateral Osgood-Schlatter Disease with Chronic Inflammatory Arthritis\Bilateral_Osgood-Schlatter_Disease_with_Chronic_Inflammatory_Arthritis048.jpg,Bilateral Osgood-Schlatter Disease with Chronic Inflammatory Arthritis
C:\Users\HishamMo\Desktop\999_cs\Quantum_Inpired_PSO_Classifcation\MRI_dataset\Bilateral Osgood-Schlatter Disease with Chronic Inflammatory Arthritis\Bilateral_Osgood-Schlatter_Disease_with_Chronic_Inflammatory_Arthritis049.jpg,Bilateral Osgood-Schlatter Disease with Chronic Inflammatory Arthritis
C:\Users\HishamMo\Desktop\999_cs\Quantum_Inpired_PSO_Classifcation\MRI_dataset\Bilateral Osgood-Schlatter Disease with Chronic Inflammatory Arthritis\Bilateral_Osgood-Schlatter_Disease_with_Chronic_Inflammatory_Arthritis050.jpg,Bilateral Osgood-Schlatter Disease with Chronic Inflammatory Arthritis
C:\Users\HishamMo\Desktop\999_cs\Quantum_Inpired_PSO_Classifcation\MRI_dataset\Bilateral Osgood-Schlatter Disease with Chronic Inflammatory Arthritis\Bilateral_Osgood-Schlatter_Disease_with_Chronic_Inflammatory_Arthritis051.jpg,Bilateral Osgood-Schlatter Disease with Chronic Inflammatory Arthritis
C:\Users\HishamMo\Desktop\999_cs\Quantum_Inpired_PSO_Classifcation\MRI_dataset\Bilateral Osgood-Schlatter Disease with Chronic Inflammatory Arthritis\Bilateral_Osgood-Schlatter_Disease_with_Chronic_Inflammatory_Arthritis052.jpg,Bilateral Osgood-Schlatter Disease with Chronic Inflammatory Arthritis
C:\Users\HishamMo\Desktop\999_cs\Quantum_Inpired_PSO_Classifcation\MRI_dataset\Bilateral Osgood-Schlatter Disease with Chronic Inflammatory Arthritis\Bilateral_Osgood-Schlatter_Disease_with_Chronic_Inflammatory_Arthritis053.jpg,Bilateral Osgood-Schlatter Disease with Chronic Inflammatory Arthritis
C:\Users\HishamMo\Desktop\999_cs\Quantum_Inpired_PSO_Classifcation\MRI_dataset\Bilateral Osgood-Schlatter Disease with Chronic Inflammatory Arthritis\Bilateral_Osgood-Schlatter_Disease_with_Chronic_Inflammatory_Arthritis054.jpg,Bilateral Osgood-Schlatter Disease with Chronic Inflammatory Arthritis
C:\Users\HishamMo\Desktop\999_cs\Quantum_Inpired_PSO_Classifcation\MRI_dataset\Bilateral Osgood-Schlatter Disease with Chronic Inflammatory Arthritis\Bilateral_Osgood-Schlatter_Disease_with_Chronic_Inflammatory_Arthritis055.jpg,Bilateral Osgood-Schlatter Disease with Chronic Inflammatory Arthritis
C:\Users\HishamMo\Desktop\999_cs\Quantum_Inpired_PSO_Classifcation\MRI_dataset\Bilateral Osgood-Schlatter Disease with Chronic Inflammatory Arthritis\Bilateral_Osgood-Schlatter_Disease_with_Chronic_Inflammatory_Arthritis056.jpg,Bilateral Osgood-Schlatter Disease with Chronic Inflammatory Arthritis
C:\Users\HishamMo\Desktop\999_cs\Quantum_Inpired_PSO_Classifcation\MRI_dataset\Bilateral Osgood-Schlatter Disease with Chronic Inflammatory Arthritis\Bilateral_Osgood-Schlatter_Disease_with_Chronic_Inflammatory_Arthritis057.jpg,Bilateral Osgood-Schlatter Disease with Chronic Inflammatory Arthritis
C:\Users\HishamMo\Desktop\999_cs\Quantum_Inpired_PSO_Classifcation\MRI_dataset\Bilateral Osgood-Schlatter Disease with Chronic Inflammatory Arthritis\Bilateral_Osgood-Schlatter_Disease_with_Chronic_Inflammatory_Arthritis058.jpg,Bilateral Osgood-Schlatter Disease with Chronic Inflammatory Arthritis
C:\Users\HishamMo\Desktop\999_cs\Quantum_Inpired_PSO_Classifcation\MRI_dataset\Bilateral Osgood-Schlatter Disease with Chronic Inflammatory Arthritis\Bilateral_Osgood-Schlatter_Disease_with_Chronic_Inflammatory_Arthritis059.jpg,Bilateral Osgood-Schlatter Disease with Chronic Inflammatory Arthritis
C:\Users\HishamMo\Desktop\999_cs\Quantum_Inpired_PSO_Classifcation\MRI_dataset\Bilateral Osgood-Schlatter Disease with Chronic Inflammatory Arthritis\Bilateral_Osgood-Schlatter_Disease_with_Chronic_Inflammatory_Arthritis060.jpg,Bilateral Osgood-Schlatter Disease with Chronic Inflammatory Arthritis
C:\Users\HishamMo\Desktop\999_cs\Quantum_Inpired_PSO_Classifcation\MRI_dataset\Bilateral Osgood-Schlatter Disease with Chronic Inflammatory Arthritis\Bilateral_Osgood-Schlatter_Disease_with_Chronic_Inflammatory_Arthritis061.jpg,Bilateral Osgood-Schlatter Disease with Chronic Inflammatory Arthritis
C:\Users\HishamMo\Desktop\999_cs\Quantum_Inpired_PSO_Classifcation\MRI_dataset\Bilateral Osgood-Schlatter Disease with Chronic Inflammatory Arthritis\Bilateral_Osgood-Schlatter_Disease_with_Chronic_Inflammatory_Arthritis062.jpg,Bilateral Osgood-Schlatter Disease with Chronic Inflammatory Arthritis
C:\Users\HishamMo\Desktop\999_cs\Quantum_Inpired_PSO_Classifcation\MRI_dataset\Bilateral Osgood-Schlatter Disease with Chronic Inflammatory Arthritis\Bilateral_Osgood-Schlatter_Disease_with_Chronic_Inflammatory_Arthritis063.jpg,Bilateral Osgood-Schlatter Disease with Chronic Inflammatory Arthritis
C:\Users\HishamMo\Desktop\999_cs\Quantum_Inpired_PSO_Classifcation\MRI_dataset\Bilateral Osgood-Schlatter Disease with Chronic Inflammatory Arthritis\Bilateral_Osgood-Schlatter_Disease_with_Chronic_Inflammatory_Arthritis064.jpg,Bilateral Osgood-Schlatter Disease with Chronic Inflammatory Arthritis
C:\Users\HishamMo\Desktop\999_cs\Quantum_Inpired_PSO_Classifcation\MRI_dataset\Bilateral Osgood-Schlatter Disease with Chronic Inflammatory Arthritis\Bilateral_Osgood-Schlatter_Disease_with_Chronic_Inflammatory_Arthritis065.jpg,Bilateral Osgood-Schlatter Disease with Chronic Inflammatory Arthritis
C:\Users\HishamMo\Desktop\999_cs\Quantum_Inpired_PSO_Classifcation\MRI_dataset\Bilateral Osgood-Schlatter Disease with Chronic Inflammatory Arthritis\Bilateral_Osgood-Schlatter_Disease_with_Chronic_Inflammatory_Arthritis066.jpg,Bilateral Osgood-Schlatter Disease with Chronic Inflammatory Arthritis
C:\Users\HishamMo\Desktop\999_cs\Quantum_Inpired_PSO_Classifcation\MRI_dataset\Bilateral Osgood-Schlatter Disease with Chronic Inflammatory Arthritis\Bilateral_Osgood-Schlatter_Disease_with_Chronic_Inflammatory_Arthritis067.jpg,Bilateral Osgood-Schlatter Disease with Chronic Inflammatory Arthritis
C:\Users\HishamMo\Desktop\999_cs\Quantum_Inpired_PSO_Classifcation\MRI_dataset\Bilateral Osgood-Schlatter Disease with Chronic Inflammatory Arthritis\Bilateral_Osgood-Schlatter_Disease_with_Chronic_Inflammatory_Arthritis068.jpg,Bilateral Osgood-Schlatter Disease with Chronic Inflammatory Arthritis
C:\Users\HishamMo\Desktop\999_cs\Quantum_Inpired_PSO_Classifcation\MRI_dataset\Bilateral Osgood-Schlatter Disease with Chronic Inflammatory Arthritis\Bilateral_Osgood-Schlatter_Disease_with_Chronic_Inflammatory_Arthritis069.jpg,Bilateral Osgood-Schlatter Disease with Chronic Inflammatory Arthritis
C:\Users\HishamMo\Desktop\999_cs\Quantum_Inpired_PSO_Classifcation\MRI_dataset\Bilateral Osgood-Schlatter Disease with Chronic Inflammatory Arthritis\Bilateral_Osgood-Schlatter_Disease_with_Chronic_Inflammatory_Arthritis070.jpg,Bilateral Osgood-Schlatter Disease with Chronic Inflammatory Arthritis
C:\Users\HishamMo\Desktop\999_cs\Quantum_Inpired_PSO_Classifcation\MRI_dataset\Bilateral Osgood-Schlatter Disease with Chronic Inflammatory Arthritis\Bilateral_Osgood-Schlatter_Disease_with_Chronic_Inflammatory_Arthritis071.jpg,Bilateral Osgood-Schlatter Disease with Chronic Inflammatory Arthritis
C:\Users\HishamMo\Desktop\999_cs\Quantum_Inpired_PSO_Classifcation\MRI_dataset\Bilateral Osgood-Schlatter Disease with Chronic Inflammatory Arthritis\Bilateral_Osgood-Schlatter_Disease_with_Chronic_Inflammatory_Arthritis072.jpg,Bilateral Osgood-Schlatter Disease with Chronic Inflammatory Arthritis
C:\Users\HishamMo\Desktop\999_cs\Quantum_Inpired_PSO_Classifcation\MRI_dataset\Bilateral Osgood-Schlatter Disease with Chronic Inflammatory Arthritis\Bilateral_Osgood-Schlatter_Disease_with_Chronic_Inflammatory_Arthritis073.jpg,Bilateral Osgood-Schlatter Disease with Chronic Inflammatory Arthritis
C:\Users\HishamMo\Desktop\999_cs\Quantum_Inpired_PSO_Classifcation\MRI_dataset\Bilateral Osgood-Schlatter Disease with Chronic Inflammatory Arthritis\Bilateral_Osgood-Schlatter_Disease_with_Chronic_Inflammatory_Arthritis074.jpg,Bilateral Osgood-Schlatter Disease with Chronic Inflammatory Arthritis
C:\Users\HishamMo\Desktop\999_cs\Quantum_Inpired_PSO_Classifcation\MRI_dataset\Bilateral Osgood-Schlatter Disease with Chronic Inflammatory Arthritis\Bilateral_Osgood-Schlatter_Disease_with_Chronic_Inflammatory_Arthritis075.jpg,Bilateral Osgood-Schlatter Disease with Chronic Inflammatory Arthritis
C:\Users\HishamMo\Desktop\999_cs\Quantum_Inpired_PSO_Classifcation\MRI_dataset\Bilateral Osgood-Schlatter Disease with Chronic Inflammatory Arthritis\Bilateral_Osgood-Schlatter_Disease_with_Chronic_Inflammatory_Arthritis076.jpg,Bilateral Osgood-Schlatter Disease with Chronic Inflammatory Arthritis
C:\Users\HishamMo\Desktop\999_cs\Quantum_Inpired_PSO_Classifcation\MRI_dataset\Bilateral Osgood-Schlatter Disease with Chronic Inflammatory Arthritis\Bilateral_Osgood-Schlatter_Disease_with_Chronic_Inflammatory_Arthritis077.jpg,Bilateral Osgood-Schlatter Disease with Chronic Inflammatory Arthritis
C:\Users\HishamMo\Desktop\999_cs\Quantum_Inpired_PSO_Classifcation\MRI_dataset\Bilateral Osgood-Schlatter Disease with Chronic Inflammatory Arthritis\Bilateral_Osgood-Schlatter_Disease_with_Chronic_Inflammatory_Arthritis078.jpg,Bilateral Osgood-Schlatter Disease with Chronic Inflammatory Arthritis
C:\Users\HishamMo\Desktop\999_cs\Quantum_Inpired_PSO_Classifcation\MRI_dataset\Bilateral Osgood-Schlatter Disease with Chronic Inflammatory Arthritis\Bilateral_Osgood-Schlatter_Disease_with_Chronic_Inflammatory_Arthritis079.jpg,Bilateral Osgood-Schlatter Disease with Chronic Inflammatory Arthritis
C:\Users\HishamMo\Desktop\999_cs\Quantum_Inpired_PSO_Classifcation\MRI_dataset\Bilateral Osgood-Schlatter Disease with Chronic Inflammatory Arthritis\Bilateral_Osgood-Schlatter_Disease_with_Chronic_Inflammatory_Arthritis080.jpg,Bilateral Osgood-Schlatter Disease with Chronic Inflammatory Arthritis
C:\Users\HishamMo\Desktop\999_cs\Quantum_Inpired_PSO_Classifcation\MRI_dataset\Bilateral Osgood-Schlatter Disease with Chronic Inflammatory Arthritis\Bilateral_Osgood-Schlatter_Disease_with_Chronic_Inflammatory_Arthritis081.jpg,Bilateral Osgood-Schlatter Disease with Chronic Inflammatory Arthritis
C:\Users\HishamMo\Desktop\999_cs\Quantum_Inpired_PSO_Classifcation\MRI_dataset\Bilateral Osgood-Schlatter Disease with Chronic Inflammatory Arthritis\Bilateral_Osgood-Schlatter_Disease_with_Chronic_Inflammatory_Arthritis082.jpg,Bilateral Osgood-Schlatter Disease with Chronic Inflammatory Arthritis
C:\Users\HishamMo\Desktop\999_cs\Quantum_Inpired_PSO_Classifcation\MRI_dataset\Bilateral Osgood-Schlatter Disease with Chronic Inflammatory Arthritis\Bilateral_Osgood-Schlatter_Disease_with_Chronic_Inflammatory_Arthritis083.jpg,Bilateral Osgood-Schlatter Disease with Chronic Inflammatory Arthritis
C:\Users\HishamMo\Desktop\999_cs\Quantum_Inpired_PSO_Classifcation\MRI_dataset\Bilateral Osgood-Schlatter Disease with Chronic Inflammatory Arthritis\Bilateral_Osgood-Schlatter_Disease_with_Chronic_Inflammatory_Arthritis084.jpg,Bilateral Osgood-Schlatter Disease with Chronic Inflammatory Arthritis
C:\Users\HishamMo\Desktop\999_cs\Quantum_Inpired_PSO_Classifcation\MRI_dataset\Bilateral Osgood-Schlatter Disease with Chronic Inflammatory Arthritis\Bilateral_Osgood-Schlatter_Disease_with_Chronic_Inflammatory_Arthritis085.jpg,Bilateral Osgood-Schlatter Disease with Chronic Inflammatory Arthritis
C:\Users\HishamMo\Desktop\999_cs\Quantum_Inpired_PSO_Classifcation\MRI_dataset\Bilateral Osgood-Schlatter Disease with Chronic Inflammatory Arthritis\Bilateral_Osgood-Schlatter_Disease_with_Chronic_Inflammatory_Arthritis086.jpg,Bilateral Osgood-Schlatter Disease with Chronic Inflammatory Arthritis
C:\Users\HishamMo\Desktop\999_cs\Quantum_Inpired_PSO_Classifcation\MRI_dataset\Bilateral Osgood-Schlatter Disease with Chronic Inflammatory Arthritis\Bilateral_Osgood-Schlatter_Disease_with_Chronic_Inflammatory_Arthritis087.jpg,Bilateral Osgood-Schlatter Disease with Chronic Inflammatory Arthritis
C:\Users\HishamMo\Desktop\999_cs\Quantum_Inpired_PSO_Classifcation\MRI_dataset\Bilateral Osgood-Schlatter Disease with Chronic Inflammatory Arthritis\Bilateral_Osgood-Schlatter_Disease_with_Chronic_Inflammatory_Arthritis088.jpg,Bilateral Osgood-Schlatter Disease with Chronic Inflammatory Arthritis
C:\Users\HishamMo\Desktop\999_cs\Quantum_Inpired_PSO_Classifcation\MRI_dataset\Bilateral Osgood-Schlatter Disease with Chronic Inflammatory Arthritis\Bilateral_Osgood-Schlatter_Disease_with_Chronic_Inflammatory_Arthritis089.jpg,Bilateral Osgood-Schlatter Disease with Chronic Inflammatory Arthritis
C:\Users\HishamMo\Desktop\999_cs\Quantum_Inpired_PSO_Classifcation\MRI_dataset\Bilateral Osgood-Schlatter Disease with Chronic Inflammatory Arthritis\Bilateral_Osgood-Schlatter_Disease_with_Chronic_Inflammatory_Arthritis090.jpg,Bilateral Osgood-Schlatter Disease with Chronic Inflammatory Arthritis
C:\Users\HishamMo\Desktop\999_cs\Quantum_Inpired_PSO_Classifcation\MRI_dataset\Bilateral Osgood-Schlatter Disease with Chronic Inflammatory Arthritis\Bilateral_Osgood-Schlatter_Disease_with_Chronic_Inflammatory_Arthritis091.jpg,Bilateral Osgood-Schlatter Disease with Chronic Inflammatory Arthritis
C:\Users\HishamMo\Desktop\999_cs\Quantum_Inpired_PSO_Classifcation\MRI_dataset\Bilateral Osgood-Schlatter Disease with Chronic Inflammatory Arthritis\Bilateral_Osgood-Schlatter_Disease_with_Chronic_Inflammatory_Arthritis092.jpg,Bilateral Osgood-Schlatter Disease with Chronic Inflammatory Arthritis
C:\Users\HishamMo\Desktop\999_cs\Quantum_Inpired_PSO_Classifcation\MRI_dataset\Bilateral Osgood-Schlatter Disease with Chronic Inflammatory Arthritis\Bilateral_Osgood-Schlatter_Disease_with_Chronic_Inflammatory_Arthritis093.jpg,Bilateral Osgood-Schlatter Disease with Chronic Inflammatory Arthritis
C:\Users\HishamMo\Desktop\999_cs\Quantum_Inpired_PSO_Classifcation\MRI_dataset\Bilateral Osgood-Schlatter Disease with Chronic Inflammatory Arthritis\Bilateral_Osgood-Schlatter_Disease_with_Chronic_Inflammatory_Arthritis094.jpg,Bilateral Osgood-Schlatter Disease with Chronic Inflammatory Arthritis
C:\Users\HishamMo\Desktop\999_cs\Quantum_Inpired_PSO_Classifcation\MRI_dataset\Bilateral Osgood-Schlatter Disease with Chronic Inflammatory Arthritis\Bilateral_Osgood-Schlatter_Disease_with_Chronic_Inflammatory_Arthritis095.jpg,Bilateral Osgood-Schlatter Disease with Chronic Inflammatory Arthritis
C:\Users\HishamMo\Desktop\999_cs\Quantum_Inpired_PSO_Classifcation\MRI_dataset\Bilateral Osgood-Schlatter Disease with Chronic Inflammatory Arthritis\Bilateral_Osgood-Schlatter_Disease_with_Chronic_Inflammatory_Arthritis096.jpg,Bilateral Osgood-Schlatter Disease with Chronic Inflammatory Arthritis
C:\Users\HishamMo\Desktop\999_cs\Quantum_Inpired_PSO_Classifcation\MRI_dataset\Bilateral Osgood-Schlatter Disease with Chronic Inflammatory Arthritis\Bilateral_Osgood-Schlatter_Disease_with_Chronic_Inflammatory_Arthritis097.jpg,Bilateral Osgood-Schlatter Disease with Chronic Inflammatory Arthritis
C:\Users\HishamMo\Desktop\999_cs\Quantum_Inpired_PSO_Classifcation\MRI_dataset\Bilateral Osgood-Schlatter Disease with Chronic Inflammatory Arthritis\Bilateral_Osgood-Schlatter_Disease_with_Chronic_Inflammatory_Arthritis098.jpg,Bilateral Osgood-Schlatter Disease with Chronic Inflammatory Arthritis
C:\Users\HishamMo\Desktop\999_cs\Quantum_Inpired_PSO_Classifcation\MRI_dataset\Bilateral Osgood-Schlatter Disease with Chronic Inflammatory Arthritis\Bilateral_Osgood-Schlatter_Disease_with_Chronic_Inflammatory_Arthritis099.jpg,Bilateral Osgood-Schlatter Disease with Chronic Inflammatory Arthritis
C:\Users\HishamMo\Desktop\999_cs\Quantum_Inpired_PSO_Classifcation\MRI_dataset\Bilateral Osgood-Schlatter Disease with Chronic Inflammatory Arthritis\Bilateral_Osgood-Schlatter_Disease_with_Chronic_Inflammatory_Arthritis100.jpg,Bilateral Osgood-Schlatter Disease with Chronic Inflammatory Arthritis
C:\Users\HishamMo\Desktop\999_cs\Quantum_Inpired_PSO_Classifcation\MRI_dataset\Bilateral Osgood-Schlatter Disease with Chronic Inflammatory Arthritis\Bilateral_Osgood-Schlatter_Disease_with_Chronic_Inflammatory_Arthritis101.jpg,Bilateral Osgood-Schlatter Disease with Chronic Inflammatory Arthritis
C:\Users\HishamMo\Desktop\999_cs\Quantum_Inpired_PSO_Classifcation\MRI_dataset\Bilateral Osgood-Schlatter Disease with Chronic Inflammatory Arthritis\Bilateral_Osgood-Schlatter_Disease_with_Chronic_Inflammatory_Arthritis102.jpg,Bilateral Osgood-Schlatter Disease with Chronic Inflammatory Arthritis
C:\Users\HishamMo\Desktop\999_cs\Quantum_Inpired_PSO_Classifcation\MRI_dataset\Bilateral Osgood-Schlatter Disease with Chronic Inflammatory Arthritis\Bilateral_Osgood-Schlatter_Disease_with_Chronic_Inflammatory_Arthritis103.jpg,Bilateral Osgood-Schlatter Disease with Chronic Inflammatory Arthritis
C:\Users\HishamMo\Desktop\999_cs\Quantum_Inpired_PSO_Classifcation\MRI_dataset\Bilateral Osgood-Schlatter Disease with Chronic Inflammatory Arthritis\Bilateral_Osgood-Schlatter_Disease_with_Chronic_Inflammatory_Arthritis104.jpg,Bilateral Osgood-Schlatter Disease with Chronic Inflammatory Arthritis
C:\Users\HishamMo\Desktop\999_cs\Quantum_Inpired_PSO_Classifcation\MRI_dataset\Bilateral Osgood-Schlatter Disease with Chronic Inflammatory Arthritis\Bilateral_Osgood-Schlatter_Disease_with_Chronic_Inflammatory_Arthritis105.jpg,Bilateral Osgood-Schlatter Disease with Chronic Inflammatory Arthritis
C:\Users\HishamMo\Desktop\999_cs\Quantum_Inpired_PSO_Classifcation\MRI_dataset\Bilateral Osgood-Schlatter Disease with Chronic Inflammatory Arthritis\Bilateral_Osgood-Schlatter_Disease_with_Chronic_Inflammatory_Arthritis106.jpg,Bilateral Osgood-Schlatter Disease with Chronic Inflammatory Arthritis
C:\Users\HishamMo\Desktop\999_cs\Quantum_Inpired_PSO_Classifcation\MRI_dataset\Bilateral Osgood-Schlatter Disease with Chronic Inflammatory Arthritis\Bilateral_Osgood-Schlatter_Disease_with_Chronic_Inflammatory_Arthritis107.jpg,Bilateral Osgood-Schlatter Disease with Chronic Inflammatory Arthritis
C:\Users\HishamMo\Desktop\999_cs\Quantum_Inpired_PSO_Classifcation\MRI_dataset\Bilateral Osgood-Schlatter Disease with Chronic Inflammatory Arthritis\Bilateral_Osgood-Schlatter_Disease_with_Chronic_Inflammatory_Arthritis108.jpg,Bilateral Osgood-Schlatter Disease with Chronic Inflammatory Arthritis
C:\Users\HishamMo\Desktop\999_cs\Quantum_Inpired_PSO_Classifcation\MRI_dataset\Bilateral Osgood-Schlatter Disease with Chronic Inflammatory Arthritis\Bilateral_Osgood-Schlatter_Disease_with_Chronic_Inflammatory_Arthritis109.jpg,Bilateral Osgood-Schlatter Disease with Chronic Inflammatory Arthritis
C:\Users\HishamMo\Desktop\999_cs\Quantum_Inpired_PSO_Classifcation\MRI_dataset\Bilateral Osgood-Schlatter Disease with Chronic Inflammatory Arthritis\Bilateral_Osgood-Schlatter_Disease_with_Chronic_Inflammatory_Arthritis110.jpg,Bilateral Osgood-Schlatter Disease with Chronic Inflammatory Arthritis
C:\Users\HishamMo\Desktop\999_cs\Quantum_Inpired_PSO_Classifcation\MRI_dataset\Bilateral Osgood-Schlatter Disease with Chronic Inflammatory Arthritis\Bilateral_Osgood-Schlatter_Disease_with_Chronic_Inflammatory_Arthritis111.jpg,Bilateral Osgood-Schlatter Disease with Chronic Inflammatory Arthritis
C:\Users\HishamMo\Desktop\999_cs\Quantum_Inpired_PSO_Classifcation\MRI_dataset\Bilateral Osgood-Schlatter Disease with Chronic Inflammatory Arthritis\Bilateral_Osgood-Schlatter_Disease_with_Chronic_Inflammatory_Arthritis112.jpg,Bilateral Osgood-Schlatter Disease with Chronic Inflammatory Arthritis
C:\Users\HishamMo\Desktop\999_cs\Quantum_Inpired_PSO_Classifcation\MRI_dataset\Bilateral Osgood-Schlatter Disease with Chronic Inflammatory Arthritis\Bilateral_Osgood-Schlatter_Disease_with_Chronic_Inflammatory_Arthritis113.jpg,Bilateral Osgood-Schlatter Disease with Chronic Inflammatory Arthritis
C:\Users\HishamMo\Desktop\999_cs\Quantum_Inpired_PSO_Classifcation\MRI_dataset\Bilateral Osgood-Schlatter Disease with Chronic Inflammatory Arthritis\Bilateral_Osgood-Schlatter_Disease_with_Chronic_Inflammatory_Arthritis114.jpg,Bilateral Osgood-Schlatter Disease with Chronic Inflammatory Arthritis
C:\Users\HishamMo\Desktop\999_cs\Quantum_Inpired_PSO_Classifcation\MRI_dataset\Bilateral Osgood-Schlatter Disease with Chronic Inflammatory Arthritis\Bilateral_Osgood-Schlatter_Disease_with_Chronic_Inflammatory_Arthritis115.jpg,Bilateral Osgood-Schlatter Disease with Chronic Inflammatory Arthritis
C:\Users\HishamMo\Desktop\999_cs\Quantum_Inpired_PSO_Classifcation\MRI_dataset\Bilateral Osgood-Schlatter Disease with Chronic Inflammatory Arthritis\Bilateral_Osgood-Schlatter_Disease_with_Chronic_Inflammatory_Arthritis116.jpg,Bilateral Osgood-Schlatter Disease with Chronic Inflammatory Arthritis
C:\Users\HishamMo\Desktop\999_cs\Quantum_Inpired_PSO_Classifcation\MRI_dataset\Bilateral Osgood-Schlatter Disease with Chronic Inflammatory Arthritis\Bilateral_Osgood-Schlatter_Disease_with_Chronic_Inflammatory_Arthritis117.jpg,Bilateral Osgood-Schlatter Disease with Chronic Inflammatory Arthritis
C:\Users\HishamMo\Desktop\999_cs\Quantum_Inpired_PSO_Classifcation\MRI_dataset\Bilateral Osgood-Schlatter Disease with Chronic Inflammatory Arthritis\Bilateral_Osgood-Schlatter_Disease_with_Chronic_Inflammatory_Arthritis118.jpg,Bilateral Osgood-Schlatter Disease with Chronic Inflammatory Arthritis
C:\Users\HishamMo\Desktop\999_cs\Quantum_Inpired_PSO_Classifcation\MRI_dataset\Bilateral Osgood-Schlatter Disease with Chronic Inflammatory Arthritis\Bilateral_Osgood-Schlatter_Disease_with_Chronic_Inflammatory_Arthritis119.jpg,Bilateral Osgood-Schlatter Disease with Chronic Inflammatory Arthritis
C:\Users\HishamMo\Desktop\999_cs\Quantum_Inpired_PSO_Classifcation\MRI_dataset\Bilateral Osgood-Schlatter Disease with Chronic Inflammatory Arthritis\Bilateral_Osgood-Schlatter_Disease_with_Chronic_Inflammatory_Arthritis120.jpg,Bilateral Osgood-Schlatter Disease with Chronic Inflammatory Arthritis
C:\Users\HishamMo\Desktop\999_cs\Quantum_Inpired_PSO_Classifcation\MRI_dataset\Bilateral Osgood-Schlatter Disease with Chronic Inflammatory Arthritis\Bilateral_Osgood-Schlatter_Disease_with_Chronic_Inflammatory_Arthritis121.jpg,Bilateral Osgood-Schlatter Disease with Chronic Inflammatory Arthritis
C:\Users\HishamMo\Desktop\999_cs\Quantum_Inpired_PSO_Classifcation\MRI_dataset\Bilateral Osgood-Schlatter Disease with Chronic Inflammatory Arthritis\Bilateral_Osgood-Schlatter_Disease_with_Chronic_Inflammatory_Arthritis122.jpg,Bilateral Osgood-Schlatter Disease with Chronic Inflammatory Arthritis
C:\Users\HishamMo\Desktop\999_cs\Quantum_Inpired_PSO_Classifcation\MRI_dataset\Bilateral Osgood-Schlatter Disease with Chronic Inflammatory Arthritis\Bilateral_Osgood-Schlatter_Disease_with_Chronic_Inflammatory_Arthritis123.jpg,Bilateral Osgood-Schlatter Disease with Chronic Inflammatory Arthritis
C:\Users\HishamMo\Desktop\999_cs\Quantum_Inpired_PSO_Classifcation\MRI_dataset\Bilateral Osgood-Schlatter Disease with Chronic Inflammatory Arthritis\Bilateral_Osgood-Schlatter_Disease_with_Chronic_Inflammatory_Arthritis124.jpg,Bilateral Osgood-Schlatter Disease with Chronic Inflammatory Arthritis
C:\Users\HishamMo\Desktop\999_cs\Quantum_Inpired_PSO_Classifcation\MRI_dataset\Bilateral Osgood-Schlatter Disease with Chronic Inflammatory Arthritis\Bilateral_Osgood-Schlatter_Disease_with_Chronic_Inflammatory_Arthritis125.jpg,Bilateral Osgood-Schlatter Disease with Chronic Inflammatory Arthritis
C:\Users\HishamMo\Desktop\999_cs\Quantum_Inpired_PSO_Classifcation\MRI_dataset\Bilateral Osgood-Schlatter Disease with Chronic Inflammatory Arthritis\Bilateral_Osgood-Schlatter_Disease_with_Chronic_Inflammatory_Arthritis126.jpg,Bilateral Osgood-Schlatter Disease with Chronic Inflammatory Arthritis
C:\Users\HishamMo\Desktop\999_cs\Quantum_Inpired_PSO_Classifcation\MRI_dataset\Bilateral Osgood-Schlatter Disease with Chronic Inflammatory Arthritis\Bilateral_Osgood-Schlatter_Disease_with_Chronic_Inflammatory_Arthritis127.jpg,Bilateral Osgood-Schlatter Disease with Chronic Inflammatory Arthritis
C:\Users\HishamMo\Desktop\999_cs\Quantum_Inpired_PSO_Classifcation\MRI_dataset\Bilateral Osgood-Schlatter Disease with Chronic Inflammatory Arthritis\Bilateral_Osgood-Schlatter_Disease_with_Chronic_Inflammatory_Arthritis128.jpg,Bilateral Osgood-Schlatter Disease with Chronic Inflammatory Arthritis
C:\Users\HishamMo\Desktop\999_cs\Quantum_Inpired_PSO_Classifcation\MRI_dataset\Bilateral Osgood-Schlatter Disease with Chronic Inflammatory Arthritis\Bilateral_Osgood-Schlatter_Disease_with_Chronic_Inflammatory_Arthritis129.jpg,Bilateral Osgood-Schlatter Disease with Chronic Inflammatory Arthritis
C:\Users\HishamMo\Desktop\999_cs\Quantum_Inpired_PSO_Classifcation\MRI_dataset\Bilateral Osgood-Schlatter Disease with Chronic Inflammatory Arthritis\Bilateral_Osgood-Schlatter_Disease_with_Chronic_Inflammatory_Arthritis130.jpg,Bilateral Osgood-Schlatter Disease with Chronic Inflammatory Arthritis
C:\Users\HishamMo\Desktop\999_cs\Quantum_Inpired_PSO_Classifcation\MRI_dataset\Bilateral Osgood-Schlatter Disease with Chronic Inflammatory Arthritis\Bilateral_Osgood-Schlatter_Disease_with_Chronic_Inflammatory_Arthritis131.jpg,Bilateral Osgood-Schlatter Disease with Chronic Inflammatory Arthritis
C:\Users\HishamMo\Desktop\999_cs\Quantum_Inpired_PSO_Classifcation\MRI_dataset\Bilateral Osgood-Schlatter Disease with Chronic Inflammatory Arthritis\Bilateral_Osgood-Schlatter_Disease_with_Chronic_Inflammatory_Arthritis132.jpg,Bilateral Osgood-Schlatter Disease with Chronic Inflammatory Arthritis
C:\Users\HishamMo\Desktop\999_cs\Quantum_Inpired_PSO_Classifcation\MRI_dataset\Bilateral Osgood-Schlatter Disease with Chronic Inflammatory Arthritis\Bilateral_Osgood-Schlatter_Disease_with_Chronic_Inflammatory_Arthritis133.jpg,Bilateral Osgood-Schlatter Disease with Chronic Inflammatory Arthritis
C:\Users\HishamMo\Desktop\999_cs\Quantum_Inpired_PSO_Classifcation\MRI_dataset\Bilateral Osgood-Schlatter Disease with Chronic Inflammatory Arthritis\Bilateral_Osgood-Schlatter_Disease_with_Chronic_Inflammatory_Arthritis134.jpg,Bilateral Osgood-Schlatter Disease with Chronic Inflammatory Arthritis
C:\Users\HishamMo\Desktop\999_cs\Quantum_Inpired_PSO_Classifcation\MRI_dataset\Bilateral Osgood-Schlatter Disease with Chronic Inflammatory Arthritis\Bilateral_Osgood-Schlatter_Disease_with_Chronic_Inflammatory_Arthritis135.jpg,Bilateral Osgood-Schlatter Disease with Chronic Inflammatory Arthritis
C:\Users\HishamMo\Desktop\999_cs\Quantum_Inpired_PSO_Classifcation\MRI_dataset\Bilateral Osgood-Schlatter Disease with Chronic Inflammatory Arthritis\Bilateral_Osgood-Schlatter_Disease_with_Chronic_Inflammatory_Arthritis136.jpg,Bilateral Osgood-Schlatter Disease with Chronic Inflammatory Arthritis
C:\Users\HishamMo\Desktop\999_cs\Quantum_Inpired_PSO_Classifcation\MRI_dataset\Bilateral Osgood-Schlatter Disease with Chronic Inflammatory Arthritis\Bilateral_Osgood-Schlatter_Disease_with_Chronic_Inflammatory_Arthritis137.jpg,Bilateral Osgood-Schlatter Disease with Chronic Inflammatory Arthritis
C:\Users\HishamMo\Desktop\999_cs\Quantum_Inpired_PSO_Classifcation\MRI_dataset\Bilateral Osgood-Schlatter Disease with Chronic Inflammatory Arthritis\Bilateral_Osgood-Schlatter_Disease_with_Chronic_Inflammatory_Arthritis138.jpg,Bilateral Osgood-Schlatter Disease with Chronic Inflammatory Arthritis
C:\Users\HishamMo\Desktop\999_cs\Quantum_Inpired_PSO_Classifcation\MRI_dataset\Bilateral Osgood-Schlatter Disease with Chronic Inflammatory Arthritis\Bilateral_Osgood-Schlatter_Disease_with_Chronic_Inflammatory_Arthritis139.jpg,Bilateral Osgood-Schlatter Disease with Chronic Inflammatory Arthritis
C:\Users\HishamMo\Desktop\999_cs\Quantum_Inpired_PSO_Classifcation\MRI_dataset\Bilateral Osgood-Schlatter Disease with Chronic Inflammatory Arthritis\Bilateral_Osgood-Schlatter_Disease_with_Chronic_Inflammatory_Arthritis140.jpg,Bilateral Osgood-Schlatter Disease with Chronic Inflammatory Arthritis
C:\Users\HishamMo\Desktop\999_cs\Quantum_Inpired_PSO_Classifcation\MRI_dataset\Bilateral Osgood-Schlatter Disease with Chronic Inflammatory Arthritis\Bilateral_Osgood-Schlatter_Disease_with_Chronic_Inflammatory_Arthritis141.jpg,Bilateral Osgood-Schlatter Disease with Chronic Inflammatory Arthritis
C:\Users\HishamMo\Desktop\999_cs\Quantum_Inpired_PSO_Classifcation\MRI_dataset\Bilateral Osgood-Schlatter Disease with Chronic Inflammatory Arthritis\Bilateral_Osgood-Schlatter_Disease_with_Chronic_Inflammatory_Arthritis142.jpg,Bilateral Osgood-Schlatter Disease with Chronic Inflammatory Arthritis
C:\Users\HishamMo\Desktop\999_cs\Quantum_Inpired_PSO_Classifcation\MRI_dataset\Bilateral Osgood-Schlatter Disease with Chronic Inflammatory Arthritis\Bilateral_Osgood-Schlatter_Disease_with_Chronic_Inflammatory_Arthritis143.jpg,Bilateral Osgood-Schlatter Disease with Chronic Inflammatory Arthritis
C:\Users\HishamMo\Desktop\999_cs\Quantum_Inpired_PSO_Classifcation\MRI_dataset\Bilateral Osgood-Schlatter Disease with Chronic Inflammatory Arthritis\Bilateral_Osgood-Schlatter_Disease_with_Chronic_Inflammatory_Arthritis144.jpg,Bilateral Osgood-Schlatter Disease with Chronic Inflammatory Arthritis
C:\Users\HishamMo\Desktop\999_cs\Quantum_Inpired_PSO_Classifcation\MRI_dataset\Bilateral Osgood-Schlatter Disease with Chronic Inflammatory Arthritis\Bilateral_Osgood-Schlatter_Disease_with_Chronic_Inflammatory_Arthritis145.jpg,Bilateral Osgood-Schlatter Disease with Chronic Inflammatory Arthritis
C:\Users\HishamMo\Desktop\999_cs\Quantum_Inpired_PSO_Classifcation\MRI_dataset\Bilateral Osgood-Schlatter Disease with Chronic Inflammatory Arthritis\Bilateral_Osgood-Schlatter_Disease_with_Chronic_Inflammatory_Arthritis146.jpg,Bilateral Osgood-Schlatter Disease with Chronic Inflammatory Arthritis
C:\Users\HishamMo\Desktop\999_cs\Quantum_Inpired_PSO_Classifcation\MRI_dataset\Bilateral Osgood-Schlatter Disease with Chronic Inflammatory Arthritis\Bilateral_Osgood-Schlatter_Disease_with_Chronic_Inflammatory_Arthritis147.jpg,Bilateral Osgood-Schlatter Disease with Chronic Inflammatory Arthritis
C:\Users\HishamMo\Desktop\999_cs\Quantum_Inpired_PSO_Classifcation\MRI_dataset\Bilateral Osgood-Schlatter Disease with Chronic Inflammatory Arthritis\Bilateral_Osgood-Schlatter_Disease_with_Chronic_Inflammatory_Arthritis148.jpg,Bilateral Osgood-Schlatter Disease with Chronic Inflammatory Arthritis
C:\Users\HishamMo\Desktop\999_cs\Quantum_Inpired_PSO_Classifcation\MRI_dataset\Bilateral Osgood-Schlatter Disease with Chronic Inflammatory Arthritis\Bilateral_Osgood-Schlatter_Disease_with_Chronic_Inflammatory_Arthritis149.jpg,Bilateral Osgood-Schlatter Disease with Chronic Inflammatory Arthritis
C:\Users\HishamMo\Desktop\999_cs\Quantum_Inpired_PSO_Classifcation\MRI_dataset\Bilateral Osgood-Schlatter Disease with Chronic Inflammatory Arthritis\Bilateral_Osgood-Schlatter_Disease_with_Chronic_Inflammatory_Arthritis150.jpg,Bilateral Osgood-Schlatter Disease with Chronic Inflammatory Arthritis
C:\Users\HishamMo\Desktop\999_cs\Quantum_Inpired_PSO_Classifcation\MRI_dataset\Bilateral Osgood-Schlatter Disease with Chronic Inflammatory Arthritis\Bilateral_Osgood-Schlatter_Disease_with_Chronic_Inflammatory_Arthritis151.jpg,Bilateral Osgood-Schlatter Disease with Chronic Inflammatory Arthritis
C:\Users\HishamMo\Desktop\999_cs\Quantum_Inpired_PSO_Classifcation\MRI_dataset\Bilateral Osgood-Schlatter Disease with Chronic Inflammatory Arthritis\Bilateral_Osgood-Schlatter_Disease_with_Chronic_Inflammatory_Arthritis152.jpg,Bilateral Osgood-Schlatter Disease with Chronic Inflammatory Arthritis
C:\Users\HishamMo\Desktop\999_cs\Quantum_Inpired_PSO_Classifcation\MRI_dataset\Bilateral Osgood-Schlatter Disease with Chronic Inflammatory Arthritis\Bilateral_Osgood-Schlatter_Disease_with_Chronic_Inflammatory_Arthritis153.jpg,Bilateral Osgood-Schlatter Disease with Chronic Inflammatory Arthritis
C:\Users\HishamMo\Desktop\999_cs\Quantum_Inpired_PSO_Classifcation\MRI_dataset\Bilateral Osgood-Schlatter Disease with Chronic Inflammatory Arthritis\Bilateral_Osgood-Schlatter_Disease_with_Chronic_Inflammatory_Arthritis154.jpg,Bilateral Osgood-Schlatter Disease with Chronic Inflammatory Arthritis
C:\Users\HishamMo\Desktop\999_cs\Quantum_Inpired_PSO_Classifcation\MRI_dataset\Bilateral Osgood-Schlatter Disease with Chronic Inflammatory Arthritis\Bilateral_Osgood-Schlatter_Disease_with_Chronic_Inflammatory_Arthritis155.jpg,Bilateral Osgood-Schlatter Disease with Chronic Inflammatory Arthritis
C:\Users\HishamMo\Desktop\999_cs\Quantum_Inpired_PSO_Classifcation\MRI_dataset\Bilateral Osgood-Schlatter Disease with Chronic Inflammatory Arthritis\Bilateral_Osgood-Schlatter_Disease_with_Chronic_Inflammatory_Arthritis156.jpg,Bilateral Osgood-Schlatter Disease with Chronic Inflammatory Arthritis
C:\Users\HishamMo\Desktop\999_cs\Quantum_Inpired_PSO_Classifcation\MRI_dataset\Bilateral Osgood-Schlatter Disease with Chronic Inflammatory Arthritis\Bilateral_Osgood-Schlatter_Disease_with_Chronic_Inflammatory_Arthritis157.jpg,Bilateral Osgood-Schlatter Disease with Chronic Inflammatory Arthritis
C:\Users\HishamMo\Desktop\999_cs\Quantum_Inpired_PSO_Classifcation\MRI_dataset\Bilateral Osgood-Schlatter Disease with Chronic Inflammatory Arthritis\Bilateral_Osgood-Schlatter_Disease_with_Chronic_Inflammatory_Arthritis158.jpg,Bilateral Osgood-Schlatter Disease with Chronic Inflammatory Arthritis
C:\Users\HishamMo\Desktop\999_cs\Quantum_Inpired_PSO_Classifcation\MRI_dataset\Bilateral Osgood-Schlatter Disease with Chronic Inflammatory Arthritis\Bilateral_Osgood-Schlatter_Disease_with_Chronic_Inflammatory_Arthritis159.jpg,Bilateral Osgood-Schlatter Disease with Chronic Inflammatory Arthritis
C:\Users\HishamMo\Desktop\999_cs\Quantum_Inpired_PSO_Classifcation\MRI_dataset\Bilateral Osgood-Schlatter Disease with Chronic Inflammatory Arthritis\Bilateral_Osgood-Schlatter_Disease_with_Chronic_Inflammatory_Arthritis160.jpg,Bilateral Osgood-Schlatter Disease with Chronic Inflammatory Arthritis
C:\Users\HishamMo\Desktop\999_cs\Quantum_Inpired_PSO_Classifcation\MRI_dataset\Bilateral Osgood-Schlatter Disease with Chronic Inflammatory Arthritis\Bilateral_Osgood-Schlatter_Disease_with_Chronic_Inflammatory_Arthritis161.jpg,Bilateral Osgood-Schlatter Disease with Chronic Inflammatory Arthritis
C:\Users\HishamMo\Desktop\999_cs\Quantum_Inpired_PSO_Classifcation\MRI_dataset\Bilateral Osgood-Schlatter Disease with Chronic Inflammatory Arthritis\Bilateral_Osgood-Schlatter_Disease_with_Chronic_Inflammatory_Arthritis162.jpg,Bilateral Osgood-Schlatter Disease with Chronic Inflammatory Arthritis
C:\Users\HishamMo\Desktop\999_cs\Quantum_Inpired_PSO_Classifcation\MRI_dataset\Bilateral Osgood-Schlatter Disease with Chronic Inflammatory Arthritis\Bilateral_Osgood-Schlatter_Disease_with_Chronic_Inflammatory_Arthritis163.jpg,Bilateral Osgood-Schlatter Disease with Chronic Inflammatory Arthritis
C:\Users\HishamMo\Desktop\999_cs\Quantum_Inpired_PSO_Classifcation\MRI_dataset\Bilateral Osgood-Schlatter Disease with Chronic Inflammatory Arthritis\Bilateral_Osgood-Schlatter_Disease_with_Chronic_Inflammatory_Arthritis164.jpg,Bilateral Osgood-Schlatter Disease with Chronic Inflammatory Arthritis
C:\Users\HishamMo\Desktop\999_cs\Quantum_Inpired_PSO_Classifcation\MRI_dataset\Bilateral Osgood-Schlatter Disease with Chronic Inflammatory Arthritis\Bilateral_Osgood-Schlatter_Disease_with_Chronic_Inflammatory_Arthritis165.jpg,Bilateral Osgood-Schlatter Disease with Chronic Inflammatory Arthritis
C:\Users\HishamMo\Desktop\999_cs\Quantum_Inpired_PSO_Classifcation\MRI_dataset\Bilateral Osgood-Schlatter Disease with Chronic Inflammatory Arthritis\Bilateral_Osgood-Schlatter_Disease_with_Chronic_Inflammatory_Arthritis166.jpg,Bilateral Osgood-Schlatter Disease with Chronic Inflammatory Arthritis
C:\Users\HishamMo\Desktop\999_cs\Quantum_Inpired_PSO_Classifcation\MRI_dataset\Bilateral Osgood-Schlatter Disease with Chronic Inflammatory Arthritis\Bilateral_Osgood-Schlatter_Disease_with_Chronic_Inflammatory_Arthritis167.jpg,Bilateral Osgood-Schlatter Disease with Chronic Inflammatory Arthritis
C:\Users\HishamMo\Desktop\999_cs\Quantum_Inpired_PSO_Classifcation\MRI_dataset\Bilateral Osgood-Schlatter Disease with Chronic Inflammatory Arthritis\Bilateral_Osgood-Schlatter_Disease_with_Chronic_Inflammatory_Arthritis168.jpg,Bilateral Osgood-Schlatter Disease with Chronic Inflammatory Arthritis
C:\Users\HishamMo\Desktop\999_cs\Quantum_Inpired_PSO_Classifcation\MRI_dataset\Bilateral Osgood-Schlatter Disease with Chronic Inflammatory Arthritis\Bilateral_Osgood-Schlatter_Disease_with_Chronic_Inflammatory_Arthritis169.jpg,Bilateral Osgood-Schlatter Disease with Chronic Inflammatory Arthritis
C:\Users\HishamMo\Desktop\999_cs\Quantum_Inpired_PSO_Classifcation\MRI_dataset\Bilateral Osgood-Schlatter Disease with Chronic Inflammatory Arthritis\Bilateral_Osgood-Schlatter_Disease_with_Chronic_Inflammatory_Arthritis170.jpg,Bilateral Osgood-Schlatter Disease with Chronic Inflammatory Arthritis
C:\Users\HishamMo\Desktop\999_cs\Quantum_Inpired_PSO_Classifcation\MRI_dataset\Bilateral Osgood-Schlatter Disease with Chronic Inflammatory Arthritis\Bilateral_Osgood-Schlatter_Disease_with_Chronic_Inflammatory_Arthritis171.jpg,Bilateral Osgood-Schlatter Disease with Chronic Inflammatory Arthritis
C:\Users\HishamMo\Desktop\999_cs\Quantum_Inpired_PSO_Classifcation\MRI_dataset\Bilateral Osgood-Schlatter Disease with Chronic Inflammatory Arthritis\Bilateral_Osgood-Schlatter_Disease_with_Chronic_Inflammatory_Arthritis172.jpg,Bilateral Osgood-Schlatter Disease with Chronic Inflammatory Arthritis
C:\Users\HishamMo\Desktop\999_cs\Quantum_Inpired_PSO_Classifcation\MRI_dataset\Bilateral Osgood-Schlatter Disease with Chronic Inflammatory Arthritis\Bilateral_Osgood-Schlatter_Disease_with_Chronic_Inflammatory_Arthritis173.jpg,Bilateral Osgood-Schlatter Disease with Chronic Inflammatory Arthritis
C:\Users\HishamMo\Desktop\999_cs\Quantum_Inpired_PSO_Classifcation\MRI_dataset\Bilateral Osgood-Schlatter Disease with Chronic Inflammatory Arthritis\Bilateral_Osgood-Schlatter_Disease_with_Chronic_Inflammatory_Arthritis174.jpg,Bilateral Osgood-Schlatter Disease with Chronic Inflammatory Arthritis
C:\Users\HishamMo\Desktop\999_cs\Quantum_Inpired_PSO_Classifcation\MRI_dataset\Bilateral Osgood-Schlatter Disease with Chronic Inflammatory Arthritis\Bilateral_Osgood-Schlatter_Disease_with_Chronic_Inflammatory_Arthritis175.jpg,Bilateral Osgood-Schlatter Disease with Chronic Inflammatory Arthritis
C:\Users\HishamMo\Desktop\999_cs\Quantum_Inpired_PSO_Classifcation\MRI_dataset\Bilateral Osgood-Schlatter Disease with Chronic Inflammatory Arthritis\Bilateral_Osgood-Schlatter_Disease_with_Chronic_Inflammatory_Arthritis176.jpg,Bilateral Osgood-Schlatter Disease with Chronic Inflammatory Arthritis
C:\Users\HishamMo\Desktop\999_cs\Quantum_Inpired_PSO_Classifcation\MRI_dataset\Bilateral Osgood-Schlatter Disease with Chronic Inflammatory Arthritis\Bilateral_Osgood-Schlatter_Disease_with_Chronic_Inflammatory_Arthritis177.jpg,Bilateral Osgood-Schlatter Disease with Chronic Inflammatory Arthritis
C:\Users\HishamMo\Desktop\999_cs\Quantum_Inpired_PSO_Classifcation\MRI_dataset\Bilateral Osgood-Schlatter Disease with Chronic Inflammatory Arthritis\Bilateral_Osgood-Schlatter_Disease_with_Chronic_Inflammatory_Arthritis178.jpg,Bilateral Osgood-Schlatter Disease with Chronic Inflammatory Arthritis
C:\Users\HishamMo\Desktop\999_cs\Quantum_Inpired_PSO_Classifcation\MRI_dataset\Bilateral Osgood-Schlatter Disease with Chronic Inflammatory Arthritis\Bilateral_Osgood-Schlatter_Disease_with_Chronic_Inflammatory_Arthritis179.jpg,Bilateral Osgood-Schlatter Disease with Chronic Inflammatory Arthritis
C:\Users\HishamMo\Desktop\999_cs\Quantum_Inpired_PSO_Classifcation\MRI_dataset\Bilateral Osgood-Schlatter Disease with Chronic Inflammatory Arthritis\Bilateral_Osgood-Schlatter_Disease_with_Chronic_Inflammatory_Arthritis180.jpg,Bilateral Osgood-Schlatter Disease with Chronic Inflammatory Arthritis
C:\Users\HishamMo\Desktop\999_cs\Quantum_Inpired_PSO_Classifcation\MRI_dataset\Bilateral Osgood-Schlatter Disease with Chronic Inflammatory Arthritis\Bilateral_Osgood-Schlatter_Disease_with_Chronic_Inflammatory_Arthritis181.jpg,Bilateral Osgood-Schlatter Disease with Chronic Inflammatory Arthritis
C:\Users\HishamMo\Desktop\999_cs\Quantum_Inpired_PSO_Classifcation\MRI_dataset\Bilateral Osgood-Schlatter Disease with Chronic Inflammatory Arthritis\Bilateral_Osgood-Schlatter_Disease_with_Chronic_Inflammatory_Arthritis182.jpg,Bilateral Osgood-Schlatter Disease with Chronic Inflammatory Arthritis
C:\Users\HishamMo\Desktop\999_cs\Quantum_Inpired_PSO_Classifcation\MRI_dataset\Bilateral Osgood-Schlatter Disease with Chronic Inflammatory Arthritis\Bilateral_Osgood-Schlatter_Disease_with_Chronic_Inflammatory_Arthritis183.jpg,Bilateral Osgood-Schlatter Disease with Chronic Inflammatory Arthritis
C:\Users\HishamMo\Desktop\999_cs\Quantum_Inpired_PSO_Classifcation\MRI_dataset\Bilateral Osgood-Schlatter Disease with Chronic Inflammatory Arthritis\Bilateral_Osgood-Schlatter_Disease_with_Chronic_Inflammatory_Arthritis184.jpg,Bilateral Osgood-Schlatter Disease with Chronic Inflammatory Arthritis
C:\Users\HishamMo\Desktop\999_cs\Quantum_Inpired_PSO_Classifcation\MRI_dataset\Bilateral Osgood-Schlatter Disease with Chronic Inflammatory Arthritis\Bilateral_Osgood-Schlatter_Disease_with_Chronic_Inflammatory_Arthritis185.jpg,Bilateral Osgood-Schlatter Disease with Chronic Inflammatory Arthritis
C:\Users\HishamMo\Desktop\999_cs\Quantum_Inpired_PSO_Classifcation\MRI_dataset\Bilateral Osgood-Schlatter Disease with Chronic Inflammatory Arthritis\Bilateral_Osgood-Schlatter_Disease_with_Chronic_Inflammatory_Arthritis186.jpg,Bilateral Osgood-Schlatter Disease with Chronic Inflammatory Arthritis
C:\Users\HishamMo\Desktop\999_cs\Quantum_Inpired_PSO_Classifcation\MRI_dataset\Bilateral Osgood-Schlatter Disease with Chronic Inflammatory Arthritis\Bilateral_Osgood-Schlatter_Disease_with_Chronic_Inflammatory_Arthritis187.jpg,Bilateral Osgood-Schlatter Disease with Chronic Inflammatory Arthritis
C:\Users\HishamMo\Desktop\999_cs\Quantum_Inpired_PSO_Classifcation\MRI_dataset\Bilateral Osgood-Schlatter Disease with Chronic Inflammatory Arthritis\Bilateral_Osgood-Schlatter_Disease_with_Chronic_Inflammatory_Arthritis188.jpg,Bilateral Osgood-Schlatter Disease with Chronic Inflammatory Arthritis
C:\Users\HishamMo\Desktop\999_cs\Quantum_Inpired_PSO_Classifcation\MRI_dataset\Bilateral Osgood-Schlatter Disease with Chronic Inflammatory Arthritis\Bilateral_Osgood-Schlatter_Disease_with_Chronic_Inflammatory_Arthritis189.jpg,Bilateral Osgood-Schlatter Disease with Chronic Inflammatory Arthritis
C:\Users\HishamMo\Desktop\999_cs\Quantum_Inpired_PSO_Classifcation\MRI_dataset\Bilateral Osgood-Schlatter Disease with Chronic Inflammatory Arthritis\Bilateral_Osgood-Schlatter_Disease_with_Chronic_Inflammatory_Arthritis190.jpg,Bilateral Osgood-Schlatter Disease with Chronic Inflammatory Arthritis
C:\Users\HishamMo\Desktop\999_cs\Quantum_Inpired_PSO_Classifcation\MRI_dataset\Bilateral Osgood-Schlatter Disease with Chronic Inflammatory Arthritis\Bilateral_Osgood-Schlatter_Disease_with_Chronic_Inflammatory_Arthritis191.jpg,Bilateral Osgood-Schlatter Disease with Chronic Inflammatory Arthritis
C:\Users\HishamMo\Desktop\999_cs\Quantum_Inpired_PSO_Classifcation\MRI_dataset\Bilateral Osgood-Schlatter Disease with Chronic Inflammatory Arthritis\Bilateral_Osgood-Schlatter_Disease_with_Chronic_Inflammatory_Arthritis192.jpg,Bilateral Osgood-Schlatter Disease with Chronic Inflammatory Arthritis
C:\Users\HishamMo\Desktop\999_cs\Quantum_Inpired_PSO_Classifcation\MRI_dataset\Bilateral Osgood-Schlatter Disease with Chronic Inflammatory Arthritis\Bilateral_Osgood-Schlatter_Disease_with_Chronic_Inflammatory_Arthritis193.jpg,Bilateral Osgood-Schlatter Disease with Chronic Inflammatory Arthritis
C:\Users\HishamMo\Desktop\999_cs\Quantum_Inpired_PSO_Classifcation\MRI_dataset\Bilateral Osgood-Schlatter Disease with Chronic Inflammatory Arthritis\Bilateral_Osgood-Schlatter_Disease_with_Chronic_Inflammatory_Arthritis194.jpg,Bilateral Osgood-Schlatter Disease with Chronic Inflammatory Arthritis
C:\Users\HishamMo\Desktop\999_cs\Quantum_Inpired_PSO_Classifcation\MRI_dataset\Bilateral Osgood-Schlatter Disease with Chronic Inflammatory Arthritis\Bilateral_Osgood-Schlatter_Disease_with_Chronic_Inflammatory_Arthritis195.jpg,Bilateral Osgood-Schlatter Disease with Chronic Inflammatory Arthritis
C:\Users\HishamMo\Desktop\999_cs\Quantum_Inpired_PSO_Classifcation\MRI_dataset\Bilateral Osgood-Schlatter Disease with Chronic Inflammatory Arthritis\Bilateral_Osgood-Schlatter_Disease_with_Chronic_Inflammatory_Arthritis196.jpg,Bilateral Osgood-Schlatter Disease with Chronic Inflammatory Arthritis
C:\Users\HishamMo\Desktop\999_cs\Quantum_Inpired_PSO_Classifcation\MRI_dataset\Bilateral Osgood-Schlatter Disease with Chronic Inflammatory Arthritis\Bilateral_Osgood-Schlatter_Disease_with_Chronic_Inflammatory_Arthritis197.jpg,Bilateral Osgood-Schlatter Disease with Chronic Inflammatory Arthritis
C:\Users\HishamMo\Desktop\999_cs\Quantum_Inpired_PSO_Classifcation\MRI_dataset\Bilateral Osgood-Schlatter Disease with Chronic Inflammatory Arthritis\Bilateral_Osgood-Schlatter_Disease_with_Chronic_Inflammatory_Arthritis198.jpg,Bilateral Osgood-Schlatter Disease with Chronic Inflammatory Arthritis
C:\Users\HishamMo\Desktop\999_cs\Quantum_Inpired_PSO_Classifcation\MRI_dataset\Bilateral Osgood-Schlatter Disease with Chronic Inflammatory Arthritis\Bilateral_Osgood-Schlatter_Disease_with_Chronic_Inflammatory_Arthritis199.jpg,Bilateral Osgood-Schlatter Disease with Chronic Inflammatory Arthritis
C:\Users\HishamMo\Desktop\999_cs\Quantum_Inpired_PSO_Classifcation\MRI_dataset\Bilateral Osgood-Schlatter Disease with Chronic Inflammatory Arthritis\Bilateral_Osgood-Schlatter_Disease_with_Chronic_Inflammatory_Arthritis200.jpg,Bilateral Osgood-Schlatter Disease with Chronic Inflammatory Arthritis
C:\Users\HishamMo\Desktop\999_cs\Quantum_Inpired_PSO_Classifcation\MRI_dataset\Bilateral Osgood-Schlatter Disease with Chronic Inflammatory Arthritis\Bilateral_Osgood-Schlatter_Disease_with_Chronic_Inflammatory_Arthritis201.jpg,Bilateral Osgood-Schlatter Disease with Chronic Inflammatory Arthritis
C:\Users\HishamMo\Desktop\999_cs\Quantum_Inpired_PSO_Classifcation\MRI_dataset\Bilateral Osgood-Schlatter Disease with Chronic Inflammatory Arthritis\Bilateral_Osgood-Schlatter_Disease_with_Chronic_Inflammatory_Arthritis202.jpg,Bilateral Osgood-Schlatter Disease with Chronic Inflammatory Arthritis
C:\Users\HishamMo\Desktop\999_cs\Quantum_Inpired_PSO_Classifcation\MRI_dataset\Bilateral Osgood-Schlatter Disease with Chronic Inflammatory Arthritis\Bilateral_Osgood-Schlatter_Disease_with_Chronic_Inflammatory_Arthritis203.jpg,Bilateral Osgood-Schlatter Disease with Chronic Inflammatory Arthritis
C:\Users\HishamMo\Desktop\999_cs\Quantum_Inpired_PSO_Classifcation\MRI_dataset\Bilateral Osgood-Schlatter Disease with Chronic Inflammatory Arthritis\Bilateral_Osgood-Schlatter_Disease_with_Chronic_Inflammatory_Arthritis204.jpg,Bilateral Osgood-Schlatter Disease with Chronic Inflammatory Arthritis
C:\Users\HishamMo\Desktop\999_cs\Quantum_Inpired_PSO_Classifcation\MRI_dataset\Bilateral Osgood-Schlatter Disease with Chronic Inflammatory Arthritis\Bilateral_Osgood-Schlatter_Disease_with_Chronic_Inflammatory_Arthritis205.jpg,Bilateral Osgood-Schlatter Disease with Chronic Inflammatory Arthritis
C:\Users\HishamMo\Desktop\999_cs\Quantum_Inpired_PSO_Classifcation\MRI_dataset\Bilateral Osgood-Schlatter Disease with Chronic Inflammatory Arthritis\Bilateral_Osgood-Schlatter_Disease_with_Chronic_Inflammatory_Arthritis206.jpg,Bilateral Osgood-Schlatter Disease with Chronic Inflammatory Arthritis
C:\Users\HishamMo\Desktop\999_cs\Quantum_Inpired_PSO_Classifcation\MRI_dataset\Bilateral Osgood-Schlatter Disease with Chronic Inflammatory Arthritis\Bilateral_Osgood-Schlatter_Disease_with_Chronic_Inflammatory_Arthritis207.jpg,Bilateral Osgood-Schlatter Disease with Chronic Inflammatory Arthritis
C:\Users\HishamMo\Desktop\999_cs\Quantum_Inpired_PSO_Classifcation\MRI_dataset\Bilateral Osgood-Schlatter Disease with Chronic Inflammatory Arthritis\Bilateral_Osgood-Schlatter_Disease_with_Chronic_Inflammatory_Arthritis208.jpg,Bilateral Osgood-Schlatter Disease with Chronic Inflammatory Arthritis
C:\Users\HishamMo\Desktop\999_cs\Quantum_Inpired_PSO_Classifcation\MRI_dataset\Bilateral Osgood-Schlatter Disease with Chronic Inflammatory Arthritis\Bilateral_Osgood-Schlatter_Disease_with_Chronic_Inflammatory_Arthritis209.jpg,Bilateral Osgood-Schlatter Disease with Chronic Inflammatory Arthritis
C:\Users\HishamMo\Desktop\999_cs\Quantum_Inpired_PSO_Classifcation\MRI_dataset\Bilateral Osgood-Schlatter Disease with Chronic Inflammatory Arthritis\Bilateral_Osgood-Schlatter_Disease_with_Chronic_Inflammatory_Arthritis210.jpg,Bilateral Osgood-Schlatter Disease with Chronic Inflammatory Arthritis
C:\Users\HishamMo\Desktop\999_cs\Quantum_Inpired_PSO_Classifcation\MRI_dataset\Bilateral Osgood-Schlatter Disease with Chronic Inflammatory Arthritis\Bilateral_Osgood-Schlatter_Disease_with_Chronic_Inflammatory_Arthritis211.jpg,Bilateral Osgood-Schlatter Disease with Chronic Inflammatory Arthritis
C:\Users\HishamMo\Desktop\999_cs\Quantum_Inpired_PSO_Classifcation\MRI_dataset\Bilateral Osgood-Schlatter Disease with Chronic Inflammatory Arthritis\Bilateral_Osgood-Schlatter_Disease_with_Chronic_Inflammatory_Arthritis212.jpg,Bilateral Osgood-Schlatter Disease with Chronic Inflammatory Arthritis
C:\Users\HishamMo\Desktop\999_cs\Quantum_Inpired_PSO_Classifcation\MRI_dataset\Bilateral Osgood-Schlatter Disease with Chronic Inflammatory Arthritis\Bilateral_Osgood-Schlatter_Disease_with_Chronic_Inflammatory_Arthritis213.jpg,Bilateral Osgood-Schlatter Disease with Chronic Inflammatory Arthritis
C:\Users\HishamMo\Desktop\999_cs\Quantum_Inpired_PSO_Classifcation\MRI_dataset\Bilateral Osgood-Schlatter Disease with Chronic Inflammatory Arthritis\Bilateral_Osgood-Schlatter_Disease_with_Chronic_Inflammatory_Arthritis214.jpg,Bilateral Osgood-Schlatter Disease with Chronic Inflammatory Arthritis
C:\Users\HishamMo\Desktop\999_cs\Quantum_Inpired_PSO_Classifcation\MRI_dataset\Bilateral Osgood-Schlatter Disease with Chronic Inflammatory Arthritis\Bilateral_Osgood-Schlatter_Disease_with_Chronic_Inflammatory_Arthritis215.jpg,Bilateral Osgood-Schlatter Disease with Chronic Inflammatory Arthritis
C:\Users\HishamMo\Desktop\999_cs\Quantum_Inpired_PSO_Classifcation\MRI_dataset\Bilateral Osgood-Schlatter Disease with Chronic Inflammatory Arthritis\Bilateral_Osgood-Schlatter_Disease_with_Chronic_Inflammatory_Arthritis216.jpg,Bilateral Osgood-Schlatter Disease with Chronic Inflammatory Arthritis
C:\Users\HishamMo\Desktop\999_cs\Quantum_Inpired_PSO_Classifcation\MRI_dataset\Bilateral Osgood-Schlatter Disease with Chronic Inflammatory Arthritis\Bilateral_Osgood-Schlatter_Disease_with_Chronic_Inflammatory_Arthritis217.jpg,Bilateral Osgood-Schlatter Disease with Chronic Inflammatory Arthritis
C:\Users\HishamMo\Desktop\999_cs\Quantum_Inpired_PSO_Classifcation\MRI_dataset\Bilateral Osgood-Schlatter Disease with Chronic Inflammatory Arthritis\Bilateral_Osgood-Schlatter_Disease_with_Chronic_Inflammatory_Arthritis218.jpg,Bilateral Osgood-Schlatter Disease with Chronic Inflammatory Arthritis
C:\Users\HishamMo\Desktop\999_cs\Quantum_Inpired_PSO_Classifcation\MRI_dataset\Bilateral Osgood-Schlatter Disease with Chronic Inflammatory Arthritis\Bilateral_Osgood-Schlatter_Disease_with_Chronic_Inflammatory_Arthritis219.jpg,Bilateral Osgood-Schlatter Disease with Chronic Inflammatory Arthritis
C:\Users\HishamMo\Desktop\999_cs\Quantum_Inpired_PSO_Classifcation\MRI_dataset\Bilateral Osgood-Schlatter Disease with Chronic Inflammatory Arthritis\Bilateral_Osgood-Schlatter_Disease_with_Chronic_Inflammatory_Arthritis220.jpg,Bilateral Osgood-Schlatter Disease with Chronic Inflammatory Arthritis
C:\Users\HishamMo\Desktop\999_cs\Quantum_Inpired_PSO_Classifcation\MRI_dataset\Bilateral Osgood-Schlatter Disease with Chronic Inflammatory Arthritis\Bilateral_Osgood-Schlatter_Disease_with_Chronic_Inflammatory_Arthritis221.jpg,Bilateral Osgood-Schlatter Disease with Chronic Inflammatory Arthritis
C:\Users\HishamMo\Desktop\999_cs\Quantum_Inpired_PSO_Classifcation\MRI_dataset\Bilateral Osgood-Schlatter Disease with Chronic Inflammatory Arthritis\Bilateral_Osgood-Schlatter_Disease_with_Chronic_Inflammatory_Arthritis222.jpg,Bilateral Osgood-Schlatter Disease with Chronic Inflammatory Arthritis
C:\Users\HishamMo\Desktop\999_cs\Quantum_Inpired_PSO_Classifcation\MRI_dataset\Bilateral Osgood-Schlatter Disease with Chronic Inflammatory Arthritis\Bilateral_Osgood-Schlatter_Disease_with_Chronic_Inflammatory_Arthritis223.jpg,Bilateral Osgood-Schlatter Disease with Chronic Inflammatory Arthritis
C:\Users\HishamMo\Desktop\999_cs\Quantum_Inpired_PSO_Classifcation\MRI_dataset\Bilateral Osgood-Schlatter Disease with Chronic Inflammatory Arthritis\Bilateral_Osgood-Schlatter_Disease_with_Chronic_Inflammatory_Arthritis224.jpg,Bilateral Osgood-Schlatter Disease with Chronic Inflammatory Arthritis
C:\Users\HishamMo\Desktop\999_cs\Quantum_Inpired_PSO_Classifcation\MRI_dataset\Bilateral Osgood-Schlatter Disease with Chronic Inflammatory Arthritis\Bilateral_Osgood-Schlatter_Disease_with_Chronic_Inflammatory_Arthritis225.jpg,Bilateral Osgood-Schlatter Disease with Chronic Inflammatory Arthritis
C:\Users\HishamMo\Desktop\999_cs\Quantum_Inpired_PSO_Classifcation\MRI_dataset\Bilateral Osgood-Schlatter Disease with Chronic Inflammatory Arthritis\Bilateral_Osgood-Schlatter_Disease_with_Chronic_Inflammatory_Arthritis226.jpg,Bilateral Osgood-Schlatter Disease with Chronic Inflammatory Arthritis
C:\Users\HishamMo\Desktop\999_cs\Quantum_Inpired_PSO_Classifcation\MRI_dataset\Bilateral Osgood-Schlatter Disease with Chronic Inflammatory Arthritis\Bilateral_Osgood-Schlatter_Disease_with_Chronic_Inflammatory_Arthritis227.jpg,Bilateral Osgood-Schlatter Disease with Chronic Inflammatory Arthritis
C:\Users\HishamMo\Desktop\999_cs\Quantum_Inpired_PSO_Classifcation\MRI_dataset\Bilateral Osgood-Schlatter Disease with Chronic Inflammatory Arthritis\Bilateral_Osgood-Schlatter_Disease_with_Chronic_Inflammatory_Arthritis228.jpg,Bilateral Osgood-Schlatter Disease with Chronic Inflammatory Arthritis
C:\Users\HishamMo\Desktop\999_cs\Quantum_Inpired_PSO_Classifcation\MRI_dataset\Bilateral Osgood-Schlatter Disease with Chronic Inflammatory Arthritis\Bilateral_Osgood-Schlatter_Disease_with_Chronic_Inflammatory_Arthritis229.jpg,Bilateral Osgood-Schlatter Disease with Chronic Inflammatory Arthritis
C:\Users\HishamMo\Desktop\999_cs\Quantum_Inpired_PSO_Classifcation\MRI_dataset\Bilateral Osgood-Schlatter Disease with Chronic Inflammatory Arthritis\Bilateral_Osgood-Schlatter_Disease_with_Chronic_Inflammatory_Arthritis230.jpg,Bilateral Osgood-Schlatter Disease with Chronic Inflammatory Arthritis
C:\Users\HishamMo\Desktop\999_cs\Quantum_Inpired_PSO_Classifcation\MRI_dataset\Bilateral Osgood-Schlatter Disease with Chronic Inflammatory Arthritis\Bilateral_Osgood-Schlatter_Disease_with_Chronic_Inflammatory_Arthritis231.jpg,Bilateral Osgood-Schlatter Disease with Chronic Inflammatory Arthritis
C:\Users\HishamMo\Desktop\999_cs\Quantum_Inpired_PSO_Classifcation\MRI_dataset\Bilateral Osgood-Schlatter Disease with Chronic Inflammatory Arthritis\Bilateral_Osgood-Schlatter_Disease_with_Chronic_Inflammatory_Arthritis232.jpg,Bilateral Osgood-Schlatter Disease with Chronic Inflammatory Arthritis
C:\Users\HishamMo\Desktop\999_cs\Quantum_Inpired_PSO_Classifcation\MRI_dataset\Bilateral Osgood-Schlatter Disease with Chronic Inflammatory Arthritis\Bilateral_Osgood-Schlatter_Disease_with_Chronic_Inflammatory_Arthritis233.jpg,Bilateral Osgood-Schlatter Disease with Chronic Inflammatory Arthritis
C:\Users\HishamMo\Desktop\999_cs\Quantum_Inpired_PSO_Classifcation\MRI_dataset\Bilateral Osgood-Schlatter Disease with Chronic Inflammatory Arthritis\Bilateral_Osgood-Schlatter_Disease_with_Chronic_Inflammatory_Arthritis234.jpg,Bilateral Osgood-Schlatter Disease with Chronic Inflammatory Arthritis
C:\Users\HishamMo\Desktop\999_cs\Quantum_Inpired_PSO_Classifcation\MRI_dataset\Bilateral Osgood-Schlatter Disease with Chronic Inflammatory Arthritis\Bilateral_Osgood-Schlatter_Disease_with_Chronic_Inflammatory_Arthritis235.jpg,Bilateral Osgood-Schlatter Disease with Chronic Inflammatory Arthritis
C:\Users\HishamMo\Desktop\999_cs\Quantum_Inpired_PSO_Classifcation\MRI_dataset\Bilateral Osgood-Schlatter Disease with Chronic Inflammatory Arthritis\Bilateral_Osgood-Schlatter_Disease_with_Chronic_Inflammatory_Arthritis236.jpg,Bilateral Osgood-Schlatter Disease with Chronic Inflammatory Arthritis
C:\Users\HishamMo\Desktop\999_cs\Quantum_Inpired_PSO_Classifcation\MRI_dataset\Bilateral Osgood-Schlatter Disease with Chronic Inflammatory Arthritis\Bilateral_Osgood-Schlatter_Disease_with_Chronic_Inflammatory_Arthritis237.jpg,Bilateral Osgood-Schlatter Disease with Chronic Inflammatory Arthritis
C:\Users\HishamMo\Desktop\999_cs\Quantum_Inpired_PSO_Classifcation\MRI_dataset\Bilateral Osgood-Schlatter Disease with Chronic Inflammatory Arthritis\Bilateral_Osgood-Schlatter_Disease_with_Chronic_Inflammatory_Arthritis238.jpg,Bilateral Osgood-Schlatter Disease with Chronic Inflammatory Arthritis
C:\Users\HishamMo\Desktop\999_cs\Quantum_Inpired_PSO_Classifcation\MRI_dataset\Bilateral Osgood-Schlatter Disease with Chronic Inflammatory Arthritis\Bilateral_Osgood-Schlatter_Disease_with_Chronic_Inflammatory_Arthritis239.jpg,Bilateral Osgood-Schlatter Disease with Chronic Inflammatory Arthritis
C:\Users\HishamMo\Desktop\999_cs\Quantum_Inpired_PSO_Classifcation\MRI_dataset\Bilateral Osgood-Schlatter Disease with Chronic Inflammatory Arthritis\Bilateral_Osgood-Schlatter_Disease_with_Chronic_Inflammatory_Arthritis240.jpg,Bilateral Osgood-Schlatter Disease with Chronic Inflammatory Arthritis
C:\Users\HishamMo\Desktop\999_cs\Quantum_Inpired_PSO_Classifcation\MRI_dataset\Bilateral Osgood-Schlatter Disease with Chronic Inflammatory Arthritis\Bilateral_Osgood-Schlatter_Disease_with_Chronic_Inflammatory_Arthritis241.jpg,Bilateral Osgood-Schlatter Disease with Chronic Inflammatory Arthritis
C:\Users\HishamMo\Desktop\999_cs\Quantum_Inpired_PSO_Classifcation\MRI_dataset\Bilateral Osgood-Schlatter Disease with Chronic Inflammatory Arthritis\Bilateral_Osgood-Schlatter_Disease_with_Chronic_Inflammatory_Arthritis242.jpg,Bilateral Osgood-Schlatter Disease with Chronic Inflammatory Arthritis
C:\Users\HishamMo\Desktop\999_cs\Quantum_Inpired_PSO_Classifcation\MRI_dataset\Bilateral Osgood-Schlatter Disease with Chronic Inflammatory Arthritis\Bilateral_Osgood-Schlatter_Disease_with_Chronic_Inflammatory_Arthritis243.jpg,Bilateral Osgood-Schlatter Disease with Chronic Inflammatory Arthritis
C:\Users\HishamMo\Desktop\999_cs\Quantum_Inpired_PSO_Classifcation\MRI_dataset\Bilateral Osgood-Schlatter Disease with Chronic Inflammatory Arthritis\Bilateral_Osgood-Schlatter_Disease_with_Chronic_Inflammatory_Arthritis244.jpg,Bilateral Osgood-Schlatter Disease with Chronic Inflammatory Arthritis
C:\Users\HishamMo\Desktop\999_cs\Quantum_Inpired_PSO_Classifcation\MRI_dataset\Bilateral Osgood-Schlatter Disease with Chronic Inflammatory Arthritis\Bilateral_Osgood-Schlatter_Disease_with_Chronic_Inflammatory_Arthritis245.jpg,Bilateral Osgood-Schlatter Disease with Chronic Inflammatory Arthritis
C:\Users\HishamMo\Desktop\999_cs\Quantum_Inpired_PSO_Classifcation\MRI_dataset\Bilateral Osgood-Schlatter Disease with Chronic Inflammatory Arthritis\Bilateral_Osgood-Schlatter_Disease_with_Chronic_Inflammatory_Arthritis246.jpg,Bilateral Osgood-Schlatter Disease with Chronic Inflammatory Arthritis
C:\Users\HishamMo\Desktop\999_cs\Quantum_Inpired_PSO_Classifcation\MRI_dataset\Bilateral Osgood-Schlatter Disease with Chronic Inflammatory Arthritis\Bilateral_Osgood-Schlatter_Disease_with_Chronic_Inflammatory_Arthritis247.jpg,Bilateral Osgood-Schlatter Disease with Chronic Inflammatory Arthritis
C:\Users\HishamMo\Desktop\999_cs\Quantum_Inpired_PSO_Classifcation\MRI_dataset\Bilateral Osgood-Schlatter Disease with Chronic Inflammatory Arthritis\Bilateral_Osgood-Schlatter_Disease_with_Chronic_Inflammatory_Arthritis248.jpg,Bilateral Osgood-Schlatter Disease with Chronic Inflammatory Arthritis
C:\Users\HishamMo\Desktop\999_cs\Quantum_Inpired_PSO_Classifcation\MRI_dataset\Bilateral Osgood-Schlatter Disease with Chronic Inflammatory Arthritis\Bilateral_Osgood-Schlatter_Disease_with_Chronic_Inflammatory_Arthritis249.jpg,Bilateral Osgood-Schlatter Disease with Chronic Inflammatory Arthritis
C:\Users\HishamMo\Desktop\999_cs\Quantum_Inpired_PSO_Classifcation\MRI_dataset\Bilateral Osgood-Schlatter Disease with Chronic Inflammatory Arthritis\Bilateral_Osgood-Schlatter_Disease_with_Chronic_Inflammatory_Arthritis250.jpg,Bilateral Osgood-Schlatter Disease with Chronic Inflammatory Arthritis
C:\Users\HishamMo\Desktop\999_cs\Quantum_Inpired_PSO_Classifcation\MRI_dataset\Bilateral Osgood-Schlatter Disease with Chronic Inflammatory Arthritis\Bilateral_Osgood-Schlatter_Disease_with_Chronic_Inflammatory_Arthritis251.jpg,Bilateral Osgood-Schlatter Disease with Chronic Inflammatory Arthritis
C:\Users\HishamMo\Desktop\999_cs\Quantum_Inpired_PSO_Classifcation\MRI_dataset\Bilateral Osgood-Schlatter Disease with Chronic Inflammatory Arthritis\Bilateral_Osgood-Schlatter_Disease_with_Chronic_Inflammatory_Arthritis252.jpg,Bilateral Osgood-Schlatter Disease with Chronic Inflammatory Arthritis
C:\Users\HishamMo\Desktop\999_cs\Quantum_Inpired_PSO_Classifcation\MRI_dataset\Bilateral Osgood-Schlatter Disease with Chronic Inflammatory Arthritis\Bilateral_Osgood-Schlatter_Disease_with_Chronic_Inflammatory_Arthritis253.jpg,Bilateral Osgood-Schlatter Disease with Chronic Inflammatory Arthritis
C:\Users\HishamMo\Desktop\999_cs\Quantum_Inpired_PSO_Classifcation\MRI_dataset\Bilateral Osgood-Schlatter Disease with Chronic Inflammatory Arthritis\Bilateral_Osgood-Schlatter_Disease_with_Chronic_Inflammatory_Arthritis254.jpg,Bilateral Osgood-Schlatter Disease with Chronic Inflammatory Arthritis
C:\Users\HishamMo\Desktop\999_cs\Quantum_Inpired_PSO_Classifcation\MRI_dataset\Bilateral Osgood-Schlatter Disease with Chronic Inflammatory Arthritis\Bilateral_Osgood-Schlatter_Disease_with_Chronic_Inflammatory_Arthritis255.jpg,Bilateral Osgood-Schlatter Disease with Chronic Inflammatory Arthritis
C:\Users\HishamMo\Desktop\999_cs\Quantum_Inpired_PSO_Classifcation\MRI_dataset\Bilateral Osgood-Schlatter Disease with Chronic Inflammatory Arthritis\Bilateral_Osgood-Schlatter_Disease_with_Chronic_Inflammatory_Arthritis256.jpg,Bilateral Osgood-Schlatter Disease with Chronic Inflammatory Arthritis
C:\Users\HishamMo\Desktop\999_cs\Quantum_Inpired_PSO_Classifcation\MRI_dataset\Bilateral Osgood-Schlatter Disease with Chronic Inflammatory Arthritis\Bilateral_Osgood-Schlatter_Disease_with_Chronic_Inflammatory_Arthritis257.jpg,Bilateral Osgood-Schlatter Disease with Chronic Inflammatory Arthritis
C:\Users\HishamMo\Desktop\999_cs\Quantum_Inpired_PSO_Classifcation\MRI_dataset\Bilateral Osgood-Schlatter Disease with Chronic Inflammatory Arthritis\Bilateral_Osgood-Schlatter_Disease_with_Chronic_Inflammatory_Arthritis258.jpg,Bilateral Osgood-Schlatter Disease with Chronic Inflammatory Arthritis
C:\Users\HishamMo\Desktop\999_cs\Quantum_Inpired_PSO_Classifcation\MRI_dataset\Bilateral Osgood-Schlatter Disease with Chronic Inflammatory Arthritis\Bilateral_Osgood-Schlatter_Disease_with_Chronic_Inflammatory_Arthritis259.jpg,Bilateral Osgood-Schlatter Disease with Chronic Inflammatory Arthritis
C:\Users\HishamMo\Desktop\999_cs\Quantum_Inpired_PSO_Classifcation\MRI_dataset\Bilateral Osgood-Schlatter Disease with Chronic Inflammatory Arthritis\Bilateral_Osgood-Schlatter_Disease_with_Chronic_Inflammatory_Arthritis260.jpg,Bilateral Osgood-Schlatter Disease with Chronic Inflammatory Arthritis
C:\Users\HishamMo\Desktop\999_cs\Quantum_Inpired_PSO_Classifcation\MRI_dataset\Bilateral Osgood-Schlatter Disease with Chronic Inflammatory Arthritis\Bilateral_Osgood-Schlatter_Disease_with_Chronic_Inflammatory_Arthritis261.jpg,Bilateral Osgood-Schlatter Disease with Chronic Inflammatory Arthritis
C:\Users\HishamMo\Desktop\999_cs\Quantum_Inpired_PSO_Classifcation\MRI_dataset\Bilateral Osgood-Schlatter Disease with Chronic Inflammatory Arthritis\Bilateral_Osgood-Schlatter_Disease_with_Chronic_Inflammatory_Arthritis262.jpg,Bilateral Osgood-Schlatter Disease with Chronic Inflammatory Arthritis
C:\Users\HishamMo\Desktop\999_cs\Quantum_Inpired_PSO_Classifcation\MRI_dataset\Bilateral Osgood-Schlatter Disease with Chronic Inflammatory Arthritis\Bilateral_Osgood-Schlatter_Disease_with_Chronic_Inflammatory_Arthritis263.jpg,Bilateral Osgood-Schlatter Disease with Chronic Inflammatory Arthritis
C:\Users\HishamMo\Desktop\999_cs\Quantum_Inpired_PSO_Classifcation\MRI_dataset\Bilateral Osgood-Schlatter Disease with Chronic Inflammatory Arthritis\Bilateral_Osgood-Schlatter_Disease_with_Chronic_Inflammatory_Arthritis264.jpg,Bilateral Osgood-Schlatter Disease with Chronic Inflammatory Arthritis
C:\Users\HishamMo\Desktop\999_cs\Quantum_Inpired_PSO_Classifcation\MRI_dataset\Bilateral Osgood-Schlatter Disease with Chronic Inflammatory Arthritis\Bilateral_Osgood-Schlatter_Disease_with_Chronic_Inflammatory_Arthritis265.jpg,Bilateral Osgood-Schlatter Disease with Chronic Inflammatory Arthritis
C:\Users\HishamMo\Desktop\999_cs\Quantum_Inpired_PSO_Classifcation\MRI_dataset\Bilateral Osgood-Schlatter Disease with Chronic Inflammatory Arthritis\Bilateral_Osgood-Schlatter_Disease_with_Chronic_Inflammatory_Arthritis266.jpg,Bilateral Osgood-Schlatter Disease with Chronic Inflammatory Arthritis
C:\Users\HishamMo\Desktop\999_cs\Quantum_Inpired_PSO_Classifcation\MRI_dataset\Bilateral Osgood-Schlatter Disease with Chronic Inflammatory Arthritis\Bilateral_Osgood-Schlatter_Disease_with_Chronic_Inflammatory_Arthritis267.jpg,Bilateral Osgood-Schlatter Disease with Chronic Inflammatory Arthritis
C:\Users\HishamMo\Desktop\999_cs\Quantum_Inpired_PSO_Classifcation\MRI_dataset\Bilateral Osgood-Schlatter Disease with Chronic Inflammatory Arthritis\Bilateral_Osgood-Schlatter_Disease_with_Chronic_Inflammatory_Arthritis268.jpg,Bilateral Osgood-Schlatter Disease with Chronic Inflammatory Arthritis
C:\Users\HishamMo\Desktop\999_cs\Quantum_Inpired_PSO_Classifcation\MRI_dataset\Bilateral Osgood-Schlatter Disease with Chronic Inflammatory Arthritis\Bilateral_Osgood-Schlatter_Disease_with_Chronic_Inflammatory_Arthritis269.jpg,Bilateral Osgood-Schlatter Disease with Chronic Inflammatory Arthritis
C:\Users\HishamMo\Desktop\999_cs\Quantum_Inpired_PSO_Classifcation\MRI_dataset\Bilateral Osgood-Schlatter Disease with Chronic Inflammatory Arthritis\Bilateral_Osgood-Schlatter_Disease_with_Chronic_Inflammatory_Arthritis270.jpg,Bilateral Osgood-Schlatter Disease with Chronic Inflammatory Arthritis
C:\Users\HishamMo\Desktop\999_cs\Quantum_Inpired_PSO_Classifcation\MRI_dataset\Bilateral Osgood-Schlatter Disease with Chronic Inflammatory Arthritis\Bilateral_Osgood-Schlatter_Disease_with_Chronic_Inflammatory_Arthritis271.jpg,Bilateral Osgood-Schlatter Disease with Chronic Inflammatory Arthritis
C:\Users\HishamMo\Desktop\999_cs\Quantum_Inpired_PSO_Classifcation\MRI_dataset\Bilateral Osgood-Schlatter Disease with Chronic Inflammatory Arthritis\Bilateral_Osgood-Schlatter_Disease_with_Chronic_Inflammatory_Arthritis272.jpg,Bilateral Osgood-Schlatter Disease with Chronic Inflammatory Arthritis
C:\Users\HishamMo\Desktop\999_cs\Quantum_Inpired_PSO_Classifcation\MRI_dataset\Bilateral Osgood-Schlatter Disease with Chronic Inflammatory Arthritis\Bilateral_Osgood-Schlatter_Disease_with_Chronic_Inflammatory_Arthritis273.jpg,Bilateral Osgood-Schlatter Disease with Chronic Inflammatory Arthritis
C:\Users\HishamMo\Desktop\999_cs\Quantum_Inpired_PSO_Classifcation\MRI_dataset\Bilateral Osgood-Schlatter Disease with Chronic Inflammatory Arthritis\Bilateral_Osgood-Schlatter_Disease_with_Chronic_Inflammatory_Arthritis274.jpg,Bilateral Osgood-Schlatter Disease with Chronic Inflammatory Arthritis
C:\Users\HishamMo\Desktop\999_cs\Quantum_Inpired_PSO_Classifcation\MRI_dataset\Bilateral Osgood-Schlatter Disease with Chronic Inflammatory Arthritis\Bilateral_Osgood-Schlatter_Disease_with_Chronic_Inflammatory_Arthritis275.jpg,Bilateral Osgood-Schlatter Disease with Chronic Inflammatory Arthritis
C:\Users\HishamMo\Desktop\999_cs\Quantum_Inpired_PSO_Classifcation\MRI_dataset\Bilateral Osgood-Schlatter Disease with Chronic Inflammatory Arthritis\Bilateral_Osgood-Schlatter_Disease_with_Chronic_Inflammatory_Arthritis276.jpg,Bilateral Osgood-Schlatter Disease with Chronic Inflammatory Arthritis
C:\Users\HishamMo\Desktop\999_cs\Quantum_Inpired_PSO_Classifcation\MRI_dataset\Bilateral Osgood-Schlatter Disease with Chronic Inflammatory Arthritis\Bilateral_Osgood-Schlatter_Disease_with_Chronic_Inflammatory_Arthritis277.jpg,Bilateral Osgood-Schlatter Disease with Chronic Inflammatory Arthritis
C:\Users\HishamMo\Desktop\999_cs\Quantum_Inpired_PSO_Classifcation\MRI_dataset\Bilateral Osgood-Schlatter Disease with Chronic Inflammatory Arthritis\Bilateral_Osgood-Schlatter_Disease_with_Chronic_Inflammatory_Arthritis278.jpg,Bilateral Osgood-Schlatter Disease with Chronic Inflammatory Arthritis
C:\Users\HishamMo\Desktop\999_cs\Quantum_Inpired_PSO_Classifcation\MRI_dataset\Bilateral Osgood-Schlatter Disease with Chronic Inflammatory Arthritis\Bilateral_Osgood-Schlatter_Disease_with_Chronic_Inflammatory_Arthritis279.jpg,Bilateral Osgood-Schlatter Disease with Chronic Inflammatory Arthritis
C:\Users\HishamMo\Desktop\999_cs\Quantum_Inpired_PSO_Classifcation\MRI_dataset\Bilateral Osgood-Schlatter Disease with Chronic Inflammatory Arthritis\Bilateral_Osgood-Schlatter_Disease_with_Chronic_Inflammatory_Arthritis280.jpg,Bilateral Osgood-Schlatter Disease with Chronic Inflammatory Arthritis
C:\Users\HishamMo\Desktop\999_cs\Quantum_Inpired_PSO_Classifcation\MRI_dataset\Bilateral Osgood-Schlatter Disease with Chronic Inflammatory Arthritis\Bilateral_Osgood-Schlatter_Disease_with_Chronic_Inflammatory_Arthritis281.jpg,Bilateral Osgood-Schlatter Disease with Chronic Inflammatory Arthritis
C:\Users\HishamMo\Desktop\999_cs\Quantum_Inpired_PSO_Classifcation\MRI_dataset\Bilateral Osgood-Schlatter Disease with Chronic Inflammatory Arthritis\Bilateral_Osgood-Schlatter_Disease_with_Chronic_Inflammatory_Arthritis282.jpg,Bilateral Osgood-Schlatter Disease with Chronic Inflammatory Arthritis
C:\Users\HishamMo\Desktop\999_cs\Quantum_Inpired_PSO_Classifcation\MRI_dataset\Bilateral Osgood-Schlatter Disease with Chronic Inflammatory Arthritis\Bilateral_Osgood-Schlatter_Disease_with_Chronic_Inflammatory_Arthritis283.jpg,Bilateral Osgood-Schlatter Disease with Chronic Inflammatory Arthritis
C:\Users\HishamMo\Desktop\999_cs\Quantum_Inpired_PSO_Classifcation\MRI_dataset\Bilateral Osgood-Schlatter Disease with Chronic Inflammatory Arthritis\Bilateral_Osgood-Schlatter_Disease_with_Chronic_Inflammatory_Arthritis284.jpg,Bilateral Osgood-Schlatter Disease with Chronic Inflammatory Arthritis
C:\Users\HishamMo\Desktop\999_cs\Quantum_Inpired_PSO_Classifcation\MRI_dataset\Bilateral Osgood-Schlatter Disease with Chronic Inflammatory Arthritis\Bilateral_Osgood-Schlatter_Disease_with_Chronic_Inflammatory_Arthritis285.jpg,Bilateral Osgood-Schlatter Disease with Chronic Inflammatory Arthritis
C:\Users\HishamMo\Desktop\999_cs\Quantum_Inpired_PSO_Classifcation\MRI_dataset\Bilateral Osgood-Schlatter Disease with Chronic Inflammatory Arthritis\Bilateral_Osgood-Schlatter_Disease_with_Chronic_Inflammatory_Arthritis286.jpg,Bilateral Osgood-Schlatter Disease with Chronic Inflammatory Arthritis
C:\Users\HishamMo\Desktop\999_cs\Quantum_Inpired_PSO_Classifcation\MRI_dataset\Bilateral Osgood-Schlatter Disease with Chronic Inflammatory Arthritis\Bilateral_Osgood-Schlatter_Disease_with_Chronic_Inflammatory_Arthritis287.jpg,Bilateral Osgood-Schlatter Disease with Chronic Inflammatory Arthritis
C:\Users\HishamMo\Desktop\999_cs\Quantum_Inpired_PSO_Classifcation\MRI_dataset\Bilateral Osgood-Schlatter Disease with Chronic Inflammatory Arthritis\Bilateral_Osgood-Schlatter_Disease_with_Chronic_Inflammatory_Arthritis288.jpg,Bilateral Osgood-Schlatter Disease with Chronic Inflammatory Arthritis
C:\Users\HishamMo\Desktop\999_cs\Quantum_Inpired_PSO_Classifcation\MRI_dataset\Bilateral Osgood-Schlatter Disease with Chronic Inflammatory Arthritis\Bilateral_Osgood-Schlatter_Disease_with_Chronic_Inflammatory_Arthritis289.jpg,Bilateral Osgood-Schlatter Disease with Chronic Inflammatory Arthritis
C:\Users\HishamMo\Desktop\999_cs\Quantum_Inpired_PSO_Classifcation\MRI_dataset\Bilateral Osgood-Schlatter Disease with Chronic Inflammatory Arthritis\Bilateral_Osgood-Schlatter_Disease_with_Chronic_Inflammatory_Arthritis290.jpg,Bilateral Osgood-Schlatter Disease with Chronic Inflammatory Arthritis
C:\Users\HishamMo\Desktop\999_cs\Quantum_Inpired_PSO_Classifcation\MRI_dataset\Bilateral Osgood-Schlatter Disease with Chronic Inflammatory Arthritis\Bilateral_Osgood-Schlatter_Disease_with_Chronic_Inflammatory_Arthritis291.jpg,Bilateral Osgood-Schlatter Disease with Chronic Inflammatory Arthritis
C:\Users\HishamMo\Desktop\999_cs\Quantum_Inpired_PSO_Classifcation\MRI_dataset\Bilateral Osgood-Schlatter Disease with Chronic Inflammatory Arthritis\Bilateral_Osgood-Schlatter_Disease_with_Chronic_Inflammatory_Arthritis292.jpg,Bilateral Osgood-Schlatter Disease with Chronic Inflammatory Arthritis
C:\Users\HishamMo\Desktop\999_cs\Quantum_Inpired_PSO_Classifcation\MRI_dataset\Bilateral Osgood-Schlatter Disease with Chronic Inflammatory Arthritis\Bilateral_Osgood-Schlatter_Disease_with_Chronic_Inflammatory_Arthritis293.jpg,Bilateral Osgood-Schlatter Disease with Chronic Inflammatory Arthritis
C:\Users\HishamMo\Desktop\999_cs\Quantum_Inpired_PSO_Classifcation\MRI_dataset\Bilateral Osgood-Schlatter Disease with Chronic Inflammatory Arthritis\Bilateral_Osgood-Schlatter_Disease_with_Chronic_Inflammatory_Arthritis294.jpg,Bilateral Osgood-Schlatter Disease with Chronic Inflammatory Arthritis
C:\Users\HishamMo\Desktop\999_cs\Quantum_Inpired_PSO_Classifcation\MRI_dataset\Bilateral Osgood-Schlatter Disease with Chronic Inflammatory Arthritis\Bilateral_Osgood-Schlatter_Disease_with_Chronic_Inflammatory_Arthritis295.jpg,Bilateral Osgood-Schlatter Disease with Chronic Inflammatory Arthritis
C:\Users\HishamMo\Desktop\999_cs\Quantum_Inpired_PSO_Classifcation\MRI_dataset\Bilateral Osgood-Schlatter Disease with Chronic Inflammatory Arthritis\Bilateral_Osgood-Schlatter_Disease_with_Chronic_Inflammatory_Arthritis296.jpg,Bilateral Osgood-Schlatter Disease with Chronic Inflammatory Arthritis
C:\Users\HishamMo\Desktop\999_cs\Quantum_Inpired_PSO_Classifcation\MRI_dataset\Bilateral Osgood-Schlatter Disease with Chronic Inflammatory Arthritis\Bilateral_Osgood-Schlatter_Disease_with_Chronic_Inflammatory_Arthritis297.jpg,Bilateral Osgood-Schlatter Disease with Chronic Inflammatory Arthritis
C:\Users\HishamMo\Desktop\999_cs\Quantum_Inpired_PSO_Classifcation\MRI_dataset\Bilateral Osgood-Schlatter Disease with Chronic Inflammatory Arthritis\Bilateral_Osgood-Schlatter_Disease_with_Chronic_Inflammatory_Arthritis298.jpg,Bilateral Osgood-Schlatter Disease with Chronic Inflammatory Arthritis
C:\Users\HishamMo\Desktop\999_cs\Quantum_Inpired_PSO_Classifcation\MRI_dataset\Bilateral Osgood-Schlatter Disease with Chronic Inflammatory Arthritis\Bilateral_Osgood-Schlatter_Disease_with_Chronic_Inflammatory_Arthritis299.jpg,Bilateral Osgood-Schlatter Disease with Chronic Inflammatory Arthritis
C:\Users\HishamMo\Desktop\999_cs\Quantum_Inpired_PSO_Classifcation\MRI_dataset\Bilateral Osgood-Schlatter Disease with Chronic Inflammatory Arthritis\Bilateral_Osgood-Schlatter_Disease_with_Chronic_Inflammatory_Arthritis300.jpg,Bilateral Osgood-Schlatter Disease with Chronic Inflammatory Arthritis
C:\Users\HishamMo\Desktop\999_cs\Quantum_Inpired_PSO_Classifcation\MRI_dataset\Bilateral Osgood-Schlatter Disease with Chronic Inflammatory Arthritis\Bilateral_Osgood-Schlatter_Disease_with_Chronic_Inflammatory_Arthritis301.jpg,Bilateral Osgood-Schlatter Disease with Chronic Inflammatory Arthritis
C:\Users\HishamMo\Desktop\999_cs\Quantum_Inpired_PSO_Classifcation\MRI_dataset\Bilateral Osgood-Schlatter Disease with Chronic Inflammatory Arthritis\Bilateral_Osgood-Schlatter_Disease_with_Chronic_Inflammatory_Arthritis302.jpg,Bilateral Osgood-Schlatter Disease with Chronic Inflammatory Arthritis
C:\Users\HishamMo\Desktop\999_cs\Quantum_Inpired_PSO_Classifcation\MRI_dataset\Bilateral Osgood-Schlatter Disease with Chronic Inflammatory Arthritis\Bilateral_Osgood-Schlatter_Disease_with_Chronic_Inflammatory_Arthritis303.jpg,Bilateral Osgood-Schlatter Disease with Chronic Inflammatory Arthritis
C:\Users\HishamMo\Desktop\999_cs\Quantum_Inpired_PSO_Classifcation\MRI_dataset\Bilateral Osgood-Schlatter Disease with Chronic Inflammatory Arthritis\Bilateral_Osgood-Schlatter_Disease_with_Chronic_Inflammatory_Arthritis304.jpg,Bilateral Osgood-Schlatter Disease with Chronic Inflammatory Arthritis
C:\Users\HishamMo\Desktop\999_cs\Quantum_Inpired_PSO_Classifcation\MRI_dataset\Bilateral Osgood-Schlatter Disease with Chronic Inflammatory Arthritis\Bilateral_Osgood-Schlatter_Disease_with_Chronic_Inflammatory_Arthritis305.jpg,Bilateral Osgood-Schlatter Disease with Chronic Inflammatory Arthritis
C:\Users\HishamMo\Desktop\999_cs\Quantum_Inpired_PSO_Classifcation\MRI_dataset\Bilateral Osgood-Schlatter Disease with Chronic Inflammatory Arthritis\Bilateral_Osgood-Schlatter_Disease_with_Chronic_Inflammatory_Arthritis306.jpg,Bilateral Osgood-Schlatter Disease with Chronic Inflammatory Arthritis
C:\Users\HishamMo\Desktop\999_cs\Quantum_Inpired_PSO_Classifcation\MRI_dataset\Bilateral Osgood-Schlatter Disease with Chronic Inflammatory Arthritis\Bilateral_Osgood-Schlatter_Disease_with_Chronic_Inflammatory_Arthritis307.jpg,Bilateral Osgood-Schlatter Disease with Chronic Inflammatory Arthritis
C:\Users\HishamMo\Desktop\999_cs\Quantum_Inpired_PSO_Classifcation\MRI_dataset\Bilateral Osgood-Schlatter Disease with Chronic Inflammatory Arthritis\Bilateral_Osgood-Schlatter_Disease_with_Chronic_Inflammatory_Arthritis308.jpg,Bilateral Osgood-Schlatter Disease with Chronic Inflammatory Arthritis
C:\Users\HishamMo\Desktop\999_cs\Quantum_Inpired_PSO_Classifcation\MRI_dataset\Bilateral Osgood-Schlatter Disease with Chronic Inflammatory Arthritis\Bilateral_Osgood-Schlatter_Disease_with_Chronic_Inflammatory_Arthritis309.jpg,Bilateral Osgood-Schlatter Disease with Chronic Inflammatory Arthritis
C:\Users\HishamMo\Desktop\999_cs\Quantum_Inpired_PSO_Classifcation\MRI_dataset\Bilateral Osgood-Schlatter Disease with Chronic Inflammatory Arthritis\Bilateral_Osgood-Schlatter_Disease_with_Chronic_Inflammatory_Arthritis310.jpg,Bilateral Osgood-Schlatter Disease with Chronic Inflammatory Arthritis
C:\Users\HishamMo\Desktop\999_cs\Quantum_Inpired_PSO_Classifcation\MRI_dataset\Bilateral Osgood-Schlatter Disease with Chronic Inflammatory Arthritis\Bilateral_Osgood-Schlatter_Disease_with_Chronic_Inflammatory_Arthritis311.jpg,Bilateral Osgood-Schlatter Disease with Chronic Inflammatory Arthritis
C:\Users\HishamMo\Desktop\999_cs\Quantum_Inpired_PSO_Classifcation\MRI_dataset\Bilateral Osgood-Schlatter Disease with Chronic Inflammatory Arthritis\Bilateral_Osgood-Schlatter_Disease_with_Chronic_Inflammatory_Arthritis312.jpg,Bilateral Osgood-Schlatter Disease with Chronic Inflammatory Arthritis
C:\Users\HishamMo\Desktop\999_cs\Quantum_Inpired_PSO_Classifcation\MRI_dataset\Bilateral Osgood-Schlatter Disease with Chronic Inflammatory Arthritis\Bilateral_Osgood-Schlatter_Disease_with_Chronic_Inflammatory_Arthritis313.jpg,Bilateral Osgood-Schlatter Disease with Chronic Inflammatory Arthritis
C:\Users\HishamMo\Desktop\999_cs\Quantum_Inpired_PSO_Classifcation\MRI_dataset\Bilateral Osgood-Schlatter Disease with Chronic Inflammatory Arthritis\Bilateral_Osgood-Schlatter_Disease_with_Chronic_Inflammatory_Arthritis314.jpg,Bilateral Osgood-Schlatter Disease with Chronic Inflammatory Arthritis
C:\Users\HishamMo\Desktop\999_cs\Quantum_Inpired_PSO_Classifcation\MRI_dataset\Bilateral Osgood-Schlatter Disease with Chronic Inflammatory Arthritis\Bilateral_Osgood-Schlatter_Disease_with_Chronic_Inflammatory_Arthritis315.jpg,Bilateral Osgood-Schlatter Disease with Chronic Inflammatory Arthritis
C:\Users\HishamMo\Desktop\999_cs\Quantum_Inpired_PSO_Classifcation\MRI_dataset\Bilateral Osgood-Schlatter Disease with Chronic Inflammatory Arthritis\Bilateral_Osgood-Schlatter_Disease_with_Chronic_Inflammatory_Arthritis316.jpg,Bilateral Osgood-Schlatter Disease with Chronic Inflammatory Arthritis
C:\Users\HishamMo\Desktop\999_cs\Quantum_Inpired_PSO_Classifcation\MRI_dataset\Bilateral Osgood-Schlatter Disease with Chronic Inflammatory Arthritis\Bilateral_Osgood-Schlatter_Disease_with_Chronic_Inflammatory_Arthritis317.jpg,Bilateral Osgood-Schlatter Disease with Chronic Inflammatory Arthritis
C:\Users\HishamMo\Desktop\999_cs\Quantum_Inpired_PSO_Classifcation\MRI_dataset\Bilateral Osgood-Schlatter Disease with Chronic Inflammatory Arthritis\Bilateral_Osgood-Schlatter_Disease_with_Chronic_Inflammatory_Arthritis318.jpg,Bilateral Osgood-Schlatter Disease with Chronic Inflammatory Arthritis
C:\Users\HishamMo\Desktop\999_cs\Quantum_Inpired_PSO_Classifcation\MRI_dataset\Bilateral Osgood-Schlatter Disease with Chronic Inflammatory Arthritis\Bilateral_Osgood-Schlatter_Disease_with_Chronic_Inflammatory_Arthritis319.jpg,Bilateral Osgood-Schlatter Disease with Chronic Inflammatory Arthritis
C:\Users\HishamMo\Desktop\999_cs\Quantum_Inpired_PSO_Classifcation\MRI_dataset\Bilateral Osgood-Schlatter Disease with Chronic Inflammatory Arthritis\Bilateral_Osgood-Schlatter_Disease_with_Chronic_Inflammatory_Arthritis320.jpg,Bilateral Osgood-Schlatter Disease with Chronic Inflammatory Arthritis
C:\Users\HishamMo\Desktop\999_cs\Quantum_Inpired_PSO_Classifcation\MRI_dataset\Bilateral Osgood-Schlatter Disease with Chronic Inflammatory Arthritis\Bilateral_Osgood-Schlatter_Disease_with_Chronic_Inflammatory_Arthritis321.jpg,Bilateral Osgood-Schlatter Disease with Chronic Inflammatory Arthritis
C:\Users\HishamMo\Desktop\999_cs\Quantum_Inpired_PSO_Classifcation\MRI_dataset\Bilateral Osgood-Schlatter Disease with Chronic Inflammatory Arthritis\Bilateral_Osgood-Schlatter_Disease_with_Chronic_Inflammatory_Arthritis322.jpg,Bilateral Osgood-Schlatter Disease with Chronic Inflammatory Arthritis
C:\Users\HishamMo\Desktop\999_cs\Quantum_Inpired_PSO_Classifcation\MRI_dataset\Bilateral Osgood-Schlatter Disease with Chronic Inflammatory Arthritis\Bilateral_Osgood-Schlatter_Disease_with_Chronic_Inflammatory_Arthritis323.jpg,Bilateral Osgood-Schlatter Disease with Chronic Inflammatory Arthritis
C:\Users\HishamMo\Desktop\999_cs\Quantum_Inpired_PSO_Classifcation\MRI_dataset\Bilateral Osgood-Schlatter Disease with Chronic Inflammatory Arthritis\Bilateral_Osgood-Schlatter_Disease_with_Chronic_Inflammatory_Arthritis324.jpg,Bilateral Osgood-Schlatter Disease with Chronic Inflammatory Arthritis
C:\Users\HishamMo\Desktop\999_cs\Quantum_Inpired_PSO_Classifcation\MRI_dataset\Bilateral Osgood-Schlatter Disease with Chronic Inflammatory Arthritis\Bilateral_Osgood-Schlatter_Disease_with_Chronic_Inflammatory_Arthritis325.jpg,Bilateral Osgood-Schlatter Disease with Chronic Inflammatory Arthritis
C:\Users\HishamMo\Desktop\999_cs\Quantum_Inpired_PSO_Classifcation\MRI_dataset\Bilateral Osgood-Schlatter Disease with Chronic Inflammatory Arthritis\Bilateral_Osgood-Schlatter_Disease_with_Chronic_Inflammatory_Arthritis326.jpg,Bilateral Osgood-Schlatter Disease with Chronic Inflammatory Arthritis
C:\Users\HishamMo\Desktop\999_cs\Quantum_Inpired_PSO_Classifcation\MRI_dataset\Bilateral Osgood-Schlatter Disease with Chronic Inflammatory Arthritis\Bilateral_Osgood-Schlatter_Disease_with_Chronic_Inflammatory_Arthritis327.jpg,Bilateral Osgood-Schlatter Disease with Chronic Inflammatory Arthritis
C:\Users\HishamMo\Desktop\999_cs\Quantum_Inpired_PSO_Classifcation\MRI_dataset\Bilateral Osgood-Schlatter Disease with Chronic Inflammatory Arthritis\Bilateral_Osgood-Schlatter_Disease_with_Chronic_Inflammatory_Arthritis328.jpg,Bilateral Osgood-Schlatter Disease with Chronic Inflammatory Arthritis
C:\Users\HishamMo\Desktop\999_cs\Quantum_Inpired_PSO_Classifcation\MRI_dataset\Bilateral Osgood-Schlatter Disease with Chronic Inflammatory Arthritis\Bilateral_Osgood-Schlatter_Disease_with_Chronic_Inflammatory_Arthritis329.jpg,Bilateral Osgood-Schlatter Disease with Chronic Inflammatory Arthritis
C:\Users\HishamMo\Desktop\999_cs\Quantum_Inpired_PSO_Classifcation\MRI_dataset\Bilateral Osgood-Schlatter Disease with Chronic Inflammatory Arthritis\Bilateral_Osgood-Schlatter_Disease_with_Chronic_Inflammatory_Arthritis330.jpg,Bilateral Osgood-Schlatter Disease with Chronic Inflammatory Arthritis
C:\Users\HishamMo\Desktop\999_cs\Quantum_Inpired_PSO_Classifcation\MRI_dataset\Bilateral Osgood-Schlatter Disease with Chronic Inflammatory Arthritis\Bilateral_Osgood-Schlatter_Disease_with_Chronic_Inflammatory_Arthritis331.jpg,Bilateral Osgood-Schlatter Disease with Chronic Inflammatory Arthritis
C:\Users\HishamMo\Desktop\999_cs\Quantum_Inpired_PSO_Classifcation\MRI_dataset\Bilateral Osgood-Schlatter Disease with Chronic Inflammatory Arthritis\Bilateral_Osgood-Schlatter_Disease_with_Chronic_Inflammatory_Arthritis332.jpg,Bilateral Osgood-Schlatter Disease with Chronic Inflammatory Arthritis
C:\Users\HishamMo\Desktop\999_cs\Quantum_Inpired_PSO_Classifcation\MRI_dataset\Bilateral Osgood-Schlatter Disease with Chronic Inflammatory Arthritis\Bilateral_Osgood-Schlatter_Disease_with_Chronic_Inflammatory_Arthritis333.jpg,Bilateral Osgood-Schlatter Disease with Chronic Inflammatory Arthritis
C:\Users\HishamMo\Desktop\999_cs\Quantum_Inpired_PSO_Classifcation\MRI_dataset\Bilateral Osgood-Schlatter Disease with Chronic Inflammatory Arthritis\Bilateral_Osgood-Schlatter_Disease_with_Chronic_Inflammatory_Arthritis334.jpg,Bilateral Osgood-Schlatter Disease with Chronic Inflammatory Arthritis
C:\Users\HishamMo\Desktop\999_cs\Quantum_Inpired_PSO_Classifcation\MRI_dataset\Bilateral Osgood-Schlatter Disease with Chronic Inflammatory Arthritis\Bilateral_Osgood-Schlatter_Disease_with_Chronic_Inflammatory_Arthritis335.jpg,Bilateral Osgood-Schlatter Disease with Chronic Inflammatory Arthritis
C:\Users\HishamMo\Desktop\999_cs\Quantum_Inpired_PSO_Classifcation\MRI_dataset\Bilateral Osgood-Schlatter Disease with Chronic Inflammatory Arthritis\Bilateral_Osgood-Schlatter_Disease_with_Chronic_Inflammatory_Arthritis336.jpg,Bilateral Osgood-Schlatter Disease with Chronic Inflammatory Arthritis
C:\Users\HishamMo\Desktop\999_cs\Quantum_Inpired_PSO_Classifcation\MRI_dataset\Bilateral Osgood-Schlatter Disease with Chronic Inflammatory Arthritis\Bilateral_Osgood-Schlatter_Disease_with_Chronic_Inflammatory_Arthritis337.jpg,Bilateral Osgood-Schlatter Disease with Chronic Inflammatory Arthritis
C:\Users\HishamMo\Desktop\999_cs\Quantum_Inpired_PSO_Classifcation\MRI_dataset\Bilateral Osgood-Schlatter Disease with Chronic Inflammatory Arthritis\Bilateral_Osgood-Schlatter_Disease_with_Chronic_Inflammatory_Arthritis338.jpg,Bilateral Osgood-Schlatter Disease with Chronic Inflammatory Arthritis
C:\Users\HishamMo\Desktop\999_cs\Quantum_Inpired_PSO_Classifcation\MRI_dataset\Bilateral Osgood-Schlatter Disease with Chronic Inflammatory Arthritis\Bilateral_Osgood-Schlatter_Disease_with_Chronic_Inflammatory_Arthritis339.jpg,Bilateral Osgood-Schlatter Disease with Chronic Inflammatory Arthritis
C:\Users\HishamMo\Desktop\999_cs\Quantum_Inpired_PSO_Classifcation\MRI_dataset\Bilateral Osgood-Schlatter Disease with Chronic Inflammatory Arthritis\Bilateral_Osgood-Schlatter_Disease_with_Chronic_Inflammatory_Arthritis340.jpg,Bilateral Osgood-Schlatter Disease with Chronic Inflammatory Arthritis
C:\Users\HishamMo\Desktop\999_cs\Quantum_Inpired_PSO_Classifcation\MRI_dataset\Bilateral Osgood-Schlatter Disease with Chronic Inflammatory Arthritis\Bilateral_Osgood-Schlatter_Disease_with_Chronic_Inflammatory_Arthritis341.jpg,Bilateral Osgood-Schlatter Disease with Chronic Inflammatory Arthritis
C:\Users\HishamMo\Desktop\999_cs\Quantum_Inpired_PSO_Classifcation\MRI_dataset\Bilateral Osgood-Schlatter Disease with Chronic Inflammatory Arthritis\Bilateral_Osgood-Schlatter_Disease_with_Chronic_Inflammatory_Arthritis342.jpg,Bilateral Osgood-Schlatter Disease with Chronic Inflammatory Arthritis
C:\Users\HishamMo\Desktop\999_cs\Quantum_Inpired_PSO_Classifcation\MRI_dataset\Bilateral Osgood-Schlatter Disease with Chronic Inflammatory Arthritis\Bilateral_Osgood-Schlatter_Disease_with_Chronic_Inflammatory_Arthritis343.jpg,Bilateral Osgood-Schlatter Disease with Chronic Inflammatory Arthritis
C:\Users\HishamMo\Desktop\999_cs\Quantum_Inpired_PSO_Classifcation\MRI_dataset\Bilateral Osgood-Schlatter Disease with Chronic Inflammatory Arthritis\Bilateral_Osgood-Schlatter_Disease_with_Chronic_Inflammatory_Arthritis344.jpg,Bilateral Osgood-Schlatter Disease with Chronic Inflammatory Arthritis
C:\Users\HishamMo\Desktop\999_cs\Quantum_Inpired_PSO_Classifcation\MRI_dataset\Bilateral Osgood-Schlatter Disease with Chronic Inflammatory Arthritis\Bilateral_Osgood-Schlatter_Disease_with_Chronic_Inflammatory_Arthritis345.jpg,Bilateral Osgood-Schlatter Disease with Chronic Inflammatory Arthritis
C:\Users\HishamMo\Desktop\999_cs\Quantum_Inpired_PSO_Classifcation\MRI_dataset\Bilateral Osgood-Schlatter Disease with Chronic Inflammatory Arthritis\Bilateral_Osgood-Schlatter_Disease_with_Chronic_Inflammatory_Arthritis346.jpg,Bilateral Osgood-Schlatter Disease with Chronic Inflammatory Arthritis
C:\Users\HishamMo\Desktop\999_cs\Quantum_Inpired_PSO_Classifcation\MRI_dataset\Bilateral Osgood-Schlatter Disease with Chronic Inflammatory Arthritis\Bilateral_Osgood-Schlatter_Disease_with_Chronic_Inflammatory_Arthritis347.jpg,Bilateral Osgood-Schlatter Disease with Chronic Inflammatory Arthritis
C:\Users\HishamMo\Desktop\999_cs\Quantum_Inpired_PSO_Classifcation\MRI_dataset\Bilateral Osgood-Schlatter Disease with Chronic Inflammatory Arthritis\Bilateral_Osgood-Schlatter_Disease_with_Chronic_Inflammatory_Arthritis348.jpg,Bilateral Osgood-Schlatter Disease with Chronic Inflammatory Arthritis
C:\Users\HishamMo\Desktop\999_cs\Quantum_Inpired_PSO_Classifcation\MRI_dataset\Bilateral Osgood-Schlatter Disease with Chronic Inflammatory Arthritis\Bilateral_Osgood-Schlatter_Disease_with_Chronic_Inflammatory_Arthritis349.jpg,Bilateral Osgood-Schlatter Disease with Chronic Inflammatory Arthritis
C:\Users\HishamMo\Desktop\999_cs\Quantum_Inpired_PSO_Classifcation\MRI_dataset\Bilateral Osgood-Schlatter Disease with Chronic Inflammatory Arthritis\Bilateral_Osgood-Schlatter_Disease_with_Chronic_Inflammatory_Arthritis350.jpg,Bilateral Osgood-Schlatter Disease with Chronic Inflammatory Arthritis
C:\Users\HishamMo\Desktop\999_cs\Quantum_Inpired_PSO_Classifcation\MRI_dataset\Bilateral Osgood-Schlatter Disease with Chronic Inflammatory Arthritis\Bilateral_Osgood-Schlatter_Disease_with_Chronic_Inflammatory_Arthritis351.jpg,Bilateral Osgood-Schlatter Disease with Chronic Inflammatory Arthritis
C:\Users\HishamMo\Desktop\999_cs\Quantum_Inpired_PSO_Classifcation\MRI_dataset\Bilateral Osgood-Schlatter Disease with Chronic Inflammatory Arthritis\Bilateral_Osgood-Schlatter_Disease_with_Chronic_Inflammatory_Arthritis352.jpg,Bilateral Osgood-Schlatter Disease with Chronic Inflammatory Arthritis
C:\Users\HishamMo\Desktop\999_cs\Quantum_Inpired_PSO_Classifcation\MRI_dataset\Bilateral Osgood-Schlatter Disease with Chronic Inflammatory Arthritis\Bilateral_Osgood-Schlatter_Disease_with_Chronic_Inflammatory_Arthritis353.jpg,Bilateral Osgood-Schlatter Disease with Chronic Inflammatory Arthritis
C:\Users\HishamMo\Desktop\999_cs\Quantum_Inpired_PSO_Classifcation\MRI_dataset\Bilateral Osgood-Schlatter Disease with Chronic Inflammatory Arthritis\Bilateral_Osgood-Schlatter_Disease_with_Chronic_Inflammatory_Arthritis354.jpg,Bilateral Osgood-Schlatter Disease with Chronic Inflammatory Arthritis
C:\Users\HishamMo\Desktop\999_cs\Quantum_Inpired_PSO_Classifcation\MRI_dataset\Bilateral Osgood-Schlatter Disease with Chronic Inflammatory Arthritis\Bilateral_Osgood-Schlatter_Disease_with_Chronic_Inflammatory_Arthritis355.jpg,Bilateral Osgood-Schlatter Disease with Chronic Inflammatory Arthritis
C:\Users\HishamMo\Desktop\999_cs\Quantum_Inpired_PSO_Classifcation\MRI_dataset\Bilateral Osgood-Schlatter Disease with Chronic Inflammatory Arthritis\Bilateral_Osgood-Schlatter_Disease_with_Chronic_Inflammatory_Arthritis356.jpg,Bilateral Osgood-Schlatter Disease with Chronic Inflammatory Arthritis
C:\Users\HishamMo\Desktop\999_cs\Quantum_Inpired_PSO_Classifcation\MRI_dataset\Bilateral Osgood-Schlatter Disease with Chronic Inflammatory Arthritis\Bilateral_Osgood-Schlatter_Disease_with_Chronic_Inflammatory_Arthritis357.jpg,Bilateral Osgood-Schlatter Disease with Chronic Inflammatory Arthritis
C:\Users\HishamMo\Desktop\999_cs\Quantum_Inpired_PSO_Classifcation\MRI_dataset\Bilateral Osgood-Schlatter Disease with Chronic Inflammatory Arthritis\Bilateral_Osgood-Schlatter_Disease_with_Chronic_Inflammatory_Arthritis358.jpg,Bilateral Osgood-Schlatter Disease with Chronic Inflammatory Arthritis
C:\Users\HishamMo\Desktop\999_cs\Quantum_Inpired_PSO_Classifcation\MRI_dataset\Bilateral Osgood-Schlatter Disease with Chronic Inflammatory Arthritis\Bilateral_Osgood-Schlatter_Disease_with_Chronic_Inflammatory_Arthritis359.jpg,Bilateral Osgood-Schlatter Disease with Chronic Inflammatory Arthritis
C:\Users\HishamMo\Desktop\999_cs\Quantum_Inpired_PSO_Classifcation\MRI_dataset\Bilateral Osgood-Schlatter Disease with Chronic Inflammatory Arthritis\Bilateral_Osgood-Schlatter_Disease_with_Chronic_Inflammatory_Arthritis360.jpg,Bilateral Osgood-Schlatter Disease with Chronic Inflammatory Arthritis
C:\Users\HishamMo\Desktop\999_cs\Quantum_Inpired_PSO_Classifcation\MRI_dataset\Bilateral Osgood-Schlatter Disease with Chronic Inflammatory Arthritis\Bilateral_Osgood-Schlatter_Disease_with_Chronic_Inflammatory_Arthritis361.jpg,Bilateral Osgood-Schlatter Disease with Chronic Inflammatory Arthritis
C:\Users\HishamMo\Desktop\999_cs\Quantum_Inpired_PSO_Classifcation\MRI_dataset\Bilateral Osgood-Schlatter Disease with Chronic Inflammatory Arthritis\Bilateral_Osgood-Schlatter_Disease_with_Chronic_Inflammatory_Arthritis362.jpg,Bilateral Osgood-Schlatter Disease with Chronic Inflammatory Arthritis
C:\Users\HishamMo\Desktop\999_cs\Quantum_Inpired_PSO_Classifcation\MRI_dataset\Bilateral Osgood-Schlatter Disease with Chronic Inflammatory Arthritis\Bilateral_Osgood-Schlatter_Disease_with_Chronic_Inflammatory_Arthritis363.jpg,Bilateral Osgood-Schlatter Disease with Chronic Inflammatory Arthritis
C:\Users\HishamMo\Desktop\999_cs\Quantum_Inpired_PSO_Classifcation\MRI_dataset\Bilateral Osgood-Schlatter Disease with Chronic Inflammatory Arthritis\Bilateral_Osgood-Schlatter_Disease_with_Chronic_Inflammatory_Arthritis364.jpg,Bilateral Osgood-Schlatter Disease with Chronic Inflammatory Arthritis
C:\Users\HishamMo\Desktop\999_cs\Quantum_Inpired_PSO_Classifcation\MRI_dataset\Bilateral Osgood-Schlatter Disease with Chronic Inflammatory Arthritis\Bilateral_Osgood-Schlatter_Disease_with_Chronic_Inflammatory_Arthritis365.jpg,Bilateral Osgood-Schlatter Disease with Chronic Inflammatory Arthritis
C:\Users\HishamMo\Desktop\999_cs\Quantum_Inpired_PSO_Classifcation\MRI_dataset\Bilateral Osgood-Schlatter Disease with Chronic Inflammatory Arthritis\Bilateral_Osgood-Schlatter_Disease_with_Chronic_Inflammatory_Arthritis366.jpg,Bilateral Osgood-Schlatter Disease with Chronic Inflammatory Arthritis
C:\Users\HishamMo\Desktop\999_cs\Quantum_Inpired_PSO_Classifcation\MRI_dataset\Bilateral Osgood-Schlatter Disease with Chronic Inflammatory Arthritis\Bilateral_Osgood-Schlatter_Disease_with_Chronic_Inflammatory_Arthritis367.jpg,Bilateral Osgood-Schlatter Disease with Chronic Inflammatory Arthritis
C:\Users\HishamMo\Desktop\999_cs\Quantum_Inpired_PSO_Classifcation\MRI_dataset\Bilateral Osgood-Schlatter Disease with Chronic Inflammatory Arthritis\Bilateral_Osgood-Schlatter_Disease_with_Chronic_Inflammatory_Arthritis368.jpg,Bilateral Osgood-Schlatter Disease with Chronic Inflammatory Arthritis
C:\Users\HishamMo\Desktop\999_cs\Quantum_Inpired_PSO_Classifcation\MRI_dataset\Bilateral Osgood-Schlatter Disease with Chronic Inflammatory Arthritis\Bilateral_Osgood-Schlatter_Disease_with_Chronic_Inflammatory_Arthritis369.jpg,Bilateral Osgood-Schlatter Disease with Chronic Inflammatory Arthritis
C:\Users\HishamMo\Desktop\999_cs\Quantum_Inpired_PSO_Classifcation\MRI_dataset\Bilateral Osgood-Schlatter Disease with Chronic Inflammatory Arthritis\Bilateral_Osgood-Schlatter_Disease_with_Chronic_Inflammatory_Arthritis370.jpg,Bilateral Osgood-Schlatter Disease with Chronic Inflammatory Arthritis
C:\Users\HishamMo\Desktop\999_cs\Quantum_Inpired_PSO_Classifcation\MRI_dataset\Bilateral Osgood-Schlatter Disease with Chronic Inflammatory Arthritis\Bilateral_Osgood-Schlatter_Disease_with_Chronic_Inflammatory_Arthritis371.jpg,Bilateral Osgood-Schlatter Disease with Chronic Inflammatory Arthritis
C:\Users\HishamMo\Desktop\999_cs\Quantum_Inpired_PSO_Classifcation\MRI_dataset\Bilateral Osgood-Schlatter Disease with Chronic Inflammatory Arthritis\Bilateral_Osgood-Schlatter_Disease_with_Chronic_Inflammatory_Arthritis372.jpg,Bilateral Osgood-Schlatter Disease with Chronic Inflammatory Arthritis
C:\Users\HishamMo\Desktop\999_cs\Quantum_Inpired_PSO_Classifcation\MRI_dataset\Bilateral Osgood-Schlatter Disease with Chronic Inflammatory Arthritis\Bilateral_Osgood-Schlatter_Disease_with_Chronic_Inflammatory_Arthritis373.jpg,Bilateral Osgood-Schlatter Disease with Chronic Inflammatory Arthritis
C:\Users\HishamMo\Desktop\999_cs\Quantum_Inpired_PSO_Classifcation\MRI_dataset\Bilateral Osgood-Schlatter Disease with Chronic Inflammatory Arthritis\Bilateral_Osgood-Schlatter_Disease_with_Chronic_Inflammatory_Arthritis374.jpg,Bilateral Osgood-Schlatter Disease with Chronic Inflammatory Arthritis
C:\Users\HishamMo\Desktop\999_cs\Quantum_Inpired_PSO_Classifcation\MRI_dataset\Bilateral Osgood-Schlatter Disease with Chronic Inflammatory Arthritis\Bilateral_Osgood-Schlatter_Disease_with_Chronic_Inflammatory_Arthritis375.jpg,Bilateral Osgood-Schlatter Disease with Chronic Inflammatory Arthritis
C:\Users\HishamMo\Desktop\999_cs\Quantum_Inpired_PSO_Classifcation\MRI_dataset\Bilateral Osgood-Schlatter Disease with Chronic Inflammatory Arthritis\Bilateral_Osgood-Schlatter_Disease_with_Chronic_Inflammatory_Arthritis376.jpg,Bilateral Osgood-Schlatter Disease with Chronic Inflammatory Arthritis
C:\Users\HishamMo\Desktop\999_cs\Quantum_Inpired_PSO_Classifcation\MRI_dataset\Bilateral Osgood-Schlatter Disease with Chronic Inflammatory Arthritis\Bilateral_Osgood-Schlatter_Disease_with_Chronic_Inflammatory_Arthritis377.jpg,Bilateral Osgood-Schlatter Disease with Chronic Inflammatory Arthritis
C:\Users\HishamMo\Desktop\999_cs\Quantum_Inpired_PSO_Classifcation\MRI_dataset\Bilateral Osgood-Schlatter Disease with Chronic Inflammatory Arthritis\Bilateral_Osgood-Schlatter_Disease_with_Chronic_Inflammatory_Arthritis378.jpg,Bilateral Osgood-Schlatter Disease with Chronic Inflammatory Arthritis
C:\Users\HishamMo\Desktop\999_cs\Quantum_Inpired_PSO_Classifcation\MRI_dataset\Bilateral Osgood-Schlatter Disease with Chronic Inflammatory Arthritis\Bilateral_Osgood-Schlatter_Disease_with_Chronic_Inflammatory_Arthritis379.jpg,Bilateral Osgood-Schlatter Disease with Chronic Inflammatory Arthritis
C:\Users\HishamMo\Desktop\999_cs\Quantum_Inpired_PSO_Classifcation\MRI_dataset\Bilateral Osgood-Schlatter Disease with Chronic Inflammatory Arthritis\Bilateral_Osgood-Schlatter_Disease_with_Chronic_Inflammatory_Arthritis380.jpg,Bilateral Osgood-Schlatter Disease with Chronic Inflammatory Arthritis
C:\Users\HishamMo\Desktop\999_cs\Quantum_Inpired_PSO_Classifcation\MRI_dataset\Bilateral Osgood-Schlatter Disease with Chronic Inflammatory Arthritis\Bilateral_Osgood-Schlatter_Disease_with_Chronic_Inflammatory_Arthritis381.jpg,Bilateral Osgood-Schlatter Disease with Chronic Inflammatory Arthritis
C:\Users\HishamMo\Desktop\999_cs\Quantum_Inpired_PSO_Classifcation\MRI_dataset\Bilateral Osgood-Schlatter Disease with Chronic Inflammatory Arthritis\Bilateral_Osgood-Schlatter_Disease_with_Chronic_Inflammatory_Arthritis382.jpg,Bilateral Osgood-Schlatter Disease with Chronic Inflammatory Arthritis
C:\Users\HishamMo\Desktop\999_cs\Quantum_Inpired_PSO_Classifcation\MRI_dataset\Bilateral Osgood-Schlatter Disease with Chronic Inflammatory Arthritis\Bilateral_Osgood-Schlatter_Disease_with_Chronic_Inflammatory_Arthritis383.jpg,Bilateral Osgood-Schlatter Disease with Chronic Inflammatory Arthritis
C:\Users\HishamMo\Desktop\999_cs\Quantum_Inpired_PSO_Classifcation\MRI_dataset\Bilateral Osgood-Schlatter Disease with Chronic Inflammatory Arthritis\Bilateral_Osgood-Schlatter_Disease_with_Chronic_Inflammatory_Arthritis384.jpg,Bilateral Osgood-Schlatter Disease with Chronic Inflammatory Arthritis
C:\Users\HishamMo\Desktop\999_cs\Quantum_Inpired_PSO_Classifcation\MRI_dataset\Bilateral Osgood-Schlatter Disease with Chronic Inflammatory Arthritis\Bilateral_Osgood-Schlatter_Disease_with_Chronic_Inflammatory_Arthritis385.jpg,Bilateral Osgood-Schlatter Disease with Chronic Inflammatory Arthritis
C:\Users\HishamMo\Desktop\999_cs\Quantum_Inpired_PSO_Classifcation\MRI_dataset\Bilateral Osgood-Schlatter Disease with Chronic Inflammatory Arthritis\Bilateral_Osgood-Schlatter_Disease_with_Chronic_Inflammatory_Arthritis386.jpg,Bilateral Osgood-Schlatter Disease with Chronic Inflammatory Arthritis
C:\Users\HishamMo\Desktop\999_cs\Quantum_Inpired_PSO_Classifcation\MRI_dataset\Bilateral Osgood-Schlatter Disease with Chronic Inflammatory Arthritis\Bilateral_Osgood-Schlatter_Disease_with_Chronic_Inflammatory_Arthritis387.jpg,Bilateral Osgood-Schlatter Disease with Chronic Inflammatory Arthritis
C:\Users\HishamMo\Desktop\999_cs\Quantum_Inpired_PSO_Classifcation\MRI_dataset\Bilateral Osgood-Schlatter Disease with Chronic Inflammatory Arthritis\Bilateral_Osgood-Schlatter_Disease_with_Chronic_Inflammatory_Arthritis388.jpg,Bilateral Osgood-Schlatter Disease with Chronic Inflammatory Arthritis
C:\Users\HishamMo\Desktop\999_cs\Quantum_Inpired_PSO_Classifcation\MRI_dataset\Bilateral Osgood-Schlatter Disease with Chronic Inflammatory Arthritis\Bilateral_Osgood-Schlatter_Disease_with_Chronic_Inflammatory_Arthritis389.jpg,Bilateral Osgood-Schlatter Disease with Chronic Inflammatory Arthritis
C:\Users\HishamMo\Desktop\999_cs\Quantum_Inpired_PSO_Classifcation\MRI_dataset\Bilateral Osgood-Schlatter Disease with Chronic Inflammatory Arthritis\Bilateral_Osgood-Schlatter_Disease_with_Chronic_Inflammatory_Arthritis390.jpg,Bilateral Osgood-Schlatter Disease with Chronic Inflammatory Arthritis
C:\Users\HishamMo\Desktop\999_cs\Quantum_Inpired_PSO_Classifcation\MRI_dataset\Bilateral Osgood-Schlatter Disease with Chronic Inflammatory Arthritis\Bilateral_Osgood-Schlatter_Disease_with_Chronic_Inflammatory_Arthritis391.jpg,Bilateral Osgood-Schlatter Disease with Chronic Inflammatory Arthritis
C:\Users\HishamMo\Desktop\999_cs\Quantum_Inpired_PSO_Classifcation\MRI_dataset\Bilateral Osgood-Schlatter Disease with Chronic Inflammatory Arthritis\Bilateral_Osgood-Schlatter_Disease_with_Chronic_Inflammatory_Arthritis392.jpg,Bilateral Osgood-Schlatter Disease with Chronic Inflammatory Arthritis
C:\Users\HishamMo\Desktop\999_cs\Quantum_Inpired_PSO_Classifcation\MRI_dataset\Bilateral Osgood-Schlatter Disease with Chronic Inflammatory Arthritis\Bilateral_Osgood-Schlatter_Disease_with_Chronic_Inflammatory_Arthritis393.jpg,Bilateral Osgood-Schlatter Disease with Chronic Inflammatory Arthritis
C:\Users\HishamMo\Desktop\999_cs\Quantum_Inpired_PSO_Classifcation\MRI_dataset\Bilateral Osgood-Schlatter Disease with Chronic Inflammatory Arthritis\Bilateral_Osgood-Schlatter_Disease_with_Chronic_Inflammatory_Arthritis394.jpg,Bilateral Osgood-Schlatter Disease with Chronic Inflammatory Arthritis
C:\Users\HishamMo\Desktop\999_cs\Quantum_Inpired_PSO_Classifcation\MRI_dataset\Bilateral Osgood-Schlatter Disease with Chronic Inflammatory Arthritis\Bilateral_Osgood-Schlatter_Disease_with_Chronic_Inflammatory_Arthritis395.jpg,Bilateral Osgood-Schlatter Disease with Chronic Inflammatory Arthritis
C:\Users\HishamMo\Desktop\999_cs\Quantum_Inpired_PSO_Classifcation\MRI_dataset\Bilateral Osgood-Schlatter Disease with Chronic Inflammatory Arthritis\Bilateral_Osgood-Schlatter_Disease_with_Chronic_Inflammatory_Arthritis396.jpg,Bilateral Osgood-Schlatter Disease with Chronic Inflammatory Arthritis
C:\Users\HishamMo\Desktop\999_cs\Quantum_Inpired_PSO_Classifcation\MRI_dataset\Bilateral Osgood-Schlatter Disease with Chronic Inflammatory Arthritis\Bilateral_Osgood-Schlatter_Disease_with_Chronic_Inflammatory_Arthritis397.jpg,Bilateral Osgood-Schlatter Disease with Chronic Inflammatory Arthritis
C:\Users\HishamMo\Desktop\999_cs\Quantum_Inpired_PSO_Classifcation\MRI_dataset\Bilateral Osgood-Schlatter Disease with Chronic Inflammatory Arthritis\Bilateral_Osgood-Schlatter_Disease_with_Chronic_Inflammatory_Arthritis398.jpg,Bilateral Osgood-Schlatter Disease with Chronic Inflammatory Arthritis
C:\Users\HishamMo\Desktop\999_cs\Quantum_Inpired_PSO_Classifcation\MRI_dataset\Bilateral Osgood-Schlatter Disease with Chronic Inflammatory Arthritis\Bilateral_Osgood-Schlatter_Disease_with_Chronic_Inflammatory_Arthritis399.jpg,Bilateral Osgood-Schlatter Disease with Chronic Inflammatory Arthritis
C:\Users\HishamMo\Desktop\999_cs\Quantum_Inpired_PSO_Classifcation\MRI_dataset\Bilateral Osgood-Schlatter Disease with Chronic Inflammatory Arthritis\Bilateral_Osgood-Schlatter_Disease_with_Chronic_Inflammatory_Arthritis400.jpg,Bilateral Osgood-Schlatter Disease with Chronic Inflammatory Arthritis
C:\Users\HishamMo\Desktop\999_cs\Quantum_Inpired_PSO_Classifcation\MRI_dataset\Bilateral Osgood-Schlatter Disease with Chronic Inflammatory Arthritis\Bilateral_Osgood-Schlatter_Disease_with_Chronic_Inflammatory_Arthritis401.jpg,Bilateral Osgood-Schlatter Disease with Chronic Inflammatory Arthritis
C:\Users\HishamMo\Desktop\999_cs\Quantum_Inpired_PSO_Classifcation\MRI_dataset\Bilateral Osgood-Schlatter Disease with Chronic Inflammatory Arthritis\Bilateral_Osgood-Schlatter_Disease_with_Chronic_Inflammatory_Arthritis402.jpg,Bilateral Osgood-Schlatter Disease with Chronic Inflammatory Arthritis
C:\Users\HishamMo\Desktop\999_cs\Quantum_Inpired_PSO_Classifcation\MRI_dataset\Bilateral Osgood-Schlatter Disease with Chronic Inflammatory Arthritis\Bilateral_Osgood-Schlatter_Disease_with_Chronic_Inflammatory_Arthritis403.jpg,Bilateral Osgood-Schlatter Disease with Chronic Inflammatory Arthritis
C:\Users\HishamMo\Desktop\999_cs\Quantum_Inpired_PSO_Classifcation\MRI_dataset\Bilateral Osgood-Schlatter Disease with Chronic Inflammatory Arthritis\Bilateral_Osgood-Schlatter_Disease_with_Chronic_Inflammatory_Arthritis404.jpg,Bilateral Osgood-Schlatter Disease with Chronic Inflammatory Arthritis
C:\Users\HishamMo\Desktop\999_cs\Quantum_Inpired_PSO_Classifcation\MRI_dataset\Bilateral Osgood-Schlatter Disease with Chronic Inflammatory Arthritis\Bilateral_Osgood-Schlatter_Disease_with_Chronic_Inflammatory_Arthritis405.jpg,Bilateral Osgood-Schlatter Disease with Chronic Inflammatory Arthritis
C:\Users\HishamMo\Desktop\999_cs\Quantum_Inpired_PSO_Classifcation\MRI_dataset\Bilateral Osgood-Schlatter Disease with Chronic Inflammatory Arthritis\Bilateral_Osgood-Schlatter_Disease_with_Chronic_Inflammatory_Arthritis406.jpg,Bilateral Osgood-Schlatter Disease with Chronic Inflammatory Arthritis
C:\Users\HishamMo\Desktop\999_cs\Quantum_Inpired_PSO_Classifcation\MRI_dataset\Bilateral Osgood-Schlatter Disease with Chronic Inflammatory Arthritis\Bilateral_Osgood-Schlatter_Disease_with_Chronic_Inflammatory_Arthritis407.jpg,Bilateral Osgood-Schlatter Disease with Chronic Inflammatory Arthritis
C:\Users\HishamMo\Desktop\999_cs\Quantum_Inpired_PSO_Classifcation\MRI_dataset\Bilateral Osgood-Schlatter Disease with Chronic Inflammatory Arthritis\Bilateral_Osgood-Schlatter_Disease_with_Chronic_Inflammatory_Arthritis408.jpg,Bilateral Osgood-Schlatter Disease with Chronic Inflammatory Arthritis
C:\Users\HishamMo\Desktop\999_cs\Quantum_Inpired_PSO_Classifcation\MRI_dataset\Bilateral Osgood-Schlatter Disease with Chronic Inflammatory Arthritis\Bilateral_Osgood-Schlatter_Disease_with_Chronic_Inflammatory_Arthritis409.jpg,Bilateral Osgood-Schlatter Disease with Chronic Inflammatory Arthritis
C:\Users\HishamMo\Desktop\999_cs\Quantum_Inpired_PSO_Classifcation\MRI_dataset\Bilateral Osgood-Schlatter Disease with Chronic Inflammatory Arthritis\Bilateral_Osgood-Schlatter_Disease_with_Chronic_Inflammatory_Arthritis410.jpg,Bilateral Osgood-Schlatter Disease with Chronic Inflammatory Arthritis
C:\Users\HishamMo\Desktop\999_cs\Quantum_Inpired_PSO_Classifcation\MRI_dataset\Bilateral Osgood-Schlatter Disease with Chronic Inflammatory Arthritis\Bilateral_Osgood-Schlatter_Disease_with_Chronic_Inflammatory_Arthritis411.jpg,Bilateral Osgood-Schlatter Disease with Chronic Inflammatory Arthritis
C:\Users\HishamMo\Desktop\999_cs\Quantum_Inpired_PSO_Classifcation\MRI_dataset\Bilateral Osgood-Schlatter Disease with Chronic Inflammatory Arthritis\Bilateral_Osgood-Schlatter_Disease_with_Chronic_Inflammatory_Arthritis412.jpg,Bilateral Osgood-Schlatter Disease with Chronic Inflammatory Arthritis
C:\Users\HishamMo\Desktop\999_cs\Quantum_Inpired_PSO_Classifcation\MRI_dataset\Bilateral Osgood-Schlatter Disease with Chronic Inflammatory Arthritis\Bilateral_Osgood-Schlatter_Disease_with_Chronic_Inflammatory_Arthritis413.jpg,Bilateral Osgood-Schlatter Disease with Chronic Inflammatory Arthritis
C:\Users\HishamMo\Desktop\999_cs\Quantum_Inpired_PSO_Classifcation\MRI_dataset\Bilateral Osgood-Schlatter Disease with Chronic Inflammatory Arthritis\Bilateral_Osgood-Schlatter_Disease_with_Chronic_Inflammatory_Arthritis414.jpg,Bilateral Osgood-Schlatter Disease with Chronic Inflammatory Arthritis
C:\Users\HishamMo\Desktop\999_cs\Quantum_Inpired_PSO_Classifcation\MRI_dataset\Bilateral Osgood-Schlatter Disease with Chronic Inflammatory Arthritis\Bilateral_Osgood-Schlatter_Disease_with_Chronic_Inflammatory_Arthritis415.jpg,Bilateral Osgood-Schlatter Disease with Chronic Inflammatory Arthritis
C:\Users\HishamMo\Desktop\999_cs\Quantum_Inpired_PSO_Classifcation\MRI_dataset\Bilateral Osgood-Schlatter Disease with Chronic Inflammatory Arthritis\Bilateral_Osgood-Schlatter_Disease_with_Chronic_Inflammatory_Arthritis416.jpg,Bilateral Osgood-Schlatter Disease with Chronic Inflammatory Arthritis
C:\Users\HishamMo\Desktop\999_cs\Quantum_Inpired_PSO_Classifcation\MRI_dataset\Bilateral Osgood-Schlatter Disease with Chronic Inflammatory Arthritis\Bilateral_Osgood-Schlatter_Disease_with_Chronic_Inflammatory_Arthritis417.jpg,Bilateral Osgood-Schlatter Disease with Chronic Inflammatory Arthritis
C:\Users\HishamMo\Desktop\999_cs\Quantum_Inpired_PSO_Classifcation\MRI_dataset\Bilateral Osgood-Schlatter Disease with Chronic Inflammatory Arthritis\Bilateral_Osgood-Schlatter_Disease_with_Chronic_Inflammatory_Arthritis418.jpg,Bilateral Osgood-Schlatter Disease with Chronic Inflammatory Arthritis
C:\Users\HishamMo\Desktop\999_cs\Quantum_Inpired_PSO_Classifcation\MRI_dataset\Bilateral Osgood-Schlatter Disease with Chronic Inflammatory Arthritis\Bilateral_Osgood-Schlatter_Disease_with_Chronic_Inflammatory_Arthritis419.jpg,Bilateral Osgood-Schlatter Disease with Chronic Inflammatory Arthritis
C:\Users\HishamMo\Desktop\999_cs\Quantum_Inpired_PSO_Classifcation\MRI_dataset\Bilateral Osgood-Schlatter Disease with Chronic Inflammatory Arthritis\Bilateral_Osgood-Schlatter_Disease_with_Chronic_Inflammatory_Arthritis420.jpg,Bilateral Osgood-Schlatter Disease with Chronic Inflammatory Arthritis
C:\Users\HishamMo\Desktop\999_cs\Quantum_Inpired_PSO_Classifcation\MRI_dataset\Bilateral Osgood-Schlatter Disease with Chronic Inflammatory Arthritis\Bilateral_Osgood-Schlatter_Disease_with_Chronic_Inflammatory_Arthritis421.jpg,Bilateral Osgood-Schlatter Disease with Chronic Inflammatory Arthritis
C:\Users\HishamMo\Desktop\999_cs\Quantum_Inpired_PSO_Classifcation\MRI_dataset\Bilateral Osgood-Schlatter Disease with Chronic Inflammatory Arthritis\Bilateral_Osgood-Schlatter_Disease_with_Chronic_Inflammatory_Arthritis422.jpg,Bilateral Osgood-Schlatter Disease with Chronic Inflammatory Arthritis
C:\Users\HishamMo\Desktop\999_cs\Quantum_Inpired_PSO_Classifcation\MRI_dataset\Bilateral Osgood-Schlatter Disease with Chronic Inflammatory Arthritis\Bilateral_Osgood-Schlatter_Disease_with_Chronic_Inflammatory_Arthritis423.jpg,Bilateral Osgood-Schlatter Disease with Chronic Inflammatory Arthritis
C:\Users\HishamMo\Desktop\999_cs\Quantum_Inpired_PSO_Classifcation\MRI_dataset\Bilateral Osgood-Schlatter Disease with Chronic Inflammatory Arthritis\Bilateral_Osgood-Schlatter_Disease_with_Chronic_Inflammatory_Arthritis424.jpg,Bilateral Osgood-Schlatter Disease with Chronic Inflammatory Arthritis
C:\Users\HishamMo\Desktop\999_cs\Quantum_Inpired_PSO_Classifcation\MRI_dataset\Bilateral Osgood-Schlatter Disease with Chronic Inflammatory Arthritis\Bilateral_Osgood-Schlatter_Disease_with_Chronic_Inflammatory_Arthritis425.jpg,Bilateral Osgood-Schlatter Disease with Chronic Inflammatory Arthritis
C:\Users\HishamMo\Desktop\999_cs\Quantum_Inpired_PSO_Classifcation\MRI_dataset\Bilateral Osgood-Schlatter Disease with Chronic Inflammatory Arthritis\Bilateral_Osgood-Schlatter_Disease_with_Chronic_Inflammatory_Arthritis426.jpg,Bilateral Osgood-Schlatter Disease with Chronic Inflammatory Arthritis
C:\Users\HishamMo\Desktop\999_cs\Quantum_Inpired_PSO_Classifcation\MRI_dataset\Bilateral Osgood-Schlatter Disease with Chronic Inflammatory Arthritis\Bilateral_Osgood-Schlatter_Disease_with_Chronic_Inflammatory_Arthritis427.jpg,Bilateral Osgood-Schlatter Disease with Chronic Inflammatory Arthritis
C:\Users\HishamMo\Desktop\999_cs\Quantum_Inpired_PSO_Classifcation\MRI_dataset\Bilateral Osgood-Schlatter Disease with Chronic Inflammatory Arthritis\Bilateral_Osgood-Schlatter_Disease_with_Chronic_Inflammatory_Arthritis428.jpg,Bilateral Osgood-Schlatter Disease with Chronic Inflammatory Arthritis
C:\Users\HishamMo\Desktop\999_cs\Quantum_Inpired_PSO_Classifcation\MRI_dataset\Bilateral Osgood-Schlatter Disease with Chronic Inflammatory Arthritis\Bilateral_Osgood-Schlatter_Disease_with_Chronic_Inflammatory_Arthritis429.jpg,Bilateral Osgood-Schlatter Disease with Chronic Inflammatory Arthritis
C:\Users\HishamMo\Desktop\999_cs\Quantum_Inpired_PSO_Classifcation\MRI_dataset\Bilateral Osgood-Schlatter Disease with Chronic Inflammatory Arthritis\Bilateral_Osgood-Schlatter_Disease_with_Chronic_Inflammatory_Arthritis430.jpg,Bilateral Osgood-Schlatter Disease with Chronic Inflammatory Arthritis
C:\Users\HishamMo\Desktop\999_cs\Quantum_Inpired_PSO_Classifcation\MRI_dataset\Bilateral Osgood-Schlatter Disease with Chronic Inflammatory Arthritis\Bilateral_Osgood-Schlatter_Disease_with_Chronic_Inflammatory_Arthritis431.jpg,Bilateral Osgood-Schlatter Disease with Chronic Inflammatory Arthritis
C:\Users\HishamMo\Desktop\999_cs\Quantum_Inpired_PSO_Classifcation\MRI_dataset\Bilateral Osgood-Schlatter Disease with Chronic Inflammatory Arthritis\Bilateral_Osgood-Schlatter_Disease_with_Chronic_Inflammatory_Arthritis432.jpg,Bilateral Osgood-Schlatter Disease with Chronic Inflammatory Arthritis
C:\Users\HishamMo\Desktop\999_cs\Quantum_Inpired_PSO_Classifcation\MRI_dataset\Bilateral Osgood-Schlatter Disease with Chronic Inflammatory Arthritis\Bilateral_Osgood-Schlatter_Disease_with_Chronic_Inflammatory_Arthritis433.jpg,Bilateral Osgood-Schlatter Disease with Chronic Inflammatory Arthritis
C:\Users\HishamMo\Desktop\999_cs\Quantum_Inpired_PSO_Classifcation\MRI_dataset\Bilateral Osgood-Schlatter Disease with Chronic Inflammatory Arthritis\Bilateral_Osgood-Schlatter_Disease_with_Chronic_Inflammatory_Arthritis434.jpg,Bilateral Osgood-Schlatter Disease with Chronic Inflammatory Arthritis
C:\Users\HishamMo\Desktop\999_cs\Quantum_Inpired_PSO_Classifcation\MRI_dataset\Bilateral Osgood-Schlatter Disease with Chronic Inflammatory Arthritis\Bilateral_Osgood-Schlatter_Disease_with_Chronic_Inflammatory_Arthritis435.jpg,Bilateral Osgood-Schlatter Disease with Chronic Inflammatory Arthritis
C:\Users\HishamMo\Desktop\999_cs\Quantum_Inpired_PSO_Classifcation\MRI_dataset\Bilateral Osgood-Schlatter Disease with Chronic Inflammatory Arthritis\Bilateral_Osgood-Schlatter_Disease_with_Chronic_Inflammatory_Arthritis436.jpg,Bilateral Osgood-Schlatter Disease with Chronic Inflammatory Arthritis
C:\Users\HishamMo\Desktop\999_cs\Quantum_Inpired_PSO_Classifcation\MRI_dataset\Bilateral Osgood-Schlatter Disease with Chronic Inflammatory Arthritis\Bilateral_Osgood-Schlatter_Disease_with_Chronic_Inflammatory_Arthritis437.jpg,Bilateral Osgood-Schlatter Disease with Chronic Inflammatory Arthritis
C:\Users\HishamMo\Desktop\999_cs\Quantum_Inpired_PSO_Classifcation\MRI_dataset\Bilateral Osgood-Schlatter Disease with Chronic Inflammatory Arthritis\Bilateral_Osgood-Schlatter_Disease_with_Chronic_Inflammatory_Arthritis438.jpg,Bilateral Osgood-Schlatter Disease with Chronic Inflammatory Arthritis
C:\Users\HishamMo\Desktop\999_cs\Quantum_Inpired_PSO_Classifcation\MRI_dataset\Bilateral Osgood-Schlatter Disease with Chronic Inflammatory Arthritis\Bilateral_Osgood-Schlatter_Disease_with_Chronic_Inflammatory_Arthritis439.jpg,Bilateral Osgood-Schlatter Disease with Chronic Inflammatory Arthritis
C:\Users\HishamMo\Desktop\999_cs\Quantum_Inpired_PSO_Classifcation\MRI_dataset\Bilateral Osgood-Schlatter Disease with Chronic Inflammatory Arthritis\Bilateral_Osgood-Schlatter_Disease_with_Chronic_Inflammatory_Arthritis440.jpg,Bilateral Osgood-Schlatter Disease with Chronic Inflammatory Arthritis
C:\Users\HishamMo\Desktop\999_cs\Quantum_Inpired_PSO_Classifcation\MRI_dataset\Bilateral Osgood-Schlatter Disease with Chronic Inflammatory Arthritis\Bilateral_Osgood-Schlatter_Disease_with_Chronic_Inflammatory_Arthritis441.jpg,Bilateral Osgood-Schlatter Disease with Chronic Inflammatory Arthritis
C:\Users\HishamMo\Desktop\999_cs\Quantum_Inpired_PSO_Classifcation\MRI_dataset\Bilateral Osgood-Schlatter Disease with Chronic Inflammatory Arthritis\Bilateral_Osgood-Schlatter_Disease_with_Chronic_Inflammatory_Arthritis442.jpg,Bilateral Osgood-Schlatter Disease with Chronic Inflammatory Arthritis
C:\Users\HishamMo\Desktop\999_cs\Quantum_Inpired_PSO_Classifcation\MRI_dataset\Bilateral Osgood-Schlatter Disease with Chronic Inflammatory Arthritis\Bilateral_Osgood-Schlatter_Disease_with_Chronic_Inflammatory_Arthritis443.jpg,Bilateral Osgood-Schlatter Disease with Chronic Inflammatory Arthritis
C:\Users\HishamMo\Desktop\999_cs\Quantum_Inpired_PSO_Classifcation\MRI_dataset\Bilateral Osgood-Schlatter Disease with Chronic Inflammatory Arthritis\Bilateral_Osgood-Schlatter_Disease_with_Chronic_Inflammatory_Arthritis444.jpg,Bilateral Osgood-Schlatter Disease with Chronic Inflammatory Arthritis
C:\Users\HishamMo\Desktop\999_cs\Quantum_Inpired_PSO_Classifcation\MRI_dataset\Bilateral Osgood-Schlatter Disease with Chronic Inflammatory Arthritis\Bilateral_Osgood-Schlatter_Disease_with_Chronic_Inflammatory_Arthritis445.jpg,Bilateral Osgood-Schlatter Disease with Chronic Inflammatory Arthritis
C:\Users\HishamMo\Desktop\999_cs\Quantum_Inpired_PSO_Classifcation\MRI_dataset\Bilateral Osgood-Schlatter Disease with Chronic Inflammatory Arthritis\Bilateral_Osgood-Schlatter_Disease_with_Chronic_Inflammatory_Arthritis446.jpg,Bilateral Osgood-Schlatter Disease with Chronic Inflammatory Arthritis
C:\Users\HishamMo\Desktop\999_cs\Quantum_Inpired_PSO_Classifcation\MRI_dataset\Bilateral Osgood-Schlatter Disease with Chronic Inflammatory Arthritis\Bilateral_Osgood-Schlatter_Disease_with_Chronic_Inflammatory_Arthritis447.jpg,Bilateral Osgood-Schlatter Disease with Chronic Inflammatory Arthritis
C:\Users\HishamMo\Desktop\999_cs\Quantum_Inpired_PSO_Classifcation\MRI_dataset\Bilateral Osgood-Schlatter Disease with Chronic Inflammatory Arthritis\Bilateral_Osgood-Schlatter_Disease_with_Chronic_Inflammatory_Arthritis448.jpg,Bilateral Osgood-Schlatter Disease with Chronic Inflammatory Arthritis
C:\Users\HishamMo\Desktop\999_cs\Quantum_Inpired_PSO_Classifcation\MRI_dataset\Bilateral Osgood-Schlatter Disease with Chronic Inflammatory Arthritis\Bilateral_Osgood-Schlatter_Disease_with_Chronic_Inflammatory_Arthritis449.jpg,Bilateral Osgood-Schlatter Disease with Chronic Inflammatory Arthritis
C:\Users\HishamMo\Desktop\999_cs\Quantum_Inpired_PSO_Classifcation\MRI_dataset\Bilateral Osgood-Schlatter Disease with Chronic Inflammatory Arthritis\Bilateral_Osgood-Schlatter_Disease_with_Chronic_Inflammatory_Arthritis450.jpg,Bilateral Osgood-Schlatter Disease with Chronic Inflammatory Arthritis
C:\Users\HishamMo\Desktop\999_cs\Quantum_Inpired_PSO_Classifcation\MRI_dataset\Bilateral Osgood-Schlatter Disease with Chronic Inflammatory Arthritis\Bilateral_Osgood-Schlatter_Disease_with_Chronic_Inflammatory_Arthritis451.jpg,Bilateral Osgood-Schlatter Disease with Chronic Inflammatory Arthritis
C:\Users\HishamMo\Desktop\999_cs\Quantum_Inpired_PSO_Classifcation\MRI_dataset\Bilateral Osgood-Schlatter Disease with Chronic Inflammatory Arthritis\Bilateral_Osgood-Schlatter_Disease_with_Chronic_Inflammatory_Arthritis452.jpg,Bilateral Osgood-Schlatter Disease with Chronic Inflammatory Arthritis
C:\Users\HishamMo\Desktop\999_cs\Quantum_Inpired_PSO_Classifcation\MRI_dataset\Bilateral Osgood-Schlatter Disease with Chronic Inflammatory Arthritis\Bilateral_Osgood-Schlatter_Disease_with_Chronic_Inflammatory_Arthritis453.jpg,Bilateral Osgood-Schlatter Disease with Chronic Inflammatory Arthritis
C:\Users\HishamMo\Desktop\999_cs\Quantum_Inpired_PSO_Classifcation\MRI_dataset\Bilateral Osgood-Schlatter Disease with Chronic Inflammatory Arthritis\Bilateral_Osgood-Schlatter_Disease_with_Chronic_Inflammatory_Arthritis454.jpg,Bilateral Osgood-Schlatter Disease with Chronic Inflammatory Arthritis
C:\Users\HishamMo\Desktop\999_cs\Quantum_Inpired_PSO_Classifcation\MRI_dataset\Bilateral Osgood-Schlatter Disease with Chronic Inflammatory Arthritis\Bilateral_Osgood-Schlatter_Disease_with_Chronic_Inflammatory_Arthritis455.jpg,Bilateral Osgood-Schlatter Disease with Chronic Inflammatory Arthritis
C:\Users\HishamMo\Desktop\999_cs\Quantum_Inpired_PSO_Classifcation\MRI_dataset\Bilateral Osgood-Schlatter Disease with Chronic Inflammatory Arthritis\Bilateral_Osgood-Schlatter_Disease_with_Chronic_Inflammatory_Arthritis456.jpg,Bilateral Osgood-Schlatter Disease with Chronic Inflammatory Arthritis
C:\Users\HishamMo\Desktop\999_cs\Quantum_Inpired_PSO_Classifcation\MRI_dataset\Bilateral Osgood-Schlatter Disease with Chronic Inflammatory Arthritis\Bilateral_Osgood-Schlatter_Disease_with_Chronic_Inflammatory_Arthritis457.jpg,Bilateral Osgood-Schlatter Disease with Chronic Inflammatory Arthritis
C:\Users\HishamMo\Desktop\999_cs\Quantum_Inpired_PSO_Classifcation\MRI_dataset\Bilateral Osgood-Schlatter Disease with Chronic Inflammatory Arthritis\Bilateral_Osgood-Schlatter_Disease_with_Chronic_Inflammatory_Arthritis458.jpg,Bilateral Osgood-Schlatter Disease with Chronic Inflammatory Arthritis
C:\Users\HishamMo\Desktop\999_cs\Quantum_Inpired_PSO_Classifcation\MRI_dataset\Bilateral Osgood-Schlatter Disease with Chronic Inflammatory Arthritis\Bilateral_Osgood-Schlatter_Disease_with_Chronic_Inflammatory_Arthritis459.jpg,Bilateral Osgood-Schlatter Disease with Chronic Inflammatory Arthritis
C:\Users\HishamMo\Desktop\999_cs\Quantum_Inpired_PSO_Classifcation\MRI_dataset\Bilateral Osgood-Schlatter Disease with Chronic Inflammatory Arthritis\Bilateral_Osgood-Schlatter_Disease_with_Chronic_Inflammatory_Arthritis460.jpg,Bilateral Osgood-Schlatter Disease with Chronic Inflammatory Arthritis
C:\Users\HishamMo\Desktop\999_cs\Quantum_Inpired_PSO_Classifcation\MRI_dataset\Bilateral Osgood-Schlatter Disease with Chronic Inflammatory Arthritis\Bilateral_Osgood-Schlatter_Disease_with_Chronic_Inflammatory_Arthritis461.jpg,Bilateral Osgood-Schlatter Disease with Chronic Inflammatory Arthritis
C:\Users\HishamMo\Desktop\999_cs\Quantum_Inpired_PSO_Classifcation\MRI_dataset\Bilateral Osgood-Schlatter Disease with Chronic Inflammatory Arthritis\Bilateral_Osgood-Schlatter_Disease_with_Chronic_Inflammatory_Arthritis462.jpg,Bilateral Osgood-Schlatter Disease with Chronic Inflammatory Arthritis
C:\Users\HishamMo\Desktop\999_cs\Quantum_Inpired_PSO_Classifcation\MRI_dataset\Bilateral Osgood-Schlatter Disease with Chronic Inflammatory Arthritis\Bilateral_Osgood-Schlatter_Disease_with_Chronic_Inflammatory_Arthritis463.jpg,Bilateral Osgood-Schlatter Disease with Chronic Inflammatory Arthritis
C:\Users\HishamMo\Desktop\999_cs\Quantum_Inpired_PSO_Classifcation\MRI_dataset\Bilateral Osgood-Schlatter Disease with Chronic Inflammatory Arthritis\Bilateral_Osgood-Schlatter_Disease_with_Chronic_Inflammatory_Arthritis464.jpg,Bilateral Osgood-Schlatter Disease with Chronic Inflammatory Arthritis
C:\Users\HishamMo\Desktop\999_cs\Quantum_Inpired_PSO_Classifcation\MRI_dataset\Bilateral Osgood-Schlatter Disease with Chronic Inflammatory Arthritis\Bilateral_Osgood-Schlatter_Disease_with_Chronic_Inflammatory_Arthritis465.jpg,Bilateral Osgood-Schlatter Disease with Chronic Inflammatory Arthritis
C:\Users\HishamMo\Desktop\999_cs\Quantum_Inpired_PSO_Classifcation\MRI_dataset\Bilateral Osgood-Schlatter Disease with Chronic Inflammatory Arthritis\Bilateral_Osgood-Schlatter_Disease_with_Chronic_Inflammatory_Arthritis466.jpg,Bilateral Osgood-Schlatter Disease with Chronic Inflammatory Arthritis
C:\Users\HishamMo\Desktop\999_cs\Quantum_Inpired_PSO_Classifcation\MRI_dataset\Bilateral Osgood-Schlatter Disease with Chronic Inflammatory Arthritis\Bilateral_Osgood-Schlatter_Disease_with_Chronic_Inflammatory_Arthritis467.jpg,Bilateral Osgood-Schlatter Disease with Chronic Inflammatory Arthritis
C:\Users\HishamMo\Desktop\999_cs\Quantum_Inpired_PSO_Classifcation\MRI_dataset\Bilateral Osgood-Schlatter Disease with Chronic Inflammatory Arthritis\Bilateral_Osgood-Schlatter_Disease_with_Chronic_Inflammatory_Arthritis468.jpg,Bilateral Osgood-Schlatter Disease with Chronic Inflammatory Arthritis
C:\Users\HishamMo\Desktop\999_cs\Quantum_Inpired_PSO_Classifcation\MRI_dataset\Bilateral Osgood-Schlatter Disease with Chronic Inflammatory Arthritis\Bilateral_Osgood-Schlatter_Disease_with_Chronic_Inflammatory_Arthritis469.jpg,Bilateral Osgood-Schlatter Disease with Chronic Inflammatory Arthritis
C:\Users\HishamMo\Desktop\999_cs\Quantum_Inpired_PSO_Classifcation\MRI_dataset\Bilateral Osgood-Schlatter Disease with Chronic Inflammatory Arthritis\Bilateral_Osgood-Schlatter_Disease_with_Chronic_Inflammatory_Arthritis470.jpg,Bilateral Osgood-Schlatter Disease with Chronic Inflammatory Arthritis
C:\Users\HishamMo\Desktop\999_cs\Quantum_Inpired_PSO_Classifcation\MRI_dataset\Bilateral Osgood-Schlatter Disease with Chronic Inflammatory Arthritis\Bilateral_Osgood-Schlatter_Disease_with_Chronic_Inflammatory_Arthritis471.jpg,Bilateral Osgood-Schlatter Disease with Chronic Inflammatory Arthritis
C:\Users\HishamMo\Desktop\999_cs\Quantum_Inpired_PSO_Classifcation\MRI_dataset\Bilateral Osgood-Schlatter Disease with Chronic Inflammatory Arthritis\Bilateral_Osgood-Schlatter_Disease_with_Chronic_Inflammatory_Arthritis472.jpg,Bilateral Osgood-Schlatter Disease with Chronic Inflammatory Arthritis
C:\Users\HishamMo\Desktop\999_cs\Quantum_Inpired_PSO_Classifcation\MRI_dataset\Bilateral Osgood-Schlatter Disease with Chronic Inflammatory Arthritis\Bilateral_Osgood-Schlatter_Disease_with_Chronic_Inflammatory_Arthritis473.jpg,Bilateral Osgood-Schlatter Disease with Chronic Inflammatory Arthritis
C:\Users\HishamMo\Desktop\999_cs\Quantum_Inpired_PSO_Classifcation\MRI_dataset\Bilateral Osgood-Schlatter Disease with Chronic Inflammatory Arthritis\Bilateral_Osgood-Schlatter_Disease_with_Chronic_Inflammatory_Arthritis474.jpg,Bilateral Osgood-Schlatter Disease with Chronic Inflammatory Arthritis
C:\Users\HishamMo\Desktop\999_cs\Quantum_Inpired_PSO_Classifcation\MRI_dataset\Bilateral Osgood-Schlatter Disease with Chronic Inflammatory Arthritis\Bilateral_Osgood-Schlatter_Disease_with_Chronic_Inflammatory_Arthritis475.jpg,Bilateral Osgood-Schlatter Disease with Chronic Inflammatory Arthritis
C:\Users\HishamMo\Desktop\999_cs\Quantum_Inpired_PSO_Classifcation\MRI_dataset\Bilateral Osgood-Schlatter Disease with Chronic Inflammatory Arthritis\Bilateral_Osgood-Schlatter_Disease_with_Chronic_Inflammatory_Arthritis476.jpg,Bilateral Osgood-Schlatter Disease with Chronic Inflammatory Arthritis
C:\Users\HishamMo\Desktop\999_cs\Quantum_Inpired_PSO_Classifcation\MRI_dataset\Bilateral Osgood-Schlatter Disease with Chronic Inflammatory Arthritis\Bilateral_Osgood-Schlatter_Disease_with_Chronic_Inflammatory_Arthritis477.jpg,Bilateral Osgood-Schlatter Disease with Chronic Inflammatory Arthritis
C:\Users\HishamMo\Desktop\999_cs\Quantum_Inpired_PSO_Classifcation\MRI_dataset\Bilateral Osgood-Schlatter Disease with Chronic Inflammatory Arthritis\Bilateral_Osgood-Schlatter_Disease_with_Chronic_Inflammatory_Arthritis478.jpg,Bilateral Osgood-Schlatter Disease with Chronic Inflammatory Arthritis
C:\Users\HishamMo\Desktop\999_cs\Quantum_Inpired_PSO_Classifcation\MRI_dataset\Bilateral Osgood-Schlatter Disease with Chronic Inflammatory Arthritis\Bilateral_Osgood-Schlatter_Disease_with_Chronic_Inflammatory_Arthritis479.jpg,Bilateral Osgood-Schlatter Disease with Chronic Inflammatory Arthritis
C:\Users\HishamMo\Desktop\999_cs\Quantum_Inpired_PSO_Classifcation\MRI_dataset\Bilateral Osgood-Schlatter Disease with Chronic Inflammatory Arthritis\Bilateral_Osgood-Schlatter_Disease_with_Chronic_Inflammatory_Arthritis480.jpg,Bilateral Osgood-Schlatter Disease with Chronic Inflammatory Arthritis
C:\Users\HishamMo\Desktop\999_cs\Quantum_Inpired_PSO_Classifcation\MRI_dataset\Bilateral Osgood-Schlatter Disease with Chronic Inflammatory Arthritis\Bilateral_Osgood-Schlatter_Disease_with_Chronic_Inflammatory_Arthritis481.jpg,Bilateral Osgood-Schlatter Disease with Chronic Inflammatory Arthritis
C:\Users\HishamMo\Desktop\999_cs\Quantum_Inpired_PSO_Classifcation\MRI_dataset\Bilateral Osgood-Schlatter Disease with Chronic Inflammatory Arthritis\Bilateral_Osgood-Schlatter_Disease_with_Chronic_Inflammatory_Arthritis482.jpg,Bilateral Osgood-Schlatter Disease with Chronic Inflammatory Arthritis
C:\Users\HishamMo\Desktop\999_cs\Quantum_Inpired_PSO_Classifcation\MRI_dataset\Bilateral Osgood-Schlatter Disease with Chronic Inflammatory Arthritis\Bilateral_Osgood-Schlatter_Disease_with_Chronic_Inflammatory_Arthritis483.jpg,Bilateral Osgood-Schlatter Disease with Chronic Inflammatory Arthritis
C:\Users\HishamMo\Desktop\999_cs\Quantum_Inpired_PSO_Classifcation\MRI_dataset\Bilateral Osgood-Schlatter Disease with Chronic Inflammatory Arthritis\Bilateral_Osgood-Schlatter_Disease_with_Chronic_Inflammatory_Arthritis484.jpg,Bilateral Osgood-Schlatter Disease with Chronic Inflammatory Arthritis
C:\Users\HishamMo\Desktop\999_cs\Quantum_Inpired_PSO_Classifcation\MRI_dataset\Bilateral Osgood-Schlatter Disease with Chronic Inflammatory Arthritis\Bilateral_Osgood-Schlatter_Disease_with_Chronic_Inflammatory_Arthritis485.jpg,Bilateral Osgood-Schlatter Disease with Chronic Inflammatory Arthritis
C:\Users\HishamMo\Desktop\999_cs\Quantum_Inpired_PSO_Classifcation\MRI_dataset\Bilateral Osgood-Schlatter Disease with Chronic Inflammatory Arthritis\Bilateral_Osgood-Schlatter_Disease_with_Chronic_Inflammatory_Arthritis486.jpg,Bilateral Osgood-Schlatter Disease with Chronic Inflammatory Arthritis
C:\Users\HishamMo\Desktop\999_cs\Quantum_Inpired_PSO_Classifcation\MRI_dataset\Bilateral Osgood-Schlatter Disease with Chronic Inflammatory Arthritis\Bilateral_Osgood-Schlatter_Disease_with_Chronic_Inflammatory_Arthritis487.jpg,Bilateral Osgood-Schlatter Disease with Chronic Inflammatory Arthritis
C:\Users\HishamMo\Desktop\999_cs\Quantum_Inpired_PSO_Classifcation\MRI_dataset\Bilateral Osgood-Schlatter Disease with Chronic Inflammatory Arthritis\Bilateral_Osgood-Schlatter_Disease_with_Chronic_Inflammatory_Arthritis488.jpg,Bilateral Osgood-Schlatter Disease with Chronic Inflammatory Arthritis
C:\Users\HishamMo\Desktop\999_cs\Quantum_Inpired_PSO_Classifcation\MRI_dataset\Bilateral Osgood-Schlatter Disease with Chronic Inflammatory Arthritis\Bilateral_Osgood-Schlatter_Disease_with_Chronic_Inflammatory_Arthritis489.jpg,Bilateral Osgood-Schlatter Disease with Chronic Inflammatory Arthritis
C:\Users\HishamMo\Desktop\999_cs\Quantum_Inpired_PSO_Classifcation\MRI_dataset\Bilateral Osgood-Schlatter Disease with Chronic Inflammatory Arthritis\Bilateral_Osgood-Schlatter_Disease_with_Chronic_Inflammatory_Arthritis490.jpg,Bilateral Osgood-Schlatter Disease with Chronic Inflammatory Arthritis
C:\Users\HishamMo\Desktop\999_cs\Quantum_Inpired_PSO_Classifcation\MRI_dataset\Bilateral Osgood-Schlatter Disease with Chronic Inflammatory Arthritis\Bilateral_Osgood-Schlatter_Disease_with_Chronic_Inflammatory_Arthritis491.jpg,Bilateral Osgood-Schlatter Disease with Chronic Inflammatory Arthritis
C:\Users\HishamMo\Desktop\999_cs\Quantum_Inpired_PSO_Classifcation\MRI_dataset\Bilateral Osgood-Schlatter Disease with Chronic Inflammatory Arthritis\Bilateral_Osgood-Schlatter_Disease_with_Chronic_Inflammatory_Arthritis492.jpg,Bilateral Osgood-Schlatter Disease with Chronic Inflammatory Arthritis
C:\Users\HishamMo\Desktop\999_cs\Quantum_Inpired_PSO_Classifcation\MRI_dataset\Bilateral Osgood-Schlatter Disease with Chronic Inflammatory Arthritis\Bilateral_Osgood-Schlatter_Disease_with_Chronic_Inflammatory_Arthritis493.jpg,Bilateral Osgood-Schlatter Disease with Chronic Inflammatory Arthritis
C:\Users\HishamMo\Desktop\999_cs\Quantum_Inpired_PSO_Classifcation\MRI_dataset\Bilateral Osgood-Schlatter Disease with Chronic Inflammatory Arthritis\Bilateral_Osgood-Schlatter_Disease_with_Chronic_Inflammatory_Arthritis494.jpg,Bilateral Osgood-Schlatter Disease with Chronic Inflammatory Arthritis
C:\Users\HishamMo\Desktop\999_cs\Quantum_Inpired_PSO_Classifcation\MRI_dataset\Bilateral Osgood-Schlatter Disease with Chronic Inflammatory Arthritis\Bilateral_Osgood-Schlatter_Disease_with_Chronic_Inflammatory_Arthritis495.jpg,Bilateral Osgood-Schlatter Disease with Chronic Inflammatory Arthritis
C:\Users\HishamMo\Desktop\999_cs\Quantum_Inpired_PSO_Classifcation\MRI_dataset\Bilateral Osgood-Schlatter Disease with Chronic Inflammatory Arthritis\Bilateral_Osgood-Schlatter_Disease_with_Chronic_Inflammatory_Arthritis496.jpg,Bilateral Osgood-Schlatter Disease with Chronic Inflammatory Arthritis
C:\Users\HishamMo\Desktop\999_cs\Quantum_Inpired_PSO_Classifcation\MRI_dataset\Bilateral Osgood-Schlatter Disease with Chronic Inflammatory Arthritis\Bilateral_Osgood-Schlatter_Disease_with_Chronic_Inflammatory_Arthritis497.jpg,Bilateral Osgood-Schlatter Disease with Chronic Inflammatory Arthritis
C:\Users\HishamMo\Desktop\999_cs\Quantum_Inpired_PSO_Classifcation\MRI_dataset\Bilateral Osgood-Schlatter Disease with Chronic Inflammatory Arthritis\Bilateral_Osgood-Schlatter_Disease_with_Chronic_Inflammatory_Arthritis498.jpg,Bilateral Osgood-Schlatter Disease with Chronic Inflammatory Arthritis
C:\Users\HishamMo\Desktop\999_cs\Quantum_Inpired_PSO_Classifcation\MRI_dataset\Bilateral Osgood-Schlatter Disease with Chronic Inflammatory Arthritis\Bilateral_Osgood-Schlatter_Disease_with_Chronic_Inflammatory_Arthritis499.jpg,Bilateral Osgood-Schlatter Disease with Chronic Inflammatory Arthritis
C:\Users\HishamMo\Desktop\999_cs\Quantum_Inpired_PSO_Classifcation\MRI_dataset\Bilateral Osgood-Schlatter Disease with Chronic Inflammatory Arthritis\Bilateral_Osgood-Schlatter_Disease_with_Chronic_Inflammatory_Arthritis500.jpg,Bilateral Osgood-Schlatter Disease with Chronic Inflammatory Arthritis
C:\Users\HishamMo\Desktop\999_cs\Quantum_Inpired_PSO_Classifcation\MRI_dataset\Bilateral Osgood-Schlatter Disease with Chronic Inflammatory Arthritis\Bilateral_Osgood-Schlatter_Disease_with_Chronic_Inflammatory_Arthritis501.jpg,Bilateral Osgood-Schlatter Disease with Chronic Inflammatory Arthritis
C:\Users\HishamMo\Desktop\999_cs\Quantum_Inpired_PSO_Classifcation\MRI_dataset\Bilateral Osgood-Schlatter Disease with Chronic Inflammatory Arthritis\Bilateral_Osgood-Schlatter_Disease_with_Chronic_Inflammatory_Arthritis502.jpg,Bilateral Osgood-Schlatter Disease with Chronic Inflammatory Arthritis
C:\Users\HishamMo\Desktop\999_cs\Quantum_Inpired_PSO_Classifcation\MRI_dataset\Bilateral Osgood-Schlatter Disease with Chronic Inflammatory Arthritis\Bilateral_Osgood-Schlatter_Disease_with_Chronic_Inflammatory_Arthritis503.jpg,Bilateral Osgood-Schlatter Disease with Chronic Inflammatory Arthritis
C:\Users\HishamMo\Desktop\999_cs\Quantum_Inpired_PSO_Classifcation\MRI_dataset\Bilateral Osgood-Schlatter Disease with Chronic Inflammatory Arthritis\Bilateral_Osgood-Schlatter_Disease_with_Chronic_Inflammatory_Arthritis504.jpg,Bilateral Osgood-Schlatter Disease with Chronic Inflammatory Arthritis
C:\Users\HishamMo\Desktop\999_cs\Quantum_Inpired_PSO_Classifcation\MRI_dataset\Bilateral Osgood-Schlatter Disease with Chronic Inflammatory Arthritis\Bilateral_Osgood-Schlatter_Disease_with_Chronic_Inflammatory_Arthritis505.jpg,Bilateral Osgood-Schlatter Disease with Chronic Inflammatory Arthritis
C:\Users\HishamMo\Desktop\999_cs\Quantum_Inpired_PSO_Classifcation\MRI_dataset\Bilateral Osgood-Schlatter Disease with Chronic Inflammatory Arthritis\Bilateral_Osgood-Schlatter_Disease_with_Chronic_Inflammatory_Arthritis506.jpg,Bilateral Osgood-Schlatter Disease with Chronic Inflammatory Arthritis
C:\Users\HishamMo\Desktop\999_cs\Quantum_Inpired_PSO_Classifcation\MRI_dataset\Bilateral Osgood-Schlatter Disease with Chronic Inflammatory Arthritis\Bilateral_Osgood-Schlatter_Disease_with_Chronic_Inflammatory_Arthritis507.jpg,Bilateral Osgood-Schlatter Disease with Chronic Inflammatory Arthritis
C:\Users\HishamMo\Desktop\999_cs\Quantum_Inpired_PSO_Classifcation\MRI_dataset\Bilateral Osgood-Schlatter Disease with Chronic Inflammatory Arthritis\Bilateral_Osgood-Schlatter_Disease_with_Chronic_Inflammatory_Arthritis508.jpg,Bilateral Osgood-Schlatter Disease with Chronic Inflammatory Arthritis
C:\Users\HishamMo\Desktop\999_cs\Quantum_Inpired_PSO_Classifcation\MRI_dataset\Bilateral Osgood-Schlatter Disease with Chronic Inflammatory Arthritis\Bilateral_Osgood-Schlatter_Disease_with_Chronic_Inflammatory_Arthritis509.jpg,Bilateral Osgood-Schlatter Disease with Chronic Inflammatory Arthritis
C:\Users\HishamMo\Desktop\999_cs\Quantum_Inpired_PSO_Classifcation\MRI_dataset\Bilateral Osgood-Schlatter Disease with Chronic Inflammatory Arthritis\Bilateral_Osgood-Schlatter_Disease_with_Chronic_Inflammatory_Arthritis510.jpg,Bilateral Osgood-Schlatter Disease with Chronic Inflammatory Arthritis
C:\Users\HishamMo\Desktop\999_cs\Quantum_Inpired_PSO_Classifcation\MRI_dataset\Bilateral Osgood-Schlatter Disease with Chronic Inflammatory Arthritis\Bilateral_Osgood-Schlatter_Disease_with_Chronic_Inflammatory_Arthritis511.jpg,Bilateral Osgood-Schlatter Disease with Chronic Inflammatory Arthritis
C:\Users\HishamMo\Desktop\999_cs\Quantum_Inpired_PSO_Classifcation\MRI_dataset\Bilateral Osgood-Schlatter Disease with Chronic Inflammatory Arthritis\Bilateral_Osgood-Schlatter_Disease_with_Chronic_Inflammatory_Arthritis512.jpg,Bilateral Osgood-Schlatter Disease with Chronic Inflammatory Arthritis
C:\Users\HishamMo\Desktop\999_cs\Quantum_Inpired_PSO_Classifcation\MRI_dataset\Bilateral Osgood-Schlatter Disease with Chronic Inflammatory Arthritis\Bilateral_Osgood-Schlatter_Disease_with_Chronic_Inflammatory_Arthritis513.jpg,Bilateral Osgood-Schlatter Disease with Chronic Inflammatory Arthritis
C:\Users\HishamMo\Desktop\999_cs\Quantum_Inpired_PSO_Classifcation\MRI_dataset\Bilateral Osgood-Schlatter Disease with Chronic Inflammatory Arthritis\Bilateral_Osgood-Schlatter_Disease_with_Chronic_Inflammatory_Arthritis514.jpg,Bilateral Osgood-Schlatter Disease with Chronic Inflammatory Arthritis
C:\Users\HishamMo\Desktop\999_cs\Quantum_Inpired_PSO_Classifcation\MRI_dataset\Bilateral Osgood-Schlatter Disease with Chronic Inflammatory Arthritis\Bilateral_Osgood-Schlatter_Disease_with_Chronic_Inflammatory_Arthritis515.jpg,Bilateral Osgood-Schlatter Disease with Chronic Inflammatory Arthritis
C:\Users\HishamMo\Desktop\999_cs\Quantum_Inpired_PSO_Classifcation\MRI_dataset\Bilateral Osgood-Schlatter Disease with Chronic Inflammatory Arthritis\Bilateral_Osgood-Schlatter_Disease_with_Chronic_Inflammatory_Arthritis516.jpg,Bilateral Osgood-Schlatter Disease with Chronic Inflammatory Arthritis
C:\Users\HishamMo\Desktop\999_cs\Quantum_Inpired_PSO_Classifcation\MRI_dataset\Bilateral Osgood-Schlatter Disease with Chronic Inflammatory Arthritis\Bilateral_Osgood-Schlatter_Disease_with_Chronic_Inflammatory_Arthritis517.jpg,Bilateral Osgood-Schlatter Disease with Chronic Inflammatory Arthritis
C:\Users\HishamMo\Desktop\999_cs\Quantum_Inpired_PSO_Classifcation\MRI_dataset\Bilateral Osgood-Schlatter Disease with Chronic Inflammatory Arthritis\Bilateral_Osgood-Schlatter_Disease_with_Chronic_Inflammatory_Arthritis518.jpg,Bilateral Osgood-Schlatter Disease with Chronic Inflammatory Arthritis
C:\Users\HishamMo\Desktop\999_cs\Quantum_Inpired_PSO_Classifcation\MRI_dataset\Bilateral Osgood-Schlatter Disease with Chronic Inflammatory Arthritis\Bilateral_Osgood-Schlatter_Disease_with_Chronic_Inflammatory_Arthritis519.jpg,Bilateral Osgood-Schlatter Disease with Chronic Inflammatory Arthritis
C:\Users\HishamMo\Desktop\999_cs\Quantum_Inpired_PSO_Classifcation\MRI_dataset\Bilateral Osgood-Schlatter Disease with Chronic Inflammatory Arthritis\Bilateral_Osgood-Schlatter_Disease_with_Chronic_Inflammatory_Arthritis520.jpg,Bilateral Osgood-Schlatter Disease with Chronic Inflammatory Arthritis
C:\Users\HishamMo\Desktop\999_cs\Quantum_Inpired_PSO_Classifcation\MRI_dataset\Bilateral Osgood-Schlatter Disease with Chronic Inflammatory Arthritis\Bilateral_Osgood-Schlatter_Disease_with_Chronic_Inflammatory_Arthritis521.jpg,Bilateral Osgood-Schlatter Disease with Chronic Inflammatory Arthritis
C:\Users\HishamMo\Desktop\999_cs\Quantum_Inpired_PSO_Classifcation\MRI_dataset\Bilateral Osgood-Schlatter Disease with Chronic Inflammatory Arthritis\Bilateral_Osgood-Schlatter_Disease_with_Chronic_Inflammatory_Arthritis522.jpg,Bilateral Osgood-Schlatter Disease with Chronic Inflammatory Arthritis
C:\Users\HishamMo\Desktop\999_cs\Quantum_Inpired_PSO_Classifcation\MRI_dataset\Bilateral Osgood-Schlatter Disease with Chronic Inflammatory Arthritis\Bilateral_Osgood-Schlatter_Disease_with_Chronic_Inflammatory_Arthritis523.jpg,Bilateral Osgood-Schlatter Disease with Chronic Inflammatory Arthritis
C:\Users\HishamMo\Desktop\999_cs\Quantum_Inpired_PSO_Classifcation\MRI_dataset\Bilateral Osgood-Schlatter Disease with Chronic Inflammatory Arthritis\Bilateral_Osgood-Schlatter_Disease_with_Chronic_Inflammatory_Arthritis524.jpg,Bilateral Osgood-Schlatter Disease with Chronic Inflammatory Arthritis
C:\Users\HishamMo\Desktop\999_cs\Quantum_Inpired_PSO_Classifcation\MRI_dataset\Bilateral Osgood-Schlatter Disease with Chronic Inflammatory Arthritis\Bilateral_Osgood-Schlatter_Disease_with_Chronic_Inflammatory_Arthritis525.jpg,Bilateral Osgood-Schlatter Disease with Chronic Inflammatory Arthritis
C:\Users\HishamMo\Desktop\999_cs\Quantum_Inpired_PSO_Classifcation\MRI_dataset\Bilateral Osgood-Schlatter Disease with Chronic Inflammatory Arthritis\Bilateral_Osgood-Schlatter_Disease_with_Chronic_Inflammatory_Arthritis526.jpg,Bilateral Osgood-Schlatter Disease with Chronic Inflammatory Arthritis
C:\Users\HishamMo\Desktop\999_cs\Quantum_Inpired_PSO_Classifcation\MRI_dataset\Bilateral Osgood-Schlatter Disease with Chronic Inflammatory Arthritis\Bilateral_Osgood-Schlatter_Disease_with_Chronic_Inflammatory_Arthritis527.jpg,Bilateral Osgood-Schlatter Disease with Chronic Inflammatory Arthritis
C:\Users\HishamMo\Desktop\999_cs\Quantum_Inpired_PSO_Classifcation\MRI_dataset\Bilateral Osgood-Schlatter Disease with Chronic Inflammatory Arthritis\Bilateral_Osgood-Schlatter_Disease_with_Chronic_Inflammatory_Arthritis528.jpg,Bilateral Osgood-Schlatter Disease with Chronic Inflammatory Arthritis
C:\Users\HishamMo\Desktop\999_cs\Quantum_Inpired_PSO_Classifcation\MRI_dataset\Bilateral Osgood-Schlatter Disease with Chronic Inflammatory Arthritis\Bilateral_Osgood-Schlatter_Disease_with_Chronic_Inflammatory_Arthritis529.jpg,Bilateral Osgood-Schlatter Disease with Chronic Inflammatory Arthritis
C:\Users\HishamMo\Desktop\999_cs\Quantum_Inpired_PSO_Classifcation\MRI_dataset\Bilateral Osgood-Schlatter Disease with Chronic Inflammatory Arthritis\Bilateral_Osgood-Schlatter_Disease_with_Chronic_Inflammatory_Arthritis530.jpg,Bilateral Osgood-Schlatter Disease with Chronic Inflammatory Arthritis
C:\Users\HishamMo\Desktop\999_cs\Quantum_Inpired_PSO_Classifcation\MRI_dataset\Bilateral Osgood-Schlatter Disease with Chronic Inflammatory Arthritis\Bilateral_Osgood-Schlatter_Disease_with_Chronic_Inflammatory_Arthritis531.jpg,Bilateral Osgood-Schlatter Disease with Chronic Inflammatory Arthritis
C:\Users\HishamMo\Desktop\999_cs\Quantum_Inpired_PSO_Classifcation\MRI_dataset\Bilateral Osgood-Schlatter Disease with Chronic Inflammatory Arthritis\Bilateral_Osgood-Schlatter_Disease_with_Chronic_Inflammatory_Arthritis532.jpg,Bilateral Osgood-Schlatter Disease with Chronic Inflammatory Arthritis
C:\Users\HishamMo\Desktop\999_cs\Quantum_Inpired_PSO_Classifcation\MRI_dataset\Bilateral Osgood-Schlatter Disease with Chronic Inflammatory Arthritis\Bilateral_Osgood-Schlatter_Disease_with_Chronic_Inflammatory_Arthritis533.jpg,Bilateral Osgood-Schlatter Disease with Chronic Inflammatory Arthritis
C:\Users\HishamMo\Desktop\999_cs\Quantum_Inpired_PSO_Classifcation\MRI_dataset\Bilateral Osgood-Schlatter Disease with Chronic Inflammatory Arthritis\Bilateral_Osgood-Schlatter_Disease_with_Chronic_Inflammatory_Arthritis534.jpg,Bilateral Osgood-Schlatter Disease with Chronic Inflammatory Arthritis
C:\Users\HishamMo\Desktop\999_cs\Quantum_Inpired_PSO_Classifcation\MRI_dataset\Bilateral Osgood-Schlatter Disease with Chronic Inflammatory Arthritis\Bilateral_Osgood-Schlatter_Disease_with_Chronic_Inflammatory_Arthritis535.jpg,Bilateral Osgood-Schlatter Disease with Chronic Inflammatory Arthritis
C:\Users\HishamMo\Desktop\999_cs\Quantum_Inpired_PSO_Classifcation\MRI_dataset\Bilateral Osgood-Schlatter Disease with Chronic Inflammatory Arthritis\Bilateral_Osgood-Schlatter_Disease_with_Chronic_Inflammatory_Arthritis536.jpg,Bilateral Osgood-Schlatter Disease with Chronic Inflammatory Arthritis
C:\Users\HishamMo\Desktop\999_cs\Quantum_Inpired_PSO_Classifcation\MRI_dataset\Bilateral Osgood-Schlatter Disease with Chronic Inflammatory Arthritis\Bilateral_Osgood-Schlatter_Disease_with_Chronic_Inflammatory_Arthritis537.jpg,Bilateral Osgood-Schlatter Disease with Chronic Inflammatory Arthritis
C:\Users\HishamMo\Desktop\999_cs\Quantum_Inpired_PSO_Classifcation\MRI_dataset\Bilateral Osgood-Schlatter Disease with Chronic Inflammatory Arthritis\Bilateral_Osgood-Schlatter_Disease_with_Chronic_Inflammatory_Arthritis538.jpg,Bilateral Osgood-Schlatter Disease with Chronic Inflammatory Arthritis
C:\Users\HishamMo\Desktop\999_cs\Quantum_Inpired_PSO_Classifcation\MRI_dataset\Bilateral Osgood-Schlatter Disease with Chronic Inflammatory Arthritis\Bilateral_Osgood-Schlatter_Disease_with_Chronic_Inflammatory_Arthritis539.jpg,Bilateral Osgood-Schlatter Disease with Chronic Inflammatory Arthritis
C:\Users\HishamMo\Desktop\999_cs\Quantum_Inpired_PSO_Classifcation\MRI_dataset\Bilateral Osgood-Schlatter Disease with Chronic Inflammatory Arthritis\Bilateral_Osgood-Schlatter_Disease_with_Chronic_Inflammatory_Arthritis540.jpg,Bilateral Osgood-Schlatter Disease with Chronic Inflammatory Arthritis
C:\Users\HishamMo\Desktop\999_cs\Quantum_Inpired_PSO_Classifcation\MRI_dataset\Bilateral Osgood-Schlatter Disease with Chronic Inflammatory Arthritis\Bilateral_Osgood-Schlatter_Disease_with_Chronic_Inflammatory_Arthritis541.jpg,Bilateral Osgood-Schlatter Disease with Chronic Inflammatory Arthritis
C:\Users\HishamMo\Desktop\999_cs\Quantum_Inpired_PSO_Classifcation\MRI_dataset\Bilateral Osgood-Schlatter Disease with Chronic Inflammatory Arthritis\Bilateral_Osgood-Schlatter_Disease_with_Chronic_Inflammatory_Arthritis542.jpg,Bilateral Osgood-Schlatter Disease with Chronic Inflammatory Arthritis
C:\Users\HishamMo\Desktop\999_cs\Quantum_Inpired_PSO_Classifcation\MRI_dataset\Bilateral Osgood-Schlatter Disease with Chronic Inflammatory Arthritis\Bilateral_Osgood-Schlatter_Disease_with_Chronic_Inflammatory_Arthritis543.jpg,Bilateral Osgood-Schlatter Disease with Chronic Inflammatory Arthritis
C:\Users\HishamMo\Desktop\999_cs\Quantum_Inpired_PSO_Classifcation\MRI_dataset\Bilateral Osgood-Schlatter Disease with Chronic Inflammatory Arthritis\Bilateral_Osgood-Schlatter_Disease_with_Chronic_Inflammatory_Arthritis544.jpg,Bilateral Osgood-Schlatter Disease with Chronic Inflammatory Arthritis
C:\Users\HishamMo\Desktop\999_cs\Quantum_Inpired_PSO_Classifcation\MRI_dataset\Bilateral Osgood-Schlatter Disease with Chronic Inflammatory Arthritis\Bilateral_Osgood-Schlatter_Disease_with_Chronic_Inflammatory_Arthritis545.jpg,Bilateral Osgood-Schlatter Disease with Chronic Inflammatory Arthritis
C:\Users\HishamMo\Desktop\999_cs\Quantum_Inpired_PSO_Classifcation\MRI_dataset\Bilateral Osgood-Schlatter Disease with Chronic Inflammatory Arthritis\Bilateral_Osgood-Schlatter_Disease_with_Chronic_Inflammatory_Arthritis546.jpg,Bilateral Osgood-Schlatter Disease with Chronic Inflammatory Arthritis
C:\Users\HishamMo\Desktop\999_cs\Quantum_Inpired_PSO_Classifcation\MRI_dataset\Bilateral Osgood-Schlatter Disease with Chronic Inflammatory Arthritis\Bilateral_Osgood-Schlatter_Disease_with_Chronic_Inflammatory_Arthritis547.jpg,Bilateral Osgood-Schlatter Disease with Chronic Inflammatory Arthritis
C:\Users\HishamMo\Desktop\999_cs\Quantum_Inpired_PSO_Classifcation\MRI_dataset\Bilateral Osgood-Schlatter Disease with Chronic Inflammatory Arthritis\Bilateral_Osgood-Schlatter_Disease_with_Chronic_Inflammatory_Arthritis548.jpg,Bilateral Osgood-Schlatter Disease with Chronic Inflammatory Arthritis
C:\Users\HishamMo\Desktop\999_cs\Quantum_Inpired_PSO_Classifcation\MRI_dataset\Bilateral Osgood-Schlatter Disease with Chronic Inflammatory Arthritis\Bilateral_Osgood-Schlatter_Disease_with_Chronic_Inflammatory_Arthritis549.jpg,Bilateral Osgood-Schlatter Disease with Chronic Inflammatory Arthritis
C:\Users\HishamMo\Desktop\999_cs\Quantum_Inpired_PSO_Classifcation\MRI_dataset\Bilateral Osgood-Schlatter Disease with Chronic Inflammatory Arthritis\Bilateral_Osgood-Schlatter_Disease_with_Chronic_Inflammatory_Arthritis550.jpg,Bilateral Osgood-Schlatter Disease with Chronic Inflammatory Arthritis
C:\Users\HishamMo\Desktop\999_cs\Quantum_Inpired_PSO_Classifcation\MRI_dataset\Bilateral Osgood-Schlatter Disease with Chronic Inflammatory Arthritis\Bilateral_Osgood-Schlatter_Disease_with_Chronic_Inflammatory_Arthritis551.jpg,Bilateral Osgood-Schlatter Disease with Chronic Inflammatory Arthritis
C:\Users\HishamMo\Desktop\999_cs\Quantum_Inpired_PSO_Classifcation\MRI_dataset\Bilateral Osgood-Schlatter Disease with Chronic Inflammatory Arthritis\Bilateral_Osgood-Schlatter_Disease_with_Chronic_Inflammatory_Arthritis552.jpg,Bilateral Osgood-Schlatter Disease with Chronic Inflammatory Arthritis
C:\Users\HishamMo\Desktop\999_cs\Quantum_Inpired_PSO_Classifcation\MRI_dataset\Bilateral Osgood-Schlatter Disease with Chronic Inflammatory Arthritis\Bilateral_Osgood-Schlatter_Disease_with_Chronic_Inflammatory_Arthritis553.jpg,Bilateral Osgood-Schlatter Disease with Chronic Inflammatory Arthritis
C:\Users\HishamMo\Desktop\999_cs\Quantum_Inpired_PSO_Classifcation\MRI_dataset\Bilateral Osgood-Schlatter Disease with Chronic Inflammatory Arthritis\Bilateral_Osgood-Schlatter_Disease_with_Chronic_Inflammatory_Arthritis554.jpg,Bilateral Osgood-Schlatter Disease with Chronic Inflammatory Arthritis
C:\Users\HishamMo\Desktop\999_cs\Quantum_Inpired_PSO_Classifcation\MRI_dataset\Bilateral Osgood-Schlatter Disease with Chronic Inflammatory Arthritis\Bilateral_Osgood-Schlatter_Disease_with_Chronic_Inflammatory_Arthritis555.jpg,Bilateral Osgood-Schlatter Disease with Chronic Inflammatory Arthritis
C:\Users\HishamMo\Desktop\999_cs\Quantum_Inpired_PSO_Classifcation\MRI_dataset\Bilateral Osgood-Schlatter Disease with Chronic Inflammatory Arthritis\Bilateral_Osgood-Schlatter_Disease_with_Chronic_Inflammatory_Arthritis556.jpg,Bilateral Osgood-Schlatter Disease with Chronic Inflammatory Arthritis
C:\Users\HishamMo\Desktop\999_cs\Quantum_Inpired_PSO_Classifcation\MRI_dataset\Bilateral Osgood-Schlatter Disease with Chronic Inflammatory Arthritis\Bilateral_Osgood-Schlatter_Disease_with_Chronic_Inflammatory_Arthritis557.jpg,Bilateral Osgood-Schlatter Disease with Chronic Inflammatory Arthritis
C:\Users\HishamMo\Desktop\999_cs\Quantum_Inpired_PSO_Classifcation\MRI_dataset\Bilateral Osgood-Schlatter Disease with Chronic Inflammatory Arthritis\Bilateral_Osgood-Schlatter_Disease_with_Chronic_Inflammatory_Arthritis558.jpg,Bilateral Osgood-Schlatter Disease with Chronic Inflammatory Arthritis
C:\Users\HishamMo\Desktop\999_cs\Quantum_Inpired_PSO_Classifcation\MRI_dataset\Bilateral Osgood-Schlatter Disease with Chronic Inflammatory Arthritis\Bilateral_Osgood-Schlatter_Disease_with_Chronic_Inflammatory_Arthritis559.jpg,Bilateral Osgood-Schlatter Disease with Chronic Inflammatory Arthritis
C:\Users\HishamMo\Desktop\999_cs\Quantum_Inpired_PSO_Classifcation\MRI_dataset\Bilateral Osgood-Schlatter Disease with Chronic Inflammatory Arthritis\Bilateral_Osgood-Schlatter_Disease_with_Chronic_Inflammatory_Arthritis560.jpg,Bilateral Osgood-Schlatter Disease with Chronic Inflammatory Arthritis
C:\Users\HishamMo\Desktop\999_cs\Quantum_Inpired_PSO_Classifcation\MRI_dataset\Bilateral Osgood-Schlatter Disease with Chronic Inflammatory Arthritis\Bilateral_Osgood-Schlatter_Disease_with_Chronic_Inflammatory_Arthritis561.jpg,Bilateral Osgood-Schlatter Disease with Chronic Inflammatory Arthritis
C:\Users\HishamMo\Desktop\999_cs\Quantum_Inpired_PSO_Classifcation\MRI_dataset\Bilateral Osgood-Schlatter Disease with Chronic Inflammatory Arthritis\Bilateral_Osgood-Schlatter_Disease_with_Chronic_Inflammatory_Arthritis562.jpg,Bilateral Osgood-Schlatter Disease with Chronic Inflammatory Arthritis
C:\Users\HishamMo\Desktop\999_cs\Quantum_Inpired_PSO_Classifcation\MRI_dataset\Bilateral Osgood-Schlatter Disease with Chronic Inflammatory Arthritis\Bilateral_Osgood-Schlatter_Disease_with_Chronic_Inflammatory_Arthritis563.jpg,Bilateral Osgood-Schlatter Disease with Chronic Inflammatory Arthritis
C:\Users\HishamMo\Desktop\999_cs\Quantum_Inpired_PSO_Classifcation\MRI_dataset\Bilateral Osgood-Schlatter Disease with Chronic Inflammatory Arthritis\Bilateral_Osgood-Schlatter_Disease_with_Chronic_Inflammatory_Arthritis564.jpg,Bilateral Osgood-Schlatter Disease with Chronic Inflammatory Arthritis
C:\Users\HishamMo\Desktop\999_cs\Quantum_Inpired_PSO_Classifcation\MRI_dataset\Bilateral Osgood-Schlatter Disease with Chronic Inflammatory Arthritis\Bilateral_Osgood-Schlatter_Disease_with_Chronic_Inflammatory_Arthritis565.jpg,Bilateral Osgood-Schlatter Disease with Chronic Inflammatory Arthritis
C:\Users\HishamMo\Desktop\999_cs\Quantum_Inpired_PSO_Classifcation\MRI_dataset\Bilateral Osgood-Schlatter Disease with Chronic Inflammatory Arthritis\Bilateral_Osgood-Schlatter_Disease_with_Chronic_Inflammatory_Arthritis566.jpg,Bilateral Osgood-Schlatter Disease with Chronic Inflammatory Arthritis
C:\Users\HishamMo\Desktop\999_cs\Quantum_Inpired_PSO_Classifcation\MRI_dataset\Bilateral Osgood-Schlatter Disease with Chronic Inflammatory Arthritis\Bilateral_Osgood-Schlatter_Disease_with_Chronic_Inflammatory_Arthritis567.jpg,Bilateral Osgood-Schlatter Disease with Chronic Inflammatory Arthritis
C:\Users\HishamMo\Desktop\999_cs\Quantum_Inpired_PSO_Classifcation\MRI_dataset\Bilateral Osgood-Schlatter Disease with Chronic Inflammatory Arthritis\Bilateral_Osgood-Schlatter_Disease_with_Chronic_Inflammatory_Arthritis568.jpg,Bilateral Osgood-Schlatter Disease with Chronic Inflammatory Arthritis
C:\Users\HishamMo\Desktop\999_cs\Quantum_Inpired_PSO_Classifcation\MRI_dataset\Bilateral Osgood-Schlatter Disease with Chronic Inflammatory Arthritis\Bilateral_Osgood-Schlatter_Disease_with_Chronic_Inflammatory_Arthritis569.jpg,Bilateral Osgood-Schlatter Disease with Chronic Inflammatory Arthritis
C:\Users\HishamMo\Desktop\999_cs\Quantum_Inpired_PSO_Classifcation\MRI_dataset\Bilateral Osgood-Schlatter Disease with Chronic Inflammatory Arthritis\Bilateral_Osgood-Schlatter_Disease_with_Chronic_Inflammatory_Arthritis570.jpg,Bilateral Osgood-Schlatter Disease with Chronic Inflammatory Arthritis
C:\Users\HishamMo\Desktop\999_cs\Quantum_Inpired_PSO_Classifcation\MRI_dataset\Bilateral Osgood-Schlatter Disease with Chronic Inflammatory Arthritis\Bilateral_Osgood-Schlatter_Disease_with_Chronic_Inflammatory_Arthritis571.jpg,Bilateral Osgood-Schlatter Disease with Chronic Inflammatory Arthritis
C:\Users\HishamMo\Desktop\999_cs\Quantum_Inpired_PSO_Classifcation\MRI_dataset\Bilateral Osgood-Schlatter Disease with Chronic Inflammatory Arthritis\Bilateral_Osgood-Schlatter_Disease_with_Chronic_Inflammatory_Arthritis572.jpg,Bilateral Osgood-Schlatter Disease with Chronic Inflammatory Arthritis
C:\Users\HishamMo\Desktop\999_cs\Quantum_Inpired_PSO_Classifcation\MRI_dataset\Bilateral Osgood-Schlatter Disease with Chronic Inflammatory Arthritis\Bilateral_Osgood-Schlatter_Disease_with_Chronic_Inflammatory_Arthritis573.jpg,Bilateral Osgood-Schlatter Disease with Chronic Inflammatory Arthritis
C:\Users\HishamMo\Desktop\999_cs\Quantum_Inpired_PSO_Classifcation\MRI_dataset\Bilateral Osgood-Schlatter Disease with Chronic Inflammatory Arthritis\Bilateral_Osgood-Schlatter_Disease_with_Chronic_Inflammatory_Arthritis574.jpg,Bilateral Osgood-Schlatter Disease with Chronic Inflammatory Arthritis
C:\Users\HishamMo\Desktop\999_cs\Quantum_Inpired_PSO_Classifcation\MRI_dataset\Bilateral Osgood-Schlatter Disease with Chronic Inflammatory Arthritis\Bilateral_Osgood-Schlatter_Disease_with_Chronic_Inflammatory_Arthritis575.jpg,Bilateral Osgood-Schlatter Disease with Chronic Inflammatory Arthritis
C:\Users\HishamMo\Desktop\999_cs\Quantum_Inpired_PSO_Classifcation\MRI_dataset\Bilateral Osgood-Schlatter Disease with Chronic Inflammatory Arthritis\Bilateral_Osgood-Schlatter_Disease_with_Chronic_Inflammatory_Arthritis576.jpg,Bilateral Osgood-Schlatter Disease with Chronic Inflammatory Arthritis
C:\Users\HishamMo\Desktop\999_cs\Quantum_Inpired_PSO_Classifcation\MRI_dataset\Bilateral Osgood-Schlatter Disease with Chronic Inflammatory Arthritis\Bilateral_Osgood-Schlatter_Disease_with_Chronic_Inflammatory_Arthritis577.jpg,Bilateral Osgood-Schlatter Disease with Chronic Inflammatory Arthritis
C:\Users\HishamMo\Desktop\999_cs\Quantum_Inpired_PSO_Classifcation\MRI_dataset\Bilateral Osgood-Schlatter Disease with Chronic Inflammatory Arthritis\Bilateral_Osgood-Schlatter_Disease_with_Chronic_Inflammatory_Arthritis578.jpg,Bilateral Osgood-Schlatter Disease with Chronic Inflammatory Arthritis
C:\Users\HishamMo\Desktop\999_cs\Quantum_Inpired_PSO_Classifcation\MRI_dataset\Bilateral Osgood-Schlatter Disease with Chronic Inflammatory Arthritis\Bilateral_Osgood-Schlatter_Disease_with_Chronic_Inflammatory_Arthritis579.jpg,Bilateral Osgood-Schlatter Disease with Chronic Inflammatory Arthritis
C:\Users\HishamMo\Desktop\999_cs\Quantum_Inpired_PSO_Classifcation\MRI_dataset\Bilateral Osgood-Schlatter Disease with Chronic Inflammatory Arthritis\Bilateral_Osgood-Schlatter_Disease_with_Chronic_Inflammatory_Arthritis580.jpg,Bilateral Osgood-Schlatter Disease with Chronic Inflammatory Arthritis
C:\Users\HishamMo\Desktop\999_cs\Quantum_Inpired_PSO_Classifcation\MRI_dataset\Bilateral Osgood-Schlatter Disease with Chronic Inflammatory Arthritis\Bilateral_Osgood-Schlatter_Disease_with_Chronic_Inflammatory_Arthritis581.jpg,Bilateral Osgood-Schlatter Disease with Chronic Inflammatory Arthritis
C:\Users\HishamMo\Desktop\999_cs\Quantum_Inpired_PSO_Classifcation\MRI_dataset\Bilateral Osgood-Schlatter Disease with Chronic Inflammatory Arthritis\Bilateral_Osgood-Schlatter_Disease_with_Chronic_Inflammatory_Arthritis582.jpg,Bilateral Osgood-Schlatter Disease with Chronic Inflammatory Arthritis
C:\Users\HishamMo\Desktop\999_cs\Quantum_Inpired_PSO_Classifcation\MRI_dataset\Bilateral Osgood-Schlatter Disease with Chronic Inflammatory Arthritis\Bilateral_Osgood-Schlatter_Disease_with_Chronic_Inflammatory_Arthritis583.jpg,Bilateral Osgood-Schlatter Disease with Chronic Inflammatory Arthritis
C:\Users\HishamMo\Desktop\999_cs\Quantum_Inpired_PSO_Classifcation\MRI_dataset\Bilateral Osgood-Schlatter Disease with Chronic Inflammatory Arthritis\Bilateral_Osgood-Schlatter_Disease_with_Chronic_Inflammatory_Arthritis584.jpg,Bilateral Osgood-Schlatter Disease with Chronic Inflammatory Arthritis
C:\Users\HishamMo\Desktop\999_cs\Quantum_Inpired_PSO_Classifcation\MRI_dataset\Bilateral Osgood-Schlatter Disease with Chronic Inflammatory Arthritis\Bilateral_Osgood-Schlatter_Disease_with_Chronic_Inflammatory_Arthritis585.jpg,Bilateral Osgood-Schlatter Disease with Chronic Inflammatory Arthritis
C:\Users\HishamMo\Desktop\999_cs\Quantum_Inpired_PSO_Classifcation\MRI_dataset\Bilateral Osgood-Schlatter Disease with Chronic Inflammatory Arthritis\Bilateral_Osgood-Schlatter_Disease_with_Chronic_Inflammatory_Arthritis586.jpg,Bilateral Osgood-Schlatter Disease with Chronic Inflammatory Arthritis
C:\Users\HishamMo\Desktop\999_cs\Quantum_Inpired_PSO_Classifcation\MRI_dataset\Bilateral Osgood-Schlatter Disease with Chronic Inflammatory Arthritis\Bilateral_Osgood-Schlatter_Disease_with_Chronic_Inflammatory_Arthritis587.jpg,Bilateral Osgood-Schlatter Disease with Chronic Inflammatory Arthritis
C:\Users\HishamMo\Desktop\999_cs\Quantum_Inpired_PSO_Classifcation\MRI_dataset\Bilateral Osgood-Schlatter Disease with Chronic Inflammatory Arthritis\Bilateral_Osgood-Schlatter_Disease_with_Chronic_Inflammatory_Arthritis588.jpg,Bilateral Osgood-Schlatter Disease with Chronic Inflammatory Arthritis
C:\Users\HishamMo\Desktop\999_cs\Quantum_Inpired_PSO_Classifcation\MRI_dataset\Bilateral Osgood-Schlatter Disease with Chronic Inflammatory Arthritis\Bilateral_Osgood-Schlatter_Disease_with_Chronic_Inflammatory_Arthritis589.jpg,Bilateral Osgood-Schlatter Disease with Chronic Inflammatory Arthritis
C:\Users\HishamMo\Desktop\999_cs\Quantum_Inpired_PSO_Classifcation\MRI_dataset\Bilateral Osgood-Schlatter Disease with Chronic Inflammatory Arthritis\Bilateral_Osgood-Schlatter_Disease_with_Chronic_Inflammatory_Arthritis590.jpg,Bilateral Osgood-Schlatter Disease with Chronic Inflammatory Arthritis
C:\Users\HishamMo\Desktop\999_cs\Quantum_Inpired_PSO_Classifcation\MRI_dataset\Bilateral Osgood-Schlatter Disease with Chronic Inflammatory Arthritis\Bilateral_Osgood-Schlatter_Disease_with_Chronic_Inflammatory_Arthritis591.jpg,Bilateral Osgood-Schlatter Disease with Chronic Inflammatory Arthritis
C:\Users\HishamMo\Desktop\999_cs\Quantum_Inpired_PSO_Classifcation\MRI_dataset\Bilateral Osgood-Schlatter Disease with Chronic Inflammatory Arthritis\Bilateral_Osgood-Schlatter_Disease_with_Chronic_Inflammatory_Arthritis592.jpg,Bilateral Osgood-Schlatter Disease with Chronic Inflammatory Arthritis
C:\Users\HishamMo\Desktop\999_cs\Quantum_Inpired_PSO_Classifcation\MRI_dataset\Bilateral Osgood-Schlatter Disease with Chronic Inflammatory Arthritis\Bilateral_Osgood-Schlatter_Disease_with_Chronic_Inflammatory_Arthritis593.jpg,Bilateral Osgood-Schlatter Disease with Chronic Inflammatory Arthritis
C:\Users\HishamMo\Desktop\999_cs\Quantum_Inpired_PSO_Classifcation\MRI_dataset\Bilateral Osgood-Schlatter Disease with Chronic Inflammatory Arthritis\Bilateral_Osgood-Schlatter_Disease_with_Chronic_Inflammatory_Arthritis594.jpg,Bilateral Osgood-Schlatter Disease with Chronic Inflammatory Arthritis
C:\Users\HishamMo\Desktop\999_cs\Quantum_Inpired_PSO_Classifcation\MRI_dataset\Bilateral Osgood-Schlatter Disease with Chronic Inflammatory Arthritis\Bilateral_Osgood-Schlatter_Disease_with_Chronic_Inflammatory_Arthritis595.jpg,Bilateral Osgood-Schlatter Disease with Chronic Inflammatory Arthritis
C:\Users\HishamMo\Desktop\999_cs\Quantum_Inpired_PSO_Classifcation\MRI_dataset\Bilateral Osgood-Schlatter Disease with Chronic Inflammatory Arthritis\Bilateral_Osgood-Schlatter_Disease_with_Chronic_Inflammatory_Arthritis596.jpg,Bilateral Osgood-Schlatter Disease with Chronic Inflammatory Arthritis
C:\Users\HishamMo\Desktop\999_cs\Quantum_Inpired_PSO_Classifcation\MRI_dataset\Bilateral Osgood-Schlatter Disease with Chronic Inflammatory Arthritis\Bilateral_Osgood-Schlatter_Disease_with_Chronic_Inflammatory_Arthritis597.jpg,Bilateral Osgood-Schlatter Disease with Chronic Inflammatory Arthritis
C:\Users\HishamMo\Desktop\999_cs\Quantum_Inpired_PSO_Classifcation\MRI_dataset\Bilateral Osgood-Schlatter Disease with Chronic Inflammatory Arthritis\Bilateral_Osgood-Schlatter_Disease_with_Chronic_Inflammatory_Arthritis598.jpg,Bilateral Osgood-Schlatter Disease with Chronic Inflammatory Arthritis
C:\Users\HishamMo\Desktop\999_cs\Quantum_Inpired_PSO_Classifcation\MRI_dataset\Bilateral Osgood-Schlatter Disease with Chronic Inflammatory Arthritis\Bilateral_Osgood-Schlatter_Disease_with_Chronic_Inflammatory_Arthritis599.jpg,Bilateral Osgood-Schlatter Disease with Chronic Inflammatory Arthritis
C:\Users\HishamMo\Desktop\999_cs\Quantum_Inpired_PSO_Classifcation\MRI_dataset\Bilateral Osgood-Schlatter Disease with Chronic Inflammatory Arthritis\Bilateral_Osgood-Schlatter_Disease_with_Chronic_Inflammatory_Arthritis600.jpg,Bilateral Osgood-Schlatter Disease with Chronic Inflammatory Arthritis
C:\Users\HishamMo\Desktop\999_cs\Quantum_Inpired_PSO_Classifcation\MRI_dataset\Bilateral Osgood-Schlatter Disease with Chronic Inflammatory Arthritis\Bilateral_Osgood-Schlatter_Disease_with_Chronic_Inflammatory_Arthritis601.jpg,Bilateral Osgood-Schlatter Disease with Chronic Inflammatory Arthritis
C:\Users\HishamMo\Desktop\999_cs\Quantum_Inpired_PSO_Classifcation\MRI_dataset\Bilateral Osgood-Schlatter Disease with Chronic Inflammatory Arthritis\Bilateral_Osgood-Schlatter_Disease_with_Chronic_Inflammatory_Arthritis602.jpg,Bilateral Osgood-Schlatter Disease with Chronic Inflammatory Arthritis
C:\Users\HishamMo\Desktop\999_cs\Quantum_Inpired_PSO_Classifcation\MRI_dataset\Bilateral Osgood-Schlatter Disease with Chronic Inflammatory Arthritis\Bilateral_Osgood-Schlatter_Disease_with_Chronic_Inflammatory_Arthritis603.jpg,Bilateral Osgood-Schlatter Disease with Chronic Inflammatory Arthritis
C:\Users\HishamMo\Desktop\999_cs\Quantum_Inpired_PSO_Classifcation\MRI_dataset\Bilateral Osgood-Schlatter Disease with Chronic Inflammatory Arthritis\Bilateral_Osgood-Schlatter_Disease_with_Chronic_Inflammatory_Arthritis604.jpg,Bilateral Osgood-Schlatter Disease with Chronic Inflammatory Arthritis
C:\Users\HishamMo\Desktop\999_cs\Quantum_Inpired_PSO_Classifcation\MRI_dataset\Bilateral Osgood-Schlatter Disease with Chronic Inflammatory Arthritis\Bilateral_Osgood-Schlatter_Disease_with_Chronic_Inflammatory_Arthritis605.jpg,Bilateral Osgood-Schlatter Disease with Chronic Inflammatory Arthritis
C:\Users\HishamMo\Desktop\999_cs\Quantum_Inpired_PSO_Classifcation\MRI_dataset\Bilateral Osgood-Schlatter Disease with Chronic Inflammatory Arthritis\Bilateral_Osgood-Schlatter_Disease_with_Chronic_Inflammatory_Arthritis606.jpg,Bilateral Osgood-Schlatter Disease with Chronic Inflammatory Arthritis
C:\Users\HishamMo\Desktop\999_cs\Quantum_Inpired_PSO_Classifcation\MRI_dataset\Bilateral Osgood-Schlatter Disease with Chronic Inflammatory Arthritis\Bilateral_Osgood-Schlatter_Disease_with_Chronic_Inflammatory_Arthritis607.jpg,Bilateral Osgood-Schlatter Disease with Chronic Inflammatory Arthritis
C:\Users\HishamMo\Desktop\999_cs\Quantum_Inpired_PSO_Classifcation\MRI_dataset\Bilateral Osgood-Schlatter Disease with Chronic Inflammatory Arthritis\Bilateral_Osgood-Schlatter_Disease_with_Chronic_Inflammatory_Arthritis608.jpg,Bilateral Osgood-Schlatter Disease with Chronic Inflammatory Arthritis
C:\Users\HishamMo\Desktop\999_cs\Quantum_Inpired_PSO_Classifcation\MRI_dataset\Bilateral Osgood-Schlatter Disease with Chronic Inflammatory Arthritis\Bilateral_Osgood-Schlatter_Disease_with_Chronic_Inflammatory_Arthritis609.jpg,Bilateral Osgood-Schlatter Disease with Chronic Inflammatory Arthritis
C:\Users\HishamMo\Desktop\999_cs\Quantum_Inpired_PSO_Classifcation\MRI_dataset\Bilateral Osgood-Schlatter Disease with Chronic Inflammatory Arthritis\Bilateral_Osgood-Schlatter_Disease_with_Chronic_Inflammatory_Arthritis610.jpg,Bilateral Osgood-Schlatter Disease with Chronic Inflammatory Arthritis
C:\Users\HishamMo\Desktop\999_cs\Quantum_Inpired_PSO_Classifcation\MRI_dataset\Bilateral Osgood-Schlatter Disease with Chronic Inflammatory Arthritis\Bilateral_Osgood-Schlatter_Disease_with_Chronic_Inflammatory_Arthritis611.jpg,Bilateral Osgood-Schlatter Disease with Chronic Inflammatory Arthritis
C:\Users\HishamMo\Desktop\999_cs\Quantum_Inpired_PSO_Classifcation\MRI_dataset\Bilateral Osgood-Schlatter Disease with Chronic Inflammatory Arthritis\Bilateral_Osgood-Schlatter_Disease_with_Chronic_Inflammatory_Arthritis612.jpg,Bilateral Osgood-Schlatter Disease with Chronic Inflammatory Arthritis
C:\Users\HishamMo\Desktop\999_cs\Quantum_Inpired_PSO_Classifcation\MRI_dataset\Bilateral Osgood-Schlatter Disease with Chronic Inflammatory Arthritis\Bilateral_Osgood-Schlatter_Disease_with_Chronic_Inflammatory_Arthritis613.jpg,Bilateral Osgood-Schlatter Disease with Chronic Inflammatory Arthritis
C:\Users\HishamMo\Desktop\999_cs\Quantum_Inpired_PSO_Classifcation\MRI_dataset\Bilateral Osgood-Schlatter Disease with Chronic Inflammatory Arthritis\Bilateral_Osgood-Schlatter_Disease_with_Chronic_Inflammatory_Arthritis614.jpg,Bilateral Osgood-Schlatter Disease with Chronic Inflammatory Arthritis
C:\Users\HishamMo\Desktop\999_cs\Quantum_Inpired_PSO_Classifcation\MRI_dataset\Bilateral Osgood-Schlatter Disease with Chronic Inflammatory Arthritis\Bilateral_Osgood-Schlatter_Disease_with_Chronic_Inflammatory_Arthritis615.jpg,Bilateral Osgood-Schlatter Disease with Chronic Inflammatory Arthritis
C:\Users\HishamMo\Desktop\999_cs\Quantum_Inpired_PSO_Classifcation\MRI_dataset\Bilateral Osgood-Schlatter Disease with Chronic Inflammatory Arthritis\Bilateral_Osgood-Schlatter_Disease_with_Chronic_Inflammatory_Arthritis616.jpg,Bilateral Osgood-Schlatter Disease with Chronic Inflammatory Arthritis
C:\Users\HishamMo\Desktop\999_cs\Quantum_Inpired_PSO_Classifcation\MRI_dataset\Bilateral Osgood-Schlatter Disease with Chronic Inflammatory Arthritis\Bilateral_Osgood-Schlatter_Disease_with_Chronic_Inflammatory_Arthritis617.jpg,Bilateral Osgood-Schlatter Disease with Chronic Inflammatory Arthritis
C:\Users\HishamMo\Desktop\999_cs\Quantum_Inpired_PSO_Classifcation\MRI_dataset\Bilateral Osgood-Schlatter Disease with Chronic Inflammatory Arthritis\Bilateral_Osgood-Schlatter_Disease_with_Chronic_Inflammatory_Arthritis618.jpg,Bilateral Osgood-Schlatter Disease with Chronic Inflammatory Arthritis
C:\Users\HishamMo\Desktop\999_cs\Quantum_Inpired_PSO_Classifcation\MRI_dataset\Bilateral Osgood-Schlatter Disease with Chronic Inflammatory Arthritis\Bilateral_Osgood-Schlatter_Disease_with_Chronic_Inflammatory_Arthritis619.jpg,Bilateral Osgood-Schlatter Disease with Chronic Inflammatory Arthritis
C:\Users\HishamMo\Desktop\999_cs\Quantum_Inpired_PSO_Classifcation\MRI_dataset\Bilateral Osgood-Schlatter Disease with Chronic Inflammatory Arthritis\Bilateral_Osgood-Schlatter_Disease_with_Chronic_Inflammatory_Arthritis620.jpg,Bilateral Osgood-Schlatter Disease with Chronic Inflammatory Arthritis
C:\Users\HishamMo\Desktop\999_cs\Quantum_Inpired_PSO_Classifcation\MRI_dataset\Bilateral Osgood-Schlatter Disease with Chronic Inflammatory Arthritis\Bilateral_Osgood-Schlatter_Disease_with_Chronic_Inflammatory_Arthritis621.jpg,Bilateral Osgood-Schlatter Disease with Chronic Inflammatory Arthritis
C:\Users\HishamMo\Desktop\999_cs\Quantum_Inpired_PSO_Classifcation\MRI_dataset\Bilateral Osgood-Schlatter Disease with Chronic Inflammatory Arthritis\Bilateral_Osgood-Schlatter_Disease_with_Chronic_Inflammatory_Arthritis622.jpg,Bilateral Osgood-Schlatter Disease with Chronic Inflammatory Arthritis
C:\Users\HishamMo\Desktop\999_cs\Quantum_Inpired_PSO_Classifcation\MRI_dataset\Bilateral Osgood-Schlatter Disease with Chronic Inflammatory Arthritis\Bilateral_Osgood-Schlatter_Disease_with_Chronic_Inflammatory_Arthritis623.jpg,Bilateral Osgood-Schlatter Disease with Chronic Inflammatory Arthritis
C:\Users\HishamMo\Desktop\999_cs\Quantum_Inpired_PSO_Classifcation\MRI_dataset\Bilateral Osgood-Schlatter Disease with Chronic Inflammatory Arthritis\Bilateral_Osgood-Schlatter_Disease_with_Chronic_Inflammatory_Arthritis624.jpg,Bilateral Osgood-Schlatter Disease with Chronic Inflammatory Arthritis
C:\Users\HishamMo\Desktop\999_cs\Quantum_Inpired_PSO_Classifcation\MRI_dataset\Bilateral Osgood-Schlatter Disease with Chronic Inflammatory Arthritis\Bilateral_Osgood-Schlatter_Disease_with_Chronic_Inflammatory_Arthritis625.jpg,Bilateral Osgood-Schlatter Disease with Chronic Inflammatory Arthritis
C:\Users\HishamMo\Desktop\999_cs\Quantum_Inpired_PSO_Classifcation\MRI_dataset\Bilateral Osgood-Schlatter Disease with Chronic Inflammatory Arthritis\Bilateral_Osgood-Schlatter_Disease_with_Chronic_Inflammatory_Arthritis626.jpg,Bilateral Osgood-Schlatter Disease with Chronic Inflammatory Arthritis
C:\Users\HishamMo\Desktop\999_cs\Quantum_Inpired_PSO_Classifcation\MRI_dataset\Bilateral Osgood-Schlatter Disease with Chronic Inflammatory Arthritis\Bilateral_Osgood-Schlatter_Disease_with_Chronic_Inflammatory_Arthritis627.jpg,Bilateral Osgood-Schlatter Disease with Chronic Inflammatory Arthritis
C:\Users\HishamMo\Desktop\999_cs\Quantum_Inpired_PSO_Classifcation\MRI_dataset\Bilateral Osgood-Schlatter Disease with Chronic Inflammatory Arthritis\Bilateral_Osgood-Schlatter_Disease_with_Chronic_Inflammatory_Arthritis628.jpg,Bilateral Osgood-Schlatter Disease with Chronic Inflammatory Arthritis
C:\Users\HishamMo\Desktop\999_cs\Quantum_Inpired_PSO_Classifcation\MRI_dataset\Bilateral Osgood-Schlatter Disease with Chronic Inflammatory Arthritis\Bilateral_Osgood-Schlatter_Disease_with_Chronic_Inflammatory_Arthritis629.jpg,Bilateral Osgood-Schlatter Disease with Chronic Inflammatory Arthritis
C:\Users\HishamMo\Desktop\999_cs\Quantum_Inpired_PSO_Classifcation\MRI_dataset\Bilateral Osgood-Schlatter Disease with Chronic Inflammatory Arthritis\Bilateral_Osgood-Schlatter_Disease_with_Chronic_Inflammatory_Arthritis630.jpg,Bilateral Osgood-Schlatter Disease with Chronic Inflammatory Arthritis
C:\Users\HishamMo\Desktop\999_cs\Quantum_Inpired_PSO_Classifcation\MRI_dataset\Bilateral Osgood-Schlatter Disease with Chronic Inflammatory Arthritis\Bilateral_Osgood-Schlatter_Disease_with_Chronic_Inflammatory_Arthritis631.jpg,Bilateral Osgood-Schlatter Disease with Chronic Inflammatory Arthritis
C:\Users\HishamMo\Desktop\999_cs\Quantum_Inpired_PSO_Classifcation\MRI_dataset\Bilateral Osgood-Schlatter Disease with Chronic Inflammatory Arthritis\Bilateral_Osgood-Schlatter_Disease_with_Chronic_Inflammatory_Arthritis632.jpg,Bilateral Osgood-Schlatter Disease with Chronic Inflammatory Arthritis
C:\Users\HishamMo\Desktop\999_cs\Quantum_Inpired_PSO_Classifcation\MRI_dataset\Bilateral Osgood-Schlatter Disease with Chronic Inflammatory Arthritis\Bilateral_Osgood-Schlatter_Disease_with_Chronic_Inflammatory_Arthritis633.jpg,Bilateral Osgood-Schlatter Disease with Chronic Inflammatory Arthritis
C:\Users\HishamMo\Desktop\999_cs\Quantum_Inpired_PSO_Classifcation\MRI_dataset\Bilateral Osgood-Schlatter Disease with Chronic Inflammatory Arthritis\Bilateral_Osgood-Schlatter_Disease_with_Chronic_Inflammatory_Arthritis634.jpg,Bilateral Osgood-Schlatter Disease with Chronic Inflammatory Arthritis
C:\Users\HishamMo\Desktop\999_cs\Quantum_Inpired_PSO_Classifcation\MRI_dataset\Bilateral Osgood-Schlatter Disease with Chronic Inflammatory Arthritis\Bilateral_Osgood-Schlatter_Disease_with_Chronic_Inflammatory_Arthritis635.jpg,Bilateral Osgood-Schlatter Disease with Chronic Inflammatory Arthritis
C:\Users\HishamMo\Desktop\999_cs\Quantum_Inpired_PSO_Classifcation\MRI_dataset\Bilateral Osgood-Schlatter Disease with Chronic Inflammatory Arthritis\Bilateral_Osgood-Schlatter_Disease_with_Chronic_Inflammatory_Arthritis636.jpg,Bilateral Osgood-Schlatter Disease with Chronic Inflammatory Arthritis
C:\Users\HishamMo\Desktop\999_cs\Quantum_Inpired_PSO_Classifcation\MRI_dataset\Bilateral Osgood-Schlatter Disease with Chronic Inflammatory Arthritis\Bilateral_Osgood-Schlatter_Disease_with_Chronic_Inflammatory_Arthritis637.jpg,Bilateral Osgood-Schlatter Disease with Chronic Inflammatory Arthritis
C:\Users\HishamMo\Desktop\999_cs\Quantum_Inpired_PSO_Classifcation\MRI_dataset\Bilateral Osgood-Schlatter Disease with Chronic Inflammatory Arthritis\Bilateral_Osgood-Schlatter_Disease_with_Chronic_Inflammatory_Arthritis638.jpg,Bilateral Osgood-Schlatter Disease with Chronic Inflammatory Arthritis
C:\Users\HishamMo\Desktop\999_cs\Quantum_Inpired_PSO_Classifcation\MRI_dataset\Bilateral Osgood-Schlatter Disease with Chronic Inflammatory Arthritis\Bilateral_Osgood-Schlatter_Disease_with_Chronic_Inflammatory_Arthritis639.jpg,Bilateral Osgood-Schlatter Disease with Chronic Inflammatory Arthritis
C:\Users\HishamMo\Desktop\999_cs\Quantum_Inpired_PSO_Classifcation\MRI_dataset\Bilateral Osgood-Schlatter Disease with Chronic Inflammatory Arthritis\Bilateral_Osgood-Schlatter_Disease_with_Chronic_Inflammatory_Arthritis640.jpg,Bilateral Osgood-Schlatter Disease with Chronic Inflammatory Arthritis
C:\Users\HishamMo\Desktop\999_cs\Quantum_Inpired_PSO_Classifcation\MRI_dataset\Bilateral Osgood-Schlatter Disease with Chronic Inflammatory Arthritis\Bilateral_Osgood-Schlatter_Disease_with_Chronic_Inflammatory_Arthritis641.jpg,Bilateral Osgood-Schlatter Disease with Chronic Inflammatory Arthritis
C:\Users\HishamMo\Desktop\999_cs\Quantum_Inpired_PSO_Classifcation\MRI_dataset\Bilateral Osgood-Schlatter Disease with Chronic Inflammatory Arthritis\Bilateral_Osgood-Schlatter_Disease_with_Chronic_Inflammatory_Arthritis642.jpg,Bilateral Osgood-Schlatter Disease with Chronic Inflammatory Arthritis
C:\Users\HishamMo\Desktop\999_cs\Quantum_Inpired_PSO_Classifcation\MRI_dataset\Bilateral Osgood-Schlatter Disease with Chronic Inflammatory Arthritis\Bilateral_Osgood-Schlatter_Disease_with_Chronic_Inflammatory_Arthritis643.jpg,Bilateral Osgood-Schlatter Disease with Chronic Inflammatory Arthritis
C:\Users\HishamMo\Desktop\999_cs\Quantum_Inpired_PSO_Classifcation\MRI_dataset\Bilateral Osgood-Schlatter Disease with Chronic Inflammatory Arthritis\Bilateral_Osgood-Schlatter_Disease_with_Chronic_Inflammatory_Arthritis644.jpg,Bilateral Osgood-Schlatter Disease with Chronic Inflammatory Arthritis
C:\Users\HishamMo\Desktop\999_cs\Quantum_Inpired_PSO_Classifcation\MRI_dataset\Bilateral Osgood-Schlatter Disease with Chronic Inflammatory Arthritis\Bilateral_Osgood-Schlatter_Disease_with_Chronic_Inflammatory_Arthritis645.jpg,Bilateral Osgood-Schlatter Disease with Chronic Inflammatory Arthritis
C:\Users\HishamMo\Desktop\999_cs\Quantum_Inpired_PSO_Classifcation\MRI_dataset\Bilateral Osgood-Schlatter Disease with Chronic Inflammatory Arthritis\Bilateral_Osgood-Schlatter_Disease_with_Chronic_Inflammatory_Arthritis646.jpg,Bilateral Osgood-Schlatter Disease with Chronic Inflammatory Arthritis
C:\Users\HishamMo\Desktop\999_cs\Quantum_Inpired_PSO_Classifcation\MRI_dataset\Bilateral Osgood-Schlatter Disease with Chronic Inflammatory Arthritis\Bilateral_Osgood-Schlatter_Disease_with_Chronic_Inflammatory_Arthritis647.jpg,Bilateral Osgood-Schlatter Disease with Chronic Inflammatory Arthritis
C:\Users\HishamMo\Desktop\999_cs\Quantum_Inpired_PSO_Classifcation\MRI_dataset\Bilateral Osgood-Schlatter Disease with Chronic Inflammatory Arthritis\Bilateral_Osgood-Schlatter_Disease_with_Chronic_Inflammatory_Arthritis648.jpg,Bilateral Osgood-Schlatter Disease with Chronic Inflammatory Arthritis
C:\Users\HishamMo\Desktop\999_cs\Quantum_Inpired_PSO_Classifcation\MRI_dataset\Bilateral Osgood-Schlatter Disease with Chronic Inflammatory Arthritis\Bilateral_Osgood-Schlatter_Disease_with_Chronic_Inflammatory_Arthritis649.jpg,Bilateral Osgood-Schlatter Disease with Chronic Inflammatory Arthritis
C:\Users\HishamMo\Desktop\999_cs\Quantum_Inpired_PSO_Classifcation\MRI_dataset\Bilateral Osgood-Schlatter Disease with Chronic Inflammatory Arthritis\Bilateral_Osgood-Schlatter_Disease_with_Chronic_Inflammatory_Arthritis650.jpg,Bilateral Osgood-Schlatter Disease with Chronic Inflammatory Arthritis
C:\Users\HishamMo\Desktop\999_cs\Quantum_Inpired_PSO_Classifcation\MRI_dataset\Bilateral Osgood-Schlatter Disease with Chronic Inflammatory Arthritis\Bilateral_Osgood-Schlatter_Disease_with_Chronic_Inflammatory_Arthritis651.jpg,Bilateral Osgood-Schlatter Disease with Chronic Inflammatory Arthritis
C:\Users\HishamMo\Desktop\999_cs\Quantum_Inpired_PSO_Classifcation\MRI_dataset\Bilateral Osgood-Schlatter Disease with Chronic Inflammatory Arthritis\Bilateral_Osgood-Schlatter_Disease_with_Chronic_Inflammatory_Arthritis652.jpg,Bilateral Osgood-Schlatter Disease with Chronic Inflammatory Arthritis
C:\Users\HishamMo\Desktop\999_cs\Quantum_Inpired_PSO_Classifcation\MRI_dataset\Bilateral Osgood-Schlatter Disease with Chronic Inflammatory Arthritis\Bilateral_Osgood-Schlatter_Disease_with_Chronic_Inflammatory_Arthritis653.jpg,Bilateral Osgood-Schlatter Disease with Chronic Inflammatory Arthritis
C:\Users\HishamMo\Desktop\999_cs\Quantum_Inpired_PSO_Classifcation\MRI_dataset\Bilateral Osgood-Schlatter Disease with Chronic Inflammatory Arthritis\Bilateral_Osgood-Schlatter_Disease_with_Chronic_Inflammatory_Arthritis654.jpg,Bilateral Osgood-Schlatter Disease with Chronic Inflammatory Arthritis
C:\Users\HishamMo\Desktop\999_cs\Quantum_Inpired_PSO_Classifcation\MRI_dataset\Bilateral Osgood-Schlatter Disease with Chronic Inflammatory Arthritis\Bilateral_Osgood-Schlatter_Disease_with_Chronic_Inflammatory_Arthritis655.jpg,Bilateral Osgood-Schlatter Disease with Chronic Inflammatory Arthritis
C:\Users\HishamMo\Desktop\999_cs\Quantum_Inpired_PSO_Classifcation\MRI_dataset\Bilateral Osgood-Schlatter Disease with Chronic Inflammatory Arthritis\Bilateral_Osgood-Schlatter_Disease_with_Chronic_Inflammatory_Arthritis656.jpg,Bilateral Osgood-Schlatter Disease with Chronic Inflammatory Arthritis
