image_path,label
C:\Users\HishamMo\Desktop\999_cs\Quantum_Inpired_PSO_Classifcation\MRI_dataset\Carolis Disease\Carolis_Disease001.jpg,Carolis Disease
C:\Users\HishamMo\Desktop\999_cs\Quantum_Inpired_PSO_Classifcation\MRI_dataset\Carolis Disease\Carolis_Disease002.jpg,Carolis Disease
C:\Users\HishamMo\Desktop\999_cs\Quantum_Inpired_PSO_Classifcation\MRI_dataset\Carolis Disease\Carolis_Disease003.jpg,Carolis Disease
C:\Users\HishamMo\Desktop\999_cs\Quantum_Inpired_PSO_Classifcation\MRI_dataset\Carolis Disease\Carolis_Disease004.jpg,Carolis Disease
C:\Users\HishamMo\Desktop\999_cs\Quantum_Inpired_PSO_Classifcation\MRI_dataset\Carolis Disease\Carolis_Disease005.jpg,Carolis Disease
C:\Users\HishamMo\Desktop\999_cs\Quantum_Inpired_PSO_Classifcation\MRI_dataset\Carolis Disease\Carolis_Disease006.jpg,Carolis Disease
C:\Users\HishamMo\Desktop\999_cs\Quantum_Inpired_PSO_Classifcation\MRI_dataset\Carolis Disease\Carolis_Disease007.jpg,Carolis Disease
C:\Users\HishamMo\Desktop\999_cs\Quantum_Inpired_PSO_Classifcation\MRI_dataset\Carolis Disease\Carolis_Disease008.jpg,Carolis Disease
C:\Users\HishamMo\Desktop\999_cs\Quantum_Inpired_PSO_Classifcation\MRI_dataset\Carolis Disease\Carolis_Disease009.jpg,Carolis Disease
C:\Users\HishamMo\Desktop\999_cs\Quantum_Inpired_PSO_Classifcation\MRI_dataset\Carolis Disease\Carolis_Disease010.jpg,Carolis Disease
C:\Users\HishamMo\Desktop\999_cs\Quantum_Inpired_PSO_Classifcation\MRI_dataset\Carolis Disease\Carolis_Disease011.jpg,Carolis Disease
C:\Users\HishamMo\Desktop\999_cs\Quantum_Inpired_PSO_Classifcation\MRI_dataset\Carolis Disease\Carolis_Disease012.jpg,Carolis Disease
C:\Users\HishamMo\Desktop\999_cs\Quantum_Inpired_PSO_Classifcation\MRI_dataset\Carolis Disease\Carolis_Disease013.jpg,Carolis Disease
C:\Users\HishamMo\Desktop\999_cs\Quantum_Inpired_PSO_Classifcation\MRI_dataset\Carolis Disease\Carolis_Disease014.jpg,Carolis Disease
C:\Users\HishamMo\Desktop\999_cs\Quantum_Inpired_PSO_Classifcation\MRI_dataset\Carolis Disease\Carolis_Disease015.jpg,Carolis Disease
C:\Users\HishamMo\Desktop\999_cs\Quantum_Inpired_PSO_Classifcation\MRI_dataset\Carolis Disease\Carolis_Disease016.jpg,Carolis Disease
C:\Users\HishamMo\Desktop\999_cs\Quantum_Inpired_PSO_Classifcation\MRI_dataset\Carolis Disease\Carolis_Disease017.jpg,Carolis Disease
C:\Users\HishamMo\Desktop\999_cs\Quantum_Inpired_PSO_Classifcation\MRI_dataset\Carolis Disease\Carolis_Disease018.jpg,Carolis Disease
C:\Users\HishamMo\Desktop\999_cs\Quantum_Inpired_PSO_Classifcation\MRI_dataset\Carolis Disease\Carolis_Disease019.jpg,Carolis Disease
C:\Users\HishamMo\Desktop\999_cs\Quantum_Inpired_PSO_Classifcation\MRI_dataset\Carolis Disease\Carolis_Disease020.jpg,Carolis Disease
C:\Users\HishamMo\Desktop\999_cs\Quantum_Inpired_PSO_Classifcation\MRI_dataset\Carolis Disease\Carolis_Disease021.jpg,Carolis Disease
C:\Users\HishamMo\Desktop\999_cs\Quantum_Inpired_PSO_Classifcation\MRI_dataset\Carolis Disease\Carolis_Disease022.jpg,Carolis Disease
C:\Users\HishamMo\Desktop\999_cs\Quantum_Inpired_PSO_Classifcation\MRI_dataset\Carolis Disease\Carolis_Disease023.jpg,Carolis Disease
C:\Users\HishamMo\Desktop\999_cs\Quantum_Inpired_PSO_Classifcation\MRI_dataset\Carolis Disease\Carolis_Disease024.jpg,Carolis Disease
C:\Users\HishamMo\Desktop\999_cs\Quantum_Inpired_PSO_Classifcation\MRI_dataset\Carolis Disease\Carolis_Disease025.jpg,Carolis Disease
C:\Users\HishamMo\Desktop\999_cs\Quantum_Inpired_PSO_Classifcation\MRI_dataset\Carolis Disease\Carolis_Disease026.jpg,Carolis Disease
C:\Users\HishamMo\Desktop\999_cs\Quantum_Inpired_PSO_Classifcation\MRI_dataset\Carolis Disease\Carolis_Disease027.jpg,Carolis Disease
C:\Users\HishamMo\Desktop\999_cs\Quantum_Inpired_PSO_Classifcation\MRI_dataset\Carolis Disease\Carolis_Disease028.jpg,Carolis Disease
C:\Users\HishamMo\Desktop\999_cs\Quantum_Inpired_PSO_Classifcation\MRI_dataset\Carolis Disease\Carolis_Disease029.jpg,Carolis Disease
C:\Users\HishamMo\Desktop\999_cs\Quantum_Inpired_PSO_Classifcation\MRI_dataset\Carolis Disease\Carolis_Disease030.jpg,Carolis Disease
C:\Users\HishamMo\Desktop\999_cs\Quantum_Inpired_PSO_Classifcation\MRI_dataset\Carolis Disease\Carolis_Disease031.jpg,Carolis Disease
C:\Users\HishamMo\Desktop\999_cs\Quantum_Inpired_PSO_Classifcation\MRI_dataset\Carolis Disease\Carolis_Disease032.jpg,Carolis Disease
C:\Users\HishamMo\Desktop\999_cs\Quantum_Inpired_PSO_Classifcation\MRI_dataset\Carolis Disease\Carolis_Disease033.jpg,Carolis Disease
C:\Users\HishamMo\Desktop\999_cs\Quantum_Inpired_PSO_Classifcation\MRI_dataset\Carolis Disease\Carolis_Disease034.jpg,Carolis Disease
C:\Users\HishamMo\Desktop\999_cs\Quantum_Inpired_PSO_Classifcation\MRI_dataset\Carolis Disease\Carolis_Disease035.jpg,Carolis Disease
C:\Users\HishamMo\Desktop\999_cs\Quantum_Inpired_PSO_Classifcation\MRI_dataset\Carolis Disease\Carolis_Disease036.jpg,Carolis Disease
C:\Users\HishamMo\Desktop\999_cs\Quantum_Inpired_PSO_Classifcation\MRI_dataset\Carolis Disease\Carolis_Disease037.jpg,Carolis Disease
C:\Users\HishamMo\Desktop\999_cs\Quantum_Inpired_PSO_Classifcation\MRI_dataset\Carolis Disease\Carolis_Disease038.jpg,Carolis Disease
C:\Users\HishamMo\Desktop\999_cs\Quantum_Inpired_PSO_Classifcation\MRI_dataset\Carolis Disease\Carolis_Disease039.jpg,Carolis Disease
C:\Users\HishamMo\Desktop\999_cs\Quantum_Inpired_PSO_Classifcation\MRI_dataset\Carolis Disease\Carolis_Disease040.jpg,Carolis Disease
C:\Users\HishamMo\Desktop\999_cs\Quantum_Inpired_PSO_Classifcation\MRI_dataset\Carolis Disease\Carolis_Disease041.jpg,Carolis Disease
C:\Users\HishamMo\Desktop\999_cs\Quantum_Inpired_PSO_Classifcation\MRI_dataset\Carolis Disease\Carolis_Disease042.jpg,Carolis Disease
C:\Users\HishamMo\Desktop\999_cs\Quantum_Inpired_PSO_Classifcation\MRI_dataset\Carolis Disease\Carolis_Disease043.jpg,Carolis Disease
C:\Users\HishamMo\Desktop\999_cs\Quantum_Inpired_PSO_Classifcation\MRI_dataset\Carolis Disease\Carolis_Disease044.jpg,Carolis Disease
C:\Users\HishamMo\Desktop\999_cs\Quantum_Inpired_PSO_Classifcation\MRI_dataset\Carolis Disease\Carolis_Disease045.jpg,Carolis Disease
C:\Users\HishamMo\Desktop\999_cs\Quantum_Inpired_PSO_Classifcation\MRI_dataset\Carolis Disease\Carolis_Disease046.jpg,Carolis Disease
C:\Users\HishamMo\Desktop\999_cs\Quantum_Inpired_PSO_Classifcation\MRI_dataset\Carolis Disease\Carolis_Disease047.jpg,Carolis Disease
C:\Users\HishamMo\Desktop\999_cs\Quantum_Inpired_PSO_Classifcation\MRI_dataset\Carolis Disease\Carolis_Disease048.jpg,Carolis Disease
C:\Users\HishamMo\Desktop\999_cs\Quantum_Inpired_PSO_Classifcation\MRI_dataset\Carolis Disease\Carolis_Disease049.jpg,Carolis Disease
C:\Users\HishamMo\Desktop\999_cs\Quantum_Inpired_PSO_Classifcation\MRI_dataset\Carolis Disease\Carolis_Disease050.jpg,Carolis Disease
C:\Users\HishamMo\Desktop\999_cs\Quantum_Inpired_PSO_Classifcation\MRI_dataset\Carolis Disease\Carolis_Disease051.jpg,Carolis Disease
C:\Users\HishamMo\Desktop\999_cs\Quantum_Inpired_PSO_Classifcation\MRI_dataset\Carolis Disease\Carolis_Disease052.jpg,Carolis Disease
C:\Users\HishamMo\Desktop\999_cs\Quantum_Inpired_PSO_Classifcation\MRI_dataset\Carolis Disease\Carolis_Disease053.jpg,Carolis Disease
C:\Users\HishamMo\Desktop\999_cs\Quantum_Inpired_PSO_Classifcation\MRI_dataset\Carolis Disease\Carolis_Disease054.jpg,Carolis Disease
C:\Users\HishamMo\Desktop\999_cs\Quantum_Inpired_PSO_Classifcation\MRI_dataset\Carolis Disease\Carolis_Disease055.jpg,Carolis Disease
C:\Users\HishamMo\Desktop\999_cs\Quantum_Inpired_PSO_Classifcation\MRI_dataset\Carolis Disease\Carolis_Disease056.jpg,Carolis Disease
C:\Users\HishamMo\Desktop\999_cs\Quantum_Inpired_PSO_Classifcation\MRI_dataset\Carolis Disease\Carolis_Disease057.jpg,Carolis Disease
C:\Users\HishamMo\Desktop\999_cs\Quantum_Inpired_PSO_Classifcation\MRI_dataset\Carolis Disease\Carolis_Disease058.jpg,Carolis Disease
C:\Users\HishamMo\Desktop\999_cs\Quantum_Inpired_PSO_Classifcation\MRI_dataset\Carolis Disease\Carolis_Disease059.jpg,Carolis Disease
C:\Users\HishamMo\Desktop\999_cs\Quantum_Inpired_PSO_Classifcation\MRI_dataset\Carolis Disease\Carolis_Disease060.jpg,Carolis Disease
C:\Users\HishamMo\Desktop\999_cs\Quantum_Inpired_PSO_Classifcation\MRI_dataset\Carolis Disease\Carolis_Disease061.jpg,Carolis Disease
C:\Users\HishamMo\Desktop\999_cs\Quantum_Inpired_PSO_Classifcation\MRI_dataset\Carolis Disease\Carolis_Disease062.jpg,Carolis Disease
C:\Users\HishamMo\Desktop\999_cs\Quantum_Inpired_PSO_Classifcation\MRI_dataset\Carolis Disease\Carolis_Disease063.jpg,Carolis Disease
C:\Users\HishamMo\Desktop\999_cs\Quantum_Inpired_PSO_Classifcation\MRI_dataset\Carolis Disease\Carolis_Disease064.jpg,Carolis Disease
C:\Users\HishamMo\Desktop\999_cs\Quantum_Inpired_PSO_Classifcation\MRI_dataset\Carolis Disease\Carolis_Disease065.jpg,Carolis Disease
C:\Users\HishamMo\Desktop\999_cs\Quantum_Inpired_PSO_Classifcation\MRI_dataset\Carolis Disease\Carolis_Disease066.jpg,Carolis Disease
C:\Users\HishamMo\Desktop\999_cs\Quantum_Inpired_PSO_Classifcation\MRI_dataset\Carolis Disease\Carolis_Disease067.jpg,Carolis Disease
C:\Users\HishamMo\Desktop\999_cs\Quantum_Inpired_PSO_Classifcation\MRI_dataset\Carolis Disease\Carolis_Disease068.jpg,Carolis Disease
C:\Users\HishamMo\Desktop\999_cs\Quantum_Inpired_PSO_Classifcation\MRI_dataset\Carolis Disease\Carolis_Disease069.jpg,Carolis Disease
C:\Users\HishamMo\Desktop\999_cs\Quantum_Inpired_PSO_Classifcation\MRI_dataset\Carolis Disease\Carolis_Disease070.jpg,Carolis Disease
C:\Users\HishamMo\Desktop\999_cs\Quantum_Inpired_PSO_Classifcation\MRI_dataset\Carolis Disease\Carolis_Disease071.jpg,Carolis Disease
C:\Users\HishamMo\Desktop\999_cs\Quantum_Inpired_PSO_Classifcation\MRI_dataset\Carolis Disease\Carolis_Disease072.jpg,Carolis Disease
C:\Users\HishamMo\Desktop\999_cs\Quantum_Inpired_PSO_Classifcation\MRI_dataset\Carolis Disease\Carolis_Disease073.jpg,Carolis Disease
C:\Users\HishamMo\Desktop\999_cs\Quantum_Inpired_PSO_Classifcation\MRI_dataset\Carolis Disease\Carolis_Disease074.jpg,Carolis Disease
C:\Users\HishamMo\Desktop\999_cs\Quantum_Inpired_PSO_Classifcation\MRI_dataset\Carolis Disease\Carolis_Disease075.jpg,Carolis Disease
C:\Users\HishamMo\Desktop\999_cs\Quantum_Inpired_PSO_Classifcation\MRI_dataset\Carolis Disease\Carolis_Disease076.jpg,Carolis Disease
C:\Users\HishamMo\Desktop\999_cs\Quantum_Inpired_PSO_Classifcation\MRI_dataset\Carolis Disease\Carolis_Disease077.jpg,Carolis Disease
C:\Users\HishamMo\Desktop\999_cs\Quantum_Inpired_PSO_Classifcation\MRI_dataset\Carolis Disease\Carolis_Disease078.jpg,Carolis Disease
C:\Users\HishamMo\Desktop\999_cs\Quantum_Inpired_PSO_Classifcation\MRI_dataset\Carolis Disease\Carolis_Disease079.jpg,Carolis Disease
C:\Users\HishamMo\Desktop\999_cs\Quantum_Inpired_PSO_Classifcation\MRI_dataset\Carolis Disease\Carolis_Disease080.jpg,Carolis Disease
C:\Users\HishamMo\Desktop\999_cs\Quantum_Inpired_PSO_Classifcation\MRI_dataset\Carolis Disease\Carolis_Disease081.jpg,Carolis Disease
C:\Users\HishamMo\Desktop\999_cs\Quantum_Inpired_PSO_Classifcation\MRI_dataset\Carolis Disease\Carolis_Disease082.jpg,Carolis Disease
C:\Users\HishamMo\Desktop\999_cs\Quantum_Inpired_PSO_Classifcation\MRI_dataset\Carolis Disease\Carolis_Disease083.jpg,Carolis Disease
C:\Users\HishamMo\Desktop\999_cs\Quantum_Inpired_PSO_Classifcation\MRI_dataset\Carolis Disease\Carolis_Disease084.jpg,Carolis Disease
C:\Users\HishamMo\Desktop\999_cs\Quantum_Inpired_PSO_Classifcation\MRI_dataset\Carolis Disease\Carolis_Disease085.jpg,Carolis Disease
C:\Users\HishamMo\Desktop\999_cs\Quantum_Inpired_PSO_Classifcation\MRI_dataset\Carolis Disease\Carolis_Disease086.jpg,Carolis Disease
C:\Users\HishamMo\Desktop\999_cs\Quantum_Inpired_PSO_Classifcation\MRI_dataset\Carolis Disease\Carolis_Disease087.jpg,Carolis Disease
C:\Users\HishamMo\Desktop\999_cs\Quantum_Inpired_PSO_Classifcation\MRI_dataset\Carolis Disease\Carolis_Disease088.jpg,Carolis Disease
C:\Users\HishamMo\Desktop\999_cs\Quantum_Inpired_PSO_Classifcation\MRI_dataset\Carolis Disease\Carolis_Disease089.jpg,Carolis Disease
C:\Users\HishamMo\Desktop\999_cs\Quantum_Inpired_PSO_Classifcation\MRI_dataset\Carolis Disease\Carolis_Disease090.jpg,Carolis Disease
C:\Users\HishamMo\Desktop\999_cs\Quantum_Inpired_PSO_Classifcation\MRI_dataset\Carolis Disease\Carolis_Disease091.jpg,Carolis Disease
C:\Users\HishamMo\Desktop\999_cs\Quantum_Inpired_PSO_Classifcation\MRI_dataset\Carolis Disease\Carolis_Disease092.jpg,Carolis Disease
C:\Users\HishamMo\Desktop\999_cs\Quantum_Inpired_PSO_Classifcation\MRI_dataset\Carolis Disease\Carolis_Disease093.jpg,Carolis Disease
C:\Users\HishamMo\Desktop\999_cs\Quantum_Inpired_PSO_Classifcation\MRI_dataset\Carolis Disease\Carolis_Disease094.jpg,Carolis Disease
C:\Users\HishamMo\Desktop\999_cs\Quantum_Inpired_PSO_Classifcation\MRI_dataset\Carolis Disease\Carolis_Disease095.jpg,Carolis Disease
C:\Users\HishamMo\Desktop\999_cs\Quantum_Inpired_PSO_Classifcation\MRI_dataset\Carolis Disease\Carolis_Disease096.jpg,Carolis Disease
C:\Users\HishamMo\Desktop\999_cs\Quantum_Inpired_PSO_Classifcation\MRI_dataset\Carolis Disease\Carolis_Disease097.jpg,Carolis Disease
C:\Users\HishamMo\Desktop\999_cs\Quantum_Inpired_PSO_Classifcation\MRI_dataset\Carolis Disease\Carolis_Disease098.jpg,Carolis Disease
C:\Users\HishamMo\Desktop\999_cs\Quantum_Inpired_PSO_Classifcation\MRI_dataset\Carolis Disease\Carolis_Disease099.jpg,Carolis Disease
C:\Users\HishamMo\Desktop\999_cs\Quantum_Inpired_PSO_Classifcation\MRI_dataset\Carolis Disease\Carolis_Disease100.jpg,Carolis Disease
C:\Users\HishamMo\Desktop\999_cs\Quantum_Inpired_PSO_Classifcation\MRI_dataset\Carolis Disease\Carolis_Disease1000.jpg,Carolis Disease
C:\Users\HishamMo\Desktop\999_cs\Quantum_Inpired_PSO_Classifcation\MRI_dataset\Carolis Disease\Carolis_Disease1001.jpg,Carolis Disease
C:\Users\HishamMo\Desktop\999_cs\Quantum_Inpired_PSO_Classifcation\MRI_dataset\Carolis Disease\Carolis_Disease1002.jpg,Carolis Disease
C:\Users\HishamMo\Desktop\999_cs\Quantum_Inpired_PSO_Classifcation\MRI_dataset\Carolis Disease\Carolis_Disease1003.jpg,Carolis Disease
C:\Users\HishamMo\Desktop\999_cs\Quantum_Inpired_PSO_Classifcation\MRI_dataset\Carolis Disease\Carolis_Disease1004.jpg,Carolis Disease
C:\Users\HishamMo\Desktop\999_cs\Quantum_Inpired_PSO_Classifcation\MRI_dataset\Carolis Disease\Carolis_Disease1005.jpg,Carolis Disease
C:\Users\HishamMo\Desktop\999_cs\Quantum_Inpired_PSO_Classifcation\MRI_dataset\Carolis Disease\Carolis_Disease1006.jpg,Carolis Disease
C:\Users\HishamMo\Desktop\999_cs\Quantum_Inpired_PSO_Classifcation\MRI_dataset\Carolis Disease\Carolis_Disease1007.jpg,Carolis Disease
C:\Users\HishamMo\Desktop\999_cs\Quantum_Inpired_PSO_Classifcation\MRI_dataset\Carolis Disease\Carolis_Disease1008.jpg,Carolis Disease
C:\Users\HishamMo\Desktop\999_cs\Quantum_Inpired_PSO_Classifcation\MRI_dataset\Carolis Disease\Carolis_Disease1009.jpg,Carolis Disease
C:\Users\HishamMo\Desktop\999_cs\Quantum_Inpired_PSO_Classifcation\MRI_dataset\Carolis Disease\Carolis_Disease101.jpg,Carolis Disease
C:\Users\HishamMo\Desktop\999_cs\Quantum_Inpired_PSO_Classifcation\MRI_dataset\Carolis Disease\Carolis_Disease1010.jpg,Carolis Disease
C:\Users\HishamMo\Desktop\999_cs\Quantum_Inpired_PSO_Classifcation\MRI_dataset\Carolis Disease\Carolis_Disease1011.jpg,Carolis Disease
C:\Users\HishamMo\Desktop\999_cs\Quantum_Inpired_PSO_Classifcation\MRI_dataset\Carolis Disease\Carolis_Disease1012.jpg,Carolis Disease
C:\Users\HishamMo\Desktop\999_cs\Quantum_Inpired_PSO_Classifcation\MRI_dataset\Carolis Disease\Carolis_Disease1013.jpg,Carolis Disease
C:\Users\HishamMo\Desktop\999_cs\Quantum_Inpired_PSO_Classifcation\MRI_dataset\Carolis Disease\Carolis_Disease1014.jpg,Carolis Disease
C:\Users\HishamMo\Desktop\999_cs\Quantum_Inpired_PSO_Classifcation\MRI_dataset\Carolis Disease\Carolis_Disease1015.jpg,Carolis Disease
C:\Users\HishamMo\Desktop\999_cs\Quantum_Inpired_PSO_Classifcation\MRI_dataset\Carolis Disease\Carolis_Disease1016.jpg,Carolis Disease
C:\Users\HishamMo\Desktop\999_cs\Quantum_Inpired_PSO_Classifcation\MRI_dataset\Carolis Disease\Carolis_Disease1017.jpg,Carolis Disease
C:\Users\HishamMo\Desktop\999_cs\Quantum_Inpired_PSO_Classifcation\MRI_dataset\Carolis Disease\Carolis_Disease1018.jpg,Carolis Disease
C:\Users\HishamMo\Desktop\999_cs\Quantum_Inpired_PSO_Classifcation\MRI_dataset\Carolis Disease\Carolis_Disease1019.jpg,Carolis Disease
C:\Users\HishamMo\Desktop\999_cs\Quantum_Inpired_PSO_Classifcation\MRI_dataset\Carolis Disease\Carolis_Disease102.jpg,Carolis Disease
C:\Users\HishamMo\Desktop\999_cs\Quantum_Inpired_PSO_Classifcation\MRI_dataset\Carolis Disease\Carolis_Disease1020.jpg,Carolis Disease
C:\Users\HishamMo\Desktop\999_cs\Quantum_Inpired_PSO_Classifcation\MRI_dataset\Carolis Disease\Carolis_Disease1021.jpg,Carolis Disease
C:\Users\HishamMo\Desktop\999_cs\Quantum_Inpired_PSO_Classifcation\MRI_dataset\Carolis Disease\Carolis_Disease1022.jpg,Carolis Disease
C:\Users\HishamMo\Desktop\999_cs\Quantum_Inpired_PSO_Classifcation\MRI_dataset\Carolis Disease\Carolis_Disease1023.jpg,Carolis Disease
C:\Users\HishamMo\Desktop\999_cs\Quantum_Inpired_PSO_Classifcation\MRI_dataset\Carolis Disease\Carolis_Disease1024.jpg,Carolis Disease
C:\Users\HishamMo\Desktop\999_cs\Quantum_Inpired_PSO_Classifcation\MRI_dataset\Carolis Disease\Carolis_Disease1025.jpg,Carolis Disease
C:\Users\HishamMo\Desktop\999_cs\Quantum_Inpired_PSO_Classifcation\MRI_dataset\Carolis Disease\Carolis_Disease1026.jpg,Carolis Disease
C:\Users\HishamMo\Desktop\999_cs\Quantum_Inpired_PSO_Classifcation\MRI_dataset\Carolis Disease\Carolis_Disease1027.jpg,Carolis Disease
C:\Users\HishamMo\Desktop\999_cs\Quantum_Inpired_PSO_Classifcation\MRI_dataset\Carolis Disease\Carolis_Disease1028.jpg,Carolis Disease
C:\Users\HishamMo\Desktop\999_cs\Quantum_Inpired_PSO_Classifcation\MRI_dataset\Carolis Disease\Carolis_Disease1029.jpg,Carolis Disease
C:\Users\HishamMo\Desktop\999_cs\Quantum_Inpired_PSO_Classifcation\MRI_dataset\Carolis Disease\Carolis_Disease103.jpg,Carolis Disease
C:\Users\HishamMo\Desktop\999_cs\Quantum_Inpired_PSO_Classifcation\MRI_dataset\Carolis Disease\Carolis_Disease1030.jpg,Carolis Disease
C:\Users\HishamMo\Desktop\999_cs\Quantum_Inpired_PSO_Classifcation\MRI_dataset\Carolis Disease\Carolis_Disease1031.jpg,Carolis Disease
C:\Users\HishamMo\Desktop\999_cs\Quantum_Inpired_PSO_Classifcation\MRI_dataset\Carolis Disease\Carolis_Disease1032.jpg,Carolis Disease
C:\Users\HishamMo\Desktop\999_cs\Quantum_Inpired_PSO_Classifcation\MRI_dataset\Carolis Disease\Carolis_Disease1033.jpg,Carolis Disease
C:\Users\HishamMo\Desktop\999_cs\Quantum_Inpired_PSO_Classifcation\MRI_dataset\Carolis Disease\Carolis_Disease1034.jpg,Carolis Disease
C:\Users\HishamMo\Desktop\999_cs\Quantum_Inpired_PSO_Classifcation\MRI_dataset\Carolis Disease\Carolis_Disease1035.jpg,Carolis Disease
C:\Users\HishamMo\Desktop\999_cs\Quantum_Inpired_PSO_Classifcation\MRI_dataset\Carolis Disease\Carolis_Disease1036.jpg,Carolis Disease
C:\Users\HishamMo\Desktop\999_cs\Quantum_Inpired_PSO_Classifcation\MRI_dataset\Carolis Disease\Carolis_Disease1037.jpg,Carolis Disease
C:\Users\HishamMo\Desktop\999_cs\Quantum_Inpired_PSO_Classifcation\MRI_dataset\Carolis Disease\Carolis_Disease1038.jpg,Carolis Disease
C:\Users\HishamMo\Desktop\999_cs\Quantum_Inpired_PSO_Classifcation\MRI_dataset\Carolis Disease\Carolis_Disease1039.jpg,Carolis Disease
C:\Users\HishamMo\Desktop\999_cs\Quantum_Inpired_PSO_Classifcation\MRI_dataset\Carolis Disease\Carolis_Disease104.jpg,Carolis Disease
C:\Users\HishamMo\Desktop\999_cs\Quantum_Inpired_PSO_Classifcation\MRI_dataset\Carolis Disease\Carolis_Disease1040.jpg,Carolis Disease
C:\Users\HishamMo\Desktop\999_cs\Quantum_Inpired_PSO_Classifcation\MRI_dataset\Carolis Disease\Carolis_Disease1041.jpg,Carolis Disease
C:\Users\HishamMo\Desktop\999_cs\Quantum_Inpired_PSO_Classifcation\MRI_dataset\Carolis Disease\Carolis_Disease1042.jpg,Carolis Disease
C:\Users\HishamMo\Desktop\999_cs\Quantum_Inpired_PSO_Classifcation\MRI_dataset\Carolis Disease\Carolis_Disease1043.jpg,Carolis Disease
C:\Users\HishamMo\Desktop\999_cs\Quantum_Inpired_PSO_Classifcation\MRI_dataset\Carolis Disease\Carolis_Disease1044.jpg,Carolis Disease
C:\Users\HishamMo\Desktop\999_cs\Quantum_Inpired_PSO_Classifcation\MRI_dataset\Carolis Disease\Carolis_Disease1045.jpg,Carolis Disease
C:\Users\HishamMo\Desktop\999_cs\Quantum_Inpired_PSO_Classifcation\MRI_dataset\Carolis Disease\Carolis_Disease1046.jpg,Carolis Disease
C:\Users\HishamMo\Desktop\999_cs\Quantum_Inpired_PSO_Classifcation\MRI_dataset\Carolis Disease\Carolis_Disease1047.jpg,Carolis Disease
C:\Users\HishamMo\Desktop\999_cs\Quantum_Inpired_PSO_Classifcation\MRI_dataset\Carolis Disease\Carolis_Disease1048.jpg,Carolis Disease
C:\Users\HishamMo\Desktop\999_cs\Quantum_Inpired_PSO_Classifcation\MRI_dataset\Carolis Disease\Carolis_Disease1049.jpg,Carolis Disease
C:\Users\HishamMo\Desktop\999_cs\Quantum_Inpired_PSO_Classifcation\MRI_dataset\Carolis Disease\Carolis_Disease105.jpg,Carolis Disease
C:\Users\HishamMo\Desktop\999_cs\Quantum_Inpired_PSO_Classifcation\MRI_dataset\Carolis Disease\Carolis_Disease1050.jpg,Carolis Disease
C:\Users\HishamMo\Desktop\999_cs\Quantum_Inpired_PSO_Classifcation\MRI_dataset\Carolis Disease\Carolis_Disease1051.jpg,Carolis Disease
C:\Users\HishamMo\Desktop\999_cs\Quantum_Inpired_PSO_Classifcation\MRI_dataset\Carolis Disease\Carolis_Disease1052.jpg,Carolis Disease
C:\Users\HishamMo\Desktop\999_cs\Quantum_Inpired_PSO_Classifcation\MRI_dataset\Carolis Disease\Carolis_Disease1053.jpg,Carolis Disease
C:\Users\HishamMo\Desktop\999_cs\Quantum_Inpired_PSO_Classifcation\MRI_dataset\Carolis Disease\Carolis_Disease1054.jpg,Carolis Disease
C:\Users\HishamMo\Desktop\999_cs\Quantum_Inpired_PSO_Classifcation\MRI_dataset\Carolis Disease\Carolis_Disease1055.jpg,Carolis Disease
C:\Users\HishamMo\Desktop\999_cs\Quantum_Inpired_PSO_Classifcation\MRI_dataset\Carolis Disease\Carolis_Disease1056.jpg,Carolis Disease
C:\Users\HishamMo\Desktop\999_cs\Quantum_Inpired_PSO_Classifcation\MRI_dataset\Carolis Disease\Carolis_Disease1057.jpg,Carolis Disease
C:\Users\HishamMo\Desktop\999_cs\Quantum_Inpired_PSO_Classifcation\MRI_dataset\Carolis Disease\Carolis_Disease1058.jpg,Carolis Disease
C:\Users\HishamMo\Desktop\999_cs\Quantum_Inpired_PSO_Classifcation\MRI_dataset\Carolis Disease\Carolis_Disease1059.jpg,Carolis Disease
C:\Users\HishamMo\Desktop\999_cs\Quantum_Inpired_PSO_Classifcation\MRI_dataset\Carolis Disease\Carolis_Disease106.jpg,Carolis Disease
C:\Users\HishamMo\Desktop\999_cs\Quantum_Inpired_PSO_Classifcation\MRI_dataset\Carolis Disease\Carolis_Disease1060.jpg,Carolis Disease
C:\Users\HishamMo\Desktop\999_cs\Quantum_Inpired_PSO_Classifcation\MRI_dataset\Carolis Disease\Carolis_Disease1061.jpg,Carolis Disease
C:\Users\HishamMo\Desktop\999_cs\Quantum_Inpired_PSO_Classifcation\MRI_dataset\Carolis Disease\Carolis_Disease1062.jpg,Carolis Disease
C:\Users\HishamMo\Desktop\999_cs\Quantum_Inpired_PSO_Classifcation\MRI_dataset\Carolis Disease\Carolis_Disease1063.jpg,Carolis Disease
C:\Users\HishamMo\Desktop\999_cs\Quantum_Inpired_PSO_Classifcation\MRI_dataset\Carolis Disease\Carolis_Disease1064.jpg,Carolis Disease
C:\Users\HishamMo\Desktop\999_cs\Quantum_Inpired_PSO_Classifcation\MRI_dataset\Carolis Disease\Carolis_Disease1065.jpg,Carolis Disease
C:\Users\HishamMo\Desktop\999_cs\Quantum_Inpired_PSO_Classifcation\MRI_dataset\Carolis Disease\Carolis_Disease1066.jpg,Carolis Disease
C:\Users\HishamMo\Desktop\999_cs\Quantum_Inpired_PSO_Classifcation\MRI_dataset\Carolis Disease\Carolis_Disease1067.jpg,Carolis Disease
C:\Users\HishamMo\Desktop\999_cs\Quantum_Inpired_PSO_Classifcation\MRI_dataset\Carolis Disease\Carolis_Disease1068.jpg,Carolis Disease
C:\Users\HishamMo\Desktop\999_cs\Quantum_Inpired_PSO_Classifcation\MRI_dataset\Carolis Disease\Carolis_Disease1069.jpg,Carolis Disease
C:\Users\HishamMo\Desktop\999_cs\Quantum_Inpired_PSO_Classifcation\MRI_dataset\Carolis Disease\Carolis_Disease107.jpg,Carolis Disease
C:\Users\HishamMo\Desktop\999_cs\Quantum_Inpired_PSO_Classifcation\MRI_dataset\Carolis Disease\Carolis_Disease1070.jpg,Carolis Disease
C:\Users\HishamMo\Desktop\999_cs\Quantum_Inpired_PSO_Classifcation\MRI_dataset\Carolis Disease\Carolis_Disease1071.jpg,Carolis Disease
C:\Users\HishamMo\Desktop\999_cs\Quantum_Inpired_PSO_Classifcation\MRI_dataset\Carolis Disease\Carolis_Disease1072.jpg,Carolis Disease
C:\Users\HishamMo\Desktop\999_cs\Quantum_Inpired_PSO_Classifcation\MRI_dataset\Carolis Disease\Carolis_Disease1073.jpg,Carolis Disease
C:\Users\HishamMo\Desktop\999_cs\Quantum_Inpired_PSO_Classifcation\MRI_dataset\Carolis Disease\Carolis_Disease1074.jpg,Carolis Disease
C:\Users\HishamMo\Desktop\999_cs\Quantum_Inpired_PSO_Classifcation\MRI_dataset\Carolis Disease\Carolis_Disease1075.jpg,Carolis Disease
C:\Users\HishamMo\Desktop\999_cs\Quantum_Inpired_PSO_Classifcation\MRI_dataset\Carolis Disease\Carolis_Disease1076.jpg,Carolis Disease
C:\Users\HishamMo\Desktop\999_cs\Quantum_Inpired_PSO_Classifcation\MRI_dataset\Carolis Disease\Carolis_Disease1077.jpg,Carolis Disease
C:\Users\HishamMo\Desktop\999_cs\Quantum_Inpired_PSO_Classifcation\MRI_dataset\Carolis Disease\Carolis_Disease1078.jpg,Carolis Disease
C:\Users\HishamMo\Desktop\999_cs\Quantum_Inpired_PSO_Classifcation\MRI_dataset\Carolis Disease\Carolis_Disease1079.jpg,Carolis Disease
C:\Users\HishamMo\Desktop\999_cs\Quantum_Inpired_PSO_Classifcation\MRI_dataset\Carolis Disease\Carolis_Disease108.jpg,Carolis Disease
C:\Users\HishamMo\Desktop\999_cs\Quantum_Inpired_PSO_Classifcation\MRI_dataset\Carolis Disease\Carolis_Disease1080.jpg,Carolis Disease
C:\Users\HishamMo\Desktop\999_cs\Quantum_Inpired_PSO_Classifcation\MRI_dataset\Carolis Disease\Carolis_Disease1081.jpg,Carolis Disease
C:\Users\HishamMo\Desktop\999_cs\Quantum_Inpired_PSO_Classifcation\MRI_dataset\Carolis Disease\Carolis_Disease1082.jpg,Carolis Disease
C:\Users\HishamMo\Desktop\999_cs\Quantum_Inpired_PSO_Classifcation\MRI_dataset\Carolis Disease\Carolis_Disease1083.jpg,Carolis Disease
C:\Users\HishamMo\Desktop\999_cs\Quantum_Inpired_PSO_Classifcation\MRI_dataset\Carolis Disease\Carolis_Disease1084.jpg,Carolis Disease
C:\Users\HishamMo\Desktop\999_cs\Quantum_Inpired_PSO_Classifcation\MRI_dataset\Carolis Disease\Carolis_Disease1085.jpg,Carolis Disease
C:\Users\HishamMo\Desktop\999_cs\Quantum_Inpired_PSO_Classifcation\MRI_dataset\Carolis Disease\Carolis_Disease1086.jpg,Carolis Disease
C:\Users\HishamMo\Desktop\999_cs\Quantum_Inpired_PSO_Classifcation\MRI_dataset\Carolis Disease\Carolis_Disease1087.jpg,Carolis Disease
C:\Users\HishamMo\Desktop\999_cs\Quantum_Inpired_PSO_Classifcation\MRI_dataset\Carolis Disease\Carolis_Disease1088.jpg,Carolis Disease
C:\Users\HishamMo\Desktop\999_cs\Quantum_Inpired_PSO_Classifcation\MRI_dataset\Carolis Disease\Carolis_Disease1089.jpg,Carolis Disease
C:\Users\HishamMo\Desktop\999_cs\Quantum_Inpired_PSO_Classifcation\MRI_dataset\Carolis Disease\Carolis_Disease109.jpg,Carolis Disease
C:\Users\HishamMo\Desktop\999_cs\Quantum_Inpired_PSO_Classifcation\MRI_dataset\Carolis Disease\Carolis_Disease1090.jpg,Carolis Disease
C:\Users\HishamMo\Desktop\999_cs\Quantum_Inpired_PSO_Classifcation\MRI_dataset\Carolis Disease\Carolis_Disease1091.jpg,Carolis Disease
C:\Users\HishamMo\Desktop\999_cs\Quantum_Inpired_PSO_Classifcation\MRI_dataset\Carolis Disease\Carolis_Disease1092.jpg,Carolis Disease
C:\Users\HishamMo\Desktop\999_cs\Quantum_Inpired_PSO_Classifcation\MRI_dataset\Carolis Disease\Carolis_Disease1093.jpg,Carolis Disease
C:\Users\HishamMo\Desktop\999_cs\Quantum_Inpired_PSO_Classifcation\MRI_dataset\Carolis Disease\Carolis_Disease1094.jpg,Carolis Disease
C:\Users\HishamMo\Desktop\999_cs\Quantum_Inpired_PSO_Classifcation\MRI_dataset\Carolis Disease\Carolis_Disease1095.jpg,Carolis Disease
C:\Users\HishamMo\Desktop\999_cs\Quantum_Inpired_PSO_Classifcation\MRI_dataset\Carolis Disease\Carolis_Disease1096.jpg,Carolis Disease
C:\Users\HishamMo\Desktop\999_cs\Quantum_Inpired_PSO_Classifcation\MRI_dataset\Carolis Disease\Carolis_Disease1097.jpg,Carolis Disease
C:\Users\HishamMo\Desktop\999_cs\Quantum_Inpired_PSO_Classifcation\MRI_dataset\Carolis Disease\Carolis_Disease1098.jpg,Carolis Disease
C:\Users\HishamMo\Desktop\999_cs\Quantum_Inpired_PSO_Classifcation\MRI_dataset\Carolis Disease\Carolis_Disease1099.jpg,Carolis Disease
C:\Users\HishamMo\Desktop\999_cs\Quantum_Inpired_PSO_Classifcation\MRI_dataset\Carolis Disease\Carolis_Disease110.jpg,Carolis Disease
C:\Users\HishamMo\Desktop\999_cs\Quantum_Inpired_PSO_Classifcation\MRI_dataset\Carolis Disease\Carolis_Disease1100.jpg,Carolis Disease
C:\Users\HishamMo\Desktop\999_cs\Quantum_Inpired_PSO_Classifcation\MRI_dataset\Carolis Disease\Carolis_Disease1101.jpg,Carolis Disease
C:\Users\HishamMo\Desktop\999_cs\Quantum_Inpired_PSO_Classifcation\MRI_dataset\Carolis Disease\Carolis_Disease1102.jpg,Carolis Disease
C:\Users\HishamMo\Desktop\999_cs\Quantum_Inpired_PSO_Classifcation\MRI_dataset\Carolis Disease\Carolis_Disease1103.jpg,Carolis Disease
C:\Users\HishamMo\Desktop\999_cs\Quantum_Inpired_PSO_Classifcation\MRI_dataset\Carolis Disease\Carolis_Disease1104.jpg,Carolis Disease
C:\Users\HishamMo\Desktop\999_cs\Quantum_Inpired_PSO_Classifcation\MRI_dataset\Carolis Disease\Carolis_Disease1105.jpg,Carolis Disease
C:\Users\HishamMo\Desktop\999_cs\Quantum_Inpired_PSO_Classifcation\MRI_dataset\Carolis Disease\Carolis_Disease1106.jpg,Carolis Disease
C:\Users\HishamMo\Desktop\999_cs\Quantum_Inpired_PSO_Classifcation\MRI_dataset\Carolis Disease\Carolis_Disease1107.jpg,Carolis Disease
C:\Users\HishamMo\Desktop\999_cs\Quantum_Inpired_PSO_Classifcation\MRI_dataset\Carolis Disease\Carolis_Disease1108.jpg,Carolis Disease
C:\Users\HishamMo\Desktop\999_cs\Quantum_Inpired_PSO_Classifcation\MRI_dataset\Carolis Disease\Carolis_Disease1109.jpg,Carolis Disease
C:\Users\HishamMo\Desktop\999_cs\Quantum_Inpired_PSO_Classifcation\MRI_dataset\Carolis Disease\Carolis_Disease111.jpg,Carolis Disease
C:\Users\HishamMo\Desktop\999_cs\Quantum_Inpired_PSO_Classifcation\MRI_dataset\Carolis Disease\Carolis_Disease1110.jpg,Carolis Disease
C:\Users\HishamMo\Desktop\999_cs\Quantum_Inpired_PSO_Classifcation\MRI_dataset\Carolis Disease\Carolis_Disease1111.jpg,Carolis Disease
C:\Users\HishamMo\Desktop\999_cs\Quantum_Inpired_PSO_Classifcation\MRI_dataset\Carolis Disease\Carolis_Disease1112.jpg,Carolis Disease
C:\Users\HishamMo\Desktop\999_cs\Quantum_Inpired_PSO_Classifcation\MRI_dataset\Carolis Disease\Carolis_Disease1113.jpg,Carolis Disease
C:\Users\HishamMo\Desktop\999_cs\Quantum_Inpired_PSO_Classifcation\MRI_dataset\Carolis Disease\Carolis_Disease1114.jpg,Carolis Disease
C:\Users\HishamMo\Desktop\999_cs\Quantum_Inpired_PSO_Classifcation\MRI_dataset\Carolis Disease\Carolis_Disease1115.jpg,Carolis Disease
C:\Users\HishamMo\Desktop\999_cs\Quantum_Inpired_PSO_Classifcation\MRI_dataset\Carolis Disease\Carolis_Disease1116.jpg,Carolis Disease
C:\Users\HishamMo\Desktop\999_cs\Quantum_Inpired_PSO_Classifcation\MRI_dataset\Carolis Disease\Carolis_Disease1117.jpg,Carolis Disease
C:\Users\HishamMo\Desktop\999_cs\Quantum_Inpired_PSO_Classifcation\MRI_dataset\Carolis Disease\Carolis_Disease1118.jpg,Carolis Disease
C:\Users\HishamMo\Desktop\999_cs\Quantum_Inpired_PSO_Classifcation\MRI_dataset\Carolis Disease\Carolis_Disease1119.jpg,Carolis Disease
C:\Users\HishamMo\Desktop\999_cs\Quantum_Inpired_PSO_Classifcation\MRI_dataset\Carolis Disease\Carolis_Disease112.jpg,Carolis Disease
C:\Users\HishamMo\Desktop\999_cs\Quantum_Inpired_PSO_Classifcation\MRI_dataset\Carolis Disease\Carolis_Disease1120.jpg,Carolis Disease
C:\Users\HishamMo\Desktop\999_cs\Quantum_Inpired_PSO_Classifcation\MRI_dataset\Carolis Disease\Carolis_Disease1121.jpg,Carolis Disease
C:\Users\HishamMo\Desktop\999_cs\Quantum_Inpired_PSO_Classifcation\MRI_dataset\Carolis Disease\Carolis_Disease1122.jpg,Carolis Disease
C:\Users\HishamMo\Desktop\999_cs\Quantum_Inpired_PSO_Classifcation\MRI_dataset\Carolis Disease\Carolis_Disease1123.jpg,Carolis Disease
C:\Users\HishamMo\Desktop\999_cs\Quantum_Inpired_PSO_Classifcation\MRI_dataset\Carolis Disease\Carolis_Disease1124.jpg,Carolis Disease
C:\Users\HishamMo\Desktop\999_cs\Quantum_Inpired_PSO_Classifcation\MRI_dataset\Carolis Disease\Carolis_Disease1125.jpg,Carolis Disease
C:\Users\HishamMo\Desktop\999_cs\Quantum_Inpired_PSO_Classifcation\MRI_dataset\Carolis Disease\Carolis_Disease1126.jpg,Carolis Disease
C:\Users\HishamMo\Desktop\999_cs\Quantum_Inpired_PSO_Classifcation\MRI_dataset\Carolis Disease\Carolis_Disease1127.jpg,Carolis Disease
C:\Users\HishamMo\Desktop\999_cs\Quantum_Inpired_PSO_Classifcation\MRI_dataset\Carolis Disease\Carolis_Disease1128.jpg,Carolis Disease
C:\Users\HishamMo\Desktop\999_cs\Quantum_Inpired_PSO_Classifcation\MRI_dataset\Carolis Disease\Carolis_Disease1129.jpg,Carolis Disease
C:\Users\HishamMo\Desktop\999_cs\Quantum_Inpired_PSO_Classifcation\MRI_dataset\Carolis Disease\Carolis_Disease113.jpg,Carolis Disease
C:\Users\HishamMo\Desktop\999_cs\Quantum_Inpired_PSO_Classifcation\MRI_dataset\Carolis Disease\Carolis_Disease1130.jpg,Carolis Disease
C:\Users\HishamMo\Desktop\999_cs\Quantum_Inpired_PSO_Classifcation\MRI_dataset\Carolis Disease\Carolis_Disease1131.jpg,Carolis Disease
C:\Users\HishamMo\Desktop\999_cs\Quantum_Inpired_PSO_Classifcation\MRI_dataset\Carolis Disease\Carolis_Disease1132.jpg,Carolis Disease
C:\Users\HishamMo\Desktop\999_cs\Quantum_Inpired_PSO_Classifcation\MRI_dataset\Carolis Disease\Carolis_Disease1133.jpg,Carolis Disease
C:\Users\HishamMo\Desktop\999_cs\Quantum_Inpired_PSO_Classifcation\MRI_dataset\Carolis Disease\Carolis_Disease1134.jpg,Carolis Disease
C:\Users\HishamMo\Desktop\999_cs\Quantum_Inpired_PSO_Classifcation\MRI_dataset\Carolis Disease\Carolis_Disease1135.jpg,Carolis Disease
C:\Users\HishamMo\Desktop\999_cs\Quantum_Inpired_PSO_Classifcation\MRI_dataset\Carolis Disease\Carolis_Disease1136.jpg,Carolis Disease
C:\Users\HishamMo\Desktop\999_cs\Quantum_Inpired_PSO_Classifcation\MRI_dataset\Carolis Disease\Carolis_Disease1137.jpg,Carolis Disease
C:\Users\HishamMo\Desktop\999_cs\Quantum_Inpired_PSO_Classifcation\MRI_dataset\Carolis Disease\Carolis_Disease1138.jpg,Carolis Disease
C:\Users\HishamMo\Desktop\999_cs\Quantum_Inpired_PSO_Classifcation\MRI_dataset\Carolis Disease\Carolis_Disease1139.jpg,Carolis Disease
C:\Users\HishamMo\Desktop\999_cs\Quantum_Inpired_PSO_Classifcation\MRI_dataset\Carolis Disease\Carolis_Disease114.jpg,Carolis Disease
C:\Users\HishamMo\Desktop\999_cs\Quantum_Inpired_PSO_Classifcation\MRI_dataset\Carolis Disease\Carolis_Disease1140.jpg,Carolis Disease
C:\Users\HishamMo\Desktop\999_cs\Quantum_Inpired_PSO_Classifcation\MRI_dataset\Carolis Disease\Carolis_Disease1141.jpg,Carolis Disease
C:\Users\HishamMo\Desktop\999_cs\Quantum_Inpired_PSO_Classifcation\MRI_dataset\Carolis Disease\Carolis_Disease1142.jpg,Carolis Disease
C:\Users\HishamMo\Desktop\999_cs\Quantum_Inpired_PSO_Classifcation\MRI_dataset\Carolis Disease\Carolis_Disease1143.jpg,Carolis Disease
C:\Users\HishamMo\Desktop\999_cs\Quantum_Inpired_PSO_Classifcation\MRI_dataset\Carolis Disease\Carolis_Disease1144.jpg,Carolis Disease
C:\Users\HishamMo\Desktop\999_cs\Quantum_Inpired_PSO_Classifcation\MRI_dataset\Carolis Disease\Carolis_Disease1145.jpg,Carolis Disease
C:\Users\HishamMo\Desktop\999_cs\Quantum_Inpired_PSO_Classifcation\MRI_dataset\Carolis Disease\Carolis_Disease1146.jpg,Carolis Disease
C:\Users\HishamMo\Desktop\999_cs\Quantum_Inpired_PSO_Classifcation\MRI_dataset\Carolis Disease\Carolis_Disease1147.jpg,Carolis Disease
C:\Users\HishamMo\Desktop\999_cs\Quantum_Inpired_PSO_Classifcation\MRI_dataset\Carolis Disease\Carolis_Disease1148.jpg,Carolis Disease
C:\Users\HishamMo\Desktop\999_cs\Quantum_Inpired_PSO_Classifcation\MRI_dataset\Carolis Disease\Carolis_Disease1149.jpg,Carolis Disease
C:\Users\HishamMo\Desktop\999_cs\Quantum_Inpired_PSO_Classifcation\MRI_dataset\Carolis Disease\Carolis_Disease115.jpg,Carolis Disease
C:\Users\HishamMo\Desktop\999_cs\Quantum_Inpired_PSO_Classifcation\MRI_dataset\Carolis Disease\Carolis_Disease1150.jpg,Carolis Disease
C:\Users\HishamMo\Desktop\999_cs\Quantum_Inpired_PSO_Classifcation\MRI_dataset\Carolis Disease\Carolis_Disease1151.jpg,Carolis Disease
C:\Users\HishamMo\Desktop\999_cs\Quantum_Inpired_PSO_Classifcation\MRI_dataset\Carolis Disease\Carolis_Disease1152.jpg,Carolis Disease
C:\Users\HishamMo\Desktop\999_cs\Quantum_Inpired_PSO_Classifcation\MRI_dataset\Carolis Disease\Carolis_Disease1153.jpg,Carolis Disease
C:\Users\HishamMo\Desktop\999_cs\Quantum_Inpired_PSO_Classifcation\MRI_dataset\Carolis Disease\Carolis_Disease1154.jpg,Carolis Disease
C:\Users\HishamMo\Desktop\999_cs\Quantum_Inpired_PSO_Classifcation\MRI_dataset\Carolis Disease\Carolis_Disease1155.jpg,Carolis Disease
C:\Users\HishamMo\Desktop\999_cs\Quantum_Inpired_PSO_Classifcation\MRI_dataset\Carolis Disease\Carolis_Disease1156.jpg,Carolis Disease
C:\Users\HishamMo\Desktop\999_cs\Quantum_Inpired_PSO_Classifcation\MRI_dataset\Carolis Disease\Carolis_Disease1157.jpg,Carolis Disease
C:\Users\HishamMo\Desktop\999_cs\Quantum_Inpired_PSO_Classifcation\MRI_dataset\Carolis Disease\Carolis_Disease1158.jpg,Carolis Disease
C:\Users\HishamMo\Desktop\999_cs\Quantum_Inpired_PSO_Classifcation\MRI_dataset\Carolis Disease\Carolis_Disease1159.jpg,Carolis Disease
C:\Users\HishamMo\Desktop\999_cs\Quantum_Inpired_PSO_Classifcation\MRI_dataset\Carolis Disease\Carolis_Disease116.jpg,Carolis Disease
C:\Users\HishamMo\Desktop\999_cs\Quantum_Inpired_PSO_Classifcation\MRI_dataset\Carolis Disease\Carolis_Disease1160.jpg,Carolis Disease
C:\Users\HishamMo\Desktop\999_cs\Quantum_Inpired_PSO_Classifcation\MRI_dataset\Carolis Disease\Carolis_Disease1161.jpg,Carolis Disease
C:\Users\HishamMo\Desktop\999_cs\Quantum_Inpired_PSO_Classifcation\MRI_dataset\Carolis Disease\Carolis_Disease1162.jpg,Carolis Disease
C:\Users\HishamMo\Desktop\999_cs\Quantum_Inpired_PSO_Classifcation\MRI_dataset\Carolis Disease\Carolis_Disease1163.jpg,Carolis Disease
C:\Users\HishamMo\Desktop\999_cs\Quantum_Inpired_PSO_Classifcation\MRI_dataset\Carolis Disease\Carolis_Disease1164.jpg,Carolis Disease
C:\Users\HishamMo\Desktop\999_cs\Quantum_Inpired_PSO_Classifcation\MRI_dataset\Carolis Disease\Carolis_Disease1165.jpg,Carolis Disease
C:\Users\HishamMo\Desktop\999_cs\Quantum_Inpired_PSO_Classifcation\MRI_dataset\Carolis Disease\Carolis_Disease1166.jpg,Carolis Disease
C:\Users\HishamMo\Desktop\999_cs\Quantum_Inpired_PSO_Classifcation\MRI_dataset\Carolis Disease\Carolis_Disease1167.jpg,Carolis Disease
C:\Users\HishamMo\Desktop\999_cs\Quantum_Inpired_PSO_Classifcation\MRI_dataset\Carolis Disease\Carolis_Disease1168.jpg,Carolis Disease
C:\Users\HishamMo\Desktop\999_cs\Quantum_Inpired_PSO_Classifcation\MRI_dataset\Carolis Disease\Carolis_Disease1169.jpg,Carolis Disease
C:\Users\HishamMo\Desktop\999_cs\Quantum_Inpired_PSO_Classifcation\MRI_dataset\Carolis Disease\Carolis_Disease117.jpg,Carolis Disease
C:\Users\HishamMo\Desktop\999_cs\Quantum_Inpired_PSO_Classifcation\MRI_dataset\Carolis Disease\Carolis_Disease1170.jpg,Carolis Disease
C:\Users\HishamMo\Desktop\999_cs\Quantum_Inpired_PSO_Classifcation\MRI_dataset\Carolis Disease\Carolis_Disease1171.jpg,Carolis Disease
C:\Users\HishamMo\Desktop\999_cs\Quantum_Inpired_PSO_Classifcation\MRI_dataset\Carolis Disease\Carolis_Disease1172.jpg,Carolis Disease
C:\Users\HishamMo\Desktop\999_cs\Quantum_Inpired_PSO_Classifcation\MRI_dataset\Carolis Disease\Carolis_Disease1173.jpg,Carolis Disease
C:\Users\HishamMo\Desktop\999_cs\Quantum_Inpired_PSO_Classifcation\MRI_dataset\Carolis Disease\Carolis_Disease1174.jpg,Carolis Disease
C:\Users\HishamMo\Desktop\999_cs\Quantum_Inpired_PSO_Classifcation\MRI_dataset\Carolis Disease\Carolis_Disease1175.jpg,Carolis Disease
C:\Users\HishamMo\Desktop\999_cs\Quantum_Inpired_PSO_Classifcation\MRI_dataset\Carolis Disease\Carolis_Disease1176.jpg,Carolis Disease
C:\Users\HishamMo\Desktop\999_cs\Quantum_Inpired_PSO_Classifcation\MRI_dataset\Carolis Disease\Carolis_Disease1177.jpg,Carolis Disease
C:\Users\HishamMo\Desktop\999_cs\Quantum_Inpired_PSO_Classifcation\MRI_dataset\Carolis Disease\Carolis_Disease1178.jpg,Carolis Disease
C:\Users\HishamMo\Desktop\999_cs\Quantum_Inpired_PSO_Classifcation\MRI_dataset\Carolis Disease\Carolis_Disease1179.jpg,Carolis Disease
C:\Users\HishamMo\Desktop\999_cs\Quantum_Inpired_PSO_Classifcation\MRI_dataset\Carolis Disease\Carolis_Disease118.jpg,Carolis Disease
C:\Users\HishamMo\Desktop\999_cs\Quantum_Inpired_PSO_Classifcation\MRI_dataset\Carolis Disease\Carolis_Disease1180.jpg,Carolis Disease
C:\Users\HishamMo\Desktop\999_cs\Quantum_Inpired_PSO_Classifcation\MRI_dataset\Carolis Disease\Carolis_Disease1181.jpg,Carolis Disease
C:\Users\HishamMo\Desktop\999_cs\Quantum_Inpired_PSO_Classifcation\MRI_dataset\Carolis Disease\Carolis_Disease1182.jpg,Carolis Disease
C:\Users\HishamMo\Desktop\999_cs\Quantum_Inpired_PSO_Classifcation\MRI_dataset\Carolis Disease\Carolis_Disease1183.jpg,Carolis Disease
C:\Users\HishamMo\Desktop\999_cs\Quantum_Inpired_PSO_Classifcation\MRI_dataset\Carolis Disease\Carolis_Disease1184.jpg,Carolis Disease
C:\Users\HishamMo\Desktop\999_cs\Quantum_Inpired_PSO_Classifcation\MRI_dataset\Carolis Disease\Carolis_Disease1185.jpg,Carolis Disease
C:\Users\HishamMo\Desktop\999_cs\Quantum_Inpired_PSO_Classifcation\MRI_dataset\Carolis Disease\Carolis_Disease1186.jpg,Carolis Disease
C:\Users\HishamMo\Desktop\999_cs\Quantum_Inpired_PSO_Classifcation\MRI_dataset\Carolis Disease\Carolis_Disease1187.jpg,Carolis Disease
C:\Users\HishamMo\Desktop\999_cs\Quantum_Inpired_PSO_Classifcation\MRI_dataset\Carolis Disease\Carolis_Disease1188.jpg,Carolis Disease
C:\Users\HishamMo\Desktop\999_cs\Quantum_Inpired_PSO_Classifcation\MRI_dataset\Carolis Disease\Carolis_Disease1189.jpg,Carolis Disease
C:\Users\HishamMo\Desktop\999_cs\Quantum_Inpired_PSO_Classifcation\MRI_dataset\Carolis Disease\Carolis_Disease119.jpg,Carolis Disease
C:\Users\HishamMo\Desktop\999_cs\Quantum_Inpired_PSO_Classifcation\MRI_dataset\Carolis Disease\Carolis_Disease1190.jpg,Carolis Disease
C:\Users\HishamMo\Desktop\999_cs\Quantum_Inpired_PSO_Classifcation\MRI_dataset\Carolis Disease\Carolis_Disease1191.jpg,Carolis Disease
C:\Users\HishamMo\Desktop\999_cs\Quantum_Inpired_PSO_Classifcation\MRI_dataset\Carolis Disease\Carolis_Disease1192.jpg,Carolis Disease
C:\Users\HishamMo\Desktop\999_cs\Quantum_Inpired_PSO_Classifcation\MRI_dataset\Carolis Disease\Carolis_Disease1193.jpg,Carolis Disease
C:\Users\HishamMo\Desktop\999_cs\Quantum_Inpired_PSO_Classifcation\MRI_dataset\Carolis Disease\Carolis_Disease1194.jpg,Carolis Disease
C:\Users\HishamMo\Desktop\999_cs\Quantum_Inpired_PSO_Classifcation\MRI_dataset\Carolis Disease\Carolis_Disease1195.jpg,Carolis Disease
C:\Users\HishamMo\Desktop\999_cs\Quantum_Inpired_PSO_Classifcation\MRI_dataset\Carolis Disease\Carolis_Disease1196.jpg,Carolis Disease
C:\Users\HishamMo\Desktop\999_cs\Quantum_Inpired_PSO_Classifcation\MRI_dataset\Carolis Disease\Carolis_Disease1197.jpg,Carolis Disease
C:\Users\HishamMo\Desktop\999_cs\Quantum_Inpired_PSO_Classifcation\MRI_dataset\Carolis Disease\Carolis_Disease1198.jpg,Carolis Disease
C:\Users\HishamMo\Desktop\999_cs\Quantum_Inpired_PSO_Classifcation\MRI_dataset\Carolis Disease\Carolis_Disease1199.jpg,Carolis Disease
C:\Users\HishamMo\Desktop\999_cs\Quantum_Inpired_PSO_Classifcation\MRI_dataset\Carolis Disease\Carolis_Disease120.jpg,Carolis Disease
C:\Users\HishamMo\Desktop\999_cs\Quantum_Inpired_PSO_Classifcation\MRI_dataset\Carolis Disease\Carolis_Disease1200.jpg,Carolis Disease
C:\Users\HishamMo\Desktop\999_cs\Quantum_Inpired_PSO_Classifcation\MRI_dataset\Carolis Disease\Carolis_Disease1201.jpg,Carolis Disease
C:\Users\HishamMo\Desktop\999_cs\Quantum_Inpired_PSO_Classifcation\MRI_dataset\Carolis Disease\Carolis_Disease1202.jpg,Carolis Disease
C:\Users\HishamMo\Desktop\999_cs\Quantum_Inpired_PSO_Classifcation\MRI_dataset\Carolis Disease\Carolis_Disease1203.jpg,Carolis Disease
C:\Users\HishamMo\Desktop\999_cs\Quantum_Inpired_PSO_Classifcation\MRI_dataset\Carolis Disease\Carolis_Disease1204.jpg,Carolis Disease
C:\Users\HishamMo\Desktop\999_cs\Quantum_Inpired_PSO_Classifcation\MRI_dataset\Carolis Disease\Carolis_Disease1205.jpg,Carolis Disease
C:\Users\HishamMo\Desktop\999_cs\Quantum_Inpired_PSO_Classifcation\MRI_dataset\Carolis Disease\Carolis_Disease1206.jpg,Carolis Disease
C:\Users\HishamMo\Desktop\999_cs\Quantum_Inpired_PSO_Classifcation\MRI_dataset\Carolis Disease\Carolis_Disease1207.jpg,Carolis Disease
C:\Users\HishamMo\Desktop\999_cs\Quantum_Inpired_PSO_Classifcation\MRI_dataset\Carolis Disease\Carolis_Disease1208.jpg,Carolis Disease
C:\Users\HishamMo\Desktop\999_cs\Quantum_Inpired_PSO_Classifcation\MRI_dataset\Carolis Disease\Carolis_Disease1209.jpg,Carolis Disease
C:\Users\HishamMo\Desktop\999_cs\Quantum_Inpired_PSO_Classifcation\MRI_dataset\Carolis Disease\Carolis_Disease121.jpg,Carolis Disease
C:\Users\HishamMo\Desktop\999_cs\Quantum_Inpired_PSO_Classifcation\MRI_dataset\Carolis Disease\Carolis_Disease1210.jpg,Carolis Disease
C:\Users\HishamMo\Desktop\999_cs\Quantum_Inpired_PSO_Classifcation\MRI_dataset\Carolis Disease\Carolis_Disease1211.jpg,Carolis Disease
C:\Users\HishamMo\Desktop\999_cs\Quantum_Inpired_PSO_Classifcation\MRI_dataset\Carolis Disease\Carolis_Disease1212.jpg,Carolis Disease
C:\Users\HishamMo\Desktop\999_cs\Quantum_Inpired_PSO_Classifcation\MRI_dataset\Carolis Disease\Carolis_Disease1213.jpg,Carolis Disease
C:\Users\HishamMo\Desktop\999_cs\Quantum_Inpired_PSO_Classifcation\MRI_dataset\Carolis Disease\Carolis_Disease1214.jpg,Carolis Disease
C:\Users\HishamMo\Desktop\999_cs\Quantum_Inpired_PSO_Classifcation\MRI_dataset\Carolis Disease\Carolis_Disease1215.jpg,Carolis Disease
C:\Users\HishamMo\Desktop\999_cs\Quantum_Inpired_PSO_Classifcation\MRI_dataset\Carolis Disease\Carolis_Disease1216.jpg,Carolis Disease
C:\Users\HishamMo\Desktop\999_cs\Quantum_Inpired_PSO_Classifcation\MRI_dataset\Carolis Disease\Carolis_Disease1217.jpg,Carolis Disease
C:\Users\HishamMo\Desktop\999_cs\Quantum_Inpired_PSO_Classifcation\MRI_dataset\Carolis Disease\Carolis_Disease1218.jpg,Carolis Disease
C:\Users\HishamMo\Desktop\999_cs\Quantum_Inpired_PSO_Classifcation\MRI_dataset\Carolis Disease\Carolis_Disease1219.jpg,Carolis Disease
C:\Users\HishamMo\Desktop\999_cs\Quantum_Inpired_PSO_Classifcation\MRI_dataset\Carolis Disease\Carolis_Disease122.jpg,Carolis Disease
C:\Users\HishamMo\Desktop\999_cs\Quantum_Inpired_PSO_Classifcation\MRI_dataset\Carolis Disease\Carolis_Disease1220.jpg,Carolis Disease
C:\Users\HishamMo\Desktop\999_cs\Quantum_Inpired_PSO_Classifcation\MRI_dataset\Carolis Disease\Carolis_Disease1221.jpg,Carolis Disease
C:\Users\HishamMo\Desktop\999_cs\Quantum_Inpired_PSO_Classifcation\MRI_dataset\Carolis Disease\Carolis_Disease1222.jpg,Carolis Disease
C:\Users\HishamMo\Desktop\999_cs\Quantum_Inpired_PSO_Classifcation\MRI_dataset\Carolis Disease\Carolis_Disease1223.jpg,Carolis Disease
C:\Users\HishamMo\Desktop\999_cs\Quantum_Inpired_PSO_Classifcation\MRI_dataset\Carolis Disease\Carolis_Disease1224.jpg,Carolis Disease
C:\Users\HishamMo\Desktop\999_cs\Quantum_Inpired_PSO_Classifcation\MRI_dataset\Carolis Disease\Carolis_Disease1225.jpg,Carolis Disease
C:\Users\HishamMo\Desktop\999_cs\Quantum_Inpired_PSO_Classifcation\MRI_dataset\Carolis Disease\Carolis_Disease1226.jpg,Carolis Disease
C:\Users\HishamMo\Desktop\999_cs\Quantum_Inpired_PSO_Classifcation\MRI_dataset\Carolis Disease\Carolis_Disease1227.jpg,Carolis Disease
C:\Users\HishamMo\Desktop\999_cs\Quantum_Inpired_PSO_Classifcation\MRI_dataset\Carolis Disease\Carolis_Disease1228.jpg,Carolis Disease
C:\Users\HishamMo\Desktop\999_cs\Quantum_Inpired_PSO_Classifcation\MRI_dataset\Carolis Disease\Carolis_Disease1229.jpg,Carolis Disease
C:\Users\HishamMo\Desktop\999_cs\Quantum_Inpired_PSO_Classifcation\MRI_dataset\Carolis Disease\Carolis_Disease123.jpg,Carolis Disease
C:\Users\HishamMo\Desktop\999_cs\Quantum_Inpired_PSO_Classifcation\MRI_dataset\Carolis Disease\Carolis_Disease1230.jpg,Carolis Disease
C:\Users\HishamMo\Desktop\999_cs\Quantum_Inpired_PSO_Classifcation\MRI_dataset\Carolis Disease\Carolis_Disease1231.jpg,Carolis Disease
C:\Users\HishamMo\Desktop\999_cs\Quantum_Inpired_PSO_Classifcation\MRI_dataset\Carolis Disease\Carolis_Disease1232.jpg,Carolis Disease
C:\Users\HishamMo\Desktop\999_cs\Quantum_Inpired_PSO_Classifcation\MRI_dataset\Carolis Disease\Carolis_Disease1233.jpg,Carolis Disease
C:\Users\HishamMo\Desktop\999_cs\Quantum_Inpired_PSO_Classifcation\MRI_dataset\Carolis Disease\Carolis_Disease1234.jpg,Carolis Disease
C:\Users\HishamMo\Desktop\999_cs\Quantum_Inpired_PSO_Classifcation\MRI_dataset\Carolis Disease\Carolis_Disease1235.jpg,Carolis Disease
C:\Users\HishamMo\Desktop\999_cs\Quantum_Inpired_PSO_Classifcation\MRI_dataset\Carolis Disease\Carolis_Disease1236.jpg,Carolis Disease
C:\Users\HishamMo\Desktop\999_cs\Quantum_Inpired_PSO_Classifcation\MRI_dataset\Carolis Disease\Carolis_Disease1237.jpg,Carolis Disease
C:\Users\HishamMo\Desktop\999_cs\Quantum_Inpired_PSO_Classifcation\MRI_dataset\Carolis Disease\Carolis_Disease1238.jpg,Carolis Disease
C:\Users\HishamMo\Desktop\999_cs\Quantum_Inpired_PSO_Classifcation\MRI_dataset\Carolis Disease\Carolis_Disease1239.jpg,Carolis Disease
C:\Users\HishamMo\Desktop\999_cs\Quantum_Inpired_PSO_Classifcation\MRI_dataset\Carolis Disease\Carolis_Disease124.jpg,Carolis Disease
C:\Users\HishamMo\Desktop\999_cs\Quantum_Inpired_PSO_Classifcation\MRI_dataset\Carolis Disease\Carolis_Disease1240.jpg,Carolis Disease
C:\Users\HishamMo\Desktop\999_cs\Quantum_Inpired_PSO_Classifcation\MRI_dataset\Carolis Disease\Carolis_Disease1241.jpg,Carolis Disease
C:\Users\HishamMo\Desktop\999_cs\Quantum_Inpired_PSO_Classifcation\MRI_dataset\Carolis Disease\Carolis_Disease1242.jpg,Carolis Disease
C:\Users\HishamMo\Desktop\999_cs\Quantum_Inpired_PSO_Classifcation\MRI_dataset\Carolis Disease\Carolis_Disease1243.jpg,Carolis Disease
C:\Users\HishamMo\Desktop\999_cs\Quantum_Inpired_PSO_Classifcation\MRI_dataset\Carolis Disease\Carolis_Disease1244.jpg,Carolis Disease
C:\Users\HishamMo\Desktop\999_cs\Quantum_Inpired_PSO_Classifcation\MRI_dataset\Carolis Disease\Carolis_Disease1245.jpg,Carolis Disease
C:\Users\HishamMo\Desktop\999_cs\Quantum_Inpired_PSO_Classifcation\MRI_dataset\Carolis Disease\Carolis_Disease1246.jpg,Carolis Disease
C:\Users\HishamMo\Desktop\999_cs\Quantum_Inpired_PSO_Classifcation\MRI_dataset\Carolis Disease\Carolis_Disease1247.jpg,Carolis Disease
C:\Users\HishamMo\Desktop\999_cs\Quantum_Inpired_PSO_Classifcation\MRI_dataset\Carolis Disease\Carolis_Disease1248.jpg,Carolis Disease
C:\Users\HishamMo\Desktop\999_cs\Quantum_Inpired_PSO_Classifcation\MRI_dataset\Carolis Disease\Carolis_Disease1249.jpg,Carolis Disease
C:\Users\HishamMo\Desktop\999_cs\Quantum_Inpired_PSO_Classifcation\MRI_dataset\Carolis Disease\Carolis_Disease125.jpg,Carolis Disease
C:\Users\HishamMo\Desktop\999_cs\Quantum_Inpired_PSO_Classifcation\MRI_dataset\Carolis Disease\Carolis_Disease1250.jpg,Carolis Disease
C:\Users\HishamMo\Desktop\999_cs\Quantum_Inpired_PSO_Classifcation\MRI_dataset\Carolis Disease\Carolis_Disease1251.jpg,Carolis Disease
C:\Users\HishamMo\Desktop\999_cs\Quantum_Inpired_PSO_Classifcation\MRI_dataset\Carolis Disease\Carolis_Disease1252.jpg,Carolis Disease
C:\Users\HishamMo\Desktop\999_cs\Quantum_Inpired_PSO_Classifcation\MRI_dataset\Carolis Disease\Carolis_Disease1253.jpg,Carolis Disease
C:\Users\HishamMo\Desktop\999_cs\Quantum_Inpired_PSO_Classifcation\MRI_dataset\Carolis Disease\Carolis_Disease1254.jpg,Carolis Disease
C:\Users\HishamMo\Desktop\999_cs\Quantum_Inpired_PSO_Classifcation\MRI_dataset\Carolis Disease\Carolis_Disease1255.jpg,Carolis Disease
C:\Users\HishamMo\Desktop\999_cs\Quantum_Inpired_PSO_Classifcation\MRI_dataset\Carolis Disease\Carolis_Disease1256.jpg,Carolis Disease
C:\Users\HishamMo\Desktop\999_cs\Quantum_Inpired_PSO_Classifcation\MRI_dataset\Carolis Disease\Carolis_Disease1257.jpg,Carolis Disease
C:\Users\HishamMo\Desktop\999_cs\Quantum_Inpired_PSO_Classifcation\MRI_dataset\Carolis Disease\Carolis_Disease1258.jpg,Carolis Disease
C:\Users\HishamMo\Desktop\999_cs\Quantum_Inpired_PSO_Classifcation\MRI_dataset\Carolis Disease\Carolis_Disease1259.jpg,Carolis Disease
C:\Users\HishamMo\Desktop\999_cs\Quantum_Inpired_PSO_Classifcation\MRI_dataset\Carolis Disease\Carolis_Disease126.jpg,Carolis Disease
C:\Users\HishamMo\Desktop\999_cs\Quantum_Inpired_PSO_Classifcation\MRI_dataset\Carolis Disease\Carolis_Disease1260.jpg,Carolis Disease
C:\Users\HishamMo\Desktop\999_cs\Quantum_Inpired_PSO_Classifcation\MRI_dataset\Carolis Disease\Carolis_Disease1261.jpg,Carolis Disease
C:\Users\HishamMo\Desktop\999_cs\Quantum_Inpired_PSO_Classifcation\MRI_dataset\Carolis Disease\Carolis_Disease1262.jpg,Carolis Disease
C:\Users\HishamMo\Desktop\999_cs\Quantum_Inpired_PSO_Classifcation\MRI_dataset\Carolis Disease\Carolis_Disease1263.jpg,Carolis Disease
C:\Users\HishamMo\Desktop\999_cs\Quantum_Inpired_PSO_Classifcation\MRI_dataset\Carolis Disease\Carolis_Disease1264.jpg,Carolis Disease
C:\Users\HishamMo\Desktop\999_cs\Quantum_Inpired_PSO_Classifcation\MRI_dataset\Carolis Disease\Carolis_Disease1265.jpg,Carolis Disease
C:\Users\HishamMo\Desktop\999_cs\Quantum_Inpired_PSO_Classifcation\MRI_dataset\Carolis Disease\Carolis_Disease1266.jpg,Carolis Disease
C:\Users\HishamMo\Desktop\999_cs\Quantum_Inpired_PSO_Classifcation\MRI_dataset\Carolis Disease\Carolis_Disease1267.jpg,Carolis Disease
C:\Users\HishamMo\Desktop\999_cs\Quantum_Inpired_PSO_Classifcation\MRI_dataset\Carolis Disease\Carolis_Disease1268.jpg,Carolis Disease
C:\Users\HishamMo\Desktop\999_cs\Quantum_Inpired_PSO_Classifcation\MRI_dataset\Carolis Disease\Carolis_Disease1269.jpg,Carolis Disease
C:\Users\HishamMo\Desktop\999_cs\Quantum_Inpired_PSO_Classifcation\MRI_dataset\Carolis Disease\Carolis_Disease127.jpg,Carolis Disease
C:\Users\HishamMo\Desktop\999_cs\Quantum_Inpired_PSO_Classifcation\MRI_dataset\Carolis Disease\Carolis_Disease1270.jpg,Carolis Disease
C:\Users\HishamMo\Desktop\999_cs\Quantum_Inpired_PSO_Classifcation\MRI_dataset\Carolis Disease\Carolis_Disease1271.jpg,Carolis Disease
C:\Users\HishamMo\Desktop\999_cs\Quantum_Inpired_PSO_Classifcation\MRI_dataset\Carolis Disease\Carolis_Disease1272.jpg,Carolis Disease
C:\Users\HishamMo\Desktop\999_cs\Quantum_Inpired_PSO_Classifcation\MRI_dataset\Carolis Disease\Carolis_Disease1273.jpg,Carolis Disease
C:\Users\HishamMo\Desktop\999_cs\Quantum_Inpired_PSO_Classifcation\MRI_dataset\Carolis Disease\Carolis_Disease1274.jpg,Carolis Disease
C:\Users\HishamMo\Desktop\999_cs\Quantum_Inpired_PSO_Classifcation\MRI_dataset\Carolis Disease\Carolis_Disease1275.jpg,Carolis Disease
C:\Users\HishamMo\Desktop\999_cs\Quantum_Inpired_PSO_Classifcation\MRI_dataset\Carolis Disease\Carolis_Disease1276.jpg,Carolis Disease
C:\Users\HishamMo\Desktop\999_cs\Quantum_Inpired_PSO_Classifcation\MRI_dataset\Carolis Disease\Carolis_Disease1277.jpg,Carolis Disease
C:\Users\HishamMo\Desktop\999_cs\Quantum_Inpired_PSO_Classifcation\MRI_dataset\Carolis Disease\Carolis_Disease1278.jpg,Carolis Disease
C:\Users\HishamMo\Desktop\999_cs\Quantum_Inpired_PSO_Classifcation\MRI_dataset\Carolis Disease\Carolis_Disease1279.jpg,Carolis Disease
C:\Users\HishamMo\Desktop\999_cs\Quantum_Inpired_PSO_Classifcation\MRI_dataset\Carolis Disease\Carolis_Disease128.jpg,Carolis Disease
C:\Users\HishamMo\Desktop\999_cs\Quantum_Inpired_PSO_Classifcation\MRI_dataset\Carolis Disease\Carolis_Disease1280.jpg,Carolis Disease
C:\Users\HishamMo\Desktop\999_cs\Quantum_Inpired_PSO_Classifcation\MRI_dataset\Carolis Disease\Carolis_Disease1281.jpg,Carolis Disease
C:\Users\HishamMo\Desktop\999_cs\Quantum_Inpired_PSO_Classifcation\MRI_dataset\Carolis Disease\Carolis_Disease1282.jpg,Carolis Disease
C:\Users\HishamMo\Desktop\999_cs\Quantum_Inpired_PSO_Classifcation\MRI_dataset\Carolis Disease\Carolis_Disease1283.jpg,Carolis Disease
C:\Users\HishamMo\Desktop\999_cs\Quantum_Inpired_PSO_Classifcation\MRI_dataset\Carolis Disease\Carolis_Disease1284.jpg,Carolis Disease
C:\Users\HishamMo\Desktop\999_cs\Quantum_Inpired_PSO_Classifcation\MRI_dataset\Carolis Disease\Carolis_Disease1285.jpg,Carolis Disease
C:\Users\HishamMo\Desktop\999_cs\Quantum_Inpired_PSO_Classifcation\MRI_dataset\Carolis Disease\Carolis_Disease1286.jpg,Carolis Disease
C:\Users\HishamMo\Desktop\999_cs\Quantum_Inpired_PSO_Classifcation\MRI_dataset\Carolis Disease\Carolis_Disease1287.jpg,Carolis Disease
C:\Users\HishamMo\Desktop\999_cs\Quantum_Inpired_PSO_Classifcation\MRI_dataset\Carolis Disease\Carolis_Disease1288.jpg,Carolis Disease
C:\Users\HishamMo\Desktop\999_cs\Quantum_Inpired_PSO_Classifcation\MRI_dataset\Carolis Disease\Carolis_Disease1289.jpg,Carolis Disease
C:\Users\HishamMo\Desktop\999_cs\Quantum_Inpired_PSO_Classifcation\MRI_dataset\Carolis Disease\Carolis_Disease129.jpg,Carolis Disease
C:\Users\HishamMo\Desktop\999_cs\Quantum_Inpired_PSO_Classifcation\MRI_dataset\Carolis Disease\Carolis_Disease1290.jpg,Carolis Disease
C:\Users\HishamMo\Desktop\999_cs\Quantum_Inpired_PSO_Classifcation\MRI_dataset\Carolis Disease\Carolis_Disease1291.jpg,Carolis Disease
C:\Users\HishamMo\Desktop\999_cs\Quantum_Inpired_PSO_Classifcation\MRI_dataset\Carolis Disease\Carolis_Disease1292.jpg,Carolis Disease
C:\Users\HishamMo\Desktop\999_cs\Quantum_Inpired_PSO_Classifcation\MRI_dataset\Carolis Disease\Carolis_Disease1293.jpg,Carolis Disease
C:\Users\HishamMo\Desktop\999_cs\Quantum_Inpired_PSO_Classifcation\MRI_dataset\Carolis Disease\Carolis_Disease1294.jpg,Carolis Disease
C:\Users\HishamMo\Desktop\999_cs\Quantum_Inpired_PSO_Classifcation\MRI_dataset\Carolis Disease\Carolis_Disease1295.jpg,Carolis Disease
C:\Users\HishamMo\Desktop\999_cs\Quantum_Inpired_PSO_Classifcation\MRI_dataset\Carolis Disease\Carolis_Disease1296.jpg,Carolis Disease
C:\Users\HishamMo\Desktop\999_cs\Quantum_Inpired_PSO_Classifcation\MRI_dataset\Carolis Disease\Carolis_Disease1297.jpg,Carolis Disease
C:\Users\HishamMo\Desktop\999_cs\Quantum_Inpired_PSO_Classifcation\MRI_dataset\Carolis Disease\Carolis_Disease1298.jpg,Carolis Disease
C:\Users\HishamMo\Desktop\999_cs\Quantum_Inpired_PSO_Classifcation\MRI_dataset\Carolis Disease\Carolis_Disease1299.jpg,Carolis Disease
C:\Users\HishamMo\Desktop\999_cs\Quantum_Inpired_PSO_Classifcation\MRI_dataset\Carolis Disease\Carolis_Disease130.jpg,Carolis Disease
C:\Users\HishamMo\Desktop\999_cs\Quantum_Inpired_PSO_Classifcation\MRI_dataset\Carolis Disease\Carolis_Disease1300.jpg,Carolis Disease
C:\Users\HishamMo\Desktop\999_cs\Quantum_Inpired_PSO_Classifcation\MRI_dataset\Carolis Disease\Carolis_Disease1301.jpg,Carolis Disease
C:\Users\HishamMo\Desktop\999_cs\Quantum_Inpired_PSO_Classifcation\MRI_dataset\Carolis Disease\Carolis_Disease1302.jpg,Carolis Disease
C:\Users\HishamMo\Desktop\999_cs\Quantum_Inpired_PSO_Classifcation\MRI_dataset\Carolis Disease\Carolis_Disease1303.jpg,Carolis Disease
C:\Users\HishamMo\Desktop\999_cs\Quantum_Inpired_PSO_Classifcation\MRI_dataset\Carolis Disease\Carolis_Disease1304.jpg,Carolis Disease
C:\Users\HishamMo\Desktop\999_cs\Quantum_Inpired_PSO_Classifcation\MRI_dataset\Carolis Disease\Carolis_Disease1305.jpg,Carolis Disease
C:\Users\HishamMo\Desktop\999_cs\Quantum_Inpired_PSO_Classifcation\MRI_dataset\Carolis Disease\Carolis_Disease1306.jpg,Carolis Disease
C:\Users\HishamMo\Desktop\999_cs\Quantum_Inpired_PSO_Classifcation\MRI_dataset\Carolis Disease\Carolis_Disease1307.jpg,Carolis Disease
C:\Users\HishamMo\Desktop\999_cs\Quantum_Inpired_PSO_Classifcation\MRI_dataset\Carolis Disease\Carolis_Disease1308.jpg,Carolis Disease
C:\Users\HishamMo\Desktop\999_cs\Quantum_Inpired_PSO_Classifcation\MRI_dataset\Carolis Disease\Carolis_Disease1309.jpg,Carolis Disease
C:\Users\HishamMo\Desktop\999_cs\Quantum_Inpired_PSO_Classifcation\MRI_dataset\Carolis Disease\Carolis_Disease131.jpg,Carolis Disease
C:\Users\HishamMo\Desktop\999_cs\Quantum_Inpired_PSO_Classifcation\MRI_dataset\Carolis Disease\Carolis_Disease1310.jpg,Carolis Disease
C:\Users\HishamMo\Desktop\999_cs\Quantum_Inpired_PSO_Classifcation\MRI_dataset\Carolis Disease\Carolis_Disease1311.jpg,Carolis Disease
C:\Users\HishamMo\Desktop\999_cs\Quantum_Inpired_PSO_Classifcation\MRI_dataset\Carolis Disease\Carolis_Disease1312.jpg,Carolis Disease
C:\Users\HishamMo\Desktop\999_cs\Quantum_Inpired_PSO_Classifcation\MRI_dataset\Carolis Disease\Carolis_Disease1313.jpg,Carolis Disease
C:\Users\HishamMo\Desktop\999_cs\Quantum_Inpired_PSO_Classifcation\MRI_dataset\Carolis Disease\Carolis_Disease1314.jpg,Carolis Disease
C:\Users\HishamMo\Desktop\999_cs\Quantum_Inpired_PSO_Classifcation\MRI_dataset\Carolis Disease\Carolis_Disease1315.jpg,Carolis Disease
C:\Users\HishamMo\Desktop\999_cs\Quantum_Inpired_PSO_Classifcation\MRI_dataset\Carolis Disease\Carolis_Disease1316.jpg,Carolis Disease
C:\Users\HishamMo\Desktop\999_cs\Quantum_Inpired_PSO_Classifcation\MRI_dataset\Carolis Disease\Carolis_Disease1317.jpg,Carolis Disease
C:\Users\HishamMo\Desktop\999_cs\Quantum_Inpired_PSO_Classifcation\MRI_dataset\Carolis Disease\Carolis_Disease1318.jpg,Carolis Disease
C:\Users\HishamMo\Desktop\999_cs\Quantum_Inpired_PSO_Classifcation\MRI_dataset\Carolis Disease\Carolis_Disease1319.jpg,Carolis Disease
C:\Users\HishamMo\Desktop\999_cs\Quantum_Inpired_PSO_Classifcation\MRI_dataset\Carolis Disease\Carolis_Disease132.jpg,Carolis Disease
C:\Users\HishamMo\Desktop\999_cs\Quantum_Inpired_PSO_Classifcation\MRI_dataset\Carolis Disease\Carolis_Disease1320.jpg,Carolis Disease
C:\Users\HishamMo\Desktop\999_cs\Quantum_Inpired_PSO_Classifcation\MRI_dataset\Carolis Disease\Carolis_Disease1321.jpg,Carolis Disease
C:\Users\HishamMo\Desktop\999_cs\Quantum_Inpired_PSO_Classifcation\MRI_dataset\Carolis Disease\Carolis_Disease1322.jpg,Carolis Disease
C:\Users\HishamMo\Desktop\999_cs\Quantum_Inpired_PSO_Classifcation\MRI_dataset\Carolis Disease\Carolis_Disease1323.jpg,Carolis Disease
C:\Users\HishamMo\Desktop\999_cs\Quantum_Inpired_PSO_Classifcation\MRI_dataset\Carolis Disease\Carolis_Disease1324.jpg,Carolis Disease
C:\Users\HishamMo\Desktop\999_cs\Quantum_Inpired_PSO_Classifcation\MRI_dataset\Carolis Disease\Carolis_Disease1325.jpg,Carolis Disease
C:\Users\HishamMo\Desktop\999_cs\Quantum_Inpired_PSO_Classifcation\MRI_dataset\Carolis Disease\Carolis_Disease1326.jpg,Carolis Disease
C:\Users\HishamMo\Desktop\999_cs\Quantum_Inpired_PSO_Classifcation\MRI_dataset\Carolis Disease\Carolis_Disease1327.jpg,Carolis Disease
C:\Users\HishamMo\Desktop\999_cs\Quantum_Inpired_PSO_Classifcation\MRI_dataset\Carolis Disease\Carolis_Disease1328.jpg,Carolis Disease
C:\Users\HishamMo\Desktop\999_cs\Quantum_Inpired_PSO_Classifcation\MRI_dataset\Carolis Disease\Carolis_Disease1329.jpg,Carolis Disease
C:\Users\HishamMo\Desktop\999_cs\Quantum_Inpired_PSO_Classifcation\MRI_dataset\Carolis Disease\Carolis_Disease133.jpg,Carolis Disease
C:\Users\HishamMo\Desktop\999_cs\Quantum_Inpired_PSO_Classifcation\MRI_dataset\Carolis Disease\Carolis_Disease1330.jpg,Carolis Disease
C:\Users\HishamMo\Desktop\999_cs\Quantum_Inpired_PSO_Classifcation\MRI_dataset\Carolis Disease\Carolis_Disease1331.jpg,Carolis Disease
C:\Users\HishamMo\Desktop\999_cs\Quantum_Inpired_PSO_Classifcation\MRI_dataset\Carolis Disease\Carolis_Disease1332.jpg,Carolis Disease
C:\Users\HishamMo\Desktop\999_cs\Quantum_Inpired_PSO_Classifcation\MRI_dataset\Carolis Disease\Carolis_Disease1333.jpg,Carolis Disease
C:\Users\HishamMo\Desktop\999_cs\Quantum_Inpired_PSO_Classifcation\MRI_dataset\Carolis Disease\Carolis_Disease1334.jpg,Carolis Disease
C:\Users\HishamMo\Desktop\999_cs\Quantum_Inpired_PSO_Classifcation\MRI_dataset\Carolis Disease\Carolis_Disease1335.jpg,Carolis Disease
C:\Users\HishamMo\Desktop\999_cs\Quantum_Inpired_PSO_Classifcation\MRI_dataset\Carolis Disease\Carolis_Disease1336.jpg,Carolis Disease
C:\Users\HishamMo\Desktop\999_cs\Quantum_Inpired_PSO_Classifcation\MRI_dataset\Carolis Disease\Carolis_Disease1337.jpg,Carolis Disease
C:\Users\HishamMo\Desktop\999_cs\Quantum_Inpired_PSO_Classifcation\MRI_dataset\Carolis Disease\Carolis_Disease1338.jpg,Carolis Disease
C:\Users\HishamMo\Desktop\999_cs\Quantum_Inpired_PSO_Classifcation\MRI_dataset\Carolis Disease\Carolis_Disease1339.jpg,Carolis Disease
C:\Users\HishamMo\Desktop\999_cs\Quantum_Inpired_PSO_Classifcation\MRI_dataset\Carolis Disease\Carolis_Disease134.jpg,Carolis Disease
C:\Users\HishamMo\Desktop\999_cs\Quantum_Inpired_PSO_Classifcation\MRI_dataset\Carolis Disease\Carolis_Disease1340.jpg,Carolis Disease
C:\Users\HishamMo\Desktop\999_cs\Quantum_Inpired_PSO_Classifcation\MRI_dataset\Carolis Disease\Carolis_Disease1341.jpg,Carolis Disease
C:\Users\HishamMo\Desktop\999_cs\Quantum_Inpired_PSO_Classifcation\MRI_dataset\Carolis Disease\Carolis_Disease1342.jpg,Carolis Disease
C:\Users\HishamMo\Desktop\999_cs\Quantum_Inpired_PSO_Classifcation\MRI_dataset\Carolis Disease\Carolis_Disease1343.jpg,Carolis Disease
C:\Users\HishamMo\Desktop\999_cs\Quantum_Inpired_PSO_Classifcation\MRI_dataset\Carolis Disease\Carolis_Disease1344.jpg,Carolis Disease
C:\Users\HishamMo\Desktop\999_cs\Quantum_Inpired_PSO_Classifcation\MRI_dataset\Carolis Disease\Carolis_Disease1345.jpg,Carolis Disease
C:\Users\HishamMo\Desktop\999_cs\Quantum_Inpired_PSO_Classifcation\MRI_dataset\Carolis Disease\Carolis_Disease1346.jpg,Carolis Disease
C:\Users\HishamMo\Desktop\999_cs\Quantum_Inpired_PSO_Classifcation\MRI_dataset\Carolis Disease\Carolis_Disease1347.jpg,Carolis Disease
C:\Users\HishamMo\Desktop\999_cs\Quantum_Inpired_PSO_Classifcation\MRI_dataset\Carolis Disease\Carolis_Disease1348.jpg,Carolis Disease
C:\Users\HishamMo\Desktop\999_cs\Quantum_Inpired_PSO_Classifcation\MRI_dataset\Carolis Disease\Carolis_Disease1349.jpg,Carolis Disease
C:\Users\HishamMo\Desktop\999_cs\Quantum_Inpired_PSO_Classifcation\MRI_dataset\Carolis Disease\Carolis_Disease135.jpg,Carolis Disease
C:\Users\HishamMo\Desktop\999_cs\Quantum_Inpired_PSO_Classifcation\MRI_dataset\Carolis Disease\Carolis_Disease1350.jpg,Carolis Disease
C:\Users\HishamMo\Desktop\999_cs\Quantum_Inpired_PSO_Classifcation\MRI_dataset\Carolis Disease\Carolis_Disease1351.jpg,Carolis Disease
C:\Users\HishamMo\Desktop\999_cs\Quantum_Inpired_PSO_Classifcation\MRI_dataset\Carolis Disease\Carolis_Disease1352.jpg,Carolis Disease
C:\Users\HishamMo\Desktop\999_cs\Quantum_Inpired_PSO_Classifcation\MRI_dataset\Carolis Disease\Carolis_Disease1353.jpg,Carolis Disease
C:\Users\HishamMo\Desktop\999_cs\Quantum_Inpired_PSO_Classifcation\MRI_dataset\Carolis Disease\Carolis_Disease1354.jpg,Carolis Disease
C:\Users\HishamMo\Desktop\999_cs\Quantum_Inpired_PSO_Classifcation\MRI_dataset\Carolis Disease\Carolis_Disease1355.jpg,Carolis Disease
C:\Users\HishamMo\Desktop\999_cs\Quantum_Inpired_PSO_Classifcation\MRI_dataset\Carolis Disease\Carolis_Disease1356.jpg,Carolis Disease
C:\Users\HishamMo\Desktop\999_cs\Quantum_Inpired_PSO_Classifcation\MRI_dataset\Carolis Disease\Carolis_Disease1357.jpg,Carolis Disease
C:\Users\HishamMo\Desktop\999_cs\Quantum_Inpired_PSO_Classifcation\MRI_dataset\Carolis Disease\Carolis_Disease1358.jpg,Carolis Disease
C:\Users\HishamMo\Desktop\999_cs\Quantum_Inpired_PSO_Classifcation\MRI_dataset\Carolis Disease\Carolis_Disease1359.jpg,Carolis Disease
C:\Users\HishamMo\Desktop\999_cs\Quantum_Inpired_PSO_Classifcation\MRI_dataset\Carolis Disease\Carolis_Disease136.jpg,Carolis Disease
C:\Users\HishamMo\Desktop\999_cs\Quantum_Inpired_PSO_Classifcation\MRI_dataset\Carolis Disease\Carolis_Disease1360.jpg,Carolis Disease
C:\Users\HishamMo\Desktop\999_cs\Quantum_Inpired_PSO_Classifcation\MRI_dataset\Carolis Disease\Carolis_Disease1361.jpg,Carolis Disease
C:\Users\HishamMo\Desktop\999_cs\Quantum_Inpired_PSO_Classifcation\MRI_dataset\Carolis Disease\Carolis_Disease1362.jpg,Carolis Disease
C:\Users\HishamMo\Desktop\999_cs\Quantum_Inpired_PSO_Classifcation\MRI_dataset\Carolis Disease\Carolis_Disease1363.jpg,Carolis Disease
C:\Users\HishamMo\Desktop\999_cs\Quantum_Inpired_PSO_Classifcation\MRI_dataset\Carolis Disease\Carolis_Disease1364.jpg,Carolis Disease
C:\Users\HishamMo\Desktop\999_cs\Quantum_Inpired_PSO_Classifcation\MRI_dataset\Carolis Disease\Carolis_Disease1365.jpg,Carolis Disease
C:\Users\HishamMo\Desktop\999_cs\Quantum_Inpired_PSO_Classifcation\MRI_dataset\Carolis Disease\Carolis_Disease1366.jpg,Carolis Disease
C:\Users\HishamMo\Desktop\999_cs\Quantum_Inpired_PSO_Classifcation\MRI_dataset\Carolis Disease\Carolis_Disease1367.jpg,Carolis Disease
C:\Users\HishamMo\Desktop\999_cs\Quantum_Inpired_PSO_Classifcation\MRI_dataset\Carolis Disease\Carolis_Disease1368.jpg,Carolis Disease
C:\Users\HishamMo\Desktop\999_cs\Quantum_Inpired_PSO_Classifcation\MRI_dataset\Carolis Disease\Carolis_Disease1369.jpg,Carolis Disease
C:\Users\HishamMo\Desktop\999_cs\Quantum_Inpired_PSO_Classifcation\MRI_dataset\Carolis Disease\Carolis_Disease137.jpg,Carolis Disease
C:\Users\HishamMo\Desktop\999_cs\Quantum_Inpired_PSO_Classifcation\MRI_dataset\Carolis Disease\Carolis_Disease1370.jpg,Carolis Disease
C:\Users\HishamMo\Desktop\999_cs\Quantum_Inpired_PSO_Classifcation\MRI_dataset\Carolis Disease\Carolis_Disease1371.jpg,Carolis Disease
C:\Users\HishamMo\Desktop\999_cs\Quantum_Inpired_PSO_Classifcation\MRI_dataset\Carolis Disease\Carolis_Disease1372.jpg,Carolis Disease
C:\Users\HishamMo\Desktop\999_cs\Quantum_Inpired_PSO_Classifcation\MRI_dataset\Carolis Disease\Carolis_Disease1373.jpg,Carolis Disease
C:\Users\HishamMo\Desktop\999_cs\Quantum_Inpired_PSO_Classifcation\MRI_dataset\Carolis Disease\Carolis_Disease1374.jpg,Carolis Disease
C:\Users\HishamMo\Desktop\999_cs\Quantum_Inpired_PSO_Classifcation\MRI_dataset\Carolis Disease\Carolis_Disease1375.jpg,Carolis Disease
C:\Users\HishamMo\Desktop\999_cs\Quantum_Inpired_PSO_Classifcation\MRI_dataset\Carolis Disease\Carolis_Disease1376.jpg,Carolis Disease
C:\Users\HishamMo\Desktop\999_cs\Quantum_Inpired_PSO_Classifcation\MRI_dataset\Carolis Disease\Carolis_Disease1377.jpg,Carolis Disease
C:\Users\HishamMo\Desktop\999_cs\Quantum_Inpired_PSO_Classifcation\MRI_dataset\Carolis Disease\Carolis_Disease1378.jpg,Carolis Disease
C:\Users\HishamMo\Desktop\999_cs\Quantum_Inpired_PSO_Classifcation\MRI_dataset\Carolis Disease\Carolis_Disease1379.jpg,Carolis Disease
C:\Users\HishamMo\Desktop\999_cs\Quantum_Inpired_PSO_Classifcation\MRI_dataset\Carolis Disease\Carolis_Disease138.jpg,Carolis Disease
C:\Users\HishamMo\Desktop\999_cs\Quantum_Inpired_PSO_Classifcation\MRI_dataset\Carolis Disease\Carolis_Disease1380.jpg,Carolis Disease
C:\Users\HishamMo\Desktop\999_cs\Quantum_Inpired_PSO_Classifcation\MRI_dataset\Carolis Disease\Carolis_Disease1381.jpg,Carolis Disease
C:\Users\HishamMo\Desktop\999_cs\Quantum_Inpired_PSO_Classifcation\MRI_dataset\Carolis Disease\Carolis_Disease1382.jpg,Carolis Disease
C:\Users\HishamMo\Desktop\999_cs\Quantum_Inpired_PSO_Classifcation\MRI_dataset\Carolis Disease\Carolis_Disease1383.jpg,Carolis Disease
C:\Users\HishamMo\Desktop\999_cs\Quantum_Inpired_PSO_Classifcation\MRI_dataset\Carolis Disease\Carolis_Disease1384.jpg,Carolis Disease
C:\Users\HishamMo\Desktop\999_cs\Quantum_Inpired_PSO_Classifcation\MRI_dataset\Carolis Disease\Carolis_Disease1385.jpg,Carolis Disease
C:\Users\HishamMo\Desktop\999_cs\Quantum_Inpired_PSO_Classifcation\MRI_dataset\Carolis Disease\Carolis_Disease1386.jpg,Carolis Disease
C:\Users\HishamMo\Desktop\999_cs\Quantum_Inpired_PSO_Classifcation\MRI_dataset\Carolis Disease\Carolis_Disease1387.jpg,Carolis Disease
C:\Users\HishamMo\Desktop\999_cs\Quantum_Inpired_PSO_Classifcation\MRI_dataset\Carolis Disease\Carolis_Disease1388.jpg,Carolis Disease
C:\Users\HishamMo\Desktop\999_cs\Quantum_Inpired_PSO_Classifcation\MRI_dataset\Carolis Disease\Carolis_Disease1389.jpg,Carolis Disease
C:\Users\HishamMo\Desktop\999_cs\Quantum_Inpired_PSO_Classifcation\MRI_dataset\Carolis Disease\Carolis_Disease139.jpg,Carolis Disease
C:\Users\HishamMo\Desktop\999_cs\Quantum_Inpired_PSO_Classifcation\MRI_dataset\Carolis Disease\Carolis_Disease1390.jpg,Carolis Disease
C:\Users\HishamMo\Desktop\999_cs\Quantum_Inpired_PSO_Classifcation\MRI_dataset\Carolis Disease\Carolis_Disease1391.jpg,Carolis Disease
C:\Users\HishamMo\Desktop\999_cs\Quantum_Inpired_PSO_Classifcation\MRI_dataset\Carolis Disease\Carolis_Disease1392.jpg,Carolis Disease
C:\Users\HishamMo\Desktop\999_cs\Quantum_Inpired_PSO_Classifcation\MRI_dataset\Carolis Disease\Carolis_Disease1393.jpg,Carolis Disease
C:\Users\HishamMo\Desktop\999_cs\Quantum_Inpired_PSO_Classifcation\MRI_dataset\Carolis Disease\Carolis_Disease1394.jpg,Carolis Disease
C:\Users\HishamMo\Desktop\999_cs\Quantum_Inpired_PSO_Classifcation\MRI_dataset\Carolis Disease\Carolis_Disease1395.jpg,Carolis Disease
C:\Users\HishamMo\Desktop\999_cs\Quantum_Inpired_PSO_Classifcation\MRI_dataset\Carolis Disease\Carolis_Disease1396.jpg,Carolis Disease
C:\Users\HishamMo\Desktop\999_cs\Quantum_Inpired_PSO_Classifcation\MRI_dataset\Carolis Disease\Carolis_Disease1397.jpg,Carolis Disease
C:\Users\HishamMo\Desktop\999_cs\Quantum_Inpired_PSO_Classifcation\MRI_dataset\Carolis Disease\Carolis_Disease1398.jpg,Carolis Disease
C:\Users\HishamMo\Desktop\999_cs\Quantum_Inpired_PSO_Classifcation\MRI_dataset\Carolis Disease\Carolis_Disease1399.jpg,Carolis Disease
C:\Users\HishamMo\Desktop\999_cs\Quantum_Inpired_PSO_Classifcation\MRI_dataset\Carolis Disease\Carolis_Disease140.jpg,Carolis Disease
C:\Users\HishamMo\Desktop\999_cs\Quantum_Inpired_PSO_Classifcation\MRI_dataset\Carolis Disease\Carolis_Disease1400.jpg,Carolis Disease
C:\Users\HishamMo\Desktop\999_cs\Quantum_Inpired_PSO_Classifcation\MRI_dataset\Carolis Disease\Carolis_Disease1401.jpg,Carolis Disease
C:\Users\HishamMo\Desktop\999_cs\Quantum_Inpired_PSO_Classifcation\MRI_dataset\Carolis Disease\Carolis_Disease1402.jpg,Carolis Disease
C:\Users\HishamMo\Desktop\999_cs\Quantum_Inpired_PSO_Classifcation\MRI_dataset\Carolis Disease\Carolis_Disease1403.jpg,Carolis Disease
C:\Users\HishamMo\Desktop\999_cs\Quantum_Inpired_PSO_Classifcation\MRI_dataset\Carolis Disease\Carolis_Disease1404.jpg,Carolis Disease
C:\Users\HishamMo\Desktop\999_cs\Quantum_Inpired_PSO_Classifcation\MRI_dataset\Carolis Disease\Carolis_Disease1405.jpg,Carolis Disease
C:\Users\HishamMo\Desktop\999_cs\Quantum_Inpired_PSO_Classifcation\MRI_dataset\Carolis Disease\Carolis_Disease1406.jpg,Carolis Disease
C:\Users\HishamMo\Desktop\999_cs\Quantum_Inpired_PSO_Classifcation\MRI_dataset\Carolis Disease\Carolis_Disease1407.jpg,Carolis Disease
C:\Users\HishamMo\Desktop\999_cs\Quantum_Inpired_PSO_Classifcation\MRI_dataset\Carolis Disease\Carolis_Disease1408.jpg,Carolis Disease
C:\Users\HishamMo\Desktop\999_cs\Quantum_Inpired_PSO_Classifcation\MRI_dataset\Carolis Disease\Carolis_Disease1409.jpg,Carolis Disease
C:\Users\HishamMo\Desktop\999_cs\Quantum_Inpired_PSO_Classifcation\MRI_dataset\Carolis Disease\Carolis_Disease141.jpg,Carolis Disease
C:\Users\HishamMo\Desktop\999_cs\Quantum_Inpired_PSO_Classifcation\MRI_dataset\Carolis Disease\Carolis_Disease1410.jpg,Carolis Disease
C:\Users\HishamMo\Desktop\999_cs\Quantum_Inpired_PSO_Classifcation\MRI_dataset\Carolis Disease\Carolis_Disease1411.jpg,Carolis Disease
C:\Users\HishamMo\Desktop\999_cs\Quantum_Inpired_PSO_Classifcation\MRI_dataset\Carolis Disease\Carolis_Disease1412.jpg,Carolis Disease
C:\Users\HishamMo\Desktop\999_cs\Quantum_Inpired_PSO_Classifcation\MRI_dataset\Carolis Disease\Carolis_Disease1413.jpg,Carolis Disease
C:\Users\HishamMo\Desktop\999_cs\Quantum_Inpired_PSO_Classifcation\MRI_dataset\Carolis Disease\Carolis_Disease1414.jpg,Carolis Disease
C:\Users\HishamMo\Desktop\999_cs\Quantum_Inpired_PSO_Classifcation\MRI_dataset\Carolis Disease\Carolis_Disease1415.jpg,Carolis Disease
C:\Users\HishamMo\Desktop\999_cs\Quantum_Inpired_PSO_Classifcation\MRI_dataset\Carolis Disease\Carolis_Disease1416.jpg,Carolis Disease
C:\Users\HishamMo\Desktop\999_cs\Quantum_Inpired_PSO_Classifcation\MRI_dataset\Carolis Disease\Carolis_Disease1417.jpg,Carolis Disease
C:\Users\HishamMo\Desktop\999_cs\Quantum_Inpired_PSO_Classifcation\MRI_dataset\Carolis Disease\Carolis_Disease1418.jpg,Carolis Disease
C:\Users\HishamMo\Desktop\999_cs\Quantum_Inpired_PSO_Classifcation\MRI_dataset\Carolis Disease\Carolis_Disease1419.jpg,Carolis Disease
C:\Users\HishamMo\Desktop\999_cs\Quantum_Inpired_PSO_Classifcation\MRI_dataset\Carolis Disease\Carolis_Disease142.jpg,Carolis Disease
C:\Users\HishamMo\Desktop\999_cs\Quantum_Inpired_PSO_Classifcation\MRI_dataset\Carolis Disease\Carolis_Disease1420.jpg,Carolis Disease
C:\Users\HishamMo\Desktop\999_cs\Quantum_Inpired_PSO_Classifcation\MRI_dataset\Carolis Disease\Carolis_Disease1421.jpg,Carolis Disease
C:\Users\HishamMo\Desktop\999_cs\Quantum_Inpired_PSO_Classifcation\MRI_dataset\Carolis Disease\Carolis_Disease1422.jpg,Carolis Disease
C:\Users\HishamMo\Desktop\999_cs\Quantum_Inpired_PSO_Classifcation\MRI_dataset\Carolis Disease\Carolis_Disease1423.jpg,Carolis Disease
C:\Users\HishamMo\Desktop\999_cs\Quantum_Inpired_PSO_Classifcation\MRI_dataset\Carolis Disease\Carolis_Disease1424.jpg,Carolis Disease
C:\Users\HishamMo\Desktop\999_cs\Quantum_Inpired_PSO_Classifcation\MRI_dataset\Carolis Disease\Carolis_Disease1425.jpg,Carolis Disease
C:\Users\HishamMo\Desktop\999_cs\Quantum_Inpired_PSO_Classifcation\MRI_dataset\Carolis Disease\Carolis_Disease1426.jpg,Carolis Disease
C:\Users\HishamMo\Desktop\999_cs\Quantum_Inpired_PSO_Classifcation\MRI_dataset\Carolis Disease\Carolis_Disease1427.jpg,Carolis Disease
C:\Users\HishamMo\Desktop\999_cs\Quantum_Inpired_PSO_Classifcation\MRI_dataset\Carolis Disease\Carolis_Disease1428.jpg,Carolis Disease
C:\Users\HishamMo\Desktop\999_cs\Quantum_Inpired_PSO_Classifcation\MRI_dataset\Carolis Disease\Carolis_Disease1429.jpg,Carolis Disease
C:\Users\HishamMo\Desktop\999_cs\Quantum_Inpired_PSO_Classifcation\MRI_dataset\Carolis Disease\Carolis_Disease143.jpg,Carolis Disease
C:\Users\HishamMo\Desktop\999_cs\Quantum_Inpired_PSO_Classifcation\MRI_dataset\Carolis Disease\Carolis_Disease1430.jpg,Carolis Disease
C:\Users\HishamMo\Desktop\999_cs\Quantum_Inpired_PSO_Classifcation\MRI_dataset\Carolis Disease\Carolis_Disease1431.jpg,Carolis Disease
C:\Users\HishamMo\Desktop\999_cs\Quantum_Inpired_PSO_Classifcation\MRI_dataset\Carolis Disease\Carolis_Disease1432.jpg,Carolis Disease
C:\Users\HishamMo\Desktop\999_cs\Quantum_Inpired_PSO_Classifcation\MRI_dataset\Carolis Disease\Carolis_Disease1433.jpg,Carolis Disease
C:\Users\HishamMo\Desktop\999_cs\Quantum_Inpired_PSO_Classifcation\MRI_dataset\Carolis Disease\Carolis_Disease1434.jpg,Carolis Disease
C:\Users\HishamMo\Desktop\999_cs\Quantum_Inpired_PSO_Classifcation\MRI_dataset\Carolis Disease\Carolis_Disease1435.jpg,Carolis Disease
C:\Users\HishamMo\Desktop\999_cs\Quantum_Inpired_PSO_Classifcation\MRI_dataset\Carolis Disease\Carolis_Disease1436.jpg,Carolis Disease
C:\Users\HishamMo\Desktop\999_cs\Quantum_Inpired_PSO_Classifcation\MRI_dataset\Carolis Disease\Carolis_Disease1437.jpg,Carolis Disease
C:\Users\HishamMo\Desktop\999_cs\Quantum_Inpired_PSO_Classifcation\MRI_dataset\Carolis Disease\Carolis_Disease1438.jpg,Carolis Disease
C:\Users\HishamMo\Desktop\999_cs\Quantum_Inpired_PSO_Classifcation\MRI_dataset\Carolis Disease\Carolis_Disease1439.jpg,Carolis Disease
C:\Users\HishamMo\Desktop\999_cs\Quantum_Inpired_PSO_Classifcation\MRI_dataset\Carolis Disease\Carolis_Disease144.jpg,Carolis Disease
C:\Users\HishamMo\Desktop\999_cs\Quantum_Inpired_PSO_Classifcation\MRI_dataset\Carolis Disease\Carolis_Disease1440.jpg,Carolis Disease
C:\Users\HishamMo\Desktop\999_cs\Quantum_Inpired_PSO_Classifcation\MRI_dataset\Carolis Disease\Carolis_Disease1441.jpg,Carolis Disease
C:\Users\HishamMo\Desktop\999_cs\Quantum_Inpired_PSO_Classifcation\MRI_dataset\Carolis Disease\Carolis_Disease1442.jpg,Carolis Disease
C:\Users\HishamMo\Desktop\999_cs\Quantum_Inpired_PSO_Classifcation\MRI_dataset\Carolis Disease\Carolis_Disease1443.jpg,Carolis Disease
C:\Users\HishamMo\Desktop\999_cs\Quantum_Inpired_PSO_Classifcation\MRI_dataset\Carolis Disease\Carolis_Disease1444.jpg,Carolis Disease
C:\Users\HishamMo\Desktop\999_cs\Quantum_Inpired_PSO_Classifcation\MRI_dataset\Carolis Disease\Carolis_Disease1445.jpg,Carolis Disease
C:\Users\HishamMo\Desktop\999_cs\Quantum_Inpired_PSO_Classifcation\MRI_dataset\Carolis Disease\Carolis_Disease1446.jpg,Carolis Disease
C:\Users\HishamMo\Desktop\999_cs\Quantum_Inpired_PSO_Classifcation\MRI_dataset\Carolis Disease\Carolis_Disease1447.jpg,Carolis Disease
C:\Users\HishamMo\Desktop\999_cs\Quantum_Inpired_PSO_Classifcation\MRI_dataset\Carolis Disease\Carolis_Disease1448.jpg,Carolis Disease
C:\Users\HishamMo\Desktop\999_cs\Quantum_Inpired_PSO_Classifcation\MRI_dataset\Carolis Disease\Carolis_Disease1449.jpg,Carolis Disease
C:\Users\HishamMo\Desktop\999_cs\Quantum_Inpired_PSO_Classifcation\MRI_dataset\Carolis Disease\Carolis_Disease145.jpg,Carolis Disease
C:\Users\HishamMo\Desktop\999_cs\Quantum_Inpired_PSO_Classifcation\MRI_dataset\Carolis Disease\Carolis_Disease1450.jpg,Carolis Disease
C:\Users\HishamMo\Desktop\999_cs\Quantum_Inpired_PSO_Classifcation\MRI_dataset\Carolis Disease\Carolis_Disease1451.jpg,Carolis Disease
C:\Users\HishamMo\Desktop\999_cs\Quantum_Inpired_PSO_Classifcation\MRI_dataset\Carolis Disease\Carolis_Disease1452.jpg,Carolis Disease
C:\Users\HishamMo\Desktop\999_cs\Quantum_Inpired_PSO_Classifcation\MRI_dataset\Carolis Disease\Carolis_Disease1453.jpg,Carolis Disease
C:\Users\HishamMo\Desktop\999_cs\Quantum_Inpired_PSO_Classifcation\MRI_dataset\Carolis Disease\Carolis_Disease1454.jpg,Carolis Disease
C:\Users\HishamMo\Desktop\999_cs\Quantum_Inpired_PSO_Classifcation\MRI_dataset\Carolis Disease\Carolis_Disease1455.jpg,Carolis Disease
C:\Users\HishamMo\Desktop\999_cs\Quantum_Inpired_PSO_Classifcation\MRI_dataset\Carolis Disease\Carolis_Disease1456.jpg,Carolis Disease
C:\Users\HishamMo\Desktop\999_cs\Quantum_Inpired_PSO_Classifcation\MRI_dataset\Carolis Disease\Carolis_Disease1457.jpg,Carolis Disease
C:\Users\HishamMo\Desktop\999_cs\Quantum_Inpired_PSO_Classifcation\MRI_dataset\Carolis Disease\Carolis_Disease1458.jpg,Carolis Disease
C:\Users\HishamMo\Desktop\999_cs\Quantum_Inpired_PSO_Classifcation\MRI_dataset\Carolis Disease\Carolis_Disease1459.jpg,Carolis Disease
C:\Users\HishamMo\Desktop\999_cs\Quantum_Inpired_PSO_Classifcation\MRI_dataset\Carolis Disease\Carolis_Disease146.jpg,Carolis Disease
C:\Users\HishamMo\Desktop\999_cs\Quantum_Inpired_PSO_Classifcation\MRI_dataset\Carolis Disease\Carolis_Disease1460.jpg,Carolis Disease
C:\Users\HishamMo\Desktop\999_cs\Quantum_Inpired_PSO_Classifcation\MRI_dataset\Carolis Disease\Carolis_Disease1461.jpg,Carolis Disease
C:\Users\HishamMo\Desktop\999_cs\Quantum_Inpired_PSO_Classifcation\MRI_dataset\Carolis Disease\Carolis_Disease1462.jpg,Carolis Disease
C:\Users\HishamMo\Desktop\999_cs\Quantum_Inpired_PSO_Classifcation\MRI_dataset\Carolis Disease\Carolis_Disease1463.jpg,Carolis Disease
C:\Users\HishamMo\Desktop\999_cs\Quantum_Inpired_PSO_Classifcation\MRI_dataset\Carolis Disease\Carolis_Disease1464.jpg,Carolis Disease
C:\Users\HishamMo\Desktop\999_cs\Quantum_Inpired_PSO_Classifcation\MRI_dataset\Carolis Disease\Carolis_Disease147.jpg,Carolis Disease
C:\Users\HishamMo\Desktop\999_cs\Quantum_Inpired_PSO_Classifcation\MRI_dataset\Carolis Disease\Carolis_Disease148.jpg,Carolis Disease
C:\Users\HishamMo\Desktop\999_cs\Quantum_Inpired_PSO_Classifcation\MRI_dataset\Carolis Disease\Carolis_Disease149.jpg,Carolis Disease
C:\Users\HishamMo\Desktop\999_cs\Quantum_Inpired_PSO_Classifcation\MRI_dataset\Carolis Disease\Carolis_Disease150.jpg,Carolis Disease
C:\Users\HishamMo\Desktop\999_cs\Quantum_Inpired_PSO_Classifcation\MRI_dataset\Carolis Disease\Carolis_Disease151.jpg,Carolis Disease
C:\Users\HishamMo\Desktop\999_cs\Quantum_Inpired_PSO_Classifcation\MRI_dataset\Carolis Disease\Carolis_Disease152.jpg,Carolis Disease
C:\Users\HishamMo\Desktop\999_cs\Quantum_Inpired_PSO_Classifcation\MRI_dataset\Carolis Disease\Carolis_Disease153.jpg,Carolis Disease
C:\Users\HishamMo\Desktop\999_cs\Quantum_Inpired_PSO_Classifcation\MRI_dataset\Carolis Disease\Carolis_Disease154.jpg,Carolis Disease
C:\Users\HishamMo\Desktop\999_cs\Quantum_Inpired_PSO_Classifcation\MRI_dataset\Carolis Disease\Carolis_Disease155.jpg,Carolis Disease
C:\Users\HishamMo\Desktop\999_cs\Quantum_Inpired_PSO_Classifcation\MRI_dataset\Carolis Disease\Carolis_Disease156.jpg,Carolis Disease
C:\Users\HishamMo\Desktop\999_cs\Quantum_Inpired_PSO_Classifcation\MRI_dataset\Carolis Disease\Carolis_Disease157.jpg,Carolis Disease
C:\Users\HishamMo\Desktop\999_cs\Quantum_Inpired_PSO_Classifcation\MRI_dataset\Carolis Disease\Carolis_Disease158.jpg,Carolis Disease
C:\Users\HishamMo\Desktop\999_cs\Quantum_Inpired_PSO_Classifcation\MRI_dataset\Carolis Disease\Carolis_Disease159.jpg,Carolis Disease
C:\Users\HishamMo\Desktop\999_cs\Quantum_Inpired_PSO_Classifcation\MRI_dataset\Carolis Disease\Carolis_Disease160.jpg,Carolis Disease
C:\Users\HishamMo\Desktop\999_cs\Quantum_Inpired_PSO_Classifcation\MRI_dataset\Carolis Disease\Carolis_Disease161.jpg,Carolis Disease
C:\Users\HishamMo\Desktop\999_cs\Quantum_Inpired_PSO_Classifcation\MRI_dataset\Carolis Disease\Carolis_Disease162.jpg,Carolis Disease
C:\Users\HishamMo\Desktop\999_cs\Quantum_Inpired_PSO_Classifcation\MRI_dataset\Carolis Disease\Carolis_Disease163.jpg,Carolis Disease
C:\Users\HishamMo\Desktop\999_cs\Quantum_Inpired_PSO_Classifcation\MRI_dataset\Carolis Disease\Carolis_Disease164.jpg,Carolis Disease
C:\Users\HishamMo\Desktop\999_cs\Quantum_Inpired_PSO_Classifcation\MRI_dataset\Carolis Disease\Carolis_Disease165.jpg,Carolis Disease
C:\Users\HishamMo\Desktop\999_cs\Quantum_Inpired_PSO_Classifcation\MRI_dataset\Carolis Disease\Carolis_Disease166.jpg,Carolis Disease
C:\Users\HishamMo\Desktop\999_cs\Quantum_Inpired_PSO_Classifcation\MRI_dataset\Carolis Disease\Carolis_Disease167.jpg,Carolis Disease
C:\Users\HishamMo\Desktop\999_cs\Quantum_Inpired_PSO_Classifcation\MRI_dataset\Carolis Disease\Carolis_Disease168.jpg,Carolis Disease
C:\Users\HishamMo\Desktop\999_cs\Quantum_Inpired_PSO_Classifcation\MRI_dataset\Carolis Disease\Carolis_Disease169.jpg,Carolis Disease
C:\Users\HishamMo\Desktop\999_cs\Quantum_Inpired_PSO_Classifcation\MRI_dataset\Carolis Disease\Carolis_Disease170.jpg,Carolis Disease
C:\Users\HishamMo\Desktop\999_cs\Quantum_Inpired_PSO_Classifcation\MRI_dataset\Carolis Disease\Carolis_Disease171.jpg,Carolis Disease
C:\Users\HishamMo\Desktop\999_cs\Quantum_Inpired_PSO_Classifcation\MRI_dataset\Carolis Disease\Carolis_Disease172.jpg,Carolis Disease
C:\Users\HishamMo\Desktop\999_cs\Quantum_Inpired_PSO_Classifcation\MRI_dataset\Carolis Disease\Carolis_Disease173.jpg,Carolis Disease
C:\Users\HishamMo\Desktop\999_cs\Quantum_Inpired_PSO_Classifcation\MRI_dataset\Carolis Disease\Carolis_Disease174.jpg,Carolis Disease
C:\Users\HishamMo\Desktop\999_cs\Quantum_Inpired_PSO_Classifcation\MRI_dataset\Carolis Disease\Carolis_Disease175.jpg,Carolis Disease
C:\Users\HishamMo\Desktop\999_cs\Quantum_Inpired_PSO_Classifcation\MRI_dataset\Carolis Disease\Carolis_Disease176.jpg,Carolis Disease
C:\Users\HishamMo\Desktop\999_cs\Quantum_Inpired_PSO_Classifcation\MRI_dataset\Carolis Disease\Carolis_Disease177.jpg,Carolis Disease
C:\Users\HishamMo\Desktop\999_cs\Quantum_Inpired_PSO_Classifcation\MRI_dataset\Carolis Disease\Carolis_Disease178.jpg,Carolis Disease
C:\Users\HishamMo\Desktop\999_cs\Quantum_Inpired_PSO_Classifcation\MRI_dataset\Carolis Disease\Carolis_Disease179.jpg,Carolis Disease
C:\Users\HishamMo\Desktop\999_cs\Quantum_Inpired_PSO_Classifcation\MRI_dataset\Carolis Disease\Carolis_Disease180.jpg,Carolis Disease
C:\Users\HishamMo\Desktop\999_cs\Quantum_Inpired_PSO_Classifcation\MRI_dataset\Carolis Disease\Carolis_Disease181.jpg,Carolis Disease
C:\Users\HishamMo\Desktop\999_cs\Quantum_Inpired_PSO_Classifcation\MRI_dataset\Carolis Disease\Carolis_Disease182.jpg,Carolis Disease
C:\Users\HishamMo\Desktop\999_cs\Quantum_Inpired_PSO_Classifcation\MRI_dataset\Carolis Disease\Carolis_Disease183.jpg,Carolis Disease
C:\Users\HishamMo\Desktop\999_cs\Quantum_Inpired_PSO_Classifcation\MRI_dataset\Carolis Disease\Carolis_Disease184.jpg,Carolis Disease
C:\Users\HishamMo\Desktop\999_cs\Quantum_Inpired_PSO_Classifcation\MRI_dataset\Carolis Disease\Carolis_Disease185.jpg,Carolis Disease
C:\Users\HishamMo\Desktop\999_cs\Quantum_Inpired_PSO_Classifcation\MRI_dataset\Carolis Disease\Carolis_Disease186.jpg,Carolis Disease
C:\Users\HishamMo\Desktop\999_cs\Quantum_Inpired_PSO_Classifcation\MRI_dataset\Carolis Disease\Carolis_Disease187.jpg,Carolis Disease
C:\Users\HishamMo\Desktop\999_cs\Quantum_Inpired_PSO_Classifcation\MRI_dataset\Carolis Disease\Carolis_Disease188.jpg,Carolis Disease
C:\Users\HishamMo\Desktop\999_cs\Quantum_Inpired_PSO_Classifcation\MRI_dataset\Carolis Disease\Carolis_Disease189.jpg,Carolis Disease
C:\Users\HishamMo\Desktop\999_cs\Quantum_Inpired_PSO_Classifcation\MRI_dataset\Carolis Disease\Carolis_Disease190.jpg,Carolis Disease
C:\Users\HishamMo\Desktop\999_cs\Quantum_Inpired_PSO_Classifcation\MRI_dataset\Carolis Disease\Carolis_Disease191.jpg,Carolis Disease
C:\Users\HishamMo\Desktop\999_cs\Quantum_Inpired_PSO_Classifcation\MRI_dataset\Carolis Disease\Carolis_Disease192.jpg,Carolis Disease
C:\Users\HishamMo\Desktop\999_cs\Quantum_Inpired_PSO_Classifcation\MRI_dataset\Carolis Disease\Carolis_Disease193.jpg,Carolis Disease
C:\Users\HishamMo\Desktop\999_cs\Quantum_Inpired_PSO_Classifcation\MRI_dataset\Carolis Disease\Carolis_Disease194.jpg,Carolis Disease
C:\Users\HishamMo\Desktop\999_cs\Quantum_Inpired_PSO_Classifcation\MRI_dataset\Carolis Disease\Carolis_Disease195.jpg,Carolis Disease
C:\Users\HishamMo\Desktop\999_cs\Quantum_Inpired_PSO_Classifcation\MRI_dataset\Carolis Disease\Carolis_Disease196.jpg,Carolis Disease
C:\Users\HishamMo\Desktop\999_cs\Quantum_Inpired_PSO_Classifcation\MRI_dataset\Carolis Disease\Carolis_Disease197.jpg,Carolis Disease
C:\Users\HishamMo\Desktop\999_cs\Quantum_Inpired_PSO_Classifcation\MRI_dataset\Carolis Disease\Carolis_Disease198.jpg,Carolis Disease
C:\Users\HishamMo\Desktop\999_cs\Quantum_Inpired_PSO_Classifcation\MRI_dataset\Carolis Disease\Carolis_Disease199.jpg,Carolis Disease
C:\Users\HishamMo\Desktop\999_cs\Quantum_Inpired_PSO_Classifcation\MRI_dataset\Carolis Disease\Carolis_Disease200.jpg,Carolis Disease
C:\Users\HishamMo\Desktop\999_cs\Quantum_Inpired_PSO_Classifcation\MRI_dataset\Carolis Disease\Carolis_Disease201.jpg,Carolis Disease
C:\Users\HishamMo\Desktop\999_cs\Quantum_Inpired_PSO_Classifcation\MRI_dataset\Carolis Disease\Carolis_Disease202.jpg,Carolis Disease
C:\Users\HishamMo\Desktop\999_cs\Quantum_Inpired_PSO_Classifcation\MRI_dataset\Carolis Disease\Carolis_Disease203.jpg,Carolis Disease
C:\Users\HishamMo\Desktop\999_cs\Quantum_Inpired_PSO_Classifcation\MRI_dataset\Carolis Disease\Carolis_Disease204.jpg,Carolis Disease
C:\Users\HishamMo\Desktop\999_cs\Quantum_Inpired_PSO_Classifcation\MRI_dataset\Carolis Disease\Carolis_Disease205.jpg,Carolis Disease
C:\Users\HishamMo\Desktop\999_cs\Quantum_Inpired_PSO_Classifcation\MRI_dataset\Carolis Disease\Carolis_Disease206.jpg,Carolis Disease
C:\Users\HishamMo\Desktop\999_cs\Quantum_Inpired_PSO_Classifcation\MRI_dataset\Carolis Disease\Carolis_Disease207.jpg,Carolis Disease
C:\Users\HishamMo\Desktop\999_cs\Quantum_Inpired_PSO_Classifcation\MRI_dataset\Carolis Disease\Carolis_Disease208.jpg,Carolis Disease
C:\Users\HishamMo\Desktop\999_cs\Quantum_Inpired_PSO_Classifcation\MRI_dataset\Carolis Disease\Carolis_Disease209.jpg,Carolis Disease
C:\Users\HishamMo\Desktop\999_cs\Quantum_Inpired_PSO_Classifcation\MRI_dataset\Carolis Disease\Carolis_Disease210.jpg,Carolis Disease
C:\Users\HishamMo\Desktop\999_cs\Quantum_Inpired_PSO_Classifcation\MRI_dataset\Carolis Disease\Carolis_Disease211.jpg,Carolis Disease
C:\Users\HishamMo\Desktop\999_cs\Quantum_Inpired_PSO_Classifcation\MRI_dataset\Carolis Disease\Carolis_Disease212.jpg,Carolis Disease
C:\Users\HishamMo\Desktop\999_cs\Quantum_Inpired_PSO_Classifcation\MRI_dataset\Carolis Disease\Carolis_Disease213.jpg,Carolis Disease
C:\Users\HishamMo\Desktop\999_cs\Quantum_Inpired_PSO_Classifcation\MRI_dataset\Carolis Disease\Carolis_Disease214.jpg,Carolis Disease
C:\Users\HishamMo\Desktop\999_cs\Quantum_Inpired_PSO_Classifcation\MRI_dataset\Carolis Disease\Carolis_Disease215.jpg,Carolis Disease
C:\Users\HishamMo\Desktop\999_cs\Quantum_Inpired_PSO_Classifcation\MRI_dataset\Carolis Disease\Carolis_Disease216.jpg,Carolis Disease
C:\Users\HishamMo\Desktop\999_cs\Quantum_Inpired_PSO_Classifcation\MRI_dataset\Carolis Disease\Carolis_Disease217.jpg,Carolis Disease
C:\Users\HishamMo\Desktop\999_cs\Quantum_Inpired_PSO_Classifcation\MRI_dataset\Carolis Disease\Carolis_Disease218.jpg,Carolis Disease
C:\Users\HishamMo\Desktop\999_cs\Quantum_Inpired_PSO_Classifcation\MRI_dataset\Carolis Disease\Carolis_Disease219.jpg,Carolis Disease
C:\Users\HishamMo\Desktop\999_cs\Quantum_Inpired_PSO_Classifcation\MRI_dataset\Carolis Disease\Carolis_Disease220.jpg,Carolis Disease
C:\Users\HishamMo\Desktop\999_cs\Quantum_Inpired_PSO_Classifcation\MRI_dataset\Carolis Disease\Carolis_Disease221.jpg,Carolis Disease
C:\Users\HishamMo\Desktop\999_cs\Quantum_Inpired_PSO_Classifcation\MRI_dataset\Carolis Disease\Carolis_Disease222.jpg,Carolis Disease
C:\Users\HishamMo\Desktop\999_cs\Quantum_Inpired_PSO_Classifcation\MRI_dataset\Carolis Disease\Carolis_Disease223.jpg,Carolis Disease
C:\Users\HishamMo\Desktop\999_cs\Quantum_Inpired_PSO_Classifcation\MRI_dataset\Carolis Disease\Carolis_Disease224.jpg,Carolis Disease
C:\Users\HishamMo\Desktop\999_cs\Quantum_Inpired_PSO_Classifcation\MRI_dataset\Carolis Disease\Carolis_Disease225.jpg,Carolis Disease
C:\Users\HishamMo\Desktop\999_cs\Quantum_Inpired_PSO_Classifcation\MRI_dataset\Carolis Disease\Carolis_Disease226.jpg,Carolis Disease
C:\Users\HishamMo\Desktop\999_cs\Quantum_Inpired_PSO_Classifcation\MRI_dataset\Carolis Disease\Carolis_Disease227.jpg,Carolis Disease
C:\Users\HishamMo\Desktop\999_cs\Quantum_Inpired_PSO_Classifcation\MRI_dataset\Carolis Disease\Carolis_Disease228.jpg,Carolis Disease
C:\Users\HishamMo\Desktop\999_cs\Quantum_Inpired_PSO_Classifcation\MRI_dataset\Carolis Disease\Carolis_Disease229.jpg,Carolis Disease
C:\Users\HishamMo\Desktop\999_cs\Quantum_Inpired_PSO_Classifcation\MRI_dataset\Carolis Disease\Carolis_Disease230.jpg,Carolis Disease
C:\Users\HishamMo\Desktop\999_cs\Quantum_Inpired_PSO_Classifcation\MRI_dataset\Carolis Disease\Carolis_Disease231.jpg,Carolis Disease
C:\Users\HishamMo\Desktop\999_cs\Quantum_Inpired_PSO_Classifcation\MRI_dataset\Carolis Disease\Carolis_Disease232.jpg,Carolis Disease
C:\Users\HishamMo\Desktop\999_cs\Quantum_Inpired_PSO_Classifcation\MRI_dataset\Carolis Disease\Carolis_Disease233.jpg,Carolis Disease
C:\Users\HishamMo\Desktop\999_cs\Quantum_Inpired_PSO_Classifcation\MRI_dataset\Carolis Disease\Carolis_Disease234.jpg,Carolis Disease
C:\Users\HishamMo\Desktop\999_cs\Quantum_Inpired_PSO_Classifcation\MRI_dataset\Carolis Disease\Carolis_Disease235.jpg,Carolis Disease
C:\Users\HishamMo\Desktop\999_cs\Quantum_Inpired_PSO_Classifcation\MRI_dataset\Carolis Disease\Carolis_Disease236.jpg,Carolis Disease
C:\Users\HishamMo\Desktop\999_cs\Quantum_Inpired_PSO_Classifcation\MRI_dataset\Carolis Disease\Carolis_Disease237.jpg,Carolis Disease
C:\Users\HishamMo\Desktop\999_cs\Quantum_Inpired_PSO_Classifcation\MRI_dataset\Carolis Disease\Carolis_Disease238.jpg,Carolis Disease
C:\Users\HishamMo\Desktop\999_cs\Quantum_Inpired_PSO_Classifcation\MRI_dataset\Carolis Disease\Carolis_Disease239.jpg,Carolis Disease
C:\Users\HishamMo\Desktop\999_cs\Quantum_Inpired_PSO_Classifcation\MRI_dataset\Carolis Disease\Carolis_Disease240.jpg,Carolis Disease
C:\Users\HishamMo\Desktop\999_cs\Quantum_Inpired_PSO_Classifcation\MRI_dataset\Carolis Disease\Carolis_Disease241.jpg,Carolis Disease
C:\Users\HishamMo\Desktop\999_cs\Quantum_Inpired_PSO_Classifcation\MRI_dataset\Carolis Disease\Carolis_Disease242.jpg,Carolis Disease
C:\Users\HishamMo\Desktop\999_cs\Quantum_Inpired_PSO_Classifcation\MRI_dataset\Carolis Disease\Carolis_Disease243.jpg,Carolis Disease
C:\Users\HishamMo\Desktop\999_cs\Quantum_Inpired_PSO_Classifcation\MRI_dataset\Carolis Disease\Carolis_Disease244.jpg,Carolis Disease
C:\Users\HishamMo\Desktop\999_cs\Quantum_Inpired_PSO_Classifcation\MRI_dataset\Carolis Disease\Carolis_Disease245.jpg,Carolis Disease
C:\Users\HishamMo\Desktop\999_cs\Quantum_Inpired_PSO_Classifcation\MRI_dataset\Carolis Disease\Carolis_Disease246.jpg,Carolis Disease
C:\Users\HishamMo\Desktop\999_cs\Quantum_Inpired_PSO_Classifcation\MRI_dataset\Carolis Disease\Carolis_Disease247.jpg,Carolis Disease
C:\Users\HishamMo\Desktop\999_cs\Quantum_Inpired_PSO_Classifcation\MRI_dataset\Carolis Disease\Carolis_Disease248.jpg,Carolis Disease
C:\Users\HishamMo\Desktop\999_cs\Quantum_Inpired_PSO_Classifcation\MRI_dataset\Carolis Disease\Carolis_Disease249.jpg,Carolis Disease
C:\Users\HishamMo\Desktop\999_cs\Quantum_Inpired_PSO_Classifcation\MRI_dataset\Carolis Disease\Carolis_Disease250.jpg,Carolis Disease
C:\Users\HishamMo\Desktop\999_cs\Quantum_Inpired_PSO_Classifcation\MRI_dataset\Carolis Disease\Carolis_Disease251.jpg,Carolis Disease
C:\Users\HishamMo\Desktop\999_cs\Quantum_Inpired_PSO_Classifcation\MRI_dataset\Carolis Disease\Carolis_Disease252.jpg,Carolis Disease
C:\Users\HishamMo\Desktop\999_cs\Quantum_Inpired_PSO_Classifcation\MRI_dataset\Carolis Disease\Carolis_Disease253.jpg,Carolis Disease
C:\Users\HishamMo\Desktop\999_cs\Quantum_Inpired_PSO_Classifcation\MRI_dataset\Carolis Disease\Carolis_Disease254.jpg,Carolis Disease
C:\Users\HishamMo\Desktop\999_cs\Quantum_Inpired_PSO_Classifcation\MRI_dataset\Carolis Disease\Carolis_Disease255.jpg,Carolis Disease
C:\Users\HishamMo\Desktop\999_cs\Quantum_Inpired_PSO_Classifcation\MRI_dataset\Carolis Disease\Carolis_Disease256.jpg,Carolis Disease
C:\Users\HishamMo\Desktop\999_cs\Quantum_Inpired_PSO_Classifcation\MRI_dataset\Carolis Disease\Carolis_Disease257.jpg,Carolis Disease
C:\Users\HishamMo\Desktop\999_cs\Quantum_Inpired_PSO_Classifcation\MRI_dataset\Carolis Disease\Carolis_Disease258.jpg,Carolis Disease
C:\Users\HishamMo\Desktop\999_cs\Quantum_Inpired_PSO_Classifcation\MRI_dataset\Carolis Disease\Carolis_Disease259.jpg,Carolis Disease
C:\Users\HishamMo\Desktop\999_cs\Quantum_Inpired_PSO_Classifcation\MRI_dataset\Carolis Disease\Carolis_Disease260.jpg,Carolis Disease
C:\Users\HishamMo\Desktop\999_cs\Quantum_Inpired_PSO_Classifcation\MRI_dataset\Carolis Disease\Carolis_Disease261.jpg,Carolis Disease
C:\Users\HishamMo\Desktop\999_cs\Quantum_Inpired_PSO_Classifcation\MRI_dataset\Carolis Disease\Carolis_Disease262.jpg,Carolis Disease
C:\Users\HishamMo\Desktop\999_cs\Quantum_Inpired_PSO_Classifcation\MRI_dataset\Carolis Disease\Carolis_Disease263.jpg,Carolis Disease
C:\Users\HishamMo\Desktop\999_cs\Quantum_Inpired_PSO_Classifcation\MRI_dataset\Carolis Disease\Carolis_Disease264.jpg,Carolis Disease
C:\Users\HishamMo\Desktop\999_cs\Quantum_Inpired_PSO_Classifcation\MRI_dataset\Carolis Disease\Carolis_Disease265.jpg,Carolis Disease
C:\Users\HishamMo\Desktop\999_cs\Quantum_Inpired_PSO_Classifcation\MRI_dataset\Carolis Disease\Carolis_Disease266.jpg,Carolis Disease
C:\Users\HishamMo\Desktop\999_cs\Quantum_Inpired_PSO_Classifcation\MRI_dataset\Carolis Disease\Carolis_Disease267.jpg,Carolis Disease
C:\Users\HishamMo\Desktop\999_cs\Quantum_Inpired_PSO_Classifcation\MRI_dataset\Carolis Disease\Carolis_Disease268.jpg,Carolis Disease
C:\Users\HishamMo\Desktop\999_cs\Quantum_Inpired_PSO_Classifcation\MRI_dataset\Carolis Disease\Carolis_Disease269.jpg,Carolis Disease
C:\Users\HishamMo\Desktop\999_cs\Quantum_Inpired_PSO_Classifcation\MRI_dataset\Carolis Disease\Carolis_Disease270.jpg,Carolis Disease
C:\Users\HishamMo\Desktop\999_cs\Quantum_Inpired_PSO_Classifcation\MRI_dataset\Carolis Disease\Carolis_Disease271.jpg,Carolis Disease
C:\Users\HishamMo\Desktop\999_cs\Quantum_Inpired_PSO_Classifcation\MRI_dataset\Carolis Disease\Carolis_Disease272.jpg,Carolis Disease
C:\Users\HishamMo\Desktop\999_cs\Quantum_Inpired_PSO_Classifcation\MRI_dataset\Carolis Disease\Carolis_Disease273.jpg,Carolis Disease
C:\Users\HishamMo\Desktop\999_cs\Quantum_Inpired_PSO_Classifcation\MRI_dataset\Carolis Disease\Carolis_Disease274.jpg,Carolis Disease
C:\Users\HishamMo\Desktop\999_cs\Quantum_Inpired_PSO_Classifcation\MRI_dataset\Carolis Disease\Carolis_Disease275.jpg,Carolis Disease
C:\Users\HishamMo\Desktop\999_cs\Quantum_Inpired_PSO_Classifcation\MRI_dataset\Carolis Disease\Carolis_Disease276.jpg,Carolis Disease
C:\Users\HishamMo\Desktop\999_cs\Quantum_Inpired_PSO_Classifcation\MRI_dataset\Carolis Disease\Carolis_Disease277.jpg,Carolis Disease
C:\Users\HishamMo\Desktop\999_cs\Quantum_Inpired_PSO_Classifcation\MRI_dataset\Carolis Disease\Carolis_Disease278.jpg,Carolis Disease
C:\Users\HishamMo\Desktop\999_cs\Quantum_Inpired_PSO_Classifcation\MRI_dataset\Carolis Disease\Carolis_Disease279.jpg,Carolis Disease
C:\Users\HishamMo\Desktop\999_cs\Quantum_Inpired_PSO_Classifcation\MRI_dataset\Carolis Disease\Carolis_Disease280.jpg,Carolis Disease
C:\Users\HishamMo\Desktop\999_cs\Quantum_Inpired_PSO_Classifcation\MRI_dataset\Carolis Disease\Carolis_Disease281.jpg,Carolis Disease
C:\Users\HishamMo\Desktop\999_cs\Quantum_Inpired_PSO_Classifcation\MRI_dataset\Carolis Disease\Carolis_Disease282.jpg,Carolis Disease
C:\Users\HishamMo\Desktop\999_cs\Quantum_Inpired_PSO_Classifcation\MRI_dataset\Carolis Disease\Carolis_Disease283.jpg,Carolis Disease
C:\Users\HishamMo\Desktop\999_cs\Quantum_Inpired_PSO_Classifcation\MRI_dataset\Carolis Disease\Carolis_Disease284.jpg,Carolis Disease
C:\Users\HishamMo\Desktop\999_cs\Quantum_Inpired_PSO_Classifcation\MRI_dataset\Carolis Disease\Carolis_Disease285.jpg,Carolis Disease
C:\Users\HishamMo\Desktop\999_cs\Quantum_Inpired_PSO_Classifcation\MRI_dataset\Carolis Disease\Carolis_Disease286.jpg,Carolis Disease
C:\Users\HishamMo\Desktop\999_cs\Quantum_Inpired_PSO_Classifcation\MRI_dataset\Carolis Disease\Carolis_Disease287.jpg,Carolis Disease
C:\Users\HishamMo\Desktop\999_cs\Quantum_Inpired_PSO_Classifcation\MRI_dataset\Carolis Disease\Carolis_Disease288.jpg,Carolis Disease
C:\Users\HishamMo\Desktop\999_cs\Quantum_Inpired_PSO_Classifcation\MRI_dataset\Carolis Disease\Carolis_Disease289.jpg,Carolis Disease
C:\Users\HishamMo\Desktop\999_cs\Quantum_Inpired_PSO_Classifcation\MRI_dataset\Carolis Disease\Carolis_Disease290.jpg,Carolis Disease
C:\Users\HishamMo\Desktop\999_cs\Quantum_Inpired_PSO_Classifcation\MRI_dataset\Carolis Disease\Carolis_Disease291.jpg,Carolis Disease
C:\Users\HishamMo\Desktop\999_cs\Quantum_Inpired_PSO_Classifcation\MRI_dataset\Carolis Disease\Carolis_Disease292.jpg,Carolis Disease
C:\Users\HishamMo\Desktop\999_cs\Quantum_Inpired_PSO_Classifcation\MRI_dataset\Carolis Disease\Carolis_Disease293.jpg,Carolis Disease
C:\Users\HishamMo\Desktop\999_cs\Quantum_Inpired_PSO_Classifcation\MRI_dataset\Carolis Disease\Carolis_Disease294.jpg,Carolis Disease
C:\Users\HishamMo\Desktop\999_cs\Quantum_Inpired_PSO_Classifcation\MRI_dataset\Carolis Disease\Carolis_Disease295.jpg,Carolis Disease
C:\Users\HishamMo\Desktop\999_cs\Quantum_Inpired_PSO_Classifcation\MRI_dataset\Carolis Disease\Carolis_Disease296.jpg,Carolis Disease
C:\Users\HishamMo\Desktop\999_cs\Quantum_Inpired_PSO_Classifcation\MRI_dataset\Carolis Disease\Carolis_Disease297.jpg,Carolis Disease
C:\Users\HishamMo\Desktop\999_cs\Quantum_Inpired_PSO_Classifcation\MRI_dataset\Carolis Disease\Carolis_Disease298.jpg,Carolis Disease
C:\Users\HishamMo\Desktop\999_cs\Quantum_Inpired_PSO_Classifcation\MRI_dataset\Carolis Disease\Carolis_Disease299.jpg,Carolis Disease
C:\Users\HishamMo\Desktop\999_cs\Quantum_Inpired_PSO_Classifcation\MRI_dataset\Carolis Disease\Carolis_Disease300.jpg,Carolis Disease
C:\Users\HishamMo\Desktop\999_cs\Quantum_Inpired_PSO_Classifcation\MRI_dataset\Carolis Disease\Carolis_Disease301.jpg,Carolis Disease
C:\Users\HishamMo\Desktop\999_cs\Quantum_Inpired_PSO_Classifcation\MRI_dataset\Carolis Disease\Carolis_Disease302.jpg,Carolis Disease
C:\Users\HishamMo\Desktop\999_cs\Quantum_Inpired_PSO_Classifcation\MRI_dataset\Carolis Disease\Carolis_Disease303.jpg,Carolis Disease
C:\Users\HishamMo\Desktop\999_cs\Quantum_Inpired_PSO_Classifcation\MRI_dataset\Carolis Disease\Carolis_Disease304.jpg,Carolis Disease
C:\Users\HishamMo\Desktop\999_cs\Quantum_Inpired_PSO_Classifcation\MRI_dataset\Carolis Disease\Carolis_Disease305.jpg,Carolis Disease
C:\Users\HishamMo\Desktop\999_cs\Quantum_Inpired_PSO_Classifcation\MRI_dataset\Carolis Disease\Carolis_Disease306.jpg,Carolis Disease
C:\Users\HishamMo\Desktop\999_cs\Quantum_Inpired_PSO_Classifcation\MRI_dataset\Carolis Disease\Carolis_Disease307.jpg,Carolis Disease
C:\Users\HishamMo\Desktop\999_cs\Quantum_Inpired_PSO_Classifcation\MRI_dataset\Carolis Disease\Carolis_Disease308.jpg,Carolis Disease
C:\Users\HishamMo\Desktop\999_cs\Quantum_Inpired_PSO_Classifcation\MRI_dataset\Carolis Disease\Carolis_Disease309.jpg,Carolis Disease
C:\Users\HishamMo\Desktop\999_cs\Quantum_Inpired_PSO_Classifcation\MRI_dataset\Carolis Disease\Carolis_Disease310.jpg,Carolis Disease
C:\Users\HishamMo\Desktop\999_cs\Quantum_Inpired_PSO_Classifcation\MRI_dataset\Carolis Disease\Carolis_Disease311.jpg,Carolis Disease
C:\Users\HishamMo\Desktop\999_cs\Quantum_Inpired_PSO_Classifcation\MRI_dataset\Carolis Disease\Carolis_Disease312.jpg,Carolis Disease
C:\Users\HishamMo\Desktop\999_cs\Quantum_Inpired_PSO_Classifcation\MRI_dataset\Carolis Disease\Carolis_Disease313.jpg,Carolis Disease
C:\Users\HishamMo\Desktop\999_cs\Quantum_Inpired_PSO_Classifcation\MRI_dataset\Carolis Disease\Carolis_Disease314.jpg,Carolis Disease
C:\Users\HishamMo\Desktop\999_cs\Quantum_Inpired_PSO_Classifcation\MRI_dataset\Carolis Disease\Carolis_Disease315.jpg,Carolis Disease
C:\Users\HishamMo\Desktop\999_cs\Quantum_Inpired_PSO_Classifcation\MRI_dataset\Carolis Disease\Carolis_Disease316.jpg,Carolis Disease
C:\Users\HishamMo\Desktop\999_cs\Quantum_Inpired_PSO_Classifcation\MRI_dataset\Carolis Disease\Carolis_Disease317.jpg,Carolis Disease
C:\Users\HishamMo\Desktop\999_cs\Quantum_Inpired_PSO_Classifcation\MRI_dataset\Carolis Disease\Carolis_Disease318.jpg,Carolis Disease
C:\Users\HishamMo\Desktop\999_cs\Quantum_Inpired_PSO_Classifcation\MRI_dataset\Carolis Disease\Carolis_Disease319.jpg,Carolis Disease
C:\Users\HishamMo\Desktop\999_cs\Quantum_Inpired_PSO_Classifcation\MRI_dataset\Carolis Disease\Carolis_Disease320.jpg,Carolis Disease
C:\Users\HishamMo\Desktop\999_cs\Quantum_Inpired_PSO_Classifcation\MRI_dataset\Carolis Disease\Carolis_Disease321.jpg,Carolis Disease
C:\Users\HishamMo\Desktop\999_cs\Quantum_Inpired_PSO_Classifcation\MRI_dataset\Carolis Disease\Carolis_Disease322.jpg,Carolis Disease
C:\Users\HishamMo\Desktop\999_cs\Quantum_Inpired_PSO_Classifcation\MRI_dataset\Carolis Disease\Carolis_Disease323.jpg,Carolis Disease
C:\Users\HishamMo\Desktop\999_cs\Quantum_Inpired_PSO_Classifcation\MRI_dataset\Carolis Disease\Carolis_Disease324.jpg,Carolis Disease
C:\Users\HishamMo\Desktop\999_cs\Quantum_Inpired_PSO_Classifcation\MRI_dataset\Carolis Disease\Carolis_Disease325.jpg,Carolis Disease
C:\Users\HishamMo\Desktop\999_cs\Quantum_Inpired_PSO_Classifcation\MRI_dataset\Carolis Disease\Carolis_Disease326.jpg,Carolis Disease
C:\Users\HishamMo\Desktop\999_cs\Quantum_Inpired_PSO_Classifcation\MRI_dataset\Carolis Disease\Carolis_Disease327.jpg,Carolis Disease
C:\Users\HishamMo\Desktop\999_cs\Quantum_Inpired_PSO_Classifcation\MRI_dataset\Carolis Disease\Carolis_Disease328.jpg,Carolis Disease
C:\Users\HishamMo\Desktop\999_cs\Quantum_Inpired_PSO_Classifcation\MRI_dataset\Carolis Disease\Carolis_Disease329.jpg,Carolis Disease
C:\Users\HishamMo\Desktop\999_cs\Quantum_Inpired_PSO_Classifcation\MRI_dataset\Carolis Disease\Carolis_Disease330.jpg,Carolis Disease
C:\Users\HishamMo\Desktop\999_cs\Quantum_Inpired_PSO_Classifcation\MRI_dataset\Carolis Disease\Carolis_Disease331.jpg,Carolis Disease
C:\Users\HishamMo\Desktop\999_cs\Quantum_Inpired_PSO_Classifcation\MRI_dataset\Carolis Disease\Carolis_Disease332.jpg,Carolis Disease
C:\Users\HishamMo\Desktop\999_cs\Quantum_Inpired_PSO_Classifcation\MRI_dataset\Carolis Disease\Carolis_Disease333.jpg,Carolis Disease
C:\Users\HishamMo\Desktop\999_cs\Quantum_Inpired_PSO_Classifcation\MRI_dataset\Carolis Disease\Carolis_Disease334.jpg,Carolis Disease
C:\Users\HishamMo\Desktop\999_cs\Quantum_Inpired_PSO_Classifcation\MRI_dataset\Carolis Disease\Carolis_Disease335.jpg,Carolis Disease
C:\Users\HishamMo\Desktop\999_cs\Quantum_Inpired_PSO_Classifcation\MRI_dataset\Carolis Disease\Carolis_Disease336.jpg,Carolis Disease
C:\Users\HishamMo\Desktop\999_cs\Quantum_Inpired_PSO_Classifcation\MRI_dataset\Carolis Disease\Carolis_Disease337.jpg,Carolis Disease
C:\Users\HishamMo\Desktop\999_cs\Quantum_Inpired_PSO_Classifcation\MRI_dataset\Carolis Disease\Carolis_Disease338.jpg,Carolis Disease
C:\Users\HishamMo\Desktop\999_cs\Quantum_Inpired_PSO_Classifcation\MRI_dataset\Carolis Disease\Carolis_Disease339.jpg,Carolis Disease
C:\Users\HishamMo\Desktop\999_cs\Quantum_Inpired_PSO_Classifcation\MRI_dataset\Carolis Disease\Carolis_Disease340.jpg,Carolis Disease
C:\Users\HishamMo\Desktop\999_cs\Quantum_Inpired_PSO_Classifcation\MRI_dataset\Carolis Disease\Carolis_Disease341.jpg,Carolis Disease
C:\Users\HishamMo\Desktop\999_cs\Quantum_Inpired_PSO_Classifcation\MRI_dataset\Carolis Disease\Carolis_Disease342.jpg,Carolis Disease
C:\Users\HishamMo\Desktop\999_cs\Quantum_Inpired_PSO_Classifcation\MRI_dataset\Carolis Disease\Carolis_Disease343.jpg,Carolis Disease
C:\Users\HishamMo\Desktop\999_cs\Quantum_Inpired_PSO_Classifcation\MRI_dataset\Carolis Disease\Carolis_Disease344.jpg,Carolis Disease
C:\Users\HishamMo\Desktop\999_cs\Quantum_Inpired_PSO_Classifcation\MRI_dataset\Carolis Disease\Carolis_Disease345.jpg,Carolis Disease
C:\Users\HishamMo\Desktop\999_cs\Quantum_Inpired_PSO_Classifcation\MRI_dataset\Carolis Disease\Carolis_Disease346.jpg,Carolis Disease
C:\Users\HishamMo\Desktop\999_cs\Quantum_Inpired_PSO_Classifcation\MRI_dataset\Carolis Disease\Carolis_Disease347.jpg,Carolis Disease
C:\Users\HishamMo\Desktop\999_cs\Quantum_Inpired_PSO_Classifcation\MRI_dataset\Carolis Disease\Carolis_Disease348.jpg,Carolis Disease
C:\Users\HishamMo\Desktop\999_cs\Quantum_Inpired_PSO_Classifcation\MRI_dataset\Carolis Disease\Carolis_Disease349.jpg,Carolis Disease
C:\Users\HishamMo\Desktop\999_cs\Quantum_Inpired_PSO_Classifcation\MRI_dataset\Carolis Disease\Carolis_Disease350.jpg,Carolis Disease
C:\Users\HishamMo\Desktop\999_cs\Quantum_Inpired_PSO_Classifcation\MRI_dataset\Carolis Disease\Carolis_Disease351.jpg,Carolis Disease
C:\Users\HishamMo\Desktop\999_cs\Quantum_Inpired_PSO_Classifcation\MRI_dataset\Carolis Disease\Carolis_Disease352.jpg,Carolis Disease
C:\Users\HishamMo\Desktop\999_cs\Quantum_Inpired_PSO_Classifcation\MRI_dataset\Carolis Disease\Carolis_Disease353.jpg,Carolis Disease
C:\Users\HishamMo\Desktop\999_cs\Quantum_Inpired_PSO_Classifcation\MRI_dataset\Carolis Disease\Carolis_Disease354.jpg,Carolis Disease
C:\Users\HishamMo\Desktop\999_cs\Quantum_Inpired_PSO_Classifcation\MRI_dataset\Carolis Disease\Carolis_Disease355.jpg,Carolis Disease
C:\Users\HishamMo\Desktop\999_cs\Quantum_Inpired_PSO_Classifcation\MRI_dataset\Carolis Disease\Carolis_Disease356.jpg,Carolis Disease
C:\Users\HishamMo\Desktop\999_cs\Quantum_Inpired_PSO_Classifcation\MRI_dataset\Carolis Disease\Carolis_Disease357.jpg,Carolis Disease
C:\Users\HishamMo\Desktop\999_cs\Quantum_Inpired_PSO_Classifcation\MRI_dataset\Carolis Disease\Carolis_Disease358.jpg,Carolis Disease
C:\Users\HishamMo\Desktop\999_cs\Quantum_Inpired_PSO_Classifcation\MRI_dataset\Carolis Disease\Carolis_Disease359.jpg,Carolis Disease
C:\Users\HishamMo\Desktop\999_cs\Quantum_Inpired_PSO_Classifcation\MRI_dataset\Carolis Disease\Carolis_Disease360.jpg,Carolis Disease
C:\Users\HishamMo\Desktop\999_cs\Quantum_Inpired_PSO_Classifcation\MRI_dataset\Carolis Disease\Carolis_Disease361.jpg,Carolis Disease
C:\Users\HishamMo\Desktop\999_cs\Quantum_Inpired_PSO_Classifcation\MRI_dataset\Carolis Disease\Carolis_Disease362.jpg,Carolis Disease
C:\Users\HishamMo\Desktop\999_cs\Quantum_Inpired_PSO_Classifcation\MRI_dataset\Carolis Disease\Carolis_Disease363.jpg,Carolis Disease
C:\Users\HishamMo\Desktop\999_cs\Quantum_Inpired_PSO_Classifcation\MRI_dataset\Carolis Disease\Carolis_Disease364.jpg,Carolis Disease
C:\Users\HishamMo\Desktop\999_cs\Quantum_Inpired_PSO_Classifcation\MRI_dataset\Carolis Disease\Carolis_Disease365.jpg,Carolis Disease
C:\Users\HishamMo\Desktop\999_cs\Quantum_Inpired_PSO_Classifcation\MRI_dataset\Carolis Disease\Carolis_Disease366.jpg,Carolis Disease
C:\Users\HishamMo\Desktop\999_cs\Quantum_Inpired_PSO_Classifcation\MRI_dataset\Carolis Disease\Carolis_Disease367.jpg,Carolis Disease
C:\Users\HishamMo\Desktop\999_cs\Quantum_Inpired_PSO_Classifcation\MRI_dataset\Carolis Disease\Carolis_Disease368.jpg,Carolis Disease
C:\Users\HishamMo\Desktop\999_cs\Quantum_Inpired_PSO_Classifcation\MRI_dataset\Carolis Disease\Carolis_Disease369.jpg,Carolis Disease
C:\Users\HishamMo\Desktop\999_cs\Quantum_Inpired_PSO_Classifcation\MRI_dataset\Carolis Disease\Carolis_Disease370.jpg,Carolis Disease
C:\Users\HishamMo\Desktop\999_cs\Quantum_Inpired_PSO_Classifcation\MRI_dataset\Carolis Disease\Carolis_Disease371.jpg,Carolis Disease
C:\Users\HishamMo\Desktop\999_cs\Quantum_Inpired_PSO_Classifcation\MRI_dataset\Carolis Disease\Carolis_Disease372.jpg,Carolis Disease
C:\Users\HishamMo\Desktop\999_cs\Quantum_Inpired_PSO_Classifcation\MRI_dataset\Carolis Disease\Carolis_Disease373.jpg,Carolis Disease
C:\Users\HishamMo\Desktop\999_cs\Quantum_Inpired_PSO_Classifcation\MRI_dataset\Carolis Disease\Carolis_Disease374.jpg,Carolis Disease
C:\Users\HishamMo\Desktop\999_cs\Quantum_Inpired_PSO_Classifcation\MRI_dataset\Carolis Disease\Carolis_Disease375.jpg,Carolis Disease
C:\Users\HishamMo\Desktop\999_cs\Quantum_Inpired_PSO_Classifcation\MRI_dataset\Carolis Disease\Carolis_Disease376.jpg,Carolis Disease
C:\Users\HishamMo\Desktop\999_cs\Quantum_Inpired_PSO_Classifcation\MRI_dataset\Carolis Disease\Carolis_Disease377.jpg,Carolis Disease
C:\Users\HishamMo\Desktop\999_cs\Quantum_Inpired_PSO_Classifcation\MRI_dataset\Carolis Disease\Carolis_Disease378.jpg,Carolis Disease
C:\Users\HishamMo\Desktop\999_cs\Quantum_Inpired_PSO_Classifcation\MRI_dataset\Carolis Disease\Carolis_Disease379.jpg,Carolis Disease
C:\Users\HishamMo\Desktop\999_cs\Quantum_Inpired_PSO_Classifcation\MRI_dataset\Carolis Disease\Carolis_Disease380.jpg,Carolis Disease
C:\Users\HishamMo\Desktop\999_cs\Quantum_Inpired_PSO_Classifcation\MRI_dataset\Carolis Disease\Carolis_Disease381.jpg,Carolis Disease
C:\Users\HishamMo\Desktop\999_cs\Quantum_Inpired_PSO_Classifcation\MRI_dataset\Carolis Disease\Carolis_Disease382.jpg,Carolis Disease
C:\Users\HishamMo\Desktop\999_cs\Quantum_Inpired_PSO_Classifcation\MRI_dataset\Carolis Disease\Carolis_Disease383.jpg,Carolis Disease
C:\Users\HishamMo\Desktop\999_cs\Quantum_Inpired_PSO_Classifcation\MRI_dataset\Carolis Disease\Carolis_Disease384.jpg,Carolis Disease
C:\Users\HishamMo\Desktop\999_cs\Quantum_Inpired_PSO_Classifcation\MRI_dataset\Carolis Disease\Carolis_Disease385.jpg,Carolis Disease
C:\Users\HishamMo\Desktop\999_cs\Quantum_Inpired_PSO_Classifcation\MRI_dataset\Carolis Disease\Carolis_Disease386.jpg,Carolis Disease
C:\Users\HishamMo\Desktop\999_cs\Quantum_Inpired_PSO_Classifcation\MRI_dataset\Carolis Disease\Carolis_Disease387.jpg,Carolis Disease
C:\Users\HishamMo\Desktop\999_cs\Quantum_Inpired_PSO_Classifcation\MRI_dataset\Carolis Disease\Carolis_Disease388.jpg,Carolis Disease
C:\Users\HishamMo\Desktop\999_cs\Quantum_Inpired_PSO_Classifcation\MRI_dataset\Carolis Disease\Carolis_Disease389.jpg,Carolis Disease
C:\Users\HishamMo\Desktop\999_cs\Quantum_Inpired_PSO_Classifcation\MRI_dataset\Carolis Disease\Carolis_Disease390.jpg,Carolis Disease
C:\Users\HishamMo\Desktop\999_cs\Quantum_Inpired_PSO_Classifcation\MRI_dataset\Carolis Disease\Carolis_Disease391.jpg,Carolis Disease
C:\Users\HishamMo\Desktop\999_cs\Quantum_Inpired_PSO_Classifcation\MRI_dataset\Carolis Disease\Carolis_Disease392.jpg,Carolis Disease
C:\Users\HishamMo\Desktop\999_cs\Quantum_Inpired_PSO_Classifcation\MRI_dataset\Carolis Disease\Carolis_Disease393.jpg,Carolis Disease
C:\Users\HishamMo\Desktop\999_cs\Quantum_Inpired_PSO_Classifcation\MRI_dataset\Carolis Disease\Carolis_Disease394.jpg,Carolis Disease
C:\Users\HishamMo\Desktop\999_cs\Quantum_Inpired_PSO_Classifcation\MRI_dataset\Carolis Disease\Carolis_Disease395.jpg,Carolis Disease
C:\Users\HishamMo\Desktop\999_cs\Quantum_Inpired_PSO_Classifcation\MRI_dataset\Carolis Disease\Carolis_Disease396.jpg,Carolis Disease
C:\Users\HishamMo\Desktop\999_cs\Quantum_Inpired_PSO_Classifcation\MRI_dataset\Carolis Disease\Carolis_Disease397.jpg,Carolis Disease
C:\Users\HishamMo\Desktop\999_cs\Quantum_Inpired_PSO_Classifcation\MRI_dataset\Carolis Disease\Carolis_Disease398.jpg,Carolis Disease
C:\Users\HishamMo\Desktop\999_cs\Quantum_Inpired_PSO_Classifcation\MRI_dataset\Carolis Disease\Carolis_Disease399.jpg,Carolis Disease
C:\Users\HishamMo\Desktop\999_cs\Quantum_Inpired_PSO_Classifcation\MRI_dataset\Carolis Disease\Carolis_Disease400.jpg,Carolis Disease
C:\Users\HishamMo\Desktop\999_cs\Quantum_Inpired_PSO_Classifcation\MRI_dataset\Carolis Disease\Carolis_Disease401.jpg,Carolis Disease
C:\Users\HishamMo\Desktop\999_cs\Quantum_Inpired_PSO_Classifcation\MRI_dataset\Carolis Disease\Carolis_Disease402.jpg,Carolis Disease
C:\Users\HishamMo\Desktop\999_cs\Quantum_Inpired_PSO_Classifcation\MRI_dataset\Carolis Disease\Carolis_Disease403.jpg,Carolis Disease
C:\Users\HishamMo\Desktop\999_cs\Quantum_Inpired_PSO_Classifcation\MRI_dataset\Carolis Disease\Carolis_Disease404.jpg,Carolis Disease
C:\Users\HishamMo\Desktop\999_cs\Quantum_Inpired_PSO_Classifcation\MRI_dataset\Carolis Disease\Carolis_Disease405.jpg,Carolis Disease
C:\Users\HishamMo\Desktop\999_cs\Quantum_Inpired_PSO_Classifcation\MRI_dataset\Carolis Disease\Carolis_Disease406.jpg,Carolis Disease
C:\Users\HishamMo\Desktop\999_cs\Quantum_Inpired_PSO_Classifcation\MRI_dataset\Carolis Disease\Carolis_Disease407.jpg,Carolis Disease
C:\Users\HishamMo\Desktop\999_cs\Quantum_Inpired_PSO_Classifcation\MRI_dataset\Carolis Disease\Carolis_Disease408.jpg,Carolis Disease
C:\Users\HishamMo\Desktop\999_cs\Quantum_Inpired_PSO_Classifcation\MRI_dataset\Carolis Disease\Carolis_Disease409.jpg,Carolis Disease
C:\Users\HishamMo\Desktop\999_cs\Quantum_Inpired_PSO_Classifcation\MRI_dataset\Carolis Disease\Carolis_Disease410.jpg,Carolis Disease
C:\Users\HishamMo\Desktop\999_cs\Quantum_Inpired_PSO_Classifcation\MRI_dataset\Carolis Disease\Carolis_Disease411.jpg,Carolis Disease
C:\Users\HishamMo\Desktop\999_cs\Quantum_Inpired_PSO_Classifcation\MRI_dataset\Carolis Disease\Carolis_Disease412.jpg,Carolis Disease
C:\Users\HishamMo\Desktop\999_cs\Quantum_Inpired_PSO_Classifcation\MRI_dataset\Carolis Disease\Carolis_Disease413.jpg,Carolis Disease
C:\Users\HishamMo\Desktop\999_cs\Quantum_Inpired_PSO_Classifcation\MRI_dataset\Carolis Disease\Carolis_Disease414.jpg,Carolis Disease
C:\Users\HishamMo\Desktop\999_cs\Quantum_Inpired_PSO_Classifcation\MRI_dataset\Carolis Disease\Carolis_Disease415.jpg,Carolis Disease
C:\Users\HishamMo\Desktop\999_cs\Quantum_Inpired_PSO_Classifcation\MRI_dataset\Carolis Disease\Carolis_Disease416.jpg,Carolis Disease
C:\Users\HishamMo\Desktop\999_cs\Quantum_Inpired_PSO_Classifcation\MRI_dataset\Carolis Disease\Carolis_Disease417.jpg,Carolis Disease
C:\Users\HishamMo\Desktop\999_cs\Quantum_Inpired_PSO_Classifcation\MRI_dataset\Carolis Disease\Carolis_Disease418.jpg,Carolis Disease
C:\Users\HishamMo\Desktop\999_cs\Quantum_Inpired_PSO_Classifcation\MRI_dataset\Carolis Disease\Carolis_Disease419.jpg,Carolis Disease
C:\Users\HishamMo\Desktop\999_cs\Quantum_Inpired_PSO_Classifcation\MRI_dataset\Carolis Disease\Carolis_Disease420.jpg,Carolis Disease
C:\Users\HishamMo\Desktop\999_cs\Quantum_Inpired_PSO_Classifcation\MRI_dataset\Carolis Disease\Carolis_Disease421.jpg,Carolis Disease
C:\Users\HishamMo\Desktop\999_cs\Quantum_Inpired_PSO_Classifcation\MRI_dataset\Carolis Disease\Carolis_Disease422.jpg,Carolis Disease
C:\Users\HishamMo\Desktop\999_cs\Quantum_Inpired_PSO_Classifcation\MRI_dataset\Carolis Disease\Carolis_Disease423.jpg,Carolis Disease
C:\Users\HishamMo\Desktop\999_cs\Quantum_Inpired_PSO_Classifcation\MRI_dataset\Carolis Disease\Carolis_Disease424.jpg,Carolis Disease
C:\Users\HishamMo\Desktop\999_cs\Quantum_Inpired_PSO_Classifcation\MRI_dataset\Carolis Disease\Carolis_Disease425.jpg,Carolis Disease
C:\Users\HishamMo\Desktop\999_cs\Quantum_Inpired_PSO_Classifcation\MRI_dataset\Carolis Disease\Carolis_Disease426.jpg,Carolis Disease
C:\Users\HishamMo\Desktop\999_cs\Quantum_Inpired_PSO_Classifcation\MRI_dataset\Carolis Disease\Carolis_Disease427.jpg,Carolis Disease
C:\Users\HishamMo\Desktop\999_cs\Quantum_Inpired_PSO_Classifcation\MRI_dataset\Carolis Disease\Carolis_Disease428.jpg,Carolis Disease
C:\Users\HishamMo\Desktop\999_cs\Quantum_Inpired_PSO_Classifcation\MRI_dataset\Carolis Disease\Carolis_Disease429.jpg,Carolis Disease
C:\Users\HishamMo\Desktop\999_cs\Quantum_Inpired_PSO_Classifcation\MRI_dataset\Carolis Disease\Carolis_Disease430.jpg,Carolis Disease
C:\Users\HishamMo\Desktop\999_cs\Quantum_Inpired_PSO_Classifcation\MRI_dataset\Carolis Disease\Carolis_Disease431.jpg,Carolis Disease
C:\Users\HishamMo\Desktop\999_cs\Quantum_Inpired_PSO_Classifcation\MRI_dataset\Carolis Disease\Carolis_Disease432.jpg,Carolis Disease
C:\Users\HishamMo\Desktop\999_cs\Quantum_Inpired_PSO_Classifcation\MRI_dataset\Carolis Disease\Carolis_Disease433.jpg,Carolis Disease
C:\Users\HishamMo\Desktop\999_cs\Quantum_Inpired_PSO_Classifcation\MRI_dataset\Carolis Disease\Carolis_Disease434.jpg,Carolis Disease
C:\Users\HishamMo\Desktop\999_cs\Quantum_Inpired_PSO_Classifcation\MRI_dataset\Carolis Disease\Carolis_Disease435.jpg,Carolis Disease
C:\Users\HishamMo\Desktop\999_cs\Quantum_Inpired_PSO_Classifcation\MRI_dataset\Carolis Disease\Carolis_Disease436.jpg,Carolis Disease
C:\Users\HishamMo\Desktop\999_cs\Quantum_Inpired_PSO_Classifcation\MRI_dataset\Carolis Disease\Carolis_Disease437.jpg,Carolis Disease
C:\Users\HishamMo\Desktop\999_cs\Quantum_Inpired_PSO_Classifcation\MRI_dataset\Carolis Disease\Carolis_Disease438.jpg,Carolis Disease
C:\Users\HishamMo\Desktop\999_cs\Quantum_Inpired_PSO_Classifcation\MRI_dataset\Carolis Disease\Carolis_Disease439.jpg,Carolis Disease
C:\Users\HishamMo\Desktop\999_cs\Quantum_Inpired_PSO_Classifcation\MRI_dataset\Carolis Disease\Carolis_Disease440.jpg,Carolis Disease
C:\Users\HishamMo\Desktop\999_cs\Quantum_Inpired_PSO_Classifcation\MRI_dataset\Carolis Disease\Carolis_Disease441.jpg,Carolis Disease
C:\Users\HishamMo\Desktop\999_cs\Quantum_Inpired_PSO_Classifcation\MRI_dataset\Carolis Disease\Carolis_Disease442.jpg,Carolis Disease
C:\Users\HishamMo\Desktop\999_cs\Quantum_Inpired_PSO_Classifcation\MRI_dataset\Carolis Disease\Carolis_Disease443.jpg,Carolis Disease
C:\Users\HishamMo\Desktop\999_cs\Quantum_Inpired_PSO_Classifcation\MRI_dataset\Carolis Disease\Carolis_Disease444.jpg,Carolis Disease
C:\Users\HishamMo\Desktop\999_cs\Quantum_Inpired_PSO_Classifcation\MRI_dataset\Carolis Disease\Carolis_Disease445.jpg,Carolis Disease
C:\Users\HishamMo\Desktop\999_cs\Quantum_Inpired_PSO_Classifcation\MRI_dataset\Carolis Disease\Carolis_Disease446.jpg,Carolis Disease
C:\Users\HishamMo\Desktop\999_cs\Quantum_Inpired_PSO_Classifcation\MRI_dataset\Carolis Disease\Carolis_Disease447.jpg,Carolis Disease
C:\Users\HishamMo\Desktop\999_cs\Quantum_Inpired_PSO_Classifcation\MRI_dataset\Carolis Disease\Carolis_Disease448.jpg,Carolis Disease
C:\Users\HishamMo\Desktop\999_cs\Quantum_Inpired_PSO_Classifcation\MRI_dataset\Carolis Disease\Carolis_Disease449.jpg,Carolis Disease
C:\Users\HishamMo\Desktop\999_cs\Quantum_Inpired_PSO_Classifcation\MRI_dataset\Carolis Disease\Carolis_Disease450.jpg,Carolis Disease
C:\Users\HishamMo\Desktop\999_cs\Quantum_Inpired_PSO_Classifcation\MRI_dataset\Carolis Disease\Carolis_Disease451.jpg,Carolis Disease
C:\Users\HishamMo\Desktop\999_cs\Quantum_Inpired_PSO_Classifcation\MRI_dataset\Carolis Disease\Carolis_Disease452.jpg,Carolis Disease
C:\Users\HishamMo\Desktop\999_cs\Quantum_Inpired_PSO_Classifcation\MRI_dataset\Carolis Disease\Carolis_Disease453.jpg,Carolis Disease
C:\Users\HishamMo\Desktop\999_cs\Quantum_Inpired_PSO_Classifcation\MRI_dataset\Carolis Disease\Carolis_Disease454.jpg,Carolis Disease
C:\Users\HishamMo\Desktop\999_cs\Quantum_Inpired_PSO_Classifcation\MRI_dataset\Carolis Disease\Carolis_Disease455.jpg,Carolis Disease
C:\Users\HishamMo\Desktop\999_cs\Quantum_Inpired_PSO_Classifcation\MRI_dataset\Carolis Disease\Carolis_Disease456.jpg,Carolis Disease
C:\Users\HishamMo\Desktop\999_cs\Quantum_Inpired_PSO_Classifcation\MRI_dataset\Carolis Disease\Carolis_Disease457.jpg,Carolis Disease
C:\Users\HishamMo\Desktop\999_cs\Quantum_Inpired_PSO_Classifcation\MRI_dataset\Carolis Disease\Carolis_Disease458.jpg,Carolis Disease
C:\Users\HishamMo\Desktop\999_cs\Quantum_Inpired_PSO_Classifcation\MRI_dataset\Carolis Disease\Carolis_Disease459.jpg,Carolis Disease
C:\Users\HishamMo\Desktop\999_cs\Quantum_Inpired_PSO_Classifcation\MRI_dataset\Carolis Disease\Carolis_Disease460.jpg,Carolis Disease
C:\Users\HishamMo\Desktop\999_cs\Quantum_Inpired_PSO_Classifcation\MRI_dataset\Carolis Disease\Carolis_Disease461.jpg,Carolis Disease
C:\Users\HishamMo\Desktop\999_cs\Quantum_Inpired_PSO_Classifcation\MRI_dataset\Carolis Disease\Carolis_Disease462.jpg,Carolis Disease
C:\Users\HishamMo\Desktop\999_cs\Quantum_Inpired_PSO_Classifcation\MRI_dataset\Carolis Disease\Carolis_Disease463.jpg,Carolis Disease
C:\Users\HishamMo\Desktop\999_cs\Quantum_Inpired_PSO_Classifcation\MRI_dataset\Carolis Disease\Carolis_Disease464.jpg,Carolis Disease
C:\Users\HishamMo\Desktop\999_cs\Quantum_Inpired_PSO_Classifcation\MRI_dataset\Carolis Disease\Carolis_Disease465.jpg,Carolis Disease
C:\Users\HishamMo\Desktop\999_cs\Quantum_Inpired_PSO_Classifcation\MRI_dataset\Carolis Disease\Carolis_Disease466.jpg,Carolis Disease
C:\Users\HishamMo\Desktop\999_cs\Quantum_Inpired_PSO_Classifcation\MRI_dataset\Carolis Disease\Carolis_Disease467.jpg,Carolis Disease
C:\Users\HishamMo\Desktop\999_cs\Quantum_Inpired_PSO_Classifcation\MRI_dataset\Carolis Disease\Carolis_Disease468.jpg,Carolis Disease
C:\Users\HishamMo\Desktop\999_cs\Quantum_Inpired_PSO_Classifcation\MRI_dataset\Carolis Disease\Carolis_Disease469.jpg,Carolis Disease
C:\Users\HishamMo\Desktop\999_cs\Quantum_Inpired_PSO_Classifcation\MRI_dataset\Carolis Disease\Carolis_Disease470.jpg,Carolis Disease
C:\Users\HishamMo\Desktop\999_cs\Quantum_Inpired_PSO_Classifcation\MRI_dataset\Carolis Disease\Carolis_Disease471.jpg,Carolis Disease
C:\Users\HishamMo\Desktop\999_cs\Quantum_Inpired_PSO_Classifcation\MRI_dataset\Carolis Disease\Carolis_Disease472.jpg,Carolis Disease
C:\Users\HishamMo\Desktop\999_cs\Quantum_Inpired_PSO_Classifcation\MRI_dataset\Carolis Disease\Carolis_Disease473.jpg,Carolis Disease
C:\Users\HishamMo\Desktop\999_cs\Quantum_Inpired_PSO_Classifcation\MRI_dataset\Carolis Disease\Carolis_Disease474.jpg,Carolis Disease
C:\Users\HishamMo\Desktop\999_cs\Quantum_Inpired_PSO_Classifcation\MRI_dataset\Carolis Disease\Carolis_Disease475.jpg,Carolis Disease
C:\Users\HishamMo\Desktop\999_cs\Quantum_Inpired_PSO_Classifcation\MRI_dataset\Carolis Disease\Carolis_Disease476.jpg,Carolis Disease
C:\Users\HishamMo\Desktop\999_cs\Quantum_Inpired_PSO_Classifcation\MRI_dataset\Carolis Disease\Carolis_Disease477.jpg,Carolis Disease
C:\Users\HishamMo\Desktop\999_cs\Quantum_Inpired_PSO_Classifcation\MRI_dataset\Carolis Disease\Carolis_Disease478.jpg,Carolis Disease
C:\Users\HishamMo\Desktop\999_cs\Quantum_Inpired_PSO_Classifcation\MRI_dataset\Carolis Disease\Carolis_Disease479.jpg,Carolis Disease
C:\Users\HishamMo\Desktop\999_cs\Quantum_Inpired_PSO_Classifcation\MRI_dataset\Carolis Disease\Carolis_Disease480.jpg,Carolis Disease
C:\Users\HishamMo\Desktop\999_cs\Quantum_Inpired_PSO_Classifcation\MRI_dataset\Carolis Disease\Carolis_Disease481.jpg,Carolis Disease
C:\Users\HishamMo\Desktop\999_cs\Quantum_Inpired_PSO_Classifcation\MRI_dataset\Carolis Disease\Carolis_Disease482.jpg,Carolis Disease
C:\Users\HishamMo\Desktop\999_cs\Quantum_Inpired_PSO_Classifcation\MRI_dataset\Carolis Disease\Carolis_Disease483.jpg,Carolis Disease
C:\Users\HishamMo\Desktop\999_cs\Quantum_Inpired_PSO_Classifcation\MRI_dataset\Carolis Disease\Carolis_Disease484.jpg,Carolis Disease
C:\Users\HishamMo\Desktop\999_cs\Quantum_Inpired_PSO_Classifcation\MRI_dataset\Carolis Disease\Carolis_Disease485.jpg,Carolis Disease
C:\Users\HishamMo\Desktop\999_cs\Quantum_Inpired_PSO_Classifcation\MRI_dataset\Carolis Disease\Carolis_Disease486.jpg,Carolis Disease
C:\Users\HishamMo\Desktop\999_cs\Quantum_Inpired_PSO_Classifcation\MRI_dataset\Carolis Disease\Carolis_Disease487.jpg,Carolis Disease
C:\Users\HishamMo\Desktop\999_cs\Quantum_Inpired_PSO_Classifcation\MRI_dataset\Carolis Disease\Carolis_Disease488.jpg,Carolis Disease
C:\Users\HishamMo\Desktop\999_cs\Quantum_Inpired_PSO_Classifcation\MRI_dataset\Carolis Disease\Carolis_Disease489.jpg,Carolis Disease
C:\Users\HishamMo\Desktop\999_cs\Quantum_Inpired_PSO_Classifcation\MRI_dataset\Carolis Disease\Carolis_Disease490.jpg,Carolis Disease
C:\Users\HishamMo\Desktop\999_cs\Quantum_Inpired_PSO_Classifcation\MRI_dataset\Carolis Disease\Carolis_Disease491.jpg,Carolis Disease
C:\Users\HishamMo\Desktop\999_cs\Quantum_Inpired_PSO_Classifcation\MRI_dataset\Carolis Disease\Carolis_Disease492.jpg,Carolis Disease
C:\Users\HishamMo\Desktop\999_cs\Quantum_Inpired_PSO_Classifcation\MRI_dataset\Carolis Disease\Carolis_Disease493.jpg,Carolis Disease
C:\Users\HishamMo\Desktop\999_cs\Quantum_Inpired_PSO_Classifcation\MRI_dataset\Carolis Disease\Carolis_Disease494.jpg,Carolis Disease
C:\Users\HishamMo\Desktop\999_cs\Quantum_Inpired_PSO_Classifcation\MRI_dataset\Carolis Disease\Carolis_Disease495.jpg,Carolis Disease
C:\Users\HishamMo\Desktop\999_cs\Quantum_Inpired_PSO_Classifcation\MRI_dataset\Carolis Disease\Carolis_Disease496.jpg,Carolis Disease
C:\Users\HishamMo\Desktop\999_cs\Quantum_Inpired_PSO_Classifcation\MRI_dataset\Carolis Disease\Carolis_Disease497.jpg,Carolis Disease
C:\Users\HishamMo\Desktop\999_cs\Quantum_Inpired_PSO_Classifcation\MRI_dataset\Carolis Disease\Carolis_Disease498.jpg,Carolis Disease
C:\Users\HishamMo\Desktop\999_cs\Quantum_Inpired_PSO_Classifcation\MRI_dataset\Carolis Disease\Carolis_Disease499.jpg,Carolis Disease
C:\Users\HishamMo\Desktop\999_cs\Quantum_Inpired_PSO_Classifcation\MRI_dataset\Carolis Disease\Carolis_Disease500.jpg,Carolis Disease
C:\Users\HishamMo\Desktop\999_cs\Quantum_Inpired_PSO_Classifcation\MRI_dataset\Carolis Disease\Carolis_Disease501.jpg,Carolis Disease
C:\Users\HishamMo\Desktop\999_cs\Quantum_Inpired_PSO_Classifcation\MRI_dataset\Carolis Disease\Carolis_Disease502.jpg,Carolis Disease
C:\Users\HishamMo\Desktop\999_cs\Quantum_Inpired_PSO_Classifcation\MRI_dataset\Carolis Disease\Carolis_Disease503.jpg,Carolis Disease
C:\Users\HishamMo\Desktop\999_cs\Quantum_Inpired_PSO_Classifcation\MRI_dataset\Carolis Disease\Carolis_Disease504.jpg,Carolis Disease
C:\Users\HishamMo\Desktop\999_cs\Quantum_Inpired_PSO_Classifcation\MRI_dataset\Carolis Disease\Carolis_Disease505.jpg,Carolis Disease
C:\Users\HishamMo\Desktop\999_cs\Quantum_Inpired_PSO_Classifcation\MRI_dataset\Carolis Disease\Carolis_Disease506.jpg,Carolis Disease
C:\Users\HishamMo\Desktop\999_cs\Quantum_Inpired_PSO_Classifcation\MRI_dataset\Carolis Disease\Carolis_Disease507.jpg,Carolis Disease
C:\Users\HishamMo\Desktop\999_cs\Quantum_Inpired_PSO_Classifcation\MRI_dataset\Carolis Disease\Carolis_Disease508.jpg,Carolis Disease
C:\Users\HishamMo\Desktop\999_cs\Quantum_Inpired_PSO_Classifcation\MRI_dataset\Carolis Disease\Carolis_Disease509.jpg,Carolis Disease
C:\Users\HishamMo\Desktop\999_cs\Quantum_Inpired_PSO_Classifcation\MRI_dataset\Carolis Disease\Carolis_Disease510.jpg,Carolis Disease
C:\Users\HishamMo\Desktop\999_cs\Quantum_Inpired_PSO_Classifcation\MRI_dataset\Carolis Disease\Carolis_Disease511.jpg,Carolis Disease
C:\Users\HishamMo\Desktop\999_cs\Quantum_Inpired_PSO_Classifcation\MRI_dataset\Carolis Disease\Carolis_Disease512.jpg,Carolis Disease
C:\Users\HishamMo\Desktop\999_cs\Quantum_Inpired_PSO_Classifcation\MRI_dataset\Carolis Disease\Carolis_Disease513.jpg,Carolis Disease
C:\Users\HishamMo\Desktop\999_cs\Quantum_Inpired_PSO_Classifcation\MRI_dataset\Carolis Disease\Carolis_Disease514.jpg,Carolis Disease
C:\Users\HishamMo\Desktop\999_cs\Quantum_Inpired_PSO_Classifcation\MRI_dataset\Carolis Disease\Carolis_Disease515.jpg,Carolis Disease
C:\Users\HishamMo\Desktop\999_cs\Quantum_Inpired_PSO_Classifcation\MRI_dataset\Carolis Disease\Carolis_Disease516.jpg,Carolis Disease
C:\Users\HishamMo\Desktop\999_cs\Quantum_Inpired_PSO_Classifcation\MRI_dataset\Carolis Disease\Carolis_Disease517.jpg,Carolis Disease
C:\Users\HishamMo\Desktop\999_cs\Quantum_Inpired_PSO_Classifcation\MRI_dataset\Carolis Disease\Carolis_Disease518.jpg,Carolis Disease
C:\Users\HishamMo\Desktop\999_cs\Quantum_Inpired_PSO_Classifcation\MRI_dataset\Carolis Disease\Carolis_Disease519.jpg,Carolis Disease
C:\Users\HishamMo\Desktop\999_cs\Quantum_Inpired_PSO_Classifcation\MRI_dataset\Carolis Disease\Carolis_Disease520.jpg,Carolis Disease
C:\Users\HishamMo\Desktop\999_cs\Quantum_Inpired_PSO_Classifcation\MRI_dataset\Carolis Disease\Carolis_Disease521.jpg,Carolis Disease
C:\Users\HishamMo\Desktop\999_cs\Quantum_Inpired_PSO_Classifcation\MRI_dataset\Carolis Disease\Carolis_Disease522.jpg,Carolis Disease
C:\Users\HishamMo\Desktop\999_cs\Quantum_Inpired_PSO_Classifcation\MRI_dataset\Carolis Disease\Carolis_Disease523.jpg,Carolis Disease
C:\Users\HishamMo\Desktop\999_cs\Quantum_Inpired_PSO_Classifcation\MRI_dataset\Carolis Disease\Carolis_Disease524.jpg,Carolis Disease
C:\Users\HishamMo\Desktop\999_cs\Quantum_Inpired_PSO_Classifcation\MRI_dataset\Carolis Disease\Carolis_Disease525.jpg,Carolis Disease
C:\Users\HishamMo\Desktop\999_cs\Quantum_Inpired_PSO_Classifcation\MRI_dataset\Carolis Disease\Carolis_Disease526.jpg,Carolis Disease
C:\Users\HishamMo\Desktop\999_cs\Quantum_Inpired_PSO_Classifcation\MRI_dataset\Carolis Disease\Carolis_Disease527.jpg,Carolis Disease
C:\Users\HishamMo\Desktop\999_cs\Quantum_Inpired_PSO_Classifcation\MRI_dataset\Carolis Disease\Carolis_Disease528.jpg,Carolis Disease
C:\Users\HishamMo\Desktop\999_cs\Quantum_Inpired_PSO_Classifcation\MRI_dataset\Carolis Disease\Carolis_Disease529.jpg,Carolis Disease
C:\Users\HishamMo\Desktop\999_cs\Quantum_Inpired_PSO_Classifcation\MRI_dataset\Carolis Disease\Carolis_Disease530.jpg,Carolis Disease
C:\Users\HishamMo\Desktop\999_cs\Quantum_Inpired_PSO_Classifcation\MRI_dataset\Carolis Disease\Carolis_Disease531.jpg,Carolis Disease
C:\Users\HishamMo\Desktop\999_cs\Quantum_Inpired_PSO_Classifcation\MRI_dataset\Carolis Disease\Carolis_Disease532.jpg,Carolis Disease
C:\Users\HishamMo\Desktop\999_cs\Quantum_Inpired_PSO_Classifcation\MRI_dataset\Carolis Disease\Carolis_Disease533.jpg,Carolis Disease
C:\Users\HishamMo\Desktop\999_cs\Quantum_Inpired_PSO_Classifcation\MRI_dataset\Carolis Disease\Carolis_Disease534.jpg,Carolis Disease
C:\Users\HishamMo\Desktop\999_cs\Quantum_Inpired_PSO_Classifcation\MRI_dataset\Carolis Disease\Carolis_Disease535.jpg,Carolis Disease
C:\Users\HishamMo\Desktop\999_cs\Quantum_Inpired_PSO_Classifcation\MRI_dataset\Carolis Disease\Carolis_Disease536.jpg,Carolis Disease
C:\Users\HishamMo\Desktop\999_cs\Quantum_Inpired_PSO_Classifcation\MRI_dataset\Carolis Disease\Carolis_Disease537.jpg,Carolis Disease
C:\Users\HishamMo\Desktop\999_cs\Quantum_Inpired_PSO_Classifcation\MRI_dataset\Carolis Disease\Carolis_Disease538.jpg,Carolis Disease
C:\Users\HishamMo\Desktop\999_cs\Quantum_Inpired_PSO_Classifcation\MRI_dataset\Carolis Disease\Carolis_Disease539.jpg,Carolis Disease
C:\Users\HishamMo\Desktop\999_cs\Quantum_Inpired_PSO_Classifcation\MRI_dataset\Carolis Disease\Carolis_Disease540.jpg,Carolis Disease
C:\Users\HishamMo\Desktop\999_cs\Quantum_Inpired_PSO_Classifcation\MRI_dataset\Carolis Disease\Carolis_Disease541.jpg,Carolis Disease
C:\Users\HishamMo\Desktop\999_cs\Quantum_Inpired_PSO_Classifcation\MRI_dataset\Carolis Disease\Carolis_Disease542.jpg,Carolis Disease
C:\Users\HishamMo\Desktop\999_cs\Quantum_Inpired_PSO_Classifcation\MRI_dataset\Carolis Disease\Carolis_Disease543.jpg,Carolis Disease
C:\Users\HishamMo\Desktop\999_cs\Quantum_Inpired_PSO_Classifcation\MRI_dataset\Carolis Disease\Carolis_Disease544.jpg,Carolis Disease
C:\Users\HishamMo\Desktop\999_cs\Quantum_Inpired_PSO_Classifcation\MRI_dataset\Carolis Disease\Carolis_Disease545.jpg,Carolis Disease
C:\Users\HishamMo\Desktop\999_cs\Quantum_Inpired_PSO_Classifcation\MRI_dataset\Carolis Disease\Carolis_Disease546.jpg,Carolis Disease
C:\Users\HishamMo\Desktop\999_cs\Quantum_Inpired_PSO_Classifcation\MRI_dataset\Carolis Disease\Carolis_Disease547.jpg,Carolis Disease
C:\Users\HishamMo\Desktop\999_cs\Quantum_Inpired_PSO_Classifcation\MRI_dataset\Carolis Disease\Carolis_Disease548.jpg,Carolis Disease
C:\Users\HishamMo\Desktop\999_cs\Quantum_Inpired_PSO_Classifcation\MRI_dataset\Carolis Disease\Carolis_Disease549.jpg,Carolis Disease
C:\Users\HishamMo\Desktop\999_cs\Quantum_Inpired_PSO_Classifcation\MRI_dataset\Carolis Disease\Carolis_Disease550.jpg,Carolis Disease
C:\Users\HishamMo\Desktop\999_cs\Quantum_Inpired_PSO_Classifcation\MRI_dataset\Carolis Disease\Carolis_Disease551.jpg,Carolis Disease
C:\Users\HishamMo\Desktop\999_cs\Quantum_Inpired_PSO_Classifcation\MRI_dataset\Carolis Disease\Carolis_Disease552.jpg,Carolis Disease
C:\Users\HishamMo\Desktop\999_cs\Quantum_Inpired_PSO_Classifcation\MRI_dataset\Carolis Disease\Carolis_Disease553.jpg,Carolis Disease
C:\Users\HishamMo\Desktop\999_cs\Quantum_Inpired_PSO_Classifcation\MRI_dataset\Carolis Disease\Carolis_Disease554.jpg,Carolis Disease
C:\Users\HishamMo\Desktop\999_cs\Quantum_Inpired_PSO_Classifcation\MRI_dataset\Carolis Disease\Carolis_Disease555.jpg,Carolis Disease
C:\Users\HishamMo\Desktop\999_cs\Quantum_Inpired_PSO_Classifcation\MRI_dataset\Carolis Disease\Carolis_Disease556.jpg,Carolis Disease
C:\Users\HishamMo\Desktop\999_cs\Quantum_Inpired_PSO_Classifcation\MRI_dataset\Carolis Disease\Carolis_Disease557.jpg,Carolis Disease
C:\Users\HishamMo\Desktop\999_cs\Quantum_Inpired_PSO_Classifcation\MRI_dataset\Carolis Disease\Carolis_Disease558.jpg,Carolis Disease
C:\Users\HishamMo\Desktop\999_cs\Quantum_Inpired_PSO_Classifcation\MRI_dataset\Carolis Disease\Carolis_Disease559.jpg,Carolis Disease
C:\Users\HishamMo\Desktop\999_cs\Quantum_Inpired_PSO_Classifcation\MRI_dataset\Carolis Disease\Carolis_Disease560.jpg,Carolis Disease
C:\Users\HishamMo\Desktop\999_cs\Quantum_Inpired_PSO_Classifcation\MRI_dataset\Carolis Disease\Carolis_Disease561.jpg,Carolis Disease
C:\Users\HishamMo\Desktop\999_cs\Quantum_Inpired_PSO_Classifcation\MRI_dataset\Carolis Disease\Carolis_Disease562.jpg,Carolis Disease
C:\Users\HishamMo\Desktop\999_cs\Quantum_Inpired_PSO_Classifcation\MRI_dataset\Carolis Disease\Carolis_Disease563.jpg,Carolis Disease
C:\Users\HishamMo\Desktop\999_cs\Quantum_Inpired_PSO_Classifcation\MRI_dataset\Carolis Disease\Carolis_Disease564.jpg,Carolis Disease
C:\Users\HishamMo\Desktop\999_cs\Quantum_Inpired_PSO_Classifcation\MRI_dataset\Carolis Disease\Carolis_Disease565.jpg,Carolis Disease
C:\Users\HishamMo\Desktop\999_cs\Quantum_Inpired_PSO_Classifcation\MRI_dataset\Carolis Disease\Carolis_Disease566.jpg,Carolis Disease
C:\Users\HishamMo\Desktop\999_cs\Quantum_Inpired_PSO_Classifcation\MRI_dataset\Carolis Disease\Carolis_Disease567.jpg,Carolis Disease
C:\Users\HishamMo\Desktop\999_cs\Quantum_Inpired_PSO_Classifcation\MRI_dataset\Carolis Disease\Carolis_Disease568.jpg,Carolis Disease
C:\Users\HishamMo\Desktop\999_cs\Quantum_Inpired_PSO_Classifcation\MRI_dataset\Carolis Disease\Carolis_Disease569.jpg,Carolis Disease
C:\Users\HishamMo\Desktop\999_cs\Quantum_Inpired_PSO_Classifcation\MRI_dataset\Carolis Disease\Carolis_Disease570.jpg,Carolis Disease
C:\Users\HishamMo\Desktop\999_cs\Quantum_Inpired_PSO_Classifcation\MRI_dataset\Carolis Disease\Carolis_Disease571.jpg,Carolis Disease
C:\Users\HishamMo\Desktop\999_cs\Quantum_Inpired_PSO_Classifcation\MRI_dataset\Carolis Disease\Carolis_Disease572.jpg,Carolis Disease
C:\Users\HishamMo\Desktop\999_cs\Quantum_Inpired_PSO_Classifcation\MRI_dataset\Carolis Disease\Carolis_Disease573.jpg,Carolis Disease
C:\Users\HishamMo\Desktop\999_cs\Quantum_Inpired_PSO_Classifcation\MRI_dataset\Carolis Disease\Carolis_Disease574.jpg,Carolis Disease
C:\Users\HishamMo\Desktop\999_cs\Quantum_Inpired_PSO_Classifcation\MRI_dataset\Carolis Disease\Carolis_Disease575.jpg,Carolis Disease
C:\Users\HishamMo\Desktop\999_cs\Quantum_Inpired_PSO_Classifcation\MRI_dataset\Carolis Disease\Carolis_Disease576.jpg,Carolis Disease
C:\Users\HishamMo\Desktop\999_cs\Quantum_Inpired_PSO_Classifcation\MRI_dataset\Carolis Disease\Carolis_Disease577.jpg,Carolis Disease
C:\Users\HishamMo\Desktop\999_cs\Quantum_Inpired_PSO_Classifcation\MRI_dataset\Carolis Disease\Carolis_Disease578.jpg,Carolis Disease
C:\Users\HishamMo\Desktop\999_cs\Quantum_Inpired_PSO_Classifcation\MRI_dataset\Carolis Disease\Carolis_Disease579.jpg,Carolis Disease
C:\Users\HishamMo\Desktop\999_cs\Quantum_Inpired_PSO_Classifcation\MRI_dataset\Carolis Disease\Carolis_Disease580.jpg,Carolis Disease
C:\Users\HishamMo\Desktop\999_cs\Quantum_Inpired_PSO_Classifcation\MRI_dataset\Carolis Disease\Carolis_Disease581.jpg,Carolis Disease
C:\Users\HishamMo\Desktop\999_cs\Quantum_Inpired_PSO_Classifcation\MRI_dataset\Carolis Disease\Carolis_Disease582.jpg,Carolis Disease
C:\Users\HishamMo\Desktop\999_cs\Quantum_Inpired_PSO_Classifcation\MRI_dataset\Carolis Disease\Carolis_Disease583.jpg,Carolis Disease
C:\Users\HishamMo\Desktop\999_cs\Quantum_Inpired_PSO_Classifcation\MRI_dataset\Carolis Disease\Carolis_Disease584.jpg,Carolis Disease
C:\Users\HishamMo\Desktop\999_cs\Quantum_Inpired_PSO_Classifcation\MRI_dataset\Carolis Disease\Carolis_Disease585.jpg,Carolis Disease
C:\Users\HishamMo\Desktop\999_cs\Quantum_Inpired_PSO_Classifcation\MRI_dataset\Carolis Disease\Carolis_Disease586.jpg,Carolis Disease
C:\Users\HishamMo\Desktop\999_cs\Quantum_Inpired_PSO_Classifcation\MRI_dataset\Carolis Disease\Carolis_Disease587.jpg,Carolis Disease
C:\Users\HishamMo\Desktop\999_cs\Quantum_Inpired_PSO_Classifcation\MRI_dataset\Carolis Disease\Carolis_Disease588.jpg,Carolis Disease
C:\Users\HishamMo\Desktop\999_cs\Quantum_Inpired_PSO_Classifcation\MRI_dataset\Carolis Disease\Carolis_Disease589.jpg,Carolis Disease
C:\Users\HishamMo\Desktop\999_cs\Quantum_Inpired_PSO_Classifcation\MRI_dataset\Carolis Disease\Carolis_Disease590.jpg,Carolis Disease
C:\Users\HishamMo\Desktop\999_cs\Quantum_Inpired_PSO_Classifcation\MRI_dataset\Carolis Disease\Carolis_Disease591.jpg,Carolis Disease
C:\Users\HishamMo\Desktop\999_cs\Quantum_Inpired_PSO_Classifcation\MRI_dataset\Carolis Disease\Carolis_Disease592.jpg,Carolis Disease
C:\Users\HishamMo\Desktop\999_cs\Quantum_Inpired_PSO_Classifcation\MRI_dataset\Carolis Disease\Carolis_Disease593.jpg,Carolis Disease
C:\Users\HishamMo\Desktop\999_cs\Quantum_Inpired_PSO_Classifcation\MRI_dataset\Carolis Disease\Carolis_Disease594.jpg,Carolis Disease
C:\Users\HishamMo\Desktop\999_cs\Quantum_Inpired_PSO_Classifcation\MRI_dataset\Carolis Disease\Carolis_Disease595.jpg,Carolis Disease
C:\Users\HishamMo\Desktop\999_cs\Quantum_Inpired_PSO_Classifcation\MRI_dataset\Carolis Disease\Carolis_Disease596.jpg,Carolis Disease
C:\Users\HishamMo\Desktop\999_cs\Quantum_Inpired_PSO_Classifcation\MRI_dataset\Carolis Disease\Carolis_Disease597.jpg,Carolis Disease
C:\Users\HishamMo\Desktop\999_cs\Quantum_Inpired_PSO_Classifcation\MRI_dataset\Carolis Disease\Carolis_Disease598.jpg,Carolis Disease
C:\Users\HishamMo\Desktop\999_cs\Quantum_Inpired_PSO_Classifcation\MRI_dataset\Carolis Disease\Carolis_Disease599.jpg,Carolis Disease
C:\Users\HishamMo\Desktop\999_cs\Quantum_Inpired_PSO_Classifcation\MRI_dataset\Carolis Disease\Carolis_Disease600.jpg,Carolis Disease
C:\Users\HishamMo\Desktop\999_cs\Quantum_Inpired_PSO_Classifcation\MRI_dataset\Carolis Disease\Carolis_Disease601.jpg,Carolis Disease
C:\Users\HishamMo\Desktop\999_cs\Quantum_Inpired_PSO_Classifcation\MRI_dataset\Carolis Disease\Carolis_Disease602.jpg,Carolis Disease
C:\Users\HishamMo\Desktop\999_cs\Quantum_Inpired_PSO_Classifcation\MRI_dataset\Carolis Disease\Carolis_Disease603.jpg,Carolis Disease
C:\Users\HishamMo\Desktop\999_cs\Quantum_Inpired_PSO_Classifcation\MRI_dataset\Carolis Disease\Carolis_Disease604.jpg,Carolis Disease
C:\Users\HishamMo\Desktop\999_cs\Quantum_Inpired_PSO_Classifcation\MRI_dataset\Carolis Disease\Carolis_Disease605.jpg,Carolis Disease
C:\Users\HishamMo\Desktop\999_cs\Quantum_Inpired_PSO_Classifcation\MRI_dataset\Carolis Disease\Carolis_Disease606.jpg,Carolis Disease
C:\Users\HishamMo\Desktop\999_cs\Quantum_Inpired_PSO_Classifcation\MRI_dataset\Carolis Disease\Carolis_Disease607.jpg,Carolis Disease
C:\Users\HishamMo\Desktop\999_cs\Quantum_Inpired_PSO_Classifcation\MRI_dataset\Carolis Disease\Carolis_Disease608.jpg,Carolis Disease
C:\Users\HishamMo\Desktop\999_cs\Quantum_Inpired_PSO_Classifcation\MRI_dataset\Carolis Disease\Carolis_Disease609.jpg,Carolis Disease
C:\Users\HishamMo\Desktop\999_cs\Quantum_Inpired_PSO_Classifcation\MRI_dataset\Carolis Disease\Carolis_Disease610.jpg,Carolis Disease
C:\Users\HishamMo\Desktop\999_cs\Quantum_Inpired_PSO_Classifcation\MRI_dataset\Carolis Disease\Carolis_Disease611.jpg,Carolis Disease
C:\Users\HishamMo\Desktop\999_cs\Quantum_Inpired_PSO_Classifcation\MRI_dataset\Carolis Disease\Carolis_Disease612.jpg,Carolis Disease
C:\Users\HishamMo\Desktop\999_cs\Quantum_Inpired_PSO_Classifcation\MRI_dataset\Carolis Disease\Carolis_Disease613.jpg,Carolis Disease
C:\Users\HishamMo\Desktop\999_cs\Quantum_Inpired_PSO_Classifcation\MRI_dataset\Carolis Disease\Carolis_Disease614.jpg,Carolis Disease
C:\Users\HishamMo\Desktop\999_cs\Quantum_Inpired_PSO_Classifcation\MRI_dataset\Carolis Disease\Carolis_Disease615.jpg,Carolis Disease
C:\Users\HishamMo\Desktop\999_cs\Quantum_Inpired_PSO_Classifcation\MRI_dataset\Carolis Disease\Carolis_Disease616.jpg,Carolis Disease
C:\Users\HishamMo\Desktop\999_cs\Quantum_Inpired_PSO_Classifcation\MRI_dataset\Carolis Disease\Carolis_Disease617.jpg,Carolis Disease
C:\Users\HishamMo\Desktop\999_cs\Quantum_Inpired_PSO_Classifcation\MRI_dataset\Carolis Disease\Carolis_Disease618.jpg,Carolis Disease
C:\Users\HishamMo\Desktop\999_cs\Quantum_Inpired_PSO_Classifcation\MRI_dataset\Carolis Disease\Carolis_Disease619.jpg,Carolis Disease
C:\Users\HishamMo\Desktop\999_cs\Quantum_Inpired_PSO_Classifcation\MRI_dataset\Carolis Disease\Carolis_Disease620.jpg,Carolis Disease
C:\Users\HishamMo\Desktop\999_cs\Quantum_Inpired_PSO_Classifcation\MRI_dataset\Carolis Disease\Carolis_Disease621.jpg,Carolis Disease
C:\Users\HishamMo\Desktop\999_cs\Quantum_Inpired_PSO_Classifcation\MRI_dataset\Carolis Disease\Carolis_Disease622.jpg,Carolis Disease
C:\Users\HishamMo\Desktop\999_cs\Quantum_Inpired_PSO_Classifcation\MRI_dataset\Carolis Disease\Carolis_Disease623.jpg,Carolis Disease
C:\Users\HishamMo\Desktop\999_cs\Quantum_Inpired_PSO_Classifcation\MRI_dataset\Carolis Disease\Carolis_Disease624.jpg,Carolis Disease
C:\Users\HishamMo\Desktop\999_cs\Quantum_Inpired_PSO_Classifcation\MRI_dataset\Carolis Disease\Carolis_Disease625.jpg,Carolis Disease
C:\Users\HishamMo\Desktop\999_cs\Quantum_Inpired_PSO_Classifcation\MRI_dataset\Carolis Disease\Carolis_Disease626.jpg,Carolis Disease
C:\Users\HishamMo\Desktop\999_cs\Quantum_Inpired_PSO_Classifcation\MRI_dataset\Carolis Disease\Carolis_Disease627.jpg,Carolis Disease
C:\Users\HishamMo\Desktop\999_cs\Quantum_Inpired_PSO_Classifcation\MRI_dataset\Carolis Disease\Carolis_Disease628.jpg,Carolis Disease
C:\Users\HishamMo\Desktop\999_cs\Quantum_Inpired_PSO_Classifcation\MRI_dataset\Carolis Disease\Carolis_Disease629.jpg,Carolis Disease
C:\Users\HishamMo\Desktop\999_cs\Quantum_Inpired_PSO_Classifcation\MRI_dataset\Carolis Disease\Carolis_Disease630.jpg,Carolis Disease
C:\Users\HishamMo\Desktop\999_cs\Quantum_Inpired_PSO_Classifcation\MRI_dataset\Carolis Disease\Carolis_Disease631.jpg,Carolis Disease
C:\Users\HishamMo\Desktop\999_cs\Quantum_Inpired_PSO_Classifcation\MRI_dataset\Carolis Disease\Carolis_Disease632.jpg,Carolis Disease
C:\Users\HishamMo\Desktop\999_cs\Quantum_Inpired_PSO_Classifcation\MRI_dataset\Carolis Disease\Carolis_Disease633.jpg,Carolis Disease
C:\Users\HishamMo\Desktop\999_cs\Quantum_Inpired_PSO_Classifcation\MRI_dataset\Carolis Disease\Carolis_Disease634.jpg,Carolis Disease
C:\Users\HishamMo\Desktop\999_cs\Quantum_Inpired_PSO_Classifcation\MRI_dataset\Carolis Disease\Carolis_Disease635.jpg,Carolis Disease
C:\Users\HishamMo\Desktop\999_cs\Quantum_Inpired_PSO_Classifcation\MRI_dataset\Carolis Disease\Carolis_Disease636.jpg,Carolis Disease
C:\Users\HishamMo\Desktop\999_cs\Quantum_Inpired_PSO_Classifcation\MRI_dataset\Carolis Disease\Carolis_Disease637.jpg,Carolis Disease
C:\Users\HishamMo\Desktop\999_cs\Quantum_Inpired_PSO_Classifcation\MRI_dataset\Carolis Disease\Carolis_Disease638.jpg,Carolis Disease
C:\Users\HishamMo\Desktop\999_cs\Quantum_Inpired_PSO_Classifcation\MRI_dataset\Carolis Disease\Carolis_Disease639.jpg,Carolis Disease
C:\Users\HishamMo\Desktop\999_cs\Quantum_Inpired_PSO_Classifcation\MRI_dataset\Carolis Disease\Carolis_Disease640.jpg,Carolis Disease
C:\Users\HishamMo\Desktop\999_cs\Quantum_Inpired_PSO_Classifcation\MRI_dataset\Carolis Disease\Carolis_Disease641.jpg,Carolis Disease
C:\Users\HishamMo\Desktop\999_cs\Quantum_Inpired_PSO_Classifcation\MRI_dataset\Carolis Disease\Carolis_Disease642.jpg,Carolis Disease
C:\Users\HishamMo\Desktop\999_cs\Quantum_Inpired_PSO_Classifcation\MRI_dataset\Carolis Disease\Carolis_Disease643.jpg,Carolis Disease
C:\Users\HishamMo\Desktop\999_cs\Quantum_Inpired_PSO_Classifcation\MRI_dataset\Carolis Disease\Carolis_Disease644.jpg,Carolis Disease
C:\Users\HishamMo\Desktop\999_cs\Quantum_Inpired_PSO_Classifcation\MRI_dataset\Carolis Disease\Carolis_Disease645.jpg,Carolis Disease
C:\Users\HishamMo\Desktop\999_cs\Quantum_Inpired_PSO_Classifcation\MRI_dataset\Carolis Disease\Carolis_Disease646.jpg,Carolis Disease
C:\Users\HishamMo\Desktop\999_cs\Quantum_Inpired_PSO_Classifcation\MRI_dataset\Carolis Disease\Carolis_Disease647.jpg,Carolis Disease
C:\Users\HishamMo\Desktop\999_cs\Quantum_Inpired_PSO_Classifcation\MRI_dataset\Carolis Disease\Carolis_Disease648.jpg,Carolis Disease
C:\Users\HishamMo\Desktop\999_cs\Quantum_Inpired_PSO_Classifcation\MRI_dataset\Carolis Disease\Carolis_Disease649.jpg,Carolis Disease
C:\Users\HishamMo\Desktop\999_cs\Quantum_Inpired_PSO_Classifcation\MRI_dataset\Carolis Disease\Carolis_Disease650.jpg,Carolis Disease
C:\Users\HishamMo\Desktop\999_cs\Quantum_Inpired_PSO_Classifcation\MRI_dataset\Carolis Disease\Carolis_Disease651.jpg,Carolis Disease
C:\Users\HishamMo\Desktop\999_cs\Quantum_Inpired_PSO_Classifcation\MRI_dataset\Carolis Disease\Carolis_Disease652.jpg,Carolis Disease
C:\Users\HishamMo\Desktop\999_cs\Quantum_Inpired_PSO_Classifcation\MRI_dataset\Carolis Disease\Carolis_Disease653.jpg,Carolis Disease
C:\Users\HishamMo\Desktop\999_cs\Quantum_Inpired_PSO_Classifcation\MRI_dataset\Carolis Disease\Carolis_Disease654.jpg,Carolis Disease
C:\Users\HishamMo\Desktop\999_cs\Quantum_Inpired_PSO_Classifcation\MRI_dataset\Carolis Disease\Carolis_Disease655.jpg,Carolis Disease
C:\Users\HishamMo\Desktop\999_cs\Quantum_Inpired_PSO_Classifcation\MRI_dataset\Carolis Disease\Carolis_Disease656.jpg,Carolis Disease
C:\Users\HishamMo\Desktop\999_cs\Quantum_Inpired_PSO_Classifcation\MRI_dataset\Carolis Disease\Carolis_Disease657.jpg,Carolis Disease
C:\Users\HishamMo\Desktop\999_cs\Quantum_Inpired_PSO_Classifcation\MRI_dataset\Carolis Disease\Carolis_Disease658.jpg,Carolis Disease
C:\Users\HishamMo\Desktop\999_cs\Quantum_Inpired_PSO_Classifcation\MRI_dataset\Carolis Disease\Carolis_Disease659.jpg,Carolis Disease
C:\Users\HishamMo\Desktop\999_cs\Quantum_Inpired_PSO_Classifcation\MRI_dataset\Carolis Disease\Carolis_Disease660.jpg,Carolis Disease
C:\Users\HishamMo\Desktop\999_cs\Quantum_Inpired_PSO_Classifcation\MRI_dataset\Carolis Disease\Carolis_Disease661.jpg,Carolis Disease
C:\Users\HishamMo\Desktop\999_cs\Quantum_Inpired_PSO_Classifcation\MRI_dataset\Carolis Disease\Carolis_Disease662.jpg,Carolis Disease
C:\Users\HishamMo\Desktop\999_cs\Quantum_Inpired_PSO_Classifcation\MRI_dataset\Carolis Disease\Carolis_Disease663.jpg,Carolis Disease
C:\Users\HishamMo\Desktop\999_cs\Quantum_Inpired_PSO_Classifcation\MRI_dataset\Carolis Disease\Carolis_Disease664.jpg,Carolis Disease
C:\Users\HishamMo\Desktop\999_cs\Quantum_Inpired_PSO_Classifcation\MRI_dataset\Carolis Disease\Carolis_Disease665.jpg,Carolis Disease
C:\Users\HishamMo\Desktop\999_cs\Quantum_Inpired_PSO_Classifcation\MRI_dataset\Carolis Disease\Carolis_Disease666.jpg,Carolis Disease
C:\Users\HishamMo\Desktop\999_cs\Quantum_Inpired_PSO_Classifcation\MRI_dataset\Carolis Disease\Carolis_Disease667.jpg,Carolis Disease
C:\Users\HishamMo\Desktop\999_cs\Quantum_Inpired_PSO_Classifcation\MRI_dataset\Carolis Disease\Carolis_Disease668.jpg,Carolis Disease
C:\Users\HishamMo\Desktop\999_cs\Quantum_Inpired_PSO_Classifcation\MRI_dataset\Carolis Disease\Carolis_Disease669.jpg,Carolis Disease
C:\Users\HishamMo\Desktop\999_cs\Quantum_Inpired_PSO_Classifcation\MRI_dataset\Carolis Disease\Carolis_Disease670.jpg,Carolis Disease
C:\Users\HishamMo\Desktop\999_cs\Quantum_Inpired_PSO_Classifcation\MRI_dataset\Carolis Disease\Carolis_Disease671.jpg,Carolis Disease
C:\Users\HishamMo\Desktop\999_cs\Quantum_Inpired_PSO_Classifcation\MRI_dataset\Carolis Disease\Carolis_Disease672.jpg,Carolis Disease
C:\Users\HishamMo\Desktop\999_cs\Quantum_Inpired_PSO_Classifcation\MRI_dataset\Carolis Disease\Carolis_Disease673.jpg,Carolis Disease
C:\Users\HishamMo\Desktop\999_cs\Quantum_Inpired_PSO_Classifcation\MRI_dataset\Carolis Disease\Carolis_Disease674.jpg,Carolis Disease
C:\Users\HishamMo\Desktop\999_cs\Quantum_Inpired_PSO_Classifcation\MRI_dataset\Carolis Disease\Carolis_Disease675.jpg,Carolis Disease
C:\Users\HishamMo\Desktop\999_cs\Quantum_Inpired_PSO_Classifcation\MRI_dataset\Carolis Disease\Carolis_Disease676.jpg,Carolis Disease
C:\Users\HishamMo\Desktop\999_cs\Quantum_Inpired_PSO_Classifcation\MRI_dataset\Carolis Disease\Carolis_Disease677.jpg,Carolis Disease
C:\Users\HishamMo\Desktop\999_cs\Quantum_Inpired_PSO_Classifcation\MRI_dataset\Carolis Disease\Carolis_Disease678.jpg,Carolis Disease
C:\Users\HishamMo\Desktop\999_cs\Quantum_Inpired_PSO_Classifcation\MRI_dataset\Carolis Disease\Carolis_Disease679.jpg,Carolis Disease
C:\Users\HishamMo\Desktop\999_cs\Quantum_Inpired_PSO_Classifcation\MRI_dataset\Carolis Disease\Carolis_Disease680.jpg,Carolis Disease
C:\Users\HishamMo\Desktop\999_cs\Quantum_Inpired_PSO_Classifcation\MRI_dataset\Carolis Disease\Carolis_Disease681.jpg,Carolis Disease
C:\Users\HishamMo\Desktop\999_cs\Quantum_Inpired_PSO_Classifcation\MRI_dataset\Carolis Disease\Carolis_Disease682.jpg,Carolis Disease
C:\Users\HishamMo\Desktop\999_cs\Quantum_Inpired_PSO_Classifcation\MRI_dataset\Carolis Disease\Carolis_Disease683.jpg,Carolis Disease
C:\Users\HishamMo\Desktop\999_cs\Quantum_Inpired_PSO_Classifcation\MRI_dataset\Carolis Disease\Carolis_Disease684.jpg,Carolis Disease
C:\Users\HishamMo\Desktop\999_cs\Quantum_Inpired_PSO_Classifcation\MRI_dataset\Carolis Disease\Carolis_Disease685.jpg,Carolis Disease
C:\Users\HishamMo\Desktop\999_cs\Quantum_Inpired_PSO_Classifcation\MRI_dataset\Carolis Disease\Carolis_Disease686.jpg,Carolis Disease
C:\Users\HishamMo\Desktop\999_cs\Quantum_Inpired_PSO_Classifcation\MRI_dataset\Carolis Disease\Carolis_Disease687.jpg,Carolis Disease
C:\Users\HishamMo\Desktop\999_cs\Quantum_Inpired_PSO_Classifcation\MRI_dataset\Carolis Disease\Carolis_Disease688.jpg,Carolis Disease
C:\Users\HishamMo\Desktop\999_cs\Quantum_Inpired_PSO_Classifcation\MRI_dataset\Carolis Disease\Carolis_Disease689.jpg,Carolis Disease
C:\Users\HishamMo\Desktop\999_cs\Quantum_Inpired_PSO_Classifcation\MRI_dataset\Carolis Disease\Carolis_Disease690.jpg,Carolis Disease
C:\Users\HishamMo\Desktop\999_cs\Quantum_Inpired_PSO_Classifcation\MRI_dataset\Carolis Disease\Carolis_Disease691.jpg,Carolis Disease
C:\Users\HishamMo\Desktop\999_cs\Quantum_Inpired_PSO_Classifcation\MRI_dataset\Carolis Disease\Carolis_Disease692.jpg,Carolis Disease
C:\Users\HishamMo\Desktop\999_cs\Quantum_Inpired_PSO_Classifcation\MRI_dataset\Carolis Disease\Carolis_Disease693.jpg,Carolis Disease
C:\Users\HishamMo\Desktop\999_cs\Quantum_Inpired_PSO_Classifcation\MRI_dataset\Carolis Disease\Carolis_Disease694.jpg,Carolis Disease
C:\Users\HishamMo\Desktop\999_cs\Quantum_Inpired_PSO_Classifcation\MRI_dataset\Carolis Disease\Carolis_Disease695.jpg,Carolis Disease
C:\Users\HishamMo\Desktop\999_cs\Quantum_Inpired_PSO_Classifcation\MRI_dataset\Carolis Disease\Carolis_Disease696.jpg,Carolis Disease
C:\Users\HishamMo\Desktop\999_cs\Quantum_Inpired_PSO_Classifcation\MRI_dataset\Carolis Disease\Carolis_Disease697.jpg,Carolis Disease
C:\Users\HishamMo\Desktop\999_cs\Quantum_Inpired_PSO_Classifcation\MRI_dataset\Carolis Disease\Carolis_Disease698.jpg,Carolis Disease
C:\Users\HishamMo\Desktop\999_cs\Quantum_Inpired_PSO_Classifcation\MRI_dataset\Carolis Disease\Carolis_Disease699.jpg,Carolis Disease
C:\Users\HishamMo\Desktop\999_cs\Quantum_Inpired_PSO_Classifcation\MRI_dataset\Carolis Disease\Carolis_Disease700.jpg,Carolis Disease
C:\Users\HishamMo\Desktop\999_cs\Quantum_Inpired_PSO_Classifcation\MRI_dataset\Carolis Disease\Carolis_Disease701.jpg,Carolis Disease
C:\Users\HishamMo\Desktop\999_cs\Quantum_Inpired_PSO_Classifcation\MRI_dataset\Carolis Disease\Carolis_Disease702.jpg,Carolis Disease
C:\Users\HishamMo\Desktop\999_cs\Quantum_Inpired_PSO_Classifcation\MRI_dataset\Carolis Disease\Carolis_Disease703.jpg,Carolis Disease
C:\Users\HishamMo\Desktop\999_cs\Quantum_Inpired_PSO_Classifcation\MRI_dataset\Carolis Disease\Carolis_Disease704.jpg,Carolis Disease
C:\Users\HishamMo\Desktop\999_cs\Quantum_Inpired_PSO_Classifcation\MRI_dataset\Carolis Disease\Carolis_Disease705.jpg,Carolis Disease
C:\Users\HishamMo\Desktop\999_cs\Quantum_Inpired_PSO_Classifcation\MRI_dataset\Carolis Disease\Carolis_Disease706.jpg,Carolis Disease
C:\Users\HishamMo\Desktop\999_cs\Quantum_Inpired_PSO_Classifcation\MRI_dataset\Carolis Disease\Carolis_Disease707.jpg,Carolis Disease
C:\Users\HishamMo\Desktop\999_cs\Quantum_Inpired_PSO_Classifcation\MRI_dataset\Carolis Disease\Carolis_Disease708.jpg,Carolis Disease
C:\Users\HishamMo\Desktop\999_cs\Quantum_Inpired_PSO_Classifcation\MRI_dataset\Carolis Disease\Carolis_Disease709.jpg,Carolis Disease
C:\Users\HishamMo\Desktop\999_cs\Quantum_Inpired_PSO_Classifcation\MRI_dataset\Carolis Disease\Carolis_Disease710.jpg,Carolis Disease
C:\Users\HishamMo\Desktop\999_cs\Quantum_Inpired_PSO_Classifcation\MRI_dataset\Carolis Disease\Carolis_Disease711.jpg,Carolis Disease
C:\Users\HishamMo\Desktop\999_cs\Quantum_Inpired_PSO_Classifcation\MRI_dataset\Carolis Disease\Carolis_Disease712.jpg,Carolis Disease
C:\Users\HishamMo\Desktop\999_cs\Quantum_Inpired_PSO_Classifcation\MRI_dataset\Carolis Disease\Carolis_Disease713.jpg,Carolis Disease
C:\Users\HishamMo\Desktop\999_cs\Quantum_Inpired_PSO_Classifcation\MRI_dataset\Carolis Disease\Carolis_Disease714.jpg,Carolis Disease
C:\Users\HishamMo\Desktop\999_cs\Quantum_Inpired_PSO_Classifcation\MRI_dataset\Carolis Disease\Carolis_Disease715.jpg,Carolis Disease
C:\Users\HishamMo\Desktop\999_cs\Quantum_Inpired_PSO_Classifcation\MRI_dataset\Carolis Disease\Carolis_Disease716.jpg,Carolis Disease
C:\Users\HishamMo\Desktop\999_cs\Quantum_Inpired_PSO_Classifcation\MRI_dataset\Carolis Disease\Carolis_Disease717.jpg,Carolis Disease
C:\Users\HishamMo\Desktop\999_cs\Quantum_Inpired_PSO_Classifcation\MRI_dataset\Carolis Disease\Carolis_Disease718.jpg,Carolis Disease
C:\Users\HishamMo\Desktop\999_cs\Quantum_Inpired_PSO_Classifcation\MRI_dataset\Carolis Disease\Carolis_Disease719.jpg,Carolis Disease
C:\Users\HishamMo\Desktop\999_cs\Quantum_Inpired_PSO_Classifcation\MRI_dataset\Carolis Disease\Carolis_Disease720.jpg,Carolis Disease
C:\Users\HishamMo\Desktop\999_cs\Quantum_Inpired_PSO_Classifcation\MRI_dataset\Carolis Disease\Carolis_Disease721.jpg,Carolis Disease
C:\Users\HishamMo\Desktop\999_cs\Quantum_Inpired_PSO_Classifcation\MRI_dataset\Carolis Disease\Carolis_Disease722.jpg,Carolis Disease
C:\Users\HishamMo\Desktop\999_cs\Quantum_Inpired_PSO_Classifcation\MRI_dataset\Carolis Disease\Carolis_Disease723.jpg,Carolis Disease
C:\Users\HishamMo\Desktop\999_cs\Quantum_Inpired_PSO_Classifcation\MRI_dataset\Carolis Disease\Carolis_Disease724.jpg,Carolis Disease
C:\Users\HishamMo\Desktop\999_cs\Quantum_Inpired_PSO_Classifcation\MRI_dataset\Carolis Disease\Carolis_Disease725.jpg,Carolis Disease
C:\Users\HishamMo\Desktop\999_cs\Quantum_Inpired_PSO_Classifcation\MRI_dataset\Carolis Disease\Carolis_Disease726.jpg,Carolis Disease
C:\Users\HishamMo\Desktop\999_cs\Quantum_Inpired_PSO_Classifcation\MRI_dataset\Carolis Disease\Carolis_Disease727.jpg,Carolis Disease
C:\Users\HishamMo\Desktop\999_cs\Quantum_Inpired_PSO_Classifcation\MRI_dataset\Carolis Disease\Carolis_Disease728.jpg,Carolis Disease
C:\Users\HishamMo\Desktop\999_cs\Quantum_Inpired_PSO_Classifcation\MRI_dataset\Carolis Disease\Carolis_Disease729.jpg,Carolis Disease
C:\Users\HishamMo\Desktop\999_cs\Quantum_Inpired_PSO_Classifcation\MRI_dataset\Carolis Disease\Carolis_Disease730.jpg,Carolis Disease
C:\Users\HishamMo\Desktop\999_cs\Quantum_Inpired_PSO_Classifcation\MRI_dataset\Carolis Disease\Carolis_Disease731.jpg,Carolis Disease
C:\Users\HishamMo\Desktop\999_cs\Quantum_Inpired_PSO_Classifcation\MRI_dataset\Carolis Disease\Carolis_Disease732.jpg,Carolis Disease
C:\Users\HishamMo\Desktop\999_cs\Quantum_Inpired_PSO_Classifcation\MRI_dataset\Carolis Disease\Carolis_Disease733.jpg,Carolis Disease
C:\Users\HishamMo\Desktop\999_cs\Quantum_Inpired_PSO_Classifcation\MRI_dataset\Carolis Disease\Carolis_Disease734.jpg,Carolis Disease
C:\Users\HishamMo\Desktop\999_cs\Quantum_Inpired_PSO_Classifcation\MRI_dataset\Carolis Disease\Carolis_Disease735.jpg,Carolis Disease
C:\Users\HishamMo\Desktop\999_cs\Quantum_Inpired_PSO_Classifcation\MRI_dataset\Carolis Disease\Carolis_Disease736.jpg,Carolis Disease
C:\Users\HishamMo\Desktop\999_cs\Quantum_Inpired_PSO_Classifcation\MRI_dataset\Carolis Disease\Carolis_Disease737.jpg,Carolis Disease
C:\Users\HishamMo\Desktop\999_cs\Quantum_Inpired_PSO_Classifcation\MRI_dataset\Carolis Disease\Carolis_Disease738.jpg,Carolis Disease
C:\Users\HishamMo\Desktop\999_cs\Quantum_Inpired_PSO_Classifcation\MRI_dataset\Carolis Disease\Carolis_Disease739.jpg,Carolis Disease
C:\Users\HishamMo\Desktop\999_cs\Quantum_Inpired_PSO_Classifcation\MRI_dataset\Carolis Disease\Carolis_Disease740.jpg,Carolis Disease
C:\Users\HishamMo\Desktop\999_cs\Quantum_Inpired_PSO_Classifcation\MRI_dataset\Carolis Disease\Carolis_Disease741.jpg,Carolis Disease
C:\Users\HishamMo\Desktop\999_cs\Quantum_Inpired_PSO_Classifcation\MRI_dataset\Carolis Disease\Carolis_Disease742.jpg,Carolis Disease
C:\Users\HishamMo\Desktop\999_cs\Quantum_Inpired_PSO_Classifcation\MRI_dataset\Carolis Disease\Carolis_Disease743.jpg,Carolis Disease
C:\Users\HishamMo\Desktop\999_cs\Quantum_Inpired_PSO_Classifcation\MRI_dataset\Carolis Disease\Carolis_Disease744.jpg,Carolis Disease
C:\Users\HishamMo\Desktop\999_cs\Quantum_Inpired_PSO_Classifcation\MRI_dataset\Carolis Disease\Carolis_Disease745.jpg,Carolis Disease
C:\Users\HishamMo\Desktop\999_cs\Quantum_Inpired_PSO_Classifcation\MRI_dataset\Carolis Disease\Carolis_Disease746.jpg,Carolis Disease
C:\Users\HishamMo\Desktop\999_cs\Quantum_Inpired_PSO_Classifcation\MRI_dataset\Carolis Disease\Carolis_Disease747.jpg,Carolis Disease
C:\Users\HishamMo\Desktop\999_cs\Quantum_Inpired_PSO_Classifcation\MRI_dataset\Carolis Disease\Carolis_Disease748.jpg,Carolis Disease
C:\Users\HishamMo\Desktop\999_cs\Quantum_Inpired_PSO_Classifcation\MRI_dataset\Carolis Disease\Carolis_Disease749.jpg,Carolis Disease
C:\Users\HishamMo\Desktop\999_cs\Quantum_Inpired_PSO_Classifcation\MRI_dataset\Carolis Disease\Carolis_Disease750.jpg,Carolis Disease
C:\Users\HishamMo\Desktop\999_cs\Quantum_Inpired_PSO_Classifcation\MRI_dataset\Carolis Disease\Carolis_Disease751.jpg,Carolis Disease
C:\Users\HishamMo\Desktop\999_cs\Quantum_Inpired_PSO_Classifcation\MRI_dataset\Carolis Disease\Carolis_Disease752.jpg,Carolis Disease
C:\Users\HishamMo\Desktop\999_cs\Quantum_Inpired_PSO_Classifcation\MRI_dataset\Carolis Disease\Carolis_Disease753.jpg,Carolis Disease
C:\Users\HishamMo\Desktop\999_cs\Quantum_Inpired_PSO_Classifcation\MRI_dataset\Carolis Disease\Carolis_Disease754.jpg,Carolis Disease
C:\Users\HishamMo\Desktop\999_cs\Quantum_Inpired_PSO_Classifcation\MRI_dataset\Carolis Disease\Carolis_Disease755.jpg,Carolis Disease
C:\Users\HishamMo\Desktop\999_cs\Quantum_Inpired_PSO_Classifcation\MRI_dataset\Carolis Disease\Carolis_Disease756.jpg,Carolis Disease
C:\Users\HishamMo\Desktop\999_cs\Quantum_Inpired_PSO_Classifcation\MRI_dataset\Carolis Disease\Carolis_Disease757.jpg,Carolis Disease
C:\Users\HishamMo\Desktop\999_cs\Quantum_Inpired_PSO_Classifcation\MRI_dataset\Carolis Disease\Carolis_Disease758.jpg,Carolis Disease
C:\Users\HishamMo\Desktop\999_cs\Quantum_Inpired_PSO_Classifcation\MRI_dataset\Carolis Disease\Carolis_Disease759.jpg,Carolis Disease
C:\Users\HishamMo\Desktop\999_cs\Quantum_Inpired_PSO_Classifcation\MRI_dataset\Carolis Disease\Carolis_Disease760.jpg,Carolis Disease
C:\Users\HishamMo\Desktop\999_cs\Quantum_Inpired_PSO_Classifcation\MRI_dataset\Carolis Disease\Carolis_Disease761.jpg,Carolis Disease
C:\Users\HishamMo\Desktop\999_cs\Quantum_Inpired_PSO_Classifcation\MRI_dataset\Carolis Disease\Carolis_Disease762.jpg,Carolis Disease
C:\Users\HishamMo\Desktop\999_cs\Quantum_Inpired_PSO_Classifcation\MRI_dataset\Carolis Disease\Carolis_Disease763.jpg,Carolis Disease
C:\Users\HishamMo\Desktop\999_cs\Quantum_Inpired_PSO_Classifcation\MRI_dataset\Carolis Disease\Carolis_Disease764.jpg,Carolis Disease
C:\Users\HishamMo\Desktop\999_cs\Quantum_Inpired_PSO_Classifcation\MRI_dataset\Carolis Disease\Carolis_Disease765.jpg,Carolis Disease
C:\Users\HishamMo\Desktop\999_cs\Quantum_Inpired_PSO_Classifcation\MRI_dataset\Carolis Disease\Carolis_Disease766.jpg,Carolis Disease
C:\Users\HishamMo\Desktop\999_cs\Quantum_Inpired_PSO_Classifcation\MRI_dataset\Carolis Disease\Carolis_Disease767.jpg,Carolis Disease
C:\Users\HishamMo\Desktop\999_cs\Quantum_Inpired_PSO_Classifcation\MRI_dataset\Carolis Disease\Carolis_Disease768.jpg,Carolis Disease
C:\Users\HishamMo\Desktop\999_cs\Quantum_Inpired_PSO_Classifcation\MRI_dataset\Carolis Disease\Carolis_Disease769.jpg,Carolis Disease
C:\Users\HishamMo\Desktop\999_cs\Quantum_Inpired_PSO_Classifcation\MRI_dataset\Carolis Disease\Carolis_Disease770.jpg,Carolis Disease
C:\Users\HishamMo\Desktop\999_cs\Quantum_Inpired_PSO_Classifcation\MRI_dataset\Carolis Disease\Carolis_Disease771.jpg,Carolis Disease
C:\Users\HishamMo\Desktop\999_cs\Quantum_Inpired_PSO_Classifcation\MRI_dataset\Carolis Disease\Carolis_Disease772.jpg,Carolis Disease
C:\Users\HishamMo\Desktop\999_cs\Quantum_Inpired_PSO_Classifcation\MRI_dataset\Carolis Disease\Carolis_Disease773.jpg,Carolis Disease
C:\Users\HishamMo\Desktop\999_cs\Quantum_Inpired_PSO_Classifcation\MRI_dataset\Carolis Disease\Carolis_Disease774.jpg,Carolis Disease
C:\Users\HishamMo\Desktop\999_cs\Quantum_Inpired_PSO_Classifcation\MRI_dataset\Carolis Disease\Carolis_Disease775.jpg,Carolis Disease
C:\Users\HishamMo\Desktop\999_cs\Quantum_Inpired_PSO_Classifcation\MRI_dataset\Carolis Disease\Carolis_Disease776.jpg,Carolis Disease
C:\Users\HishamMo\Desktop\999_cs\Quantum_Inpired_PSO_Classifcation\MRI_dataset\Carolis Disease\Carolis_Disease777.jpg,Carolis Disease
C:\Users\HishamMo\Desktop\999_cs\Quantum_Inpired_PSO_Classifcation\MRI_dataset\Carolis Disease\Carolis_Disease778.jpg,Carolis Disease
C:\Users\HishamMo\Desktop\999_cs\Quantum_Inpired_PSO_Classifcation\MRI_dataset\Carolis Disease\Carolis_Disease779.jpg,Carolis Disease
C:\Users\HishamMo\Desktop\999_cs\Quantum_Inpired_PSO_Classifcation\MRI_dataset\Carolis Disease\Carolis_Disease780.jpg,Carolis Disease
C:\Users\HishamMo\Desktop\999_cs\Quantum_Inpired_PSO_Classifcation\MRI_dataset\Carolis Disease\Carolis_Disease781.jpg,Carolis Disease
C:\Users\HishamMo\Desktop\999_cs\Quantum_Inpired_PSO_Classifcation\MRI_dataset\Carolis Disease\Carolis_Disease782.jpg,Carolis Disease
C:\Users\HishamMo\Desktop\999_cs\Quantum_Inpired_PSO_Classifcation\MRI_dataset\Carolis Disease\Carolis_Disease783.jpg,Carolis Disease
C:\Users\HishamMo\Desktop\999_cs\Quantum_Inpired_PSO_Classifcation\MRI_dataset\Carolis Disease\Carolis_Disease784.jpg,Carolis Disease
C:\Users\HishamMo\Desktop\999_cs\Quantum_Inpired_PSO_Classifcation\MRI_dataset\Carolis Disease\Carolis_Disease785.jpg,Carolis Disease
C:\Users\HishamMo\Desktop\999_cs\Quantum_Inpired_PSO_Classifcation\MRI_dataset\Carolis Disease\Carolis_Disease786.jpg,Carolis Disease
C:\Users\HishamMo\Desktop\999_cs\Quantum_Inpired_PSO_Classifcation\MRI_dataset\Carolis Disease\Carolis_Disease787.jpg,Carolis Disease
C:\Users\HishamMo\Desktop\999_cs\Quantum_Inpired_PSO_Classifcation\MRI_dataset\Carolis Disease\Carolis_Disease788.jpg,Carolis Disease
C:\Users\HishamMo\Desktop\999_cs\Quantum_Inpired_PSO_Classifcation\MRI_dataset\Carolis Disease\Carolis_Disease789.jpg,Carolis Disease
C:\Users\HishamMo\Desktop\999_cs\Quantum_Inpired_PSO_Classifcation\MRI_dataset\Carolis Disease\Carolis_Disease790.jpg,Carolis Disease
C:\Users\HishamMo\Desktop\999_cs\Quantum_Inpired_PSO_Classifcation\MRI_dataset\Carolis Disease\Carolis_Disease791.jpg,Carolis Disease
C:\Users\HishamMo\Desktop\999_cs\Quantum_Inpired_PSO_Classifcation\MRI_dataset\Carolis Disease\Carolis_Disease792.jpg,Carolis Disease
C:\Users\HishamMo\Desktop\999_cs\Quantum_Inpired_PSO_Classifcation\MRI_dataset\Carolis Disease\Carolis_Disease793.jpg,Carolis Disease
C:\Users\HishamMo\Desktop\999_cs\Quantum_Inpired_PSO_Classifcation\MRI_dataset\Carolis Disease\Carolis_Disease794.jpg,Carolis Disease
C:\Users\HishamMo\Desktop\999_cs\Quantum_Inpired_PSO_Classifcation\MRI_dataset\Carolis Disease\Carolis_Disease795.jpg,Carolis Disease
C:\Users\HishamMo\Desktop\999_cs\Quantum_Inpired_PSO_Classifcation\MRI_dataset\Carolis Disease\Carolis_Disease796.jpg,Carolis Disease
C:\Users\HishamMo\Desktop\999_cs\Quantum_Inpired_PSO_Classifcation\MRI_dataset\Carolis Disease\Carolis_Disease797.jpg,Carolis Disease
C:\Users\HishamMo\Desktop\999_cs\Quantum_Inpired_PSO_Classifcation\MRI_dataset\Carolis Disease\Carolis_Disease798.jpg,Carolis Disease
C:\Users\HishamMo\Desktop\999_cs\Quantum_Inpired_PSO_Classifcation\MRI_dataset\Carolis Disease\Carolis_Disease799.jpg,Carolis Disease
C:\Users\HishamMo\Desktop\999_cs\Quantum_Inpired_PSO_Classifcation\MRI_dataset\Carolis Disease\Carolis_Disease800.jpg,Carolis Disease
C:\Users\HishamMo\Desktop\999_cs\Quantum_Inpired_PSO_Classifcation\MRI_dataset\Carolis Disease\Carolis_Disease801.jpg,Carolis Disease
C:\Users\HishamMo\Desktop\999_cs\Quantum_Inpired_PSO_Classifcation\MRI_dataset\Carolis Disease\Carolis_Disease802.jpg,Carolis Disease
C:\Users\HishamMo\Desktop\999_cs\Quantum_Inpired_PSO_Classifcation\MRI_dataset\Carolis Disease\Carolis_Disease803.jpg,Carolis Disease
C:\Users\HishamMo\Desktop\999_cs\Quantum_Inpired_PSO_Classifcation\MRI_dataset\Carolis Disease\Carolis_Disease804.jpg,Carolis Disease
C:\Users\HishamMo\Desktop\999_cs\Quantum_Inpired_PSO_Classifcation\MRI_dataset\Carolis Disease\Carolis_Disease805.jpg,Carolis Disease
C:\Users\HishamMo\Desktop\999_cs\Quantum_Inpired_PSO_Classifcation\MRI_dataset\Carolis Disease\Carolis_Disease806.jpg,Carolis Disease
C:\Users\HishamMo\Desktop\999_cs\Quantum_Inpired_PSO_Classifcation\MRI_dataset\Carolis Disease\Carolis_Disease807.jpg,Carolis Disease
C:\Users\HishamMo\Desktop\999_cs\Quantum_Inpired_PSO_Classifcation\MRI_dataset\Carolis Disease\Carolis_Disease808.jpg,Carolis Disease
C:\Users\HishamMo\Desktop\999_cs\Quantum_Inpired_PSO_Classifcation\MRI_dataset\Carolis Disease\Carolis_Disease809.jpg,Carolis Disease
C:\Users\HishamMo\Desktop\999_cs\Quantum_Inpired_PSO_Classifcation\MRI_dataset\Carolis Disease\Carolis_Disease810.jpg,Carolis Disease
C:\Users\HishamMo\Desktop\999_cs\Quantum_Inpired_PSO_Classifcation\MRI_dataset\Carolis Disease\Carolis_Disease811.jpg,Carolis Disease
C:\Users\HishamMo\Desktop\999_cs\Quantum_Inpired_PSO_Classifcation\MRI_dataset\Carolis Disease\Carolis_Disease812.jpg,Carolis Disease
C:\Users\HishamMo\Desktop\999_cs\Quantum_Inpired_PSO_Classifcation\MRI_dataset\Carolis Disease\Carolis_Disease813.jpg,Carolis Disease
C:\Users\HishamMo\Desktop\999_cs\Quantum_Inpired_PSO_Classifcation\MRI_dataset\Carolis Disease\Carolis_Disease814.jpg,Carolis Disease
C:\Users\HishamMo\Desktop\999_cs\Quantum_Inpired_PSO_Classifcation\MRI_dataset\Carolis Disease\Carolis_Disease815.jpg,Carolis Disease
C:\Users\HishamMo\Desktop\999_cs\Quantum_Inpired_PSO_Classifcation\MRI_dataset\Carolis Disease\Carolis_Disease816.jpg,Carolis Disease
C:\Users\HishamMo\Desktop\999_cs\Quantum_Inpired_PSO_Classifcation\MRI_dataset\Carolis Disease\Carolis_Disease817.jpg,Carolis Disease
C:\Users\HishamMo\Desktop\999_cs\Quantum_Inpired_PSO_Classifcation\MRI_dataset\Carolis Disease\Carolis_Disease818.jpg,Carolis Disease
C:\Users\HishamMo\Desktop\999_cs\Quantum_Inpired_PSO_Classifcation\MRI_dataset\Carolis Disease\Carolis_Disease819.jpg,Carolis Disease
C:\Users\HishamMo\Desktop\999_cs\Quantum_Inpired_PSO_Classifcation\MRI_dataset\Carolis Disease\Carolis_Disease820.jpg,Carolis Disease
C:\Users\HishamMo\Desktop\999_cs\Quantum_Inpired_PSO_Classifcation\MRI_dataset\Carolis Disease\Carolis_Disease821.jpg,Carolis Disease
C:\Users\HishamMo\Desktop\999_cs\Quantum_Inpired_PSO_Classifcation\MRI_dataset\Carolis Disease\Carolis_Disease822.jpg,Carolis Disease
C:\Users\HishamMo\Desktop\999_cs\Quantum_Inpired_PSO_Classifcation\MRI_dataset\Carolis Disease\Carolis_Disease823.jpg,Carolis Disease
C:\Users\HishamMo\Desktop\999_cs\Quantum_Inpired_PSO_Classifcation\MRI_dataset\Carolis Disease\Carolis_Disease824.jpg,Carolis Disease
C:\Users\HishamMo\Desktop\999_cs\Quantum_Inpired_PSO_Classifcation\MRI_dataset\Carolis Disease\Carolis_Disease825.jpg,Carolis Disease
C:\Users\HishamMo\Desktop\999_cs\Quantum_Inpired_PSO_Classifcation\MRI_dataset\Carolis Disease\Carolis_Disease826.jpg,Carolis Disease
C:\Users\HishamMo\Desktop\999_cs\Quantum_Inpired_PSO_Classifcation\MRI_dataset\Carolis Disease\Carolis_Disease827.jpg,Carolis Disease
C:\Users\HishamMo\Desktop\999_cs\Quantum_Inpired_PSO_Classifcation\MRI_dataset\Carolis Disease\Carolis_Disease828.jpg,Carolis Disease
C:\Users\HishamMo\Desktop\999_cs\Quantum_Inpired_PSO_Classifcation\MRI_dataset\Carolis Disease\Carolis_Disease829.jpg,Carolis Disease
C:\Users\HishamMo\Desktop\999_cs\Quantum_Inpired_PSO_Classifcation\MRI_dataset\Carolis Disease\Carolis_Disease830.jpg,Carolis Disease
C:\Users\HishamMo\Desktop\999_cs\Quantum_Inpired_PSO_Classifcation\MRI_dataset\Carolis Disease\Carolis_Disease831.jpg,Carolis Disease
C:\Users\HishamMo\Desktop\999_cs\Quantum_Inpired_PSO_Classifcation\MRI_dataset\Carolis Disease\Carolis_Disease832.jpg,Carolis Disease
C:\Users\HishamMo\Desktop\999_cs\Quantum_Inpired_PSO_Classifcation\MRI_dataset\Carolis Disease\Carolis_Disease833.jpg,Carolis Disease
C:\Users\HishamMo\Desktop\999_cs\Quantum_Inpired_PSO_Classifcation\MRI_dataset\Carolis Disease\Carolis_Disease834.jpg,Carolis Disease
C:\Users\HishamMo\Desktop\999_cs\Quantum_Inpired_PSO_Classifcation\MRI_dataset\Carolis Disease\Carolis_Disease835.jpg,Carolis Disease
C:\Users\HishamMo\Desktop\999_cs\Quantum_Inpired_PSO_Classifcation\MRI_dataset\Carolis Disease\Carolis_Disease836.jpg,Carolis Disease
C:\Users\HishamMo\Desktop\999_cs\Quantum_Inpired_PSO_Classifcation\MRI_dataset\Carolis Disease\Carolis_Disease837.jpg,Carolis Disease
C:\Users\HishamMo\Desktop\999_cs\Quantum_Inpired_PSO_Classifcation\MRI_dataset\Carolis Disease\Carolis_Disease838.jpg,Carolis Disease
C:\Users\HishamMo\Desktop\999_cs\Quantum_Inpired_PSO_Classifcation\MRI_dataset\Carolis Disease\Carolis_Disease839.jpg,Carolis Disease
C:\Users\HishamMo\Desktop\999_cs\Quantum_Inpired_PSO_Classifcation\MRI_dataset\Carolis Disease\Carolis_Disease840.jpg,Carolis Disease
C:\Users\HishamMo\Desktop\999_cs\Quantum_Inpired_PSO_Classifcation\MRI_dataset\Carolis Disease\Carolis_Disease841.jpg,Carolis Disease
C:\Users\HishamMo\Desktop\999_cs\Quantum_Inpired_PSO_Classifcation\MRI_dataset\Carolis Disease\Carolis_Disease842.jpg,Carolis Disease
C:\Users\HishamMo\Desktop\999_cs\Quantum_Inpired_PSO_Classifcation\MRI_dataset\Carolis Disease\Carolis_Disease843.jpg,Carolis Disease
C:\Users\HishamMo\Desktop\999_cs\Quantum_Inpired_PSO_Classifcation\MRI_dataset\Carolis Disease\Carolis_Disease844.jpg,Carolis Disease
C:\Users\HishamMo\Desktop\999_cs\Quantum_Inpired_PSO_Classifcation\MRI_dataset\Carolis Disease\Carolis_Disease845.jpg,Carolis Disease
C:\Users\HishamMo\Desktop\999_cs\Quantum_Inpired_PSO_Classifcation\MRI_dataset\Carolis Disease\Carolis_Disease846.jpg,Carolis Disease
C:\Users\HishamMo\Desktop\999_cs\Quantum_Inpired_PSO_Classifcation\MRI_dataset\Carolis Disease\Carolis_Disease847.jpg,Carolis Disease
C:\Users\HishamMo\Desktop\999_cs\Quantum_Inpired_PSO_Classifcation\MRI_dataset\Carolis Disease\Carolis_Disease848.jpg,Carolis Disease
C:\Users\HishamMo\Desktop\999_cs\Quantum_Inpired_PSO_Classifcation\MRI_dataset\Carolis Disease\Carolis_Disease849.jpg,Carolis Disease
C:\Users\HishamMo\Desktop\999_cs\Quantum_Inpired_PSO_Classifcation\MRI_dataset\Carolis Disease\Carolis_Disease850.jpg,Carolis Disease
C:\Users\HishamMo\Desktop\999_cs\Quantum_Inpired_PSO_Classifcation\MRI_dataset\Carolis Disease\Carolis_Disease851.jpg,Carolis Disease
C:\Users\HishamMo\Desktop\999_cs\Quantum_Inpired_PSO_Classifcation\MRI_dataset\Carolis Disease\Carolis_Disease852.jpg,Carolis Disease
C:\Users\HishamMo\Desktop\999_cs\Quantum_Inpired_PSO_Classifcation\MRI_dataset\Carolis Disease\Carolis_Disease853.jpg,Carolis Disease
C:\Users\HishamMo\Desktop\999_cs\Quantum_Inpired_PSO_Classifcation\MRI_dataset\Carolis Disease\Carolis_Disease854.jpg,Carolis Disease
C:\Users\HishamMo\Desktop\999_cs\Quantum_Inpired_PSO_Classifcation\MRI_dataset\Carolis Disease\Carolis_Disease855.jpg,Carolis Disease
C:\Users\HishamMo\Desktop\999_cs\Quantum_Inpired_PSO_Classifcation\MRI_dataset\Carolis Disease\Carolis_Disease856.jpg,Carolis Disease
C:\Users\HishamMo\Desktop\999_cs\Quantum_Inpired_PSO_Classifcation\MRI_dataset\Carolis Disease\Carolis_Disease857.jpg,Carolis Disease
C:\Users\HishamMo\Desktop\999_cs\Quantum_Inpired_PSO_Classifcation\MRI_dataset\Carolis Disease\Carolis_Disease858.jpg,Carolis Disease
C:\Users\HishamMo\Desktop\999_cs\Quantum_Inpired_PSO_Classifcation\MRI_dataset\Carolis Disease\Carolis_Disease859.jpg,Carolis Disease
C:\Users\HishamMo\Desktop\999_cs\Quantum_Inpired_PSO_Classifcation\MRI_dataset\Carolis Disease\Carolis_Disease860.jpg,Carolis Disease
C:\Users\HishamMo\Desktop\999_cs\Quantum_Inpired_PSO_Classifcation\MRI_dataset\Carolis Disease\Carolis_Disease861.jpg,Carolis Disease
C:\Users\HishamMo\Desktop\999_cs\Quantum_Inpired_PSO_Classifcation\MRI_dataset\Carolis Disease\Carolis_Disease862.jpg,Carolis Disease
C:\Users\HishamMo\Desktop\999_cs\Quantum_Inpired_PSO_Classifcation\MRI_dataset\Carolis Disease\Carolis_Disease863.jpg,Carolis Disease
C:\Users\HishamMo\Desktop\999_cs\Quantum_Inpired_PSO_Classifcation\MRI_dataset\Carolis Disease\Carolis_Disease864.jpg,Carolis Disease
C:\Users\HishamMo\Desktop\999_cs\Quantum_Inpired_PSO_Classifcation\MRI_dataset\Carolis Disease\Carolis_Disease865.jpg,Carolis Disease
C:\Users\HishamMo\Desktop\999_cs\Quantum_Inpired_PSO_Classifcation\MRI_dataset\Carolis Disease\Carolis_Disease866.jpg,Carolis Disease
C:\Users\HishamMo\Desktop\999_cs\Quantum_Inpired_PSO_Classifcation\MRI_dataset\Carolis Disease\Carolis_Disease867.jpg,Carolis Disease
C:\Users\HishamMo\Desktop\999_cs\Quantum_Inpired_PSO_Classifcation\MRI_dataset\Carolis Disease\Carolis_Disease868.jpg,Carolis Disease
C:\Users\HishamMo\Desktop\999_cs\Quantum_Inpired_PSO_Classifcation\MRI_dataset\Carolis Disease\Carolis_Disease869.jpg,Carolis Disease
C:\Users\HishamMo\Desktop\999_cs\Quantum_Inpired_PSO_Classifcation\MRI_dataset\Carolis Disease\Carolis_Disease870.jpg,Carolis Disease
C:\Users\HishamMo\Desktop\999_cs\Quantum_Inpired_PSO_Classifcation\MRI_dataset\Carolis Disease\Carolis_Disease871.jpg,Carolis Disease
C:\Users\HishamMo\Desktop\999_cs\Quantum_Inpired_PSO_Classifcation\MRI_dataset\Carolis Disease\Carolis_Disease872.jpg,Carolis Disease
C:\Users\HishamMo\Desktop\999_cs\Quantum_Inpired_PSO_Classifcation\MRI_dataset\Carolis Disease\Carolis_Disease873.jpg,Carolis Disease
C:\Users\HishamMo\Desktop\999_cs\Quantum_Inpired_PSO_Classifcation\MRI_dataset\Carolis Disease\Carolis_Disease874.jpg,Carolis Disease
C:\Users\HishamMo\Desktop\999_cs\Quantum_Inpired_PSO_Classifcation\MRI_dataset\Carolis Disease\Carolis_Disease875.jpg,Carolis Disease
C:\Users\HishamMo\Desktop\999_cs\Quantum_Inpired_PSO_Classifcation\MRI_dataset\Carolis Disease\Carolis_Disease876.jpg,Carolis Disease
C:\Users\HishamMo\Desktop\999_cs\Quantum_Inpired_PSO_Classifcation\MRI_dataset\Carolis Disease\Carolis_Disease877.jpg,Carolis Disease
C:\Users\HishamMo\Desktop\999_cs\Quantum_Inpired_PSO_Classifcation\MRI_dataset\Carolis Disease\Carolis_Disease878.jpg,Carolis Disease
C:\Users\HishamMo\Desktop\999_cs\Quantum_Inpired_PSO_Classifcation\MRI_dataset\Carolis Disease\Carolis_Disease879.jpg,Carolis Disease
C:\Users\HishamMo\Desktop\999_cs\Quantum_Inpired_PSO_Classifcation\MRI_dataset\Carolis Disease\Carolis_Disease880.jpg,Carolis Disease
C:\Users\HishamMo\Desktop\999_cs\Quantum_Inpired_PSO_Classifcation\MRI_dataset\Carolis Disease\Carolis_Disease881.jpg,Carolis Disease
C:\Users\HishamMo\Desktop\999_cs\Quantum_Inpired_PSO_Classifcation\MRI_dataset\Carolis Disease\Carolis_Disease882.jpg,Carolis Disease
C:\Users\HishamMo\Desktop\999_cs\Quantum_Inpired_PSO_Classifcation\MRI_dataset\Carolis Disease\Carolis_Disease883.jpg,Carolis Disease
C:\Users\HishamMo\Desktop\999_cs\Quantum_Inpired_PSO_Classifcation\MRI_dataset\Carolis Disease\Carolis_Disease884.jpg,Carolis Disease
C:\Users\HishamMo\Desktop\999_cs\Quantum_Inpired_PSO_Classifcation\MRI_dataset\Carolis Disease\Carolis_Disease885.jpg,Carolis Disease
C:\Users\HishamMo\Desktop\999_cs\Quantum_Inpired_PSO_Classifcation\MRI_dataset\Carolis Disease\Carolis_Disease886.jpg,Carolis Disease
C:\Users\HishamMo\Desktop\999_cs\Quantum_Inpired_PSO_Classifcation\MRI_dataset\Carolis Disease\Carolis_Disease887.jpg,Carolis Disease
C:\Users\HishamMo\Desktop\999_cs\Quantum_Inpired_PSO_Classifcation\MRI_dataset\Carolis Disease\Carolis_Disease888.jpg,Carolis Disease
C:\Users\HishamMo\Desktop\999_cs\Quantum_Inpired_PSO_Classifcation\MRI_dataset\Carolis Disease\Carolis_Disease889.jpg,Carolis Disease
C:\Users\HishamMo\Desktop\999_cs\Quantum_Inpired_PSO_Classifcation\MRI_dataset\Carolis Disease\Carolis_Disease890.jpg,Carolis Disease
C:\Users\HishamMo\Desktop\999_cs\Quantum_Inpired_PSO_Classifcation\MRI_dataset\Carolis Disease\Carolis_Disease891.jpg,Carolis Disease
C:\Users\HishamMo\Desktop\999_cs\Quantum_Inpired_PSO_Classifcation\MRI_dataset\Carolis Disease\Carolis_Disease892.jpg,Carolis Disease
C:\Users\HishamMo\Desktop\999_cs\Quantum_Inpired_PSO_Classifcation\MRI_dataset\Carolis Disease\Carolis_Disease893.jpg,Carolis Disease
C:\Users\HishamMo\Desktop\999_cs\Quantum_Inpired_PSO_Classifcation\MRI_dataset\Carolis Disease\Carolis_Disease894.jpg,Carolis Disease
C:\Users\HishamMo\Desktop\999_cs\Quantum_Inpired_PSO_Classifcation\MRI_dataset\Carolis Disease\Carolis_Disease895.jpg,Carolis Disease
C:\Users\HishamMo\Desktop\999_cs\Quantum_Inpired_PSO_Classifcation\MRI_dataset\Carolis Disease\Carolis_Disease896.jpg,Carolis Disease
C:\Users\HishamMo\Desktop\999_cs\Quantum_Inpired_PSO_Classifcation\MRI_dataset\Carolis Disease\Carolis_Disease897.jpg,Carolis Disease
C:\Users\HishamMo\Desktop\999_cs\Quantum_Inpired_PSO_Classifcation\MRI_dataset\Carolis Disease\Carolis_Disease898.jpg,Carolis Disease
C:\Users\HishamMo\Desktop\999_cs\Quantum_Inpired_PSO_Classifcation\MRI_dataset\Carolis Disease\Carolis_Disease899.jpg,Carolis Disease
C:\Users\HishamMo\Desktop\999_cs\Quantum_Inpired_PSO_Classifcation\MRI_dataset\Carolis Disease\Carolis_Disease900.jpg,Carolis Disease
C:\Users\HishamMo\Desktop\999_cs\Quantum_Inpired_PSO_Classifcation\MRI_dataset\Carolis Disease\Carolis_Disease901.jpg,Carolis Disease
C:\Users\HishamMo\Desktop\999_cs\Quantum_Inpired_PSO_Classifcation\MRI_dataset\Carolis Disease\Carolis_Disease902.jpg,Carolis Disease
C:\Users\HishamMo\Desktop\999_cs\Quantum_Inpired_PSO_Classifcation\MRI_dataset\Carolis Disease\Carolis_Disease903.jpg,Carolis Disease
C:\Users\HishamMo\Desktop\999_cs\Quantum_Inpired_PSO_Classifcation\MRI_dataset\Carolis Disease\Carolis_Disease904.jpg,Carolis Disease
C:\Users\HishamMo\Desktop\999_cs\Quantum_Inpired_PSO_Classifcation\MRI_dataset\Carolis Disease\Carolis_Disease905.jpg,Carolis Disease
C:\Users\HishamMo\Desktop\999_cs\Quantum_Inpired_PSO_Classifcation\MRI_dataset\Carolis Disease\Carolis_Disease906.jpg,Carolis Disease
C:\Users\HishamMo\Desktop\999_cs\Quantum_Inpired_PSO_Classifcation\MRI_dataset\Carolis Disease\Carolis_Disease907.jpg,Carolis Disease
C:\Users\HishamMo\Desktop\999_cs\Quantum_Inpired_PSO_Classifcation\MRI_dataset\Carolis Disease\Carolis_Disease908.jpg,Carolis Disease
C:\Users\HishamMo\Desktop\999_cs\Quantum_Inpired_PSO_Classifcation\MRI_dataset\Carolis Disease\Carolis_Disease909.jpg,Carolis Disease
C:\Users\HishamMo\Desktop\999_cs\Quantum_Inpired_PSO_Classifcation\MRI_dataset\Carolis Disease\Carolis_Disease910.jpg,Carolis Disease
C:\Users\HishamMo\Desktop\999_cs\Quantum_Inpired_PSO_Classifcation\MRI_dataset\Carolis Disease\Carolis_Disease911.jpg,Carolis Disease
C:\Users\HishamMo\Desktop\999_cs\Quantum_Inpired_PSO_Classifcation\MRI_dataset\Carolis Disease\Carolis_Disease912.jpg,Carolis Disease
C:\Users\HishamMo\Desktop\999_cs\Quantum_Inpired_PSO_Classifcation\MRI_dataset\Carolis Disease\Carolis_Disease913.jpg,Carolis Disease
C:\Users\HishamMo\Desktop\999_cs\Quantum_Inpired_PSO_Classifcation\MRI_dataset\Carolis Disease\Carolis_Disease914.jpg,Carolis Disease
C:\Users\HishamMo\Desktop\999_cs\Quantum_Inpired_PSO_Classifcation\MRI_dataset\Carolis Disease\Carolis_Disease915.jpg,Carolis Disease
C:\Users\HishamMo\Desktop\999_cs\Quantum_Inpired_PSO_Classifcation\MRI_dataset\Carolis Disease\Carolis_Disease916.jpg,Carolis Disease
C:\Users\HishamMo\Desktop\999_cs\Quantum_Inpired_PSO_Classifcation\MRI_dataset\Carolis Disease\Carolis_Disease917.jpg,Carolis Disease
C:\Users\HishamMo\Desktop\999_cs\Quantum_Inpired_PSO_Classifcation\MRI_dataset\Carolis Disease\Carolis_Disease918.jpg,Carolis Disease
C:\Users\HishamMo\Desktop\999_cs\Quantum_Inpired_PSO_Classifcation\MRI_dataset\Carolis Disease\Carolis_Disease919.jpg,Carolis Disease
C:\Users\HishamMo\Desktop\999_cs\Quantum_Inpired_PSO_Classifcation\MRI_dataset\Carolis Disease\Carolis_Disease920.jpg,Carolis Disease
C:\Users\HishamMo\Desktop\999_cs\Quantum_Inpired_PSO_Classifcation\MRI_dataset\Carolis Disease\Carolis_Disease921.jpg,Carolis Disease
C:\Users\HishamMo\Desktop\999_cs\Quantum_Inpired_PSO_Classifcation\MRI_dataset\Carolis Disease\Carolis_Disease922.jpg,Carolis Disease
C:\Users\HishamMo\Desktop\999_cs\Quantum_Inpired_PSO_Classifcation\MRI_dataset\Carolis Disease\Carolis_Disease923.jpg,Carolis Disease
C:\Users\HishamMo\Desktop\999_cs\Quantum_Inpired_PSO_Classifcation\MRI_dataset\Carolis Disease\Carolis_Disease924.jpg,Carolis Disease
C:\Users\HishamMo\Desktop\999_cs\Quantum_Inpired_PSO_Classifcation\MRI_dataset\Carolis Disease\Carolis_Disease925.jpg,Carolis Disease
C:\Users\HishamMo\Desktop\999_cs\Quantum_Inpired_PSO_Classifcation\MRI_dataset\Carolis Disease\Carolis_Disease926.jpg,Carolis Disease
C:\Users\HishamMo\Desktop\999_cs\Quantum_Inpired_PSO_Classifcation\MRI_dataset\Carolis Disease\Carolis_Disease927.jpg,Carolis Disease
C:\Users\HishamMo\Desktop\999_cs\Quantum_Inpired_PSO_Classifcation\MRI_dataset\Carolis Disease\Carolis_Disease928.jpg,Carolis Disease
C:\Users\HishamMo\Desktop\999_cs\Quantum_Inpired_PSO_Classifcation\MRI_dataset\Carolis Disease\Carolis_Disease929.jpg,Carolis Disease
C:\Users\HishamMo\Desktop\999_cs\Quantum_Inpired_PSO_Classifcation\MRI_dataset\Carolis Disease\Carolis_Disease930.jpg,Carolis Disease
C:\Users\HishamMo\Desktop\999_cs\Quantum_Inpired_PSO_Classifcation\MRI_dataset\Carolis Disease\Carolis_Disease931.jpg,Carolis Disease
C:\Users\HishamMo\Desktop\999_cs\Quantum_Inpired_PSO_Classifcation\MRI_dataset\Carolis Disease\Carolis_Disease932.jpg,Carolis Disease
C:\Users\HishamMo\Desktop\999_cs\Quantum_Inpired_PSO_Classifcation\MRI_dataset\Carolis Disease\Carolis_Disease933.jpg,Carolis Disease
C:\Users\HishamMo\Desktop\999_cs\Quantum_Inpired_PSO_Classifcation\MRI_dataset\Carolis Disease\Carolis_Disease934.jpg,Carolis Disease
C:\Users\HishamMo\Desktop\999_cs\Quantum_Inpired_PSO_Classifcation\MRI_dataset\Carolis Disease\Carolis_Disease935.jpg,Carolis Disease
C:\Users\HishamMo\Desktop\999_cs\Quantum_Inpired_PSO_Classifcation\MRI_dataset\Carolis Disease\Carolis_Disease936.jpg,Carolis Disease
C:\Users\HishamMo\Desktop\999_cs\Quantum_Inpired_PSO_Classifcation\MRI_dataset\Carolis Disease\Carolis_Disease937.jpg,Carolis Disease
C:\Users\HishamMo\Desktop\999_cs\Quantum_Inpired_PSO_Classifcation\MRI_dataset\Carolis Disease\Carolis_Disease938.jpg,Carolis Disease
C:\Users\HishamMo\Desktop\999_cs\Quantum_Inpired_PSO_Classifcation\MRI_dataset\Carolis Disease\Carolis_Disease939.jpg,Carolis Disease
C:\Users\HishamMo\Desktop\999_cs\Quantum_Inpired_PSO_Classifcation\MRI_dataset\Carolis Disease\Carolis_Disease940.jpg,Carolis Disease
C:\Users\HishamMo\Desktop\999_cs\Quantum_Inpired_PSO_Classifcation\MRI_dataset\Carolis Disease\Carolis_Disease941.jpg,Carolis Disease
C:\Users\HishamMo\Desktop\999_cs\Quantum_Inpired_PSO_Classifcation\MRI_dataset\Carolis Disease\Carolis_Disease942.jpg,Carolis Disease
C:\Users\HishamMo\Desktop\999_cs\Quantum_Inpired_PSO_Classifcation\MRI_dataset\Carolis Disease\Carolis_Disease943.jpg,Carolis Disease
C:\Users\HishamMo\Desktop\999_cs\Quantum_Inpired_PSO_Classifcation\MRI_dataset\Carolis Disease\Carolis_Disease944.jpg,Carolis Disease
C:\Users\HishamMo\Desktop\999_cs\Quantum_Inpired_PSO_Classifcation\MRI_dataset\Carolis Disease\Carolis_Disease945.jpg,Carolis Disease
C:\Users\HishamMo\Desktop\999_cs\Quantum_Inpired_PSO_Classifcation\MRI_dataset\Carolis Disease\Carolis_Disease946.jpg,Carolis Disease
C:\Users\HishamMo\Desktop\999_cs\Quantum_Inpired_PSO_Classifcation\MRI_dataset\Carolis Disease\Carolis_Disease947.jpg,Carolis Disease
C:\Users\HishamMo\Desktop\999_cs\Quantum_Inpired_PSO_Classifcation\MRI_dataset\Carolis Disease\Carolis_Disease948.jpg,Carolis Disease
C:\Users\HishamMo\Desktop\999_cs\Quantum_Inpired_PSO_Classifcation\MRI_dataset\Carolis Disease\Carolis_Disease949.jpg,Carolis Disease
C:\Users\HishamMo\Desktop\999_cs\Quantum_Inpired_PSO_Classifcation\MRI_dataset\Carolis Disease\Carolis_Disease950.jpg,Carolis Disease
C:\Users\HishamMo\Desktop\999_cs\Quantum_Inpired_PSO_Classifcation\MRI_dataset\Carolis Disease\Carolis_Disease951.jpg,Carolis Disease
C:\Users\HishamMo\Desktop\999_cs\Quantum_Inpired_PSO_Classifcation\MRI_dataset\Carolis Disease\Carolis_Disease952.jpg,Carolis Disease
C:\Users\HishamMo\Desktop\999_cs\Quantum_Inpired_PSO_Classifcation\MRI_dataset\Carolis Disease\Carolis_Disease953.jpg,Carolis Disease
C:\Users\HishamMo\Desktop\999_cs\Quantum_Inpired_PSO_Classifcation\MRI_dataset\Carolis Disease\Carolis_Disease954.jpg,Carolis Disease
C:\Users\HishamMo\Desktop\999_cs\Quantum_Inpired_PSO_Classifcation\MRI_dataset\Carolis Disease\Carolis_Disease955.jpg,Carolis Disease
C:\Users\HishamMo\Desktop\999_cs\Quantum_Inpired_PSO_Classifcation\MRI_dataset\Carolis Disease\Carolis_Disease956.jpg,Carolis Disease
C:\Users\HishamMo\Desktop\999_cs\Quantum_Inpired_PSO_Classifcation\MRI_dataset\Carolis Disease\Carolis_Disease957.jpg,Carolis Disease
C:\Users\HishamMo\Desktop\999_cs\Quantum_Inpired_PSO_Classifcation\MRI_dataset\Carolis Disease\Carolis_Disease958.jpg,Carolis Disease
C:\Users\HishamMo\Desktop\999_cs\Quantum_Inpired_PSO_Classifcation\MRI_dataset\Carolis Disease\Carolis_Disease959.jpg,Carolis Disease
C:\Users\HishamMo\Desktop\999_cs\Quantum_Inpired_PSO_Classifcation\MRI_dataset\Carolis Disease\Carolis_Disease960.jpg,Carolis Disease
C:\Users\HishamMo\Desktop\999_cs\Quantum_Inpired_PSO_Classifcation\MRI_dataset\Carolis Disease\Carolis_Disease961.jpg,Carolis Disease
C:\Users\HishamMo\Desktop\999_cs\Quantum_Inpired_PSO_Classifcation\MRI_dataset\Carolis Disease\Carolis_Disease962.jpg,Carolis Disease
C:\Users\HishamMo\Desktop\999_cs\Quantum_Inpired_PSO_Classifcation\MRI_dataset\Carolis Disease\Carolis_Disease963.jpg,Carolis Disease
C:\Users\HishamMo\Desktop\999_cs\Quantum_Inpired_PSO_Classifcation\MRI_dataset\Carolis Disease\Carolis_Disease964.jpg,Carolis Disease
C:\Users\HishamMo\Desktop\999_cs\Quantum_Inpired_PSO_Classifcation\MRI_dataset\Carolis Disease\Carolis_Disease965.jpg,Carolis Disease
C:\Users\HishamMo\Desktop\999_cs\Quantum_Inpired_PSO_Classifcation\MRI_dataset\Carolis Disease\Carolis_Disease966.jpg,Carolis Disease
C:\Users\HishamMo\Desktop\999_cs\Quantum_Inpired_PSO_Classifcation\MRI_dataset\Carolis Disease\Carolis_Disease967.jpg,Carolis Disease
C:\Users\HishamMo\Desktop\999_cs\Quantum_Inpired_PSO_Classifcation\MRI_dataset\Carolis Disease\Carolis_Disease968.jpg,Carolis Disease
C:\Users\HishamMo\Desktop\999_cs\Quantum_Inpired_PSO_Classifcation\MRI_dataset\Carolis Disease\Carolis_Disease969.jpg,Carolis Disease
C:\Users\HishamMo\Desktop\999_cs\Quantum_Inpired_PSO_Classifcation\MRI_dataset\Carolis Disease\Carolis_Disease970.jpg,Carolis Disease
C:\Users\HishamMo\Desktop\999_cs\Quantum_Inpired_PSO_Classifcation\MRI_dataset\Carolis Disease\Carolis_Disease971.jpg,Carolis Disease
C:\Users\HishamMo\Desktop\999_cs\Quantum_Inpired_PSO_Classifcation\MRI_dataset\Carolis Disease\Carolis_Disease972.jpg,Carolis Disease
C:\Users\HishamMo\Desktop\999_cs\Quantum_Inpired_PSO_Classifcation\MRI_dataset\Carolis Disease\Carolis_Disease973.jpg,Carolis Disease
C:\Users\HishamMo\Desktop\999_cs\Quantum_Inpired_PSO_Classifcation\MRI_dataset\Carolis Disease\Carolis_Disease974.jpg,Carolis Disease
C:\Users\HishamMo\Desktop\999_cs\Quantum_Inpired_PSO_Classifcation\MRI_dataset\Carolis Disease\Carolis_Disease975.jpg,Carolis Disease
C:\Users\HishamMo\Desktop\999_cs\Quantum_Inpired_PSO_Classifcation\MRI_dataset\Carolis Disease\Carolis_Disease976.jpg,Carolis Disease
C:\Users\HishamMo\Desktop\999_cs\Quantum_Inpired_PSO_Classifcation\MRI_dataset\Carolis Disease\Carolis_Disease977.jpg,Carolis Disease
C:\Users\HishamMo\Desktop\999_cs\Quantum_Inpired_PSO_Classifcation\MRI_dataset\Carolis Disease\Carolis_Disease978.jpg,Carolis Disease
C:\Users\HishamMo\Desktop\999_cs\Quantum_Inpired_PSO_Classifcation\MRI_dataset\Carolis Disease\Carolis_Disease979.jpg,Carolis Disease
C:\Users\HishamMo\Desktop\999_cs\Quantum_Inpired_PSO_Classifcation\MRI_dataset\Carolis Disease\Carolis_Disease980.jpg,Carolis Disease
C:\Users\HishamMo\Desktop\999_cs\Quantum_Inpired_PSO_Classifcation\MRI_dataset\Carolis Disease\Carolis_Disease981.jpg,Carolis Disease
C:\Users\HishamMo\Desktop\999_cs\Quantum_Inpired_PSO_Classifcation\MRI_dataset\Carolis Disease\Carolis_Disease982.jpg,Carolis Disease
C:\Users\HishamMo\Desktop\999_cs\Quantum_Inpired_PSO_Classifcation\MRI_dataset\Carolis Disease\Carolis_Disease983.jpg,Carolis Disease
C:\Users\HishamMo\Desktop\999_cs\Quantum_Inpired_PSO_Classifcation\MRI_dataset\Carolis Disease\Carolis_Disease984.jpg,Carolis Disease
C:\Users\HishamMo\Desktop\999_cs\Quantum_Inpired_PSO_Classifcation\MRI_dataset\Carolis Disease\Carolis_Disease985.jpg,Carolis Disease
C:\Users\HishamMo\Desktop\999_cs\Quantum_Inpired_PSO_Classifcation\MRI_dataset\Carolis Disease\Carolis_Disease986.jpg,Carolis Disease
C:\Users\HishamMo\Desktop\999_cs\Quantum_Inpired_PSO_Classifcation\MRI_dataset\Carolis Disease\Carolis_Disease987.jpg,Carolis Disease
C:\Users\HishamMo\Desktop\999_cs\Quantum_Inpired_PSO_Classifcation\MRI_dataset\Carolis Disease\Carolis_Disease988.jpg,Carolis Disease
C:\Users\HishamMo\Desktop\999_cs\Quantum_Inpired_PSO_Classifcation\MRI_dataset\Carolis Disease\Carolis_Disease989.jpg,Carolis Disease
C:\Users\HishamMo\Desktop\999_cs\Quantum_Inpired_PSO_Classifcation\MRI_dataset\Carolis Disease\Carolis_Disease990.jpg,Carolis Disease
C:\Users\HishamMo\Desktop\999_cs\Quantum_Inpired_PSO_Classifcation\MRI_dataset\Carolis Disease\Carolis_Disease991.jpg,Carolis Disease
C:\Users\HishamMo\Desktop\999_cs\Quantum_Inpired_PSO_Classifcation\MRI_dataset\Carolis Disease\Carolis_Disease992.jpg,Carolis Disease
C:\Users\HishamMo\Desktop\999_cs\Quantum_Inpired_PSO_Classifcation\MRI_dataset\Carolis Disease\Carolis_Disease993.jpg,Carolis Disease
C:\Users\HishamMo\Desktop\999_cs\Quantum_Inpired_PSO_Classifcation\MRI_dataset\Carolis Disease\Carolis_Disease994.jpg,Carolis Disease
C:\Users\HishamMo\Desktop\999_cs\Quantum_Inpired_PSO_Classifcation\MRI_dataset\Carolis Disease\Carolis_Disease995.jpg,Carolis Disease
C:\Users\HishamMo\Desktop\999_cs\Quantum_Inpired_PSO_Classifcation\MRI_dataset\Carolis Disease\Carolis_Disease996.jpg,Carolis Disease
C:\Users\HishamMo\Desktop\999_cs\Quantum_Inpired_PSO_Classifcation\MRI_dataset\Carolis Disease\Carolis_Disease997.jpg,Carolis Disease
C:\Users\HishamMo\Desktop\999_cs\Quantum_Inpired_PSO_Classifcation\MRI_dataset\Carolis Disease\Carolis_Disease998.jpg,Carolis Disease
C:\Users\HishamMo\Desktop\999_cs\Quantum_Inpired_PSO_Classifcation\MRI_dataset\Carolis Disease\Carolis_Disease999.jpg,Carolis Disease
