image_path,label
C:\Users\HishamMo\Desktop\999_cs\Quantum_Inpired_PSO_Classifcation\MRI_dataset\Gamekeepers Thumb\Gamekeepers_Thumb001.jpg,Gamekeepers Thumb
C:\Users\HishamMo\Desktop\999_cs\Quantum_Inpired_PSO_Classifcation\MRI_dataset\Gamekeepers Thumb\Gamekeepers_Thumb002.jpg,Gamekeepers Thumb
C:\Users\HishamMo\Desktop\999_cs\Quantum_Inpired_PSO_Classifcation\MRI_dataset\Gamekeepers Thumb\Gamekeepers_Thumb003.jpg,Gamekeepers Thumb
C:\Users\HishamMo\Desktop\999_cs\Quantum_Inpired_PSO_Classifcation\MRI_dataset\Gamekeepers Thumb\Gamekeepers_Thumb004.jpg,Gamekeepers Thumb
C:\Users\HishamMo\Desktop\999_cs\Quantum_Inpired_PSO_Classifcation\MRI_dataset\Gamekeepers Thumb\Gamekeepers_Thumb005.jpg,Gamekeepers Thumb
C:\Users\HishamMo\Desktop\999_cs\Quantum_Inpired_PSO_Classifcation\MRI_dataset\Gamekeepers Thumb\Gamekeepers_Thumb006.jpg,Gamekeepers Thumb
C:\Users\HishamMo\Desktop\999_cs\Quantum_Inpired_PSO_Classifcation\MRI_dataset\Gamekeepers Thumb\Gamekeepers_Thumb007.jpg,Gamekeepers Thumb
C:\Users\HishamMo\Desktop\999_cs\Quantum_Inpired_PSO_Classifcation\MRI_dataset\Gamekeepers Thumb\Gamekeepers_Thumb008.jpg,Gamekeepers Thumb
C:\Users\HishamMo\Desktop\999_cs\Quantum_Inpired_PSO_Classifcation\MRI_dataset\Gamekeepers Thumb\Gamekeepers_Thumb009.jpg,Gamekeepers Thumb
C:\Users\HishamMo\Desktop\999_cs\Quantum_Inpired_PSO_Classifcation\MRI_dataset\Gamekeepers Thumb\Gamekeepers_Thumb010.jpg,Gamekeepers Thumb
C:\Users\HishamMo\Desktop\999_cs\Quantum_Inpired_PSO_Classifcation\MRI_dataset\Gamekeepers Thumb\Gamekeepers_Thumb011.jpg,Gamekeepers Thumb
C:\Users\HishamMo\Desktop\999_cs\Quantum_Inpired_PSO_Classifcation\MRI_dataset\Gamekeepers Thumb\Gamekeepers_Thumb012.jpg,Gamekeepers Thumb
C:\Users\HishamMo\Desktop\999_cs\Quantum_Inpired_PSO_Classifcation\MRI_dataset\Gamekeepers Thumb\Gamekeepers_Thumb013.jpg,Gamekeepers Thumb
C:\Users\HishamMo\Desktop\999_cs\Quantum_Inpired_PSO_Classifcation\MRI_dataset\Gamekeepers Thumb\Gamekeepers_Thumb014.jpg,Gamekeepers Thumb
C:\Users\HishamMo\Desktop\999_cs\Quantum_Inpired_PSO_Classifcation\MRI_dataset\Gamekeepers Thumb\Gamekeepers_Thumb015.jpg,Gamekeepers Thumb
C:\Users\HishamMo\Desktop\999_cs\Quantum_Inpired_PSO_Classifcation\MRI_dataset\Gamekeepers Thumb\Gamekeepers_Thumb016.jpg,Gamekeepers Thumb
C:\Users\HishamMo\Desktop\999_cs\Quantum_Inpired_PSO_Classifcation\MRI_dataset\Gamekeepers Thumb\Gamekeepers_Thumb017.jpg,Gamekeepers Thumb
C:\Users\HishamMo\Desktop\999_cs\Quantum_Inpired_PSO_Classifcation\MRI_dataset\Gamekeepers Thumb\Gamekeepers_Thumb018.jpg,Gamekeepers Thumb
C:\Users\HishamMo\Desktop\999_cs\Quantum_Inpired_PSO_Classifcation\MRI_dataset\Gamekeepers Thumb\Gamekeepers_Thumb019.jpg,Gamekeepers Thumb
C:\Users\HishamMo\Desktop\999_cs\Quantum_Inpired_PSO_Classifcation\MRI_dataset\Gamekeepers Thumb\Gamekeepers_Thumb020.jpg,Gamekeepers Thumb
C:\Users\HishamMo\Desktop\999_cs\Quantum_Inpired_PSO_Classifcation\MRI_dataset\Gamekeepers Thumb\Gamekeepers_Thumb021.jpg,Gamekeepers Thumb
C:\Users\HishamMo\Desktop\999_cs\Quantum_Inpired_PSO_Classifcation\MRI_dataset\Gamekeepers Thumb\Gamekeepers_Thumb022.jpg,Gamekeepers Thumb
C:\Users\HishamMo\Desktop\999_cs\Quantum_Inpired_PSO_Classifcation\MRI_dataset\Gamekeepers Thumb\Gamekeepers_Thumb023.jpg,Gamekeepers Thumb
C:\Users\HishamMo\Desktop\999_cs\Quantum_Inpired_PSO_Classifcation\MRI_dataset\Gamekeepers Thumb\Gamekeepers_Thumb024.jpg,Gamekeepers Thumb
C:\Users\HishamMo\Desktop\999_cs\Quantum_Inpired_PSO_Classifcation\MRI_dataset\Gamekeepers Thumb\Gamekeepers_Thumb025.jpg,Gamekeepers Thumb
C:\Users\HishamMo\Desktop\999_cs\Quantum_Inpired_PSO_Classifcation\MRI_dataset\Gamekeepers Thumb\Gamekeepers_Thumb026.jpg,Gamekeepers Thumb
C:\Users\HishamMo\Desktop\999_cs\Quantum_Inpired_PSO_Classifcation\MRI_dataset\Gamekeepers Thumb\Gamekeepers_Thumb027.jpg,Gamekeepers Thumb
C:\Users\HishamMo\Desktop\999_cs\Quantum_Inpired_PSO_Classifcation\MRI_dataset\Gamekeepers Thumb\Gamekeepers_Thumb028.jpg,Gamekeepers Thumb
C:\Users\HishamMo\Desktop\999_cs\Quantum_Inpired_PSO_Classifcation\MRI_dataset\Gamekeepers Thumb\Gamekeepers_Thumb029.jpg,Gamekeepers Thumb
C:\Users\HishamMo\Desktop\999_cs\Quantum_Inpired_PSO_Classifcation\MRI_dataset\Gamekeepers Thumb\Gamekeepers_Thumb030.jpg,Gamekeepers Thumb
C:\Users\HishamMo\Desktop\999_cs\Quantum_Inpired_PSO_Classifcation\MRI_dataset\Gamekeepers Thumb\Gamekeepers_Thumb031.jpg,Gamekeepers Thumb
C:\Users\HishamMo\Desktop\999_cs\Quantum_Inpired_PSO_Classifcation\MRI_dataset\Gamekeepers Thumb\Gamekeepers_Thumb032.jpg,Gamekeepers Thumb
C:\Users\HishamMo\Desktop\999_cs\Quantum_Inpired_PSO_Classifcation\MRI_dataset\Gamekeepers Thumb\Gamekeepers_Thumb033.jpg,Gamekeepers Thumb
C:\Users\HishamMo\Desktop\999_cs\Quantum_Inpired_PSO_Classifcation\MRI_dataset\Gamekeepers Thumb\Gamekeepers_Thumb034.jpg,Gamekeepers Thumb
C:\Users\HishamMo\Desktop\999_cs\Quantum_Inpired_PSO_Classifcation\MRI_dataset\Gamekeepers Thumb\Gamekeepers_Thumb035.jpg,Gamekeepers Thumb
C:\Users\HishamMo\Desktop\999_cs\Quantum_Inpired_PSO_Classifcation\MRI_dataset\Gamekeepers Thumb\Gamekeepers_Thumb036.jpg,Gamekeepers Thumb
C:\Users\HishamMo\Desktop\999_cs\Quantum_Inpired_PSO_Classifcation\MRI_dataset\Gamekeepers Thumb\Gamekeepers_Thumb037.jpg,Gamekeepers Thumb
C:\Users\HishamMo\Desktop\999_cs\Quantum_Inpired_PSO_Classifcation\MRI_dataset\Gamekeepers Thumb\Gamekeepers_Thumb038.jpg,Gamekeepers Thumb
C:\Users\HishamMo\Desktop\999_cs\Quantum_Inpired_PSO_Classifcation\MRI_dataset\Gamekeepers Thumb\Gamekeepers_Thumb039.jpg,Gamekeepers Thumb
C:\Users\HishamMo\Desktop\999_cs\Quantum_Inpired_PSO_Classifcation\MRI_dataset\Gamekeepers Thumb\Gamekeepers_Thumb040.jpg,Gamekeepers Thumb
C:\Users\HishamMo\Desktop\999_cs\Quantum_Inpired_PSO_Classifcation\MRI_dataset\Gamekeepers Thumb\Gamekeepers_Thumb041.jpg,Gamekeepers Thumb
C:\Users\HishamMo\Desktop\999_cs\Quantum_Inpired_PSO_Classifcation\MRI_dataset\Gamekeepers Thumb\Gamekeepers_Thumb042.jpg,Gamekeepers Thumb
C:\Users\HishamMo\Desktop\999_cs\Quantum_Inpired_PSO_Classifcation\MRI_dataset\Gamekeepers Thumb\Gamekeepers_Thumb043.jpg,Gamekeepers Thumb
C:\Users\HishamMo\Desktop\999_cs\Quantum_Inpired_PSO_Classifcation\MRI_dataset\Gamekeepers Thumb\Gamekeepers_Thumb044.jpg,Gamekeepers Thumb
C:\Users\HishamMo\Desktop\999_cs\Quantum_Inpired_PSO_Classifcation\MRI_dataset\Gamekeepers Thumb\Gamekeepers_Thumb045.jpg,Gamekeepers Thumb
C:\Users\HishamMo\Desktop\999_cs\Quantum_Inpired_PSO_Classifcation\MRI_dataset\Gamekeepers Thumb\Gamekeepers_Thumb046.jpg,Gamekeepers Thumb
C:\Users\HishamMo\Desktop\999_cs\Quantum_Inpired_PSO_Classifcation\MRI_dataset\Gamekeepers Thumb\Gamekeepers_Thumb047.jpg,Gamekeepers Thumb
C:\Users\HishamMo\Desktop\999_cs\Quantum_Inpired_PSO_Classifcation\MRI_dataset\Gamekeepers Thumb\Gamekeepers_Thumb048.jpg,Gamekeepers Thumb
C:\Users\HishamMo\Desktop\999_cs\Quantum_Inpired_PSO_Classifcation\MRI_dataset\Gamekeepers Thumb\Gamekeepers_Thumb049.jpg,Gamekeepers Thumb
C:\Users\HishamMo\Desktop\999_cs\Quantum_Inpired_PSO_Classifcation\MRI_dataset\Gamekeepers Thumb\Gamekeepers_Thumb050.jpg,Gamekeepers Thumb
C:\Users\HishamMo\Desktop\999_cs\Quantum_Inpired_PSO_Classifcation\MRI_dataset\Gamekeepers Thumb\Gamekeepers_Thumb051.jpg,Gamekeepers Thumb
C:\Users\HishamMo\Desktop\999_cs\Quantum_Inpired_PSO_Classifcation\MRI_dataset\Gamekeepers Thumb\Gamekeepers_Thumb052.jpg,Gamekeepers Thumb
C:\Users\HishamMo\Desktop\999_cs\Quantum_Inpired_PSO_Classifcation\MRI_dataset\Gamekeepers Thumb\Gamekeepers_Thumb053.jpg,Gamekeepers Thumb
C:\Users\HishamMo\Desktop\999_cs\Quantum_Inpired_PSO_Classifcation\MRI_dataset\Gamekeepers Thumb\Gamekeepers_Thumb054.jpg,Gamekeepers Thumb
C:\Users\HishamMo\Desktop\999_cs\Quantum_Inpired_PSO_Classifcation\MRI_dataset\Gamekeepers Thumb\Gamekeepers_Thumb055.jpg,Gamekeepers Thumb
C:\Users\HishamMo\Desktop\999_cs\Quantum_Inpired_PSO_Classifcation\MRI_dataset\Gamekeepers Thumb\Gamekeepers_Thumb056.jpg,Gamekeepers Thumb
C:\Users\HishamMo\Desktop\999_cs\Quantum_Inpired_PSO_Classifcation\MRI_dataset\Gamekeepers Thumb\Gamekeepers_Thumb057.jpg,Gamekeepers Thumb
C:\Users\HishamMo\Desktop\999_cs\Quantum_Inpired_PSO_Classifcation\MRI_dataset\Gamekeepers Thumb\Gamekeepers_Thumb058.jpg,Gamekeepers Thumb
C:\Users\HishamMo\Desktop\999_cs\Quantum_Inpired_PSO_Classifcation\MRI_dataset\Gamekeepers Thumb\Gamekeepers_Thumb059.jpg,Gamekeepers Thumb
C:\Users\HishamMo\Desktop\999_cs\Quantum_Inpired_PSO_Classifcation\MRI_dataset\Gamekeepers Thumb\Gamekeepers_Thumb060.jpg,Gamekeepers Thumb
C:\Users\HishamMo\Desktop\999_cs\Quantum_Inpired_PSO_Classifcation\MRI_dataset\Gamekeepers Thumb\Gamekeepers_Thumb061.jpg,Gamekeepers Thumb
C:\Users\HishamMo\Desktop\999_cs\Quantum_Inpired_PSO_Classifcation\MRI_dataset\Gamekeepers Thumb\Gamekeepers_Thumb062.jpg,Gamekeepers Thumb
C:\Users\HishamMo\Desktop\999_cs\Quantum_Inpired_PSO_Classifcation\MRI_dataset\Gamekeepers Thumb\Gamekeepers_Thumb063.jpg,Gamekeepers Thumb
C:\Users\HishamMo\Desktop\999_cs\Quantum_Inpired_PSO_Classifcation\MRI_dataset\Gamekeepers Thumb\Gamekeepers_Thumb064.jpg,Gamekeepers Thumb
C:\Users\HishamMo\Desktop\999_cs\Quantum_Inpired_PSO_Classifcation\MRI_dataset\Gamekeepers Thumb\Gamekeepers_Thumb065.jpg,Gamekeepers Thumb
C:\Users\HishamMo\Desktop\999_cs\Quantum_Inpired_PSO_Classifcation\MRI_dataset\Gamekeepers Thumb\Gamekeepers_Thumb066.jpg,Gamekeepers Thumb
C:\Users\HishamMo\Desktop\999_cs\Quantum_Inpired_PSO_Classifcation\MRI_dataset\Gamekeepers Thumb\Gamekeepers_Thumb067.jpg,Gamekeepers Thumb
C:\Users\HishamMo\Desktop\999_cs\Quantum_Inpired_PSO_Classifcation\MRI_dataset\Gamekeepers Thumb\Gamekeepers_Thumb068.jpg,Gamekeepers Thumb
C:\Users\HishamMo\Desktop\999_cs\Quantum_Inpired_PSO_Classifcation\MRI_dataset\Gamekeepers Thumb\Gamekeepers_Thumb069.jpg,Gamekeepers Thumb
C:\Users\HishamMo\Desktop\999_cs\Quantum_Inpired_PSO_Classifcation\MRI_dataset\Gamekeepers Thumb\Gamekeepers_Thumb070.jpg,Gamekeepers Thumb
C:\Users\HishamMo\Desktop\999_cs\Quantum_Inpired_PSO_Classifcation\MRI_dataset\Gamekeepers Thumb\Gamekeepers_Thumb071.jpg,Gamekeepers Thumb
C:\Users\HishamMo\Desktop\999_cs\Quantum_Inpired_PSO_Classifcation\MRI_dataset\Gamekeepers Thumb\Gamekeepers_Thumb072.jpg,Gamekeepers Thumb
C:\Users\HishamMo\Desktop\999_cs\Quantum_Inpired_PSO_Classifcation\MRI_dataset\Gamekeepers Thumb\Gamekeepers_Thumb073.jpg,Gamekeepers Thumb
C:\Users\HishamMo\Desktop\999_cs\Quantum_Inpired_PSO_Classifcation\MRI_dataset\Gamekeepers Thumb\Gamekeepers_Thumb074.jpg,Gamekeepers Thumb
C:\Users\HishamMo\Desktop\999_cs\Quantum_Inpired_PSO_Classifcation\MRI_dataset\Gamekeepers Thumb\Gamekeepers_Thumb075.jpg,Gamekeepers Thumb
C:\Users\HishamMo\Desktop\999_cs\Quantum_Inpired_PSO_Classifcation\MRI_dataset\Gamekeepers Thumb\Gamekeepers_Thumb076.jpg,Gamekeepers Thumb
C:\Users\HishamMo\Desktop\999_cs\Quantum_Inpired_PSO_Classifcation\MRI_dataset\Gamekeepers Thumb\Gamekeepers_Thumb077.jpg,Gamekeepers Thumb
C:\Users\HishamMo\Desktop\999_cs\Quantum_Inpired_PSO_Classifcation\MRI_dataset\Gamekeepers Thumb\Gamekeepers_Thumb078.jpg,Gamekeepers Thumb
C:\Users\HishamMo\Desktop\999_cs\Quantum_Inpired_PSO_Classifcation\MRI_dataset\Gamekeepers Thumb\Gamekeepers_Thumb079.jpg,Gamekeepers Thumb
C:\Users\HishamMo\Desktop\999_cs\Quantum_Inpired_PSO_Classifcation\MRI_dataset\Gamekeepers Thumb\Gamekeepers_Thumb080.jpg,Gamekeepers Thumb
C:\Users\HishamMo\Desktop\999_cs\Quantum_Inpired_PSO_Classifcation\MRI_dataset\Gamekeepers Thumb\Gamekeepers_Thumb081.jpg,Gamekeepers Thumb
C:\Users\HishamMo\Desktop\999_cs\Quantum_Inpired_PSO_Classifcation\MRI_dataset\Gamekeepers Thumb\Gamekeepers_Thumb082.jpg,Gamekeepers Thumb
C:\Users\HishamMo\Desktop\999_cs\Quantum_Inpired_PSO_Classifcation\MRI_dataset\Gamekeepers Thumb\Gamekeepers_Thumb083.jpg,Gamekeepers Thumb
C:\Users\HishamMo\Desktop\999_cs\Quantum_Inpired_PSO_Classifcation\MRI_dataset\Gamekeepers Thumb\Gamekeepers_Thumb084.jpg,Gamekeepers Thumb
C:\Users\HishamMo\Desktop\999_cs\Quantum_Inpired_PSO_Classifcation\MRI_dataset\Gamekeepers Thumb\Gamekeepers_Thumb085.jpg,Gamekeepers Thumb
C:\Users\HishamMo\Desktop\999_cs\Quantum_Inpired_PSO_Classifcation\MRI_dataset\Gamekeepers Thumb\Gamekeepers_Thumb086.jpg,Gamekeepers Thumb
C:\Users\HishamMo\Desktop\999_cs\Quantum_Inpired_PSO_Classifcation\MRI_dataset\Gamekeepers Thumb\Gamekeepers_Thumb087.jpg,Gamekeepers Thumb
C:\Users\HishamMo\Desktop\999_cs\Quantum_Inpired_PSO_Classifcation\MRI_dataset\Gamekeepers Thumb\Gamekeepers_Thumb088.jpg,Gamekeepers Thumb
C:\Users\HishamMo\Desktop\999_cs\Quantum_Inpired_PSO_Classifcation\MRI_dataset\Gamekeepers Thumb\Gamekeepers_Thumb089.jpg,Gamekeepers Thumb
C:\Users\HishamMo\Desktop\999_cs\Quantum_Inpired_PSO_Classifcation\MRI_dataset\Gamekeepers Thumb\Gamekeepers_Thumb090.jpg,Gamekeepers Thumb
C:\Users\HishamMo\Desktop\999_cs\Quantum_Inpired_PSO_Classifcation\MRI_dataset\Gamekeepers Thumb\Gamekeepers_Thumb091.jpg,Gamekeepers Thumb
C:\Users\HishamMo\Desktop\999_cs\Quantum_Inpired_PSO_Classifcation\MRI_dataset\Gamekeepers Thumb\Gamekeepers_Thumb092.jpg,Gamekeepers Thumb
C:\Users\HishamMo\Desktop\999_cs\Quantum_Inpired_PSO_Classifcation\MRI_dataset\Gamekeepers Thumb\Gamekeepers_Thumb093.jpg,Gamekeepers Thumb
C:\Users\HishamMo\Desktop\999_cs\Quantum_Inpired_PSO_Classifcation\MRI_dataset\Gamekeepers Thumb\Gamekeepers_Thumb094.jpg,Gamekeepers Thumb
C:\Users\HishamMo\Desktop\999_cs\Quantum_Inpired_PSO_Classifcation\MRI_dataset\Gamekeepers Thumb\Gamekeepers_Thumb095.jpg,Gamekeepers Thumb
C:\Users\HishamMo\Desktop\999_cs\Quantum_Inpired_PSO_Classifcation\MRI_dataset\Gamekeepers Thumb\Gamekeepers_Thumb096.jpg,Gamekeepers Thumb
C:\Users\HishamMo\Desktop\999_cs\Quantum_Inpired_PSO_Classifcation\MRI_dataset\Gamekeepers Thumb\Gamekeepers_Thumb097.jpg,Gamekeepers Thumb
C:\Users\HishamMo\Desktop\999_cs\Quantum_Inpired_PSO_Classifcation\MRI_dataset\Gamekeepers Thumb\Gamekeepers_Thumb098.jpg,Gamekeepers Thumb
C:\Users\HishamMo\Desktop\999_cs\Quantum_Inpired_PSO_Classifcation\MRI_dataset\Gamekeepers Thumb\Gamekeepers_Thumb099.jpg,Gamekeepers Thumb
C:\Users\HishamMo\Desktop\999_cs\Quantum_Inpired_PSO_Classifcation\MRI_dataset\Gamekeepers Thumb\Gamekeepers_Thumb100.jpg,Gamekeepers Thumb
C:\Users\HishamMo\Desktop\999_cs\Quantum_Inpired_PSO_Classifcation\MRI_dataset\Gamekeepers Thumb\Gamekeepers_Thumb101.jpg,Gamekeepers Thumb
C:\Users\HishamMo\Desktop\999_cs\Quantum_Inpired_PSO_Classifcation\MRI_dataset\Gamekeepers Thumb\Gamekeepers_Thumb102.jpg,Gamekeepers Thumb
C:\Users\HishamMo\Desktop\999_cs\Quantum_Inpired_PSO_Classifcation\MRI_dataset\Gamekeepers Thumb\Gamekeepers_Thumb103.jpg,Gamekeepers Thumb
C:\Users\HishamMo\Desktop\999_cs\Quantum_Inpired_PSO_Classifcation\MRI_dataset\Gamekeepers Thumb\Gamekeepers_Thumb104.jpg,Gamekeepers Thumb
C:\Users\HishamMo\Desktop\999_cs\Quantum_Inpired_PSO_Classifcation\MRI_dataset\Gamekeepers Thumb\Gamekeepers_Thumb105.jpg,Gamekeepers Thumb
C:\Users\HishamMo\Desktop\999_cs\Quantum_Inpired_PSO_Classifcation\MRI_dataset\Gamekeepers Thumb\Gamekeepers_Thumb106.jpg,Gamekeepers Thumb
C:\Users\HishamMo\Desktop\999_cs\Quantum_Inpired_PSO_Classifcation\MRI_dataset\Gamekeepers Thumb\Gamekeepers_Thumb107.jpg,Gamekeepers Thumb
C:\Users\HishamMo\Desktop\999_cs\Quantum_Inpired_PSO_Classifcation\MRI_dataset\Gamekeepers Thumb\Gamekeepers_Thumb108.jpg,Gamekeepers Thumb
C:\Users\HishamMo\Desktop\999_cs\Quantum_Inpired_PSO_Classifcation\MRI_dataset\Gamekeepers Thumb\Gamekeepers_Thumb109.jpg,Gamekeepers Thumb
C:\Users\HishamMo\Desktop\999_cs\Quantum_Inpired_PSO_Classifcation\MRI_dataset\Gamekeepers Thumb\Gamekeepers_Thumb110.jpg,Gamekeepers Thumb
C:\Users\HishamMo\Desktop\999_cs\Quantum_Inpired_PSO_Classifcation\MRI_dataset\Gamekeepers Thumb\Gamekeepers_Thumb111.jpg,Gamekeepers Thumb
C:\Users\HishamMo\Desktop\999_cs\Quantum_Inpired_PSO_Classifcation\MRI_dataset\Gamekeepers Thumb\Gamekeepers_Thumb112.jpg,Gamekeepers Thumb
C:\Users\HishamMo\Desktop\999_cs\Quantum_Inpired_PSO_Classifcation\MRI_dataset\Gamekeepers Thumb\Gamekeepers_Thumb113.jpg,Gamekeepers Thumb
C:\Users\HishamMo\Desktop\999_cs\Quantum_Inpired_PSO_Classifcation\MRI_dataset\Gamekeepers Thumb\Gamekeepers_Thumb114.jpg,Gamekeepers Thumb
C:\Users\HishamMo\Desktop\999_cs\Quantum_Inpired_PSO_Classifcation\MRI_dataset\Gamekeepers Thumb\Gamekeepers_Thumb115.jpg,Gamekeepers Thumb
C:\Users\HishamMo\Desktop\999_cs\Quantum_Inpired_PSO_Classifcation\MRI_dataset\Gamekeepers Thumb\Gamekeepers_Thumb116.jpg,Gamekeepers Thumb
C:\Users\HishamMo\Desktop\999_cs\Quantum_Inpired_PSO_Classifcation\MRI_dataset\Gamekeepers Thumb\Gamekeepers_Thumb117.jpg,Gamekeepers Thumb
C:\Users\HishamMo\Desktop\999_cs\Quantum_Inpired_PSO_Classifcation\MRI_dataset\Gamekeepers Thumb\Gamekeepers_Thumb118.jpg,Gamekeepers Thumb
C:\Users\HishamMo\Desktop\999_cs\Quantum_Inpired_PSO_Classifcation\MRI_dataset\Gamekeepers Thumb\Gamekeepers_Thumb119.jpg,Gamekeepers Thumb
C:\Users\HishamMo\Desktop\999_cs\Quantum_Inpired_PSO_Classifcation\MRI_dataset\Gamekeepers Thumb\Gamekeepers_Thumb120.jpg,Gamekeepers Thumb
C:\Users\HishamMo\Desktop\999_cs\Quantum_Inpired_PSO_Classifcation\MRI_dataset\Gamekeepers Thumb\Gamekeepers_Thumb121.jpg,Gamekeepers Thumb
C:\Users\HishamMo\Desktop\999_cs\Quantum_Inpired_PSO_Classifcation\MRI_dataset\Gamekeepers Thumb\Gamekeepers_Thumb122.jpg,Gamekeepers Thumb
C:\Users\HishamMo\Desktop\999_cs\Quantum_Inpired_PSO_Classifcation\MRI_dataset\Gamekeepers Thumb\Gamekeepers_Thumb123.jpg,Gamekeepers Thumb
C:\Users\HishamMo\Desktop\999_cs\Quantum_Inpired_PSO_Classifcation\MRI_dataset\Gamekeepers Thumb\Gamekeepers_Thumb124.jpg,Gamekeepers Thumb
C:\Users\HishamMo\Desktop\999_cs\Quantum_Inpired_PSO_Classifcation\MRI_dataset\Gamekeepers Thumb\Gamekeepers_Thumb125.jpg,Gamekeepers Thumb
C:\Users\HishamMo\Desktop\999_cs\Quantum_Inpired_PSO_Classifcation\MRI_dataset\Gamekeepers Thumb\Gamekeepers_Thumb126.jpg,Gamekeepers Thumb
C:\Users\HishamMo\Desktop\999_cs\Quantum_Inpired_PSO_Classifcation\MRI_dataset\Gamekeepers Thumb\Gamekeepers_Thumb127.jpg,Gamekeepers Thumb
C:\Users\HishamMo\Desktop\999_cs\Quantum_Inpired_PSO_Classifcation\MRI_dataset\Gamekeepers Thumb\Gamekeepers_Thumb128.jpg,Gamekeepers Thumb
C:\Users\HishamMo\Desktop\999_cs\Quantum_Inpired_PSO_Classifcation\MRI_dataset\Gamekeepers Thumb\Gamekeepers_Thumb129.jpg,Gamekeepers Thumb
C:\Users\HishamMo\Desktop\999_cs\Quantum_Inpired_PSO_Classifcation\MRI_dataset\Gamekeepers Thumb\Gamekeepers_Thumb130.jpg,Gamekeepers Thumb
C:\Users\HishamMo\Desktop\999_cs\Quantum_Inpired_PSO_Classifcation\MRI_dataset\Gamekeepers Thumb\Gamekeepers_Thumb131.jpg,Gamekeepers Thumb
C:\Users\HishamMo\Desktop\999_cs\Quantum_Inpired_PSO_Classifcation\MRI_dataset\Gamekeepers Thumb\Gamekeepers_Thumb132.jpg,Gamekeepers Thumb
C:\Users\HishamMo\Desktop\999_cs\Quantum_Inpired_PSO_Classifcation\MRI_dataset\Gamekeepers Thumb\Gamekeepers_Thumb133.jpg,Gamekeepers Thumb
C:\Users\HishamMo\Desktop\999_cs\Quantum_Inpired_PSO_Classifcation\MRI_dataset\Gamekeepers Thumb\Gamekeepers_Thumb134.jpg,Gamekeepers Thumb
C:\Users\HishamMo\Desktop\999_cs\Quantum_Inpired_PSO_Classifcation\MRI_dataset\Gamekeepers Thumb\Gamekeepers_Thumb135.jpg,Gamekeepers Thumb
C:\Users\HishamMo\Desktop\999_cs\Quantum_Inpired_PSO_Classifcation\MRI_dataset\Gamekeepers Thumb\Gamekeepers_Thumb136.jpg,Gamekeepers Thumb
C:\Users\HishamMo\Desktop\999_cs\Quantum_Inpired_PSO_Classifcation\MRI_dataset\Gamekeepers Thumb\Gamekeepers_Thumb137.jpg,Gamekeepers Thumb
C:\Users\HishamMo\Desktop\999_cs\Quantum_Inpired_PSO_Classifcation\MRI_dataset\Gamekeepers Thumb\Gamekeepers_Thumb138.jpg,Gamekeepers Thumb
C:\Users\HishamMo\Desktop\999_cs\Quantum_Inpired_PSO_Classifcation\MRI_dataset\Gamekeepers Thumb\Gamekeepers_Thumb139.jpg,Gamekeepers Thumb
C:\Users\HishamMo\Desktop\999_cs\Quantum_Inpired_PSO_Classifcation\MRI_dataset\Gamekeepers Thumb\Gamekeepers_Thumb140.jpg,Gamekeepers Thumb
C:\Users\HishamMo\Desktop\999_cs\Quantum_Inpired_PSO_Classifcation\MRI_dataset\Gamekeepers Thumb\Gamekeepers_Thumb141.jpg,Gamekeepers Thumb
C:\Users\HishamMo\Desktop\999_cs\Quantum_Inpired_PSO_Classifcation\MRI_dataset\Gamekeepers Thumb\Gamekeepers_Thumb142.jpg,Gamekeepers Thumb
C:\Users\HishamMo\Desktop\999_cs\Quantum_Inpired_PSO_Classifcation\MRI_dataset\Gamekeepers Thumb\Gamekeepers_Thumb143.jpg,Gamekeepers Thumb
C:\Users\HishamMo\Desktop\999_cs\Quantum_Inpired_PSO_Classifcation\MRI_dataset\Gamekeepers Thumb\Gamekeepers_Thumb144.jpg,Gamekeepers Thumb
C:\Users\HishamMo\Desktop\999_cs\Quantum_Inpired_PSO_Classifcation\MRI_dataset\Gamekeepers Thumb\Gamekeepers_Thumb145.jpg,Gamekeepers Thumb
C:\Users\HishamMo\Desktop\999_cs\Quantum_Inpired_PSO_Classifcation\MRI_dataset\Gamekeepers Thumb\Gamekeepers_Thumb146.jpg,Gamekeepers Thumb
C:\Users\HishamMo\Desktop\999_cs\Quantum_Inpired_PSO_Classifcation\MRI_dataset\Gamekeepers Thumb\Gamekeepers_Thumb147.jpg,Gamekeepers Thumb
C:\Users\HishamMo\Desktop\999_cs\Quantum_Inpired_PSO_Classifcation\MRI_dataset\Gamekeepers Thumb\Gamekeepers_Thumb148.jpg,Gamekeepers Thumb
C:\Users\HishamMo\Desktop\999_cs\Quantum_Inpired_PSO_Classifcation\MRI_dataset\Gamekeepers Thumb\Gamekeepers_Thumb149.jpg,Gamekeepers Thumb
C:\Users\HishamMo\Desktop\999_cs\Quantum_Inpired_PSO_Classifcation\MRI_dataset\Gamekeepers Thumb\Gamekeepers_Thumb150.jpg,Gamekeepers Thumb
C:\Users\HishamMo\Desktop\999_cs\Quantum_Inpired_PSO_Classifcation\MRI_dataset\Gamekeepers Thumb\Gamekeepers_Thumb151.jpg,Gamekeepers Thumb
C:\Users\HishamMo\Desktop\999_cs\Quantum_Inpired_PSO_Classifcation\MRI_dataset\Gamekeepers Thumb\Gamekeepers_Thumb152.jpg,Gamekeepers Thumb
C:\Users\HishamMo\Desktop\999_cs\Quantum_Inpired_PSO_Classifcation\MRI_dataset\Gamekeepers Thumb\Gamekeepers_Thumb153.jpg,Gamekeepers Thumb
C:\Users\HishamMo\Desktop\999_cs\Quantum_Inpired_PSO_Classifcation\MRI_dataset\Gamekeepers Thumb\Gamekeepers_Thumb154.jpg,Gamekeepers Thumb
C:\Users\HishamMo\Desktop\999_cs\Quantum_Inpired_PSO_Classifcation\MRI_dataset\Gamekeepers Thumb\Gamekeepers_Thumb155.jpg,Gamekeepers Thumb
C:\Users\HishamMo\Desktop\999_cs\Quantum_Inpired_PSO_Classifcation\MRI_dataset\Gamekeepers Thumb\Gamekeepers_Thumb156.jpg,Gamekeepers Thumb
C:\Users\HishamMo\Desktop\999_cs\Quantum_Inpired_PSO_Classifcation\MRI_dataset\Gamekeepers Thumb\Gamekeepers_Thumb157.jpg,Gamekeepers Thumb
C:\Users\HishamMo\Desktop\999_cs\Quantum_Inpired_PSO_Classifcation\MRI_dataset\Gamekeepers Thumb\Gamekeepers_Thumb158.jpg,Gamekeepers Thumb
C:\Users\HishamMo\Desktop\999_cs\Quantum_Inpired_PSO_Classifcation\MRI_dataset\Gamekeepers Thumb\Gamekeepers_Thumb159.jpg,Gamekeepers Thumb
C:\Users\HishamMo\Desktop\999_cs\Quantum_Inpired_PSO_Classifcation\MRI_dataset\Gamekeepers Thumb\Gamekeepers_Thumb160.jpg,Gamekeepers Thumb
C:\Users\HishamMo\Desktop\999_cs\Quantum_Inpired_PSO_Classifcation\MRI_dataset\Gamekeepers Thumb\Gamekeepers_Thumb161.jpg,Gamekeepers Thumb
C:\Users\HishamMo\Desktop\999_cs\Quantum_Inpired_PSO_Classifcation\MRI_dataset\Gamekeepers Thumb\Gamekeepers_Thumb162.jpg,Gamekeepers Thumb
C:\Users\HishamMo\Desktop\999_cs\Quantum_Inpired_PSO_Classifcation\MRI_dataset\Gamekeepers Thumb\Gamekeepers_Thumb163.jpg,Gamekeepers Thumb
C:\Users\HishamMo\Desktop\999_cs\Quantum_Inpired_PSO_Classifcation\MRI_dataset\Gamekeepers Thumb\Gamekeepers_Thumb164.jpg,Gamekeepers Thumb
C:\Users\HishamMo\Desktop\999_cs\Quantum_Inpired_PSO_Classifcation\MRI_dataset\Gamekeepers Thumb\Gamekeepers_Thumb165.jpg,Gamekeepers Thumb
C:\Users\HishamMo\Desktop\999_cs\Quantum_Inpired_PSO_Classifcation\MRI_dataset\Gamekeepers Thumb\Gamekeepers_Thumb166.jpg,Gamekeepers Thumb
C:\Users\HishamMo\Desktop\999_cs\Quantum_Inpired_PSO_Classifcation\MRI_dataset\Gamekeepers Thumb\Gamekeepers_Thumb167.jpg,Gamekeepers Thumb
C:\Users\HishamMo\Desktop\999_cs\Quantum_Inpired_PSO_Classifcation\MRI_dataset\Gamekeepers Thumb\Gamekeepers_Thumb168.jpg,Gamekeepers Thumb
C:\Users\HishamMo\Desktop\999_cs\Quantum_Inpired_PSO_Classifcation\MRI_dataset\Gamekeepers Thumb\Gamekeepers_Thumb169.jpg,Gamekeepers Thumb
C:\Users\HishamMo\Desktop\999_cs\Quantum_Inpired_PSO_Classifcation\MRI_dataset\Gamekeepers Thumb\Gamekeepers_Thumb170.jpg,Gamekeepers Thumb
C:\Users\HishamMo\Desktop\999_cs\Quantum_Inpired_PSO_Classifcation\MRI_dataset\Gamekeepers Thumb\Gamekeepers_Thumb171.jpg,Gamekeepers Thumb
C:\Users\HishamMo\Desktop\999_cs\Quantum_Inpired_PSO_Classifcation\MRI_dataset\Gamekeepers Thumb\Gamekeepers_Thumb172.jpg,Gamekeepers Thumb
C:\Users\HishamMo\Desktop\999_cs\Quantum_Inpired_PSO_Classifcation\MRI_dataset\Gamekeepers Thumb\Gamekeepers_Thumb173.jpg,Gamekeepers Thumb
C:\Users\HishamMo\Desktop\999_cs\Quantum_Inpired_PSO_Classifcation\MRI_dataset\Gamekeepers Thumb\Gamekeepers_Thumb174.jpg,Gamekeepers Thumb
C:\Users\HishamMo\Desktop\999_cs\Quantum_Inpired_PSO_Classifcation\MRI_dataset\Gamekeepers Thumb\Gamekeepers_Thumb175.jpg,Gamekeepers Thumb
C:\Users\HishamMo\Desktop\999_cs\Quantum_Inpired_PSO_Classifcation\MRI_dataset\Gamekeepers Thumb\Gamekeepers_Thumb176.jpg,Gamekeepers Thumb
C:\Users\HishamMo\Desktop\999_cs\Quantum_Inpired_PSO_Classifcation\MRI_dataset\Gamekeepers Thumb\Gamekeepers_Thumb177.jpg,Gamekeepers Thumb
C:\Users\HishamMo\Desktop\999_cs\Quantum_Inpired_PSO_Classifcation\MRI_dataset\Gamekeepers Thumb\Gamekeepers_Thumb178.jpg,Gamekeepers Thumb
C:\Users\HishamMo\Desktop\999_cs\Quantum_Inpired_PSO_Classifcation\MRI_dataset\Gamekeepers Thumb\Gamekeepers_Thumb179.jpg,Gamekeepers Thumb
C:\Users\HishamMo\Desktop\999_cs\Quantum_Inpired_PSO_Classifcation\MRI_dataset\Gamekeepers Thumb\Gamekeepers_Thumb180.jpg,Gamekeepers Thumb
C:\Users\HishamMo\Desktop\999_cs\Quantum_Inpired_PSO_Classifcation\MRI_dataset\Gamekeepers Thumb\Gamekeepers_Thumb181.jpg,Gamekeepers Thumb
C:\Users\HishamMo\Desktop\999_cs\Quantum_Inpired_PSO_Classifcation\MRI_dataset\Gamekeepers Thumb\Gamekeepers_Thumb182.jpg,Gamekeepers Thumb
C:\Users\HishamMo\Desktop\999_cs\Quantum_Inpired_PSO_Classifcation\MRI_dataset\Gamekeepers Thumb\Gamekeepers_Thumb183.jpg,Gamekeepers Thumb
C:\Users\HishamMo\Desktop\999_cs\Quantum_Inpired_PSO_Classifcation\MRI_dataset\Gamekeepers Thumb\Gamekeepers_Thumb184.jpg,Gamekeepers Thumb
C:\Users\HishamMo\Desktop\999_cs\Quantum_Inpired_PSO_Classifcation\MRI_dataset\Gamekeepers Thumb\Gamekeepers_Thumb185.jpg,Gamekeepers Thumb
C:\Users\HishamMo\Desktop\999_cs\Quantum_Inpired_PSO_Classifcation\MRI_dataset\Gamekeepers Thumb\Gamekeepers_Thumb186.jpg,Gamekeepers Thumb
C:\Users\HishamMo\Desktop\999_cs\Quantum_Inpired_PSO_Classifcation\MRI_dataset\Gamekeepers Thumb\Gamekeepers_Thumb187.jpg,Gamekeepers Thumb
C:\Users\HishamMo\Desktop\999_cs\Quantum_Inpired_PSO_Classifcation\MRI_dataset\Gamekeepers Thumb\Gamekeepers_Thumb188.jpg,Gamekeepers Thumb
C:\Users\HishamMo\Desktop\999_cs\Quantum_Inpired_PSO_Classifcation\MRI_dataset\Gamekeepers Thumb\Gamekeepers_Thumb189.jpg,Gamekeepers Thumb
C:\Users\HishamMo\Desktop\999_cs\Quantum_Inpired_PSO_Classifcation\MRI_dataset\Gamekeepers Thumb\Gamekeepers_Thumb190.jpg,Gamekeepers Thumb
C:\Users\HishamMo\Desktop\999_cs\Quantum_Inpired_PSO_Classifcation\MRI_dataset\Gamekeepers Thumb\Gamekeepers_Thumb191.jpg,Gamekeepers Thumb
C:\Users\HishamMo\Desktop\999_cs\Quantum_Inpired_PSO_Classifcation\MRI_dataset\Gamekeepers Thumb\Gamekeepers_Thumb192.jpg,Gamekeepers Thumb
C:\Users\HishamMo\Desktop\999_cs\Quantum_Inpired_PSO_Classifcation\MRI_dataset\Gamekeepers Thumb\Gamekeepers_Thumb193.jpg,Gamekeepers Thumb
C:\Users\HishamMo\Desktop\999_cs\Quantum_Inpired_PSO_Classifcation\MRI_dataset\Gamekeepers Thumb\Gamekeepers_Thumb194.jpg,Gamekeepers Thumb
C:\Users\HishamMo\Desktop\999_cs\Quantum_Inpired_PSO_Classifcation\MRI_dataset\Gamekeepers Thumb\Gamekeepers_Thumb195.jpg,Gamekeepers Thumb
C:\Users\HishamMo\Desktop\999_cs\Quantum_Inpired_PSO_Classifcation\MRI_dataset\Gamekeepers Thumb\Gamekeepers_Thumb196.jpg,Gamekeepers Thumb
C:\Users\HishamMo\Desktop\999_cs\Quantum_Inpired_PSO_Classifcation\MRI_dataset\Gamekeepers Thumb\Gamekeepers_Thumb197.jpg,Gamekeepers Thumb
C:\Users\HishamMo\Desktop\999_cs\Quantum_Inpired_PSO_Classifcation\MRI_dataset\Gamekeepers Thumb\Gamekeepers_Thumb198.jpg,Gamekeepers Thumb
C:\Users\HishamMo\Desktop\999_cs\Quantum_Inpired_PSO_Classifcation\MRI_dataset\Gamekeepers Thumb\Gamekeepers_Thumb199.jpg,Gamekeepers Thumb
C:\Users\HishamMo\Desktop\999_cs\Quantum_Inpired_PSO_Classifcation\MRI_dataset\Gamekeepers Thumb\Gamekeepers_Thumb200.jpg,Gamekeepers Thumb
C:\Users\HishamMo\Desktop\999_cs\Quantum_Inpired_PSO_Classifcation\MRI_dataset\Gamekeepers Thumb\Gamekeepers_Thumb201.jpg,Gamekeepers Thumb
C:\Users\HishamMo\Desktop\999_cs\Quantum_Inpired_PSO_Classifcation\MRI_dataset\Gamekeepers Thumb\Gamekeepers_Thumb202.jpg,Gamekeepers Thumb
C:\Users\HishamMo\Desktop\999_cs\Quantum_Inpired_PSO_Classifcation\MRI_dataset\Gamekeepers Thumb\Gamekeepers_Thumb203.jpg,Gamekeepers Thumb
C:\Users\HishamMo\Desktop\999_cs\Quantum_Inpired_PSO_Classifcation\MRI_dataset\Gamekeepers Thumb\Gamekeepers_Thumb204.jpg,Gamekeepers Thumb
C:\Users\HishamMo\Desktop\999_cs\Quantum_Inpired_PSO_Classifcation\MRI_dataset\Gamekeepers Thumb\Gamekeepers_Thumb205.jpg,Gamekeepers Thumb
C:\Users\HishamMo\Desktop\999_cs\Quantum_Inpired_PSO_Classifcation\MRI_dataset\Gamekeepers Thumb\Gamekeepers_Thumb206.jpg,Gamekeepers Thumb
C:\Users\HishamMo\Desktop\999_cs\Quantum_Inpired_PSO_Classifcation\MRI_dataset\Gamekeepers Thumb\Gamekeepers_Thumb207.jpg,Gamekeepers Thumb
C:\Users\HishamMo\Desktop\999_cs\Quantum_Inpired_PSO_Classifcation\MRI_dataset\Gamekeepers Thumb\Gamekeepers_Thumb208.jpg,Gamekeepers Thumb
C:\Users\HishamMo\Desktop\999_cs\Quantum_Inpired_PSO_Classifcation\MRI_dataset\Gamekeepers Thumb\Gamekeepers_Thumb209.jpg,Gamekeepers Thumb
C:\Users\HishamMo\Desktop\999_cs\Quantum_Inpired_PSO_Classifcation\MRI_dataset\Gamekeepers Thumb\Gamekeepers_Thumb210.jpg,Gamekeepers Thumb
C:\Users\HishamMo\Desktop\999_cs\Quantum_Inpired_PSO_Classifcation\MRI_dataset\Gamekeepers Thumb\Gamekeepers_Thumb211.jpg,Gamekeepers Thumb
C:\Users\HishamMo\Desktop\999_cs\Quantum_Inpired_PSO_Classifcation\MRI_dataset\Gamekeepers Thumb\Gamekeepers_Thumb212.jpg,Gamekeepers Thumb
C:\Users\HishamMo\Desktop\999_cs\Quantum_Inpired_PSO_Classifcation\MRI_dataset\Gamekeepers Thumb\Gamekeepers_Thumb213.jpg,Gamekeepers Thumb
C:\Users\HishamMo\Desktop\999_cs\Quantum_Inpired_PSO_Classifcation\MRI_dataset\Gamekeepers Thumb\Gamekeepers_Thumb214.jpg,Gamekeepers Thumb
C:\Users\HishamMo\Desktop\999_cs\Quantum_Inpired_PSO_Classifcation\MRI_dataset\Gamekeepers Thumb\Gamekeepers_Thumb215.jpg,Gamekeepers Thumb
C:\Users\HishamMo\Desktop\999_cs\Quantum_Inpired_PSO_Classifcation\MRI_dataset\Gamekeepers Thumb\Gamekeepers_Thumb216.jpg,Gamekeepers Thumb
C:\Users\HishamMo\Desktop\999_cs\Quantum_Inpired_PSO_Classifcation\MRI_dataset\Gamekeepers Thumb\Gamekeepers_Thumb217.jpg,Gamekeepers Thumb
C:\Users\HishamMo\Desktop\999_cs\Quantum_Inpired_PSO_Classifcation\MRI_dataset\Gamekeepers Thumb\Gamekeepers_Thumb218.jpg,Gamekeepers Thumb
C:\Users\HishamMo\Desktop\999_cs\Quantum_Inpired_PSO_Classifcation\MRI_dataset\Gamekeepers Thumb\Gamekeepers_Thumb219.jpg,Gamekeepers Thumb
C:\Users\HishamMo\Desktop\999_cs\Quantum_Inpired_PSO_Classifcation\MRI_dataset\Gamekeepers Thumb\Gamekeepers_Thumb220.jpg,Gamekeepers Thumb
C:\Users\HishamMo\Desktop\999_cs\Quantum_Inpired_PSO_Classifcation\MRI_dataset\Gamekeepers Thumb\Gamekeepers_Thumb221.jpg,Gamekeepers Thumb
C:\Users\HishamMo\Desktop\999_cs\Quantum_Inpired_PSO_Classifcation\MRI_dataset\Gamekeepers Thumb\Gamekeepers_Thumb222.jpg,Gamekeepers Thumb
C:\Users\HishamMo\Desktop\999_cs\Quantum_Inpired_PSO_Classifcation\MRI_dataset\Gamekeepers Thumb\Gamekeepers_Thumb223.jpg,Gamekeepers Thumb
C:\Users\HishamMo\Desktop\999_cs\Quantum_Inpired_PSO_Classifcation\MRI_dataset\Gamekeepers Thumb\Gamekeepers_Thumb224.jpg,Gamekeepers Thumb
C:\Users\HishamMo\Desktop\999_cs\Quantum_Inpired_PSO_Classifcation\MRI_dataset\Gamekeepers Thumb\Gamekeepers_Thumb225.jpg,Gamekeepers Thumb
C:\Users\HishamMo\Desktop\999_cs\Quantum_Inpired_PSO_Classifcation\MRI_dataset\Gamekeepers Thumb\Gamekeepers_Thumb226.jpg,Gamekeepers Thumb
C:\Users\HishamMo\Desktop\999_cs\Quantum_Inpired_PSO_Classifcation\MRI_dataset\Gamekeepers Thumb\Gamekeepers_Thumb227.jpg,Gamekeepers Thumb
C:\Users\HishamMo\Desktop\999_cs\Quantum_Inpired_PSO_Classifcation\MRI_dataset\Gamekeepers Thumb\Gamekeepers_Thumb228.jpg,Gamekeepers Thumb
C:\Users\HishamMo\Desktop\999_cs\Quantum_Inpired_PSO_Classifcation\MRI_dataset\Gamekeepers Thumb\Gamekeepers_Thumb229.jpg,Gamekeepers Thumb
C:\Users\HishamMo\Desktop\999_cs\Quantum_Inpired_PSO_Classifcation\MRI_dataset\Gamekeepers Thumb\Gamekeepers_Thumb230.jpg,Gamekeepers Thumb
C:\Users\HishamMo\Desktop\999_cs\Quantum_Inpired_PSO_Classifcation\MRI_dataset\Gamekeepers Thumb\Gamekeepers_Thumb231.jpg,Gamekeepers Thumb
C:\Users\HishamMo\Desktop\999_cs\Quantum_Inpired_PSO_Classifcation\MRI_dataset\Gamekeepers Thumb\Gamekeepers_Thumb232.jpg,Gamekeepers Thumb
C:\Users\HishamMo\Desktop\999_cs\Quantum_Inpired_PSO_Classifcation\MRI_dataset\Gamekeepers Thumb\Gamekeepers_Thumb233.jpg,Gamekeepers Thumb
C:\Users\HishamMo\Desktop\999_cs\Quantum_Inpired_PSO_Classifcation\MRI_dataset\Gamekeepers Thumb\Gamekeepers_Thumb234.jpg,Gamekeepers Thumb
C:\Users\HishamMo\Desktop\999_cs\Quantum_Inpired_PSO_Classifcation\MRI_dataset\Gamekeepers Thumb\Gamekeepers_Thumb235.jpg,Gamekeepers Thumb
C:\Users\HishamMo\Desktop\999_cs\Quantum_Inpired_PSO_Classifcation\MRI_dataset\Gamekeepers Thumb\Gamekeepers_Thumb236.jpg,Gamekeepers Thumb
C:\Users\HishamMo\Desktop\999_cs\Quantum_Inpired_PSO_Classifcation\MRI_dataset\Gamekeepers Thumb\Gamekeepers_Thumb237.jpg,Gamekeepers Thumb
C:\Users\HishamMo\Desktop\999_cs\Quantum_Inpired_PSO_Classifcation\MRI_dataset\Gamekeepers Thumb\Gamekeepers_Thumb238.jpg,Gamekeepers Thumb
C:\Users\HishamMo\Desktop\999_cs\Quantum_Inpired_PSO_Classifcation\MRI_dataset\Gamekeepers Thumb\Gamekeepers_Thumb239.jpg,Gamekeepers Thumb
C:\Users\HishamMo\Desktop\999_cs\Quantum_Inpired_PSO_Classifcation\MRI_dataset\Gamekeepers Thumb\Gamekeepers_Thumb240.jpg,Gamekeepers Thumb
C:\Users\HishamMo\Desktop\999_cs\Quantum_Inpired_PSO_Classifcation\MRI_dataset\Gamekeepers Thumb\Gamekeepers_Thumb241.jpg,Gamekeepers Thumb
C:\Users\HishamMo\Desktop\999_cs\Quantum_Inpired_PSO_Classifcation\MRI_dataset\Gamekeepers Thumb\Gamekeepers_Thumb242.jpg,Gamekeepers Thumb
C:\Users\HishamMo\Desktop\999_cs\Quantum_Inpired_PSO_Classifcation\MRI_dataset\Gamekeepers Thumb\Gamekeepers_Thumb243.jpg,Gamekeepers Thumb
C:\Users\HishamMo\Desktop\999_cs\Quantum_Inpired_PSO_Classifcation\MRI_dataset\Gamekeepers Thumb\Gamekeepers_Thumb244.jpg,Gamekeepers Thumb
C:\Users\HishamMo\Desktop\999_cs\Quantum_Inpired_PSO_Classifcation\MRI_dataset\Gamekeepers Thumb\Gamekeepers_Thumb245.jpg,Gamekeepers Thumb
C:\Users\HishamMo\Desktop\999_cs\Quantum_Inpired_PSO_Classifcation\MRI_dataset\Gamekeepers Thumb\Gamekeepers_Thumb246.jpg,Gamekeepers Thumb
C:\Users\HishamMo\Desktop\999_cs\Quantum_Inpired_PSO_Classifcation\MRI_dataset\Gamekeepers Thumb\Gamekeepers_Thumb247.jpg,Gamekeepers Thumb
C:\Users\HishamMo\Desktop\999_cs\Quantum_Inpired_PSO_Classifcation\MRI_dataset\Gamekeepers Thumb\Gamekeepers_Thumb248.jpg,Gamekeepers Thumb
C:\Users\HishamMo\Desktop\999_cs\Quantum_Inpired_PSO_Classifcation\MRI_dataset\Gamekeepers Thumb\Gamekeepers_Thumb249.jpg,Gamekeepers Thumb
C:\Users\HishamMo\Desktop\999_cs\Quantum_Inpired_PSO_Classifcation\MRI_dataset\Gamekeepers Thumb\Gamekeepers_Thumb250.jpg,Gamekeepers Thumb
C:\Users\HishamMo\Desktop\999_cs\Quantum_Inpired_PSO_Classifcation\MRI_dataset\Gamekeepers Thumb\Gamekeepers_Thumb251.jpg,Gamekeepers Thumb
C:\Users\HishamMo\Desktop\999_cs\Quantum_Inpired_PSO_Classifcation\MRI_dataset\Gamekeepers Thumb\Gamekeepers_Thumb252.jpg,Gamekeepers Thumb
C:\Users\HishamMo\Desktop\999_cs\Quantum_Inpired_PSO_Classifcation\MRI_dataset\Gamekeepers Thumb\Gamekeepers_Thumb253.jpg,Gamekeepers Thumb
C:\Users\HishamMo\Desktop\999_cs\Quantum_Inpired_PSO_Classifcation\MRI_dataset\Gamekeepers Thumb\Gamekeepers_Thumb254.jpg,Gamekeepers Thumb
C:\Users\HishamMo\Desktop\999_cs\Quantum_Inpired_PSO_Classifcation\MRI_dataset\Gamekeepers Thumb\Gamekeepers_Thumb255.jpg,Gamekeepers Thumb
C:\Users\HishamMo\Desktop\999_cs\Quantum_Inpired_PSO_Classifcation\MRI_dataset\Gamekeepers Thumb\Gamekeepers_Thumb256.jpg,Gamekeepers Thumb
C:\Users\HishamMo\Desktop\999_cs\Quantum_Inpired_PSO_Classifcation\MRI_dataset\Gamekeepers Thumb\Gamekeepers_Thumb257.jpg,Gamekeepers Thumb
C:\Users\HishamMo\Desktop\999_cs\Quantum_Inpired_PSO_Classifcation\MRI_dataset\Gamekeepers Thumb\Gamekeepers_Thumb258.jpg,Gamekeepers Thumb
C:\Users\HishamMo\Desktop\999_cs\Quantum_Inpired_PSO_Classifcation\MRI_dataset\Gamekeepers Thumb\Gamekeepers_Thumb259.jpg,Gamekeepers Thumb
C:\Users\HishamMo\Desktop\999_cs\Quantum_Inpired_PSO_Classifcation\MRI_dataset\Gamekeepers Thumb\Gamekeepers_Thumb260.jpg,Gamekeepers Thumb
C:\Users\HishamMo\Desktop\999_cs\Quantum_Inpired_PSO_Classifcation\MRI_dataset\Gamekeepers Thumb\Gamekeepers_Thumb261.jpg,Gamekeepers Thumb
C:\Users\HishamMo\Desktop\999_cs\Quantum_Inpired_PSO_Classifcation\MRI_dataset\Gamekeepers Thumb\Gamekeepers_Thumb262.jpg,Gamekeepers Thumb
C:\Users\HishamMo\Desktop\999_cs\Quantum_Inpired_PSO_Classifcation\MRI_dataset\Gamekeepers Thumb\Gamekeepers_Thumb263.jpg,Gamekeepers Thumb
C:\Users\HishamMo\Desktop\999_cs\Quantum_Inpired_PSO_Classifcation\MRI_dataset\Gamekeepers Thumb\Gamekeepers_Thumb264.jpg,Gamekeepers Thumb
C:\Users\HishamMo\Desktop\999_cs\Quantum_Inpired_PSO_Classifcation\MRI_dataset\Gamekeepers Thumb\Gamekeepers_Thumb265.jpg,Gamekeepers Thumb
C:\Users\HishamMo\Desktop\999_cs\Quantum_Inpired_PSO_Classifcation\MRI_dataset\Gamekeepers Thumb\Gamekeepers_Thumb266.jpg,Gamekeepers Thumb
C:\Users\HishamMo\Desktop\999_cs\Quantum_Inpired_PSO_Classifcation\MRI_dataset\Gamekeepers Thumb\Gamekeepers_Thumb267.jpg,Gamekeepers Thumb
C:\Users\HishamMo\Desktop\999_cs\Quantum_Inpired_PSO_Classifcation\MRI_dataset\Gamekeepers Thumb\Gamekeepers_Thumb268.jpg,Gamekeepers Thumb
C:\Users\HishamMo\Desktop\999_cs\Quantum_Inpired_PSO_Classifcation\MRI_dataset\Gamekeepers Thumb\Gamekeepers_Thumb269.jpg,Gamekeepers Thumb
C:\Users\HishamMo\Desktop\999_cs\Quantum_Inpired_PSO_Classifcation\MRI_dataset\Gamekeepers Thumb\Gamekeepers_Thumb270.jpg,Gamekeepers Thumb
C:\Users\HishamMo\Desktop\999_cs\Quantum_Inpired_PSO_Classifcation\MRI_dataset\Gamekeepers Thumb\Gamekeepers_Thumb271.jpg,Gamekeepers Thumb
C:\Users\HishamMo\Desktop\999_cs\Quantum_Inpired_PSO_Classifcation\MRI_dataset\Gamekeepers Thumb\Gamekeepers_Thumb272.jpg,Gamekeepers Thumb
C:\Users\HishamMo\Desktop\999_cs\Quantum_Inpired_PSO_Classifcation\MRI_dataset\Gamekeepers Thumb\Gamekeepers_Thumb273.jpg,Gamekeepers Thumb
C:\Users\HishamMo\Desktop\999_cs\Quantum_Inpired_PSO_Classifcation\MRI_dataset\Gamekeepers Thumb\Gamekeepers_Thumb274.jpg,Gamekeepers Thumb
C:\Users\HishamMo\Desktop\999_cs\Quantum_Inpired_PSO_Classifcation\MRI_dataset\Gamekeepers Thumb\Gamekeepers_Thumb275.jpg,Gamekeepers Thumb
C:\Users\HishamMo\Desktop\999_cs\Quantum_Inpired_PSO_Classifcation\MRI_dataset\Gamekeepers Thumb\Gamekeepers_Thumb276.jpg,Gamekeepers Thumb
C:\Users\HishamMo\Desktop\999_cs\Quantum_Inpired_PSO_Classifcation\MRI_dataset\Gamekeepers Thumb\Gamekeepers_Thumb277.jpg,Gamekeepers Thumb
C:\Users\HishamMo\Desktop\999_cs\Quantum_Inpired_PSO_Classifcation\MRI_dataset\Gamekeepers Thumb\Gamekeepers_Thumb278.jpg,Gamekeepers Thumb
C:\Users\HishamMo\Desktop\999_cs\Quantum_Inpired_PSO_Classifcation\MRI_dataset\Gamekeepers Thumb\Gamekeepers_Thumb279.jpg,Gamekeepers Thumb
C:\Users\HishamMo\Desktop\999_cs\Quantum_Inpired_PSO_Classifcation\MRI_dataset\Gamekeepers Thumb\Gamekeepers_Thumb280.jpg,Gamekeepers Thumb
C:\Users\HishamMo\Desktop\999_cs\Quantum_Inpired_PSO_Classifcation\MRI_dataset\Gamekeepers Thumb\Gamekeepers_Thumb281.jpg,Gamekeepers Thumb
C:\Users\HishamMo\Desktop\999_cs\Quantum_Inpired_PSO_Classifcation\MRI_dataset\Gamekeepers Thumb\Gamekeepers_Thumb282.jpg,Gamekeepers Thumb
C:\Users\HishamMo\Desktop\999_cs\Quantum_Inpired_PSO_Classifcation\MRI_dataset\Gamekeepers Thumb\Gamekeepers_Thumb283.jpg,Gamekeepers Thumb
C:\Users\HishamMo\Desktop\999_cs\Quantum_Inpired_PSO_Classifcation\MRI_dataset\Gamekeepers Thumb\Gamekeepers_Thumb284.jpg,Gamekeepers Thumb
C:\Users\HishamMo\Desktop\999_cs\Quantum_Inpired_PSO_Classifcation\MRI_dataset\Gamekeepers Thumb\Gamekeepers_Thumb285.jpg,Gamekeepers Thumb
C:\Users\HishamMo\Desktop\999_cs\Quantum_Inpired_PSO_Classifcation\MRI_dataset\Gamekeepers Thumb\Gamekeepers_Thumb286.jpg,Gamekeepers Thumb
C:\Users\HishamMo\Desktop\999_cs\Quantum_Inpired_PSO_Classifcation\MRI_dataset\Gamekeepers Thumb\Gamekeepers_Thumb287.jpg,Gamekeepers Thumb
C:\Users\HishamMo\Desktop\999_cs\Quantum_Inpired_PSO_Classifcation\MRI_dataset\Gamekeepers Thumb\Gamekeepers_Thumb288.jpg,Gamekeepers Thumb
C:\Users\HishamMo\Desktop\999_cs\Quantum_Inpired_PSO_Classifcation\MRI_dataset\Gamekeepers Thumb\Gamekeepers_Thumb289.jpg,Gamekeepers Thumb
C:\Users\HishamMo\Desktop\999_cs\Quantum_Inpired_PSO_Classifcation\MRI_dataset\Gamekeepers Thumb\Gamekeepers_Thumb290.jpg,Gamekeepers Thumb
C:\Users\HishamMo\Desktop\999_cs\Quantum_Inpired_PSO_Classifcation\MRI_dataset\Gamekeepers Thumb\Gamekeepers_Thumb291.jpg,Gamekeepers Thumb
C:\Users\HishamMo\Desktop\999_cs\Quantum_Inpired_PSO_Classifcation\MRI_dataset\Gamekeepers Thumb\Gamekeepers_Thumb292.jpg,Gamekeepers Thumb
C:\Users\HishamMo\Desktop\999_cs\Quantum_Inpired_PSO_Classifcation\MRI_dataset\Gamekeepers Thumb\Gamekeepers_Thumb293.jpg,Gamekeepers Thumb
C:\Users\HishamMo\Desktop\999_cs\Quantum_Inpired_PSO_Classifcation\MRI_dataset\Gamekeepers Thumb\Gamekeepers_Thumb294.jpg,Gamekeepers Thumb
C:\Users\HishamMo\Desktop\999_cs\Quantum_Inpired_PSO_Classifcation\MRI_dataset\Gamekeepers Thumb\Gamekeepers_Thumb295.jpg,Gamekeepers Thumb
C:\Users\HishamMo\Desktop\999_cs\Quantum_Inpired_PSO_Classifcation\MRI_dataset\Gamekeepers Thumb\Gamekeepers_Thumb296.jpg,Gamekeepers Thumb
C:\Users\HishamMo\Desktop\999_cs\Quantum_Inpired_PSO_Classifcation\MRI_dataset\Gamekeepers Thumb\Gamekeepers_Thumb297.jpg,Gamekeepers Thumb
C:\Users\HishamMo\Desktop\999_cs\Quantum_Inpired_PSO_Classifcation\MRI_dataset\Gamekeepers Thumb\Gamekeepers_Thumb298.jpg,Gamekeepers Thumb
C:\Users\HishamMo\Desktop\999_cs\Quantum_Inpired_PSO_Classifcation\MRI_dataset\Gamekeepers Thumb\Gamekeepers_Thumb299.jpg,Gamekeepers Thumb
C:\Users\HishamMo\Desktop\999_cs\Quantum_Inpired_PSO_Classifcation\MRI_dataset\Gamekeepers Thumb\Gamekeepers_Thumb300.jpg,Gamekeepers Thumb
C:\Users\HishamMo\Desktop\999_cs\Quantum_Inpired_PSO_Classifcation\MRI_dataset\Gamekeepers Thumb\Gamekeepers_Thumb301.jpg,Gamekeepers Thumb
C:\Users\HishamMo\Desktop\999_cs\Quantum_Inpired_PSO_Classifcation\MRI_dataset\Gamekeepers Thumb\Gamekeepers_Thumb302.jpg,Gamekeepers Thumb
C:\Users\HishamMo\Desktop\999_cs\Quantum_Inpired_PSO_Classifcation\MRI_dataset\Gamekeepers Thumb\Gamekeepers_Thumb303.jpg,Gamekeepers Thumb
C:\Users\HishamMo\Desktop\999_cs\Quantum_Inpired_PSO_Classifcation\MRI_dataset\Gamekeepers Thumb\Gamekeepers_Thumb304.jpg,Gamekeepers Thumb
C:\Users\HishamMo\Desktop\999_cs\Quantum_Inpired_PSO_Classifcation\MRI_dataset\Gamekeepers Thumb\Gamekeepers_Thumb305.jpg,Gamekeepers Thumb
C:\Users\HishamMo\Desktop\999_cs\Quantum_Inpired_PSO_Classifcation\MRI_dataset\Gamekeepers Thumb\Gamekeepers_Thumb306.jpg,Gamekeepers Thumb
C:\Users\HishamMo\Desktop\999_cs\Quantum_Inpired_PSO_Classifcation\MRI_dataset\Gamekeepers Thumb\Gamekeepers_Thumb307.jpg,Gamekeepers Thumb
C:\Users\HishamMo\Desktop\999_cs\Quantum_Inpired_PSO_Classifcation\MRI_dataset\Gamekeepers Thumb\Gamekeepers_Thumb308.jpg,Gamekeepers Thumb
C:\Users\HishamMo\Desktop\999_cs\Quantum_Inpired_PSO_Classifcation\MRI_dataset\Gamekeepers Thumb\Gamekeepers_Thumb309.jpg,Gamekeepers Thumb
C:\Users\HishamMo\Desktop\999_cs\Quantum_Inpired_PSO_Classifcation\MRI_dataset\Gamekeepers Thumb\Gamekeepers_Thumb310.jpg,Gamekeepers Thumb
C:\Users\HishamMo\Desktop\999_cs\Quantum_Inpired_PSO_Classifcation\MRI_dataset\Gamekeepers Thumb\Gamekeepers_Thumb311.jpg,Gamekeepers Thumb
C:\Users\HishamMo\Desktop\999_cs\Quantum_Inpired_PSO_Classifcation\MRI_dataset\Gamekeepers Thumb\Gamekeepers_Thumb312.jpg,Gamekeepers Thumb
C:\Users\HishamMo\Desktop\999_cs\Quantum_Inpired_PSO_Classifcation\MRI_dataset\Gamekeepers Thumb\Gamekeepers_Thumb313.jpg,Gamekeepers Thumb
C:\Users\HishamMo\Desktop\999_cs\Quantum_Inpired_PSO_Classifcation\MRI_dataset\Gamekeepers Thumb\Gamekeepers_Thumb314.jpg,Gamekeepers Thumb
C:\Users\HishamMo\Desktop\999_cs\Quantum_Inpired_PSO_Classifcation\MRI_dataset\Gamekeepers Thumb\Gamekeepers_Thumb315.jpg,Gamekeepers Thumb
C:\Users\HishamMo\Desktop\999_cs\Quantum_Inpired_PSO_Classifcation\MRI_dataset\Gamekeepers Thumb\Gamekeepers_Thumb316.jpg,Gamekeepers Thumb
C:\Users\HishamMo\Desktop\999_cs\Quantum_Inpired_PSO_Classifcation\MRI_dataset\Gamekeepers Thumb\Gamekeepers_Thumb317.jpg,Gamekeepers Thumb
C:\Users\HishamMo\Desktop\999_cs\Quantum_Inpired_PSO_Classifcation\MRI_dataset\Gamekeepers Thumb\Gamekeepers_Thumb318.jpg,Gamekeepers Thumb
C:\Users\HishamMo\Desktop\999_cs\Quantum_Inpired_PSO_Classifcation\MRI_dataset\Gamekeepers Thumb\Gamekeepers_Thumb319.jpg,Gamekeepers Thumb
C:\Users\HishamMo\Desktop\999_cs\Quantum_Inpired_PSO_Classifcation\MRI_dataset\Gamekeepers Thumb\Gamekeepers_Thumb320.jpg,Gamekeepers Thumb
C:\Users\HishamMo\Desktop\999_cs\Quantum_Inpired_PSO_Classifcation\MRI_dataset\Gamekeepers Thumb\Gamekeepers_Thumb321.jpg,Gamekeepers Thumb
C:\Users\HishamMo\Desktop\999_cs\Quantum_Inpired_PSO_Classifcation\MRI_dataset\Gamekeepers Thumb\Gamekeepers_Thumb322.jpg,Gamekeepers Thumb
C:\Users\HishamMo\Desktop\999_cs\Quantum_Inpired_PSO_Classifcation\MRI_dataset\Gamekeepers Thumb\Gamekeepers_Thumb323.jpg,Gamekeepers Thumb
C:\Users\HishamMo\Desktop\999_cs\Quantum_Inpired_PSO_Classifcation\MRI_dataset\Gamekeepers Thumb\Gamekeepers_Thumb324.jpg,Gamekeepers Thumb
C:\Users\HishamMo\Desktop\999_cs\Quantum_Inpired_PSO_Classifcation\MRI_dataset\Gamekeepers Thumb\Gamekeepers_Thumb325.jpg,Gamekeepers Thumb
C:\Users\HishamMo\Desktop\999_cs\Quantum_Inpired_PSO_Classifcation\MRI_dataset\Gamekeepers Thumb\Gamekeepers_Thumb326.jpg,Gamekeepers Thumb
C:\Users\HishamMo\Desktop\999_cs\Quantum_Inpired_PSO_Classifcation\MRI_dataset\Gamekeepers Thumb\Gamekeepers_Thumb327.jpg,Gamekeepers Thumb
C:\Users\HishamMo\Desktop\999_cs\Quantum_Inpired_PSO_Classifcation\MRI_dataset\Gamekeepers Thumb\Gamekeepers_Thumb328.jpg,Gamekeepers Thumb
C:\Users\HishamMo\Desktop\999_cs\Quantum_Inpired_PSO_Classifcation\MRI_dataset\Gamekeepers Thumb\Gamekeepers_Thumb329.jpg,Gamekeepers Thumb
C:\Users\HishamMo\Desktop\999_cs\Quantum_Inpired_PSO_Classifcation\MRI_dataset\Gamekeepers Thumb\Gamekeepers_Thumb330.jpg,Gamekeepers Thumb
C:\Users\HishamMo\Desktop\999_cs\Quantum_Inpired_PSO_Classifcation\MRI_dataset\Gamekeepers Thumb\Gamekeepers_Thumb331.jpg,Gamekeepers Thumb
C:\Users\HishamMo\Desktop\999_cs\Quantum_Inpired_PSO_Classifcation\MRI_dataset\Gamekeepers Thumb\Gamekeepers_Thumb332.jpg,Gamekeepers Thumb
C:\Users\HishamMo\Desktop\999_cs\Quantum_Inpired_PSO_Classifcation\MRI_dataset\Gamekeepers Thumb\Gamekeepers_Thumb333.jpg,Gamekeepers Thumb
C:\Users\HishamMo\Desktop\999_cs\Quantum_Inpired_PSO_Classifcation\MRI_dataset\Gamekeepers Thumb\Gamekeepers_Thumb334.jpg,Gamekeepers Thumb
C:\Users\HishamMo\Desktop\999_cs\Quantum_Inpired_PSO_Classifcation\MRI_dataset\Gamekeepers Thumb\Gamekeepers_Thumb335.jpg,Gamekeepers Thumb
C:\Users\HishamMo\Desktop\999_cs\Quantum_Inpired_PSO_Classifcation\MRI_dataset\Gamekeepers Thumb\Gamekeepers_Thumb336.jpg,Gamekeepers Thumb
C:\Users\HishamMo\Desktop\999_cs\Quantum_Inpired_PSO_Classifcation\MRI_dataset\Gamekeepers Thumb\Gamekeepers_Thumb337.jpg,Gamekeepers Thumb
C:\Users\HishamMo\Desktop\999_cs\Quantum_Inpired_PSO_Classifcation\MRI_dataset\Gamekeepers Thumb\Gamekeepers_Thumb338.jpg,Gamekeepers Thumb
C:\Users\HishamMo\Desktop\999_cs\Quantum_Inpired_PSO_Classifcation\MRI_dataset\Gamekeepers Thumb\Gamekeepers_Thumb339.jpg,Gamekeepers Thumb
C:\Users\HishamMo\Desktop\999_cs\Quantum_Inpired_PSO_Classifcation\MRI_dataset\Gamekeepers Thumb\Gamekeepers_Thumb340.jpg,Gamekeepers Thumb
C:\Users\HishamMo\Desktop\999_cs\Quantum_Inpired_PSO_Classifcation\MRI_dataset\Gamekeepers Thumb\Gamekeepers_Thumb341.jpg,Gamekeepers Thumb
C:\Users\HishamMo\Desktop\999_cs\Quantum_Inpired_PSO_Classifcation\MRI_dataset\Gamekeepers Thumb\Gamekeepers_Thumb342.jpg,Gamekeepers Thumb
C:\Users\HishamMo\Desktop\999_cs\Quantum_Inpired_PSO_Classifcation\MRI_dataset\Gamekeepers Thumb\Gamekeepers_Thumb343.jpg,Gamekeepers Thumb
C:\Users\HishamMo\Desktop\999_cs\Quantum_Inpired_PSO_Classifcation\MRI_dataset\Gamekeepers Thumb\Gamekeepers_Thumb344.jpg,Gamekeepers Thumb
C:\Users\HishamMo\Desktop\999_cs\Quantum_Inpired_PSO_Classifcation\MRI_dataset\Gamekeepers Thumb\Gamekeepers_Thumb345.jpg,Gamekeepers Thumb
C:\Users\HishamMo\Desktop\999_cs\Quantum_Inpired_PSO_Classifcation\MRI_dataset\Gamekeepers Thumb\Gamekeepers_Thumb346.jpg,Gamekeepers Thumb
C:\Users\HishamMo\Desktop\999_cs\Quantum_Inpired_PSO_Classifcation\MRI_dataset\Gamekeepers Thumb\Gamekeepers_Thumb347.jpg,Gamekeepers Thumb
C:\Users\HishamMo\Desktop\999_cs\Quantum_Inpired_PSO_Classifcation\MRI_dataset\Gamekeepers Thumb\Gamekeepers_Thumb348.jpg,Gamekeepers Thumb
C:\Users\HishamMo\Desktop\999_cs\Quantum_Inpired_PSO_Classifcation\MRI_dataset\Gamekeepers Thumb\Gamekeepers_Thumb349.jpg,Gamekeepers Thumb
C:\Users\HishamMo\Desktop\999_cs\Quantum_Inpired_PSO_Classifcation\MRI_dataset\Gamekeepers Thumb\Gamekeepers_Thumb350.jpg,Gamekeepers Thumb
C:\Users\HishamMo\Desktop\999_cs\Quantum_Inpired_PSO_Classifcation\MRI_dataset\Gamekeepers Thumb\Gamekeepers_Thumb351.jpg,Gamekeepers Thumb
C:\Users\HishamMo\Desktop\999_cs\Quantum_Inpired_PSO_Classifcation\MRI_dataset\Gamekeepers Thumb\Gamekeepers_Thumb352.jpg,Gamekeepers Thumb
C:\Users\HishamMo\Desktop\999_cs\Quantum_Inpired_PSO_Classifcation\MRI_dataset\Gamekeepers Thumb\Gamekeepers_Thumb353.jpg,Gamekeepers Thumb
C:\Users\HishamMo\Desktop\999_cs\Quantum_Inpired_PSO_Classifcation\MRI_dataset\Gamekeepers Thumb\Gamekeepers_Thumb354.jpg,Gamekeepers Thumb
C:\Users\HishamMo\Desktop\999_cs\Quantum_Inpired_PSO_Classifcation\MRI_dataset\Gamekeepers Thumb\Gamekeepers_Thumb355.jpg,Gamekeepers Thumb
C:\Users\HishamMo\Desktop\999_cs\Quantum_Inpired_PSO_Classifcation\MRI_dataset\Gamekeepers Thumb\Gamekeepers_Thumb356.jpg,Gamekeepers Thumb
C:\Users\HishamMo\Desktop\999_cs\Quantum_Inpired_PSO_Classifcation\MRI_dataset\Gamekeepers Thumb\Gamekeepers_Thumb357.jpg,Gamekeepers Thumb
C:\Users\HishamMo\Desktop\999_cs\Quantum_Inpired_PSO_Classifcation\MRI_dataset\Gamekeepers Thumb\Gamekeepers_Thumb358.jpg,Gamekeepers Thumb
C:\Users\HishamMo\Desktop\999_cs\Quantum_Inpired_PSO_Classifcation\MRI_dataset\Gamekeepers Thumb\Gamekeepers_Thumb359.jpg,Gamekeepers Thumb
C:\Users\HishamMo\Desktop\999_cs\Quantum_Inpired_PSO_Classifcation\MRI_dataset\Gamekeepers Thumb\Gamekeepers_Thumb360.jpg,Gamekeepers Thumb
C:\Users\HishamMo\Desktop\999_cs\Quantum_Inpired_PSO_Classifcation\MRI_dataset\Gamekeepers Thumb\Gamekeepers_Thumb361.jpg,Gamekeepers Thumb
C:\Users\HishamMo\Desktop\999_cs\Quantum_Inpired_PSO_Classifcation\MRI_dataset\Gamekeepers Thumb\Gamekeepers_Thumb362.jpg,Gamekeepers Thumb
C:\Users\HishamMo\Desktop\999_cs\Quantum_Inpired_PSO_Classifcation\MRI_dataset\Gamekeepers Thumb\Gamekeepers_Thumb363.jpg,Gamekeepers Thumb
C:\Users\HishamMo\Desktop\999_cs\Quantum_Inpired_PSO_Classifcation\MRI_dataset\Gamekeepers Thumb\Gamekeepers_Thumb364.jpg,Gamekeepers Thumb
C:\Users\HishamMo\Desktop\999_cs\Quantum_Inpired_PSO_Classifcation\MRI_dataset\Gamekeepers Thumb\Gamekeepers_Thumb365.jpg,Gamekeepers Thumb
C:\Users\HishamMo\Desktop\999_cs\Quantum_Inpired_PSO_Classifcation\MRI_dataset\Gamekeepers Thumb\Gamekeepers_Thumb366.jpg,Gamekeepers Thumb
C:\Users\HishamMo\Desktop\999_cs\Quantum_Inpired_PSO_Classifcation\MRI_dataset\Gamekeepers Thumb\Gamekeepers_Thumb367.jpg,Gamekeepers Thumb
C:\Users\HishamMo\Desktop\999_cs\Quantum_Inpired_PSO_Classifcation\MRI_dataset\Gamekeepers Thumb\Gamekeepers_Thumb368.jpg,Gamekeepers Thumb
C:\Users\HishamMo\Desktop\999_cs\Quantum_Inpired_PSO_Classifcation\MRI_dataset\Gamekeepers Thumb\Gamekeepers_Thumb369.jpg,Gamekeepers Thumb
C:\Users\HishamMo\Desktop\999_cs\Quantum_Inpired_PSO_Classifcation\MRI_dataset\Gamekeepers Thumb\Gamekeepers_Thumb370.jpg,Gamekeepers Thumb
C:\Users\HishamMo\Desktop\999_cs\Quantum_Inpired_PSO_Classifcation\MRI_dataset\Gamekeepers Thumb\Gamekeepers_Thumb371.jpg,Gamekeepers Thumb
C:\Users\HishamMo\Desktop\999_cs\Quantum_Inpired_PSO_Classifcation\MRI_dataset\Gamekeepers Thumb\Gamekeepers_Thumb372.jpg,Gamekeepers Thumb
C:\Users\HishamMo\Desktop\999_cs\Quantum_Inpired_PSO_Classifcation\MRI_dataset\Gamekeepers Thumb\Gamekeepers_Thumb373.jpg,Gamekeepers Thumb
C:\Users\HishamMo\Desktop\999_cs\Quantum_Inpired_PSO_Classifcation\MRI_dataset\Gamekeepers Thumb\Gamekeepers_Thumb374.jpg,Gamekeepers Thumb
C:\Users\HishamMo\Desktop\999_cs\Quantum_Inpired_PSO_Classifcation\MRI_dataset\Gamekeepers Thumb\Gamekeepers_Thumb375.jpg,Gamekeepers Thumb
C:\Users\HishamMo\Desktop\999_cs\Quantum_Inpired_PSO_Classifcation\MRI_dataset\Gamekeepers Thumb\Gamekeepers_Thumb376.jpg,Gamekeepers Thumb
C:\Users\HishamMo\Desktop\999_cs\Quantum_Inpired_PSO_Classifcation\MRI_dataset\Gamekeepers Thumb\Gamekeepers_Thumb377.jpg,Gamekeepers Thumb
C:\Users\HishamMo\Desktop\999_cs\Quantum_Inpired_PSO_Classifcation\MRI_dataset\Gamekeepers Thumb\Gamekeepers_Thumb378.jpg,Gamekeepers Thumb
C:\Users\HishamMo\Desktop\999_cs\Quantum_Inpired_PSO_Classifcation\MRI_dataset\Gamekeepers Thumb\Gamekeepers_Thumb379.jpg,Gamekeepers Thumb
C:\Users\HishamMo\Desktop\999_cs\Quantum_Inpired_PSO_Classifcation\MRI_dataset\Gamekeepers Thumb\Gamekeepers_Thumb380.jpg,Gamekeepers Thumb
C:\Users\HishamMo\Desktop\999_cs\Quantum_Inpired_PSO_Classifcation\MRI_dataset\Gamekeepers Thumb\Gamekeepers_Thumb381.jpg,Gamekeepers Thumb
C:\Users\HishamMo\Desktop\999_cs\Quantum_Inpired_PSO_Classifcation\MRI_dataset\Gamekeepers Thumb\Gamekeepers_Thumb382.jpg,Gamekeepers Thumb
C:\Users\HishamMo\Desktop\999_cs\Quantum_Inpired_PSO_Classifcation\MRI_dataset\Gamekeepers Thumb\Gamekeepers_Thumb383.jpg,Gamekeepers Thumb
C:\Users\HishamMo\Desktop\999_cs\Quantum_Inpired_PSO_Classifcation\MRI_dataset\Gamekeepers Thumb\Gamekeepers_Thumb384.jpg,Gamekeepers Thumb
C:\Users\HishamMo\Desktop\999_cs\Quantum_Inpired_PSO_Classifcation\MRI_dataset\Gamekeepers Thumb\Gamekeepers_Thumb385.jpg,Gamekeepers Thumb
C:\Users\HishamMo\Desktop\999_cs\Quantum_Inpired_PSO_Classifcation\MRI_dataset\Gamekeepers Thumb\Gamekeepers_Thumb386.jpg,Gamekeepers Thumb
C:\Users\HishamMo\Desktop\999_cs\Quantum_Inpired_PSO_Classifcation\MRI_dataset\Gamekeepers Thumb\Gamekeepers_Thumb387.jpg,Gamekeepers Thumb
C:\Users\HishamMo\Desktop\999_cs\Quantum_Inpired_PSO_Classifcation\MRI_dataset\Gamekeepers Thumb\Gamekeepers_Thumb388.jpg,Gamekeepers Thumb
C:\Users\HishamMo\Desktop\999_cs\Quantum_Inpired_PSO_Classifcation\MRI_dataset\Gamekeepers Thumb\Gamekeepers_Thumb389.jpg,Gamekeepers Thumb
C:\Users\HishamMo\Desktop\999_cs\Quantum_Inpired_PSO_Classifcation\MRI_dataset\Gamekeepers Thumb\Gamekeepers_Thumb390.jpg,Gamekeepers Thumb
C:\Users\HishamMo\Desktop\999_cs\Quantum_Inpired_PSO_Classifcation\MRI_dataset\Gamekeepers Thumb\Gamekeepers_Thumb391.jpg,Gamekeepers Thumb
C:\Users\HishamMo\Desktop\999_cs\Quantum_Inpired_PSO_Classifcation\MRI_dataset\Gamekeepers Thumb\Gamekeepers_Thumb392.jpg,Gamekeepers Thumb
C:\Users\HishamMo\Desktop\999_cs\Quantum_Inpired_PSO_Classifcation\MRI_dataset\Gamekeepers Thumb\Gamekeepers_Thumb393.jpg,Gamekeepers Thumb
C:\Users\HishamMo\Desktop\999_cs\Quantum_Inpired_PSO_Classifcation\MRI_dataset\Gamekeepers Thumb\Gamekeepers_Thumb394.jpg,Gamekeepers Thumb
C:\Users\HishamMo\Desktop\999_cs\Quantum_Inpired_PSO_Classifcation\MRI_dataset\Gamekeepers Thumb\Gamekeepers_Thumb395.jpg,Gamekeepers Thumb
C:\Users\HishamMo\Desktop\999_cs\Quantum_Inpired_PSO_Classifcation\MRI_dataset\Gamekeepers Thumb\Gamekeepers_Thumb396.jpg,Gamekeepers Thumb
C:\Users\HishamMo\Desktop\999_cs\Quantum_Inpired_PSO_Classifcation\MRI_dataset\Gamekeepers Thumb\Gamekeepers_Thumb397.jpg,Gamekeepers Thumb
C:\Users\HishamMo\Desktop\999_cs\Quantum_Inpired_PSO_Classifcation\MRI_dataset\Gamekeepers Thumb\Gamekeepers_Thumb398.jpg,Gamekeepers Thumb
C:\Users\HishamMo\Desktop\999_cs\Quantum_Inpired_PSO_Classifcation\MRI_dataset\Gamekeepers Thumb\Gamekeepers_Thumb399.jpg,Gamekeepers Thumb
C:\Users\HishamMo\Desktop\999_cs\Quantum_Inpired_PSO_Classifcation\MRI_dataset\Gamekeepers Thumb\Gamekeepers_Thumb400.jpg,Gamekeepers Thumb
C:\Users\HishamMo\Desktop\999_cs\Quantum_Inpired_PSO_Classifcation\MRI_dataset\Gamekeepers Thumb\Gamekeepers_Thumb401.jpg,Gamekeepers Thumb
C:\Users\HishamMo\Desktop\999_cs\Quantum_Inpired_PSO_Classifcation\MRI_dataset\Gamekeepers Thumb\Gamekeepers_Thumb402.jpg,Gamekeepers Thumb
C:\Users\HishamMo\Desktop\999_cs\Quantum_Inpired_PSO_Classifcation\MRI_dataset\Gamekeepers Thumb\Gamekeepers_Thumb403.jpg,Gamekeepers Thumb
C:\Users\HishamMo\Desktop\999_cs\Quantum_Inpired_PSO_Classifcation\MRI_dataset\Gamekeepers Thumb\Gamekeepers_Thumb404.jpg,Gamekeepers Thumb
C:\Users\HishamMo\Desktop\999_cs\Quantum_Inpired_PSO_Classifcation\MRI_dataset\Gamekeepers Thumb\Gamekeepers_Thumb405.jpg,Gamekeepers Thumb
C:\Users\HishamMo\Desktop\999_cs\Quantum_Inpired_PSO_Classifcation\MRI_dataset\Gamekeepers Thumb\Gamekeepers_Thumb406.jpg,Gamekeepers Thumb
C:\Users\HishamMo\Desktop\999_cs\Quantum_Inpired_PSO_Classifcation\MRI_dataset\Gamekeepers Thumb\Gamekeepers_Thumb407.jpg,Gamekeepers Thumb
C:\Users\HishamMo\Desktop\999_cs\Quantum_Inpired_PSO_Classifcation\MRI_dataset\Gamekeepers Thumb\Gamekeepers_Thumb408.jpg,Gamekeepers Thumb
C:\Users\HishamMo\Desktop\999_cs\Quantum_Inpired_PSO_Classifcation\MRI_dataset\Gamekeepers Thumb\Gamekeepers_Thumb409.jpg,Gamekeepers Thumb
C:\Users\HishamMo\Desktop\999_cs\Quantum_Inpired_PSO_Classifcation\MRI_dataset\Gamekeepers Thumb\Gamekeepers_Thumb410.jpg,Gamekeepers Thumb
C:\Users\HishamMo\Desktop\999_cs\Quantum_Inpired_PSO_Classifcation\MRI_dataset\Gamekeepers Thumb\Gamekeepers_Thumb411.jpg,Gamekeepers Thumb
C:\Users\HishamMo\Desktop\999_cs\Quantum_Inpired_PSO_Classifcation\MRI_dataset\Gamekeepers Thumb\Gamekeepers_Thumb412.jpg,Gamekeepers Thumb
C:\Users\HishamMo\Desktop\999_cs\Quantum_Inpired_PSO_Classifcation\MRI_dataset\Gamekeepers Thumb\Gamekeepers_Thumb413.jpg,Gamekeepers Thumb
C:\Users\HishamMo\Desktop\999_cs\Quantum_Inpired_PSO_Classifcation\MRI_dataset\Gamekeepers Thumb\Gamekeepers_Thumb414.jpg,Gamekeepers Thumb
C:\Users\HishamMo\Desktop\999_cs\Quantum_Inpired_PSO_Classifcation\MRI_dataset\Gamekeepers Thumb\Gamekeepers_Thumb415.jpg,Gamekeepers Thumb
C:\Users\HishamMo\Desktop\999_cs\Quantum_Inpired_PSO_Classifcation\MRI_dataset\Gamekeepers Thumb\Gamekeepers_Thumb416.jpg,Gamekeepers Thumb
C:\Users\HishamMo\Desktop\999_cs\Quantum_Inpired_PSO_Classifcation\MRI_dataset\Gamekeepers Thumb\Gamekeepers_Thumb417.jpg,Gamekeepers Thumb
C:\Users\HishamMo\Desktop\999_cs\Quantum_Inpired_PSO_Classifcation\MRI_dataset\Gamekeepers Thumb\Gamekeepers_Thumb418.jpg,Gamekeepers Thumb
C:\Users\HishamMo\Desktop\999_cs\Quantum_Inpired_PSO_Classifcation\MRI_dataset\Gamekeepers Thumb\Gamekeepers_Thumb419.jpg,Gamekeepers Thumb
C:\Users\HishamMo\Desktop\999_cs\Quantum_Inpired_PSO_Classifcation\MRI_dataset\Gamekeepers Thumb\Gamekeepers_Thumb420.jpg,Gamekeepers Thumb
C:\Users\HishamMo\Desktop\999_cs\Quantum_Inpired_PSO_Classifcation\MRI_dataset\Gamekeepers Thumb\Gamekeepers_Thumb421.jpg,Gamekeepers Thumb
C:\Users\HishamMo\Desktop\999_cs\Quantum_Inpired_PSO_Classifcation\MRI_dataset\Gamekeepers Thumb\Gamekeepers_Thumb422.jpg,Gamekeepers Thumb
C:\Users\HishamMo\Desktop\999_cs\Quantum_Inpired_PSO_Classifcation\MRI_dataset\Gamekeepers Thumb\Gamekeepers_Thumb423.jpg,Gamekeepers Thumb
C:\Users\HishamMo\Desktop\999_cs\Quantum_Inpired_PSO_Classifcation\MRI_dataset\Gamekeepers Thumb\Gamekeepers_Thumb424.jpg,Gamekeepers Thumb
C:\Users\HishamMo\Desktop\999_cs\Quantum_Inpired_PSO_Classifcation\MRI_dataset\Gamekeepers Thumb\Gamekeepers_Thumb425.jpg,Gamekeepers Thumb
C:\Users\HishamMo\Desktop\999_cs\Quantum_Inpired_PSO_Classifcation\MRI_dataset\Gamekeepers Thumb\Gamekeepers_Thumb426.jpg,Gamekeepers Thumb
C:\Users\HishamMo\Desktop\999_cs\Quantum_Inpired_PSO_Classifcation\MRI_dataset\Gamekeepers Thumb\Gamekeepers_Thumb427.jpg,Gamekeepers Thumb
C:\Users\HishamMo\Desktop\999_cs\Quantum_Inpired_PSO_Classifcation\MRI_dataset\Gamekeepers Thumb\Gamekeepers_Thumb428.jpg,Gamekeepers Thumb
C:\Users\HishamMo\Desktop\999_cs\Quantum_Inpired_PSO_Classifcation\MRI_dataset\Gamekeepers Thumb\Gamekeepers_Thumb429.jpg,Gamekeepers Thumb
C:\Users\HishamMo\Desktop\999_cs\Quantum_Inpired_PSO_Classifcation\MRI_dataset\Gamekeepers Thumb\Gamekeepers_Thumb430.jpg,Gamekeepers Thumb
C:\Users\HishamMo\Desktop\999_cs\Quantum_Inpired_PSO_Classifcation\MRI_dataset\Gamekeepers Thumb\Gamekeepers_Thumb431.jpg,Gamekeepers Thumb
C:\Users\HishamMo\Desktop\999_cs\Quantum_Inpired_PSO_Classifcation\MRI_dataset\Gamekeepers Thumb\Gamekeepers_Thumb432.jpg,Gamekeepers Thumb
C:\Users\HishamMo\Desktop\999_cs\Quantum_Inpired_PSO_Classifcation\MRI_dataset\Gamekeepers Thumb\Gamekeepers_Thumb433.jpg,Gamekeepers Thumb
C:\Users\HishamMo\Desktop\999_cs\Quantum_Inpired_PSO_Classifcation\MRI_dataset\Gamekeepers Thumb\Gamekeepers_Thumb434.jpg,Gamekeepers Thumb
C:\Users\HishamMo\Desktop\999_cs\Quantum_Inpired_PSO_Classifcation\MRI_dataset\Gamekeepers Thumb\Gamekeepers_Thumb435.jpg,Gamekeepers Thumb
C:\Users\HishamMo\Desktop\999_cs\Quantum_Inpired_PSO_Classifcation\MRI_dataset\Gamekeepers Thumb\Gamekeepers_Thumb436.jpg,Gamekeepers Thumb
C:\Users\HishamMo\Desktop\999_cs\Quantum_Inpired_PSO_Classifcation\MRI_dataset\Gamekeepers Thumb\Gamekeepers_Thumb437.jpg,Gamekeepers Thumb
C:\Users\HishamMo\Desktop\999_cs\Quantum_Inpired_PSO_Classifcation\MRI_dataset\Gamekeepers Thumb\Gamekeepers_Thumb438.jpg,Gamekeepers Thumb
C:\Users\HishamMo\Desktop\999_cs\Quantum_Inpired_PSO_Classifcation\MRI_dataset\Gamekeepers Thumb\Gamekeepers_Thumb439.jpg,Gamekeepers Thumb
C:\Users\HishamMo\Desktop\999_cs\Quantum_Inpired_PSO_Classifcation\MRI_dataset\Gamekeepers Thumb\Gamekeepers_Thumb440.jpg,Gamekeepers Thumb
C:\Users\HishamMo\Desktop\999_cs\Quantum_Inpired_PSO_Classifcation\MRI_dataset\Gamekeepers Thumb\Gamekeepers_Thumb441.jpg,Gamekeepers Thumb
C:\Users\HishamMo\Desktop\999_cs\Quantum_Inpired_PSO_Classifcation\MRI_dataset\Gamekeepers Thumb\Gamekeepers_Thumb442.jpg,Gamekeepers Thumb
C:\Users\HishamMo\Desktop\999_cs\Quantum_Inpired_PSO_Classifcation\MRI_dataset\Gamekeepers Thumb\Gamekeepers_Thumb443.jpg,Gamekeepers Thumb
C:\Users\HishamMo\Desktop\999_cs\Quantum_Inpired_PSO_Classifcation\MRI_dataset\Gamekeepers Thumb\Gamekeepers_Thumb444.jpg,Gamekeepers Thumb
C:\Users\HishamMo\Desktop\999_cs\Quantum_Inpired_PSO_Classifcation\MRI_dataset\Gamekeepers Thumb\Gamekeepers_Thumb445.jpg,Gamekeepers Thumb
C:\Users\HishamMo\Desktop\999_cs\Quantum_Inpired_PSO_Classifcation\MRI_dataset\Gamekeepers Thumb\Gamekeepers_Thumb446.jpg,Gamekeepers Thumb
C:\Users\HishamMo\Desktop\999_cs\Quantum_Inpired_PSO_Classifcation\MRI_dataset\Gamekeepers Thumb\Gamekeepers_Thumb447.jpg,Gamekeepers Thumb
C:\Users\HishamMo\Desktop\999_cs\Quantum_Inpired_PSO_Classifcation\MRI_dataset\Gamekeepers Thumb\Gamekeepers_Thumb448.jpg,Gamekeepers Thumb
C:\Users\HishamMo\Desktop\999_cs\Quantum_Inpired_PSO_Classifcation\MRI_dataset\Gamekeepers Thumb\Gamekeepers_Thumb449.jpg,Gamekeepers Thumb
C:\Users\HishamMo\Desktop\999_cs\Quantum_Inpired_PSO_Classifcation\MRI_dataset\Gamekeepers Thumb\Gamekeepers_Thumb450.jpg,Gamekeepers Thumb
C:\Users\HishamMo\Desktop\999_cs\Quantum_Inpired_PSO_Classifcation\MRI_dataset\Gamekeepers Thumb\Gamekeepers_Thumb451.jpg,Gamekeepers Thumb
C:\Users\HishamMo\Desktop\999_cs\Quantum_Inpired_PSO_Classifcation\MRI_dataset\Gamekeepers Thumb\Gamekeepers_Thumb452.jpg,Gamekeepers Thumb
C:\Users\HishamMo\Desktop\999_cs\Quantum_Inpired_PSO_Classifcation\MRI_dataset\Gamekeepers Thumb\Gamekeepers_Thumb453.jpg,Gamekeepers Thumb
C:\Users\HishamMo\Desktop\999_cs\Quantum_Inpired_PSO_Classifcation\MRI_dataset\Gamekeepers Thumb\Gamekeepers_Thumb454.jpg,Gamekeepers Thumb
C:\Users\HishamMo\Desktop\999_cs\Quantum_Inpired_PSO_Classifcation\MRI_dataset\Gamekeepers Thumb\Gamekeepers_Thumb455.jpg,Gamekeepers Thumb
C:\Users\HishamMo\Desktop\999_cs\Quantum_Inpired_PSO_Classifcation\MRI_dataset\Gamekeepers Thumb\Gamekeepers_Thumb456.jpg,Gamekeepers Thumb
C:\Users\HishamMo\Desktop\999_cs\Quantum_Inpired_PSO_Classifcation\MRI_dataset\Gamekeepers Thumb\Gamekeepers_Thumb457.jpg,Gamekeepers Thumb
C:\Users\HishamMo\Desktop\999_cs\Quantum_Inpired_PSO_Classifcation\MRI_dataset\Gamekeepers Thumb\Gamekeepers_Thumb458.jpg,Gamekeepers Thumb
C:\Users\HishamMo\Desktop\999_cs\Quantum_Inpired_PSO_Classifcation\MRI_dataset\Gamekeepers Thumb\Gamekeepers_Thumb459.jpg,Gamekeepers Thumb
C:\Users\HishamMo\Desktop\999_cs\Quantum_Inpired_PSO_Classifcation\MRI_dataset\Gamekeepers Thumb\Gamekeepers_Thumb460.jpg,Gamekeepers Thumb
C:\Users\HishamMo\Desktop\999_cs\Quantum_Inpired_PSO_Classifcation\MRI_dataset\Gamekeepers Thumb\Gamekeepers_Thumb461.jpg,Gamekeepers Thumb
C:\Users\HishamMo\Desktop\999_cs\Quantum_Inpired_PSO_Classifcation\MRI_dataset\Gamekeepers Thumb\Gamekeepers_Thumb462.jpg,Gamekeepers Thumb
C:\Users\HishamMo\Desktop\999_cs\Quantum_Inpired_PSO_Classifcation\MRI_dataset\Gamekeepers Thumb\Gamekeepers_Thumb463.jpg,Gamekeepers Thumb
C:\Users\HishamMo\Desktop\999_cs\Quantum_Inpired_PSO_Classifcation\MRI_dataset\Gamekeepers Thumb\Gamekeepers_Thumb464.jpg,Gamekeepers Thumb
C:\Users\HishamMo\Desktop\999_cs\Quantum_Inpired_PSO_Classifcation\MRI_dataset\Gamekeepers Thumb\Gamekeepers_Thumb465.jpg,Gamekeepers Thumb
C:\Users\HishamMo\Desktop\999_cs\Quantum_Inpired_PSO_Classifcation\MRI_dataset\Gamekeepers Thumb\Gamekeepers_Thumb466.jpg,Gamekeepers Thumb
C:\Users\HishamMo\Desktop\999_cs\Quantum_Inpired_PSO_Classifcation\MRI_dataset\Gamekeepers Thumb\Gamekeepers_Thumb467.jpg,Gamekeepers Thumb
C:\Users\HishamMo\Desktop\999_cs\Quantum_Inpired_PSO_Classifcation\MRI_dataset\Gamekeepers Thumb\Gamekeepers_Thumb468.jpg,Gamekeepers Thumb
C:\Users\HishamMo\Desktop\999_cs\Quantum_Inpired_PSO_Classifcation\MRI_dataset\Gamekeepers Thumb\Gamekeepers_Thumb469.jpg,Gamekeepers Thumb
C:\Users\HishamMo\Desktop\999_cs\Quantum_Inpired_PSO_Classifcation\MRI_dataset\Gamekeepers Thumb\Gamekeepers_Thumb470.jpg,Gamekeepers Thumb
C:\Users\HishamMo\Desktop\999_cs\Quantum_Inpired_PSO_Classifcation\MRI_dataset\Gamekeepers Thumb\Gamekeepers_Thumb471.jpg,Gamekeepers Thumb
C:\Users\HishamMo\Desktop\999_cs\Quantum_Inpired_PSO_Classifcation\MRI_dataset\Gamekeepers Thumb\Gamekeepers_Thumb472.jpg,Gamekeepers Thumb
C:\Users\HishamMo\Desktop\999_cs\Quantum_Inpired_PSO_Classifcation\MRI_dataset\Gamekeepers Thumb\Gamekeepers_Thumb473.jpg,Gamekeepers Thumb
C:\Users\HishamMo\Desktop\999_cs\Quantum_Inpired_PSO_Classifcation\MRI_dataset\Gamekeepers Thumb\Gamekeepers_Thumb474.jpg,Gamekeepers Thumb
C:\Users\HishamMo\Desktop\999_cs\Quantum_Inpired_PSO_Classifcation\MRI_dataset\Gamekeepers Thumb\Gamekeepers_Thumb475.jpg,Gamekeepers Thumb
C:\Users\HishamMo\Desktop\999_cs\Quantum_Inpired_PSO_Classifcation\MRI_dataset\Gamekeepers Thumb\Gamekeepers_Thumb476.jpg,Gamekeepers Thumb
C:\Users\HishamMo\Desktop\999_cs\Quantum_Inpired_PSO_Classifcation\MRI_dataset\Gamekeepers Thumb\Gamekeepers_Thumb477.jpg,Gamekeepers Thumb
C:\Users\HishamMo\Desktop\999_cs\Quantum_Inpired_PSO_Classifcation\MRI_dataset\Gamekeepers Thumb\Gamekeepers_Thumb478.jpg,Gamekeepers Thumb
C:\Users\HishamMo\Desktop\999_cs\Quantum_Inpired_PSO_Classifcation\MRI_dataset\Gamekeepers Thumb\Gamekeepers_Thumb479.jpg,Gamekeepers Thumb
C:\Users\HishamMo\Desktop\999_cs\Quantum_Inpired_PSO_Classifcation\MRI_dataset\Gamekeepers Thumb\Gamekeepers_Thumb480.jpg,Gamekeepers Thumb
C:\Users\HishamMo\Desktop\999_cs\Quantum_Inpired_PSO_Classifcation\MRI_dataset\Gamekeepers Thumb\Gamekeepers_Thumb481.jpg,Gamekeepers Thumb
C:\Users\HishamMo\Desktop\999_cs\Quantum_Inpired_PSO_Classifcation\MRI_dataset\Gamekeepers Thumb\Gamekeepers_Thumb482.jpg,Gamekeepers Thumb
C:\Users\HishamMo\Desktop\999_cs\Quantum_Inpired_PSO_Classifcation\MRI_dataset\Gamekeepers Thumb\Gamekeepers_Thumb483.jpg,Gamekeepers Thumb
C:\Users\HishamMo\Desktop\999_cs\Quantum_Inpired_PSO_Classifcation\MRI_dataset\Gamekeepers Thumb\Gamekeepers_Thumb484.jpg,Gamekeepers Thumb
C:\Users\HishamMo\Desktop\999_cs\Quantum_Inpired_PSO_Classifcation\MRI_dataset\Gamekeepers Thumb\Gamekeepers_Thumb485.jpg,Gamekeepers Thumb
C:\Users\HishamMo\Desktop\999_cs\Quantum_Inpired_PSO_Classifcation\MRI_dataset\Gamekeepers Thumb\Gamekeepers_Thumb486.jpg,Gamekeepers Thumb
C:\Users\HishamMo\Desktop\999_cs\Quantum_Inpired_PSO_Classifcation\MRI_dataset\Gamekeepers Thumb\Gamekeepers_Thumb487.jpg,Gamekeepers Thumb
C:\Users\HishamMo\Desktop\999_cs\Quantum_Inpired_PSO_Classifcation\MRI_dataset\Gamekeepers Thumb\Gamekeepers_Thumb488.jpg,Gamekeepers Thumb
C:\Users\HishamMo\Desktop\999_cs\Quantum_Inpired_PSO_Classifcation\MRI_dataset\Gamekeepers Thumb\Gamekeepers_Thumb489.jpg,Gamekeepers Thumb
C:\Users\HishamMo\Desktop\999_cs\Quantum_Inpired_PSO_Classifcation\MRI_dataset\Gamekeepers Thumb\Gamekeepers_Thumb490.jpg,Gamekeepers Thumb
C:\Users\HishamMo\Desktop\999_cs\Quantum_Inpired_PSO_Classifcation\MRI_dataset\Gamekeepers Thumb\Gamekeepers_Thumb491.jpg,Gamekeepers Thumb
C:\Users\HishamMo\Desktop\999_cs\Quantum_Inpired_PSO_Classifcation\MRI_dataset\Gamekeepers Thumb\Gamekeepers_Thumb492.jpg,Gamekeepers Thumb
C:\Users\HishamMo\Desktop\999_cs\Quantum_Inpired_PSO_Classifcation\MRI_dataset\Gamekeepers Thumb\Gamekeepers_Thumb493.jpg,Gamekeepers Thumb
C:\Users\HishamMo\Desktop\999_cs\Quantum_Inpired_PSO_Classifcation\MRI_dataset\Gamekeepers Thumb\Gamekeepers_Thumb494.jpg,Gamekeepers Thumb
C:\Users\HishamMo\Desktop\999_cs\Quantum_Inpired_PSO_Classifcation\MRI_dataset\Gamekeepers Thumb\Gamekeepers_Thumb495.jpg,Gamekeepers Thumb
C:\Users\HishamMo\Desktop\999_cs\Quantum_Inpired_PSO_Classifcation\MRI_dataset\Gamekeepers Thumb\Gamekeepers_Thumb496.jpg,Gamekeepers Thumb
C:\Users\HishamMo\Desktop\999_cs\Quantum_Inpired_PSO_Classifcation\MRI_dataset\Gamekeepers Thumb\Gamekeepers_Thumb497.jpg,Gamekeepers Thumb
C:\Users\HishamMo\Desktop\999_cs\Quantum_Inpired_PSO_Classifcation\MRI_dataset\Gamekeepers Thumb\Gamekeepers_Thumb498.jpg,Gamekeepers Thumb
C:\Users\HishamMo\Desktop\999_cs\Quantum_Inpired_PSO_Classifcation\MRI_dataset\Gamekeepers Thumb\Gamekeepers_Thumb499.jpg,Gamekeepers Thumb
C:\Users\HishamMo\Desktop\999_cs\Quantum_Inpired_PSO_Classifcation\MRI_dataset\Gamekeepers Thumb\Gamekeepers_Thumb500.jpg,Gamekeepers Thumb
C:\Users\HishamMo\Desktop\999_cs\Quantum_Inpired_PSO_Classifcation\MRI_dataset\Gamekeepers Thumb\Gamekeepers_Thumb501.jpg,Gamekeepers Thumb
C:\Users\HishamMo\Desktop\999_cs\Quantum_Inpired_PSO_Classifcation\MRI_dataset\Gamekeepers Thumb\Gamekeepers_Thumb502.jpg,Gamekeepers Thumb
C:\Users\HishamMo\Desktop\999_cs\Quantum_Inpired_PSO_Classifcation\MRI_dataset\Gamekeepers Thumb\Gamekeepers_Thumb503.jpg,Gamekeepers Thumb
C:\Users\HishamMo\Desktop\999_cs\Quantum_Inpired_PSO_Classifcation\MRI_dataset\Gamekeepers Thumb\Gamekeepers_Thumb504.jpg,Gamekeepers Thumb
C:\Users\HishamMo\Desktop\999_cs\Quantum_Inpired_PSO_Classifcation\MRI_dataset\Gamekeepers Thumb\Gamekeepers_Thumb505.jpg,Gamekeepers Thumb
C:\Users\HishamMo\Desktop\999_cs\Quantum_Inpired_PSO_Classifcation\MRI_dataset\Gamekeepers Thumb\Gamekeepers_Thumb506.jpg,Gamekeepers Thumb
C:\Users\HishamMo\Desktop\999_cs\Quantum_Inpired_PSO_Classifcation\MRI_dataset\Gamekeepers Thumb\Gamekeepers_Thumb507.jpg,Gamekeepers Thumb
C:\Users\HishamMo\Desktop\999_cs\Quantum_Inpired_PSO_Classifcation\MRI_dataset\Gamekeepers Thumb\Gamekeepers_Thumb508.jpg,Gamekeepers Thumb
C:\Users\HishamMo\Desktop\999_cs\Quantum_Inpired_PSO_Classifcation\MRI_dataset\Gamekeepers Thumb\Gamekeepers_Thumb509.jpg,Gamekeepers Thumb
C:\Users\HishamMo\Desktop\999_cs\Quantum_Inpired_PSO_Classifcation\MRI_dataset\Gamekeepers Thumb\Gamekeepers_Thumb510.jpg,Gamekeepers Thumb
C:\Users\HishamMo\Desktop\999_cs\Quantum_Inpired_PSO_Classifcation\MRI_dataset\Gamekeepers Thumb\Gamekeepers_Thumb511.jpg,Gamekeepers Thumb
C:\Users\HishamMo\Desktop\999_cs\Quantum_Inpired_PSO_Classifcation\MRI_dataset\Gamekeepers Thumb\Gamekeepers_Thumb512.jpg,Gamekeepers Thumb
C:\Users\HishamMo\Desktop\999_cs\Quantum_Inpired_PSO_Classifcation\MRI_dataset\Gamekeepers Thumb\Gamekeepers_Thumb513.jpg,Gamekeepers Thumb
C:\Users\HishamMo\Desktop\999_cs\Quantum_Inpired_PSO_Classifcation\MRI_dataset\Gamekeepers Thumb\Gamekeepers_Thumb514.jpg,Gamekeepers Thumb
C:\Users\HishamMo\Desktop\999_cs\Quantum_Inpired_PSO_Classifcation\MRI_dataset\Gamekeepers Thumb\Gamekeepers_Thumb515.jpg,Gamekeepers Thumb
C:\Users\HishamMo\Desktop\999_cs\Quantum_Inpired_PSO_Classifcation\MRI_dataset\Gamekeepers Thumb\Gamekeepers_Thumb516.jpg,Gamekeepers Thumb
C:\Users\HishamMo\Desktop\999_cs\Quantum_Inpired_PSO_Classifcation\MRI_dataset\Gamekeepers Thumb\Gamekeepers_Thumb517.jpg,Gamekeepers Thumb
C:\Users\HishamMo\Desktop\999_cs\Quantum_Inpired_PSO_Classifcation\MRI_dataset\Gamekeepers Thumb\Gamekeepers_Thumb518.jpg,Gamekeepers Thumb
C:\Users\HishamMo\Desktop\999_cs\Quantum_Inpired_PSO_Classifcation\MRI_dataset\Gamekeepers Thumb\Gamekeepers_Thumb519.jpg,Gamekeepers Thumb
C:\Users\HishamMo\Desktop\999_cs\Quantum_Inpired_PSO_Classifcation\MRI_dataset\Gamekeepers Thumb\Gamekeepers_Thumb520.jpg,Gamekeepers Thumb
C:\Users\HishamMo\Desktop\999_cs\Quantum_Inpired_PSO_Classifcation\MRI_dataset\Gamekeepers Thumb\Gamekeepers_Thumb521.jpg,Gamekeepers Thumb
C:\Users\HishamMo\Desktop\999_cs\Quantum_Inpired_PSO_Classifcation\MRI_dataset\Gamekeepers Thumb\Gamekeepers_Thumb522.jpg,Gamekeepers Thumb
C:\Users\HishamMo\Desktop\999_cs\Quantum_Inpired_PSO_Classifcation\MRI_dataset\Gamekeepers Thumb\Gamekeepers_Thumb523.jpg,Gamekeepers Thumb
C:\Users\HishamMo\Desktop\999_cs\Quantum_Inpired_PSO_Classifcation\MRI_dataset\Gamekeepers Thumb\Gamekeepers_Thumb524.jpg,Gamekeepers Thumb
C:\Users\HishamMo\Desktop\999_cs\Quantum_Inpired_PSO_Classifcation\MRI_dataset\Gamekeepers Thumb\Gamekeepers_Thumb525.jpg,Gamekeepers Thumb
C:\Users\HishamMo\Desktop\999_cs\Quantum_Inpired_PSO_Classifcation\MRI_dataset\Gamekeepers Thumb\Gamekeepers_Thumb526.jpg,Gamekeepers Thumb
C:\Users\HishamMo\Desktop\999_cs\Quantum_Inpired_PSO_Classifcation\MRI_dataset\Gamekeepers Thumb\Gamekeepers_Thumb527.jpg,Gamekeepers Thumb
C:\Users\HishamMo\Desktop\999_cs\Quantum_Inpired_PSO_Classifcation\MRI_dataset\Gamekeepers Thumb\Gamekeepers_Thumb528.jpg,Gamekeepers Thumb
C:\Users\HishamMo\Desktop\999_cs\Quantum_Inpired_PSO_Classifcation\MRI_dataset\Gamekeepers Thumb\Gamekeepers_Thumb529.jpg,Gamekeepers Thumb
C:\Users\HishamMo\Desktop\999_cs\Quantum_Inpired_PSO_Classifcation\MRI_dataset\Gamekeepers Thumb\Gamekeepers_Thumb530.jpg,Gamekeepers Thumb
C:\Users\HishamMo\Desktop\999_cs\Quantum_Inpired_PSO_Classifcation\MRI_dataset\Gamekeepers Thumb\Gamekeepers_Thumb531.jpg,Gamekeepers Thumb
C:\Users\HishamMo\Desktop\999_cs\Quantum_Inpired_PSO_Classifcation\MRI_dataset\Gamekeepers Thumb\Gamekeepers_Thumb532.jpg,Gamekeepers Thumb
C:\Users\HishamMo\Desktop\999_cs\Quantum_Inpired_PSO_Classifcation\MRI_dataset\Gamekeepers Thumb\Gamekeepers_Thumb533.jpg,Gamekeepers Thumb
C:\Users\HishamMo\Desktop\999_cs\Quantum_Inpired_PSO_Classifcation\MRI_dataset\Gamekeepers Thumb\Gamekeepers_Thumb534.jpg,Gamekeepers Thumb
C:\Users\HishamMo\Desktop\999_cs\Quantum_Inpired_PSO_Classifcation\MRI_dataset\Gamekeepers Thumb\Gamekeepers_Thumb535.jpg,Gamekeepers Thumb
C:\Users\HishamMo\Desktop\999_cs\Quantum_Inpired_PSO_Classifcation\MRI_dataset\Gamekeepers Thumb\Gamekeepers_Thumb536.jpg,Gamekeepers Thumb
C:\Users\HishamMo\Desktop\999_cs\Quantum_Inpired_PSO_Classifcation\MRI_dataset\Gamekeepers Thumb\Gamekeepers_Thumb537.jpg,Gamekeepers Thumb
C:\Users\HishamMo\Desktop\999_cs\Quantum_Inpired_PSO_Classifcation\MRI_dataset\Gamekeepers Thumb\Gamekeepers_Thumb538.jpg,Gamekeepers Thumb
C:\Users\HishamMo\Desktop\999_cs\Quantum_Inpired_PSO_Classifcation\MRI_dataset\Gamekeepers Thumb\Gamekeepers_Thumb539.jpg,Gamekeepers Thumb
C:\Users\HishamMo\Desktop\999_cs\Quantum_Inpired_PSO_Classifcation\MRI_dataset\Gamekeepers Thumb\Gamekeepers_Thumb540.jpg,Gamekeepers Thumb
C:\Users\HishamMo\Desktop\999_cs\Quantum_Inpired_PSO_Classifcation\MRI_dataset\Gamekeepers Thumb\Gamekeepers_Thumb541.jpg,Gamekeepers Thumb
C:\Users\HishamMo\Desktop\999_cs\Quantum_Inpired_PSO_Classifcation\MRI_dataset\Gamekeepers Thumb\Gamekeepers_Thumb542.jpg,Gamekeepers Thumb
C:\Users\HishamMo\Desktop\999_cs\Quantum_Inpired_PSO_Classifcation\MRI_dataset\Gamekeepers Thumb\Gamekeepers_Thumb543.jpg,Gamekeepers Thumb
C:\Users\HishamMo\Desktop\999_cs\Quantum_Inpired_PSO_Classifcation\MRI_dataset\Gamekeepers Thumb\Gamekeepers_Thumb544.jpg,Gamekeepers Thumb
C:\Users\HishamMo\Desktop\999_cs\Quantum_Inpired_PSO_Classifcation\MRI_dataset\Gamekeepers Thumb\Gamekeepers_Thumb545.jpg,Gamekeepers Thumb
C:\Users\HishamMo\Desktop\999_cs\Quantum_Inpired_PSO_Classifcation\MRI_dataset\Gamekeepers Thumb\Gamekeepers_Thumb546.jpg,Gamekeepers Thumb
C:\Users\HishamMo\Desktop\999_cs\Quantum_Inpired_PSO_Classifcation\MRI_dataset\Gamekeepers Thumb\Gamekeepers_Thumb547.jpg,Gamekeepers Thumb
C:\Users\HishamMo\Desktop\999_cs\Quantum_Inpired_PSO_Classifcation\MRI_dataset\Gamekeepers Thumb\Gamekeepers_Thumb548.jpg,Gamekeepers Thumb
C:\Users\HishamMo\Desktop\999_cs\Quantum_Inpired_PSO_Classifcation\MRI_dataset\Gamekeepers Thumb\Gamekeepers_Thumb549.jpg,Gamekeepers Thumb
C:\Users\HishamMo\Desktop\999_cs\Quantum_Inpired_PSO_Classifcation\MRI_dataset\Gamekeepers Thumb\Gamekeepers_Thumb550.jpg,Gamekeepers Thumb
C:\Users\HishamMo\Desktop\999_cs\Quantum_Inpired_PSO_Classifcation\MRI_dataset\Gamekeepers Thumb\Gamekeepers_Thumb551.jpg,Gamekeepers Thumb
C:\Users\HishamMo\Desktop\999_cs\Quantum_Inpired_PSO_Classifcation\MRI_dataset\Gamekeepers Thumb\Gamekeepers_Thumb552.jpg,Gamekeepers Thumb
C:\Users\HishamMo\Desktop\999_cs\Quantum_Inpired_PSO_Classifcation\MRI_dataset\Gamekeepers Thumb\Gamekeepers_Thumb553.jpg,Gamekeepers Thumb
C:\Users\HishamMo\Desktop\999_cs\Quantum_Inpired_PSO_Classifcation\MRI_dataset\Gamekeepers Thumb\Gamekeepers_Thumb554.jpg,Gamekeepers Thumb
C:\Users\HishamMo\Desktop\999_cs\Quantum_Inpired_PSO_Classifcation\MRI_dataset\Gamekeepers Thumb\Gamekeepers_Thumb555.jpg,Gamekeepers Thumb
C:\Users\HishamMo\Desktop\999_cs\Quantum_Inpired_PSO_Classifcation\MRI_dataset\Gamekeepers Thumb\Gamekeepers_Thumb556.jpg,Gamekeepers Thumb
C:\Users\HishamMo\Desktop\999_cs\Quantum_Inpired_PSO_Classifcation\MRI_dataset\Gamekeepers Thumb\Gamekeepers_Thumb557.jpg,Gamekeepers Thumb
C:\Users\HishamMo\Desktop\999_cs\Quantum_Inpired_PSO_Classifcation\MRI_dataset\Gamekeepers Thumb\Gamekeepers_Thumb558.jpg,Gamekeepers Thumb
C:\Users\HishamMo\Desktop\999_cs\Quantum_Inpired_PSO_Classifcation\MRI_dataset\Gamekeepers Thumb\Gamekeepers_Thumb559.jpg,Gamekeepers Thumb
C:\Users\HishamMo\Desktop\999_cs\Quantum_Inpired_PSO_Classifcation\MRI_dataset\Gamekeepers Thumb\Gamekeepers_Thumb560.jpg,Gamekeepers Thumb
C:\Users\HishamMo\Desktop\999_cs\Quantum_Inpired_PSO_Classifcation\MRI_dataset\Gamekeepers Thumb\Gamekeepers_Thumb561.jpg,Gamekeepers Thumb
C:\Users\HishamMo\Desktop\999_cs\Quantum_Inpired_PSO_Classifcation\MRI_dataset\Gamekeepers Thumb\Gamekeepers_Thumb562.jpg,Gamekeepers Thumb
C:\Users\HishamMo\Desktop\999_cs\Quantum_Inpired_PSO_Classifcation\MRI_dataset\Gamekeepers Thumb\Gamekeepers_Thumb563.jpg,Gamekeepers Thumb
C:\Users\HishamMo\Desktop\999_cs\Quantum_Inpired_PSO_Classifcation\MRI_dataset\Gamekeepers Thumb\Gamekeepers_Thumb564.jpg,Gamekeepers Thumb
C:\Users\HishamMo\Desktop\999_cs\Quantum_Inpired_PSO_Classifcation\MRI_dataset\Gamekeepers Thumb\Gamekeepers_Thumb565.jpg,Gamekeepers Thumb
C:\Users\HishamMo\Desktop\999_cs\Quantum_Inpired_PSO_Classifcation\MRI_dataset\Gamekeepers Thumb\Gamekeepers_Thumb566.jpg,Gamekeepers Thumb
C:\Users\HishamMo\Desktop\999_cs\Quantum_Inpired_PSO_Classifcation\MRI_dataset\Gamekeepers Thumb\Gamekeepers_Thumb567.jpg,Gamekeepers Thumb
C:\Users\HishamMo\Desktop\999_cs\Quantum_Inpired_PSO_Classifcation\MRI_dataset\Gamekeepers Thumb\Gamekeepers_Thumb568.jpg,Gamekeepers Thumb
C:\Users\HishamMo\Desktop\999_cs\Quantum_Inpired_PSO_Classifcation\MRI_dataset\Gamekeepers Thumb\Gamekeepers_Thumb569.jpg,Gamekeepers Thumb
C:\Users\HishamMo\Desktop\999_cs\Quantum_Inpired_PSO_Classifcation\MRI_dataset\Gamekeepers Thumb\Gamekeepers_Thumb570.jpg,Gamekeepers Thumb
C:\Users\HishamMo\Desktop\999_cs\Quantum_Inpired_PSO_Classifcation\MRI_dataset\Gamekeepers Thumb\Gamekeepers_Thumb571.jpg,Gamekeepers Thumb
C:\Users\HishamMo\Desktop\999_cs\Quantum_Inpired_PSO_Classifcation\MRI_dataset\Gamekeepers Thumb\Gamekeepers_Thumb572.jpg,Gamekeepers Thumb
C:\Users\HishamMo\Desktop\999_cs\Quantum_Inpired_PSO_Classifcation\MRI_dataset\Gamekeepers Thumb\Gamekeepers_Thumb573.jpg,Gamekeepers Thumb
C:\Users\HishamMo\Desktop\999_cs\Quantum_Inpired_PSO_Classifcation\MRI_dataset\Gamekeepers Thumb\Gamekeepers_Thumb574.jpg,Gamekeepers Thumb
C:\Users\HishamMo\Desktop\999_cs\Quantum_Inpired_PSO_Classifcation\MRI_dataset\Gamekeepers Thumb\Gamekeepers_Thumb575.jpg,Gamekeepers Thumb
C:\Users\HishamMo\Desktop\999_cs\Quantum_Inpired_PSO_Classifcation\MRI_dataset\Gamekeepers Thumb\Gamekeepers_Thumb576.jpg,Gamekeepers Thumb
C:\Users\HishamMo\Desktop\999_cs\Quantum_Inpired_PSO_Classifcation\MRI_dataset\Gamekeepers Thumb\Gamekeepers_Thumb577.jpg,Gamekeepers Thumb
C:\Users\HishamMo\Desktop\999_cs\Quantum_Inpired_PSO_Classifcation\MRI_dataset\Gamekeepers Thumb\Gamekeepers_Thumb578.jpg,Gamekeepers Thumb
C:\Users\HishamMo\Desktop\999_cs\Quantum_Inpired_PSO_Classifcation\MRI_dataset\Gamekeepers Thumb\Gamekeepers_Thumb579.jpg,Gamekeepers Thumb
C:\Users\HishamMo\Desktop\999_cs\Quantum_Inpired_PSO_Classifcation\MRI_dataset\Gamekeepers Thumb\Gamekeepers_Thumb580.jpg,Gamekeepers Thumb
C:\Users\HishamMo\Desktop\999_cs\Quantum_Inpired_PSO_Classifcation\MRI_dataset\Gamekeepers Thumb\Gamekeepers_Thumb581.jpg,Gamekeepers Thumb
C:\Users\HishamMo\Desktop\999_cs\Quantum_Inpired_PSO_Classifcation\MRI_dataset\Gamekeepers Thumb\Gamekeepers_Thumb582.jpg,Gamekeepers Thumb
C:\Users\HishamMo\Desktop\999_cs\Quantum_Inpired_PSO_Classifcation\MRI_dataset\Gamekeepers Thumb\Gamekeepers_Thumb583.jpg,Gamekeepers Thumb
C:\Users\HishamMo\Desktop\999_cs\Quantum_Inpired_PSO_Classifcation\MRI_dataset\Gamekeepers Thumb\Gamekeepers_Thumb584.jpg,Gamekeepers Thumb
C:\Users\HishamMo\Desktop\999_cs\Quantum_Inpired_PSO_Classifcation\MRI_dataset\Gamekeepers Thumb\Gamekeepers_Thumb585.jpg,Gamekeepers Thumb
C:\Users\HishamMo\Desktop\999_cs\Quantum_Inpired_PSO_Classifcation\MRI_dataset\Gamekeepers Thumb\Gamekeepers_Thumb586.jpg,Gamekeepers Thumb
C:\Users\HishamMo\Desktop\999_cs\Quantum_Inpired_PSO_Classifcation\MRI_dataset\Gamekeepers Thumb\Gamekeepers_Thumb587.jpg,Gamekeepers Thumb
C:\Users\HishamMo\Desktop\999_cs\Quantum_Inpired_PSO_Classifcation\MRI_dataset\Gamekeepers Thumb\Gamekeepers_Thumb588.jpg,Gamekeepers Thumb
C:\Users\HishamMo\Desktop\999_cs\Quantum_Inpired_PSO_Classifcation\MRI_dataset\Gamekeepers Thumb\Gamekeepers_Thumb589.jpg,Gamekeepers Thumb
C:\Users\HishamMo\Desktop\999_cs\Quantum_Inpired_PSO_Classifcation\MRI_dataset\Gamekeepers Thumb\Gamekeepers_Thumb590.jpg,Gamekeepers Thumb
C:\Users\HishamMo\Desktop\999_cs\Quantum_Inpired_PSO_Classifcation\MRI_dataset\Gamekeepers Thumb\Gamekeepers_Thumb591.jpg,Gamekeepers Thumb
C:\Users\HishamMo\Desktop\999_cs\Quantum_Inpired_PSO_Classifcation\MRI_dataset\Gamekeepers Thumb\Gamekeepers_Thumb592.jpg,Gamekeepers Thumb
C:\Users\HishamMo\Desktop\999_cs\Quantum_Inpired_PSO_Classifcation\MRI_dataset\Gamekeepers Thumb\Gamekeepers_Thumb593.jpg,Gamekeepers Thumb
C:\Users\HishamMo\Desktop\999_cs\Quantum_Inpired_PSO_Classifcation\MRI_dataset\Gamekeepers Thumb\Gamekeepers_Thumb594.jpg,Gamekeepers Thumb
C:\Users\HishamMo\Desktop\999_cs\Quantum_Inpired_PSO_Classifcation\MRI_dataset\Gamekeepers Thumb\Gamekeepers_Thumb595.jpg,Gamekeepers Thumb
C:\Users\HishamMo\Desktop\999_cs\Quantum_Inpired_PSO_Classifcation\MRI_dataset\Gamekeepers Thumb\Gamekeepers_Thumb596.jpg,Gamekeepers Thumb
C:\Users\HishamMo\Desktop\999_cs\Quantum_Inpired_PSO_Classifcation\MRI_dataset\Gamekeepers Thumb\Gamekeepers_Thumb597.jpg,Gamekeepers Thumb
C:\Users\HishamMo\Desktop\999_cs\Quantum_Inpired_PSO_Classifcation\MRI_dataset\Gamekeepers Thumb\Gamekeepers_Thumb598.jpg,Gamekeepers Thumb
C:\Users\HishamMo\Desktop\999_cs\Quantum_Inpired_PSO_Classifcation\MRI_dataset\Gamekeepers Thumb\Gamekeepers_Thumb599.jpg,Gamekeepers Thumb
C:\Users\HishamMo\Desktop\999_cs\Quantum_Inpired_PSO_Classifcation\MRI_dataset\Gamekeepers Thumb\Gamekeepers_Thumb600.jpg,Gamekeepers Thumb
C:\Users\HishamMo\Desktop\999_cs\Quantum_Inpired_PSO_Classifcation\MRI_dataset\Gamekeepers Thumb\Gamekeepers_Thumb601.jpg,Gamekeepers Thumb
C:\Users\HishamMo\Desktop\999_cs\Quantum_Inpired_PSO_Classifcation\MRI_dataset\Gamekeepers Thumb\Gamekeepers_Thumb602.jpg,Gamekeepers Thumb
C:\Users\HishamMo\Desktop\999_cs\Quantum_Inpired_PSO_Classifcation\MRI_dataset\Gamekeepers Thumb\Gamekeepers_Thumb603.jpg,Gamekeepers Thumb
C:\Users\HishamMo\Desktop\999_cs\Quantum_Inpired_PSO_Classifcation\MRI_dataset\Gamekeepers Thumb\Gamekeepers_Thumb604.jpg,Gamekeepers Thumb
C:\Users\HishamMo\Desktop\999_cs\Quantum_Inpired_PSO_Classifcation\MRI_dataset\Gamekeepers Thumb\Gamekeepers_Thumb605.jpg,Gamekeepers Thumb
C:\Users\HishamMo\Desktop\999_cs\Quantum_Inpired_PSO_Classifcation\MRI_dataset\Gamekeepers Thumb\Gamekeepers_Thumb606.jpg,Gamekeepers Thumb
C:\Users\HishamMo\Desktop\999_cs\Quantum_Inpired_PSO_Classifcation\MRI_dataset\Gamekeepers Thumb\Gamekeepers_Thumb607.jpg,Gamekeepers Thumb
C:\Users\HishamMo\Desktop\999_cs\Quantum_Inpired_PSO_Classifcation\MRI_dataset\Gamekeepers Thumb\Gamekeepers_Thumb608.jpg,Gamekeepers Thumb
C:\Users\HishamMo\Desktop\999_cs\Quantum_Inpired_PSO_Classifcation\MRI_dataset\Gamekeepers Thumb\Gamekeepers_Thumb609.jpg,Gamekeepers Thumb
C:\Users\HishamMo\Desktop\999_cs\Quantum_Inpired_PSO_Classifcation\MRI_dataset\Gamekeepers Thumb\Gamekeepers_Thumb610.jpg,Gamekeepers Thumb
C:\Users\HishamMo\Desktop\999_cs\Quantum_Inpired_PSO_Classifcation\MRI_dataset\Gamekeepers Thumb\Gamekeepers_Thumb611.jpg,Gamekeepers Thumb
C:\Users\HishamMo\Desktop\999_cs\Quantum_Inpired_PSO_Classifcation\MRI_dataset\Gamekeepers Thumb\Gamekeepers_Thumb612.jpg,Gamekeepers Thumb
C:\Users\HishamMo\Desktop\999_cs\Quantum_Inpired_PSO_Classifcation\MRI_dataset\Gamekeepers Thumb\Gamekeepers_Thumb613.jpg,Gamekeepers Thumb
C:\Users\HishamMo\Desktop\999_cs\Quantum_Inpired_PSO_Classifcation\MRI_dataset\Gamekeepers Thumb\Gamekeepers_Thumb614.jpg,Gamekeepers Thumb
C:\Users\HishamMo\Desktop\999_cs\Quantum_Inpired_PSO_Classifcation\MRI_dataset\Gamekeepers Thumb\Gamekeepers_Thumb615.jpg,Gamekeepers Thumb
C:\Users\HishamMo\Desktop\999_cs\Quantum_Inpired_PSO_Classifcation\MRI_dataset\Gamekeepers Thumb\Gamekeepers_Thumb616.jpg,Gamekeepers Thumb
C:\Users\HishamMo\Desktop\999_cs\Quantum_Inpired_PSO_Classifcation\MRI_dataset\Gamekeepers Thumb\Gamekeepers_Thumb617.jpg,Gamekeepers Thumb
C:\Users\HishamMo\Desktop\999_cs\Quantum_Inpired_PSO_Classifcation\MRI_dataset\Gamekeepers Thumb\Gamekeepers_Thumb618.jpg,Gamekeepers Thumb
C:\Users\HishamMo\Desktop\999_cs\Quantum_Inpired_PSO_Classifcation\MRI_dataset\Gamekeepers Thumb\Gamekeepers_Thumb619.jpg,Gamekeepers Thumb
C:\Users\HishamMo\Desktop\999_cs\Quantum_Inpired_PSO_Classifcation\MRI_dataset\Gamekeepers Thumb\Gamekeepers_Thumb620.jpg,Gamekeepers Thumb
C:\Users\HishamMo\Desktop\999_cs\Quantum_Inpired_PSO_Classifcation\MRI_dataset\Gamekeepers Thumb\Gamekeepers_Thumb621.jpg,Gamekeepers Thumb
C:\Users\HishamMo\Desktop\999_cs\Quantum_Inpired_PSO_Classifcation\MRI_dataset\Gamekeepers Thumb\Gamekeepers_Thumb622.jpg,Gamekeepers Thumb
C:\Users\HishamMo\Desktop\999_cs\Quantum_Inpired_PSO_Classifcation\MRI_dataset\Gamekeepers Thumb\Gamekeepers_Thumb623.jpg,Gamekeepers Thumb
C:\Users\HishamMo\Desktop\999_cs\Quantum_Inpired_PSO_Classifcation\MRI_dataset\Gamekeepers Thumb\Gamekeepers_Thumb624.jpg,Gamekeepers Thumb
C:\Users\HishamMo\Desktop\999_cs\Quantum_Inpired_PSO_Classifcation\MRI_dataset\Gamekeepers Thumb\Gamekeepers_Thumb625.jpg,Gamekeepers Thumb
C:\Users\HishamMo\Desktop\999_cs\Quantum_Inpired_PSO_Classifcation\MRI_dataset\Gamekeepers Thumb\Gamekeepers_Thumb626.jpg,Gamekeepers Thumb
C:\Users\HishamMo\Desktop\999_cs\Quantum_Inpired_PSO_Classifcation\MRI_dataset\Gamekeepers Thumb\Gamekeepers_Thumb627.jpg,Gamekeepers Thumb
C:\Users\HishamMo\Desktop\999_cs\Quantum_Inpired_PSO_Classifcation\MRI_dataset\Gamekeepers Thumb\Gamekeepers_Thumb628.jpg,Gamekeepers Thumb
C:\Users\HishamMo\Desktop\999_cs\Quantum_Inpired_PSO_Classifcation\MRI_dataset\Gamekeepers Thumb\Gamekeepers_Thumb629.jpg,Gamekeepers Thumb
C:\Users\HishamMo\Desktop\999_cs\Quantum_Inpired_PSO_Classifcation\MRI_dataset\Gamekeepers Thumb\Gamekeepers_Thumb630.jpg,Gamekeepers Thumb
C:\Users\HishamMo\Desktop\999_cs\Quantum_Inpired_PSO_Classifcation\MRI_dataset\Gamekeepers Thumb\Gamekeepers_Thumb631.jpg,Gamekeepers Thumb
C:\Users\HishamMo\Desktop\999_cs\Quantum_Inpired_PSO_Classifcation\MRI_dataset\Gamekeepers Thumb\Gamekeepers_Thumb632.jpg,Gamekeepers Thumb
C:\Users\HishamMo\Desktop\999_cs\Quantum_Inpired_PSO_Classifcation\MRI_dataset\Gamekeepers Thumb\Gamekeepers_Thumb633.jpg,Gamekeepers Thumb
C:\Users\HishamMo\Desktop\999_cs\Quantum_Inpired_PSO_Classifcation\MRI_dataset\Gamekeepers Thumb\Gamekeepers_Thumb634.jpg,Gamekeepers Thumb
C:\Users\HishamMo\Desktop\999_cs\Quantum_Inpired_PSO_Classifcation\MRI_dataset\Gamekeepers Thumb\Gamekeepers_Thumb635.jpg,Gamekeepers Thumb
C:\Users\HishamMo\Desktop\999_cs\Quantum_Inpired_PSO_Classifcation\MRI_dataset\Gamekeepers Thumb\Gamekeepers_Thumb636.jpg,Gamekeepers Thumb
C:\Users\HishamMo\Desktop\999_cs\Quantum_Inpired_PSO_Classifcation\MRI_dataset\Gamekeepers Thumb\Gamekeepers_Thumb637.jpg,Gamekeepers Thumb
C:\Users\HishamMo\Desktop\999_cs\Quantum_Inpired_PSO_Classifcation\MRI_dataset\Gamekeepers Thumb\Gamekeepers_Thumb638.jpg,Gamekeepers Thumb
C:\Users\HishamMo\Desktop\999_cs\Quantum_Inpired_PSO_Classifcation\MRI_dataset\Gamekeepers Thumb\Gamekeepers_Thumb639.jpg,Gamekeepers Thumb
C:\Users\HishamMo\Desktop\999_cs\Quantum_Inpired_PSO_Classifcation\MRI_dataset\Gamekeepers Thumb\Gamekeepers_Thumb640.jpg,Gamekeepers Thumb
C:\Users\HishamMo\Desktop\999_cs\Quantum_Inpired_PSO_Classifcation\MRI_dataset\Gamekeepers Thumb\Gamekeepers_Thumb641.jpg,Gamekeepers Thumb
C:\Users\HishamMo\Desktop\999_cs\Quantum_Inpired_PSO_Classifcation\MRI_dataset\Gamekeepers Thumb\Gamekeepers_Thumb642.jpg,Gamekeepers Thumb
C:\Users\HishamMo\Desktop\999_cs\Quantum_Inpired_PSO_Classifcation\MRI_dataset\Gamekeepers Thumb\Gamekeepers_Thumb643.jpg,Gamekeepers Thumb
C:\Users\HishamMo\Desktop\999_cs\Quantum_Inpired_PSO_Classifcation\MRI_dataset\Gamekeepers Thumb\Gamekeepers_Thumb644.jpg,Gamekeepers Thumb
C:\Users\HishamMo\Desktop\999_cs\Quantum_Inpired_PSO_Classifcation\MRI_dataset\Gamekeepers Thumb\Gamekeepers_Thumb645.jpg,Gamekeepers Thumb
C:\Users\HishamMo\Desktop\999_cs\Quantum_Inpired_PSO_Classifcation\MRI_dataset\Gamekeepers Thumb\Gamekeepers_Thumb646.jpg,Gamekeepers Thumb
C:\Users\HishamMo\Desktop\999_cs\Quantum_Inpired_PSO_Classifcation\MRI_dataset\Gamekeepers Thumb\Gamekeepers_Thumb647.jpg,Gamekeepers Thumb
C:\Users\HishamMo\Desktop\999_cs\Quantum_Inpired_PSO_Classifcation\MRI_dataset\Gamekeepers Thumb\Gamekeepers_Thumb648.jpg,Gamekeepers Thumb
C:\Users\HishamMo\Desktop\999_cs\Quantum_Inpired_PSO_Classifcation\MRI_dataset\Gamekeepers Thumb\Gamekeepers_Thumb649.jpg,Gamekeepers Thumb
C:\Users\HishamMo\Desktop\999_cs\Quantum_Inpired_PSO_Classifcation\MRI_dataset\Gamekeepers Thumb\Gamekeepers_Thumb650.jpg,Gamekeepers Thumb
C:\Users\HishamMo\Desktop\999_cs\Quantum_Inpired_PSO_Classifcation\MRI_dataset\Gamekeepers Thumb\Gamekeepers_Thumb651.jpg,Gamekeepers Thumb
C:\Users\HishamMo\Desktop\999_cs\Quantum_Inpired_PSO_Classifcation\MRI_dataset\Gamekeepers Thumb\Gamekeepers_Thumb652.jpg,Gamekeepers Thumb
C:\Users\HishamMo\Desktop\999_cs\Quantum_Inpired_PSO_Classifcation\MRI_dataset\Gamekeepers Thumb\Gamekeepers_Thumb653.jpg,Gamekeepers Thumb
C:\Users\HishamMo\Desktop\999_cs\Quantum_Inpired_PSO_Classifcation\MRI_dataset\Gamekeepers Thumb\Gamekeepers_Thumb654.jpg,Gamekeepers Thumb
C:\Users\HishamMo\Desktop\999_cs\Quantum_Inpired_PSO_Classifcation\MRI_dataset\Gamekeepers Thumb\Gamekeepers_Thumb655.jpg,Gamekeepers Thumb
C:\Users\HishamMo\Desktop\999_cs\Quantum_Inpired_PSO_Classifcation\MRI_dataset\Gamekeepers Thumb\Gamekeepers_Thumb656.jpg,Gamekeepers Thumb
C:\Users\HishamMo\Desktop\999_cs\Quantum_Inpired_PSO_Classifcation\MRI_dataset\Gamekeepers Thumb\Gamekeepers_Thumb657.jpg,Gamekeepers Thumb
C:\Users\HishamMo\Desktop\999_cs\Quantum_Inpired_PSO_Classifcation\MRI_dataset\Gamekeepers Thumb\Gamekeepers_Thumb658.jpg,Gamekeepers Thumb
C:\Users\HishamMo\Desktop\999_cs\Quantum_Inpired_PSO_Classifcation\MRI_dataset\Gamekeepers Thumb\Gamekeepers_Thumb659.jpg,Gamekeepers Thumb
C:\Users\HishamMo\Desktop\999_cs\Quantum_Inpired_PSO_Classifcation\MRI_dataset\Gamekeepers Thumb\Gamekeepers_Thumb660.jpg,Gamekeepers Thumb
C:\Users\HishamMo\Desktop\999_cs\Quantum_Inpired_PSO_Classifcation\MRI_dataset\Gamekeepers Thumb\Gamekeepers_Thumb661.jpg,Gamekeepers Thumb
C:\Users\HishamMo\Desktop\999_cs\Quantum_Inpired_PSO_Classifcation\MRI_dataset\Gamekeepers Thumb\Gamekeepers_Thumb662.jpg,Gamekeepers Thumb
C:\Users\HishamMo\Desktop\999_cs\Quantum_Inpired_PSO_Classifcation\MRI_dataset\Gamekeepers Thumb\Gamekeepers_Thumb663.jpg,Gamekeepers Thumb
C:\Users\HishamMo\Desktop\999_cs\Quantum_Inpired_PSO_Classifcation\MRI_dataset\Gamekeepers Thumb\Gamekeepers_Thumb664.jpg,Gamekeepers Thumb
C:\Users\HishamMo\Desktop\999_cs\Quantum_Inpired_PSO_Classifcation\MRI_dataset\Gamekeepers Thumb\Gamekeepers_Thumb665.jpg,Gamekeepers Thumb
C:\Users\HishamMo\Desktop\999_cs\Quantum_Inpired_PSO_Classifcation\MRI_dataset\Gamekeepers Thumb\Gamekeepers_Thumb666.jpg,Gamekeepers Thumb
C:\Users\HishamMo\Desktop\999_cs\Quantum_Inpired_PSO_Classifcation\MRI_dataset\Gamekeepers Thumb\Gamekeepers_Thumb667.jpg,Gamekeepers Thumb
C:\Users\HishamMo\Desktop\999_cs\Quantum_Inpired_PSO_Classifcation\MRI_dataset\Gamekeepers Thumb\Gamekeepers_Thumb668.jpg,Gamekeepers Thumb
C:\Users\HishamMo\Desktop\999_cs\Quantum_Inpired_PSO_Classifcation\MRI_dataset\Gamekeepers Thumb\Gamekeepers_Thumb669.jpg,Gamekeepers Thumb
C:\Users\HishamMo\Desktop\999_cs\Quantum_Inpired_PSO_Classifcation\MRI_dataset\Gamekeepers Thumb\Gamekeepers_Thumb670.jpg,Gamekeepers Thumb
C:\Users\HishamMo\Desktop\999_cs\Quantum_Inpired_PSO_Classifcation\MRI_dataset\Gamekeepers Thumb\Gamekeepers_Thumb671.jpg,Gamekeepers Thumb
C:\Users\HishamMo\Desktop\999_cs\Quantum_Inpired_PSO_Classifcation\MRI_dataset\Gamekeepers Thumb\Gamekeepers_Thumb672.jpg,Gamekeepers Thumb
C:\Users\HishamMo\Desktop\999_cs\Quantum_Inpired_PSO_Classifcation\MRI_dataset\Gamekeepers Thumb\Gamekeepers_Thumb673.jpg,Gamekeepers Thumb
C:\Users\HishamMo\Desktop\999_cs\Quantum_Inpired_PSO_Classifcation\MRI_dataset\Gamekeepers Thumb\Gamekeepers_Thumb674.jpg,Gamekeepers Thumb
C:\Users\HishamMo\Desktop\999_cs\Quantum_Inpired_PSO_Classifcation\MRI_dataset\Gamekeepers Thumb\Gamekeepers_Thumb675.jpg,Gamekeepers Thumb
C:\Users\HishamMo\Desktop\999_cs\Quantum_Inpired_PSO_Classifcation\MRI_dataset\Gamekeepers Thumb\Gamekeepers_Thumb676.jpg,Gamekeepers Thumb
C:\Users\HishamMo\Desktop\999_cs\Quantum_Inpired_PSO_Classifcation\MRI_dataset\Gamekeepers Thumb\Gamekeepers_Thumb677.jpg,Gamekeepers Thumb
C:\Users\HishamMo\Desktop\999_cs\Quantum_Inpired_PSO_Classifcation\MRI_dataset\Gamekeepers Thumb\Gamekeepers_Thumb678.jpg,Gamekeepers Thumb
C:\Users\HishamMo\Desktop\999_cs\Quantum_Inpired_PSO_Classifcation\MRI_dataset\Gamekeepers Thumb\Gamekeepers_Thumb679.jpg,Gamekeepers Thumb
C:\Users\HishamMo\Desktop\999_cs\Quantum_Inpired_PSO_Classifcation\MRI_dataset\Gamekeepers Thumb\Gamekeepers_Thumb680.jpg,Gamekeepers Thumb
C:\Users\HishamMo\Desktop\999_cs\Quantum_Inpired_PSO_Classifcation\MRI_dataset\Gamekeepers Thumb\Gamekeepers_Thumb681.jpg,Gamekeepers Thumb
C:\Users\HishamMo\Desktop\999_cs\Quantum_Inpired_PSO_Classifcation\MRI_dataset\Gamekeepers Thumb\Gamekeepers_Thumb682.jpg,Gamekeepers Thumb
C:\Users\HishamMo\Desktop\999_cs\Quantum_Inpired_PSO_Classifcation\MRI_dataset\Gamekeepers Thumb\Gamekeepers_Thumb683.jpg,Gamekeepers Thumb
C:\Users\HishamMo\Desktop\999_cs\Quantum_Inpired_PSO_Classifcation\MRI_dataset\Gamekeepers Thumb\Gamekeepers_Thumb684.jpg,Gamekeepers Thumb
C:\Users\HishamMo\Desktop\999_cs\Quantum_Inpired_PSO_Classifcation\MRI_dataset\Gamekeepers Thumb\Gamekeepers_Thumb685.jpg,Gamekeepers Thumb
C:\Users\HishamMo\Desktop\999_cs\Quantum_Inpired_PSO_Classifcation\MRI_dataset\Gamekeepers Thumb\Gamekeepers_Thumb686.jpg,Gamekeepers Thumb
C:\Users\HishamMo\Desktop\999_cs\Quantum_Inpired_PSO_Classifcation\MRI_dataset\Gamekeepers Thumb\Gamekeepers_Thumb687.jpg,Gamekeepers Thumb
C:\Users\HishamMo\Desktop\999_cs\Quantum_Inpired_PSO_Classifcation\MRI_dataset\Gamekeepers Thumb\Gamekeepers_Thumb688.jpg,Gamekeepers Thumb
C:\Users\HishamMo\Desktop\999_cs\Quantum_Inpired_PSO_Classifcation\MRI_dataset\Gamekeepers Thumb\Gamekeepers_Thumb689.jpg,Gamekeepers Thumb
C:\Users\HishamMo\Desktop\999_cs\Quantum_Inpired_PSO_Classifcation\MRI_dataset\Gamekeepers Thumb\Gamekeepers_Thumb690.jpg,Gamekeepers Thumb
C:\Users\HishamMo\Desktop\999_cs\Quantum_Inpired_PSO_Classifcation\MRI_dataset\Gamekeepers Thumb\Gamekeepers_Thumb691.jpg,Gamekeepers Thumb
C:\Users\HishamMo\Desktop\999_cs\Quantum_Inpired_PSO_Classifcation\MRI_dataset\Gamekeepers Thumb\Gamekeepers_Thumb692.jpg,Gamekeepers Thumb
C:\Users\HishamMo\Desktop\999_cs\Quantum_Inpired_PSO_Classifcation\MRI_dataset\Gamekeepers Thumb\Gamekeepers_Thumb693.jpg,Gamekeepers Thumb
C:\Users\HishamMo\Desktop\999_cs\Quantum_Inpired_PSO_Classifcation\MRI_dataset\Gamekeepers Thumb\Gamekeepers_Thumb694.jpg,Gamekeepers Thumb
C:\Users\HishamMo\Desktop\999_cs\Quantum_Inpired_PSO_Classifcation\MRI_dataset\Gamekeepers Thumb\Gamekeepers_Thumb695.jpg,Gamekeepers Thumb
C:\Users\HishamMo\Desktop\999_cs\Quantum_Inpired_PSO_Classifcation\MRI_dataset\Gamekeepers Thumb\Gamekeepers_Thumb696.jpg,Gamekeepers Thumb
C:\Users\HishamMo\Desktop\999_cs\Quantum_Inpired_PSO_Classifcation\MRI_dataset\Gamekeepers Thumb\Gamekeepers_Thumb697.jpg,Gamekeepers Thumb
C:\Users\HishamMo\Desktop\999_cs\Quantum_Inpired_PSO_Classifcation\MRI_dataset\Gamekeepers Thumb\Gamekeepers_Thumb698.jpg,Gamekeepers Thumb
C:\Users\HishamMo\Desktop\999_cs\Quantum_Inpired_PSO_Classifcation\MRI_dataset\Gamekeepers Thumb\Gamekeepers_Thumb699.jpg,Gamekeepers Thumb
C:\Users\HishamMo\Desktop\999_cs\Quantum_Inpired_PSO_Classifcation\MRI_dataset\Gamekeepers Thumb\Gamekeepers_Thumb700.jpg,Gamekeepers Thumb
C:\Users\HishamMo\Desktop\999_cs\Quantum_Inpired_PSO_Classifcation\MRI_dataset\Gamekeepers Thumb\Gamekeepers_Thumb701.jpg,Gamekeepers Thumb
C:\Users\HishamMo\Desktop\999_cs\Quantum_Inpired_PSO_Classifcation\MRI_dataset\Gamekeepers Thumb\Gamekeepers_Thumb702.jpg,Gamekeepers Thumb
C:\Users\HishamMo\Desktop\999_cs\Quantum_Inpired_PSO_Classifcation\MRI_dataset\Gamekeepers Thumb\Gamekeepers_Thumb703.jpg,Gamekeepers Thumb
C:\Users\HishamMo\Desktop\999_cs\Quantum_Inpired_PSO_Classifcation\MRI_dataset\Gamekeepers Thumb\Gamekeepers_Thumb704.jpg,Gamekeepers Thumb
C:\Users\HishamMo\Desktop\999_cs\Quantum_Inpired_PSO_Classifcation\MRI_dataset\Gamekeepers Thumb\Gamekeepers_Thumb705.jpg,Gamekeepers Thumb
C:\Users\HishamMo\Desktop\999_cs\Quantum_Inpired_PSO_Classifcation\MRI_dataset\Gamekeepers Thumb\Gamekeepers_Thumb706.jpg,Gamekeepers Thumb
C:\Users\HishamMo\Desktop\999_cs\Quantum_Inpired_PSO_Classifcation\MRI_dataset\Gamekeepers Thumb\Gamekeepers_Thumb707.jpg,Gamekeepers Thumb
C:\Users\HishamMo\Desktop\999_cs\Quantum_Inpired_PSO_Classifcation\MRI_dataset\Gamekeepers Thumb\Gamekeepers_Thumb708.jpg,Gamekeepers Thumb
C:\Users\HishamMo\Desktop\999_cs\Quantum_Inpired_PSO_Classifcation\MRI_dataset\Gamekeepers Thumb\Gamekeepers_Thumb709.jpg,Gamekeepers Thumb
C:\Users\HishamMo\Desktop\999_cs\Quantum_Inpired_PSO_Classifcation\MRI_dataset\Gamekeepers Thumb\Gamekeepers_Thumb710.jpg,Gamekeepers Thumb
C:\Users\HishamMo\Desktop\999_cs\Quantum_Inpired_PSO_Classifcation\MRI_dataset\Gamekeepers Thumb\Gamekeepers_Thumb711.jpg,Gamekeepers Thumb
C:\Users\HishamMo\Desktop\999_cs\Quantum_Inpired_PSO_Classifcation\MRI_dataset\Gamekeepers Thumb\Gamekeepers_Thumb712.jpg,Gamekeepers Thumb
C:\Users\HishamMo\Desktop\999_cs\Quantum_Inpired_PSO_Classifcation\MRI_dataset\Gamekeepers Thumb\Gamekeepers_Thumb713.jpg,Gamekeepers Thumb
C:\Users\HishamMo\Desktop\999_cs\Quantum_Inpired_PSO_Classifcation\MRI_dataset\Gamekeepers Thumb\Gamekeepers_Thumb714.jpg,Gamekeepers Thumb
C:\Users\HishamMo\Desktop\999_cs\Quantum_Inpired_PSO_Classifcation\MRI_dataset\Gamekeepers Thumb\Gamekeepers_Thumb715.jpg,Gamekeepers Thumb
C:\Users\HishamMo\Desktop\999_cs\Quantum_Inpired_PSO_Classifcation\MRI_dataset\Gamekeepers Thumb\Gamekeepers_Thumb716.jpg,Gamekeepers Thumb
C:\Users\HishamMo\Desktop\999_cs\Quantum_Inpired_PSO_Classifcation\MRI_dataset\Gamekeepers Thumb\Gamekeepers_Thumb717.jpg,Gamekeepers Thumb
C:\Users\HishamMo\Desktop\999_cs\Quantum_Inpired_PSO_Classifcation\MRI_dataset\Gamekeepers Thumb\Gamekeepers_Thumb718.jpg,Gamekeepers Thumb
C:\Users\HishamMo\Desktop\999_cs\Quantum_Inpired_PSO_Classifcation\MRI_dataset\Gamekeepers Thumb\Gamekeepers_Thumb719.jpg,Gamekeepers Thumb
C:\Users\HishamMo\Desktop\999_cs\Quantum_Inpired_PSO_Classifcation\MRI_dataset\Gamekeepers Thumb\Gamekeepers_Thumb720.jpg,Gamekeepers Thumb
C:\Users\HishamMo\Desktop\999_cs\Quantum_Inpired_PSO_Classifcation\MRI_dataset\Gamekeepers Thumb\Gamekeepers_Thumb721.jpg,Gamekeepers Thumb
C:\Users\HishamMo\Desktop\999_cs\Quantum_Inpired_PSO_Classifcation\MRI_dataset\Gamekeepers Thumb\Gamekeepers_Thumb722.jpg,Gamekeepers Thumb
C:\Users\HishamMo\Desktop\999_cs\Quantum_Inpired_PSO_Classifcation\MRI_dataset\Gamekeepers Thumb\Gamekeepers_Thumb723.jpg,Gamekeepers Thumb
C:\Users\HishamMo\Desktop\999_cs\Quantum_Inpired_PSO_Classifcation\MRI_dataset\Gamekeepers Thumb\Gamekeepers_Thumb724.jpg,Gamekeepers Thumb
C:\Users\HishamMo\Desktop\999_cs\Quantum_Inpired_PSO_Classifcation\MRI_dataset\Gamekeepers Thumb\Gamekeepers_Thumb725.jpg,Gamekeepers Thumb
C:\Users\HishamMo\Desktop\999_cs\Quantum_Inpired_PSO_Classifcation\MRI_dataset\Gamekeepers Thumb\Gamekeepers_Thumb726.jpg,Gamekeepers Thumb
C:\Users\HishamMo\Desktop\999_cs\Quantum_Inpired_PSO_Classifcation\MRI_dataset\Gamekeepers Thumb\Gamekeepers_Thumb727.jpg,Gamekeepers Thumb
C:\Users\HishamMo\Desktop\999_cs\Quantum_Inpired_PSO_Classifcation\MRI_dataset\Gamekeepers Thumb\Gamekeepers_Thumb728.jpg,Gamekeepers Thumb
C:\Users\HishamMo\Desktop\999_cs\Quantum_Inpired_PSO_Classifcation\MRI_dataset\Gamekeepers Thumb\Gamekeepers_Thumb729.jpg,Gamekeepers Thumb
C:\Users\HishamMo\Desktop\999_cs\Quantum_Inpired_PSO_Classifcation\MRI_dataset\Gamekeepers Thumb\Gamekeepers_Thumb730.jpg,Gamekeepers Thumb
C:\Users\HishamMo\Desktop\999_cs\Quantum_Inpired_PSO_Classifcation\MRI_dataset\Gamekeepers Thumb\Gamekeepers_Thumb731.jpg,Gamekeepers Thumb
C:\Users\HishamMo\Desktop\999_cs\Quantum_Inpired_PSO_Classifcation\MRI_dataset\Gamekeepers Thumb\Gamekeepers_Thumb732.jpg,Gamekeepers Thumb
C:\Users\HishamMo\Desktop\999_cs\Quantum_Inpired_PSO_Classifcation\MRI_dataset\Gamekeepers Thumb\Gamekeepers_Thumb733.jpg,Gamekeepers Thumb
C:\Users\HishamMo\Desktop\999_cs\Quantum_Inpired_PSO_Classifcation\MRI_dataset\Gamekeepers Thumb\Gamekeepers_Thumb734.jpg,Gamekeepers Thumb
C:\Users\HishamMo\Desktop\999_cs\Quantum_Inpired_PSO_Classifcation\MRI_dataset\Gamekeepers Thumb\Gamekeepers_Thumb735.jpg,Gamekeepers Thumb
C:\Users\HishamMo\Desktop\999_cs\Quantum_Inpired_PSO_Classifcation\MRI_dataset\Gamekeepers Thumb\Gamekeepers_Thumb736.jpg,Gamekeepers Thumb
C:\Users\HishamMo\Desktop\999_cs\Quantum_Inpired_PSO_Classifcation\MRI_dataset\Gamekeepers Thumb\Gamekeepers_Thumb737.jpg,Gamekeepers Thumb
C:\Users\HishamMo\Desktop\999_cs\Quantum_Inpired_PSO_Classifcation\MRI_dataset\Gamekeepers Thumb\Gamekeepers_Thumb738.jpg,Gamekeepers Thumb
C:\Users\HishamMo\Desktop\999_cs\Quantum_Inpired_PSO_Classifcation\MRI_dataset\Gamekeepers Thumb\Gamekeepers_Thumb739.jpg,Gamekeepers Thumb
C:\Users\HishamMo\Desktop\999_cs\Quantum_Inpired_PSO_Classifcation\MRI_dataset\Gamekeepers Thumb\Gamekeepers_Thumb740.jpg,Gamekeepers Thumb
C:\Users\HishamMo\Desktop\999_cs\Quantum_Inpired_PSO_Classifcation\MRI_dataset\Gamekeepers Thumb\Gamekeepers_Thumb741.jpg,Gamekeepers Thumb
C:\Users\HishamMo\Desktop\999_cs\Quantum_Inpired_PSO_Classifcation\MRI_dataset\Gamekeepers Thumb\Gamekeepers_Thumb742.jpg,Gamekeepers Thumb
C:\Users\HishamMo\Desktop\999_cs\Quantum_Inpired_PSO_Classifcation\MRI_dataset\Gamekeepers Thumb\Gamekeepers_Thumb743.jpg,Gamekeepers Thumb
C:\Users\HishamMo\Desktop\999_cs\Quantum_Inpired_PSO_Classifcation\MRI_dataset\Gamekeepers Thumb\Gamekeepers_Thumb744.jpg,Gamekeepers Thumb
C:\Users\HishamMo\Desktop\999_cs\Quantum_Inpired_PSO_Classifcation\MRI_dataset\Gamekeepers Thumb\Gamekeepers_Thumb745.jpg,Gamekeepers Thumb
C:\Users\HishamMo\Desktop\999_cs\Quantum_Inpired_PSO_Classifcation\MRI_dataset\Gamekeepers Thumb\Gamekeepers_Thumb746.jpg,Gamekeepers Thumb
C:\Users\HishamMo\Desktop\999_cs\Quantum_Inpired_PSO_Classifcation\MRI_dataset\Gamekeepers Thumb\Gamekeepers_Thumb747.jpg,Gamekeepers Thumb
C:\Users\HishamMo\Desktop\999_cs\Quantum_Inpired_PSO_Classifcation\MRI_dataset\Gamekeepers Thumb\Gamekeepers_Thumb748.jpg,Gamekeepers Thumb
C:\Users\HishamMo\Desktop\999_cs\Quantum_Inpired_PSO_Classifcation\MRI_dataset\Gamekeepers Thumb\Gamekeepers_Thumb749.jpg,Gamekeepers Thumb
C:\Users\HishamMo\Desktop\999_cs\Quantum_Inpired_PSO_Classifcation\MRI_dataset\Gamekeepers Thumb\Gamekeepers_Thumb750.jpg,Gamekeepers Thumb
C:\Users\HishamMo\Desktop\999_cs\Quantum_Inpired_PSO_Classifcation\MRI_dataset\Gamekeepers Thumb\Gamekeepers_Thumb751.jpg,Gamekeepers Thumb
C:\Users\HishamMo\Desktop\999_cs\Quantum_Inpired_PSO_Classifcation\MRI_dataset\Gamekeepers Thumb\Gamekeepers_Thumb752.jpg,Gamekeepers Thumb
C:\Users\HishamMo\Desktop\999_cs\Quantum_Inpired_PSO_Classifcation\MRI_dataset\Gamekeepers Thumb\Gamekeepers_Thumb753.jpg,Gamekeepers Thumb
C:\Users\HishamMo\Desktop\999_cs\Quantum_Inpired_PSO_Classifcation\MRI_dataset\Gamekeepers Thumb\Gamekeepers_Thumb754.jpg,Gamekeepers Thumb
C:\Users\HishamMo\Desktop\999_cs\Quantum_Inpired_PSO_Classifcation\MRI_dataset\Gamekeepers Thumb\Gamekeepers_Thumb755.jpg,Gamekeepers Thumb
C:\Users\HishamMo\Desktop\999_cs\Quantum_Inpired_PSO_Classifcation\MRI_dataset\Gamekeepers Thumb\Gamekeepers_Thumb756.jpg,Gamekeepers Thumb
C:\Users\HishamMo\Desktop\999_cs\Quantum_Inpired_PSO_Classifcation\MRI_dataset\Gamekeepers Thumb\Gamekeepers_Thumb757.jpg,Gamekeepers Thumb
C:\Users\HishamMo\Desktop\999_cs\Quantum_Inpired_PSO_Classifcation\MRI_dataset\Gamekeepers Thumb\Gamekeepers_Thumb758.jpg,Gamekeepers Thumb
C:\Users\HishamMo\Desktop\999_cs\Quantum_Inpired_PSO_Classifcation\MRI_dataset\Gamekeepers Thumb\Gamekeepers_Thumb759.jpg,Gamekeepers Thumb
C:\Users\HishamMo\Desktop\999_cs\Quantum_Inpired_PSO_Classifcation\MRI_dataset\Gamekeepers Thumb\Gamekeepers_Thumb760.jpg,Gamekeepers Thumb
C:\Users\HishamMo\Desktop\999_cs\Quantum_Inpired_PSO_Classifcation\MRI_dataset\Gamekeepers Thumb\Gamekeepers_Thumb761.jpg,Gamekeepers Thumb
C:\Users\HishamMo\Desktop\999_cs\Quantum_Inpired_PSO_Classifcation\MRI_dataset\Gamekeepers Thumb\Gamekeepers_Thumb762.jpg,Gamekeepers Thumb
C:\Users\HishamMo\Desktop\999_cs\Quantum_Inpired_PSO_Classifcation\MRI_dataset\Gamekeepers Thumb\Gamekeepers_Thumb763.jpg,Gamekeepers Thumb
C:\Users\HishamMo\Desktop\999_cs\Quantum_Inpired_PSO_Classifcation\MRI_dataset\Gamekeepers Thumb\Gamekeepers_Thumb764.jpg,Gamekeepers Thumb
C:\Users\HishamMo\Desktop\999_cs\Quantum_Inpired_PSO_Classifcation\MRI_dataset\Gamekeepers Thumb\Gamekeepers_Thumb765.jpg,Gamekeepers Thumb
C:\Users\HishamMo\Desktop\999_cs\Quantum_Inpired_PSO_Classifcation\MRI_dataset\Gamekeepers Thumb\Gamekeepers_Thumb766.jpg,Gamekeepers Thumb
C:\Users\HishamMo\Desktop\999_cs\Quantum_Inpired_PSO_Classifcation\MRI_dataset\Gamekeepers Thumb\Gamekeepers_Thumb767.jpg,Gamekeepers Thumb
C:\Users\HishamMo\Desktop\999_cs\Quantum_Inpired_PSO_Classifcation\MRI_dataset\Gamekeepers Thumb\Gamekeepers_Thumb768.jpg,Gamekeepers Thumb
C:\Users\HishamMo\Desktop\999_cs\Quantum_Inpired_PSO_Classifcation\MRI_dataset\Gamekeepers Thumb\Gamekeepers_Thumb769.jpg,Gamekeepers Thumb
C:\Users\HishamMo\Desktop\999_cs\Quantum_Inpired_PSO_Classifcation\MRI_dataset\Gamekeepers Thumb\Gamekeepers_Thumb770.jpg,Gamekeepers Thumb
C:\Users\HishamMo\Desktop\999_cs\Quantum_Inpired_PSO_Classifcation\MRI_dataset\Gamekeepers Thumb\Gamekeepers_Thumb771.jpg,Gamekeepers Thumb
C:\Users\HishamMo\Desktop\999_cs\Quantum_Inpired_PSO_Classifcation\MRI_dataset\Gamekeepers Thumb\Gamekeepers_Thumb772.jpg,Gamekeepers Thumb
C:\Users\HishamMo\Desktop\999_cs\Quantum_Inpired_PSO_Classifcation\MRI_dataset\Gamekeepers Thumb\Gamekeepers_Thumb773.jpg,Gamekeepers Thumb
C:\Users\HishamMo\Desktop\999_cs\Quantum_Inpired_PSO_Classifcation\MRI_dataset\Gamekeepers Thumb\Gamekeepers_Thumb774.jpg,Gamekeepers Thumb
C:\Users\HishamMo\Desktop\999_cs\Quantum_Inpired_PSO_Classifcation\MRI_dataset\Gamekeepers Thumb\Gamekeepers_Thumb775.jpg,Gamekeepers Thumb
C:\Users\HishamMo\Desktop\999_cs\Quantum_Inpired_PSO_Classifcation\MRI_dataset\Gamekeepers Thumb\Gamekeepers_Thumb776.jpg,Gamekeepers Thumb
C:\Users\HishamMo\Desktop\999_cs\Quantum_Inpired_PSO_Classifcation\MRI_dataset\Gamekeepers Thumb\Gamekeepers_Thumb777.jpg,Gamekeepers Thumb
C:\Users\HishamMo\Desktop\999_cs\Quantum_Inpired_PSO_Classifcation\MRI_dataset\Gamekeepers Thumb\Gamekeepers_Thumb778.jpg,Gamekeepers Thumb
C:\Users\HishamMo\Desktop\999_cs\Quantum_Inpired_PSO_Classifcation\MRI_dataset\Gamekeepers Thumb\Gamekeepers_Thumb779.jpg,Gamekeepers Thumb
C:\Users\HishamMo\Desktop\999_cs\Quantum_Inpired_PSO_Classifcation\MRI_dataset\Gamekeepers Thumb\Gamekeepers_Thumb780.jpg,Gamekeepers Thumb
C:\Users\HishamMo\Desktop\999_cs\Quantum_Inpired_PSO_Classifcation\MRI_dataset\Gamekeepers Thumb\Gamekeepers_Thumb781.jpg,Gamekeepers Thumb
C:\Users\HishamMo\Desktop\999_cs\Quantum_Inpired_PSO_Classifcation\MRI_dataset\Gamekeepers Thumb\Gamekeepers_Thumb782.jpg,Gamekeepers Thumb
C:\Users\HishamMo\Desktop\999_cs\Quantum_Inpired_PSO_Classifcation\MRI_dataset\Gamekeepers Thumb\Gamekeepers_Thumb783.jpg,Gamekeepers Thumb
C:\Users\HishamMo\Desktop\999_cs\Quantum_Inpired_PSO_Classifcation\MRI_dataset\Gamekeepers Thumb\Gamekeepers_Thumb784.jpg,Gamekeepers Thumb
C:\Users\HishamMo\Desktop\999_cs\Quantum_Inpired_PSO_Classifcation\MRI_dataset\Gamekeepers Thumb\Gamekeepers_Thumb785.jpg,Gamekeepers Thumb
C:\Users\HishamMo\Desktop\999_cs\Quantum_Inpired_PSO_Classifcation\MRI_dataset\Gamekeepers Thumb\Gamekeepers_Thumb786.jpg,Gamekeepers Thumb
C:\Users\HishamMo\Desktop\999_cs\Quantum_Inpired_PSO_Classifcation\MRI_dataset\Gamekeepers Thumb\Gamekeepers_Thumb787.jpg,Gamekeepers Thumb
C:\Users\HishamMo\Desktop\999_cs\Quantum_Inpired_PSO_Classifcation\MRI_dataset\Gamekeepers Thumb\Gamekeepers_Thumb788.jpg,Gamekeepers Thumb
C:\Users\HishamMo\Desktop\999_cs\Quantum_Inpired_PSO_Classifcation\MRI_dataset\Gamekeepers Thumb\Gamekeepers_Thumb789.jpg,Gamekeepers Thumb
C:\Users\HishamMo\Desktop\999_cs\Quantum_Inpired_PSO_Classifcation\MRI_dataset\Gamekeepers Thumb\Gamekeepers_Thumb790.jpg,Gamekeepers Thumb
C:\Users\HishamMo\Desktop\999_cs\Quantum_Inpired_PSO_Classifcation\MRI_dataset\Gamekeepers Thumb\Gamekeepers_Thumb791.jpg,Gamekeepers Thumb
C:\Users\HishamMo\Desktop\999_cs\Quantum_Inpired_PSO_Classifcation\MRI_dataset\Gamekeepers Thumb\Gamekeepers_Thumb792.jpg,Gamekeepers Thumb
C:\Users\HishamMo\Desktop\999_cs\Quantum_Inpired_PSO_Classifcation\MRI_dataset\Gamekeepers Thumb\Gamekeepers_Thumb793.jpg,Gamekeepers Thumb
C:\Users\HishamMo\Desktop\999_cs\Quantum_Inpired_PSO_Classifcation\MRI_dataset\Gamekeepers Thumb\Gamekeepers_Thumb794.jpg,Gamekeepers Thumb
C:\Users\HishamMo\Desktop\999_cs\Quantum_Inpired_PSO_Classifcation\MRI_dataset\Gamekeepers Thumb\Gamekeepers_Thumb795.jpg,Gamekeepers Thumb
C:\Users\HishamMo\Desktop\999_cs\Quantum_Inpired_PSO_Classifcation\MRI_dataset\Gamekeepers Thumb\Gamekeepers_Thumb796.jpg,Gamekeepers Thumb
C:\Users\HishamMo\Desktop\999_cs\Quantum_Inpired_PSO_Classifcation\MRI_dataset\Gamekeepers Thumb\Gamekeepers_Thumb797.jpg,Gamekeepers Thumb
C:\Users\HishamMo\Desktop\999_cs\Quantum_Inpired_PSO_Classifcation\MRI_dataset\Gamekeepers Thumb\Gamekeepers_Thumb798.jpg,Gamekeepers Thumb
C:\Users\HishamMo\Desktop\999_cs\Quantum_Inpired_PSO_Classifcation\MRI_dataset\Gamekeepers Thumb\Gamekeepers_Thumb799.jpg,Gamekeepers Thumb
C:\Users\HishamMo\Desktop\999_cs\Quantum_Inpired_PSO_Classifcation\MRI_dataset\Gamekeepers Thumb\Gamekeepers_Thumb800.jpg,Gamekeepers Thumb
C:\Users\HishamMo\Desktop\999_cs\Quantum_Inpired_PSO_Classifcation\MRI_dataset\Gamekeepers Thumb\Gamekeepers_Thumb801.jpg,Gamekeepers Thumb
C:\Users\HishamMo\Desktop\999_cs\Quantum_Inpired_PSO_Classifcation\MRI_dataset\Gamekeepers Thumb\Gamekeepers_Thumb802.jpg,Gamekeepers Thumb
C:\Users\HishamMo\Desktop\999_cs\Quantum_Inpired_PSO_Classifcation\MRI_dataset\Gamekeepers Thumb\Gamekeepers_Thumb803.jpg,Gamekeepers Thumb
C:\Users\HishamMo\Desktop\999_cs\Quantum_Inpired_PSO_Classifcation\MRI_dataset\Gamekeepers Thumb\Gamekeepers_Thumb804.jpg,Gamekeepers Thumb
C:\Users\HishamMo\Desktop\999_cs\Quantum_Inpired_PSO_Classifcation\MRI_dataset\Gamekeepers Thumb\Gamekeepers_Thumb805.jpg,Gamekeepers Thumb
C:\Users\HishamMo\Desktop\999_cs\Quantum_Inpired_PSO_Classifcation\MRI_dataset\Gamekeepers Thumb\Gamekeepers_Thumb806.jpg,Gamekeepers Thumb
C:\Users\HishamMo\Desktop\999_cs\Quantum_Inpired_PSO_Classifcation\MRI_dataset\Gamekeepers Thumb\Gamekeepers_Thumb807.jpg,Gamekeepers Thumb
C:\Users\HishamMo\Desktop\999_cs\Quantum_Inpired_PSO_Classifcation\MRI_dataset\Gamekeepers Thumb\Gamekeepers_Thumb808.jpg,Gamekeepers Thumb
C:\Users\HishamMo\Desktop\999_cs\Quantum_Inpired_PSO_Classifcation\MRI_dataset\Gamekeepers Thumb\Gamekeepers_Thumb809.jpg,Gamekeepers Thumb
C:\Users\HishamMo\Desktop\999_cs\Quantum_Inpired_PSO_Classifcation\MRI_dataset\Gamekeepers Thumb\Gamekeepers_Thumb810.jpg,Gamekeepers Thumb
C:\Users\HishamMo\Desktop\999_cs\Quantum_Inpired_PSO_Classifcation\MRI_dataset\Gamekeepers Thumb\Gamekeepers_Thumb811.jpg,Gamekeepers Thumb
C:\Users\HishamMo\Desktop\999_cs\Quantum_Inpired_PSO_Classifcation\MRI_dataset\Gamekeepers Thumb\Gamekeepers_Thumb812.jpg,Gamekeepers Thumb
C:\Users\HishamMo\Desktop\999_cs\Quantum_Inpired_PSO_Classifcation\MRI_dataset\Gamekeepers Thumb\Gamekeepers_Thumb813.jpg,Gamekeepers Thumb
C:\Users\HishamMo\Desktop\999_cs\Quantum_Inpired_PSO_Classifcation\MRI_dataset\Gamekeepers Thumb\Gamekeepers_Thumb814.jpg,Gamekeepers Thumb
C:\Users\HishamMo\Desktop\999_cs\Quantum_Inpired_PSO_Classifcation\MRI_dataset\Gamekeepers Thumb\Gamekeepers_Thumb815.jpg,Gamekeepers Thumb
C:\Users\HishamMo\Desktop\999_cs\Quantum_Inpired_PSO_Classifcation\MRI_dataset\Gamekeepers Thumb\Gamekeepers_Thumb816.jpg,Gamekeepers Thumb
C:\Users\HishamMo\Desktop\999_cs\Quantum_Inpired_PSO_Classifcation\MRI_dataset\Gamekeepers Thumb\Gamekeepers_Thumb817.jpg,Gamekeepers Thumb
C:\Users\HishamMo\Desktop\999_cs\Quantum_Inpired_PSO_Classifcation\MRI_dataset\Gamekeepers Thumb\Gamekeepers_Thumb818.jpg,Gamekeepers Thumb
C:\Users\HishamMo\Desktop\999_cs\Quantum_Inpired_PSO_Classifcation\MRI_dataset\Gamekeepers Thumb\Gamekeepers_Thumb819.jpg,Gamekeepers Thumb
C:\Users\HishamMo\Desktop\999_cs\Quantum_Inpired_PSO_Classifcation\MRI_dataset\Gamekeepers Thumb\Gamekeepers_Thumb820.jpg,Gamekeepers Thumb
C:\Users\HishamMo\Desktop\999_cs\Quantum_Inpired_PSO_Classifcation\MRI_dataset\Gamekeepers Thumb\Gamekeepers_Thumb821.jpg,Gamekeepers Thumb
C:\Users\HishamMo\Desktop\999_cs\Quantum_Inpired_PSO_Classifcation\MRI_dataset\Gamekeepers Thumb\Gamekeepers_Thumb822.jpg,Gamekeepers Thumb
C:\Users\HishamMo\Desktop\999_cs\Quantum_Inpired_PSO_Classifcation\MRI_dataset\Gamekeepers Thumb\Gamekeepers_Thumb823.jpg,Gamekeepers Thumb
C:\Users\HishamMo\Desktop\999_cs\Quantum_Inpired_PSO_Classifcation\MRI_dataset\Gamekeepers Thumb\Gamekeepers_Thumb824.jpg,Gamekeepers Thumb
C:\Users\HishamMo\Desktop\999_cs\Quantum_Inpired_PSO_Classifcation\MRI_dataset\Gamekeepers Thumb\Gamekeepers_Thumb825.jpg,Gamekeepers Thumb
C:\Users\HishamMo\Desktop\999_cs\Quantum_Inpired_PSO_Classifcation\MRI_dataset\Gamekeepers Thumb\Gamekeepers_Thumb826.jpg,Gamekeepers Thumb
C:\Users\HishamMo\Desktop\999_cs\Quantum_Inpired_PSO_Classifcation\MRI_dataset\Gamekeepers Thumb\Gamekeepers_Thumb827.jpg,Gamekeepers Thumb
C:\Users\HishamMo\Desktop\999_cs\Quantum_Inpired_PSO_Classifcation\MRI_dataset\Gamekeepers Thumb\Gamekeepers_Thumb828.jpg,Gamekeepers Thumb
C:\Users\HishamMo\Desktop\999_cs\Quantum_Inpired_PSO_Classifcation\MRI_dataset\Gamekeepers Thumb\Gamekeepers_Thumb829.jpg,Gamekeepers Thumb
C:\Users\HishamMo\Desktop\999_cs\Quantum_Inpired_PSO_Classifcation\MRI_dataset\Gamekeepers Thumb\Gamekeepers_Thumb830.jpg,Gamekeepers Thumb
C:\Users\HishamMo\Desktop\999_cs\Quantum_Inpired_PSO_Classifcation\MRI_dataset\Gamekeepers Thumb\Gamekeepers_Thumb831.jpg,Gamekeepers Thumb
C:\Users\HishamMo\Desktop\999_cs\Quantum_Inpired_PSO_Classifcation\MRI_dataset\Gamekeepers Thumb\Gamekeepers_Thumb832.jpg,Gamekeepers Thumb
C:\Users\HishamMo\Desktop\999_cs\Quantum_Inpired_PSO_Classifcation\MRI_dataset\Gamekeepers Thumb\Gamekeepers_Thumb833.jpg,Gamekeepers Thumb
C:\Users\HishamMo\Desktop\999_cs\Quantum_Inpired_PSO_Classifcation\MRI_dataset\Gamekeepers Thumb\Gamekeepers_Thumb834.jpg,Gamekeepers Thumb
C:\Users\HishamMo\Desktop\999_cs\Quantum_Inpired_PSO_Classifcation\MRI_dataset\Gamekeepers Thumb\Gamekeepers_Thumb835.jpg,Gamekeepers Thumb
C:\Users\HishamMo\Desktop\999_cs\Quantum_Inpired_PSO_Classifcation\MRI_dataset\Gamekeepers Thumb\Gamekeepers_Thumb836.jpg,Gamekeepers Thumb
C:\Users\HishamMo\Desktop\999_cs\Quantum_Inpired_PSO_Classifcation\MRI_dataset\Gamekeepers Thumb\Gamekeepers_Thumb837.jpg,Gamekeepers Thumb
C:\Users\HishamMo\Desktop\999_cs\Quantum_Inpired_PSO_Classifcation\MRI_dataset\Gamekeepers Thumb\Gamekeepers_Thumb838.jpg,Gamekeepers Thumb
C:\Users\HishamMo\Desktop\999_cs\Quantum_Inpired_PSO_Classifcation\MRI_dataset\Gamekeepers Thumb\Gamekeepers_Thumb839.jpg,Gamekeepers Thumb
C:\Users\HishamMo\Desktop\999_cs\Quantum_Inpired_PSO_Classifcation\MRI_dataset\Gamekeepers Thumb\Gamekeepers_Thumb840.jpg,Gamekeepers Thumb
C:\Users\HishamMo\Desktop\999_cs\Quantum_Inpired_PSO_Classifcation\MRI_dataset\Gamekeepers Thumb\Gamekeepers_Thumb841.jpg,Gamekeepers Thumb
C:\Users\HishamMo\Desktop\999_cs\Quantum_Inpired_PSO_Classifcation\MRI_dataset\Gamekeepers Thumb\Gamekeepers_Thumb842.jpg,Gamekeepers Thumb
C:\Users\HishamMo\Desktop\999_cs\Quantum_Inpired_PSO_Classifcation\MRI_dataset\Gamekeepers Thumb\Gamekeepers_Thumb843.jpg,Gamekeepers Thumb
C:\Users\HishamMo\Desktop\999_cs\Quantum_Inpired_PSO_Classifcation\MRI_dataset\Gamekeepers Thumb\Gamekeepers_Thumb844.jpg,Gamekeepers Thumb
C:\Users\HishamMo\Desktop\999_cs\Quantum_Inpired_PSO_Classifcation\MRI_dataset\Gamekeepers Thumb\Gamekeepers_Thumb845.jpg,Gamekeepers Thumb
C:\Users\HishamMo\Desktop\999_cs\Quantum_Inpired_PSO_Classifcation\MRI_dataset\Gamekeepers Thumb\Gamekeepers_Thumb846.jpg,Gamekeepers Thumb
C:\Users\HishamMo\Desktop\999_cs\Quantum_Inpired_PSO_Classifcation\MRI_dataset\Gamekeepers Thumb\Gamekeepers_Thumb847.jpg,Gamekeepers Thumb
C:\Users\HishamMo\Desktop\999_cs\Quantum_Inpired_PSO_Classifcation\MRI_dataset\Gamekeepers Thumb\Gamekeepers_Thumb848.jpg,Gamekeepers Thumb
C:\Users\HishamMo\Desktop\999_cs\Quantum_Inpired_PSO_Classifcation\MRI_dataset\Gamekeepers Thumb\Gamekeepers_Thumb849.jpg,Gamekeepers Thumb
C:\Users\HishamMo\Desktop\999_cs\Quantum_Inpired_PSO_Classifcation\MRI_dataset\Gamekeepers Thumb\Gamekeepers_Thumb850.jpg,Gamekeepers Thumb
C:\Users\HishamMo\Desktop\999_cs\Quantum_Inpired_PSO_Classifcation\MRI_dataset\Gamekeepers Thumb\Gamekeepers_Thumb851.jpg,Gamekeepers Thumb
C:\Users\HishamMo\Desktop\999_cs\Quantum_Inpired_PSO_Classifcation\MRI_dataset\Gamekeepers Thumb\Gamekeepers_Thumb852.jpg,Gamekeepers Thumb
C:\Users\HishamMo\Desktop\999_cs\Quantum_Inpired_PSO_Classifcation\MRI_dataset\Gamekeepers Thumb\Gamekeepers_Thumb853.jpg,Gamekeepers Thumb
C:\Users\HishamMo\Desktop\999_cs\Quantum_Inpired_PSO_Classifcation\MRI_dataset\Gamekeepers Thumb\Gamekeepers_Thumb854.jpg,Gamekeepers Thumb
C:\Users\HishamMo\Desktop\999_cs\Quantum_Inpired_PSO_Classifcation\MRI_dataset\Gamekeepers Thumb\Gamekeepers_Thumb855.jpg,Gamekeepers Thumb
C:\Users\HishamMo\Desktop\999_cs\Quantum_Inpired_PSO_Classifcation\MRI_dataset\Gamekeepers Thumb\Gamekeepers_Thumb856.jpg,Gamekeepers Thumb
C:\Users\HishamMo\Desktop\999_cs\Quantum_Inpired_PSO_Classifcation\MRI_dataset\Gamekeepers Thumb\Gamekeepers_Thumb857.jpg,Gamekeepers Thumb
C:\Users\HishamMo\Desktop\999_cs\Quantum_Inpired_PSO_Classifcation\MRI_dataset\Gamekeepers Thumb\Gamekeepers_Thumb858.jpg,Gamekeepers Thumb
C:\Users\HishamMo\Desktop\999_cs\Quantum_Inpired_PSO_Classifcation\MRI_dataset\Gamekeepers Thumb\Gamekeepers_Thumb859.jpg,Gamekeepers Thumb
C:\Users\HishamMo\Desktop\999_cs\Quantum_Inpired_PSO_Classifcation\MRI_dataset\Gamekeepers Thumb\Gamekeepers_Thumb860.jpg,Gamekeepers Thumb
C:\Users\HishamMo\Desktop\999_cs\Quantum_Inpired_PSO_Classifcation\MRI_dataset\Gamekeepers Thumb\Gamekeepers_Thumb861.jpg,Gamekeepers Thumb
C:\Users\HishamMo\Desktop\999_cs\Quantum_Inpired_PSO_Classifcation\MRI_dataset\Gamekeepers Thumb\Gamekeepers_Thumb862.jpg,Gamekeepers Thumb
C:\Users\HishamMo\Desktop\999_cs\Quantum_Inpired_PSO_Classifcation\MRI_dataset\Gamekeepers Thumb\Gamekeepers_Thumb863.jpg,Gamekeepers Thumb
C:\Users\HishamMo\Desktop\999_cs\Quantum_Inpired_PSO_Classifcation\MRI_dataset\Gamekeepers Thumb\Gamekeepers_Thumb864.jpg,Gamekeepers Thumb
C:\Users\HishamMo\Desktop\999_cs\Quantum_Inpired_PSO_Classifcation\MRI_dataset\Gamekeepers Thumb\Gamekeepers_Thumb865.jpg,Gamekeepers Thumb
C:\Users\HishamMo\Desktop\999_cs\Quantum_Inpired_PSO_Classifcation\MRI_dataset\Gamekeepers Thumb\Gamekeepers_Thumb866.jpg,Gamekeepers Thumb
C:\Users\HishamMo\Desktop\999_cs\Quantum_Inpired_PSO_Classifcation\MRI_dataset\Gamekeepers Thumb\Gamekeepers_Thumb867.jpg,Gamekeepers Thumb
C:\Users\HishamMo\Desktop\999_cs\Quantum_Inpired_PSO_Classifcation\MRI_dataset\Gamekeepers Thumb\Gamekeepers_Thumb868.jpg,Gamekeepers Thumb
C:\Users\HishamMo\Desktop\999_cs\Quantum_Inpired_PSO_Classifcation\MRI_dataset\Gamekeepers Thumb\Gamekeepers_Thumb869.jpg,Gamekeepers Thumb
C:\Users\HishamMo\Desktop\999_cs\Quantum_Inpired_PSO_Classifcation\MRI_dataset\Gamekeepers Thumb\Gamekeepers_Thumb870.jpg,Gamekeepers Thumb
C:\Users\HishamMo\Desktop\999_cs\Quantum_Inpired_PSO_Classifcation\MRI_dataset\Gamekeepers Thumb\Gamekeepers_Thumb871.jpg,Gamekeepers Thumb
C:\Users\HishamMo\Desktop\999_cs\Quantum_Inpired_PSO_Classifcation\MRI_dataset\Gamekeepers Thumb\Gamekeepers_Thumb872.jpg,Gamekeepers Thumb
C:\Users\HishamMo\Desktop\999_cs\Quantum_Inpired_PSO_Classifcation\MRI_dataset\Gamekeepers Thumb\Gamekeepers_Thumb873.jpg,Gamekeepers Thumb
C:\Users\HishamMo\Desktop\999_cs\Quantum_Inpired_PSO_Classifcation\MRI_dataset\Gamekeepers Thumb\Gamekeepers_Thumb874.jpg,Gamekeepers Thumb
C:\Users\HishamMo\Desktop\999_cs\Quantum_Inpired_PSO_Classifcation\MRI_dataset\Gamekeepers Thumb\Gamekeepers_Thumb875.jpg,Gamekeepers Thumb
C:\Users\HishamMo\Desktop\999_cs\Quantum_Inpired_PSO_Classifcation\MRI_dataset\Gamekeepers Thumb\Gamekeepers_Thumb876.jpg,Gamekeepers Thumb
C:\Users\HishamMo\Desktop\999_cs\Quantum_Inpired_PSO_Classifcation\MRI_dataset\Gamekeepers Thumb\Gamekeepers_Thumb877.jpg,Gamekeepers Thumb
C:\Users\HishamMo\Desktop\999_cs\Quantum_Inpired_PSO_Classifcation\MRI_dataset\Gamekeepers Thumb\Gamekeepers_Thumb878.jpg,Gamekeepers Thumb
C:\Users\HishamMo\Desktop\999_cs\Quantum_Inpired_PSO_Classifcation\MRI_dataset\Gamekeepers Thumb\Gamekeepers_Thumb879.jpg,Gamekeepers Thumb
C:\Users\HishamMo\Desktop\999_cs\Quantum_Inpired_PSO_Classifcation\MRI_dataset\Gamekeepers Thumb\Gamekeepers_Thumb880.jpg,Gamekeepers Thumb
C:\Users\HishamMo\Desktop\999_cs\Quantum_Inpired_PSO_Classifcation\MRI_dataset\Gamekeepers Thumb\Gamekeepers_Thumb881.jpg,Gamekeepers Thumb
C:\Users\HishamMo\Desktop\999_cs\Quantum_Inpired_PSO_Classifcation\MRI_dataset\Gamekeepers Thumb\Gamekeepers_Thumb882.jpg,Gamekeepers Thumb
C:\Users\HishamMo\Desktop\999_cs\Quantum_Inpired_PSO_Classifcation\MRI_dataset\Gamekeepers Thumb\Gamekeepers_Thumb883.jpg,Gamekeepers Thumb
C:\Users\HishamMo\Desktop\999_cs\Quantum_Inpired_PSO_Classifcation\MRI_dataset\Gamekeepers Thumb\Gamekeepers_Thumb884.jpg,Gamekeepers Thumb
C:\Users\HishamMo\Desktop\999_cs\Quantum_Inpired_PSO_Classifcation\MRI_dataset\Gamekeepers Thumb\Gamekeepers_Thumb885.jpg,Gamekeepers Thumb
C:\Users\HishamMo\Desktop\999_cs\Quantum_Inpired_PSO_Classifcation\MRI_dataset\Gamekeepers Thumb\Gamekeepers_Thumb886.jpg,Gamekeepers Thumb
C:\Users\HishamMo\Desktop\999_cs\Quantum_Inpired_PSO_Classifcation\MRI_dataset\Gamekeepers Thumb\Gamekeepers_Thumb887.jpg,Gamekeepers Thumb
C:\Users\HishamMo\Desktop\999_cs\Quantum_Inpired_PSO_Classifcation\MRI_dataset\Gamekeepers Thumb\Gamekeepers_Thumb888.jpg,Gamekeepers Thumb
C:\Users\HishamMo\Desktop\999_cs\Quantum_Inpired_PSO_Classifcation\MRI_dataset\Gamekeepers Thumb\Gamekeepers_Thumb889.jpg,Gamekeepers Thumb
C:\Users\HishamMo\Desktop\999_cs\Quantum_Inpired_PSO_Classifcation\MRI_dataset\Gamekeepers Thumb\Gamekeepers_Thumb890.jpg,Gamekeepers Thumb
C:\Users\HishamMo\Desktop\999_cs\Quantum_Inpired_PSO_Classifcation\MRI_dataset\Gamekeepers Thumb\Gamekeepers_Thumb891.jpg,Gamekeepers Thumb
C:\Users\HishamMo\Desktop\999_cs\Quantum_Inpired_PSO_Classifcation\MRI_dataset\Gamekeepers Thumb\Gamekeepers_Thumb892.jpg,Gamekeepers Thumb
C:\Users\HishamMo\Desktop\999_cs\Quantum_Inpired_PSO_Classifcation\MRI_dataset\Gamekeepers Thumb\Gamekeepers_Thumb893.jpg,Gamekeepers Thumb
C:\Users\HishamMo\Desktop\999_cs\Quantum_Inpired_PSO_Classifcation\MRI_dataset\Gamekeepers Thumb\Gamekeepers_Thumb894.jpg,Gamekeepers Thumb
C:\Users\HishamMo\Desktop\999_cs\Quantum_Inpired_PSO_Classifcation\MRI_dataset\Gamekeepers Thumb\Gamekeepers_Thumb895.jpg,Gamekeepers Thumb
C:\Users\HishamMo\Desktop\999_cs\Quantum_Inpired_PSO_Classifcation\MRI_dataset\Gamekeepers Thumb\Gamekeepers_Thumb896.jpg,Gamekeepers Thumb
C:\Users\HishamMo\Desktop\999_cs\Quantum_Inpired_PSO_Classifcation\MRI_dataset\Gamekeepers Thumb\Gamekeepers_Thumb897.jpg,Gamekeepers Thumb
C:\Users\HishamMo\Desktop\999_cs\Quantum_Inpired_PSO_Classifcation\MRI_dataset\Gamekeepers Thumb\Gamekeepers_Thumb898.jpg,Gamekeepers Thumb
C:\Users\HishamMo\Desktop\999_cs\Quantum_Inpired_PSO_Classifcation\MRI_dataset\Gamekeepers Thumb\Gamekeepers_Thumb899.jpg,Gamekeepers Thumb
C:\Users\HishamMo\Desktop\999_cs\Quantum_Inpired_PSO_Classifcation\MRI_dataset\Gamekeepers Thumb\Gamekeepers_Thumb900.jpg,Gamekeepers Thumb
C:\Users\HishamMo\Desktop\999_cs\Quantum_Inpired_PSO_Classifcation\MRI_dataset\Gamekeepers Thumb\Gamekeepers_Thumb901.jpg,Gamekeepers Thumb
C:\Users\HishamMo\Desktop\999_cs\Quantum_Inpired_PSO_Classifcation\MRI_dataset\Gamekeepers Thumb\Gamekeepers_Thumb902.jpg,Gamekeepers Thumb
C:\Users\HishamMo\Desktop\999_cs\Quantum_Inpired_PSO_Classifcation\MRI_dataset\Gamekeepers Thumb\Gamekeepers_Thumb903.jpg,Gamekeepers Thumb
C:\Users\HishamMo\Desktop\999_cs\Quantum_Inpired_PSO_Classifcation\MRI_dataset\Gamekeepers Thumb\Gamekeepers_Thumb904.jpg,Gamekeepers Thumb
C:\Users\HishamMo\Desktop\999_cs\Quantum_Inpired_PSO_Classifcation\MRI_dataset\Gamekeepers Thumb\Gamekeepers_Thumb905.jpg,Gamekeepers Thumb
C:\Users\HishamMo\Desktop\999_cs\Quantum_Inpired_PSO_Classifcation\MRI_dataset\Gamekeepers Thumb\Gamekeepers_Thumb906.jpg,Gamekeepers Thumb
C:\Users\HishamMo\Desktop\999_cs\Quantum_Inpired_PSO_Classifcation\MRI_dataset\Gamekeepers Thumb\Gamekeepers_Thumb907.jpg,Gamekeepers Thumb
C:\Users\HishamMo\Desktop\999_cs\Quantum_Inpired_PSO_Classifcation\MRI_dataset\Gamekeepers Thumb\Gamekeepers_Thumb908.jpg,Gamekeepers Thumb
C:\Users\HishamMo\Desktop\999_cs\Quantum_Inpired_PSO_Classifcation\MRI_dataset\Gamekeepers Thumb\Gamekeepers_Thumb909.jpg,Gamekeepers Thumb
C:\Users\HishamMo\Desktop\999_cs\Quantum_Inpired_PSO_Classifcation\MRI_dataset\Gamekeepers Thumb\Gamekeepers_Thumb910.jpg,Gamekeepers Thumb
C:\Users\HishamMo\Desktop\999_cs\Quantum_Inpired_PSO_Classifcation\MRI_dataset\Gamekeepers Thumb\Gamekeepers_Thumb911.jpg,Gamekeepers Thumb
C:\Users\HishamMo\Desktop\999_cs\Quantum_Inpired_PSO_Classifcation\MRI_dataset\Gamekeepers Thumb\Gamekeepers_Thumb912.jpg,Gamekeepers Thumb
C:\Users\HishamMo\Desktop\999_cs\Quantum_Inpired_PSO_Classifcation\MRI_dataset\Gamekeepers Thumb\Gamekeepers_Thumb913.jpg,Gamekeepers Thumb
C:\Users\HishamMo\Desktop\999_cs\Quantum_Inpired_PSO_Classifcation\MRI_dataset\Gamekeepers Thumb\Gamekeepers_Thumb914.jpg,Gamekeepers Thumb
C:\Users\HishamMo\Desktop\999_cs\Quantum_Inpired_PSO_Classifcation\MRI_dataset\Gamekeepers Thumb\Gamekeepers_Thumb915.jpg,Gamekeepers Thumb
C:\Users\HishamMo\Desktop\999_cs\Quantum_Inpired_PSO_Classifcation\MRI_dataset\Gamekeepers Thumb\Gamekeepers_Thumb916.jpg,Gamekeepers Thumb
C:\Users\HishamMo\Desktop\999_cs\Quantum_Inpired_PSO_Classifcation\MRI_dataset\Gamekeepers Thumb\Gamekeepers_Thumb917.jpg,Gamekeepers Thumb
C:\Users\HishamMo\Desktop\999_cs\Quantum_Inpired_PSO_Classifcation\MRI_dataset\Gamekeepers Thumb\Gamekeepers_Thumb918.jpg,Gamekeepers Thumb
C:\Users\HishamMo\Desktop\999_cs\Quantum_Inpired_PSO_Classifcation\MRI_dataset\Gamekeepers Thumb\Gamekeepers_Thumb919.jpg,Gamekeepers Thumb
C:\Users\HishamMo\Desktop\999_cs\Quantum_Inpired_PSO_Classifcation\MRI_dataset\Gamekeepers Thumb\Gamekeepers_Thumb920.jpg,Gamekeepers Thumb
C:\Users\HishamMo\Desktop\999_cs\Quantum_Inpired_PSO_Classifcation\MRI_dataset\Gamekeepers Thumb\Gamekeepers_Thumb921.jpg,Gamekeepers Thumb
C:\Users\HishamMo\Desktop\999_cs\Quantum_Inpired_PSO_Classifcation\MRI_dataset\Gamekeepers Thumb\Gamekeepers_Thumb922.jpg,Gamekeepers Thumb
C:\Users\HishamMo\Desktop\999_cs\Quantum_Inpired_PSO_Classifcation\MRI_dataset\Gamekeepers Thumb\Gamekeepers_Thumb923.jpg,Gamekeepers Thumb
C:\Users\HishamMo\Desktop\999_cs\Quantum_Inpired_PSO_Classifcation\MRI_dataset\Gamekeepers Thumb\Gamekeepers_Thumb924.jpg,Gamekeepers Thumb
C:\Users\HishamMo\Desktop\999_cs\Quantum_Inpired_PSO_Classifcation\MRI_dataset\Gamekeepers Thumb\Gamekeepers_Thumb925.jpg,Gamekeepers Thumb
C:\Users\HishamMo\Desktop\999_cs\Quantum_Inpired_PSO_Classifcation\MRI_dataset\Gamekeepers Thumb\Gamekeepers_Thumb926.jpg,Gamekeepers Thumb
C:\Users\HishamMo\Desktop\999_cs\Quantum_Inpired_PSO_Classifcation\MRI_dataset\Gamekeepers Thumb\Gamekeepers_Thumb927.jpg,Gamekeepers Thumb
C:\Users\HishamMo\Desktop\999_cs\Quantum_Inpired_PSO_Classifcation\MRI_dataset\Gamekeepers Thumb\Gamekeepers_Thumb928.jpg,Gamekeepers Thumb
C:\Users\HishamMo\Desktop\999_cs\Quantum_Inpired_PSO_Classifcation\MRI_dataset\Gamekeepers Thumb\Gamekeepers_Thumb929.jpg,Gamekeepers Thumb
C:\Users\HishamMo\Desktop\999_cs\Quantum_Inpired_PSO_Classifcation\MRI_dataset\Gamekeepers Thumb\Gamekeepers_Thumb930.jpg,Gamekeepers Thumb
C:\Users\HishamMo\Desktop\999_cs\Quantum_Inpired_PSO_Classifcation\MRI_dataset\Gamekeepers Thumb\Gamekeepers_Thumb931.jpg,Gamekeepers Thumb
C:\Users\HishamMo\Desktop\999_cs\Quantum_Inpired_PSO_Classifcation\MRI_dataset\Gamekeepers Thumb\Gamekeepers_Thumb932.jpg,Gamekeepers Thumb
C:\Users\HishamMo\Desktop\999_cs\Quantum_Inpired_PSO_Classifcation\MRI_dataset\Gamekeepers Thumb\Gamekeepers_Thumb933.jpg,Gamekeepers Thumb
C:\Users\HishamMo\Desktop\999_cs\Quantum_Inpired_PSO_Classifcation\MRI_dataset\Gamekeepers Thumb\Gamekeepers_Thumb934.jpg,Gamekeepers Thumb
C:\Users\HishamMo\Desktop\999_cs\Quantum_Inpired_PSO_Classifcation\MRI_dataset\Gamekeepers Thumb\Gamekeepers_Thumb935.jpg,Gamekeepers Thumb
C:\Users\HishamMo\Desktop\999_cs\Quantum_Inpired_PSO_Classifcation\MRI_dataset\Gamekeepers Thumb\Gamekeepers_Thumb936.jpg,Gamekeepers Thumb
C:\Users\HishamMo\Desktop\999_cs\Quantum_Inpired_PSO_Classifcation\MRI_dataset\Gamekeepers Thumb\Gamekeepers_Thumb937.jpg,Gamekeepers Thumb
C:\Users\HishamMo\Desktop\999_cs\Quantum_Inpired_PSO_Classifcation\MRI_dataset\Gamekeepers Thumb\Gamekeepers_Thumb938.jpg,Gamekeepers Thumb
C:\Users\HishamMo\Desktop\999_cs\Quantum_Inpired_PSO_Classifcation\MRI_dataset\Gamekeepers Thumb\Gamekeepers_Thumb939.jpg,Gamekeepers Thumb
C:\Users\HishamMo\Desktop\999_cs\Quantum_Inpired_PSO_Classifcation\MRI_dataset\Gamekeepers Thumb\Gamekeepers_Thumb940.jpg,Gamekeepers Thumb
C:\Users\HishamMo\Desktop\999_cs\Quantum_Inpired_PSO_Classifcation\MRI_dataset\Gamekeepers Thumb\Gamekeepers_Thumb941.jpg,Gamekeepers Thumb
C:\Users\HishamMo\Desktop\999_cs\Quantum_Inpired_PSO_Classifcation\MRI_dataset\Gamekeepers Thumb\Gamekeepers_Thumb942.jpg,Gamekeepers Thumb
C:\Users\HishamMo\Desktop\999_cs\Quantum_Inpired_PSO_Classifcation\MRI_dataset\Gamekeepers Thumb\Gamekeepers_Thumb943.jpg,Gamekeepers Thumb
C:\Users\HishamMo\Desktop\999_cs\Quantum_Inpired_PSO_Classifcation\MRI_dataset\Gamekeepers Thumb\Gamekeepers_Thumb944.jpg,Gamekeepers Thumb
C:\Users\HishamMo\Desktop\999_cs\Quantum_Inpired_PSO_Classifcation\MRI_dataset\Gamekeepers Thumb\Gamekeepers_Thumb945.jpg,Gamekeepers Thumb
C:\Users\HishamMo\Desktop\999_cs\Quantum_Inpired_PSO_Classifcation\MRI_dataset\Gamekeepers Thumb\Gamekeepers_Thumb946.jpg,Gamekeepers Thumb
C:\Users\HishamMo\Desktop\999_cs\Quantum_Inpired_PSO_Classifcation\MRI_dataset\Gamekeepers Thumb\Gamekeepers_Thumb947.jpg,Gamekeepers Thumb
C:\Users\HishamMo\Desktop\999_cs\Quantum_Inpired_PSO_Classifcation\MRI_dataset\Gamekeepers Thumb\Gamekeepers_Thumb948.jpg,Gamekeepers Thumb
C:\Users\HishamMo\Desktop\999_cs\Quantum_Inpired_PSO_Classifcation\MRI_dataset\Gamekeepers Thumb\Gamekeepers_Thumb949.jpg,Gamekeepers Thumb
C:\Users\HishamMo\Desktop\999_cs\Quantum_Inpired_PSO_Classifcation\MRI_dataset\Gamekeepers Thumb\Gamekeepers_Thumb950.jpg,Gamekeepers Thumb
C:\Users\HishamMo\Desktop\999_cs\Quantum_Inpired_PSO_Classifcation\MRI_dataset\Gamekeepers Thumb\Gamekeepers_Thumb951.jpg,Gamekeepers Thumb
C:\Users\HishamMo\Desktop\999_cs\Quantum_Inpired_PSO_Classifcation\MRI_dataset\Gamekeepers Thumb\Gamekeepers_Thumb952.jpg,Gamekeepers Thumb
C:\Users\HishamMo\Desktop\999_cs\Quantum_Inpired_PSO_Classifcation\MRI_dataset\Gamekeepers Thumb\Gamekeepers_Thumb953.jpg,Gamekeepers Thumb
C:\Users\HishamMo\Desktop\999_cs\Quantum_Inpired_PSO_Classifcation\MRI_dataset\Gamekeepers Thumb\Gamekeepers_Thumb954.jpg,Gamekeepers Thumb
C:\Users\HishamMo\Desktop\999_cs\Quantum_Inpired_PSO_Classifcation\MRI_dataset\Gamekeepers Thumb\Gamekeepers_Thumb955.jpg,Gamekeepers Thumb
C:\Users\HishamMo\Desktop\999_cs\Quantum_Inpired_PSO_Classifcation\MRI_dataset\Gamekeepers Thumb\Gamekeepers_Thumb956.jpg,Gamekeepers Thumb
C:\Users\HishamMo\Desktop\999_cs\Quantum_Inpired_PSO_Classifcation\MRI_dataset\Gamekeepers Thumb\Gamekeepers_Thumb957.jpg,Gamekeepers Thumb
C:\Users\HishamMo\Desktop\999_cs\Quantum_Inpired_PSO_Classifcation\MRI_dataset\Gamekeepers Thumb\Gamekeepers_Thumb958.jpg,Gamekeepers Thumb
C:\Users\HishamMo\Desktop\999_cs\Quantum_Inpired_PSO_Classifcation\MRI_dataset\Gamekeepers Thumb\Gamekeepers_Thumb959.jpg,Gamekeepers Thumb
C:\Users\HishamMo\Desktop\999_cs\Quantum_Inpired_PSO_Classifcation\MRI_dataset\Gamekeepers Thumb\Gamekeepers_Thumb960.jpg,Gamekeepers Thumb
C:\Users\HishamMo\Desktop\999_cs\Quantum_Inpired_PSO_Classifcation\MRI_dataset\Gamekeepers Thumb\Gamekeepers_Thumb961.jpg,Gamekeepers Thumb
C:\Users\HishamMo\Desktop\999_cs\Quantum_Inpired_PSO_Classifcation\MRI_dataset\Gamekeepers Thumb\Gamekeepers_Thumb962.jpg,Gamekeepers Thumb
C:\Users\HishamMo\Desktop\999_cs\Quantum_Inpired_PSO_Classifcation\MRI_dataset\Gamekeepers Thumb\Gamekeepers_Thumb963.jpg,Gamekeepers Thumb
C:\Users\HishamMo\Desktop\999_cs\Quantum_Inpired_PSO_Classifcation\MRI_dataset\Gamekeepers Thumb\Gamekeepers_Thumb964.jpg,Gamekeepers Thumb
C:\Users\HishamMo\Desktop\999_cs\Quantum_Inpired_PSO_Classifcation\MRI_dataset\Gamekeepers Thumb\Gamekeepers_Thumb965.jpg,Gamekeepers Thumb
C:\Users\HishamMo\Desktop\999_cs\Quantum_Inpired_PSO_Classifcation\MRI_dataset\Gamekeepers Thumb\Gamekeepers_Thumb966.jpg,Gamekeepers Thumb
C:\Users\HishamMo\Desktop\999_cs\Quantum_Inpired_PSO_Classifcation\MRI_dataset\Gamekeepers Thumb\Gamekeepers_Thumb967.jpg,Gamekeepers Thumb
C:\Users\HishamMo\Desktop\999_cs\Quantum_Inpired_PSO_Classifcation\MRI_dataset\Gamekeepers Thumb\Gamekeepers_Thumb968.jpg,Gamekeepers Thumb
C:\Users\HishamMo\Desktop\999_cs\Quantum_Inpired_PSO_Classifcation\MRI_dataset\Gamekeepers Thumb\Gamekeepers_Thumb969.jpg,Gamekeepers Thumb
C:\Users\HishamMo\Desktop\999_cs\Quantum_Inpired_PSO_Classifcation\MRI_dataset\Gamekeepers Thumb\Gamekeepers_Thumb970.jpg,Gamekeepers Thumb
C:\Users\HishamMo\Desktop\999_cs\Quantum_Inpired_PSO_Classifcation\MRI_dataset\Gamekeepers Thumb\Gamekeepers_Thumb971.jpg,Gamekeepers Thumb
C:\Users\HishamMo\Desktop\999_cs\Quantum_Inpired_PSO_Classifcation\MRI_dataset\Gamekeepers Thumb\Gamekeepers_Thumb972.jpg,Gamekeepers Thumb
C:\Users\HishamMo\Desktop\999_cs\Quantum_Inpired_PSO_Classifcation\MRI_dataset\Gamekeepers Thumb\Gamekeepers_Thumb973.jpg,Gamekeepers Thumb
C:\Users\HishamMo\Desktop\999_cs\Quantum_Inpired_PSO_Classifcation\MRI_dataset\Gamekeepers Thumb\Gamekeepers_Thumb974.jpg,Gamekeepers Thumb
C:\Users\HishamMo\Desktop\999_cs\Quantum_Inpired_PSO_Classifcation\MRI_dataset\Gamekeepers Thumb\Gamekeepers_Thumb975.jpg,Gamekeepers Thumb
C:\Users\HishamMo\Desktop\999_cs\Quantum_Inpired_PSO_Classifcation\MRI_dataset\Gamekeepers Thumb\Gamekeepers_Thumb976.jpg,Gamekeepers Thumb
