image_path,label
C:\Users\HishamMo\Desktop\999_cs\Quantum_Inpired_PSO_Classifcation\MRI_dataset\Magnetic Resonance (MR) Brain\Magnetic_Resonance_(MR)_Brain001.jpg,Magnetic Resonance (MR) Brain
C:\Users\HishamMo\Desktop\999_cs\Quantum_Inpired_PSO_Classifcation\MRI_dataset\Magnetic Resonance (MR) Brain\Magnetic_Resonance_(MR)_Brain002.jpg,Magnetic Resonance (MR) Brain
C:\Users\HishamMo\Desktop\999_cs\Quantum_Inpired_PSO_Classifcation\MRI_dataset\Magnetic Resonance (MR) Brain\Magnetic_Resonance_(MR)_Brain003.jpg,Magnetic Resonance (MR) Brain
C:\Users\HishamMo\Desktop\999_cs\Quantum_Inpired_PSO_Classifcation\MRI_dataset\Magnetic Resonance (MR) Brain\Magnetic_Resonance_(MR)_Brain004.jpg,Magnetic Resonance (MR) Brain
C:\Users\HishamMo\Desktop\999_cs\Quantum_Inpired_PSO_Classifcation\MRI_dataset\Magnetic Resonance (MR) Brain\Magnetic_Resonance_(MR)_Brain005.jpg,Magnetic Resonance (MR) Brain
C:\Users\HishamMo\Desktop\999_cs\Quantum_Inpired_PSO_Classifcation\MRI_dataset\Magnetic Resonance (MR) Brain\Magnetic_Resonance_(MR)_Brain006.jpg,Magnetic Resonance (MR) Brain
C:\Users\HishamMo\Desktop\999_cs\Quantum_Inpired_PSO_Classifcation\MRI_dataset\Magnetic Resonance (MR) Brain\Magnetic_Resonance_(MR)_Brain007.jpg,Magnetic Resonance (MR) Brain
C:\Users\HishamMo\Desktop\999_cs\Quantum_Inpired_PSO_Classifcation\MRI_dataset\Magnetic Resonance (MR) Brain\Magnetic_Resonance_(MR)_Brain008.jpg,Magnetic Resonance (MR) Brain
C:\Users\HishamMo\Desktop\999_cs\Quantum_Inpired_PSO_Classifcation\MRI_dataset\Magnetic Resonance (MR) Brain\Magnetic_Resonance_(MR)_Brain009.jpg,Magnetic Resonance (MR) Brain
C:\Users\HishamMo\Desktop\999_cs\Quantum_Inpired_PSO_Classifcation\MRI_dataset\Magnetic Resonance (MR) Brain\Magnetic_Resonance_(MR)_Brain010.jpg,Magnetic Resonance (MR) Brain
C:\Users\HishamMo\Desktop\999_cs\Quantum_Inpired_PSO_Classifcation\MRI_dataset\Magnetic Resonance (MR) Brain\Magnetic_Resonance_(MR)_Brain011.jpg,Magnetic Resonance (MR) Brain
C:\Users\HishamMo\Desktop\999_cs\Quantum_Inpired_PSO_Classifcation\MRI_dataset\Magnetic Resonance (MR) Brain\Magnetic_Resonance_(MR)_Brain012.jpg,Magnetic Resonance (MR) Brain
C:\Users\HishamMo\Desktop\999_cs\Quantum_Inpired_PSO_Classifcation\MRI_dataset\Magnetic Resonance (MR) Brain\Magnetic_Resonance_(MR)_Brain013.jpg,Magnetic Resonance (MR) Brain
C:\Users\HishamMo\Desktop\999_cs\Quantum_Inpired_PSO_Classifcation\MRI_dataset\Magnetic Resonance (MR) Brain\Magnetic_Resonance_(MR)_Brain014.jpg,Magnetic Resonance (MR) Brain
C:\Users\HishamMo\Desktop\999_cs\Quantum_Inpired_PSO_Classifcation\MRI_dataset\Magnetic Resonance (MR) Brain\Magnetic_Resonance_(MR)_Brain015.jpg,Magnetic Resonance (MR) Brain
C:\Users\HishamMo\Desktop\999_cs\Quantum_Inpired_PSO_Classifcation\MRI_dataset\Magnetic Resonance (MR) Brain\Magnetic_Resonance_(MR)_Brain016.jpg,Magnetic Resonance (MR) Brain
C:\Users\HishamMo\Desktop\999_cs\Quantum_Inpired_PSO_Classifcation\MRI_dataset\Magnetic Resonance (MR) Brain\Magnetic_Resonance_(MR)_Brain017.jpg,Magnetic Resonance (MR) Brain
C:\Users\HishamMo\Desktop\999_cs\Quantum_Inpired_PSO_Classifcation\MRI_dataset\Magnetic Resonance (MR) Brain\Magnetic_Resonance_(MR)_Brain018.jpg,Magnetic Resonance (MR) Brain
C:\Users\HishamMo\Desktop\999_cs\Quantum_Inpired_PSO_Classifcation\MRI_dataset\Magnetic Resonance (MR) Brain\Magnetic_Resonance_(MR)_Brain019.jpg,Magnetic Resonance (MR) Brain
C:\Users\HishamMo\Desktop\999_cs\Quantum_Inpired_PSO_Classifcation\MRI_dataset\Magnetic Resonance (MR) Brain\Magnetic_Resonance_(MR)_Brain020.jpg,Magnetic Resonance (MR) Brain
C:\Users\HishamMo\Desktop\999_cs\Quantum_Inpired_PSO_Classifcation\MRI_dataset\Magnetic Resonance (MR) Brain\Magnetic_Resonance_(MR)_Brain021.jpg,Magnetic Resonance (MR) Brain
C:\Users\HishamMo\Desktop\999_cs\Quantum_Inpired_PSO_Classifcation\MRI_dataset\Magnetic Resonance (MR) Brain\Magnetic_Resonance_(MR)_Brain022.jpg,Magnetic Resonance (MR) Brain
C:\Users\HishamMo\Desktop\999_cs\Quantum_Inpired_PSO_Classifcation\MRI_dataset\Magnetic Resonance (MR) Brain\Magnetic_Resonance_(MR)_Brain023.jpg,Magnetic Resonance (MR) Brain
C:\Users\HishamMo\Desktop\999_cs\Quantum_Inpired_PSO_Classifcation\MRI_dataset\Magnetic Resonance (MR) Brain\Magnetic_Resonance_(MR)_Brain024.jpg,Magnetic Resonance (MR) Brain
C:\Users\HishamMo\Desktop\999_cs\Quantum_Inpired_PSO_Classifcation\MRI_dataset\Magnetic Resonance (MR) Brain\Magnetic_Resonance_(MR)_Brain025.jpg,Magnetic Resonance (MR) Brain
C:\Users\HishamMo\Desktop\999_cs\Quantum_Inpired_PSO_Classifcation\MRI_dataset\Magnetic Resonance (MR) Brain\Magnetic_Resonance_(MR)_Brain026.jpg,Magnetic Resonance (MR) Brain
C:\Users\HishamMo\Desktop\999_cs\Quantum_Inpired_PSO_Classifcation\MRI_dataset\Magnetic Resonance (MR) Brain\Magnetic_Resonance_(MR)_Brain027.jpg,Magnetic Resonance (MR) Brain
C:\Users\HishamMo\Desktop\999_cs\Quantum_Inpired_PSO_Classifcation\MRI_dataset\Magnetic Resonance (MR) Brain\Magnetic_Resonance_(MR)_Brain028.jpg,Magnetic Resonance (MR) Brain
C:\Users\HishamMo\Desktop\999_cs\Quantum_Inpired_PSO_Classifcation\MRI_dataset\Magnetic Resonance (MR) Brain\Magnetic_Resonance_(MR)_Brain029.jpg,Magnetic Resonance (MR) Brain
C:\Users\HishamMo\Desktop\999_cs\Quantum_Inpired_PSO_Classifcation\MRI_dataset\Magnetic Resonance (MR) Brain\Magnetic_Resonance_(MR)_Brain030.jpg,Magnetic Resonance (MR) Brain
C:\Users\HishamMo\Desktop\999_cs\Quantum_Inpired_PSO_Classifcation\MRI_dataset\Magnetic Resonance (MR) Brain\Magnetic_Resonance_(MR)_Brain031.jpg,Magnetic Resonance (MR) Brain
C:\Users\HishamMo\Desktop\999_cs\Quantum_Inpired_PSO_Classifcation\MRI_dataset\Magnetic Resonance (MR) Brain\Magnetic_Resonance_(MR)_Brain032.jpg,Magnetic Resonance (MR) Brain
C:\Users\HishamMo\Desktop\999_cs\Quantum_Inpired_PSO_Classifcation\MRI_dataset\Magnetic Resonance (MR) Brain\Magnetic_Resonance_(MR)_Brain033.jpg,Magnetic Resonance (MR) Brain
C:\Users\HishamMo\Desktop\999_cs\Quantum_Inpired_PSO_Classifcation\MRI_dataset\Magnetic Resonance (MR) Brain\Magnetic_Resonance_(MR)_Brain034.jpg,Magnetic Resonance (MR) Brain
C:\Users\HishamMo\Desktop\999_cs\Quantum_Inpired_PSO_Classifcation\MRI_dataset\Magnetic Resonance (MR) Brain\Magnetic_Resonance_(MR)_Brain035.jpg,Magnetic Resonance (MR) Brain
C:\Users\HishamMo\Desktop\999_cs\Quantum_Inpired_PSO_Classifcation\MRI_dataset\Magnetic Resonance (MR) Brain\Magnetic_Resonance_(MR)_Brain036.jpg,Magnetic Resonance (MR) Brain
C:\Users\HishamMo\Desktop\999_cs\Quantum_Inpired_PSO_Classifcation\MRI_dataset\Magnetic Resonance (MR) Brain\Magnetic_Resonance_(MR)_Brain037.jpg,Magnetic Resonance (MR) Brain
C:\Users\HishamMo\Desktop\999_cs\Quantum_Inpired_PSO_Classifcation\MRI_dataset\Magnetic Resonance (MR) Brain\Magnetic_Resonance_(MR)_Brain038.jpg,Magnetic Resonance (MR) Brain
C:\Users\HishamMo\Desktop\999_cs\Quantum_Inpired_PSO_Classifcation\MRI_dataset\Magnetic Resonance (MR) Brain\Magnetic_Resonance_(MR)_Brain039.jpg,Magnetic Resonance (MR) Brain
C:\Users\HishamMo\Desktop\999_cs\Quantum_Inpired_PSO_Classifcation\MRI_dataset\Magnetic Resonance (MR) Brain\Magnetic_Resonance_(MR)_Brain040.jpg,Magnetic Resonance (MR) Brain
C:\Users\HishamMo\Desktop\999_cs\Quantum_Inpired_PSO_Classifcation\MRI_dataset\Magnetic Resonance (MR) Brain\Magnetic_Resonance_(MR)_Brain041.jpg,Magnetic Resonance (MR) Brain
C:\Users\HishamMo\Desktop\999_cs\Quantum_Inpired_PSO_Classifcation\MRI_dataset\Magnetic Resonance (MR) Brain\Magnetic_Resonance_(MR)_Brain042.jpg,Magnetic Resonance (MR) Brain
C:\Users\HishamMo\Desktop\999_cs\Quantum_Inpired_PSO_Classifcation\MRI_dataset\Magnetic Resonance (MR) Brain\Magnetic_Resonance_(MR)_Brain043.jpg,Magnetic Resonance (MR) Brain
C:\Users\HishamMo\Desktop\999_cs\Quantum_Inpired_PSO_Classifcation\MRI_dataset\Magnetic Resonance (MR) Brain\Magnetic_Resonance_(MR)_Brain044.jpg,Magnetic Resonance (MR) Brain
C:\Users\HishamMo\Desktop\999_cs\Quantum_Inpired_PSO_Classifcation\MRI_dataset\Magnetic Resonance (MR) Brain\Magnetic_Resonance_(MR)_Brain045.jpg,Magnetic Resonance (MR) Brain
C:\Users\HishamMo\Desktop\999_cs\Quantum_Inpired_PSO_Classifcation\MRI_dataset\Magnetic Resonance (MR) Brain\Magnetic_Resonance_(MR)_Brain046.jpg,Magnetic Resonance (MR) Brain
C:\Users\HishamMo\Desktop\999_cs\Quantum_Inpired_PSO_Classifcation\MRI_dataset\Magnetic Resonance (MR) Brain\Magnetic_Resonance_(MR)_Brain047.jpg,Magnetic Resonance (MR) Brain
C:\Users\HishamMo\Desktop\999_cs\Quantum_Inpired_PSO_Classifcation\MRI_dataset\Magnetic Resonance (MR) Brain\Magnetic_Resonance_(MR)_Brain048.jpg,Magnetic Resonance (MR) Brain
C:\Users\HishamMo\Desktop\999_cs\Quantum_Inpired_PSO_Classifcation\MRI_dataset\Magnetic Resonance (MR) Brain\Magnetic_Resonance_(MR)_Brain049.jpg,Magnetic Resonance (MR) Brain
C:\Users\HishamMo\Desktop\999_cs\Quantum_Inpired_PSO_Classifcation\MRI_dataset\Magnetic Resonance (MR) Brain\Magnetic_Resonance_(MR)_Brain050.jpg,Magnetic Resonance (MR) Brain
C:\Users\HishamMo\Desktop\999_cs\Quantum_Inpired_PSO_Classifcation\MRI_dataset\Magnetic Resonance (MR) Brain\Magnetic_Resonance_(MR)_Brain051.jpg,Magnetic Resonance (MR) Brain
C:\Users\HishamMo\Desktop\999_cs\Quantum_Inpired_PSO_Classifcation\MRI_dataset\Magnetic Resonance (MR) Brain\Magnetic_Resonance_(MR)_Brain052.jpg,Magnetic Resonance (MR) Brain
C:\Users\HishamMo\Desktop\999_cs\Quantum_Inpired_PSO_Classifcation\MRI_dataset\Magnetic Resonance (MR) Brain\Magnetic_Resonance_(MR)_Brain053.jpg,Magnetic Resonance (MR) Brain
C:\Users\HishamMo\Desktop\999_cs\Quantum_Inpired_PSO_Classifcation\MRI_dataset\Magnetic Resonance (MR) Brain\Magnetic_Resonance_(MR)_Brain054.jpg,Magnetic Resonance (MR) Brain
C:\Users\HishamMo\Desktop\999_cs\Quantum_Inpired_PSO_Classifcation\MRI_dataset\Magnetic Resonance (MR) Brain\Magnetic_Resonance_(MR)_Brain055.jpg,Magnetic Resonance (MR) Brain
C:\Users\HishamMo\Desktop\999_cs\Quantum_Inpired_PSO_Classifcation\MRI_dataset\Magnetic Resonance (MR) Brain\Magnetic_Resonance_(MR)_Brain056.jpg,Magnetic Resonance (MR) Brain
C:\Users\HishamMo\Desktop\999_cs\Quantum_Inpired_PSO_Classifcation\MRI_dataset\Magnetic Resonance (MR) Brain\Magnetic_Resonance_(MR)_Brain057.jpg,Magnetic Resonance (MR) Brain
C:\Users\HishamMo\Desktop\999_cs\Quantum_Inpired_PSO_Classifcation\MRI_dataset\Magnetic Resonance (MR) Brain\Magnetic_Resonance_(MR)_Brain058.jpg,Magnetic Resonance (MR) Brain
C:\Users\HishamMo\Desktop\999_cs\Quantum_Inpired_PSO_Classifcation\MRI_dataset\Magnetic Resonance (MR) Brain\Magnetic_Resonance_(MR)_Brain059.jpg,Magnetic Resonance (MR) Brain
C:\Users\HishamMo\Desktop\999_cs\Quantum_Inpired_PSO_Classifcation\MRI_dataset\Magnetic Resonance (MR) Brain\Magnetic_Resonance_(MR)_Brain060.jpg,Magnetic Resonance (MR) Brain
C:\Users\HishamMo\Desktop\999_cs\Quantum_Inpired_PSO_Classifcation\MRI_dataset\Magnetic Resonance (MR) Brain\Magnetic_Resonance_(MR)_Brain061.jpg,Magnetic Resonance (MR) Brain
C:\Users\HishamMo\Desktop\999_cs\Quantum_Inpired_PSO_Classifcation\MRI_dataset\Magnetic Resonance (MR) Brain\Magnetic_Resonance_(MR)_Brain062.jpg,Magnetic Resonance (MR) Brain
C:\Users\HishamMo\Desktop\999_cs\Quantum_Inpired_PSO_Classifcation\MRI_dataset\Magnetic Resonance (MR) Brain\Magnetic_Resonance_(MR)_Brain063.jpg,Magnetic Resonance (MR) Brain
C:\Users\HishamMo\Desktop\999_cs\Quantum_Inpired_PSO_Classifcation\MRI_dataset\Magnetic Resonance (MR) Brain\Magnetic_Resonance_(MR)_Brain064.jpg,Magnetic Resonance (MR) Brain
C:\Users\HishamMo\Desktop\999_cs\Quantum_Inpired_PSO_Classifcation\MRI_dataset\Magnetic Resonance (MR) Brain\Magnetic_Resonance_(MR)_Brain065.jpg,Magnetic Resonance (MR) Brain
C:\Users\HishamMo\Desktop\999_cs\Quantum_Inpired_PSO_Classifcation\MRI_dataset\Magnetic Resonance (MR) Brain\Magnetic_Resonance_(MR)_Brain066.jpg,Magnetic Resonance (MR) Brain
C:\Users\HishamMo\Desktop\999_cs\Quantum_Inpired_PSO_Classifcation\MRI_dataset\Magnetic Resonance (MR) Brain\Magnetic_Resonance_(MR)_Brain067.jpg,Magnetic Resonance (MR) Brain
C:\Users\HishamMo\Desktop\999_cs\Quantum_Inpired_PSO_Classifcation\MRI_dataset\Magnetic Resonance (MR) Brain\Magnetic_Resonance_(MR)_Brain068.jpg,Magnetic Resonance (MR) Brain
C:\Users\HishamMo\Desktop\999_cs\Quantum_Inpired_PSO_Classifcation\MRI_dataset\Magnetic Resonance (MR) Brain\Magnetic_Resonance_(MR)_Brain069.jpg,Magnetic Resonance (MR) Brain
C:\Users\HishamMo\Desktop\999_cs\Quantum_Inpired_PSO_Classifcation\MRI_dataset\Magnetic Resonance (MR) Brain\Magnetic_Resonance_(MR)_Brain070.jpg,Magnetic Resonance (MR) Brain
C:\Users\HishamMo\Desktop\999_cs\Quantum_Inpired_PSO_Classifcation\MRI_dataset\Magnetic Resonance (MR) Brain\Magnetic_Resonance_(MR)_Brain071.jpg,Magnetic Resonance (MR) Brain
C:\Users\HishamMo\Desktop\999_cs\Quantum_Inpired_PSO_Classifcation\MRI_dataset\Magnetic Resonance (MR) Brain\Magnetic_Resonance_(MR)_Brain072.jpg,Magnetic Resonance (MR) Brain
C:\Users\HishamMo\Desktop\999_cs\Quantum_Inpired_PSO_Classifcation\MRI_dataset\Magnetic Resonance (MR) Brain\Magnetic_Resonance_(MR)_Brain073.jpg,Magnetic Resonance (MR) Brain
C:\Users\HishamMo\Desktop\999_cs\Quantum_Inpired_PSO_Classifcation\MRI_dataset\Magnetic Resonance (MR) Brain\Magnetic_Resonance_(MR)_Brain074.jpg,Magnetic Resonance (MR) Brain
C:\Users\HishamMo\Desktop\999_cs\Quantum_Inpired_PSO_Classifcation\MRI_dataset\Magnetic Resonance (MR) Brain\Magnetic_Resonance_(MR)_Brain075.jpg,Magnetic Resonance (MR) Brain
C:\Users\HishamMo\Desktop\999_cs\Quantum_Inpired_PSO_Classifcation\MRI_dataset\Magnetic Resonance (MR) Brain\Magnetic_Resonance_(MR)_Brain076.jpg,Magnetic Resonance (MR) Brain
C:\Users\HishamMo\Desktop\999_cs\Quantum_Inpired_PSO_Classifcation\MRI_dataset\Magnetic Resonance (MR) Brain\Magnetic_Resonance_(MR)_Brain077.jpg,Magnetic Resonance (MR) Brain
C:\Users\HishamMo\Desktop\999_cs\Quantum_Inpired_PSO_Classifcation\MRI_dataset\Magnetic Resonance (MR) Brain\Magnetic_Resonance_(MR)_Brain078.jpg,Magnetic Resonance (MR) Brain
C:\Users\HishamMo\Desktop\999_cs\Quantum_Inpired_PSO_Classifcation\MRI_dataset\Magnetic Resonance (MR) Brain\Magnetic_Resonance_(MR)_Brain079.jpg,Magnetic Resonance (MR) Brain
C:\Users\HishamMo\Desktop\999_cs\Quantum_Inpired_PSO_Classifcation\MRI_dataset\Magnetic Resonance (MR) Brain\Magnetic_Resonance_(MR)_Brain080.jpg,Magnetic Resonance (MR) Brain
C:\Users\HishamMo\Desktop\999_cs\Quantum_Inpired_PSO_Classifcation\MRI_dataset\Magnetic Resonance (MR) Brain\Magnetic_Resonance_(MR)_Brain081.jpg,Magnetic Resonance (MR) Brain
C:\Users\HishamMo\Desktop\999_cs\Quantum_Inpired_PSO_Classifcation\MRI_dataset\Magnetic Resonance (MR) Brain\Magnetic_Resonance_(MR)_Brain082.jpg,Magnetic Resonance (MR) Brain
C:\Users\HishamMo\Desktop\999_cs\Quantum_Inpired_PSO_Classifcation\MRI_dataset\Magnetic Resonance (MR) Brain\Magnetic_Resonance_(MR)_Brain083.jpg,Magnetic Resonance (MR) Brain
C:\Users\HishamMo\Desktop\999_cs\Quantum_Inpired_PSO_Classifcation\MRI_dataset\Magnetic Resonance (MR) Brain\Magnetic_Resonance_(MR)_Brain084.jpg,Magnetic Resonance (MR) Brain
C:\Users\HishamMo\Desktop\999_cs\Quantum_Inpired_PSO_Classifcation\MRI_dataset\Magnetic Resonance (MR) Brain\Magnetic_Resonance_(MR)_Brain085.jpg,Magnetic Resonance (MR) Brain
C:\Users\HishamMo\Desktop\999_cs\Quantum_Inpired_PSO_Classifcation\MRI_dataset\Magnetic Resonance (MR) Brain\Magnetic_Resonance_(MR)_Brain086.jpg,Magnetic Resonance (MR) Brain
C:\Users\HishamMo\Desktop\999_cs\Quantum_Inpired_PSO_Classifcation\MRI_dataset\Magnetic Resonance (MR) Brain\Magnetic_Resonance_(MR)_Brain087.jpg,Magnetic Resonance (MR) Brain
C:\Users\HishamMo\Desktop\999_cs\Quantum_Inpired_PSO_Classifcation\MRI_dataset\Magnetic Resonance (MR) Brain\Magnetic_Resonance_(MR)_Brain088.jpg,Magnetic Resonance (MR) Brain
C:\Users\HishamMo\Desktop\999_cs\Quantum_Inpired_PSO_Classifcation\MRI_dataset\Magnetic Resonance (MR) Brain\Magnetic_Resonance_(MR)_Brain089.jpg,Magnetic Resonance (MR) Brain
C:\Users\HishamMo\Desktop\999_cs\Quantum_Inpired_PSO_Classifcation\MRI_dataset\Magnetic Resonance (MR) Brain\Magnetic_Resonance_(MR)_Brain090.jpg,Magnetic Resonance (MR) Brain
C:\Users\HishamMo\Desktop\999_cs\Quantum_Inpired_PSO_Classifcation\MRI_dataset\Magnetic Resonance (MR) Brain\Magnetic_Resonance_(MR)_Brain091.jpg,Magnetic Resonance (MR) Brain
C:\Users\HishamMo\Desktop\999_cs\Quantum_Inpired_PSO_Classifcation\MRI_dataset\Magnetic Resonance (MR) Brain\Magnetic_Resonance_(MR)_Brain092.jpg,Magnetic Resonance (MR) Brain
C:\Users\HishamMo\Desktop\999_cs\Quantum_Inpired_PSO_Classifcation\MRI_dataset\Magnetic Resonance (MR) Brain\Magnetic_Resonance_(MR)_Brain093.jpg,Magnetic Resonance (MR) Brain
C:\Users\HishamMo\Desktop\999_cs\Quantum_Inpired_PSO_Classifcation\MRI_dataset\Magnetic Resonance (MR) Brain\Magnetic_Resonance_(MR)_Brain094.jpg,Magnetic Resonance (MR) Brain
C:\Users\HishamMo\Desktop\999_cs\Quantum_Inpired_PSO_Classifcation\MRI_dataset\Magnetic Resonance (MR) Brain\Magnetic_Resonance_(MR)_Brain095.jpg,Magnetic Resonance (MR) Brain
C:\Users\HishamMo\Desktop\999_cs\Quantum_Inpired_PSO_Classifcation\MRI_dataset\Magnetic Resonance (MR) Brain\Magnetic_Resonance_(MR)_Brain096.jpg,Magnetic Resonance (MR) Brain
C:\Users\HishamMo\Desktop\999_cs\Quantum_Inpired_PSO_Classifcation\MRI_dataset\Magnetic Resonance (MR) Brain\Magnetic_Resonance_(MR)_Brain097.jpg,Magnetic Resonance (MR) Brain
C:\Users\HishamMo\Desktop\999_cs\Quantum_Inpired_PSO_Classifcation\MRI_dataset\Magnetic Resonance (MR) Brain\Magnetic_Resonance_(MR)_Brain098.jpg,Magnetic Resonance (MR) Brain
C:\Users\HishamMo\Desktop\999_cs\Quantum_Inpired_PSO_Classifcation\MRI_dataset\Magnetic Resonance (MR) Brain\Magnetic_Resonance_(MR)_Brain099.jpg,Magnetic Resonance (MR) Brain
C:\Users\HishamMo\Desktop\999_cs\Quantum_Inpired_PSO_Classifcation\MRI_dataset\Magnetic Resonance (MR) Brain\Magnetic_Resonance_(MR)_Brain100.jpg,Magnetic Resonance (MR) Brain
C:\Users\HishamMo\Desktop\999_cs\Quantum_Inpired_PSO_Classifcation\MRI_dataset\Magnetic Resonance (MR) Brain\Magnetic_Resonance_(MR)_Brain1000.jpg,Magnetic Resonance (MR) Brain
C:\Users\HishamMo\Desktop\999_cs\Quantum_Inpired_PSO_Classifcation\MRI_dataset\Magnetic Resonance (MR) Brain\Magnetic_Resonance_(MR)_Brain1001.jpg,Magnetic Resonance (MR) Brain
C:\Users\HishamMo\Desktop\999_cs\Quantum_Inpired_PSO_Classifcation\MRI_dataset\Magnetic Resonance (MR) Brain\Magnetic_Resonance_(MR)_Brain1002.jpg,Magnetic Resonance (MR) Brain
C:\Users\HishamMo\Desktop\999_cs\Quantum_Inpired_PSO_Classifcation\MRI_dataset\Magnetic Resonance (MR) Brain\Magnetic_Resonance_(MR)_Brain1003.jpg,Magnetic Resonance (MR) Brain
C:\Users\HishamMo\Desktop\999_cs\Quantum_Inpired_PSO_Classifcation\MRI_dataset\Magnetic Resonance (MR) Brain\Magnetic_Resonance_(MR)_Brain1004.jpg,Magnetic Resonance (MR) Brain
C:\Users\HishamMo\Desktop\999_cs\Quantum_Inpired_PSO_Classifcation\MRI_dataset\Magnetic Resonance (MR) Brain\Magnetic_Resonance_(MR)_Brain1005.jpg,Magnetic Resonance (MR) Brain
C:\Users\HishamMo\Desktop\999_cs\Quantum_Inpired_PSO_Classifcation\MRI_dataset\Magnetic Resonance (MR) Brain\Magnetic_Resonance_(MR)_Brain1006.jpg,Magnetic Resonance (MR) Brain
C:\Users\HishamMo\Desktop\999_cs\Quantum_Inpired_PSO_Classifcation\MRI_dataset\Magnetic Resonance (MR) Brain\Magnetic_Resonance_(MR)_Brain1007.jpg,Magnetic Resonance (MR) Brain
C:\Users\HishamMo\Desktop\999_cs\Quantum_Inpired_PSO_Classifcation\MRI_dataset\Magnetic Resonance (MR) Brain\Magnetic_Resonance_(MR)_Brain1008.jpg,Magnetic Resonance (MR) Brain
C:\Users\HishamMo\Desktop\999_cs\Quantum_Inpired_PSO_Classifcation\MRI_dataset\Magnetic Resonance (MR) Brain\Magnetic_Resonance_(MR)_Brain1009.jpg,Magnetic Resonance (MR) Brain
C:\Users\HishamMo\Desktop\999_cs\Quantum_Inpired_PSO_Classifcation\MRI_dataset\Magnetic Resonance (MR) Brain\Magnetic_Resonance_(MR)_Brain101.jpg,Magnetic Resonance (MR) Brain
C:\Users\HishamMo\Desktop\999_cs\Quantum_Inpired_PSO_Classifcation\MRI_dataset\Magnetic Resonance (MR) Brain\Magnetic_Resonance_(MR)_Brain1010.jpg,Magnetic Resonance (MR) Brain
C:\Users\HishamMo\Desktop\999_cs\Quantum_Inpired_PSO_Classifcation\MRI_dataset\Magnetic Resonance (MR) Brain\Magnetic_Resonance_(MR)_Brain1011.jpg,Magnetic Resonance (MR) Brain
C:\Users\HishamMo\Desktop\999_cs\Quantum_Inpired_PSO_Classifcation\MRI_dataset\Magnetic Resonance (MR) Brain\Magnetic_Resonance_(MR)_Brain1012.jpg,Magnetic Resonance (MR) Brain
C:\Users\HishamMo\Desktop\999_cs\Quantum_Inpired_PSO_Classifcation\MRI_dataset\Magnetic Resonance (MR) Brain\Magnetic_Resonance_(MR)_Brain1013.jpg,Magnetic Resonance (MR) Brain
C:\Users\HishamMo\Desktop\999_cs\Quantum_Inpired_PSO_Classifcation\MRI_dataset\Magnetic Resonance (MR) Brain\Magnetic_Resonance_(MR)_Brain1014.jpg,Magnetic Resonance (MR) Brain
C:\Users\HishamMo\Desktop\999_cs\Quantum_Inpired_PSO_Classifcation\MRI_dataset\Magnetic Resonance (MR) Brain\Magnetic_Resonance_(MR)_Brain1015.jpg,Magnetic Resonance (MR) Brain
C:\Users\HishamMo\Desktop\999_cs\Quantum_Inpired_PSO_Classifcation\MRI_dataset\Magnetic Resonance (MR) Brain\Magnetic_Resonance_(MR)_Brain1016.jpg,Magnetic Resonance (MR) Brain
C:\Users\HishamMo\Desktop\999_cs\Quantum_Inpired_PSO_Classifcation\MRI_dataset\Magnetic Resonance (MR) Brain\Magnetic_Resonance_(MR)_Brain1017.jpg,Magnetic Resonance (MR) Brain
C:\Users\HishamMo\Desktop\999_cs\Quantum_Inpired_PSO_Classifcation\MRI_dataset\Magnetic Resonance (MR) Brain\Magnetic_Resonance_(MR)_Brain1018.jpg,Magnetic Resonance (MR) Brain
C:\Users\HishamMo\Desktop\999_cs\Quantum_Inpired_PSO_Classifcation\MRI_dataset\Magnetic Resonance (MR) Brain\Magnetic_Resonance_(MR)_Brain1019.jpg,Magnetic Resonance (MR) Brain
C:\Users\HishamMo\Desktop\999_cs\Quantum_Inpired_PSO_Classifcation\MRI_dataset\Magnetic Resonance (MR) Brain\Magnetic_Resonance_(MR)_Brain102.jpg,Magnetic Resonance (MR) Brain
C:\Users\HishamMo\Desktop\999_cs\Quantum_Inpired_PSO_Classifcation\MRI_dataset\Magnetic Resonance (MR) Brain\Magnetic_Resonance_(MR)_Brain1020.jpg,Magnetic Resonance (MR) Brain
C:\Users\HishamMo\Desktop\999_cs\Quantum_Inpired_PSO_Classifcation\MRI_dataset\Magnetic Resonance (MR) Brain\Magnetic_Resonance_(MR)_Brain1021.jpg,Magnetic Resonance (MR) Brain
C:\Users\HishamMo\Desktop\999_cs\Quantum_Inpired_PSO_Classifcation\MRI_dataset\Magnetic Resonance (MR) Brain\Magnetic_Resonance_(MR)_Brain1022.jpg,Magnetic Resonance (MR) Brain
C:\Users\HishamMo\Desktop\999_cs\Quantum_Inpired_PSO_Classifcation\MRI_dataset\Magnetic Resonance (MR) Brain\Magnetic_Resonance_(MR)_Brain1023.jpg,Magnetic Resonance (MR) Brain
C:\Users\HishamMo\Desktop\999_cs\Quantum_Inpired_PSO_Classifcation\MRI_dataset\Magnetic Resonance (MR) Brain\Magnetic_Resonance_(MR)_Brain1024.jpg,Magnetic Resonance (MR) Brain
C:\Users\HishamMo\Desktop\999_cs\Quantum_Inpired_PSO_Classifcation\MRI_dataset\Magnetic Resonance (MR) Brain\Magnetic_Resonance_(MR)_Brain1025.jpg,Magnetic Resonance (MR) Brain
C:\Users\HishamMo\Desktop\999_cs\Quantum_Inpired_PSO_Classifcation\MRI_dataset\Magnetic Resonance (MR) Brain\Magnetic_Resonance_(MR)_Brain1026.jpg,Magnetic Resonance (MR) Brain
C:\Users\HishamMo\Desktop\999_cs\Quantum_Inpired_PSO_Classifcation\MRI_dataset\Magnetic Resonance (MR) Brain\Magnetic_Resonance_(MR)_Brain1027.jpg,Magnetic Resonance (MR) Brain
C:\Users\HishamMo\Desktop\999_cs\Quantum_Inpired_PSO_Classifcation\MRI_dataset\Magnetic Resonance (MR) Brain\Magnetic_Resonance_(MR)_Brain1028.jpg,Magnetic Resonance (MR) Brain
C:\Users\HishamMo\Desktop\999_cs\Quantum_Inpired_PSO_Classifcation\MRI_dataset\Magnetic Resonance (MR) Brain\Magnetic_Resonance_(MR)_Brain1029.jpg,Magnetic Resonance (MR) Brain
C:\Users\HishamMo\Desktop\999_cs\Quantum_Inpired_PSO_Classifcation\MRI_dataset\Magnetic Resonance (MR) Brain\Magnetic_Resonance_(MR)_Brain103.jpg,Magnetic Resonance (MR) Brain
C:\Users\HishamMo\Desktop\999_cs\Quantum_Inpired_PSO_Classifcation\MRI_dataset\Magnetic Resonance (MR) Brain\Magnetic_Resonance_(MR)_Brain1030.jpg,Magnetic Resonance (MR) Brain
C:\Users\HishamMo\Desktop\999_cs\Quantum_Inpired_PSO_Classifcation\MRI_dataset\Magnetic Resonance (MR) Brain\Magnetic_Resonance_(MR)_Brain1031.jpg,Magnetic Resonance (MR) Brain
C:\Users\HishamMo\Desktop\999_cs\Quantum_Inpired_PSO_Classifcation\MRI_dataset\Magnetic Resonance (MR) Brain\Magnetic_Resonance_(MR)_Brain1032.jpg,Magnetic Resonance (MR) Brain
C:\Users\HishamMo\Desktop\999_cs\Quantum_Inpired_PSO_Classifcation\MRI_dataset\Magnetic Resonance (MR) Brain\Magnetic_Resonance_(MR)_Brain1033.jpg,Magnetic Resonance (MR) Brain
C:\Users\HishamMo\Desktop\999_cs\Quantum_Inpired_PSO_Classifcation\MRI_dataset\Magnetic Resonance (MR) Brain\Magnetic_Resonance_(MR)_Brain1034.jpg,Magnetic Resonance (MR) Brain
C:\Users\HishamMo\Desktop\999_cs\Quantum_Inpired_PSO_Classifcation\MRI_dataset\Magnetic Resonance (MR) Brain\Magnetic_Resonance_(MR)_Brain1035.jpg,Magnetic Resonance (MR) Brain
C:\Users\HishamMo\Desktop\999_cs\Quantum_Inpired_PSO_Classifcation\MRI_dataset\Magnetic Resonance (MR) Brain\Magnetic_Resonance_(MR)_Brain1036.jpg,Magnetic Resonance (MR) Brain
C:\Users\HishamMo\Desktop\999_cs\Quantum_Inpired_PSO_Classifcation\MRI_dataset\Magnetic Resonance (MR) Brain\Magnetic_Resonance_(MR)_Brain1037.jpg,Magnetic Resonance (MR) Brain
C:\Users\HishamMo\Desktop\999_cs\Quantum_Inpired_PSO_Classifcation\MRI_dataset\Magnetic Resonance (MR) Brain\Magnetic_Resonance_(MR)_Brain1038.jpg,Magnetic Resonance (MR) Brain
C:\Users\HishamMo\Desktop\999_cs\Quantum_Inpired_PSO_Classifcation\MRI_dataset\Magnetic Resonance (MR) Brain\Magnetic_Resonance_(MR)_Brain1039.jpg,Magnetic Resonance (MR) Brain
C:\Users\HishamMo\Desktop\999_cs\Quantum_Inpired_PSO_Classifcation\MRI_dataset\Magnetic Resonance (MR) Brain\Magnetic_Resonance_(MR)_Brain104.jpg,Magnetic Resonance (MR) Brain
C:\Users\HishamMo\Desktop\999_cs\Quantum_Inpired_PSO_Classifcation\MRI_dataset\Magnetic Resonance (MR) Brain\Magnetic_Resonance_(MR)_Brain1040.jpg,Magnetic Resonance (MR) Brain
C:\Users\HishamMo\Desktop\999_cs\Quantum_Inpired_PSO_Classifcation\MRI_dataset\Magnetic Resonance (MR) Brain\Magnetic_Resonance_(MR)_Brain1041.jpg,Magnetic Resonance (MR) Brain
C:\Users\HishamMo\Desktop\999_cs\Quantum_Inpired_PSO_Classifcation\MRI_dataset\Magnetic Resonance (MR) Brain\Magnetic_Resonance_(MR)_Brain1042.jpg,Magnetic Resonance (MR) Brain
C:\Users\HishamMo\Desktop\999_cs\Quantum_Inpired_PSO_Classifcation\MRI_dataset\Magnetic Resonance (MR) Brain\Magnetic_Resonance_(MR)_Brain1043.jpg,Magnetic Resonance (MR) Brain
C:\Users\HishamMo\Desktop\999_cs\Quantum_Inpired_PSO_Classifcation\MRI_dataset\Magnetic Resonance (MR) Brain\Magnetic_Resonance_(MR)_Brain1044.jpg,Magnetic Resonance (MR) Brain
C:\Users\HishamMo\Desktop\999_cs\Quantum_Inpired_PSO_Classifcation\MRI_dataset\Magnetic Resonance (MR) Brain\Magnetic_Resonance_(MR)_Brain1045.jpg,Magnetic Resonance (MR) Brain
C:\Users\HishamMo\Desktop\999_cs\Quantum_Inpired_PSO_Classifcation\MRI_dataset\Magnetic Resonance (MR) Brain\Magnetic_Resonance_(MR)_Brain1046.jpg,Magnetic Resonance (MR) Brain
C:\Users\HishamMo\Desktop\999_cs\Quantum_Inpired_PSO_Classifcation\MRI_dataset\Magnetic Resonance (MR) Brain\Magnetic_Resonance_(MR)_Brain1047.jpg,Magnetic Resonance (MR) Brain
C:\Users\HishamMo\Desktop\999_cs\Quantum_Inpired_PSO_Classifcation\MRI_dataset\Magnetic Resonance (MR) Brain\Magnetic_Resonance_(MR)_Brain1048.jpg,Magnetic Resonance (MR) Brain
C:\Users\HishamMo\Desktop\999_cs\Quantum_Inpired_PSO_Classifcation\MRI_dataset\Magnetic Resonance (MR) Brain\Magnetic_Resonance_(MR)_Brain105.jpg,Magnetic Resonance (MR) Brain
C:\Users\HishamMo\Desktop\999_cs\Quantum_Inpired_PSO_Classifcation\MRI_dataset\Magnetic Resonance (MR) Brain\Magnetic_Resonance_(MR)_Brain106.jpg,Magnetic Resonance (MR) Brain
C:\Users\HishamMo\Desktop\999_cs\Quantum_Inpired_PSO_Classifcation\MRI_dataset\Magnetic Resonance (MR) Brain\Magnetic_Resonance_(MR)_Brain107.jpg,Magnetic Resonance (MR) Brain
C:\Users\HishamMo\Desktop\999_cs\Quantum_Inpired_PSO_Classifcation\MRI_dataset\Magnetic Resonance (MR) Brain\Magnetic_Resonance_(MR)_Brain108.jpg,Magnetic Resonance (MR) Brain
C:\Users\HishamMo\Desktop\999_cs\Quantum_Inpired_PSO_Classifcation\MRI_dataset\Magnetic Resonance (MR) Brain\Magnetic_Resonance_(MR)_Brain109.jpg,Magnetic Resonance (MR) Brain
C:\Users\HishamMo\Desktop\999_cs\Quantum_Inpired_PSO_Classifcation\MRI_dataset\Magnetic Resonance (MR) Brain\Magnetic_Resonance_(MR)_Brain110.jpg,Magnetic Resonance (MR) Brain
C:\Users\HishamMo\Desktop\999_cs\Quantum_Inpired_PSO_Classifcation\MRI_dataset\Magnetic Resonance (MR) Brain\Magnetic_Resonance_(MR)_Brain111.jpg,Magnetic Resonance (MR) Brain
C:\Users\HishamMo\Desktop\999_cs\Quantum_Inpired_PSO_Classifcation\MRI_dataset\Magnetic Resonance (MR) Brain\Magnetic_Resonance_(MR)_Brain112.jpg,Magnetic Resonance (MR) Brain
C:\Users\HishamMo\Desktop\999_cs\Quantum_Inpired_PSO_Classifcation\MRI_dataset\Magnetic Resonance (MR) Brain\Magnetic_Resonance_(MR)_Brain113.jpg,Magnetic Resonance (MR) Brain
C:\Users\HishamMo\Desktop\999_cs\Quantum_Inpired_PSO_Classifcation\MRI_dataset\Magnetic Resonance (MR) Brain\Magnetic_Resonance_(MR)_Brain114.jpg,Magnetic Resonance (MR) Brain
C:\Users\HishamMo\Desktop\999_cs\Quantum_Inpired_PSO_Classifcation\MRI_dataset\Magnetic Resonance (MR) Brain\Magnetic_Resonance_(MR)_Brain115.jpg,Magnetic Resonance (MR) Brain
C:\Users\HishamMo\Desktop\999_cs\Quantum_Inpired_PSO_Classifcation\MRI_dataset\Magnetic Resonance (MR) Brain\Magnetic_Resonance_(MR)_Brain116.jpg,Magnetic Resonance (MR) Brain
C:\Users\HishamMo\Desktop\999_cs\Quantum_Inpired_PSO_Classifcation\MRI_dataset\Magnetic Resonance (MR) Brain\Magnetic_Resonance_(MR)_Brain117.jpg,Magnetic Resonance (MR) Brain
C:\Users\HishamMo\Desktop\999_cs\Quantum_Inpired_PSO_Classifcation\MRI_dataset\Magnetic Resonance (MR) Brain\Magnetic_Resonance_(MR)_Brain118.jpg,Magnetic Resonance (MR) Brain
C:\Users\HishamMo\Desktop\999_cs\Quantum_Inpired_PSO_Classifcation\MRI_dataset\Magnetic Resonance (MR) Brain\Magnetic_Resonance_(MR)_Brain119.jpg,Magnetic Resonance (MR) Brain
C:\Users\HishamMo\Desktop\999_cs\Quantum_Inpired_PSO_Classifcation\MRI_dataset\Magnetic Resonance (MR) Brain\Magnetic_Resonance_(MR)_Brain120.jpg,Magnetic Resonance (MR) Brain
C:\Users\HishamMo\Desktop\999_cs\Quantum_Inpired_PSO_Classifcation\MRI_dataset\Magnetic Resonance (MR) Brain\Magnetic_Resonance_(MR)_Brain121.jpg,Magnetic Resonance (MR) Brain
C:\Users\HishamMo\Desktop\999_cs\Quantum_Inpired_PSO_Classifcation\MRI_dataset\Magnetic Resonance (MR) Brain\Magnetic_Resonance_(MR)_Brain122.jpg,Magnetic Resonance (MR) Brain
C:\Users\HishamMo\Desktop\999_cs\Quantum_Inpired_PSO_Classifcation\MRI_dataset\Magnetic Resonance (MR) Brain\Magnetic_Resonance_(MR)_Brain123.jpg,Magnetic Resonance (MR) Brain
C:\Users\HishamMo\Desktop\999_cs\Quantum_Inpired_PSO_Classifcation\MRI_dataset\Magnetic Resonance (MR) Brain\Magnetic_Resonance_(MR)_Brain124.jpg,Magnetic Resonance (MR) Brain
C:\Users\HishamMo\Desktop\999_cs\Quantum_Inpired_PSO_Classifcation\MRI_dataset\Magnetic Resonance (MR) Brain\Magnetic_Resonance_(MR)_Brain125.jpg,Magnetic Resonance (MR) Brain
C:\Users\HishamMo\Desktop\999_cs\Quantum_Inpired_PSO_Classifcation\MRI_dataset\Magnetic Resonance (MR) Brain\Magnetic_Resonance_(MR)_Brain126.jpg,Magnetic Resonance (MR) Brain
C:\Users\HishamMo\Desktop\999_cs\Quantum_Inpired_PSO_Classifcation\MRI_dataset\Magnetic Resonance (MR) Brain\Magnetic_Resonance_(MR)_Brain127.jpg,Magnetic Resonance (MR) Brain
C:\Users\HishamMo\Desktop\999_cs\Quantum_Inpired_PSO_Classifcation\MRI_dataset\Magnetic Resonance (MR) Brain\Magnetic_Resonance_(MR)_Brain128.jpg,Magnetic Resonance (MR) Brain
C:\Users\HishamMo\Desktop\999_cs\Quantum_Inpired_PSO_Classifcation\MRI_dataset\Magnetic Resonance (MR) Brain\Magnetic_Resonance_(MR)_Brain129.jpg,Magnetic Resonance (MR) Brain
C:\Users\HishamMo\Desktop\999_cs\Quantum_Inpired_PSO_Classifcation\MRI_dataset\Magnetic Resonance (MR) Brain\Magnetic_Resonance_(MR)_Brain130.jpg,Magnetic Resonance (MR) Brain
C:\Users\HishamMo\Desktop\999_cs\Quantum_Inpired_PSO_Classifcation\MRI_dataset\Magnetic Resonance (MR) Brain\Magnetic_Resonance_(MR)_Brain131.jpg,Magnetic Resonance (MR) Brain
C:\Users\HishamMo\Desktop\999_cs\Quantum_Inpired_PSO_Classifcation\MRI_dataset\Magnetic Resonance (MR) Brain\Magnetic_Resonance_(MR)_Brain132.jpg,Magnetic Resonance (MR) Brain
C:\Users\HishamMo\Desktop\999_cs\Quantum_Inpired_PSO_Classifcation\MRI_dataset\Magnetic Resonance (MR) Brain\Magnetic_Resonance_(MR)_Brain133.jpg,Magnetic Resonance (MR) Brain
C:\Users\HishamMo\Desktop\999_cs\Quantum_Inpired_PSO_Classifcation\MRI_dataset\Magnetic Resonance (MR) Brain\Magnetic_Resonance_(MR)_Brain134.jpg,Magnetic Resonance (MR) Brain
C:\Users\HishamMo\Desktop\999_cs\Quantum_Inpired_PSO_Classifcation\MRI_dataset\Magnetic Resonance (MR) Brain\Magnetic_Resonance_(MR)_Brain135.jpg,Magnetic Resonance (MR) Brain
C:\Users\HishamMo\Desktop\999_cs\Quantum_Inpired_PSO_Classifcation\MRI_dataset\Magnetic Resonance (MR) Brain\Magnetic_Resonance_(MR)_Brain136.jpg,Magnetic Resonance (MR) Brain
C:\Users\HishamMo\Desktop\999_cs\Quantum_Inpired_PSO_Classifcation\MRI_dataset\Magnetic Resonance (MR) Brain\Magnetic_Resonance_(MR)_Brain137.jpg,Magnetic Resonance (MR) Brain
C:\Users\HishamMo\Desktop\999_cs\Quantum_Inpired_PSO_Classifcation\MRI_dataset\Magnetic Resonance (MR) Brain\Magnetic_Resonance_(MR)_Brain138.jpg,Magnetic Resonance (MR) Brain
C:\Users\HishamMo\Desktop\999_cs\Quantum_Inpired_PSO_Classifcation\MRI_dataset\Magnetic Resonance (MR) Brain\Magnetic_Resonance_(MR)_Brain139.jpg,Magnetic Resonance (MR) Brain
C:\Users\HishamMo\Desktop\999_cs\Quantum_Inpired_PSO_Classifcation\MRI_dataset\Magnetic Resonance (MR) Brain\Magnetic_Resonance_(MR)_Brain140.jpg,Magnetic Resonance (MR) Brain
C:\Users\HishamMo\Desktop\999_cs\Quantum_Inpired_PSO_Classifcation\MRI_dataset\Magnetic Resonance (MR) Brain\Magnetic_Resonance_(MR)_Brain141.jpg,Magnetic Resonance (MR) Brain
C:\Users\HishamMo\Desktop\999_cs\Quantum_Inpired_PSO_Classifcation\MRI_dataset\Magnetic Resonance (MR) Brain\Magnetic_Resonance_(MR)_Brain142.jpg,Magnetic Resonance (MR) Brain
C:\Users\HishamMo\Desktop\999_cs\Quantum_Inpired_PSO_Classifcation\MRI_dataset\Magnetic Resonance (MR) Brain\Magnetic_Resonance_(MR)_Brain143.jpg,Magnetic Resonance (MR) Brain
C:\Users\HishamMo\Desktop\999_cs\Quantum_Inpired_PSO_Classifcation\MRI_dataset\Magnetic Resonance (MR) Brain\Magnetic_Resonance_(MR)_Brain144.jpg,Magnetic Resonance (MR) Brain
C:\Users\HishamMo\Desktop\999_cs\Quantum_Inpired_PSO_Classifcation\MRI_dataset\Magnetic Resonance (MR) Brain\Magnetic_Resonance_(MR)_Brain145.jpg,Magnetic Resonance (MR) Brain
C:\Users\HishamMo\Desktop\999_cs\Quantum_Inpired_PSO_Classifcation\MRI_dataset\Magnetic Resonance (MR) Brain\Magnetic_Resonance_(MR)_Brain146.jpg,Magnetic Resonance (MR) Brain
C:\Users\HishamMo\Desktop\999_cs\Quantum_Inpired_PSO_Classifcation\MRI_dataset\Magnetic Resonance (MR) Brain\Magnetic_Resonance_(MR)_Brain147.jpg,Magnetic Resonance (MR) Brain
C:\Users\HishamMo\Desktop\999_cs\Quantum_Inpired_PSO_Classifcation\MRI_dataset\Magnetic Resonance (MR) Brain\Magnetic_Resonance_(MR)_Brain148.jpg,Magnetic Resonance (MR) Brain
C:\Users\HishamMo\Desktop\999_cs\Quantum_Inpired_PSO_Classifcation\MRI_dataset\Magnetic Resonance (MR) Brain\Magnetic_Resonance_(MR)_Brain149.jpg,Magnetic Resonance (MR) Brain
C:\Users\HishamMo\Desktop\999_cs\Quantum_Inpired_PSO_Classifcation\MRI_dataset\Magnetic Resonance (MR) Brain\Magnetic_Resonance_(MR)_Brain150.jpg,Magnetic Resonance (MR) Brain
C:\Users\HishamMo\Desktop\999_cs\Quantum_Inpired_PSO_Classifcation\MRI_dataset\Magnetic Resonance (MR) Brain\Magnetic_Resonance_(MR)_Brain151.jpg,Magnetic Resonance (MR) Brain
C:\Users\HishamMo\Desktop\999_cs\Quantum_Inpired_PSO_Classifcation\MRI_dataset\Magnetic Resonance (MR) Brain\Magnetic_Resonance_(MR)_Brain152.jpg,Magnetic Resonance (MR) Brain
C:\Users\HishamMo\Desktop\999_cs\Quantum_Inpired_PSO_Classifcation\MRI_dataset\Magnetic Resonance (MR) Brain\Magnetic_Resonance_(MR)_Brain153.jpg,Magnetic Resonance (MR) Brain
C:\Users\HishamMo\Desktop\999_cs\Quantum_Inpired_PSO_Classifcation\MRI_dataset\Magnetic Resonance (MR) Brain\Magnetic_Resonance_(MR)_Brain154.jpg,Magnetic Resonance (MR) Brain
C:\Users\HishamMo\Desktop\999_cs\Quantum_Inpired_PSO_Classifcation\MRI_dataset\Magnetic Resonance (MR) Brain\Magnetic_Resonance_(MR)_Brain155.jpg,Magnetic Resonance (MR) Brain
C:\Users\HishamMo\Desktop\999_cs\Quantum_Inpired_PSO_Classifcation\MRI_dataset\Magnetic Resonance (MR) Brain\Magnetic_Resonance_(MR)_Brain156.jpg,Magnetic Resonance (MR) Brain
C:\Users\HishamMo\Desktop\999_cs\Quantum_Inpired_PSO_Classifcation\MRI_dataset\Magnetic Resonance (MR) Brain\Magnetic_Resonance_(MR)_Brain157.jpg,Magnetic Resonance (MR) Brain
C:\Users\HishamMo\Desktop\999_cs\Quantum_Inpired_PSO_Classifcation\MRI_dataset\Magnetic Resonance (MR) Brain\Magnetic_Resonance_(MR)_Brain158.jpg,Magnetic Resonance (MR) Brain
C:\Users\HishamMo\Desktop\999_cs\Quantum_Inpired_PSO_Classifcation\MRI_dataset\Magnetic Resonance (MR) Brain\Magnetic_Resonance_(MR)_Brain159.jpg,Magnetic Resonance (MR) Brain
C:\Users\HishamMo\Desktop\999_cs\Quantum_Inpired_PSO_Classifcation\MRI_dataset\Magnetic Resonance (MR) Brain\Magnetic_Resonance_(MR)_Brain160.jpg,Magnetic Resonance (MR) Brain
C:\Users\HishamMo\Desktop\999_cs\Quantum_Inpired_PSO_Classifcation\MRI_dataset\Magnetic Resonance (MR) Brain\Magnetic_Resonance_(MR)_Brain161.jpg,Magnetic Resonance (MR) Brain
C:\Users\HishamMo\Desktop\999_cs\Quantum_Inpired_PSO_Classifcation\MRI_dataset\Magnetic Resonance (MR) Brain\Magnetic_Resonance_(MR)_Brain162.jpg,Magnetic Resonance (MR) Brain
C:\Users\HishamMo\Desktop\999_cs\Quantum_Inpired_PSO_Classifcation\MRI_dataset\Magnetic Resonance (MR) Brain\Magnetic_Resonance_(MR)_Brain163.jpg,Magnetic Resonance (MR) Brain
C:\Users\HishamMo\Desktop\999_cs\Quantum_Inpired_PSO_Classifcation\MRI_dataset\Magnetic Resonance (MR) Brain\Magnetic_Resonance_(MR)_Brain164.jpg,Magnetic Resonance (MR) Brain
C:\Users\HishamMo\Desktop\999_cs\Quantum_Inpired_PSO_Classifcation\MRI_dataset\Magnetic Resonance (MR) Brain\Magnetic_Resonance_(MR)_Brain165.jpg,Magnetic Resonance (MR) Brain
C:\Users\HishamMo\Desktop\999_cs\Quantum_Inpired_PSO_Classifcation\MRI_dataset\Magnetic Resonance (MR) Brain\Magnetic_Resonance_(MR)_Brain166.jpg,Magnetic Resonance (MR) Brain
C:\Users\HishamMo\Desktop\999_cs\Quantum_Inpired_PSO_Classifcation\MRI_dataset\Magnetic Resonance (MR) Brain\Magnetic_Resonance_(MR)_Brain167.jpg,Magnetic Resonance (MR) Brain
C:\Users\HishamMo\Desktop\999_cs\Quantum_Inpired_PSO_Classifcation\MRI_dataset\Magnetic Resonance (MR) Brain\Magnetic_Resonance_(MR)_Brain168.jpg,Magnetic Resonance (MR) Brain
C:\Users\HishamMo\Desktop\999_cs\Quantum_Inpired_PSO_Classifcation\MRI_dataset\Magnetic Resonance (MR) Brain\Magnetic_Resonance_(MR)_Brain169.jpg,Magnetic Resonance (MR) Brain
C:\Users\HishamMo\Desktop\999_cs\Quantum_Inpired_PSO_Classifcation\MRI_dataset\Magnetic Resonance (MR) Brain\Magnetic_Resonance_(MR)_Brain170.jpg,Magnetic Resonance (MR) Brain
C:\Users\HishamMo\Desktop\999_cs\Quantum_Inpired_PSO_Classifcation\MRI_dataset\Magnetic Resonance (MR) Brain\Magnetic_Resonance_(MR)_Brain171.jpg,Magnetic Resonance (MR) Brain
C:\Users\HishamMo\Desktop\999_cs\Quantum_Inpired_PSO_Classifcation\MRI_dataset\Magnetic Resonance (MR) Brain\Magnetic_Resonance_(MR)_Brain172.jpg,Magnetic Resonance (MR) Brain
C:\Users\HishamMo\Desktop\999_cs\Quantum_Inpired_PSO_Classifcation\MRI_dataset\Magnetic Resonance (MR) Brain\Magnetic_Resonance_(MR)_Brain173.jpg,Magnetic Resonance (MR) Brain
C:\Users\HishamMo\Desktop\999_cs\Quantum_Inpired_PSO_Classifcation\MRI_dataset\Magnetic Resonance (MR) Brain\Magnetic_Resonance_(MR)_Brain174.jpg,Magnetic Resonance (MR) Brain
C:\Users\HishamMo\Desktop\999_cs\Quantum_Inpired_PSO_Classifcation\MRI_dataset\Magnetic Resonance (MR) Brain\Magnetic_Resonance_(MR)_Brain175.jpg,Magnetic Resonance (MR) Brain
C:\Users\HishamMo\Desktop\999_cs\Quantum_Inpired_PSO_Classifcation\MRI_dataset\Magnetic Resonance (MR) Brain\Magnetic_Resonance_(MR)_Brain176.jpg,Magnetic Resonance (MR) Brain
C:\Users\HishamMo\Desktop\999_cs\Quantum_Inpired_PSO_Classifcation\MRI_dataset\Magnetic Resonance (MR) Brain\Magnetic_Resonance_(MR)_Brain177.jpg,Magnetic Resonance (MR) Brain
C:\Users\HishamMo\Desktop\999_cs\Quantum_Inpired_PSO_Classifcation\MRI_dataset\Magnetic Resonance (MR) Brain\Magnetic_Resonance_(MR)_Brain178.jpg,Magnetic Resonance (MR) Brain
C:\Users\HishamMo\Desktop\999_cs\Quantum_Inpired_PSO_Classifcation\MRI_dataset\Magnetic Resonance (MR) Brain\Magnetic_Resonance_(MR)_Brain179.jpg,Magnetic Resonance (MR) Brain
C:\Users\HishamMo\Desktop\999_cs\Quantum_Inpired_PSO_Classifcation\MRI_dataset\Magnetic Resonance (MR) Brain\Magnetic_Resonance_(MR)_Brain180.jpg,Magnetic Resonance (MR) Brain
C:\Users\HishamMo\Desktop\999_cs\Quantum_Inpired_PSO_Classifcation\MRI_dataset\Magnetic Resonance (MR) Brain\Magnetic_Resonance_(MR)_Brain181.jpg,Magnetic Resonance (MR) Brain
C:\Users\HishamMo\Desktop\999_cs\Quantum_Inpired_PSO_Classifcation\MRI_dataset\Magnetic Resonance (MR) Brain\Magnetic_Resonance_(MR)_Brain182.jpg,Magnetic Resonance (MR) Brain
C:\Users\HishamMo\Desktop\999_cs\Quantum_Inpired_PSO_Classifcation\MRI_dataset\Magnetic Resonance (MR) Brain\Magnetic_Resonance_(MR)_Brain183.jpg,Magnetic Resonance (MR) Brain
C:\Users\HishamMo\Desktop\999_cs\Quantum_Inpired_PSO_Classifcation\MRI_dataset\Magnetic Resonance (MR) Brain\Magnetic_Resonance_(MR)_Brain184.jpg,Magnetic Resonance (MR) Brain
C:\Users\HishamMo\Desktop\999_cs\Quantum_Inpired_PSO_Classifcation\MRI_dataset\Magnetic Resonance (MR) Brain\Magnetic_Resonance_(MR)_Brain185.jpg,Magnetic Resonance (MR) Brain
C:\Users\HishamMo\Desktop\999_cs\Quantum_Inpired_PSO_Classifcation\MRI_dataset\Magnetic Resonance (MR) Brain\Magnetic_Resonance_(MR)_Brain186.jpg,Magnetic Resonance (MR) Brain
C:\Users\HishamMo\Desktop\999_cs\Quantum_Inpired_PSO_Classifcation\MRI_dataset\Magnetic Resonance (MR) Brain\Magnetic_Resonance_(MR)_Brain187.jpg,Magnetic Resonance (MR) Brain
C:\Users\HishamMo\Desktop\999_cs\Quantum_Inpired_PSO_Classifcation\MRI_dataset\Magnetic Resonance (MR) Brain\Magnetic_Resonance_(MR)_Brain188.jpg,Magnetic Resonance (MR) Brain
C:\Users\HishamMo\Desktop\999_cs\Quantum_Inpired_PSO_Classifcation\MRI_dataset\Magnetic Resonance (MR) Brain\Magnetic_Resonance_(MR)_Brain189.jpg,Magnetic Resonance (MR) Brain
C:\Users\HishamMo\Desktop\999_cs\Quantum_Inpired_PSO_Classifcation\MRI_dataset\Magnetic Resonance (MR) Brain\Magnetic_Resonance_(MR)_Brain190.jpg,Magnetic Resonance (MR) Brain
C:\Users\HishamMo\Desktop\999_cs\Quantum_Inpired_PSO_Classifcation\MRI_dataset\Magnetic Resonance (MR) Brain\Magnetic_Resonance_(MR)_Brain191.jpg,Magnetic Resonance (MR) Brain
C:\Users\HishamMo\Desktop\999_cs\Quantum_Inpired_PSO_Classifcation\MRI_dataset\Magnetic Resonance (MR) Brain\Magnetic_Resonance_(MR)_Brain192.jpg,Magnetic Resonance (MR) Brain
C:\Users\HishamMo\Desktop\999_cs\Quantum_Inpired_PSO_Classifcation\MRI_dataset\Magnetic Resonance (MR) Brain\Magnetic_Resonance_(MR)_Brain193.jpg,Magnetic Resonance (MR) Brain
C:\Users\HishamMo\Desktop\999_cs\Quantum_Inpired_PSO_Classifcation\MRI_dataset\Magnetic Resonance (MR) Brain\Magnetic_Resonance_(MR)_Brain194.jpg,Magnetic Resonance (MR) Brain
C:\Users\HishamMo\Desktop\999_cs\Quantum_Inpired_PSO_Classifcation\MRI_dataset\Magnetic Resonance (MR) Brain\Magnetic_Resonance_(MR)_Brain195.jpg,Magnetic Resonance (MR) Brain
C:\Users\HishamMo\Desktop\999_cs\Quantum_Inpired_PSO_Classifcation\MRI_dataset\Magnetic Resonance (MR) Brain\Magnetic_Resonance_(MR)_Brain196.jpg,Magnetic Resonance (MR) Brain
C:\Users\HishamMo\Desktop\999_cs\Quantum_Inpired_PSO_Classifcation\MRI_dataset\Magnetic Resonance (MR) Brain\Magnetic_Resonance_(MR)_Brain197.jpg,Magnetic Resonance (MR) Brain
C:\Users\HishamMo\Desktop\999_cs\Quantum_Inpired_PSO_Classifcation\MRI_dataset\Magnetic Resonance (MR) Brain\Magnetic_Resonance_(MR)_Brain198.jpg,Magnetic Resonance (MR) Brain
C:\Users\HishamMo\Desktop\999_cs\Quantum_Inpired_PSO_Classifcation\MRI_dataset\Magnetic Resonance (MR) Brain\Magnetic_Resonance_(MR)_Brain199.jpg,Magnetic Resonance (MR) Brain
C:\Users\HishamMo\Desktop\999_cs\Quantum_Inpired_PSO_Classifcation\MRI_dataset\Magnetic Resonance (MR) Brain\Magnetic_Resonance_(MR)_Brain200.jpg,Magnetic Resonance (MR) Brain
C:\Users\HishamMo\Desktop\999_cs\Quantum_Inpired_PSO_Classifcation\MRI_dataset\Magnetic Resonance (MR) Brain\Magnetic_Resonance_(MR)_Brain201.jpg,Magnetic Resonance (MR) Brain
C:\Users\HishamMo\Desktop\999_cs\Quantum_Inpired_PSO_Classifcation\MRI_dataset\Magnetic Resonance (MR) Brain\Magnetic_Resonance_(MR)_Brain202.jpg,Magnetic Resonance (MR) Brain
C:\Users\HishamMo\Desktop\999_cs\Quantum_Inpired_PSO_Classifcation\MRI_dataset\Magnetic Resonance (MR) Brain\Magnetic_Resonance_(MR)_Brain203.jpg,Magnetic Resonance (MR) Brain
C:\Users\HishamMo\Desktop\999_cs\Quantum_Inpired_PSO_Classifcation\MRI_dataset\Magnetic Resonance (MR) Brain\Magnetic_Resonance_(MR)_Brain204.jpg,Magnetic Resonance (MR) Brain
C:\Users\HishamMo\Desktop\999_cs\Quantum_Inpired_PSO_Classifcation\MRI_dataset\Magnetic Resonance (MR) Brain\Magnetic_Resonance_(MR)_Brain205.jpg,Magnetic Resonance (MR) Brain
C:\Users\HishamMo\Desktop\999_cs\Quantum_Inpired_PSO_Classifcation\MRI_dataset\Magnetic Resonance (MR) Brain\Magnetic_Resonance_(MR)_Brain206.jpg,Magnetic Resonance (MR) Brain
C:\Users\HishamMo\Desktop\999_cs\Quantum_Inpired_PSO_Classifcation\MRI_dataset\Magnetic Resonance (MR) Brain\Magnetic_Resonance_(MR)_Brain207.jpg,Magnetic Resonance (MR) Brain
C:\Users\HishamMo\Desktop\999_cs\Quantum_Inpired_PSO_Classifcation\MRI_dataset\Magnetic Resonance (MR) Brain\Magnetic_Resonance_(MR)_Brain208.jpg,Magnetic Resonance (MR) Brain
C:\Users\HishamMo\Desktop\999_cs\Quantum_Inpired_PSO_Classifcation\MRI_dataset\Magnetic Resonance (MR) Brain\Magnetic_Resonance_(MR)_Brain209.jpg,Magnetic Resonance (MR) Brain
C:\Users\HishamMo\Desktop\999_cs\Quantum_Inpired_PSO_Classifcation\MRI_dataset\Magnetic Resonance (MR) Brain\Magnetic_Resonance_(MR)_Brain210.jpg,Magnetic Resonance (MR) Brain
C:\Users\HishamMo\Desktop\999_cs\Quantum_Inpired_PSO_Classifcation\MRI_dataset\Magnetic Resonance (MR) Brain\Magnetic_Resonance_(MR)_Brain211.jpg,Magnetic Resonance (MR) Brain
C:\Users\HishamMo\Desktop\999_cs\Quantum_Inpired_PSO_Classifcation\MRI_dataset\Magnetic Resonance (MR) Brain\Magnetic_Resonance_(MR)_Brain212.jpg,Magnetic Resonance (MR) Brain
C:\Users\HishamMo\Desktop\999_cs\Quantum_Inpired_PSO_Classifcation\MRI_dataset\Magnetic Resonance (MR) Brain\Magnetic_Resonance_(MR)_Brain213.jpg,Magnetic Resonance (MR) Brain
C:\Users\HishamMo\Desktop\999_cs\Quantum_Inpired_PSO_Classifcation\MRI_dataset\Magnetic Resonance (MR) Brain\Magnetic_Resonance_(MR)_Brain214.jpg,Magnetic Resonance (MR) Brain
C:\Users\HishamMo\Desktop\999_cs\Quantum_Inpired_PSO_Classifcation\MRI_dataset\Magnetic Resonance (MR) Brain\Magnetic_Resonance_(MR)_Brain215.jpg,Magnetic Resonance (MR) Brain
C:\Users\HishamMo\Desktop\999_cs\Quantum_Inpired_PSO_Classifcation\MRI_dataset\Magnetic Resonance (MR) Brain\Magnetic_Resonance_(MR)_Brain216.jpg,Magnetic Resonance (MR) Brain
C:\Users\HishamMo\Desktop\999_cs\Quantum_Inpired_PSO_Classifcation\MRI_dataset\Magnetic Resonance (MR) Brain\Magnetic_Resonance_(MR)_Brain217.jpg,Magnetic Resonance (MR) Brain
C:\Users\HishamMo\Desktop\999_cs\Quantum_Inpired_PSO_Classifcation\MRI_dataset\Magnetic Resonance (MR) Brain\Magnetic_Resonance_(MR)_Brain218.jpg,Magnetic Resonance (MR) Brain
C:\Users\HishamMo\Desktop\999_cs\Quantum_Inpired_PSO_Classifcation\MRI_dataset\Magnetic Resonance (MR) Brain\Magnetic_Resonance_(MR)_Brain219.jpg,Magnetic Resonance (MR) Brain
C:\Users\HishamMo\Desktop\999_cs\Quantum_Inpired_PSO_Classifcation\MRI_dataset\Magnetic Resonance (MR) Brain\Magnetic_Resonance_(MR)_Brain220.jpg,Magnetic Resonance (MR) Brain
C:\Users\HishamMo\Desktop\999_cs\Quantum_Inpired_PSO_Classifcation\MRI_dataset\Magnetic Resonance (MR) Brain\Magnetic_Resonance_(MR)_Brain221.jpg,Magnetic Resonance (MR) Brain
C:\Users\HishamMo\Desktop\999_cs\Quantum_Inpired_PSO_Classifcation\MRI_dataset\Magnetic Resonance (MR) Brain\Magnetic_Resonance_(MR)_Brain222.jpg,Magnetic Resonance (MR) Brain
C:\Users\HishamMo\Desktop\999_cs\Quantum_Inpired_PSO_Classifcation\MRI_dataset\Magnetic Resonance (MR) Brain\Magnetic_Resonance_(MR)_Brain223.jpg,Magnetic Resonance (MR) Brain
C:\Users\HishamMo\Desktop\999_cs\Quantum_Inpired_PSO_Classifcation\MRI_dataset\Magnetic Resonance (MR) Brain\Magnetic_Resonance_(MR)_Brain224.jpg,Magnetic Resonance (MR) Brain
C:\Users\HishamMo\Desktop\999_cs\Quantum_Inpired_PSO_Classifcation\MRI_dataset\Magnetic Resonance (MR) Brain\Magnetic_Resonance_(MR)_Brain225.jpg,Magnetic Resonance (MR) Brain
C:\Users\HishamMo\Desktop\999_cs\Quantum_Inpired_PSO_Classifcation\MRI_dataset\Magnetic Resonance (MR) Brain\Magnetic_Resonance_(MR)_Brain226.jpg,Magnetic Resonance (MR) Brain
C:\Users\HishamMo\Desktop\999_cs\Quantum_Inpired_PSO_Classifcation\MRI_dataset\Magnetic Resonance (MR) Brain\Magnetic_Resonance_(MR)_Brain227.jpg,Magnetic Resonance (MR) Brain
C:\Users\HishamMo\Desktop\999_cs\Quantum_Inpired_PSO_Classifcation\MRI_dataset\Magnetic Resonance (MR) Brain\Magnetic_Resonance_(MR)_Brain228.jpg,Magnetic Resonance (MR) Brain
C:\Users\HishamMo\Desktop\999_cs\Quantum_Inpired_PSO_Classifcation\MRI_dataset\Magnetic Resonance (MR) Brain\Magnetic_Resonance_(MR)_Brain229.jpg,Magnetic Resonance (MR) Brain
C:\Users\HishamMo\Desktop\999_cs\Quantum_Inpired_PSO_Classifcation\MRI_dataset\Magnetic Resonance (MR) Brain\Magnetic_Resonance_(MR)_Brain230.jpg,Magnetic Resonance (MR) Brain
C:\Users\HishamMo\Desktop\999_cs\Quantum_Inpired_PSO_Classifcation\MRI_dataset\Magnetic Resonance (MR) Brain\Magnetic_Resonance_(MR)_Brain231.jpg,Magnetic Resonance (MR) Brain
C:\Users\HishamMo\Desktop\999_cs\Quantum_Inpired_PSO_Classifcation\MRI_dataset\Magnetic Resonance (MR) Brain\Magnetic_Resonance_(MR)_Brain232.jpg,Magnetic Resonance (MR) Brain
C:\Users\HishamMo\Desktop\999_cs\Quantum_Inpired_PSO_Classifcation\MRI_dataset\Magnetic Resonance (MR) Brain\Magnetic_Resonance_(MR)_Brain233.jpg,Magnetic Resonance (MR) Brain
C:\Users\HishamMo\Desktop\999_cs\Quantum_Inpired_PSO_Classifcation\MRI_dataset\Magnetic Resonance (MR) Brain\Magnetic_Resonance_(MR)_Brain234.jpg,Magnetic Resonance (MR) Brain
C:\Users\HishamMo\Desktop\999_cs\Quantum_Inpired_PSO_Classifcation\MRI_dataset\Magnetic Resonance (MR) Brain\Magnetic_Resonance_(MR)_Brain235.jpg,Magnetic Resonance (MR) Brain
C:\Users\HishamMo\Desktop\999_cs\Quantum_Inpired_PSO_Classifcation\MRI_dataset\Magnetic Resonance (MR) Brain\Magnetic_Resonance_(MR)_Brain236.jpg,Magnetic Resonance (MR) Brain
C:\Users\HishamMo\Desktop\999_cs\Quantum_Inpired_PSO_Classifcation\MRI_dataset\Magnetic Resonance (MR) Brain\Magnetic_Resonance_(MR)_Brain237.jpg,Magnetic Resonance (MR) Brain
C:\Users\HishamMo\Desktop\999_cs\Quantum_Inpired_PSO_Classifcation\MRI_dataset\Magnetic Resonance (MR) Brain\Magnetic_Resonance_(MR)_Brain238.jpg,Magnetic Resonance (MR) Brain
C:\Users\HishamMo\Desktop\999_cs\Quantum_Inpired_PSO_Classifcation\MRI_dataset\Magnetic Resonance (MR) Brain\Magnetic_Resonance_(MR)_Brain239.jpg,Magnetic Resonance (MR) Brain
C:\Users\HishamMo\Desktop\999_cs\Quantum_Inpired_PSO_Classifcation\MRI_dataset\Magnetic Resonance (MR) Brain\Magnetic_Resonance_(MR)_Brain240.jpg,Magnetic Resonance (MR) Brain
C:\Users\HishamMo\Desktop\999_cs\Quantum_Inpired_PSO_Classifcation\MRI_dataset\Magnetic Resonance (MR) Brain\Magnetic_Resonance_(MR)_Brain241.jpg,Magnetic Resonance (MR) Brain
C:\Users\HishamMo\Desktop\999_cs\Quantum_Inpired_PSO_Classifcation\MRI_dataset\Magnetic Resonance (MR) Brain\Magnetic_Resonance_(MR)_Brain242.jpg,Magnetic Resonance (MR) Brain
C:\Users\HishamMo\Desktop\999_cs\Quantum_Inpired_PSO_Classifcation\MRI_dataset\Magnetic Resonance (MR) Brain\Magnetic_Resonance_(MR)_Brain243.jpg,Magnetic Resonance (MR) Brain
C:\Users\HishamMo\Desktop\999_cs\Quantum_Inpired_PSO_Classifcation\MRI_dataset\Magnetic Resonance (MR) Brain\Magnetic_Resonance_(MR)_Brain244.jpg,Magnetic Resonance (MR) Brain
C:\Users\HishamMo\Desktop\999_cs\Quantum_Inpired_PSO_Classifcation\MRI_dataset\Magnetic Resonance (MR) Brain\Magnetic_Resonance_(MR)_Brain245.jpg,Magnetic Resonance (MR) Brain
C:\Users\HishamMo\Desktop\999_cs\Quantum_Inpired_PSO_Classifcation\MRI_dataset\Magnetic Resonance (MR) Brain\Magnetic_Resonance_(MR)_Brain246.jpg,Magnetic Resonance (MR) Brain
C:\Users\HishamMo\Desktop\999_cs\Quantum_Inpired_PSO_Classifcation\MRI_dataset\Magnetic Resonance (MR) Brain\Magnetic_Resonance_(MR)_Brain247.jpg,Magnetic Resonance (MR) Brain
C:\Users\HishamMo\Desktop\999_cs\Quantum_Inpired_PSO_Classifcation\MRI_dataset\Magnetic Resonance (MR) Brain\Magnetic_Resonance_(MR)_Brain248.jpg,Magnetic Resonance (MR) Brain
C:\Users\HishamMo\Desktop\999_cs\Quantum_Inpired_PSO_Classifcation\MRI_dataset\Magnetic Resonance (MR) Brain\Magnetic_Resonance_(MR)_Brain249.jpg,Magnetic Resonance (MR) Brain
C:\Users\HishamMo\Desktop\999_cs\Quantum_Inpired_PSO_Classifcation\MRI_dataset\Magnetic Resonance (MR) Brain\Magnetic_Resonance_(MR)_Brain250.jpg,Magnetic Resonance (MR) Brain
C:\Users\HishamMo\Desktop\999_cs\Quantum_Inpired_PSO_Classifcation\MRI_dataset\Magnetic Resonance (MR) Brain\Magnetic_Resonance_(MR)_Brain251.jpg,Magnetic Resonance (MR) Brain
C:\Users\HishamMo\Desktop\999_cs\Quantum_Inpired_PSO_Classifcation\MRI_dataset\Magnetic Resonance (MR) Brain\Magnetic_Resonance_(MR)_Brain252.jpg,Magnetic Resonance (MR) Brain
C:\Users\HishamMo\Desktop\999_cs\Quantum_Inpired_PSO_Classifcation\MRI_dataset\Magnetic Resonance (MR) Brain\Magnetic_Resonance_(MR)_Brain253.jpg,Magnetic Resonance (MR) Brain
C:\Users\HishamMo\Desktop\999_cs\Quantum_Inpired_PSO_Classifcation\MRI_dataset\Magnetic Resonance (MR) Brain\Magnetic_Resonance_(MR)_Brain254.jpg,Magnetic Resonance (MR) Brain
C:\Users\HishamMo\Desktop\999_cs\Quantum_Inpired_PSO_Classifcation\MRI_dataset\Magnetic Resonance (MR) Brain\Magnetic_Resonance_(MR)_Brain255.jpg,Magnetic Resonance (MR) Brain
C:\Users\HishamMo\Desktop\999_cs\Quantum_Inpired_PSO_Classifcation\MRI_dataset\Magnetic Resonance (MR) Brain\Magnetic_Resonance_(MR)_Brain256.jpg,Magnetic Resonance (MR) Brain
C:\Users\HishamMo\Desktop\999_cs\Quantum_Inpired_PSO_Classifcation\MRI_dataset\Magnetic Resonance (MR) Brain\Magnetic_Resonance_(MR)_Brain257.jpg,Magnetic Resonance (MR) Brain
C:\Users\HishamMo\Desktop\999_cs\Quantum_Inpired_PSO_Classifcation\MRI_dataset\Magnetic Resonance (MR) Brain\Magnetic_Resonance_(MR)_Brain258.jpg,Magnetic Resonance (MR) Brain
C:\Users\HishamMo\Desktop\999_cs\Quantum_Inpired_PSO_Classifcation\MRI_dataset\Magnetic Resonance (MR) Brain\Magnetic_Resonance_(MR)_Brain259.jpg,Magnetic Resonance (MR) Brain
C:\Users\HishamMo\Desktop\999_cs\Quantum_Inpired_PSO_Classifcation\MRI_dataset\Magnetic Resonance (MR) Brain\Magnetic_Resonance_(MR)_Brain260.jpg,Magnetic Resonance (MR) Brain
C:\Users\HishamMo\Desktop\999_cs\Quantum_Inpired_PSO_Classifcation\MRI_dataset\Magnetic Resonance (MR) Brain\Magnetic_Resonance_(MR)_Brain261.jpg,Magnetic Resonance (MR) Brain
C:\Users\HishamMo\Desktop\999_cs\Quantum_Inpired_PSO_Classifcation\MRI_dataset\Magnetic Resonance (MR) Brain\Magnetic_Resonance_(MR)_Brain262.jpg,Magnetic Resonance (MR) Brain
C:\Users\HishamMo\Desktop\999_cs\Quantum_Inpired_PSO_Classifcation\MRI_dataset\Magnetic Resonance (MR) Brain\Magnetic_Resonance_(MR)_Brain263.jpg,Magnetic Resonance (MR) Brain
C:\Users\HishamMo\Desktop\999_cs\Quantum_Inpired_PSO_Classifcation\MRI_dataset\Magnetic Resonance (MR) Brain\Magnetic_Resonance_(MR)_Brain264.jpg,Magnetic Resonance (MR) Brain
C:\Users\HishamMo\Desktop\999_cs\Quantum_Inpired_PSO_Classifcation\MRI_dataset\Magnetic Resonance (MR) Brain\Magnetic_Resonance_(MR)_Brain265.jpg,Magnetic Resonance (MR) Brain
C:\Users\HishamMo\Desktop\999_cs\Quantum_Inpired_PSO_Classifcation\MRI_dataset\Magnetic Resonance (MR) Brain\Magnetic_Resonance_(MR)_Brain266.jpg,Magnetic Resonance (MR) Brain
C:\Users\HishamMo\Desktop\999_cs\Quantum_Inpired_PSO_Classifcation\MRI_dataset\Magnetic Resonance (MR) Brain\Magnetic_Resonance_(MR)_Brain267.jpg,Magnetic Resonance (MR) Brain
C:\Users\HishamMo\Desktop\999_cs\Quantum_Inpired_PSO_Classifcation\MRI_dataset\Magnetic Resonance (MR) Brain\Magnetic_Resonance_(MR)_Brain268.jpg,Magnetic Resonance (MR) Brain
C:\Users\HishamMo\Desktop\999_cs\Quantum_Inpired_PSO_Classifcation\MRI_dataset\Magnetic Resonance (MR) Brain\Magnetic_Resonance_(MR)_Brain269.jpg,Magnetic Resonance (MR) Brain
C:\Users\HishamMo\Desktop\999_cs\Quantum_Inpired_PSO_Classifcation\MRI_dataset\Magnetic Resonance (MR) Brain\Magnetic_Resonance_(MR)_Brain270.jpg,Magnetic Resonance (MR) Brain
C:\Users\HishamMo\Desktop\999_cs\Quantum_Inpired_PSO_Classifcation\MRI_dataset\Magnetic Resonance (MR) Brain\Magnetic_Resonance_(MR)_Brain271.jpg,Magnetic Resonance (MR) Brain
C:\Users\HishamMo\Desktop\999_cs\Quantum_Inpired_PSO_Classifcation\MRI_dataset\Magnetic Resonance (MR) Brain\Magnetic_Resonance_(MR)_Brain272.jpg,Magnetic Resonance (MR) Brain
C:\Users\HishamMo\Desktop\999_cs\Quantum_Inpired_PSO_Classifcation\MRI_dataset\Magnetic Resonance (MR) Brain\Magnetic_Resonance_(MR)_Brain273.jpg,Magnetic Resonance (MR) Brain
C:\Users\HishamMo\Desktop\999_cs\Quantum_Inpired_PSO_Classifcation\MRI_dataset\Magnetic Resonance (MR) Brain\Magnetic_Resonance_(MR)_Brain274.jpg,Magnetic Resonance (MR) Brain
C:\Users\HishamMo\Desktop\999_cs\Quantum_Inpired_PSO_Classifcation\MRI_dataset\Magnetic Resonance (MR) Brain\Magnetic_Resonance_(MR)_Brain275.jpg,Magnetic Resonance (MR) Brain
C:\Users\HishamMo\Desktop\999_cs\Quantum_Inpired_PSO_Classifcation\MRI_dataset\Magnetic Resonance (MR) Brain\Magnetic_Resonance_(MR)_Brain276.jpg,Magnetic Resonance (MR) Brain
C:\Users\HishamMo\Desktop\999_cs\Quantum_Inpired_PSO_Classifcation\MRI_dataset\Magnetic Resonance (MR) Brain\Magnetic_Resonance_(MR)_Brain277.jpg,Magnetic Resonance (MR) Brain
C:\Users\HishamMo\Desktop\999_cs\Quantum_Inpired_PSO_Classifcation\MRI_dataset\Magnetic Resonance (MR) Brain\Magnetic_Resonance_(MR)_Brain278.jpg,Magnetic Resonance (MR) Brain
C:\Users\HishamMo\Desktop\999_cs\Quantum_Inpired_PSO_Classifcation\MRI_dataset\Magnetic Resonance (MR) Brain\Magnetic_Resonance_(MR)_Brain279.jpg,Magnetic Resonance (MR) Brain
C:\Users\HishamMo\Desktop\999_cs\Quantum_Inpired_PSO_Classifcation\MRI_dataset\Magnetic Resonance (MR) Brain\Magnetic_Resonance_(MR)_Brain280.jpg,Magnetic Resonance (MR) Brain
C:\Users\HishamMo\Desktop\999_cs\Quantum_Inpired_PSO_Classifcation\MRI_dataset\Magnetic Resonance (MR) Brain\Magnetic_Resonance_(MR)_Brain281.jpg,Magnetic Resonance (MR) Brain
C:\Users\HishamMo\Desktop\999_cs\Quantum_Inpired_PSO_Classifcation\MRI_dataset\Magnetic Resonance (MR) Brain\Magnetic_Resonance_(MR)_Brain282.jpg,Magnetic Resonance (MR) Brain
C:\Users\HishamMo\Desktop\999_cs\Quantum_Inpired_PSO_Classifcation\MRI_dataset\Magnetic Resonance (MR) Brain\Magnetic_Resonance_(MR)_Brain283.jpg,Magnetic Resonance (MR) Brain
C:\Users\HishamMo\Desktop\999_cs\Quantum_Inpired_PSO_Classifcation\MRI_dataset\Magnetic Resonance (MR) Brain\Magnetic_Resonance_(MR)_Brain284.jpg,Magnetic Resonance (MR) Brain
C:\Users\HishamMo\Desktop\999_cs\Quantum_Inpired_PSO_Classifcation\MRI_dataset\Magnetic Resonance (MR) Brain\Magnetic_Resonance_(MR)_Brain285.jpg,Magnetic Resonance (MR) Brain
C:\Users\HishamMo\Desktop\999_cs\Quantum_Inpired_PSO_Classifcation\MRI_dataset\Magnetic Resonance (MR) Brain\Magnetic_Resonance_(MR)_Brain286.jpg,Magnetic Resonance (MR) Brain
C:\Users\HishamMo\Desktop\999_cs\Quantum_Inpired_PSO_Classifcation\MRI_dataset\Magnetic Resonance (MR) Brain\Magnetic_Resonance_(MR)_Brain287.jpg,Magnetic Resonance (MR) Brain
C:\Users\HishamMo\Desktop\999_cs\Quantum_Inpired_PSO_Classifcation\MRI_dataset\Magnetic Resonance (MR) Brain\Magnetic_Resonance_(MR)_Brain288.jpg,Magnetic Resonance (MR) Brain
C:\Users\HishamMo\Desktop\999_cs\Quantum_Inpired_PSO_Classifcation\MRI_dataset\Magnetic Resonance (MR) Brain\Magnetic_Resonance_(MR)_Brain289.jpg,Magnetic Resonance (MR) Brain
C:\Users\HishamMo\Desktop\999_cs\Quantum_Inpired_PSO_Classifcation\MRI_dataset\Magnetic Resonance (MR) Brain\Magnetic_Resonance_(MR)_Brain290.jpg,Magnetic Resonance (MR) Brain
C:\Users\HishamMo\Desktop\999_cs\Quantum_Inpired_PSO_Classifcation\MRI_dataset\Magnetic Resonance (MR) Brain\Magnetic_Resonance_(MR)_Brain291.jpg,Magnetic Resonance (MR) Brain
C:\Users\HishamMo\Desktop\999_cs\Quantum_Inpired_PSO_Classifcation\MRI_dataset\Magnetic Resonance (MR) Brain\Magnetic_Resonance_(MR)_Brain292.jpg,Magnetic Resonance (MR) Brain
C:\Users\HishamMo\Desktop\999_cs\Quantum_Inpired_PSO_Classifcation\MRI_dataset\Magnetic Resonance (MR) Brain\Magnetic_Resonance_(MR)_Brain293.jpg,Magnetic Resonance (MR) Brain
C:\Users\HishamMo\Desktop\999_cs\Quantum_Inpired_PSO_Classifcation\MRI_dataset\Magnetic Resonance (MR) Brain\Magnetic_Resonance_(MR)_Brain294.jpg,Magnetic Resonance (MR) Brain
C:\Users\HishamMo\Desktop\999_cs\Quantum_Inpired_PSO_Classifcation\MRI_dataset\Magnetic Resonance (MR) Brain\Magnetic_Resonance_(MR)_Brain295.jpg,Magnetic Resonance (MR) Brain
C:\Users\HishamMo\Desktop\999_cs\Quantum_Inpired_PSO_Classifcation\MRI_dataset\Magnetic Resonance (MR) Brain\Magnetic_Resonance_(MR)_Brain296.jpg,Magnetic Resonance (MR) Brain
C:\Users\HishamMo\Desktop\999_cs\Quantum_Inpired_PSO_Classifcation\MRI_dataset\Magnetic Resonance (MR) Brain\Magnetic_Resonance_(MR)_Brain297.jpg,Magnetic Resonance (MR) Brain
C:\Users\HishamMo\Desktop\999_cs\Quantum_Inpired_PSO_Classifcation\MRI_dataset\Magnetic Resonance (MR) Brain\Magnetic_Resonance_(MR)_Brain298.jpg,Magnetic Resonance (MR) Brain
C:\Users\HishamMo\Desktop\999_cs\Quantum_Inpired_PSO_Classifcation\MRI_dataset\Magnetic Resonance (MR) Brain\Magnetic_Resonance_(MR)_Brain299.jpg,Magnetic Resonance (MR) Brain
C:\Users\HishamMo\Desktop\999_cs\Quantum_Inpired_PSO_Classifcation\MRI_dataset\Magnetic Resonance (MR) Brain\Magnetic_Resonance_(MR)_Brain300.jpg,Magnetic Resonance (MR) Brain
C:\Users\HishamMo\Desktop\999_cs\Quantum_Inpired_PSO_Classifcation\MRI_dataset\Magnetic Resonance (MR) Brain\Magnetic_Resonance_(MR)_Brain301.jpg,Magnetic Resonance (MR) Brain
C:\Users\HishamMo\Desktop\999_cs\Quantum_Inpired_PSO_Classifcation\MRI_dataset\Magnetic Resonance (MR) Brain\Magnetic_Resonance_(MR)_Brain302.jpg,Magnetic Resonance (MR) Brain
C:\Users\HishamMo\Desktop\999_cs\Quantum_Inpired_PSO_Classifcation\MRI_dataset\Magnetic Resonance (MR) Brain\Magnetic_Resonance_(MR)_Brain303.jpg,Magnetic Resonance (MR) Brain
C:\Users\HishamMo\Desktop\999_cs\Quantum_Inpired_PSO_Classifcation\MRI_dataset\Magnetic Resonance (MR) Brain\Magnetic_Resonance_(MR)_Brain304.jpg,Magnetic Resonance (MR) Brain
C:\Users\HishamMo\Desktop\999_cs\Quantum_Inpired_PSO_Classifcation\MRI_dataset\Magnetic Resonance (MR) Brain\Magnetic_Resonance_(MR)_Brain305.jpg,Magnetic Resonance (MR) Brain
C:\Users\HishamMo\Desktop\999_cs\Quantum_Inpired_PSO_Classifcation\MRI_dataset\Magnetic Resonance (MR) Brain\Magnetic_Resonance_(MR)_Brain306.jpg,Magnetic Resonance (MR) Brain
C:\Users\HishamMo\Desktop\999_cs\Quantum_Inpired_PSO_Classifcation\MRI_dataset\Magnetic Resonance (MR) Brain\Magnetic_Resonance_(MR)_Brain307.jpg,Magnetic Resonance (MR) Brain
C:\Users\HishamMo\Desktop\999_cs\Quantum_Inpired_PSO_Classifcation\MRI_dataset\Magnetic Resonance (MR) Brain\Magnetic_Resonance_(MR)_Brain308.jpg,Magnetic Resonance (MR) Brain
C:\Users\HishamMo\Desktop\999_cs\Quantum_Inpired_PSO_Classifcation\MRI_dataset\Magnetic Resonance (MR) Brain\Magnetic_Resonance_(MR)_Brain309.jpg,Magnetic Resonance (MR) Brain
C:\Users\HishamMo\Desktop\999_cs\Quantum_Inpired_PSO_Classifcation\MRI_dataset\Magnetic Resonance (MR) Brain\Magnetic_Resonance_(MR)_Brain310.jpg,Magnetic Resonance (MR) Brain
C:\Users\HishamMo\Desktop\999_cs\Quantum_Inpired_PSO_Classifcation\MRI_dataset\Magnetic Resonance (MR) Brain\Magnetic_Resonance_(MR)_Brain311.jpg,Magnetic Resonance (MR) Brain
C:\Users\HishamMo\Desktop\999_cs\Quantum_Inpired_PSO_Classifcation\MRI_dataset\Magnetic Resonance (MR) Brain\Magnetic_Resonance_(MR)_Brain312.jpg,Magnetic Resonance (MR) Brain
C:\Users\HishamMo\Desktop\999_cs\Quantum_Inpired_PSO_Classifcation\MRI_dataset\Magnetic Resonance (MR) Brain\Magnetic_Resonance_(MR)_Brain313.jpg,Magnetic Resonance (MR) Brain
C:\Users\HishamMo\Desktop\999_cs\Quantum_Inpired_PSO_Classifcation\MRI_dataset\Magnetic Resonance (MR) Brain\Magnetic_Resonance_(MR)_Brain314.jpg,Magnetic Resonance (MR) Brain
C:\Users\HishamMo\Desktop\999_cs\Quantum_Inpired_PSO_Classifcation\MRI_dataset\Magnetic Resonance (MR) Brain\Magnetic_Resonance_(MR)_Brain315.jpg,Magnetic Resonance (MR) Brain
C:\Users\HishamMo\Desktop\999_cs\Quantum_Inpired_PSO_Classifcation\MRI_dataset\Magnetic Resonance (MR) Brain\Magnetic_Resonance_(MR)_Brain316.jpg,Magnetic Resonance (MR) Brain
C:\Users\HishamMo\Desktop\999_cs\Quantum_Inpired_PSO_Classifcation\MRI_dataset\Magnetic Resonance (MR) Brain\Magnetic_Resonance_(MR)_Brain317.jpg,Magnetic Resonance (MR) Brain
C:\Users\HishamMo\Desktop\999_cs\Quantum_Inpired_PSO_Classifcation\MRI_dataset\Magnetic Resonance (MR) Brain\Magnetic_Resonance_(MR)_Brain318.jpg,Magnetic Resonance (MR) Brain
C:\Users\HishamMo\Desktop\999_cs\Quantum_Inpired_PSO_Classifcation\MRI_dataset\Magnetic Resonance (MR) Brain\Magnetic_Resonance_(MR)_Brain319.jpg,Magnetic Resonance (MR) Brain
C:\Users\HishamMo\Desktop\999_cs\Quantum_Inpired_PSO_Classifcation\MRI_dataset\Magnetic Resonance (MR) Brain\Magnetic_Resonance_(MR)_Brain320.jpg,Magnetic Resonance (MR) Brain
C:\Users\HishamMo\Desktop\999_cs\Quantum_Inpired_PSO_Classifcation\MRI_dataset\Magnetic Resonance (MR) Brain\Magnetic_Resonance_(MR)_Brain321.jpg,Magnetic Resonance (MR) Brain
C:\Users\HishamMo\Desktop\999_cs\Quantum_Inpired_PSO_Classifcation\MRI_dataset\Magnetic Resonance (MR) Brain\Magnetic_Resonance_(MR)_Brain322.jpg,Magnetic Resonance (MR) Brain
C:\Users\HishamMo\Desktop\999_cs\Quantum_Inpired_PSO_Classifcation\MRI_dataset\Magnetic Resonance (MR) Brain\Magnetic_Resonance_(MR)_Brain323.jpg,Magnetic Resonance (MR) Brain
C:\Users\HishamMo\Desktop\999_cs\Quantum_Inpired_PSO_Classifcation\MRI_dataset\Magnetic Resonance (MR) Brain\Magnetic_Resonance_(MR)_Brain324.jpg,Magnetic Resonance (MR) Brain
C:\Users\HishamMo\Desktop\999_cs\Quantum_Inpired_PSO_Classifcation\MRI_dataset\Magnetic Resonance (MR) Brain\Magnetic_Resonance_(MR)_Brain325.jpg,Magnetic Resonance (MR) Brain
C:\Users\HishamMo\Desktop\999_cs\Quantum_Inpired_PSO_Classifcation\MRI_dataset\Magnetic Resonance (MR) Brain\Magnetic_Resonance_(MR)_Brain326.jpg,Magnetic Resonance (MR) Brain
C:\Users\HishamMo\Desktop\999_cs\Quantum_Inpired_PSO_Classifcation\MRI_dataset\Magnetic Resonance (MR) Brain\Magnetic_Resonance_(MR)_Brain327.jpg,Magnetic Resonance (MR) Brain
C:\Users\HishamMo\Desktop\999_cs\Quantum_Inpired_PSO_Classifcation\MRI_dataset\Magnetic Resonance (MR) Brain\Magnetic_Resonance_(MR)_Brain328.jpg,Magnetic Resonance (MR) Brain
C:\Users\HishamMo\Desktop\999_cs\Quantum_Inpired_PSO_Classifcation\MRI_dataset\Magnetic Resonance (MR) Brain\Magnetic_Resonance_(MR)_Brain329.jpg,Magnetic Resonance (MR) Brain
C:\Users\HishamMo\Desktop\999_cs\Quantum_Inpired_PSO_Classifcation\MRI_dataset\Magnetic Resonance (MR) Brain\Magnetic_Resonance_(MR)_Brain330.jpg,Magnetic Resonance (MR) Brain
C:\Users\HishamMo\Desktop\999_cs\Quantum_Inpired_PSO_Classifcation\MRI_dataset\Magnetic Resonance (MR) Brain\Magnetic_Resonance_(MR)_Brain331.jpg,Magnetic Resonance (MR) Brain
C:\Users\HishamMo\Desktop\999_cs\Quantum_Inpired_PSO_Classifcation\MRI_dataset\Magnetic Resonance (MR) Brain\Magnetic_Resonance_(MR)_Brain332.jpg,Magnetic Resonance (MR) Brain
C:\Users\HishamMo\Desktop\999_cs\Quantum_Inpired_PSO_Classifcation\MRI_dataset\Magnetic Resonance (MR) Brain\Magnetic_Resonance_(MR)_Brain333.jpg,Magnetic Resonance (MR) Brain
C:\Users\HishamMo\Desktop\999_cs\Quantum_Inpired_PSO_Classifcation\MRI_dataset\Magnetic Resonance (MR) Brain\Magnetic_Resonance_(MR)_Brain334.jpg,Magnetic Resonance (MR) Brain
C:\Users\HishamMo\Desktop\999_cs\Quantum_Inpired_PSO_Classifcation\MRI_dataset\Magnetic Resonance (MR) Brain\Magnetic_Resonance_(MR)_Brain335.jpg,Magnetic Resonance (MR) Brain
C:\Users\HishamMo\Desktop\999_cs\Quantum_Inpired_PSO_Classifcation\MRI_dataset\Magnetic Resonance (MR) Brain\Magnetic_Resonance_(MR)_Brain336.jpg,Magnetic Resonance (MR) Brain
C:\Users\HishamMo\Desktop\999_cs\Quantum_Inpired_PSO_Classifcation\MRI_dataset\Magnetic Resonance (MR) Brain\Magnetic_Resonance_(MR)_Brain337.jpg,Magnetic Resonance (MR) Brain
C:\Users\HishamMo\Desktop\999_cs\Quantum_Inpired_PSO_Classifcation\MRI_dataset\Magnetic Resonance (MR) Brain\Magnetic_Resonance_(MR)_Brain338.jpg,Magnetic Resonance (MR) Brain
C:\Users\HishamMo\Desktop\999_cs\Quantum_Inpired_PSO_Classifcation\MRI_dataset\Magnetic Resonance (MR) Brain\Magnetic_Resonance_(MR)_Brain339.jpg,Magnetic Resonance (MR) Brain
C:\Users\HishamMo\Desktop\999_cs\Quantum_Inpired_PSO_Classifcation\MRI_dataset\Magnetic Resonance (MR) Brain\Magnetic_Resonance_(MR)_Brain340.jpg,Magnetic Resonance (MR) Brain
C:\Users\HishamMo\Desktop\999_cs\Quantum_Inpired_PSO_Classifcation\MRI_dataset\Magnetic Resonance (MR) Brain\Magnetic_Resonance_(MR)_Brain341.jpg,Magnetic Resonance (MR) Brain
C:\Users\HishamMo\Desktop\999_cs\Quantum_Inpired_PSO_Classifcation\MRI_dataset\Magnetic Resonance (MR) Brain\Magnetic_Resonance_(MR)_Brain342.jpg,Magnetic Resonance (MR) Brain
C:\Users\HishamMo\Desktop\999_cs\Quantum_Inpired_PSO_Classifcation\MRI_dataset\Magnetic Resonance (MR) Brain\Magnetic_Resonance_(MR)_Brain343.jpg,Magnetic Resonance (MR) Brain
C:\Users\HishamMo\Desktop\999_cs\Quantum_Inpired_PSO_Classifcation\MRI_dataset\Magnetic Resonance (MR) Brain\Magnetic_Resonance_(MR)_Brain344.jpg,Magnetic Resonance (MR) Brain
C:\Users\HishamMo\Desktop\999_cs\Quantum_Inpired_PSO_Classifcation\MRI_dataset\Magnetic Resonance (MR) Brain\Magnetic_Resonance_(MR)_Brain345.jpg,Magnetic Resonance (MR) Brain
C:\Users\HishamMo\Desktop\999_cs\Quantum_Inpired_PSO_Classifcation\MRI_dataset\Magnetic Resonance (MR) Brain\Magnetic_Resonance_(MR)_Brain346.jpg,Magnetic Resonance (MR) Brain
C:\Users\HishamMo\Desktop\999_cs\Quantum_Inpired_PSO_Classifcation\MRI_dataset\Magnetic Resonance (MR) Brain\Magnetic_Resonance_(MR)_Brain347.jpg,Magnetic Resonance (MR) Brain
C:\Users\HishamMo\Desktop\999_cs\Quantum_Inpired_PSO_Classifcation\MRI_dataset\Magnetic Resonance (MR) Brain\Magnetic_Resonance_(MR)_Brain348.jpg,Magnetic Resonance (MR) Brain
C:\Users\HishamMo\Desktop\999_cs\Quantum_Inpired_PSO_Classifcation\MRI_dataset\Magnetic Resonance (MR) Brain\Magnetic_Resonance_(MR)_Brain349.jpg,Magnetic Resonance (MR) Brain
C:\Users\HishamMo\Desktop\999_cs\Quantum_Inpired_PSO_Classifcation\MRI_dataset\Magnetic Resonance (MR) Brain\Magnetic_Resonance_(MR)_Brain350.jpg,Magnetic Resonance (MR) Brain
C:\Users\HishamMo\Desktop\999_cs\Quantum_Inpired_PSO_Classifcation\MRI_dataset\Magnetic Resonance (MR) Brain\Magnetic_Resonance_(MR)_Brain351.jpg,Magnetic Resonance (MR) Brain
C:\Users\HishamMo\Desktop\999_cs\Quantum_Inpired_PSO_Classifcation\MRI_dataset\Magnetic Resonance (MR) Brain\Magnetic_Resonance_(MR)_Brain352.jpg,Magnetic Resonance (MR) Brain
C:\Users\HishamMo\Desktop\999_cs\Quantum_Inpired_PSO_Classifcation\MRI_dataset\Magnetic Resonance (MR) Brain\Magnetic_Resonance_(MR)_Brain353.jpg,Magnetic Resonance (MR) Brain
C:\Users\HishamMo\Desktop\999_cs\Quantum_Inpired_PSO_Classifcation\MRI_dataset\Magnetic Resonance (MR) Brain\Magnetic_Resonance_(MR)_Brain354.jpg,Magnetic Resonance (MR) Brain
C:\Users\HishamMo\Desktop\999_cs\Quantum_Inpired_PSO_Classifcation\MRI_dataset\Magnetic Resonance (MR) Brain\Magnetic_Resonance_(MR)_Brain355.jpg,Magnetic Resonance (MR) Brain
C:\Users\HishamMo\Desktop\999_cs\Quantum_Inpired_PSO_Classifcation\MRI_dataset\Magnetic Resonance (MR) Brain\Magnetic_Resonance_(MR)_Brain356.jpg,Magnetic Resonance (MR) Brain
C:\Users\HishamMo\Desktop\999_cs\Quantum_Inpired_PSO_Classifcation\MRI_dataset\Magnetic Resonance (MR) Brain\Magnetic_Resonance_(MR)_Brain357.jpg,Magnetic Resonance (MR) Brain
C:\Users\HishamMo\Desktop\999_cs\Quantum_Inpired_PSO_Classifcation\MRI_dataset\Magnetic Resonance (MR) Brain\Magnetic_Resonance_(MR)_Brain358.jpg,Magnetic Resonance (MR) Brain
C:\Users\HishamMo\Desktop\999_cs\Quantum_Inpired_PSO_Classifcation\MRI_dataset\Magnetic Resonance (MR) Brain\Magnetic_Resonance_(MR)_Brain359.jpg,Magnetic Resonance (MR) Brain
C:\Users\HishamMo\Desktop\999_cs\Quantum_Inpired_PSO_Classifcation\MRI_dataset\Magnetic Resonance (MR) Brain\Magnetic_Resonance_(MR)_Brain360.jpg,Magnetic Resonance (MR) Brain
C:\Users\HishamMo\Desktop\999_cs\Quantum_Inpired_PSO_Classifcation\MRI_dataset\Magnetic Resonance (MR) Brain\Magnetic_Resonance_(MR)_Brain361.jpg,Magnetic Resonance (MR) Brain
C:\Users\HishamMo\Desktop\999_cs\Quantum_Inpired_PSO_Classifcation\MRI_dataset\Magnetic Resonance (MR) Brain\Magnetic_Resonance_(MR)_Brain362.jpg,Magnetic Resonance (MR) Brain
C:\Users\HishamMo\Desktop\999_cs\Quantum_Inpired_PSO_Classifcation\MRI_dataset\Magnetic Resonance (MR) Brain\Magnetic_Resonance_(MR)_Brain363.jpg,Magnetic Resonance (MR) Brain
C:\Users\HishamMo\Desktop\999_cs\Quantum_Inpired_PSO_Classifcation\MRI_dataset\Magnetic Resonance (MR) Brain\Magnetic_Resonance_(MR)_Brain364.jpg,Magnetic Resonance (MR) Brain
C:\Users\HishamMo\Desktop\999_cs\Quantum_Inpired_PSO_Classifcation\MRI_dataset\Magnetic Resonance (MR) Brain\Magnetic_Resonance_(MR)_Brain365.jpg,Magnetic Resonance (MR) Brain
C:\Users\HishamMo\Desktop\999_cs\Quantum_Inpired_PSO_Classifcation\MRI_dataset\Magnetic Resonance (MR) Brain\Magnetic_Resonance_(MR)_Brain366.jpg,Magnetic Resonance (MR) Brain
C:\Users\HishamMo\Desktop\999_cs\Quantum_Inpired_PSO_Classifcation\MRI_dataset\Magnetic Resonance (MR) Brain\Magnetic_Resonance_(MR)_Brain367.jpg,Magnetic Resonance (MR) Brain
C:\Users\HishamMo\Desktop\999_cs\Quantum_Inpired_PSO_Classifcation\MRI_dataset\Magnetic Resonance (MR) Brain\Magnetic_Resonance_(MR)_Brain368.jpg,Magnetic Resonance (MR) Brain
C:\Users\HishamMo\Desktop\999_cs\Quantum_Inpired_PSO_Classifcation\MRI_dataset\Magnetic Resonance (MR) Brain\Magnetic_Resonance_(MR)_Brain369.jpg,Magnetic Resonance (MR) Brain
C:\Users\HishamMo\Desktop\999_cs\Quantum_Inpired_PSO_Classifcation\MRI_dataset\Magnetic Resonance (MR) Brain\Magnetic_Resonance_(MR)_Brain370.jpg,Magnetic Resonance (MR) Brain
C:\Users\HishamMo\Desktop\999_cs\Quantum_Inpired_PSO_Classifcation\MRI_dataset\Magnetic Resonance (MR) Brain\Magnetic_Resonance_(MR)_Brain371.jpg,Magnetic Resonance (MR) Brain
C:\Users\HishamMo\Desktop\999_cs\Quantum_Inpired_PSO_Classifcation\MRI_dataset\Magnetic Resonance (MR) Brain\Magnetic_Resonance_(MR)_Brain372.jpg,Magnetic Resonance (MR) Brain
C:\Users\HishamMo\Desktop\999_cs\Quantum_Inpired_PSO_Classifcation\MRI_dataset\Magnetic Resonance (MR) Brain\Magnetic_Resonance_(MR)_Brain373.jpg,Magnetic Resonance (MR) Brain
C:\Users\HishamMo\Desktop\999_cs\Quantum_Inpired_PSO_Classifcation\MRI_dataset\Magnetic Resonance (MR) Brain\Magnetic_Resonance_(MR)_Brain374.jpg,Magnetic Resonance (MR) Brain
C:\Users\HishamMo\Desktop\999_cs\Quantum_Inpired_PSO_Classifcation\MRI_dataset\Magnetic Resonance (MR) Brain\Magnetic_Resonance_(MR)_Brain375.jpg,Magnetic Resonance (MR) Brain
C:\Users\HishamMo\Desktop\999_cs\Quantum_Inpired_PSO_Classifcation\MRI_dataset\Magnetic Resonance (MR) Brain\Magnetic_Resonance_(MR)_Brain376.jpg,Magnetic Resonance (MR) Brain
C:\Users\HishamMo\Desktop\999_cs\Quantum_Inpired_PSO_Classifcation\MRI_dataset\Magnetic Resonance (MR) Brain\Magnetic_Resonance_(MR)_Brain377.jpg,Magnetic Resonance (MR) Brain
C:\Users\HishamMo\Desktop\999_cs\Quantum_Inpired_PSO_Classifcation\MRI_dataset\Magnetic Resonance (MR) Brain\Magnetic_Resonance_(MR)_Brain378.jpg,Magnetic Resonance (MR) Brain
C:\Users\HishamMo\Desktop\999_cs\Quantum_Inpired_PSO_Classifcation\MRI_dataset\Magnetic Resonance (MR) Brain\Magnetic_Resonance_(MR)_Brain379.jpg,Magnetic Resonance (MR) Brain
C:\Users\HishamMo\Desktop\999_cs\Quantum_Inpired_PSO_Classifcation\MRI_dataset\Magnetic Resonance (MR) Brain\Magnetic_Resonance_(MR)_Brain380.jpg,Magnetic Resonance (MR) Brain
C:\Users\HishamMo\Desktop\999_cs\Quantum_Inpired_PSO_Classifcation\MRI_dataset\Magnetic Resonance (MR) Brain\Magnetic_Resonance_(MR)_Brain381.jpg,Magnetic Resonance (MR) Brain
C:\Users\HishamMo\Desktop\999_cs\Quantum_Inpired_PSO_Classifcation\MRI_dataset\Magnetic Resonance (MR) Brain\Magnetic_Resonance_(MR)_Brain382.jpg,Magnetic Resonance (MR) Brain
C:\Users\HishamMo\Desktop\999_cs\Quantum_Inpired_PSO_Classifcation\MRI_dataset\Magnetic Resonance (MR) Brain\Magnetic_Resonance_(MR)_Brain383.jpg,Magnetic Resonance (MR) Brain
C:\Users\HishamMo\Desktop\999_cs\Quantum_Inpired_PSO_Classifcation\MRI_dataset\Magnetic Resonance (MR) Brain\Magnetic_Resonance_(MR)_Brain384.jpg,Magnetic Resonance (MR) Brain
C:\Users\HishamMo\Desktop\999_cs\Quantum_Inpired_PSO_Classifcation\MRI_dataset\Magnetic Resonance (MR) Brain\Magnetic_Resonance_(MR)_Brain385.jpg,Magnetic Resonance (MR) Brain
C:\Users\HishamMo\Desktop\999_cs\Quantum_Inpired_PSO_Classifcation\MRI_dataset\Magnetic Resonance (MR) Brain\Magnetic_Resonance_(MR)_Brain386.jpg,Magnetic Resonance (MR) Brain
C:\Users\HishamMo\Desktop\999_cs\Quantum_Inpired_PSO_Classifcation\MRI_dataset\Magnetic Resonance (MR) Brain\Magnetic_Resonance_(MR)_Brain387.jpg,Magnetic Resonance (MR) Brain
C:\Users\HishamMo\Desktop\999_cs\Quantum_Inpired_PSO_Classifcation\MRI_dataset\Magnetic Resonance (MR) Brain\Magnetic_Resonance_(MR)_Brain388.jpg,Magnetic Resonance (MR) Brain
C:\Users\HishamMo\Desktop\999_cs\Quantum_Inpired_PSO_Classifcation\MRI_dataset\Magnetic Resonance (MR) Brain\Magnetic_Resonance_(MR)_Brain389.jpg,Magnetic Resonance (MR) Brain
C:\Users\HishamMo\Desktop\999_cs\Quantum_Inpired_PSO_Classifcation\MRI_dataset\Magnetic Resonance (MR) Brain\Magnetic_Resonance_(MR)_Brain390.jpg,Magnetic Resonance (MR) Brain
C:\Users\HishamMo\Desktop\999_cs\Quantum_Inpired_PSO_Classifcation\MRI_dataset\Magnetic Resonance (MR) Brain\Magnetic_Resonance_(MR)_Brain391.jpg,Magnetic Resonance (MR) Brain
C:\Users\HishamMo\Desktop\999_cs\Quantum_Inpired_PSO_Classifcation\MRI_dataset\Magnetic Resonance (MR) Brain\Magnetic_Resonance_(MR)_Brain392.jpg,Magnetic Resonance (MR) Brain
C:\Users\HishamMo\Desktop\999_cs\Quantum_Inpired_PSO_Classifcation\MRI_dataset\Magnetic Resonance (MR) Brain\Magnetic_Resonance_(MR)_Brain393.jpg,Magnetic Resonance (MR) Brain
C:\Users\HishamMo\Desktop\999_cs\Quantum_Inpired_PSO_Classifcation\MRI_dataset\Magnetic Resonance (MR) Brain\Magnetic_Resonance_(MR)_Brain394.jpg,Magnetic Resonance (MR) Brain
C:\Users\HishamMo\Desktop\999_cs\Quantum_Inpired_PSO_Classifcation\MRI_dataset\Magnetic Resonance (MR) Brain\Magnetic_Resonance_(MR)_Brain395.jpg,Magnetic Resonance (MR) Brain
C:\Users\HishamMo\Desktop\999_cs\Quantum_Inpired_PSO_Classifcation\MRI_dataset\Magnetic Resonance (MR) Brain\Magnetic_Resonance_(MR)_Brain396.jpg,Magnetic Resonance (MR) Brain
C:\Users\HishamMo\Desktop\999_cs\Quantum_Inpired_PSO_Classifcation\MRI_dataset\Magnetic Resonance (MR) Brain\Magnetic_Resonance_(MR)_Brain397.jpg,Magnetic Resonance (MR) Brain
C:\Users\HishamMo\Desktop\999_cs\Quantum_Inpired_PSO_Classifcation\MRI_dataset\Magnetic Resonance (MR) Brain\Magnetic_Resonance_(MR)_Brain398.jpg,Magnetic Resonance (MR) Brain
C:\Users\HishamMo\Desktop\999_cs\Quantum_Inpired_PSO_Classifcation\MRI_dataset\Magnetic Resonance (MR) Brain\Magnetic_Resonance_(MR)_Brain399.jpg,Magnetic Resonance (MR) Brain
C:\Users\HishamMo\Desktop\999_cs\Quantum_Inpired_PSO_Classifcation\MRI_dataset\Magnetic Resonance (MR) Brain\Magnetic_Resonance_(MR)_Brain400.jpg,Magnetic Resonance (MR) Brain
C:\Users\HishamMo\Desktop\999_cs\Quantum_Inpired_PSO_Classifcation\MRI_dataset\Magnetic Resonance (MR) Brain\Magnetic_Resonance_(MR)_Brain401.jpg,Magnetic Resonance (MR) Brain
C:\Users\HishamMo\Desktop\999_cs\Quantum_Inpired_PSO_Classifcation\MRI_dataset\Magnetic Resonance (MR) Brain\Magnetic_Resonance_(MR)_Brain402.jpg,Magnetic Resonance (MR) Brain
C:\Users\HishamMo\Desktop\999_cs\Quantum_Inpired_PSO_Classifcation\MRI_dataset\Magnetic Resonance (MR) Brain\Magnetic_Resonance_(MR)_Brain403.jpg,Magnetic Resonance (MR) Brain
C:\Users\HishamMo\Desktop\999_cs\Quantum_Inpired_PSO_Classifcation\MRI_dataset\Magnetic Resonance (MR) Brain\Magnetic_Resonance_(MR)_Brain404.jpg,Magnetic Resonance (MR) Brain
C:\Users\HishamMo\Desktop\999_cs\Quantum_Inpired_PSO_Classifcation\MRI_dataset\Magnetic Resonance (MR) Brain\Magnetic_Resonance_(MR)_Brain405.jpg,Magnetic Resonance (MR) Brain
C:\Users\HishamMo\Desktop\999_cs\Quantum_Inpired_PSO_Classifcation\MRI_dataset\Magnetic Resonance (MR) Brain\Magnetic_Resonance_(MR)_Brain406.jpg,Magnetic Resonance (MR) Brain
C:\Users\HishamMo\Desktop\999_cs\Quantum_Inpired_PSO_Classifcation\MRI_dataset\Magnetic Resonance (MR) Brain\Magnetic_Resonance_(MR)_Brain407.jpg,Magnetic Resonance (MR) Brain
C:\Users\HishamMo\Desktop\999_cs\Quantum_Inpired_PSO_Classifcation\MRI_dataset\Magnetic Resonance (MR) Brain\Magnetic_Resonance_(MR)_Brain408.jpg,Magnetic Resonance (MR) Brain
C:\Users\HishamMo\Desktop\999_cs\Quantum_Inpired_PSO_Classifcation\MRI_dataset\Magnetic Resonance (MR) Brain\Magnetic_Resonance_(MR)_Brain409.jpg,Magnetic Resonance (MR) Brain
C:\Users\HishamMo\Desktop\999_cs\Quantum_Inpired_PSO_Classifcation\MRI_dataset\Magnetic Resonance (MR) Brain\Magnetic_Resonance_(MR)_Brain410.jpg,Magnetic Resonance (MR) Brain
C:\Users\HishamMo\Desktop\999_cs\Quantum_Inpired_PSO_Classifcation\MRI_dataset\Magnetic Resonance (MR) Brain\Magnetic_Resonance_(MR)_Brain411.jpg,Magnetic Resonance (MR) Brain
C:\Users\HishamMo\Desktop\999_cs\Quantum_Inpired_PSO_Classifcation\MRI_dataset\Magnetic Resonance (MR) Brain\Magnetic_Resonance_(MR)_Brain412.jpg,Magnetic Resonance (MR) Brain
C:\Users\HishamMo\Desktop\999_cs\Quantum_Inpired_PSO_Classifcation\MRI_dataset\Magnetic Resonance (MR) Brain\Magnetic_Resonance_(MR)_Brain413.jpg,Magnetic Resonance (MR) Brain
C:\Users\HishamMo\Desktop\999_cs\Quantum_Inpired_PSO_Classifcation\MRI_dataset\Magnetic Resonance (MR) Brain\Magnetic_Resonance_(MR)_Brain414.jpg,Magnetic Resonance (MR) Brain
C:\Users\HishamMo\Desktop\999_cs\Quantum_Inpired_PSO_Classifcation\MRI_dataset\Magnetic Resonance (MR) Brain\Magnetic_Resonance_(MR)_Brain415.jpg,Magnetic Resonance (MR) Brain
C:\Users\HishamMo\Desktop\999_cs\Quantum_Inpired_PSO_Classifcation\MRI_dataset\Magnetic Resonance (MR) Brain\Magnetic_Resonance_(MR)_Brain416.jpg,Magnetic Resonance (MR) Brain
C:\Users\HishamMo\Desktop\999_cs\Quantum_Inpired_PSO_Classifcation\MRI_dataset\Magnetic Resonance (MR) Brain\Magnetic_Resonance_(MR)_Brain417.jpg,Magnetic Resonance (MR) Brain
C:\Users\HishamMo\Desktop\999_cs\Quantum_Inpired_PSO_Classifcation\MRI_dataset\Magnetic Resonance (MR) Brain\Magnetic_Resonance_(MR)_Brain418.jpg,Magnetic Resonance (MR) Brain
C:\Users\HishamMo\Desktop\999_cs\Quantum_Inpired_PSO_Classifcation\MRI_dataset\Magnetic Resonance (MR) Brain\Magnetic_Resonance_(MR)_Brain419.jpg,Magnetic Resonance (MR) Brain
C:\Users\HishamMo\Desktop\999_cs\Quantum_Inpired_PSO_Classifcation\MRI_dataset\Magnetic Resonance (MR) Brain\Magnetic_Resonance_(MR)_Brain420.jpg,Magnetic Resonance (MR) Brain
C:\Users\HishamMo\Desktop\999_cs\Quantum_Inpired_PSO_Classifcation\MRI_dataset\Magnetic Resonance (MR) Brain\Magnetic_Resonance_(MR)_Brain421.jpg,Magnetic Resonance (MR) Brain
C:\Users\HishamMo\Desktop\999_cs\Quantum_Inpired_PSO_Classifcation\MRI_dataset\Magnetic Resonance (MR) Brain\Magnetic_Resonance_(MR)_Brain422.jpg,Magnetic Resonance (MR) Brain
C:\Users\HishamMo\Desktop\999_cs\Quantum_Inpired_PSO_Classifcation\MRI_dataset\Magnetic Resonance (MR) Brain\Magnetic_Resonance_(MR)_Brain423.jpg,Magnetic Resonance (MR) Brain
C:\Users\HishamMo\Desktop\999_cs\Quantum_Inpired_PSO_Classifcation\MRI_dataset\Magnetic Resonance (MR) Brain\Magnetic_Resonance_(MR)_Brain424.jpg,Magnetic Resonance (MR) Brain
C:\Users\HishamMo\Desktop\999_cs\Quantum_Inpired_PSO_Classifcation\MRI_dataset\Magnetic Resonance (MR) Brain\Magnetic_Resonance_(MR)_Brain425.jpg,Magnetic Resonance (MR) Brain
C:\Users\HishamMo\Desktop\999_cs\Quantum_Inpired_PSO_Classifcation\MRI_dataset\Magnetic Resonance (MR) Brain\Magnetic_Resonance_(MR)_Brain426.jpg,Magnetic Resonance (MR) Brain
C:\Users\HishamMo\Desktop\999_cs\Quantum_Inpired_PSO_Classifcation\MRI_dataset\Magnetic Resonance (MR) Brain\Magnetic_Resonance_(MR)_Brain427.jpg,Magnetic Resonance (MR) Brain
C:\Users\HishamMo\Desktop\999_cs\Quantum_Inpired_PSO_Classifcation\MRI_dataset\Magnetic Resonance (MR) Brain\Magnetic_Resonance_(MR)_Brain428.jpg,Magnetic Resonance (MR) Brain
C:\Users\HishamMo\Desktop\999_cs\Quantum_Inpired_PSO_Classifcation\MRI_dataset\Magnetic Resonance (MR) Brain\Magnetic_Resonance_(MR)_Brain429.jpg,Magnetic Resonance (MR) Brain
C:\Users\HishamMo\Desktop\999_cs\Quantum_Inpired_PSO_Classifcation\MRI_dataset\Magnetic Resonance (MR) Brain\Magnetic_Resonance_(MR)_Brain430.jpg,Magnetic Resonance (MR) Brain
C:\Users\HishamMo\Desktop\999_cs\Quantum_Inpired_PSO_Classifcation\MRI_dataset\Magnetic Resonance (MR) Brain\Magnetic_Resonance_(MR)_Brain431.jpg,Magnetic Resonance (MR) Brain
C:\Users\HishamMo\Desktop\999_cs\Quantum_Inpired_PSO_Classifcation\MRI_dataset\Magnetic Resonance (MR) Brain\Magnetic_Resonance_(MR)_Brain432.jpg,Magnetic Resonance (MR) Brain
C:\Users\HishamMo\Desktop\999_cs\Quantum_Inpired_PSO_Classifcation\MRI_dataset\Magnetic Resonance (MR) Brain\Magnetic_Resonance_(MR)_Brain433.jpg,Magnetic Resonance (MR) Brain
C:\Users\HishamMo\Desktop\999_cs\Quantum_Inpired_PSO_Classifcation\MRI_dataset\Magnetic Resonance (MR) Brain\Magnetic_Resonance_(MR)_Brain434.jpg,Magnetic Resonance (MR) Brain
C:\Users\HishamMo\Desktop\999_cs\Quantum_Inpired_PSO_Classifcation\MRI_dataset\Magnetic Resonance (MR) Brain\Magnetic_Resonance_(MR)_Brain435.jpg,Magnetic Resonance (MR) Brain
C:\Users\HishamMo\Desktop\999_cs\Quantum_Inpired_PSO_Classifcation\MRI_dataset\Magnetic Resonance (MR) Brain\Magnetic_Resonance_(MR)_Brain436.jpg,Magnetic Resonance (MR) Brain
C:\Users\HishamMo\Desktop\999_cs\Quantum_Inpired_PSO_Classifcation\MRI_dataset\Magnetic Resonance (MR) Brain\Magnetic_Resonance_(MR)_Brain437.jpg,Magnetic Resonance (MR) Brain
C:\Users\HishamMo\Desktop\999_cs\Quantum_Inpired_PSO_Classifcation\MRI_dataset\Magnetic Resonance (MR) Brain\Magnetic_Resonance_(MR)_Brain438.jpg,Magnetic Resonance (MR) Brain
C:\Users\HishamMo\Desktop\999_cs\Quantum_Inpired_PSO_Classifcation\MRI_dataset\Magnetic Resonance (MR) Brain\Magnetic_Resonance_(MR)_Brain439.jpg,Magnetic Resonance (MR) Brain
C:\Users\HishamMo\Desktop\999_cs\Quantum_Inpired_PSO_Classifcation\MRI_dataset\Magnetic Resonance (MR) Brain\Magnetic_Resonance_(MR)_Brain440.jpg,Magnetic Resonance (MR) Brain
C:\Users\HishamMo\Desktop\999_cs\Quantum_Inpired_PSO_Classifcation\MRI_dataset\Magnetic Resonance (MR) Brain\Magnetic_Resonance_(MR)_Brain441.jpg,Magnetic Resonance (MR) Brain
C:\Users\HishamMo\Desktop\999_cs\Quantum_Inpired_PSO_Classifcation\MRI_dataset\Magnetic Resonance (MR) Brain\Magnetic_Resonance_(MR)_Brain442.jpg,Magnetic Resonance (MR) Brain
C:\Users\HishamMo\Desktop\999_cs\Quantum_Inpired_PSO_Classifcation\MRI_dataset\Magnetic Resonance (MR) Brain\Magnetic_Resonance_(MR)_Brain443.jpg,Magnetic Resonance (MR) Brain
C:\Users\HishamMo\Desktop\999_cs\Quantum_Inpired_PSO_Classifcation\MRI_dataset\Magnetic Resonance (MR) Brain\Magnetic_Resonance_(MR)_Brain444.jpg,Magnetic Resonance (MR) Brain
C:\Users\HishamMo\Desktop\999_cs\Quantum_Inpired_PSO_Classifcation\MRI_dataset\Magnetic Resonance (MR) Brain\Magnetic_Resonance_(MR)_Brain445.jpg,Magnetic Resonance (MR) Brain
C:\Users\HishamMo\Desktop\999_cs\Quantum_Inpired_PSO_Classifcation\MRI_dataset\Magnetic Resonance (MR) Brain\Magnetic_Resonance_(MR)_Brain446.jpg,Magnetic Resonance (MR) Brain
C:\Users\HishamMo\Desktop\999_cs\Quantum_Inpired_PSO_Classifcation\MRI_dataset\Magnetic Resonance (MR) Brain\Magnetic_Resonance_(MR)_Brain447.jpg,Magnetic Resonance (MR) Brain
C:\Users\HishamMo\Desktop\999_cs\Quantum_Inpired_PSO_Classifcation\MRI_dataset\Magnetic Resonance (MR) Brain\Magnetic_Resonance_(MR)_Brain448.jpg,Magnetic Resonance (MR) Brain
C:\Users\HishamMo\Desktop\999_cs\Quantum_Inpired_PSO_Classifcation\MRI_dataset\Magnetic Resonance (MR) Brain\Magnetic_Resonance_(MR)_Brain449.jpg,Magnetic Resonance (MR) Brain
C:\Users\HishamMo\Desktop\999_cs\Quantum_Inpired_PSO_Classifcation\MRI_dataset\Magnetic Resonance (MR) Brain\Magnetic_Resonance_(MR)_Brain450.jpg,Magnetic Resonance (MR) Brain
C:\Users\HishamMo\Desktop\999_cs\Quantum_Inpired_PSO_Classifcation\MRI_dataset\Magnetic Resonance (MR) Brain\Magnetic_Resonance_(MR)_Brain451.jpg,Magnetic Resonance (MR) Brain
C:\Users\HishamMo\Desktop\999_cs\Quantum_Inpired_PSO_Classifcation\MRI_dataset\Magnetic Resonance (MR) Brain\Magnetic_Resonance_(MR)_Brain452.jpg,Magnetic Resonance (MR) Brain
C:\Users\HishamMo\Desktop\999_cs\Quantum_Inpired_PSO_Classifcation\MRI_dataset\Magnetic Resonance (MR) Brain\Magnetic_Resonance_(MR)_Brain453.jpg,Magnetic Resonance (MR) Brain
C:\Users\HishamMo\Desktop\999_cs\Quantum_Inpired_PSO_Classifcation\MRI_dataset\Magnetic Resonance (MR) Brain\Magnetic_Resonance_(MR)_Brain454.jpg,Magnetic Resonance (MR) Brain
C:\Users\HishamMo\Desktop\999_cs\Quantum_Inpired_PSO_Classifcation\MRI_dataset\Magnetic Resonance (MR) Brain\Magnetic_Resonance_(MR)_Brain455.jpg,Magnetic Resonance (MR) Brain
C:\Users\HishamMo\Desktop\999_cs\Quantum_Inpired_PSO_Classifcation\MRI_dataset\Magnetic Resonance (MR) Brain\Magnetic_Resonance_(MR)_Brain456.jpg,Magnetic Resonance (MR) Brain
C:\Users\HishamMo\Desktop\999_cs\Quantum_Inpired_PSO_Classifcation\MRI_dataset\Magnetic Resonance (MR) Brain\Magnetic_Resonance_(MR)_Brain457.jpg,Magnetic Resonance (MR) Brain
C:\Users\HishamMo\Desktop\999_cs\Quantum_Inpired_PSO_Classifcation\MRI_dataset\Magnetic Resonance (MR) Brain\Magnetic_Resonance_(MR)_Brain458.jpg,Magnetic Resonance (MR) Brain
C:\Users\HishamMo\Desktop\999_cs\Quantum_Inpired_PSO_Classifcation\MRI_dataset\Magnetic Resonance (MR) Brain\Magnetic_Resonance_(MR)_Brain459.jpg,Magnetic Resonance (MR) Brain
C:\Users\HishamMo\Desktop\999_cs\Quantum_Inpired_PSO_Classifcation\MRI_dataset\Magnetic Resonance (MR) Brain\Magnetic_Resonance_(MR)_Brain460.jpg,Magnetic Resonance (MR) Brain
C:\Users\HishamMo\Desktop\999_cs\Quantum_Inpired_PSO_Classifcation\MRI_dataset\Magnetic Resonance (MR) Brain\Magnetic_Resonance_(MR)_Brain461.jpg,Magnetic Resonance (MR) Brain
C:\Users\HishamMo\Desktop\999_cs\Quantum_Inpired_PSO_Classifcation\MRI_dataset\Magnetic Resonance (MR) Brain\Magnetic_Resonance_(MR)_Brain462.jpg,Magnetic Resonance (MR) Brain
C:\Users\HishamMo\Desktop\999_cs\Quantum_Inpired_PSO_Classifcation\MRI_dataset\Magnetic Resonance (MR) Brain\Magnetic_Resonance_(MR)_Brain463.jpg,Magnetic Resonance (MR) Brain
C:\Users\HishamMo\Desktop\999_cs\Quantum_Inpired_PSO_Classifcation\MRI_dataset\Magnetic Resonance (MR) Brain\Magnetic_Resonance_(MR)_Brain464.jpg,Magnetic Resonance (MR) Brain
C:\Users\HishamMo\Desktop\999_cs\Quantum_Inpired_PSO_Classifcation\MRI_dataset\Magnetic Resonance (MR) Brain\Magnetic_Resonance_(MR)_Brain465.jpg,Magnetic Resonance (MR) Brain
C:\Users\HishamMo\Desktop\999_cs\Quantum_Inpired_PSO_Classifcation\MRI_dataset\Magnetic Resonance (MR) Brain\Magnetic_Resonance_(MR)_Brain466.jpg,Magnetic Resonance (MR) Brain
C:\Users\HishamMo\Desktop\999_cs\Quantum_Inpired_PSO_Classifcation\MRI_dataset\Magnetic Resonance (MR) Brain\Magnetic_Resonance_(MR)_Brain467.jpg,Magnetic Resonance (MR) Brain
C:\Users\HishamMo\Desktop\999_cs\Quantum_Inpired_PSO_Classifcation\MRI_dataset\Magnetic Resonance (MR) Brain\Magnetic_Resonance_(MR)_Brain468.jpg,Magnetic Resonance (MR) Brain
C:\Users\HishamMo\Desktop\999_cs\Quantum_Inpired_PSO_Classifcation\MRI_dataset\Magnetic Resonance (MR) Brain\Magnetic_Resonance_(MR)_Brain469.jpg,Magnetic Resonance (MR) Brain
C:\Users\HishamMo\Desktop\999_cs\Quantum_Inpired_PSO_Classifcation\MRI_dataset\Magnetic Resonance (MR) Brain\Magnetic_Resonance_(MR)_Brain470.jpg,Magnetic Resonance (MR) Brain
C:\Users\HishamMo\Desktop\999_cs\Quantum_Inpired_PSO_Classifcation\MRI_dataset\Magnetic Resonance (MR) Brain\Magnetic_Resonance_(MR)_Brain471.jpg,Magnetic Resonance (MR) Brain
C:\Users\HishamMo\Desktop\999_cs\Quantum_Inpired_PSO_Classifcation\MRI_dataset\Magnetic Resonance (MR) Brain\Magnetic_Resonance_(MR)_Brain472.jpg,Magnetic Resonance (MR) Brain
C:\Users\HishamMo\Desktop\999_cs\Quantum_Inpired_PSO_Classifcation\MRI_dataset\Magnetic Resonance (MR) Brain\Magnetic_Resonance_(MR)_Brain473.jpg,Magnetic Resonance (MR) Brain
C:\Users\HishamMo\Desktop\999_cs\Quantum_Inpired_PSO_Classifcation\MRI_dataset\Magnetic Resonance (MR) Brain\Magnetic_Resonance_(MR)_Brain474.jpg,Magnetic Resonance (MR) Brain
C:\Users\HishamMo\Desktop\999_cs\Quantum_Inpired_PSO_Classifcation\MRI_dataset\Magnetic Resonance (MR) Brain\Magnetic_Resonance_(MR)_Brain475.jpg,Magnetic Resonance (MR) Brain
C:\Users\HishamMo\Desktop\999_cs\Quantum_Inpired_PSO_Classifcation\MRI_dataset\Magnetic Resonance (MR) Brain\Magnetic_Resonance_(MR)_Brain476.jpg,Magnetic Resonance (MR) Brain
C:\Users\HishamMo\Desktop\999_cs\Quantum_Inpired_PSO_Classifcation\MRI_dataset\Magnetic Resonance (MR) Brain\Magnetic_Resonance_(MR)_Brain477.jpg,Magnetic Resonance (MR) Brain
C:\Users\HishamMo\Desktop\999_cs\Quantum_Inpired_PSO_Classifcation\MRI_dataset\Magnetic Resonance (MR) Brain\Magnetic_Resonance_(MR)_Brain478.jpg,Magnetic Resonance (MR) Brain
C:\Users\HishamMo\Desktop\999_cs\Quantum_Inpired_PSO_Classifcation\MRI_dataset\Magnetic Resonance (MR) Brain\Magnetic_Resonance_(MR)_Brain479.jpg,Magnetic Resonance (MR) Brain
C:\Users\HishamMo\Desktop\999_cs\Quantum_Inpired_PSO_Classifcation\MRI_dataset\Magnetic Resonance (MR) Brain\Magnetic_Resonance_(MR)_Brain480.jpg,Magnetic Resonance (MR) Brain
C:\Users\HishamMo\Desktop\999_cs\Quantum_Inpired_PSO_Classifcation\MRI_dataset\Magnetic Resonance (MR) Brain\Magnetic_Resonance_(MR)_Brain481.jpg,Magnetic Resonance (MR) Brain
C:\Users\HishamMo\Desktop\999_cs\Quantum_Inpired_PSO_Classifcation\MRI_dataset\Magnetic Resonance (MR) Brain\Magnetic_Resonance_(MR)_Brain482.jpg,Magnetic Resonance (MR) Brain
C:\Users\HishamMo\Desktop\999_cs\Quantum_Inpired_PSO_Classifcation\MRI_dataset\Magnetic Resonance (MR) Brain\Magnetic_Resonance_(MR)_Brain483.jpg,Magnetic Resonance (MR) Brain
C:\Users\HishamMo\Desktop\999_cs\Quantum_Inpired_PSO_Classifcation\MRI_dataset\Magnetic Resonance (MR) Brain\Magnetic_Resonance_(MR)_Brain484.jpg,Magnetic Resonance (MR) Brain
C:\Users\HishamMo\Desktop\999_cs\Quantum_Inpired_PSO_Classifcation\MRI_dataset\Magnetic Resonance (MR) Brain\Magnetic_Resonance_(MR)_Brain485.jpg,Magnetic Resonance (MR) Brain
C:\Users\HishamMo\Desktop\999_cs\Quantum_Inpired_PSO_Classifcation\MRI_dataset\Magnetic Resonance (MR) Brain\Magnetic_Resonance_(MR)_Brain486.jpg,Magnetic Resonance (MR) Brain
C:\Users\HishamMo\Desktop\999_cs\Quantum_Inpired_PSO_Classifcation\MRI_dataset\Magnetic Resonance (MR) Brain\Magnetic_Resonance_(MR)_Brain487.jpg,Magnetic Resonance (MR) Brain
C:\Users\HishamMo\Desktop\999_cs\Quantum_Inpired_PSO_Classifcation\MRI_dataset\Magnetic Resonance (MR) Brain\Magnetic_Resonance_(MR)_Brain488.jpg,Magnetic Resonance (MR) Brain
C:\Users\HishamMo\Desktop\999_cs\Quantum_Inpired_PSO_Classifcation\MRI_dataset\Magnetic Resonance (MR) Brain\Magnetic_Resonance_(MR)_Brain489.jpg,Magnetic Resonance (MR) Brain
C:\Users\HishamMo\Desktop\999_cs\Quantum_Inpired_PSO_Classifcation\MRI_dataset\Magnetic Resonance (MR) Brain\Magnetic_Resonance_(MR)_Brain490.jpg,Magnetic Resonance (MR) Brain
C:\Users\HishamMo\Desktop\999_cs\Quantum_Inpired_PSO_Classifcation\MRI_dataset\Magnetic Resonance (MR) Brain\Magnetic_Resonance_(MR)_Brain491.jpg,Magnetic Resonance (MR) Brain
C:\Users\HishamMo\Desktop\999_cs\Quantum_Inpired_PSO_Classifcation\MRI_dataset\Magnetic Resonance (MR) Brain\Magnetic_Resonance_(MR)_Brain492.jpg,Magnetic Resonance (MR) Brain
C:\Users\HishamMo\Desktop\999_cs\Quantum_Inpired_PSO_Classifcation\MRI_dataset\Magnetic Resonance (MR) Brain\Magnetic_Resonance_(MR)_Brain493.jpg,Magnetic Resonance (MR) Brain
C:\Users\HishamMo\Desktop\999_cs\Quantum_Inpired_PSO_Classifcation\MRI_dataset\Magnetic Resonance (MR) Brain\Magnetic_Resonance_(MR)_Brain494.jpg,Magnetic Resonance (MR) Brain
C:\Users\HishamMo\Desktop\999_cs\Quantum_Inpired_PSO_Classifcation\MRI_dataset\Magnetic Resonance (MR) Brain\Magnetic_Resonance_(MR)_Brain495.jpg,Magnetic Resonance (MR) Brain
C:\Users\HishamMo\Desktop\999_cs\Quantum_Inpired_PSO_Classifcation\MRI_dataset\Magnetic Resonance (MR) Brain\Magnetic_Resonance_(MR)_Brain496.jpg,Magnetic Resonance (MR) Brain
C:\Users\HishamMo\Desktop\999_cs\Quantum_Inpired_PSO_Classifcation\MRI_dataset\Magnetic Resonance (MR) Brain\Magnetic_Resonance_(MR)_Brain497.jpg,Magnetic Resonance (MR) Brain
C:\Users\HishamMo\Desktop\999_cs\Quantum_Inpired_PSO_Classifcation\MRI_dataset\Magnetic Resonance (MR) Brain\Magnetic_Resonance_(MR)_Brain498.jpg,Magnetic Resonance (MR) Brain
C:\Users\HishamMo\Desktop\999_cs\Quantum_Inpired_PSO_Classifcation\MRI_dataset\Magnetic Resonance (MR) Brain\Magnetic_Resonance_(MR)_Brain499.jpg,Magnetic Resonance (MR) Brain
C:\Users\HishamMo\Desktop\999_cs\Quantum_Inpired_PSO_Classifcation\MRI_dataset\Magnetic Resonance (MR) Brain\Magnetic_Resonance_(MR)_Brain500.jpg,Magnetic Resonance (MR) Brain
C:\Users\HishamMo\Desktop\999_cs\Quantum_Inpired_PSO_Classifcation\MRI_dataset\Magnetic Resonance (MR) Brain\Magnetic_Resonance_(MR)_Brain501.jpg,Magnetic Resonance (MR) Brain
C:\Users\HishamMo\Desktop\999_cs\Quantum_Inpired_PSO_Classifcation\MRI_dataset\Magnetic Resonance (MR) Brain\Magnetic_Resonance_(MR)_Brain502.jpg,Magnetic Resonance (MR) Brain
C:\Users\HishamMo\Desktop\999_cs\Quantum_Inpired_PSO_Classifcation\MRI_dataset\Magnetic Resonance (MR) Brain\Magnetic_Resonance_(MR)_Brain503.jpg,Magnetic Resonance (MR) Brain
C:\Users\HishamMo\Desktop\999_cs\Quantum_Inpired_PSO_Classifcation\MRI_dataset\Magnetic Resonance (MR) Brain\Magnetic_Resonance_(MR)_Brain504.jpg,Magnetic Resonance (MR) Brain
C:\Users\HishamMo\Desktop\999_cs\Quantum_Inpired_PSO_Classifcation\MRI_dataset\Magnetic Resonance (MR) Brain\Magnetic_Resonance_(MR)_Brain505.jpg,Magnetic Resonance (MR) Brain
C:\Users\HishamMo\Desktop\999_cs\Quantum_Inpired_PSO_Classifcation\MRI_dataset\Magnetic Resonance (MR) Brain\Magnetic_Resonance_(MR)_Brain506.jpg,Magnetic Resonance (MR) Brain
C:\Users\HishamMo\Desktop\999_cs\Quantum_Inpired_PSO_Classifcation\MRI_dataset\Magnetic Resonance (MR) Brain\Magnetic_Resonance_(MR)_Brain507.jpg,Magnetic Resonance (MR) Brain
C:\Users\HishamMo\Desktop\999_cs\Quantum_Inpired_PSO_Classifcation\MRI_dataset\Magnetic Resonance (MR) Brain\Magnetic_Resonance_(MR)_Brain508.jpg,Magnetic Resonance (MR) Brain
C:\Users\HishamMo\Desktop\999_cs\Quantum_Inpired_PSO_Classifcation\MRI_dataset\Magnetic Resonance (MR) Brain\Magnetic_Resonance_(MR)_Brain509.jpg,Magnetic Resonance (MR) Brain
C:\Users\HishamMo\Desktop\999_cs\Quantum_Inpired_PSO_Classifcation\MRI_dataset\Magnetic Resonance (MR) Brain\Magnetic_Resonance_(MR)_Brain510.jpg,Magnetic Resonance (MR) Brain
C:\Users\HishamMo\Desktop\999_cs\Quantum_Inpired_PSO_Classifcation\MRI_dataset\Magnetic Resonance (MR) Brain\Magnetic_Resonance_(MR)_Brain511.jpg,Magnetic Resonance (MR) Brain
C:\Users\HishamMo\Desktop\999_cs\Quantum_Inpired_PSO_Classifcation\MRI_dataset\Magnetic Resonance (MR) Brain\Magnetic_Resonance_(MR)_Brain512.jpg,Magnetic Resonance (MR) Brain
C:\Users\HishamMo\Desktop\999_cs\Quantum_Inpired_PSO_Classifcation\MRI_dataset\Magnetic Resonance (MR) Brain\Magnetic_Resonance_(MR)_Brain513.jpg,Magnetic Resonance (MR) Brain
C:\Users\HishamMo\Desktop\999_cs\Quantum_Inpired_PSO_Classifcation\MRI_dataset\Magnetic Resonance (MR) Brain\Magnetic_Resonance_(MR)_Brain514.jpg,Magnetic Resonance (MR) Brain
C:\Users\HishamMo\Desktop\999_cs\Quantum_Inpired_PSO_Classifcation\MRI_dataset\Magnetic Resonance (MR) Brain\Magnetic_Resonance_(MR)_Brain515.jpg,Magnetic Resonance (MR) Brain
C:\Users\HishamMo\Desktop\999_cs\Quantum_Inpired_PSO_Classifcation\MRI_dataset\Magnetic Resonance (MR) Brain\Magnetic_Resonance_(MR)_Brain516.jpg,Magnetic Resonance (MR) Brain
C:\Users\HishamMo\Desktop\999_cs\Quantum_Inpired_PSO_Classifcation\MRI_dataset\Magnetic Resonance (MR) Brain\Magnetic_Resonance_(MR)_Brain517.jpg,Magnetic Resonance (MR) Brain
C:\Users\HishamMo\Desktop\999_cs\Quantum_Inpired_PSO_Classifcation\MRI_dataset\Magnetic Resonance (MR) Brain\Magnetic_Resonance_(MR)_Brain518.jpg,Magnetic Resonance (MR) Brain
C:\Users\HishamMo\Desktop\999_cs\Quantum_Inpired_PSO_Classifcation\MRI_dataset\Magnetic Resonance (MR) Brain\Magnetic_Resonance_(MR)_Brain519.jpg,Magnetic Resonance (MR) Brain
C:\Users\HishamMo\Desktop\999_cs\Quantum_Inpired_PSO_Classifcation\MRI_dataset\Magnetic Resonance (MR) Brain\Magnetic_Resonance_(MR)_Brain520.jpg,Magnetic Resonance (MR) Brain
C:\Users\HishamMo\Desktop\999_cs\Quantum_Inpired_PSO_Classifcation\MRI_dataset\Magnetic Resonance (MR) Brain\Magnetic_Resonance_(MR)_Brain521.jpg,Magnetic Resonance (MR) Brain
C:\Users\HishamMo\Desktop\999_cs\Quantum_Inpired_PSO_Classifcation\MRI_dataset\Magnetic Resonance (MR) Brain\Magnetic_Resonance_(MR)_Brain522.jpg,Magnetic Resonance (MR) Brain
C:\Users\HishamMo\Desktop\999_cs\Quantum_Inpired_PSO_Classifcation\MRI_dataset\Magnetic Resonance (MR) Brain\Magnetic_Resonance_(MR)_Brain523.jpg,Magnetic Resonance (MR) Brain
C:\Users\HishamMo\Desktop\999_cs\Quantum_Inpired_PSO_Classifcation\MRI_dataset\Magnetic Resonance (MR) Brain\Magnetic_Resonance_(MR)_Brain524.jpg,Magnetic Resonance (MR) Brain
C:\Users\HishamMo\Desktop\999_cs\Quantum_Inpired_PSO_Classifcation\MRI_dataset\Magnetic Resonance (MR) Brain\Magnetic_Resonance_(MR)_Brain525.jpg,Magnetic Resonance (MR) Brain
C:\Users\HishamMo\Desktop\999_cs\Quantum_Inpired_PSO_Classifcation\MRI_dataset\Magnetic Resonance (MR) Brain\Magnetic_Resonance_(MR)_Brain526.jpg,Magnetic Resonance (MR) Brain
C:\Users\HishamMo\Desktop\999_cs\Quantum_Inpired_PSO_Classifcation\MRI_dataset\Magnetic Resonance (MR) Brain\Magnetic_Resonance_(MR)_Brain527.jpg,Magnetic Resonance (MR) Brain
C:\Users\HishamMo\Desktop\999_cs\Quantum_Inpired_PSO_Classifcation\MRI_dataset\Magnetic Resonance (MR) Brain\Magnetic_Resonance_(MR)_Brain528.jpg,Magnetic Resonance (MR) Brain
C:\Users\HishamMo\Desktop\999_cs\Quantum_Inpired_PSO_Classifcation\MRI_dataset\Magnetic Resonance (MR) Brain\Magnetic_Resonance_(MR)_Brain529.jpg,Magnetic Resonance (MR) Brain
C:\Users\HishamMo\Desktop\999_cs\Quantum_Inpired_PSO_Classifcation\MRI_dataset\Magnetic Resonance (MR) Brain\Magnetic_Resonance_(MR)_Brain530.jpg,Magnetic Resonance (MR) Brain
C:\Users\HishamMo\Desktop\999_cs\Quantum_Inpired_PSO_Classifcation\MRI_dataset\Magnetic Resonance (MR) Brain\Magnetic_Resonance_(MR)_Brain531.jpg,Magnetic Resonance (MR) Brain
C:\Users\HishamMo\Desktop\999_cs\Quantum_Inpired_PSO_Classifcation\MRI_dataset\Magnetic Resonance (MR) Brain\Magnetic_Resonance_(MR)_Brain532.jpg,Magnetic Resonance (MR) Brain
C:\Users\HishamMo\Desktop\999_cs\Quantum_Inpired_PSO_Classifcation\MRI_dataset\Magnetic Resonance (MR) Brain\Magnetic_Resonance_(MR)_Brain533.jpg,Magnetic Resonance (MR) Brain
C:\Users\HishamMo\Desktop\999_cs\Quantum_Inpired_PSO_Classifcation\MRI_dataset\Magnetic Resonance (MR) Brain\Magnetic_Resonance_(MR)_Brain534.jpg,Magnetic Resonance (MR) Brain
C:\Users\HishamMo\Desktop\999_cs\Quantum_Inpired_PSO_Classifcation\MRI_dataset\Magnetic Resonance (MR) Brain\Magnetic_Resonance_(MR)_Brain535.jpg,Magnetic Resonance (MR) Brain
C:\Users\HishamMo\Desktop\999_cs\Quantum_Inpired_PSO_Classifcation\MRI_dataset\Magnetic Resonance (MR) Brain\Magnetic_Resonance_(MR)_Brain536.jpg,Magnetic Resonance (MR) Brain
C:\Users\HishamMo\Desktop\999_cs\Quantum_Inpired_PSO_Classifcation\MRI_dataset\Magnetic Resonance (MR) Brain\Magnetic_Resonance_(MR)_Brain537.jpg,Magnetic Resonance (MR) Brain
C:\Users\HishamMo\Desktop\999_cs\Quantum_Inpired_PSO_Classifcation\MRI_dataset\Magnetic Resonance (MR) Brain\Magnetic_Resonance_(MR)_Brain538.jpg,Magnetic Resonance (MR) Brain
C:\Users\HishamMo\Desktop\999_cs\Quantum_Inpired_PSO_Classifcation\MRI_dataset\Magnetic Resonance (MR) Brain\Magnetic_Resonance_(MR)_Brain539.jpg,Magnetic Resonance (MR) Brain
C:\Users\HishamMo\Desktop\999_cs\Quantum_Inpired_PSO_Classifcation\MRI_dataset\Magnetic Resonance (MR) Brain\Magnetic_Resonance_(MR)_Brain540.jpg,Magnetic Resonance (MR) Brain
C:\Users\HishamMo\Desktop\999_cs\Quantum_Inpired_PSO_Classifcation\MRI_dataset\Magnetic Resonance (MR) Brain\Magnetic_Resonance_(MR)_Brain541.jpg,Magnetic Resonance (MR) Brain
C:\Users\HishamMo\Desktop\999_cs\Quantum_Inpired_PSO_Classifcation\MRI_dataset\Magnetic Resonance (MR) Brain\Magnetic_Resonance_(MR)_Brain542.jpg,Magnetic Resonance (MR) Brain
C:\Users\HishamMo\Desktop\999_cs\Quantum_Inpired_PSO_Classifcation\MRI_dataset\Magnetic Resonance (MR) Brain\Magnetic_Resonance_(MR)_Brain543.jpg,Magnetic Resonance (MR) Brain
C:\Users\HishamMo\Desktop\999_cs\Quantum_Inpired_PSO_Classifcation\MRI_dataset\Magnetic Resonance (MR) Brain\Magnetic_Resonance_(MR)_Brain544.jpg,Magnetic Resonance (MR) Brain
C:\Users\HishamMo\Desktop\999_cs\Quantum_Inpired_PSO_Classifcation\MRI_dataset\Magnetic Resonance (MR) Brain\Magnetic_Resonance_(MR)_Brain545.jpg,Magnetic Resonance (MR) Brain
C:\Users\HishamMo\Desktop\999_cs\Quantum_Inpired_PSO_Classifcation\MRI_dataset\Magnetic Resonance (MR) Brain\Magnetic_Resonance_(MR)_Brain546.jpg,Magnetic Resonance (MR) Brain
C:\Users\HishamMo\Desktop\999_cs\Quantum_Inpired_PSO_Classifcation\MRI_dataset\Magnetic Resonance (MR) Brain\Magnetic_Resonance_(MR)_Brain547.jpg,Magnetic Resonance (MR) Brain
C:\Users\HishamMo\Desktop\999_cs\Quantum_Inpired_PSO_Classifcation\MRI_dataset\Magnetic Resonance (MR) Brain\Magnetic_Resonance_(MR)_Brain548.jpg,Magnetic Resonance (MR) Brain
C:\Users\HishamMo\Desktop\999_cs\Quantum_Inpired_PSO_Classifcation\MRI_dataset\Magnetic Resonance (MR) Brain\Magnetic_Resonance_(MR)_Brain549.jpg,Magnetic Resonance (MR) Brain
C:\Users\HishamMo\Desktop\999_cs\Quantum_Inpired_PSO_Classifcation\MRI_dataset\Magnetic Resonance (MR) Brain\Magnetic_Resonance_(MR)_Brain550.jpg,Magnetic Resonance (MR) Brain
C:\Users\HishamMo\Desktop\999_cs\Quantum_Inpired_PSO_Classifcation\MRI_dataset\Magnetic Resonance (MR) Brain\Magnetic_Resonance_(MR)_Brain551.jpg,Magnetic Resonance (MR) Brain
C:\Users\HishamMo\Desktop\999_cs\Quantum_Inpired_PSO_Classifcation\MRI_dataset\Magnetic Resonance (MR) Brain\Magnetic_Resonance_(MR)_Brain552.jpg,Magnetic Resonance (MR) Brain
C:\Users\HishamMo\Desktop\999_cs\Quantum_Inpired_PSO_Classifcation\MRI_dataset\Magnetic Resonance (MR) Brain\Magnetic_Resonance_(MR)_Brain553.jpg,Magnetic Resonance (MR) Brain
C:\Users\HishamMo\Desktop\999_cs\Quantum_Inpired_PSO_Classifcation\MRI_dataset\Magnetic Resonance (MR) Brain\Magnetic_Resonance_(MR)_Brain554.jpg,Magnetic Resonance (MR) Brain
C:\Users\HishamMo\Desktop\999_cs\Quantum_Inpired_PSO_Classifcation\MRI_dataset\Magnetic Resonance (MR) Brain\Magnetic_Resonance_(MR)_Brain555.jpg,Magnetic Resonance (MR) Brain
C:\Users\HishamMo\Desktop\999_cs\Quantum_Inpired_PSO_Classifcation\MRI_dataset\Magnetic Resonance (MR) Brain\Magnetic_Resonance_(MR)_Brain556.jpg,Magnetic Resonance (MR) Brain
C:\Users\HishamMo\Desktop\999_cs\Quantum_Inpired_PSO_Classifcation\MRI_dataset\Magnetic Resonance (MR) Brain\Magnetic_Resonance_(MR)_Brain557.jpg,Magnetic Resonance (MR) Brain
C:\Users\HishamMo\Desktop\999_cs\Quantum_Inpired_PSO_Classifcation\MRI_dataset\Magnetic Resonance (MR) Brain\Magnetic_Resonance_(MR)_Brain558.jpg,Magnetic Resonance (MR) Brain
C:\Users\HishamMo\Desktop\999_cs\Quantum_Inpired_PSO_Classifcation\MRI_dataset\Magnetic Resonance (MR) Brain\Magnetic_Resonance_(MR)_Brain559.jpg,Magnetic Resonance (MR) Brain
C:\Users\HishamMo\Desktop\999_cs\Quantum_Inpired_PSO_Classifcation\MRI_dataset\Magnetic Resonance (MR) Brain\Magnetic_Resonance_(MR)_Brain560.jpg,Magnetic Resonance (MR) Brain
C:\Users\HishamMo\Desktop\999_cs\Quantum_Inpired_PSO_Classifcation\MRI_dataset\Magnetic Resonance (MR) Brain\Magnetic_Resonance_(MR)_Brain561.jpg,Magnetic Resonance (MR) Brain
C:\Users\HishamMo\Desktop\999_cs\Quantum_Inpired_PSO_Classifcation\MRI_dataset\Magnetic Resonance (MR) Brain\Magnetic_Resonance_(MR)_Brain562.jpg,Magnetic Resonance (MR) Brain
C:\Users\HishamMo\Desktop\999_cs\Quantum_Inpired_PSO_Classifcation\MRI_dataset\Magnetic Resonance (MR) Brain\Magnetic_Resonance_(MR)_Brain563.jpg,Magnetic Resonance (MR) Brain
C:\Users\HishamMo\Desktop\999_cs\Quantum_Inpired_PSO_Classifcation\MRI_dataset\Magnetic Resonance (MR) Brain\Magnetic_Resonance_(MR)_Brain564.jpg,Magnetic Resonance (MR) Brain
C:\Users\HishamMo\Desktop\999_cs\Quantum_Inpired_PSO_Classifcation\MRI_dataset\Magnetic Resonance (MR) Brain\Magnetic_Resonance_(MR)_Brain565.jpg,Magnetic Resonance (MR) Brain
C:\Users\HishamMo\Desktop\999_cs\Quantum_Inpired_PSO_Classifcation\MRI_dataset\Magnetic Resonance (MR) Brain\Magnetic_Resonance_(MR)_Brain566.jpg,Magnetic Resonance (MR) Brain
C:\Users\HishamMo\Desktop\999_cs\Quantum_Inpired_PSO_Classifcation\MRI_dataset\Magnetic Resonance (MR) Brain\Magnetic_Resonance_(MR)_Brain567.jpg,Magnetic Resonance (MR) Brain
C:\Users\HishamMo\Desktop\999_cs\Quantum_Inpired_PSO_Classifcation\MRI_dataset\Magnetic Resonance (MR) Brain\Magnetic_Resonance_(MR)_Brain568.jpg,Magnetic Resonance (MR) Brain
C:\Users\HishamMo\Desktop\999_cs\Quantum_Inpired_PSO_Classifcation\MRI_dataset\Magnetic Resonance (MR) Brain\Magnetic_Resonance_(MR)_Brain569.jpg,Magnetic Resonance (MR) Brain
C:\Users\HishamMo\Desktop\999_cs\Quantum_Inpired_PSO_Classifcation\MRI_dataset\Magnetic Resonance (MR) Brain\Magnetic_Resonance_(MR)_Brain570.jpg,Magnetic Resonance (MR) Brain
C:\Users\HishamMo\Desktop\999_cs\Quantum_Inpired_PSO_Classifcation\MRI_dataset\Magnetic Resonance (MR) Brain\Magnetic_Resonance_(MR)_Brain571.jpg,Magnetic Resonance (MR) Brain
C:\Users\HishamMo\Desktop\999_cs\Quantum_Inpired_PSO_Classifcation\MRI_dataset\Magnetic Resonance (MR) Brain\Magnetic_Resonance_(MR)_Brain572.jpg,Magnetic Resonance (MR) Brain
C:\Users\HishamMo\Desktop\999_cs\Quantum_Inpired_PSO_Classifcation\MRI_dataset\Magnetic Resonance (MR) Brain\Magnetic_Resonance_(MR)_Brain573.jpg,Magnetic Resonance (MR) Brain
C:\Users\HishamMo\Desktop\999_cs\Quantum_Inpired_PSO_Classifcation\MRI_dataset\Magnetic Resonance (MR) Brain\Magnetic_Resonance_(MR)_Brain574.jpg,Magnetic Resonance (MR) Brain
C:\Users\HishamMo\Desktop\999_cs\Quantum_Inpired_PSO_Classifcation\MRI_dataset\Magnetic Resonance (MR) Brain\Magnetic_Resonance_(MR)_Brain575.jpg,Magnetic Resonance (MR) Brain
C:\Users\HishamMo\Desktop\999_cs\Quantum_Inpired_PSO_Classifcation\MRI_dataset\Magnetic Resonance (MR) Brain\Magnetic_Resonance_(MR)_Brain576.jpg,Magnetic Resonance (MR) Brain
C:\Users\HishamMo\Desktop\999_cs\Quantum_Inpired_PSO_Classifcation\MRI_dataset\Magnetic Resonance (MR) Brain\Magnetic_Resonance_(MR)_Brain577.jpg,Magnetic Resonance (MR) Brain
C:\Users\HishamMo\Desktop\999_cs\Quantum_Inpired_PSO_Classifcation\MRI_dataset\Magnetic Resonance (MR) Brain\Magnetic_Resonance_(MR)_Brain578.jpg,Magnetic Resonance (MR) Brain
C:\Users\HishamMo\Desktop\999_cs\Quantum_Inpired_PSO_Classifcation\MRI_dataset\Magnetic Resonance (MR) Brain\Magnetic_Resonance_(MR)_Brain579.jpg,Magnetic Resonance (MR) Brain
C:\Users\HishamMo\Desktop\999_cs\Quantum_Inpired_PSO_Classifcation\MRI_dataset\Magnetic Resonance (MR) Brain\Magnetic_Resonance_(MR)_Brain580.jpg,Magnetic Resonance (MR) Brain
C:\Users\HishamMo\Desktop\999_cs\Quantum_Inpired_PSO_Classifcation\MRI_dataset\Magnetic Resonance (MR) Brain\Magnetic_Resonance_(MR)_Brain581.jpg,Magnetic Resonance (MR) Brain
C:\Users\HishamMo\Desktop\999_cs\Quantum_Inpired_PSO_Classifcation\MRI_dataset\Magnetic Resonance (MR) Brain\Magnetic_Resonance_(MR)_Brain582.jpg,Magnetic Resonance (MR) Brain
C:\Users\HishamMo\Desktop\999_cs\Quantum_Inpired_PSO_Classifcation\MRI_dataset\Magnetic Resonance (MR) Brain\Magnetic_Resonance_(MR)_Brain583.jpg,Magnetic Resonance (MR) Brain
C:\Users\HishamMo\Desktop\999_cs\Quantum_Inpired_PSO_Classifcation\MRI_dataset\Magnetic Resonance (MR) Brain\Magnetic_Resonance_(MR)_Brain584.jpg,Magnetic Resonance (MR) Brain
C:\Users\HishamMo\Desktop\999_cs\Quantum_Inpired_PSO_Classifcation\MRI_dataset\Magnetic Resonance (MR) Brain\Magnetic_Resonance_(MR)_Brain585.jpg,Magnetic Resonance (MR) Brain
C:\Users\HishamMo\Desktop\999_cs\Quantum_Inpired_PSO_Classifcation\MRI_dataset\Magnetic Resonance (MR) Brain\Magnetic_Resonance_(MR)_Brain586.jpg,Magnetic Resonance (MR) Brain
C:\Users\HishamMo\Desktop\999_cs\Quantum_Inpired_PSO_Classifcation\MRI_dataset\Magnetic Resonance (MR) Brain\Magnetic_Resonance_(MR)_Brain587.jpg,Magnetic Resonance (MR) Brain
C:\Users\HishamMo\Desktop\999_cs\Quantum_Inpired_PSO_Classifcation\MRI_dataset\Magnetic Resonance (MR) Brain\Magnetic_Resonance_(MR)_Brain588.jpg,Magnetic Resonance (MR) Brain
C:\Users\HishamMo\Desktop\999_cs\Quantum_Inpired_PSO_Classifcation\MRI_dataset\Magnetic Resonance (MR) Brain\Magnetic_Resonance_(MR)_Brain589.jpg,Magnetic Resonance (MR) Brain
C:\Users\HishamMo\Desktop\999_cs\Quantum_Inpired_PSO_Classifcation\MRI_dataset\Magnetic Resonance (MR) Brain\Magnetic_Resonance_(MR)_Brain590.jpg,Magnetic Resonance (MR) Brain
C:\Users\HishamMo\Desktop\999_cs\Quantum_Inpired_PSO_Classifcation\MRI_dataset\Magnetic Resonance (MR) Brain\Magnetic_Resonance_(MR)_Brain591.jpg,Magnetic Resonance (MR) Brain
C:\Users\HishamMo\Desktop\999_cs\Quantum_Inpired_PSO_Classifcation\MRI_dataset\Magnetic Resonance (MR) Brain\Magnetic_Resonance_(MR)_Brain592.jpg,Magnetic Resonance (MR) Brain
C:\Users\HishamMo\Desktop\999_cs\Quantum_Inpired_PSO_Classifcation\MRI_dataset\Magnetic Resonance (MR) Brain\Magnetic_Resonance_(MR)_Brain593.jpg,Magnetic Resonance (MR) Brain
C:\Users\HishamMo\Desktop\999_cs\Quantum_Inpired_PSO_Classifcation\MRI_dataset\Magnetic Resonance (MR) Brain\Magnetic_Resonance_(MR)_Brain594.jpg,Magnetic Resonance (MR) Brain
C:\Users\HishamMo\Desktop\999_cs\Quantum_Inpired_PSO_Classifcation\MRI_dataset\Magnetic Resonance (MR) Brain\Magnetic_Resonance_(MR)_Brain595.jpg,Magnetic Resonance (MR) Brain
C:\Users\HishamMo\Desktop\999_cs\Quantum_Inpired_PSO_Classifcation\MRI_dataset\Magnetic Resonance (MR) Brain\Magnetic_Resonance_(MR)_Brain596.jpg,Magnetic Resonance (MR) Brain
C:\Users\HishamMo\Desktop\999_cs\Quantum_Inpired_PSO_Classifcation\MRI_dataset\Magnetic Resonance (MR) Brain\Magnetic_Resonance_(MR)_Brain597.jpg,Magnetic Resonance (MR) Brain
C:\Users\HishamMo\Desktop\999_cs\Quantum_Inpired_PSO_Classifcation\MRI_dataset\Magnetic Resonance (MR) Brain\Magnetic_Resonance_(MR)_Brain598.jpg,Magnetic Resonance (MR) Brain
C:\Users\HishamMo\Desktop\999_cs\Quantum_Inpired_PSO_Classifcation\MRI_dataset\Magnetic Resonance (MR) Brain\Magnetic_Resonance_(MR)_Brain599.jpg,Magnetic Resonance (MR) Brain
C:\Users\HishamMo\Desktop\999_cs\Quantum_Inpired_PSO_Classifcation\MRI_dataset\Magnetic Resonance (MR) Brain\Magnetic_Resonance_(MR)_Brain600.jpg,Magnetic Resonance (MR) Brain
C:\Users\HishamMo\Desktop\999_cs\Quantum_Inpired_PSO_Classifcation\MRI_dataset\Magnetic Resonance (MR) Brain\Magnetic_Resonance_(MR)_Brain601.jpg,Magnetic Resonance (MR) Brain
C:\Users\HishamMo\Desktop\999_cs\Quantum_Inpired_PSO_Classifcation\MRI_dataset\Magnetic Resonance (MR) Brain\Magnetic_Resonance_(MR)_Brain602.jpg,Magnetic Resonance (MR) Brain
C:\Users\HishamMo\Desktop\999_cs\Quantum_Inpired_PSO_Classifcation\MRI_dataset\Magnetic Resonance (MR) Brain\Magnetic_Resonance_(MR)_Brain603.jpg,Magnetic Resonance (MR) Brain
C:\Users\HishamMo\Desktop\999_cs\Quantum_Inpired_PSO_Classifcation\MRI_dataset\Magnetic Resonance (MR) Brain\Magnetic_Resonance_(MR)_Brain604.jpg,Magnetic Resonance (MR) Brain
C:\Users\HishamMo\Desktop\999_cs\Quantum_Inpired_PSO_Classifcation\MRI_dataset\Magnetic Resonance (MR) Brain\Magnetic_Resonance_(MR)_Brain605.jpg,Magnetic Resonance (MR) Brain
C:\Users\HishamMo\Desktop\999_cs\Quantum_Inpired_PSO_Classifcation\MRI_dataset\Magnetic Resonance (MR) Brain\Magnetic_Resonance_(MR)_Brain606.jpg,Magnetic Resonance (MR) Brain
C:\Users\HishamMo\Desktop\999_cs\Quantum_Inpired_PSO_Classifcation\MRI_dataset\Magnetic Resonance (MR) Brain\Magnetic_Resonance_(MR)_Brain607.jpg,Magnetic Resonance (MR) Brain
C:\Users\HishamMo\Desktop\999_cs\Quantum_Inpired_PSO_Classifcation\MRI_dataset\Magnetic Resonance (MR) Brain\Magnetic_Resonance_(MR)_Brain608.jpg,Magnetic Resonance (MR) Brain
C:\Users\HishamMo\Desktop\999_cs\Quantum_Inpired_PSO_Classifcation\MRI_dataset\Magnetic Resonance (MR) Brain\Magnetic_Resonance_(MR)_Brain609.jpg,Magnetic Resonance (MR) Brain
C:\Users\HishamMo\Desktop\999_cs\Quantum_Inpired_PSO_Classifcation\MRI_dataset\Magnetic Resonance (MR) Brain\Magnetic_Resonance_(MR)_Brain610.jpg,Magnetic Resonance (MR) Brain
C:\Users\HishamMo\Desktop\999_cs\Quantum_Inpired_PSO_Classifcation\MRI_dataset\Magnetic Resonance (MR) Brain\Magnetic_Resonance_(MR)_Brain611.jpg,Magnetic Resonance (MR) Brain
C:\Users\HishamMo\Desktop\999_cs\Quantum_Inpired_PSO_Classifcation\MRI_dataset\Magnetic Resonance (MR) Brain\Magnetic_Resonance_(MR)_Brain612.jpg,Magnetic Resonance (MR) Brain
C:\Users\HishamMo\Desktop\999_cs\Quantum_Inpired_PSO_Classifcation\MRI_dataset\Magnetic Resonance (MR) Brain\Magnetic_Resonance_(MR)_Brain613.jpg,Magnetic Resonance (MR) Brain
C:\Users\HishamMo\Desktop\999_cs\Quantum_Inpired_PSO_Classifcation\MRI_dataset\Magnetic Resonance (MR) Brain\Magnetic_Resonance_(MR)_Brain614.jpg,Magnetic Resonance (MR) Brain
C:\Users\HishamMo\Desktop\999_cs\Quantum_Inpired_PSO_Classifcation\MRI_dataset\Magnetic Resonance (MR) Brain\Magnetic_Resonance_(MR)_Brain615.jpg,Magnetic Resonance (MR) Brain
C:\Users\HishamMo\Desktop\999_cs\Quantum_Inpired_PSO_Classifcation\MRI_dataset\Magnetic Resonance (MR) Brain\Magnetic_Resonance_(MR)_Brain616.jpg,Magnetic Resonance (MR) Brain
C:\Users\HishamMo\Desktop\999_cs\Quantum_Inpired_PSO_Classifcation\MRI_dataset\Magnetic Resonance (MR) Brain\Magnetic_Resonance_(MR)_Brain617.jpg,Magnetic Resonance (MR) Brain
C:\Users\HishamMo\Desktop\999_cs\Quantum_Inpired_PSO_Classifcation\MRI_dataset\Magnetic Resonance (MR) Brain\Magnetic_Resonance_(MR)_Brain618.jpg,Magnetic Resonance (MR) Brain
C:\Users\HishamMo\Desktop\999_cs\Quantum_Inpired_PSO_Classifcation\MRI_dataset\Magnetic Resonance (MR) Brain\Magnetic_Resonance_(MR)_Brain619.jpg,Magnetic Resonance (MR) Brain
C:\Users\HishamMo\Desktop\999_cs\Quantum_Inpired_PSO_Classifcation\MRI_dataset\Magnetic Resonance (MR) Brain\Magnetic_Resonance_(MR)_Brain620.jpg,Magnetic Resonance (MR) Brain
C:\Users\HishamMo\Desktop\999_cs\Quantum_Inpired_PSO_Classifcation\MRI_dataset\Magnetic Resonance (MR) Brain\Magnetic_Resonance_(MR)_Brain621.jpg,Magnetic Resonance (MR) Brain
C:\Users\HishamMo\Desktop\999_cs\Quantum_Inpired_PSO_Classifcation\MRI_dataset\Magnetic Resonance (MR) Brain\Magnetic_Resonance_(MR)_Brain622.jpg,Magnetic Resonance (MR) Brain
C:\Users\HishamMo\Desktop\999_cs\Quantum_Inpired_PSO_Classifcation\MRI_dataset\Magnetic Resonance (MR) Brain\Magnetic_Resonance_(MR)_Brain623.jpg,Magnetic Resonance (MR) Brain
C:\Users\HishamMo\Desktop\999_cs\Quantum_Inpired_PSO_Classifcation\MRI_dataset\Magnetic Resonance (MR) Brain\Magnetic_Resonance_(MR)_Brain624.jpg,Magnetic Resonance (MR) Brain
C:\Users\HishamMo\Desktop\999_cs\Quantum_Inpired_PSO_Classifcation\MRI_dataset\Magnetic Resonance (MR) Brain\Magnetic_Resonance_(MR)_Brain625.jpg,Magnetic Resonance (MR) Brain
C:\Users\HishamMo\Desktop\999_cs\Quantum_Inpired_PSO_Classifcation\MRI_dataset\Magnetic Resonance (MR) Brain\Magnetic_Resonance_(MR)_Brain626.jpg,Magnetic Resonance (MR) Brain
C:\Users\HishamMo\Desktop\999_cs\Quantum_Inpired_PSO_Classifcation\MRI_dataset\Magnetic Resonance (MR) Brain\Magnetic_Resonance_(MR)_Brain627.jpg,Magnetic Resonance (MR) Brain
C:\Users\HishamMo\Desktop\999_cs\Quantum_Inpired_PSO_Classifcation\MRI_dataset\Magnetic Resonance (MR) Brain\Magnetic_Resonance_(MR)_Brain628.jpg,Magnetic Resonance (MR) Brain
C:\Users\HishamMo\Desktop\999_cs\Quantum_Inpired_PSO_Classifcation\MRI_dataset\Magnetic Resonance (MR) Brain\Magnetic_Resonance_(MR)_Brain629.jpg,Magnetic Resonance (MR) Brain
C:\Users\HishamMo\Desktop\999_cs\Quantum_Inpired_PSO_Classifcation\MRI_dataset\Magnetic Resonance (MR) Brain\Magnetic_Resonance_(MR)_Brain630.jpg,Magnetic Resonance (MR) Brain
C:\Users\HishamMo\Desktop\999_cs\Quantum_Inpired_PSO_Classifcation\MRI_dataset\Magnetic Resonance (MR) Brain\Magnetic_Resonance_(MR)_Brain631.jpg,Magnetic Resonance (MR) Brain
C:\Users\HishamMo\Desktop\999_cs\Quantum_Inpired_PSO_Classifcation\MRI_dataset\Magnetic Resonance (MR) Brain\Magnetic_Resonance_(MR)_Brain632.jpg,Magnetic Resonance (MR) Brain
C:\Users\HishamMo\Desktop\999_cs\Quantum_Inpired_PSO_Classifcation\MRI_dataset\Magnetic Resonance (MR) Brain\Magnetic_Resonance_(MR)_Brain633.jpg,Magnetic Resonance (MR) Brain
C:\Users\HishamMo\Desktop\999_cs\Quantum_Inpired_PSO_Classifcation\MRI_dataset\Magnetic Resonance (MR) Brain\Magnetic_Resonance_(MR)_Brain634.jpg,Magnetic Resonance (MR) Brain
C:\Users\HishamMo\Desktop\999_cs\Quantum_Inpired_PSO_Classifcation\MRI_dataset\Magnetic Resonance (MR) Brain\Magnetic_Resonance_(MR)_Brain635.jpg,Magnetic Resonance (MR) Brain
C:\Users\HishamMo\Desktop\999_cs\Quantum_Inpired_PSO_Classifcation\MRI_dataset\Magnetic Resonance (MR) Brain\Magnetic_Resonance_(MR)_Brain636.jpg,Magnetic Resonance (MR) Brain
C:\Users\HishamMo\Desktop\999_cs\Quantum_Inpired_PSO_Classifcation\MRI_dataset\Magnetic Resonance (MR) Brain\Magnetic_Resonance_(MR)_Brain637.jpg,Magnetic Resonance (MR) Brain
C:\Users\HishamMo\Desktop\999_cs\Quantum_Inpired_PSO_Classifcation\MRI_dataset\Magnetic Resonance (MR) Brain\Magnetic_Resonance_(MR)_Brain638.jpg,Magnetic Resonance (MR) Brain
C:\Users\HishamMo\Desktop\999_cs\Quantum_Inpired_PSO_Classifcation\MRI_dataset\Magnetic Resonance (MR) Brain\Magnetic_Resonance_(MR)_Brain639.jpg,Magnetic Resonance (MR) Brain
C:\Users\HishamMo\Desktop\999_cs\Quantum_Inpired_PSO_Classifcation\MRI_dataset\Magnetic Resonance (MR) Brain\Magnetic_Resonance_(MR)_Brain640.jpg,Magnetic Resonance (MR) Brain
C:\Users\HishamMo\Desktop\999_cs\Quantum_Inpired_PSO_Classifcation\MRI_dataset\Magnetic Resonance (MR) Brain\Magnetic_Resonance_(MR)_Brain641.jpg,Magnetic Resonance (MR) Brain
C:\Users\HishamMo\Desktop\999_cs\Quantum_Inpired_PSO_Classifcation\MRI_dataset\Magnetic Resonance (MR) Brain\Magnetic_Resonance_(MR)_Brain642.jpg,Magnetic Resonance (MR) Brain
C:\Users\HishamMo\Desktop\999_cs\Quantum_Inpired_PSO_Classifcation\MRI_dataset\Magnetic Resonance (MR) Brain\Magnetic_Resonance_(MR)_Brain643.jpg,Magnetic Resonance (MR) Brain
C:\Users\HishamMo\Desktop\999_cs\Quantum_Inpired_PSO_Classifcation\MRI_dataset\Magnetic Resonance (MR) Brain\Magnetic_Resonance_(MR)_Brain644.jpg,Magnetic Resonance (MR) Brain
C:\Users\HishamMo\Desktop\999_cs\Quantum_Inpired_PSO_Classifcation\MRI_dataset\Magnetic Resonance (MR) Brain\Magnetic_Resonance_(MR)_Brain645.jpg,Magnetic Resonance (MR) Brain
C:\Users\HishamMo\Desktop\999_cs\Quantum_Inpired_PSO_Classifcation\MRI_dataset\Magnetic Resonance (MR) Brain\Magnetic_Resonance_(MR)_Brain646.jpg,Magnetic Resonance (MR) Brain
C:\Users\HishamMo\Desktop\999_cs\Quantum_Inpired_PSO_Classifcation\MRI_dataset\Magnetic Resonance (MR) Brain\Magnetic_Resonance_(MR)_Brain647.jpg,Magnetic Resonance (MR) Brain
C:\Users\HishamMo\Desktop\999_cs\Quantum_Inpired_PSO_Classifcation\MRI_dataset\Magnetic Resonance (MR) Brain\Magnetic_Resonance_(MR)_Brain648.jpg,Magnetic Resonance (MR) Brain
C:\Users\HishamMo\Desktop\999_cs\Quantum_Inpired_PSO_Classifcation\MRI_dataset\Magnetic Resonance (MR) Brain\Magnetic_Resonance_(MR)_Brain649.jpg,Magnetic Resonance (MR) Brain
C:\Users\HishamMo\Desktop\999_cs\Quantum_Inpired_PSO_Classifcation\MRI_dataset\Magnetic Resonance (MR) Brain\Magnetic_Resonance_(MR)_Brain650.jpg,Magnetic Resonance (MR) Brain
C:\Users\HishamMo\Desktop\999_cs\Quantum_Inpired_PSO_Classifcation\MRI_dataset\Magnetic Resonance (MR) Brain\Magnetic_Resonance_(MR)_Brain651.jpg,Magnetic Resonance (MR) Brain
C:\Users\HishamMo\Desktop\999_cs\Quantum_Inpired_PSO_Classifcation\MRI_dataset\Magnetic Resonance (MR) Brain\Magnetic_Resonance_(MR)_Brain652.jpg,Magnetic Resonance (MR) Brain
C:\Users\HishamMo\Desktop\999_cs\Quantum_Inpired_PSO_Classifcation\MRI_dataset\Magnetic Resonance (MR) Brain\Magnetic_Resonance_(MR)_Brain653.jpg,Magnetic Resonance (MR) Brain
C:\Users\HishamMo\Desktop\999_cs\Quantum_Inpired_PSO_Classifcation\MRI_dataset\Magnetic Resonance (MR) Brain\Magnetic_Resonance_(MR)_Brain654.jpg,Magnetic Resonance (MR) Brain
C:\Users\HishamMo\Desktop\999_cs\Quantum_Inpired_PSO_Classifcation\MRI_dataset\Magnetic Resonance (MR) Brain\Magnetic_Resonance_(MR)_Brain655.jpg,Magnetic Resonance (MR) Brain
C:\Users\HishamMo\Desktop\999_cs\Quantum_Inpired_PSO_Classifcation\MRI_dataset\Magnetic Resonance (MR) Brain\Magnetic_Resonance_(MR)_Brain656.jpg,Magnetic Resonance (MR) Brain
C:\Users\HishamMo\Desktop\999_cs\Quantum_Inpired_PSO_Classifcation\MRI_dataset\Magnetic Resonance (MR) Brain\Magnetic_Resonance_(MR)_Brain657.jpg,Magnetic Resonance (MR) Brain
C:\Users\HishamMo\Desktop\999_cs\Quantum_Inpired_PSO_Classifcation\MRI_dataset\Magnetic Resonance (MR) Brain\Magnetic_Resonance_(MR)_Brain658.jpg,Magnetic Resonance (MR) Brain
C:\Users\HishamMo\Desktop\999_cs\Quantum_Inpired_PSO_Classifcation\MRI_dataset\Magnetic Resonance (MR) Brain\Magnetic_Resonance_(MR)_Brain659.jpg,Magnetic Resonance (MR) Brain
C:\Users\HishamMo\Desktop\999_cs\Quantum_Inpired_PSO_Classifcation\MRI_dataset\Magnetic Resonance (MR) Brain\Magnetic_Resonance_(MR)_Brain660.jpg,Magnetic Resonance (MR) Brain
C:\Users\HishamMo\Desktop\999_cs\Quantum_Inpired_PSO_Classifcation\MRI_dataset\Magnetic Resonance (MR) Brain\Magnetic_Resonance_(MR)_Brain661.jpg,Magnetic Resonance (MR) Brain
C:\Users\HishamMo\Desktop\999_cs\Quantum_Inpired_PSO_Classifcation\MRI_dataset\Magnetic Resonance (MR) Brain\Magnetic_Resonance_(MR)_Brain662.jpg,Magnetic Resonance (MR) Brain
C:\Users\HishamMo\Desktop\999_cs\Quantum_Inpired_PSO_Classifcation\MRI_dataset\Magnetic Resonance (MR) Brain\Magnetic_Resonance_(MR)_Brain663.jpg,Magnetic Resonance (MR) Brain
C:\Users\HishamMo\Desktop\999_cs\Quantum_Inpired_PSO_Classifcation\MRI_dataset\Magnetic Resonance (MR) Brain\Magnetic_Resonance_(MR)_Brain664.jpg,Magnetic Resonance (MR) Brain
C:\Users\HishamMo\Desktop\999_cs\Quantum_Inpired_PSO_Classifcation\MRI_dataset\Magnetic Resonance (MR) Brain\Magnetic_Resonance_(MR)_Brain665.jpg,Magnetic Resonance (MR) Brain
C:\Users\HishamMo\Desktop\999_cs\Quantum_Inpired_PSO_Classifcation\MRI_dataset\Magnetic Resonance (MR) Brain\Magnetic_Resonance_(MR)_Brain666.jpg,Magnetic Resonance (MR) Brain
C:\Users\HishamMo\Desktop\999_cs\Quantum_Inpired_PSO_Classifcation\MRI_dataset\Magnetic Resonance (MR) Brain\Magnetic_Resonance_(MR)_Brain667.jpg,Magnetic Resonance (MR) Brain
C:\Users\HishamMo\Desktop\999_cs\Quantum_Inpired_PSO_Classifcation\MRI_dataset\Magnetic Resonance (MR) Brain\Magnetic_Resonance_(MR)_Brain668.jpg,Magnetic Resonance (MR) Brain
C:\Users\HishamMo\Desktop\999_cs\Quantum_Inpired_PSO_Classifcation\MRI_dataset\Magnetic Resonance (MR) Brain\Magnetic_Resonance_(MR)_Brain669.jpg,Magnetic Resonance (MR) Brain
C:\Users\HishamMo\Desktop\999_cs\Quantum_Inpired_PSO_Classifcation\MRI_dataset\Magnetic Resonance (MR) Brain\Magnetic_Resonance_(MR)_Brain670.jpg,Magnetic Resonance (MR) Brain
C:\Users\HishamMo\Desktop\999_cs\Quantum_Inpired_PSO_Classifcation\MRI_dataset\Magnetic Resonance (MR) Brain\Magnetic_Resonance_(MR)_Brain671.jpg,Magnetic Resonance (MR) Brain
C:\Users\HishamMo\Desktop\999_cs\Quantum_Inpired_PSO_Classifcation\MRI_dataset\Magnetic Resonance (MR) Brain\Magnetic_Resonance_(MR)_Brain672.jpg,Magnetic Resonance (MR) Brain
C:\Users\HishamMo\Desktop\999_cs\Quantum_Inpired_PSO_Classifcation\MRI_dataset\Magnetic Resonance (MR) Brain\Magnetic_Resonance_(MR)_Brain673.jpg,Magnetic Resonance (MR) Brain
C:\Users\HishamMo\Desktop\999_cs\Quantum_Inpired_PSO_Classifcation\MRI_dataset\Magnetic Resonance (MR) Brain\Magnetic_Resonance_(MR)_Brain674.jpg,Magnetic Resonance (MR) Brain
C:\Users\HishamMo\Desktop\999_cs\Quantum_Inpired_PSO_Classifcation\MRI_dataset\Magnetic Resonance (MR) Brain\Magnetic_Resonance_(MR)_Brain675.jpg,Magnetic Resonance (MR) Brain
C:\Users\HishamMo\Desktop\999_cs\Quantum_Inpired_PSO_Classifcation\MRI_dataset\Magnetic Resonance (MR) Brain\Magnetic_Resonance_(MR)_Brain676.jpg,Magnetic Resonance (MR) Brain
C:\Users\HishamMo\Desktop\999_cs\Quantum_Inpired_PSO_Classifcation\MRI_dataset\Magnetic Resonance (MR) Brain\Magnetic_Resonance_(MR)_Brain677.jpg,Magnetic Resonance (MR) Brain
C:\Users\HishamMo\Desktop\999_cs\Quantum_Inpired_PSO_Classifcation\MRI_dataset\Magnetic Resonance (MR) Brain\Magnetic_Resonance_(MR)_Brain678.jpg,Magnetic Resonance (MR) Brain
C:\Users\HishamMo\Desktop\999_cs\Quantum_Inpired_PSO_Classifcation\MRI_dataset\Magnetic Resonance (MR) Brain\Magnetic_Resonance_(MR)_Brain679.jpg,Magnetic Resonance (MR) Brain
C:\Users\HishamMo\Desktop\999_cs\Quantum_Inpired_PSO_Classifcation\MRI_dataset\Magnetic Resonance (MR) Brain\Magnetic_Resonance_(MR)_Brain680.jpg,Magnetic Resonance (MR) Brain
C:\Users\HishamMo\Desktop\999_cs\Quantum_Inpired_PSO_Classifcation\MRI_dataset\Magnetic Resonance (MR) Brain\Magnetic_Resonance_(MR)_Brain681.jpg,Magnetic Resonance (MR) Brain
C:\Users\HishamMo\Desktop\999_cs\Quantum_Inpired_PSO_Classifcation\MRI_dataset\Magnetic Resonance (MR) Brain\Magnetic_Resonance_(MR)_Brain682.jpg,Magnetic Resonance (MR) Brain
C:\Users\HishamMo\Desktop\999_cs\Quantum_Inpired_PSO_Classifcation\MRI_dataset\Magnetic Resonance (MR) Brain\Magnetic_Resonance_(MR)_Brain683.jpg,Magnetic Resonance (MR) Brain
C:\Users\HishamMo\Desktop\999_cs\Quantum_Inpired_PSO_Classifcation\MRI_dataset\Magnetic Resonance (MR) Brain\Magnetic_Resonance_(MR)_Brain684.jpg,Magnetic Resonance (MR) Brain
C:\Users\HishamMo\Desktop\999_cs\Quantum_Inpired_PSO_Classifcation\MRI_dataset\Magnetic Resonance (MR) Brain\Magnetic_Resonance_(MR)_Brain685.jpg,Magnetic Resonance (MR) Brain
C:\Users\HishamMo\Desktop\999_cs\Quantum_Inpired_PSO_Classifcation\MRI_dataset\Magnetic Resonance (MR) Brain\Magnetic_Resonance_(MR)_Brain686.jpg,Magnetic Resonance (MR) Brain
C:\Users\HishamMo\Desktop\999_cs\Quantum_Inpired_PSO_Classifcation\MRI_dataset\Magnetic Resonance (MR) Brain\Magnetic_Resonance_(MR)_Brain687.jpg,Magnetic Resonance (MR) Brain
C:\Users\HishamMo\Desktop\999_cs\Quantum_Inpired_PSO_Classifcation\MRI_dataset\Magnetic Resonance (MR) Brain\Magnetic_Resonance_(MR)_Brain688.jpg,Magnetic Resonance (MR) Brain
C:\Users\HishamMo\Desktop\999_cs\Quantum_Inpired_PSO_Classifcation\MRI_dataset\Magnetic Resonance (MR) Brain\Magnetic_Resonance_(MR)_Brain689.jpg,Magnetic Resonance (MR) Brain
C:\Users\HishamMo\Desktop\999_cs\Quantum_Inpired_PSO_Classifcation\MRI_dataset\Magnetic Resonance (MR) Brain\Magnetic_Resonance_(MR)_Brain690.jpg,Magnetic Resonance (MR) Brain
C:\Users\HishamMo\Desktop\999_cs\Quantum_Inpired_PSO_Classifcation\MRI_dataset\Magnetic Resonance (MR) Brain\Magnetic_Resonance_(MR)_Brain691.jpg,Magnetic Resonance (MR) Brain
C:\Users\HishamMo\Desktop\999_cs\Quantum_Inpired_PSO_Classifcation\MRI_dataset\Magnetic Resonance (MR) Brain\Magnetic_Resonance_(MR)_Brain692.jpg,Magnetic Resonance (MR) Brain
C:\Users\HishamMo\Desktop\999_cs\Quantum_Inpired_PSO_Classifcation\MRI_dataset\Magnetic Resonance (MR) Brain\Magnetic_Resonance_(MR)_Brain693.jpg,Magnetic Resonance (MR) Brain
C:\Users\HishamMo\Desktop\999_cs\Quantum_Inpired_PSO_Classifcation\MRI_dataset\Magnetic Resonance (MR) Brain\Magnetic_Resonance_(MR)_Brain694.jpg,Magnetic Resonance (MR) Brain
C:\Users\HishamMo\Desktop\999_cs\Quantum_Inpired_PSO_Classifcation\MRI_dataset\Magnetic Resonance (MR) Brain\Magnetic_Resonance_(MR)_Brain695.jpg,Magnetic Resonance (MR) Brain
C:\Users\HishamMo\Desktop\999_cs\Quantum_Inpired_PSO_Classifcation\MRI_dataset\Magnetic Resonance (MR) Brain\Magnetic_Resonance_(MR)_Brain696.jpg,Magnetic Resonance (MR) Brain
C:\Users\HishamMo\Desktop\999_cs\Quantum_Inpired_PSO_Classifcation\MRI_dataset\Magnetic Resonance (MR) Brain\Magnetic_Resonance_(MR)_Brain697.jpg,Magnetic Resonance (MR) Brain
C:\Users\HishamMo\Desktop\999_cs\Quantum_Inpired_PSO_Classifcation\MRI_dataset\Magnetic Resonance (MR) Brain\Magnetic_Resonance_(MR)_Brain698.jpg,Magnetic Resonance (MR) Brain
C:\Users\HishamMo\Desktop\999_cs\Quantum_Inpired_PSO_Classifcation\MRI_dataset\Magnetic Resonance (MR) Brain\Magnetic_Resonance_(MR)_Brain699.jpg,Magnetic Resonance (MR) Brain
C:\Users\HishamMo\Desktop\999_cs\Quantum_Inpired_PSO_Classifcation\MRI_dataset\Magnetic Resonance (MR) Brain\Magnetic_Resonance_(MR)_Brain700.jpg,Magnetic Resonance (MR) Brain
C:\Users\HishamMo\Desktop\999_cs\Quantum_Inpired_PSO_Classifcation\MRI_dataset\Magnetic Resonance (MR) Brain\Magnetic_Resonance_(MR)_Brain701.jpg,Magnetic Resonance (MR) Brain
C:\Users\HishamMo\Desktop\999_cs\Quantum_Inpired_PSO_Classifcation\MRI_dataset\Magnetic Resonance (MR) Brain\Magnetic_Resonance_(MR)_Brain702.jpg,Magnetic Resonance (MR) Brain
C:\Users\HishamMo\Desktop\999_cs\Quantum_Inpired_PSO_Classifcation\MRI_dataset\Magnetic Resonance (MR) Brain\Magnetic_Resonance_(MR)_Brain703.jpg,Magnetic Resonance (MR) Brain
C:\Users\HishamMo\Desktop\999_cs\Quantum_Inpired_PSO_Classifcation\MRI_dataset\Magnetic Resonance (MR) Brain\Magnetic_Resonance_(MR)_Brain704.jpg,Magnetic Resonance (MR) Brain
C:\Users\HishamMo\Desktop\999_cs\Quantum_Inpired_PSO_Classifcation\MRI_dataset\Magnetic Resonance (MR) Brain\Magnetic_Resonance_(MR)_Brain705.jpg,Magnetic Resonance (MR) Brain
C:\Users\HishamMo\Desktop\999_cs\Quantum_Inpired_PSO_Classifcation\MRI_dataset\Magnetic Resonance (MR) Brain\Magnetic_Resonance_(MR)_Brain706.jpg,Magnetic Resonance (MR) Brain
C:\Users\HishamMo\Desktop\999_cs\Quantum_Inpired_PSO_Classifcation\MRI_dataset\Magnetic Resonance (MR) Brain\Magnetic_Resonance_(MR)_Brain707.jpg,Magnetic Resonance (MR) Brain
C:\Users\HishamMo\Desktop\999_cs\Quantum_Inpired_PSO_Classifcation\MRI_dataset\Magnetic Resonance (MR) Brain\Magnetic_Resonance_(MR)_Brain708.jpg,Magnetic Resonance (MR) Brain
C:\Users\HishamMo\Desktop\999_cs\Quantum_Inpired_PSO_Classifcation\MRI_dataset\Magnetic Resonance (MR) Brain\Magnetic_Resonance_(MR)_Brain709.jpg,Magnetic Resonance (MR) Brain
C:\Users\HishamMo\Desktop\999_cs\Quantum_Inpired_PSO_Classifcation\MRI_dataset\Magnetic Resonance (MR) Brain\Magnetic_Resonance_(MR)_Brain710.jpg,Magnetic Resonance (MR) Brain
C:\Users\HishamMo\Desktop\999_cs\Quantum_Inpired_PSO_Classifcation\MRI_dataset\Magnetic Resonance (MR) Brain\Magnetic_Resonance_(MR)_Brain711.jpg,Magnetic Resonance (MR) Brain
C:\Users\HishamMo\Desktop\999_cs\Quantum_Inpired_PSO_Classifcation\MRI_dataset\Magnetic Resonance (MR) Brain\Magnetic_Resonance_(MR)_Brain712.jpg,Magnetic Resonance (MR) Brain
C:\Users\HishamMo\Desktop\999_cs\Quantum_Inpired_PSO_Classifcation\MRI_dataset\Magnetic Resonance (MR) Brain\Magnetic_Resonance_(MR)_Brain713.jpg,Magnetic Resonance (MR) Brain
C:\Users\HishamMo\Desktop\999_cs\Quantum_Inpired_PSO_Classifcation\MRI_dataset\Magnetic Resonance (MR) Brain\Magnetic_Resonance_(MR)_Brain714.jpg,Magnetic Resonance (MR) Brain
C:\Users\HishamMo\Desktop\999_cs\Quantum_Inpired_PSO_Classifcation\MRI_dataset\Magnetic Resonance (MR) Brain\Magnetic_Resonance_(MR)_Brain715.jpg,Magnetic Resonance (MR) Brain
C:\Users\HishamMo\Desktop\999_cs\Quantum_Inpired_PSO_Classifcation\MRI_dataset\Magnetic Resonance (MR) Brain\Magnetic_Resonance_(MR)_Brain716.jpg,Magnetic Resonance (MR) Brain
C:\Users\HishamMo\Desktop\999_cs\Quantum_Inpired_PSO_Classifcation\MRI_dataset\Magnetic Resonance (MR) Brain\Magnetic_Resonance_(MR)_Brain717.jpg,Magnetic Resonance (MR) Brain
C:\Users\HishamMo\Desktop\999_cs\Quantum_Inpired_PSO_Classifcation\MRI_dataset\Magnetic Resonance (MR) Brain\Magnetic_Resonance_(MR)_Brain718.jpg,Magnetic Resonance (MR) Brain
C:\Users\HishamMo\Desktop\999_cs\Quantum_Inpired_PSO_Classifcation\MRI_dataset\Magnetic Resonance (MR) Brain\Magnetic_Resonance_(MR)_Brain719.jpg,Magnetic Resonance (MR) Brain
C:\Users\HishamMo\Desktop\999_cs\Quantum_Inpired_PSO_Classifcation\MRI_dataset\Magnetic Resonance (MR) Brain\Magnetic_Resonance_(MR)_Brain720.jpg,Magnetic Resonance (MR) Brain
C:\Users\HishamMo\Desktop\999_cs\Quantum_Inpired_PSO_Classifcation\MRI_dataset\Magnetic Resonance (MR) Brain\Magnetic_Resonance_(MR)_Brain721.jpg,Magnetic Resonance (MR) Brain
C:\Users\HishamMo\Desktop\999_cs\Quantum_Inpired_PSO_Classifcation\MRI_dataset\Magnetic Resonance (MR) Brain\Magnetic_Resonance_(MR)_Brain722.jpg,Magnetic Resonance (MR) Brain
C:\Users\HishamMo\Desktop\999_cs\Quantum_Inpired_PSO_Classifcation\MRI_dataset\Magnetic Resonance (MR) Brain\Magnetic_Resonance_(MR)_Brain723.jpg,Magnetic Resonance (MR) Brain
C:\Users\HishamMo\Desktop\999_cs\Quantum_Inpired_PSO_Classifcation\MRI_dataset\Magnetic Resonance (MR) Brain\Magnetic_Resonance_(MR)_Brain724.jpg,Magnetic Resonance (MR) Brain
C:\Users\HishamMo\Desktop\999_cs\Quantum_Inpired_PSO_Classifcation\MRI_dataset\Magnetic Resonance (MR) Brain\Magnetic_Resonance_(MR)_Brain725.jpg,Magnetic Resonance (MR) Brain
C:\Users\HishamMo\Desktop\999_cs\Quantum_Inpired_PSO_Classifcation\MRI_dataset\Magnetic Resonance (MR) Brain\Magnetic_Resonance_(MR)_Brain726.jpg,Magnetic Resonance (MR) Brain
C:\Users\HishamMo\Desktop\999_cs\Quantum_Inpired_PSO_Classifcation\MRI_dataset\Magnetic Resonance (MR) Brain\Magnetic_Resonance_(MR)_Brain727.jpg,Magnetic Resonance (MR) Brain
C:\Users\HishamMo\Desktop\999_cs\Quantum_Inpired_PSO_Classifcation\MRI_dataset\Magnetic Resonance (MR) Brain\Magnetic_Resonance_(MR)_Brain728.jpg,Magnetic Resonance (MR) Brain
C:\Users\HishamMo\Desktop\999_cs\Quantum_Inpired_PSO_Classifcation\MRI_dataset\Magnetic Resonance (MR) Brain\Magnetic_Resonance_(MR)_Brain729.jpg,Magnetic Resonance (MR) Brain
C:\Users\HishamMo\Desktop\999_cs\Quantum_Inpired_PSO_Classifcation\MRI_dataset\Magnetic Resonance (MR) Brain\Magnetic_Resonance_(MR)_Brain730.jpg,Magnetic Resonance (MR) Brain
C:\Users\HishamMo\Desktop\999_cs\Quantum_Inpired_PSO_Classifcation\MRI_dataset\Magnetic Resonance (MR) Brain\Magnetic_Resonance_(MR)_Brain731.jpg,Magnetic Resonance (MR) Brain
C:\Users\HishamMo\Desktop\999_cs\Quantum_Inpired_PSO_Classifcation\MRI_dataset\Magnetic Resonance (MR) Brain\Magnetic_Resonance_(MR)_Brain732.jpg,Magnetic Resonance (MR) Brain
C:\Users\HishamMo\Desktop\999_cs\Quantum_Inpired_PSO_Classifcation\MRI_dataset\Magnetic Resonance (MR) Brain\Magnetic_Resonance_(MR)_Brain733.jpg,Magnetic Resonance (MR) Brain
C:\Users\HishamMo\Desktop\999_cs\Quantum_Inpired_PSO_Classifcation\MRI_dataset\Magnetic Resonance (MR) Brain\Magnetic_Resonance_(MR)_Brain734.jpg,Magnetic Resonance (MR) Brain
C:\Users\HishamMo\Desktop\999_cs\Quantum_Inpired_PSO_Classifcation\MRI_dataset\Magnetic Resonance (MR) Brain\Magnetic_Resonance_(MR)_Brain735.jpg,Magnetic Resonance (MR) Brain
C:\Users\HishamMo\Desktop\999_cs\Quantum_Inpired_PSO_Classifcation\MRI_dataset\Magnetic Resonance (MR) Brain\Magnetic_Resonance_(MR)_Brain736.jpg,Magnetic Resonance (MR) Brain
C:\Users\HishamMo\Desktop\999_cs\Quantum_Inpired_PSO_Classifcation\MRI_dataset\Magnetic Resonance (MR) Brain\Magnetic_Resonance_(MR)_Brain737.jpg,Magnetic Resonance (MR) Brain
C:\Users\HishamMo\Desktop\999_cs\Quantum_Inpired_PSO_Classifcation\MRI_dataset\Magnetic Resonance (MR) Brain\Magnetic_Resonance_(MR)_Brain738.jpg,Magnetic Resonance (MR) Brain
C:\Users\HishamMo\Desktop\999_cs\Quantum_Inpired_PSO_Classifcation\MRI_dataset\Magnetic Resonance (MR) Brain\Magnetic_Resonance_(MR)_Brain739.jpg,Magnetic Resonance (MR) Brain
C:\Users\HishamMo\Desktop\999_cs\Quantum_Inpired_PSO_Classifcation\MRI_dataset\Magnetic Resonance (MR) Brain\Magnetic_Resonance_(MR)_Brain740.jpg,Magnetic Resonance (MR) Brain
C:\Users\HishamMo\Desktop\999_cs\Quantum_Inpired_PSO_Classifcation\MRI_dataset\Magnetic Resonance (MR) Brain\Magnetic_Resonance_(MR)_Brain741.jpg,Magnetic Resonance (MR) Brain
C:\Users\HishamMo\Desktop\999_cs\Quantum_Inpired_PSO_Classifcation\MRI_dataset\Magnetic Resonance (MR) Brain\Magnetic_Resonance_(MR)_Brain742.jpg,Magnetic Resonance (MR) Brain
C:\Users\HishamMo\Desktop\999_cs\Quantum_Inpired_PSO_Classifcation\MRI_dataset\Magnetic Resonance (MR) Brain\Magnetic_Resonance_(MR)_Brain743.jpg,Magnetic Resonance (MR) Brain
C:\Users\HishamMo\Desktop\999_cs\Quantum_Inpired_PSO_Classifcation\MRI_dataset\Magnetic Resonance (MR) Brain\Magnetic_Resonance_(MR)_Brain744.jpg,Magnetic Resonance (MR) Brain
C:\Users\HishamMo\Desktop\999_cs\Quantum_Inpired_PSO_Classifcation\MRI_dataset\Magnetic Resonance (MR) Brain\Magnetic_Resonance_(MR)_Brain745.jpg,Magnetic Resonance (MR) Brain
C:\Users\HishamMo\Desktop\999_cs\Quantum_Inpired_PSO_Classifcation\MRI_dataset\Magnetic Resonance (MR) Brain\Magnetic_Resonance_(MR)_Brain746.jpg,Magnetic Resonance (MR) Brain
C:\Users\HishamMo\Desktop\999_cs\Quantum_Inpired_PSO_Classifcation\MRI_dataset\Magnetic Resonance (MR) Brain\Magnetic_Resonance_(MR)_Brain747.jpg,Magnetic Resonance (MR) Brain
C:\Users\HishamMo\Desktop\999_cs\Quantum_Inpired_PSO_Classifcation\MRI_dataset\Magnetic Resonance (MR) Brain\Magnetic_Resonance_(MR)_Brain748.jpg,Magnetic Resonance (MR) Brain
C:\Users\HishamMo\Desktop\999_cs\Quantum_Inpired_PSO_Classifcation\MRI_dataset\Magnetic Resonance (MR) Brain\Magnetic_Resonance_(MR)_Brain749.jpg,Magnetic Resonance (MR) Brain
C:\Users\HishamMo\Desktop\999_cs\Quantum_Inpired_PSO_Classifcation\MRI_dataset\Magnetic Resonance (MR) Brain\Magnetic_Resonance_(MR)_Brain750.jpg,Magnetic Resonance (MR) Brain
C:\Users\HishamMo\Desktop\999_cs\Quantum_Inpired_PSO_Classifcation\MRI_dataset\Magnetic Resonance (MR) Brain\Magnetic_Resonance_(MR)_Brain751.jpg,Magnetic Resonance (MR) Brain
C:\Users\HishamMo\Desktop\999_cs\Quantum_Inpired_PSO_Classifcation\MRI_dataset\Magnetic Resonance (MR) Brain\Magnetic_Resonance_(MR)_Brain752.jpg,Magnetic Resonance (MR) Brain
C:\Users\HishamMo\Desktop\999_cs\Quantum_Inpired_PSO_Classifcation\MRI_dataset\Magnetic Resonance (MR) Brain\Magnetic_Resonance_(MR)_Brain753.jpg,Magnetic Resonance (MR) Brain
C:\Users\HishamMo\Desktop\999_cs\Quantum_Inpired_PSO_Classifcation\MRI_dataset\Magnetic Resonance (MR) Brain\Magnetic_Resonance_(MR)_Brain754.jpg,Magnetic Resonance (MR) Brain
C:\Users\HishamMo\Desktop\999_cs\Quantum_Inpired_PSO_Classifcation\MRI_dataset\Magnetic Resonance (MR) Brain\Magnetic_Resonance_(MR)_Brain755.jpg,Magnetic Resonance (MR) Brain
C:\Users\HishamMo\Desktop\999_cs\Quantum_Inpired_PSO_Classifcation\MRI_dataset\Magnetic Resonance (MR) Brain\Magnetic_Resonance_(MR)_Brain756.jpg,Magnetic Resonance (MR) Brain
C:\Users\HishamMo\Desktop\999_cs\Quantum_Inpired_PSO_Classifcation\MRI_dataset\Magnetic Resonance (MR) Brain\Magnetic_Resonance_(MR)_Brain757.jpg,Magnetic Resonance (MR) Brain
C:\Users\HishamMo\Desktop\999_cs\Quantum_Inpired_PSO_Classifcation\MRI_dataset\Magnetic Resonance (MR) Brain\Magnetic_Resonance_(MR)_Brain758.jpg,Magnetic Resonance (MR) Brain
C:\Users\HishamMo\Desktop\999_cs\Quantum_Inpired_PSO_Classifcation\MRI_dataset\Magnetic Resonance (MR) Brain\Magnetic_Resonance_(MR)_Brain759.jpg,Magnetic Resonance (MR) Brain
C:\Users\HishamMo\Desktop\999_cs\Quantum_Inpired_PSO_Classifcation\MRI_dataset\Magnetic Resonance (MR) Brain\Magnetic_Resonance_(MR)_Brain760.jpg,Magnetic Resonance (MR) Brain
C:\Users\HishamMo\Desktop\999_cs\Quantum_Inpired_PSO_Classifcation\MRI_dataset\Magnetic Resonance (MR) Brain\Magnetic_Resonance_(MR)_Brain761.jpg,Magnetic Resonance (MR) Brain
C:\Users\HishamMo\Desktop\999_cs\Quantum_Inpired_PSO_Classifcation\MRI_dataset\Magnetic Resonance (MR) Brain\Magnetic_Resonance_(MR)_Brain762.jpg,Magnetic Resonance (MR) Brain
C:\Users\HishamMo\Desktop\999_cs\Quantum_Inpired_PSO_Classifcation\MRI_dataset\Magnetic Resonance (MR) Brain\Magnetic_Resonance_(MR)_Brain763.jpg,Magnetic Resonance (MR) Brain
C:\Users\HishamMo\Desktop\999_cs\Quantum_Inpired_PSO_Classifcation\MRI_dataset\Magnetic Resonance (MR) Brain\Magnetic_Resonance_(MR)_Brain764.jpg,Magnetic Resonance (MR) Brain
C:\Users\HishamMo\Desktop\999_cs\Quantum_Inpired_PSO_Classifcation\MRI_dataset\Magnetic Resonance (MR) Brain\Magnetic_Resonance_(MR)_Brain765.jpg,Magnetic Resonance (MR) Brain
C:\Users\HishamMo\Desktop\999_cs\Quantum_Inpired_PSO_Classifcation\MRI_dataset\Magnetic Resonance (MR) Brain\Magnetic_Resonance_(MR)_Brain766.jpg,Magnetic Resonance (MR) Brain
C:\Users\HishamMo\Desktop\999_cs\Quantum_Inpired_PSO_Classifcation\MRI_dataset\Magnetic Resonance (MR) Brain\Magnetic_Resonance_(MR)_Brain767.jpg,Magnetic Resonance (MR) Brain
C:\Users\HishamMo\Desktop\999_cs\Quantum_Inpired_PSO_Classifcation\MRI_dataset\Magnetic Resonance (MR) Brain\Magnetic_Resonance_(MR)_Brain768.jpg,Magnetic Resonance (MR) Brain
C:\Users\HishamMo\Desktop\999_cs\Quantum_Inpired_PSO_Classifcation\MRI_dataset\Magnetic Resonance (MR) Brain\Magnetic_Resonance_(MR)_Brain769.jpg,Magnetic Resonance (MR) Brain
C:\Users\HishamMo\Desktop\999_cs\Quantum_Inpired_PSO_Classifcation\MRI_dataset\Magnetic Resonance (MR) Brain\Magnetic_Resonance_(MR)_Brain770.jpg,Magnetic Resonance (MR) Brain
C:\Users\HishamMo\Desktop\999_cs\Quantum_Inpired_PSO_Classifcation\MRI_dataset\Magnetic Resonance (MR) Brain\Magnetic_Resonance_(MR)_Brain771.jpg,Magnetic Resonance (MR) Brain
C:\Users\HishamMo\Desktop\999_cs\Quantum_Inpired_PSO_Classifcation\MRI_dataset\Magnetic Resonance (MR) Brain\Magnetic_Resonance_(MR)_Brain772.jpg,Magnetic Resonance (MR) Brain
C:\Users\HishamMo\Desktop\999_cs\Quantum_Inpired_PSO_Classifcation\MRI_dataset\Magnetic Resonance (MR) Brain\Magnetic_Resonance_(MR)_Brain773.jpg,Magnetic Resonance (MR) Brain
C:\Users\HishamMo\Desktop\999_cs\Quantum_Inpired_PSO_Classifcation\MRI_dataset\Magnetic Resonance (MR) Brain\Magnetic_Resonance_(MR)_Brain774.jpg,Magnetic Resonance (MR) Brain
C:\Users\HishamMo\Desktop\999_cs\Quantum_Inpired_PSO_Classifcation\MRI_dataset\Magnetic Resonance (MR) Brain\Magnetic_Resonance_(MR)_Brain775.jpg,Magnetic Resonance (MR) Brain
C:\Users\HishamMo\Desktop\999_cs\Quantum_Inpired_PSO_Classifcation\MRI_dataset\Magnetic Resonance (MR) Brain\Magnetic_Resonance_(MR)_Brain776.jpg,Magnetic Resonance (MR) Brain
C:\Users\HishamMo\Desktop\999_cs\Quantum_Inpired_PSO_Classifcation\MRI_dataset\Magnetic Resonance (MR) Brain\Magnetic_Resonance_(MR)_Brain777.jpg,Magnetic Resonance (MR) Brain
C:\Users\HishamMo\Desktop\999_cs\Quantum_Inpired_PSO_Classifcation\MRI_dataset\Magnetic Resonance (MR) Brain\Magnetic_Resonance_(MR)_Brain778.jpg,Magnetic Resonance (MR) Brain
C:\Users\HishamMo\Desktop\999_cs\Quantum_Inpired_PSO_Classifcation\MRI_dataset\Magnetic Resonance (MR) Brain\Magnetic_Resonance_(MR)_Brain779.jpg,Magnetic Resonance (MR) Brain
C:\Users\HishamMo\Desktop\999_cs\Quantum_Inpired_PSO_Classifcation\MRI_dataset\Magnetic Resonance (MR) Brain\Magnetic_Resonance_(MR)_Brain780.jpg,Magnetic Resonance (MR) Brain
C:\Users\HishamMo\Desktop\999_cs\Quantum_Inpired_PSO_Classifcation\MRI_dataset\Magnetic Resonance (MR) Brain\Magnetic_Resonance_(MR)_Brain781.jpg,Magnetic Resonance (MR) Brain
C:\Users\HishamMo\Desktop\999_cs\Quantum_Inpired_PSO_Classifcation\MRI_dataset\Magnetic Resonance (MR) Brain\Magnetic_Resonance_(MR)_Brain782.jpg,Magnetic Resonance (MR) Brain
C:\Users\HishamMo\Desktop\999_cs\Quantum_Inpired_PSO_Classifcation\MRI_dataset\Magnetic Resonance (MR) Brain\Magnetic_Resonance_(MR)_Brain783.jpg,Magnetic Resonance (MR) Brain
C:\Users\HishamMo\Desktop\999_cs\Quantum_Inpired_PSO_Classifcation\MRI_dataset\Magnetic Resonance (MR) Brain\Magnetic_Resonance_(MR)_Brain784.jpg,Magnetic Resonance (MR) Brain
C:\Users\HishamMo\Desktop\999_cs\Quantum_Inpired_PSO_Classifcation\MRI_dataset\Magnetic Resonance (MR) Brain\Magnetic_Resonance_(MR)_Brain785.jpg,Magnetic Resonance (MR) Brain
C:\Users\HishamMo\Desktop\999_cs\Quantum_Inpired_PSO_Classifcation\MRI_dataset\Magnetic Resonance (MR) Brain\Magnetic_Resonance_(MR)_Brain786.jpg,Magnetic Resonance (MR) Brain
C:\Users\HishamMo\Desktop\999_cs\Quantum_Inpired_PSO_Classifcation\MRI_dataset\Magnetic Resonance (MR) Brain\Magnetic_Resonance_(MR)_Brain787.jpg,Magnetic Resonance (MR) Brain
C:\Users\HishamMo\Desktop\999_cs\Quantum_Inpired_PSO_Classifcation\MRI_dataset\Magnetic Resonance (MR) Brain\Magnetic_Resonance_(MR)_Brain788.jpg,Magnetic Resonance (MR) Brain
C:\Users\HishamMo\Desktop\999_cs\Quantum_Inpired_PSO_Classifcation\MRI_dataset\Magnetic Resonance (MR) Brain\Magnetic_Resonance_(MR)_Brain789.jpg,Magnetic Resonance (MR) Brain
C:\Users\HishamMo\Desktop\999_cs\Quantum_Inpired_PSO_Classifcation\MRI_dataset\Magnetic Resonance (MR) Brain\Magnetic_Resonance_(MR)_Brain790.jpg,Magnetic Resonance (MR) Brain
C:\Users\HishamMo\Desktop\999_cs\Quantum_Inpired_PSO_Classifcation\MRI_dataset\Magnetic Resonance (MR) Brain\Magnetic_Resonance_(MR)_Brain791.jpg,Magnetic Resonance (MR) Brain
C:\Users\HishamMo\Desktop\999_cs\Quantum_Inpired_PSO_Classifcation\MRI_dataset\Magnetic Resonance (MR) Brain\Magnetic_Resonance_(MR)_Brain792.jpg,Magnetic Resonance (MR) Brain
C:\Users\HishamMo\Desktop\999_cs\Quantum_Inpired_PSO_Classifcation\MRI_dataset\Magnetic Resonance (MR) Brain\Magnetic_Resonance_(MR)_Brain793.jpg,Magnetic Resonance (MR) Brain
C:\Users\HishamMo\Desktop\999_cs\Quantum_Inpired_PSO_Classifcation\MRI_dataset\Magnetic Resonance (MR) Brain\Magnetic_Resonance_(MR)_Brain794.jpg,Magnetic Resonance (MR) Brain
C:\Users\HishamMo\Desktop\999_cs\Quantum_Inpired_PSO_Classifcation\MRI_dataset\Magnetic Resonance (MR) Brain\Magnetic_Resonance_(MR)_Brain795.jpg,Magnetic Resonance (MR) Brain
C:\Users\HishamMo\Desktop\999_cs\Quantum_Inpired_PSO_Classifcation\MRI_dataset\Magnetic Resonance (MR) Brain\Magnetic_Resonance_(MR)_Brain796.jpg,Magnetic Resonance (MR) Brain
C:\Users\HishamMo\Desktop\999_cs\Quantum_Inpired_PSO_Classifcation\MRI_dataset\Magnetic Resonance (MR) Brain\Magnetic_Resonance_(MR)_Brain797.jpg,Magnetic Resonance (MR) Brain
C:\Users\HishamMo\Desktop\999_cs\Quantum_Inpired_PSO_Classifcation\MRI_dataset\Magnetic Resonance (MR) Brain\Magnetic_Resonance_(MR)_Brain798.jpg,Magnetic Resonance (MR) Brain
C:\Users\HishamMo\Desktop\999_cs\Quantum_Inpired_PSO_Classifcation\MRI_dataset\Magnetic Resonance (MR) Brain\Magnetic_Resonance_(MR)_Brain799.jpg,Magnetic Resonance (MR) Brain
C:\Users\HishamMo\Desktop\999_cs\Quantum_Inpired_PSO_Classifcation\MRI_dataset\Magnetic Resonance (MR) Brain\Magnetic_Resonance_(MR)_Brain800.jpg,Magnetic Resonance (MR) Brain
C:\Users\HishamMo\Desktop\999_cs\Quantum_Inpired_PSO_Classifcation\MRI_dataset\Magnetic Resonance (MR) Brain\Magnetic_Resonance_(MR)_Brain801.jpg,Magnetic Resonance (MR) Brain
C:\Users\HishamMo\Desktop\999_cs\Quantum_Inpired_PSO_Classifcation\MRI_dataset\Magnetic Resonance (MR) Brain\Magnetic_Resonance_(MR)_Brain802.jpg,Magnetic Resonance (MR) Brain
C:\Users\HishamMo\Desktop\999_cs\Quantum_Inpired_PSO_Classifcation\MRI_dataset\Magnetic Resonance (MR) Brain\Magnetic_Resonance_(MR)_Brain803.jpg,Magnetic Resonance (MR) Brain
C:\Users\HishamMo\Desktop\999_cs\Quantum_Inpired_PSO_Classifcation\MRI_dataset\Magnetic Resonance (MR) Brain\Magnetic_Resonance_(MR)_Brain804.jpg,Magnetic Resonance (MR) Brain
C:\Users\HishamMo\Desktop\999_cs\Quantum_Inpired_PSO_Classifcation\MRI_dataset\Magnetic Resonance (MR) Brain\Magnetic_Resonance_(MR)_Brain805.jpg,Magnetic Resonance (MR) Brain
C:\Users\HishamMo\Desktop\999_cs\Quantum_Inpired_PSO_Classifcation\MRI_dataset\Magnetic Resonance (MR) Brain\Magnetic_Resonance_(MR)_Brain806.jpg,Magnetic Resonance (MR) Brain
C:\Users\HishamMo\Desktop\999_cs\Quantum_Inpired_PSO_Classifcation\MRI_dataset\Magnetic Resonance (MR) Brain\Magnetic_Resonance_(MR)_Brain807.jpg,Magnetic Resonance (MR) Brain
C:\Users\HishamMo\Desktop\999_cs\Quantum_Inpired_PSO_Classifcation\MRI_dataset\Magnetic Resonance (MR) Brain\Magnetic_Resonance_(MR)_Brain808.jpg,Magnetic Resonance (MR) Brain
C:\Users\HishamMo\Desktop\999_cs\Quantum_Inpired_PSO_Classifcation\MRI_dataset\Magnetic Resonance (MR) Brain\Magnetic_Resonance_(MR)_Brain809.jpg,Magnetic Resonance (MR) Brain
C:\Users\HishamMo\Desktop\999_cs\Quantum_Inpired_PSO_Classifcation\MRI_dataset\Magnetic Resonance (MR) Brain\Magnetic_Resonance_(MR)_Brain810.jpg,Magnetic Resonance (MR) Brain
C:\Users\HishamMo\Desktop\999_cs\Quantum_Inpired_PSO_Classifcation\MRI_dataset\Magnetic Resonance (MR) Brain\Magnetic_Resonance_(MR)_Brain811.jpg,Magnetic Resonance (MR) Brain
C:\Users\HishamMo\Desktop\999_cs\Quantum_Inpired_PSO_Classifcation\MRI_dataset\Magnetic Resonance (MR) Brain\Magnetic_Resonance_(MR)_Brain812.jpg,Magnetic Resonance (MR) Brain
C:\Users\HishamMo\Desktop\999_cs\Quantum_Inpired_PSO_Classifcation\MRI_dataset\Magnetic Resonance (MR) Brain\Magnetic_Resonance_(MR)_Brain813.jpg,Magnetic Resonance (MR) Brain
C:\Users\HishamMo\Desktop\999_cs\Quantum_Inpired_PSO_Classifcation\MRI_dataset\Magnetic Resonance (MR) Brain\Magnetic_Resonance_(MR)_Brain814.jpg,Magnetic Resonance (MR) Brain
C:\Users\HishamMo\Desktop\999_cs\Quantum_Inpired_PSO_Classifcation\MRI_dataset\Magnetic Resonance (MR) Brain\Magnetic_Resonance_(MR)_Brain815.jpg,Magnetic Resonance (MR) Brain
C:\Users\HishamMo\Desktop\999_cs\Quantum_Inpired_PSO_Classifcation\MRI_dataset\Magnetic Resonance (MR) Brain\Magnetic_Resonance_(MR)_Brain816.jpg,Magnetic Resonance (MR) Brain
C:\Users\HishamMo\Desktop\999_cs\Quantum_Inpired_PSO_Classifcation\MRI_dataset\Magnetic Resonance (MR) Brain\Magnetic_Resonance_(MR)_Brain817.jpg,Magnetic Resonance (MR) Brain
C:\Users\HishamMo\Desktop\999_cs\Quantum_Inpired_PSO_Classifcation\MRI_dataset\Magnetic Resonance (MR) Brain\Magnetic_Resonance_(MR)_Brain818.jpg,Magnetic Resonance (MR) Brain
C:\Users\HishamMo\Desktop\999_cs\Quantum_Inpired_PSO_Classifcation\MRI_dataset\Magnetic Resonance (MR) Brain\Magnetic_Resonance_(MR)_Brain819.jpg,Magnetic Resonance (MR) Brain
C:\Users\HishamMo\Desktop\999_cs\Quantum_Inpired_PSO_Classifcation\MRI_dataset\Magnetic Resonance (MR) Brain\Magnetic_Resonance_(MR)_Brain820.jpg,Magnetic Resonance (MR) Brain
C:\Users\HishamMo\Desktop\999_cs\Quantum_Inpired_PSO_Classifcation\MRI_dataset\Magnetic Resonance (MR) Brain\Magnetic_Resonance_(MR)_Brain821.jpg,Magnetic Resonance (MR) Brain
C:\Users\HishamMo\Desktop\999_cs\Quantum_Inpired_PSO_Classifcation\MRI_dataset\Magnetic Resonance (MR) Brain\Magnetic_Resonance_(MR)_Brain822.jpg,Magnetic Resonance (MR) Brain
C:\Users\HishamMo\Desktop\999_cs\Quantum_Inpired_PSO_Classifcation\MRI_dataset\Magnetic Resonance (MR) Brain\Magnetic_Resonance_(MR)_Brain823.jpg,Magnetic Resonance (MR) Brain
C:\Users\HishamMo\Desktop\999_cs\Quantum_Inpired_PSO_Classifcation\MRI_dataset\Magnetic Resonance (MR) Brain\Magnetic_Resonance_(MR)_Brain824.jpg,Magnetic Resonance (MR) Brain
C:\Users\HishamMo\Desktop\999_cs\Quantum_Inpired_PSO_Classifcation\MRI_dataset\Magnetic Resonance (MR) Brain\Magnetic_Resonance_(MR)_Brain825.jpg,Magnetic Resonance (MR) Brain
C:\Users\HishamMo\Desktop\999_cs\Quantum_Inpired_PSO_Classifcation\MRI_dataset\Magnetic Resonance (MR) Brain\Magnetic_Resonance_(MR)_Brain826.jpg,Magnetic Resonance (MR) Brain
C:\Users\HishamMo\Desktop\999_cs\Quantum_Inpired_PSO_Classifcation\MRI_dataset\Magnetic Resonance (MR) Brain\Magnetic_Resonance_(MR)_Brain827.jpg,Magnetic Resonance (MR) Brain
C:\Users\HishamMo\Desktop\999_cs\Quantum_Inpired_PSO_Classifcation\MRI_dataset\Magnetic Resonance (MR) Brain\Magnetic_Resonance_(MR)_Brain828.jpg,Magnetic Resonance (MR) Brain
C:\Users\HishamMo\Desktop\999_cs\Quantum_Inpired_PSO_Classifcation\MRI_dataset\Magnetic Resonance (MR) Brain\Magnetic_Resonance_(MR)_Brain829.jpg,Magnetic Resonance (MR) Brain
C:\Users\HishamMo\Desktop\999_cs\Quantum_Inpired_PSO_Classifcation\MRI_dataset\Magnetic Resonance (MR) Brain\Magnetic_Resonance_(MR)_Brain830.jpg,Magnetic Resonance (MR) Brain
C:\Users\HishamMo\Desktop\999_cs\Quantum_Inpired_PSO_Classifcation\MRI_dataset\Magnetic Resonance (MR) Brain\Magnetic_Resonance_(MR)_Brain831.jpg,Magnetic Resonance (MR) Brain
C:\Users\HishamMo\Desktop\999_cs\Quantum_Inpired_PSO_Classifcation\MRI_dataset\Magnetic Resonance (MR) Brain\Magnetic_Resonance_(MR)_Brain832.jpg,Magnetic Resonance (MR) Brain
C:\Users\HishamMo\Desktop\999_cs\Quantum_Inpired_PSO_Classifcation\MRI_dataset\Magnetic Resonance (MR) Brain\Magnetic_Resonance_(MR)_Brain833.jpg,Magnetic Resonance (MR) Brain
C:\Users\HishamMo\Desktop\999_cs\Quantum_Inpired_PSO_Classifcation\MRI_dataset\Magnetic Resonance (MR) Brain\Magnetic_Resonance_(MR)_Brain834.jpg,Magnetic Resonance (MR) Brain
C:\Users\HishamMo\Desktop\999_cs\Quantum_Inpired_PSO_Classifcation\MRI_dataset\Magnetic Resonance (MR) Brain\Magnetic_Resonance_(MR)_Brain835.jpg,Magnetic Resonance (MR) Brain
C:\Users\HishamMo\Desktop\999_cs\Quantum_Inpired_PSO_Classifcation\MRI_dataset\Magnetic Resonance (MR) Brain\Magnetic_Resonance_(MR)_Brain836.jpg,Magnetic Resonance (MR) Brain
C:\Users\HishamMo\Desktop\999_cs\Quantum_Inpired_PSO_Classifcation\MRI_dataset\Magnetic Resonance (MR) Brain\Magnetic_Resonance_(MR)_Brain837.jpg,Magnetic Resonance (MR) Brain
C:\Users\HishamMo\Desktop\999_cs\Quantum_Inpired_PSO_Classifcation\MRI_dataset\Magnetic Resonance (MR) Brain\Magnetic_Resonance_(MR)_Brain838.jpg,Magnetic Resonance (MR) Brain
C:\Users\HishamMo\Desktop\999_cs\Quantum_Inpired_PSO_Classifcation\MRI_dataset\Magnetic Resonance (MR) Brain\Magnetic_Resonance_(MR)_Brain839.jpg,Magnetic Resonance (MR) Brain
C:\Users\HishamMo\Desktop\999_cs\Quantum_Inpired_PSO_Classifcation\MRI_dataset\Magnetic Resonance (MR) Brain\Magnetic_Resonance_(MR)_Brain840.jpg,Magnetic Resonance (MR) Brain
C:\Users\HishamMo\Desktop\999_cs\Quantum_Inpired_PSO_Classifcation\MRI_dataset\Magnetic Resonance (MR) Brain\Magnetic_Resonance_(MR)_Brain841.jpg,Magnetic Resonance (MR) Brain
C:\Users\HishamMo\Desktop\999_cs\Quantum_Inpired_PSO_Classifcation\MRI_dataset\Magnetic Resonance (MR) Brain\Magnetic_Resonance_(MR)_Brain842.jpg,Magnetic Resonance (MR) Brain
C:\Users\HishamMo\Desktop\999_cs\Quantum_Inpired_PSO_Classifcation\MRI_dataset\Magnetic Resonance (MR) Brain\Magnetic_Resonance_(MR)_Brain843.jpg,Magnetic Resonance (MR) Brain
C:\Users\HishamMo\Desktop\999_cs\Quantum_Inpired_PSO_Classifcation\MRI_dataset\Magnetic Resonance (MR) Brain\Magnetic_Resonance_(MR)_Brain844.jpg,Magnetic Resonance (MR) Brain
C:\Users\HishamMo\Desktop\999_cs\Quantum_Inpired_PSO_Classifcation\MRI_dataset\Magnetic Resonance (MR) Brain\Magnetic_Resonance_(MR)_Brain845.jpg,Magnetic Resonance (MR) Brain
C:\Users\HishamMo\Desktop\999_cs\Quantum_Inpired_PSO_Classifcation\MRI_dataset\Magnetic Resonance (MR) Brain\Magnetic_Resonance_(MR)_Brain846.jpg,Magnetic Resonance (MR) Brain
C:\Users\HishamMo\Desktop\999_cs\Quantum_Inpired_PSO_Classifcation\MRI_dataset\Magnetic Resonance (MR) Brain\Magnetic_Resonance_(MR)_Brain847.jpg,Magnetic Resonance (MR) Brain
C:\Users\HishamMo\Desktop\999_cs\Quantum_Inpired_PSO_Classifcation\MRI_dataset\Magnetic Resonance (MR) Brain\Magnetic_Resonance_(MR)_Brain848.jpg,Magnetic Resonance (MR) Brain
C:\Users\HishamMo\Desktop\999_cs\Quantum_Inpired_PSO_Classifcation\MRI_dataset\Magnetic Resonance (MR) Brain\Magnetic_Resonance_(MR)_Brain849.jpg,Magnetic Resonance (MR) Brain
C:\Users\HishamMo\Desktop\999_cs\Quantum_Inpired_PSO_Classifcation\MRI_dataset\Magnetic Resonance (MR) Brain\Magnetic_Resonance_(MR)_Brain850.jpg,Magnetic Resonance (MR) Brain
C:\Users\HishamMo\Desktop\999_cs\Quantum_Inpired_PSO_Classifcation\MRI_dataset\Magnetic Resonance (MR) Brain\Magnetic_Resonance_(MR)_Brain851.jpg,Magnetic Resonance (MR) Brain
C:\Users\HishamMo\Desktop\999_cs\Quantum_Inpired_PSO_Classifcation\MRI_dataset\Magnetic Resonance (MR) Brain\Magnetic_Resonance_(MR)_Brain852.jpg,Magnetic Resonance (MR) Brain
C:\Users\HishamMo\Desktop\999_cs\Quantum_Inpired_PSO_Classifcation\MRI_dataset\Magnetic Resonance (MR) Brain\Magnetic_Resonance_(MR)_Brain853.jpg,Magnetic Resonance (MR) Brain
C:\Users\HishamMo\Desktop\999_cs\Quantum_Inpired_PSO_Classifcation\MRI_dataset\Magnetic Resonance (MR) Brain\Magnetic_Resonance_(MR)_Brain854.jpg,Magnetic Resonance (MR) Brain
C:\Users\HishamMo\Desktop\999_cs\Quantum_Inpired_PSO_Classifcation\MRI_dataset\Magnetic Resonance (MR) Brain\Magnetic_Resonance_(MR)_Brain855.jpg,Magnetic Resonance (MR) Brain
C:\Users\HishamMo\Desktop\999_cs\Quantum_Inpired_PSO_Classifcation\MRI_dataset\Magnetic Resonance (MR) Brain\Magnetic_Resonance_(MR)_Brain856.jpg,Magnetic Resonance (MR) Brain
C:\Users\HishamMo\Desktop\999_cs\Quantum_Inpired_PSO_Classifcation\MRI_dataset\Magnetic Resonance (MR) Brain\Magnetic_Resonance_(MR)_Brain857.jpg,Magnetic Resonance (MR) Brain
C:\Users\HishamMo\Desktop\999_cs\Quantum_Inpired_PSO_Classifcation\MRI_dataset\Magnetic Resonance (MR) Brain\Magnetic_Resonance_(MR)_Brain858.jpg,Magnetic Resonance (MR) Brain
C:\Users\HishamMo\Desktop\999_cs\Quantum_Inpired_PSO_Classifcation\MRI_dataset\Magnetic Resonance (MR) Brain\Magnetic_Resonance_(MR)_Brain859.jpg,Magnetic Resonance (MR) Brain
C:\Users\HishamMo\Desktop\999_cs\Quantum_Inpired_PSO_Classifcation\MRI_dataset\Magnetic Resonance (MR) Brain\Magnetic_Resonance_(MR)_Brain860.jpg,Magnetic Resonance (MR) Brain
C:\Users\HishamMo\Desktop\999_cs\Quantum_Inpired_PSO_Classifcation\MRI_dataset\Magnetic Resonance (MR) Brain\Magnetic_Resonance_(MR)_Brain861.jpg,Magnetic Resonance (MR) Brain
C:\Users\HishamMo\Desktop\999_cs\Quantum_Inpired_PSO_Classifcation\MRI_dataset\Magnetic Resonance (MR) Brain\Magnetic_Resonance_(MR)_Brain862.jpg,Magnetic Resonance (MR) Brain
C:\Users\HishamMo\Desktop\999_cs\Quantum_Inpired_PSO_Classifcation\MRI_dataset\Magnetic Resonance (MR) Brain\Magnetic_Resonance_(MR)_Brain863.jpg,Magnetic Resonance (MR) Brain
C:\Users\HishamMo\Desktop\999_cs\Quantum_Inpired_PSO_Classifcation\MRI_dataset\Magnetic Resonance (MR) Brain\Magnetic_Resonance_(MR)_Brain864.jpg,Magnetic Resonance (MR) Brain
C:\Users\HishamMo\Desktop\999_cs\Quantum_Inpired_PSO_Classifcation\MRI_dataset\Magnetic Resonance (MR) Brain\Magnetic_Resonance_(MR)_Brain865.jpg,Magnetic Resonance (MR) Brain
C:\Users\HishamMo\Desktop\999_cs\Quantum_Inpired_PSO_Classifcation\MRI_dataset\Magnetic Resonance (MR) Brain\Magnetic_Resonance_(MR)_Brain866.jpg,Magnetic Resonance (MR) Brain
C:\Users\HishamMo\Desktop\999_cs\Quantum_Inpired_PSO_Classifcation\MRI_dataset\Magnetic Resonance (MR) Brain\Magnetic_Resonance_(MR)_Brain867.jpg,Magnetic Resonance (MR) Brain
C:\Users\HishamMo\Desktop\999_cs\Quantum_Inpired_PSO_Classifcation\MRI_dataset\Magnetic Resonance (MR) Brain\Magnetic_Resonance_(MR)_Brain868.jpg,Magnetic Resonance (MR) Brain
C:\Users\HishamMo\Desktop\999_cs\Quantum_Inpired_PSO_Classifcation\MRI_dataset\Magnetic Resonance (MR) Brain\Magnetic_Resonance_(MR)_Brain869.jpg,Magnetic Resonance (MR) Brain
C:\Users\HishamMo\Desktop\999_cs\Quantum_Inpired_PSO_Classifcation\MRI_dataset\Magnetic Resonance (MR) Brain\Magnetic_Resonance_(MR)_Brain870.jpg,Magnetic Resonance (MR) Brain
C:\Users\HishamMo\Desktop\999_cs\Quantum_Inpired_PSO_Classifcation\MRI_dataset\Magnetic Resonance (MR) Brain\Magnetic_Resonance_(MR)_Brain871.jpg,Magnetic Resonance (MR) Brain
C:\Users\HishamMo\Desktop\999_cs\Quantum_Inpired_PSO_Classifcation\MRI_dataset\Magnetic Resonance (MR) Brain\Magnetic_Resonance_(MR)_Brain872.jpg,Magnetic Resonance (MR) Brain
C:\Users\HishamMo\Desktop\999_cs\Quantum_Inpired_PSO_Classifcation\MRI_dataset\Magnetic Resonance (MR) Brain\Magnetic_Resonance_(MR)_Brain873.jpg,Magnetic Resonance (MR) Brain
C:\Users\HishamMo\Desktop\999_cs\Quantum_Inpired_PSO_Classifcation\MRI_dataset\Magnetic Resonance (MR) Brain\Magnetic_Resonance_(MR)_Brain874.jpg,Magnetic Resonance (MR) Brain
C:\Users\HishamMo\Desktop\999_cs\Quantum_Inpired_PSO_Classifcation\MRI_dataset\Magnetic Resonance (MR) Brain\Magnetic_Resonance_(MR)_Brain875.jpg,Magnetic Resonance (MR) Brain
C:\Users\HishamMo\Desktop\999_cs\Quantum_Inpired_PSO_Classifcation\MRI_dataset\Magnetic Resonance (MR) Brain\Magnetic_Resonance_(MR)_Brain876.jpg,Magnetic Resonance (MR) Brain
C:\Users\HishamMo\Desktop\999_cs\Quantum_Inpired_PSO_Classifcation\MRI_dataset\Magnetic Resonance (MR) Brain\Magnetic_Resonance_(MR)_Brain877.jpg,Magnetic Resonance (MR) Brain
C:\Users\HishamMo\Desktop\999_cs\Quantum_Inpired_PSO_Classifcation\MRI_dataset\Magnetic Resonance (MR) Brain\Magnetic_Resonance_(MR)_Brain878.jpg,Magnetic Resonance (MR) Brain
C:\Users\HishamMo\Desktop\999_cs\Quantum_Inpired_PSO_Classifcation\MRI_dataset\Magnetic Resonance (MR) Brain\Magnetic_Resonance_(MR)_Brain879.jpg,Magnetic Resonance (MR) Brain
C:\Users\HishamMo\Desktop\999_cs\Quantum_Inpired_PSO_Classifcation\MRI_dataset\Magnetic Resonance (MR) Brain\Magnetic_Resonance_(MR)_Brain880.jpg,Magnetic Resonance (MR) Brain
C:\Users\HishamMo\Desktop\999_cs\Quantum_Inpired_PSO_Classifcation\MRI_dataset\Magnetic Resonance (MR) Brain\Magnetic_Resonance_(MR)_Brain881.jpg,Magnetic Resonance (MR) Brain
C:\Users\HishamMo\Desktop\999_cs\Quantum_Inpired_PSO_Classifcation\MRI_dataset\Magnetic Resonance (MR) Brain\Magnetic_Resonance_(MR)_Brain882.jpg,Magnetic Resonance (MR) Brain
C:\Users\HishamMo\Desktop\999_cs\Quantum_Inpired_PSO_Classifcation\MRI_dataset\Magnetic Resonance (MR) Brain\Magnetic_Resonance_(MR)_Brain883.jpg,Magnetic Resonance (MR) Brain
C:\Users\HishamMo\Desktop\999_cs\Quantum_Inpired_PSO_Classifcation\MRI_dataset\Magnetic Resonance (MR) Brain\Magnetic_Resonance_(MR)_Brain884.jpg,Magnetic Resonance (MR) Brain
C:\Users\HishamMo\Desktop\999_cs\Quantum_Inpired_PSO_Classifcation\MRI_dataset\Magnetic Resonance (MR) Brain\Magnetic_Resonance_(MR)_Brain885.jpg,Magnetic Resonance (MR) Brain
C:\Users\HishamMo\Desktop\999_cs\Quantum_Inpired_PSO_Classifcation\MRI_dataset\Magnetic Resonance (MR) Brain\Magnetic_Resonance_(MR)_Brain886.jpg,Magnetic Resonance (MR) Brain
C:\Users\HishamMo\Desktop\999_cs\Quantum_Inpired_PSO_Classifcation\MRI_dataset\Magnetic Resonance (MR) Brain\Magnetic_Resonance_(MR)_Brain887.jpg,Magnetic Resonance (MR) Brain
C:\Users\HishamMo\Desktop\999_cs\Quantum_Inpired_PSO_Classifcation\MRI_dataset\Magnetic Resonance (MR) Brain\Magnetic_Resonance_(MR)_Brain888.jpg,Magnetic Resonance (MR) Brain
C:\Users\HishamMo\Desktop\999_cs\Quantum_Inpired_PSO_Classifcation\MRI_dataset\Magnetic Resonance (MR) Brain\Magnetic_Resonance_(MR)_Brain889.jpg,Magnetic Resonance (MR) Brain
C:\Users\HishamMo\Desktop\999_cs\Quantum_Inpired_PSO_Classifcation\MRI_dataset\Magnetic Resonance (MR) Brain\Magnetic_Resonance_(MR)_Brain890.jpg,Magnetic Resonance (MR) Brain
C:\Users\HishamMo\Desktop\999_cs\Quantum_Inpired_PSO_Classifcation\MRI_dataset\Magnetic Resonance (MR) Brain\Magnetic_Resonance_(MR)_Brain891.jpg,Magnetic Resonance (MR) Brain
C:\Users\HishamMo\Desktop\999_cs\Quantum_Inpired_PSO_Classifcation\MRI_dataset\Magnetic Resonance (MR) Brain\Magnetic_Resonance_(MR)_Brain892.jpg,Magnetic Resonance (MR) Brain
C:\Users\HishamMo\Desktop\999_cs\Quantum_Inpired_PSO_Classifcation\MRI_dataset\Magnetic Resonance (MR) Brain\Magnetic_Resonance_(MR)_Brain893.jpg,Magnetic Resonance (MR) Brain
C:\Users\HishamMo\Desktop\999_cs\Quantum_Inpired_PSO_Classifcation\MRI_dataset\Magnetic Resonance (MR) Brain\Magnetic_Resonance_(MR)_Brain894.jpg,Magnetic Resonance (MR) Brain
C:\Users\HishamMo\Desktop\999_cs\Quantum_Inpired_PSO_Classifcation\MRI_dataset\Magnetic Resonance (MR) Brain\Magnetic_Resonance_(MR)_Brain895.jpg,Magnetic Resonance (MR) Brain
C:\Users\HishamMo\Desktop\999_cs\Quantum_Inpired_PSO_Classifcation\MRI_dataset\Magnetic Resonance (MR) Brain\Magnetic_Resonance_(MR)_Brain896.jpg,Magnetic Resonance (MR) Brain
C:\Users\HishamMo\Desktop\999_cs\Quantum_Inpired_PSO_Classifcation\MRI_dataset\Magnetic Resonance (MR) Brain\Magnetic_Resonance_(MR)_Brain897.jpg,Magnetic Resonance (MR) Brain
C:\Users\HishamMo\Desktop\999_cs\Quantum_Inpired_PSO_Classifcation\MRI_dataset\Magnetic Resonance (MR) Brain\Magnetic_Resonance_(MR)_Brain898.jpg,Magnetic Resonance (MR) Brain
C:\Users\HishamMo\Desktop\999_cs\Quantum_Inpired_PSO_Classifcation\MRI_dataset\Magnetic Resonance (MR) Brain\Magnetic_Resonance_(MR)_Brain899.jpg,Magnetic Resonance (MR) Brain
C:\Users\HishamMo\Desktop\999_cs\Quantum_Inpired_PSO_Classifcation\MRI_dataset\Magnetic Resonance (MR) Brain\Magnetic_Resonance_(MR)_Brain900.jpg,Magnetic Resonance (MR) Brain
C:\Users\HishamMo\Desktop\999_cs\Quantum_Inpired_PSO_Classifcation\MRI_dataset\Magnetic Resonance (MR) Brain\Magnetic_Resonance_(MR)_Brain901.jpg,Magnetic Resonance (MR) Brain
C:\Users\HishamMo\Desktop\999_cs\Quantum_Inpired_PSO_Classifcation\MRI_dataset\Magnetic Resonance (MR) Brain\Magnetic_Resonance_(MR)_Brain902.jpg,Magnetic Resonance (MR) Brain
C:\Users\HishamMo\Desktop\999_cs\Quantum_Inpired_PSO_Classifcation\MRI_dataset\Magnetic Resonance (MR) Brain\Magnetic_Resonance_(MR)_Brain903.jpg,Magnetic Resonance (MR) Brain
C:\Users\HishamMo\Desktop\999_cs\Quantum_Inpired_PSO_Classifcation\MRI_dataset\Magnetic Resonance (MR) Brain\Magnetic_Resonance_(MR)_Brain904.jpg,Magnetic Resonance (MR) Brain
C:\Users\HishamMo\Desktop\999_cs\Quantum_Inpired_PSO_Classifcation\MRI_dataset\Magnetic Resonance (MR) Brain\Magnetic_Resonance_(MR)_Brain905.jpg,Magnetic Resonance (MR) Brain
C:\Users\HishamMo\Desktop\999_cs\Quantum_Inpired_PSO_Classifcation\MRI_dataset\Magnetic Resonance (MR) Brain\Magnetic_Resonance_(MR)_Brain906.jpg,Magnetic Resonance (MR) Brain
C:\Users\HishamMo\Desktop\999_cs\Quantum_Inpired_PSO_Classifcation\MRI_dataset\Magnetic Resonance (MR) Brain\Magnetic_Resonance_(MR)_Brain907.jpg,Magnetic Resonance (MR) Brain
C:\Users\HishamMo\Desktop\999_cs\Quantum_Inpired_PSO_Classifcation\MRI_dataset\Magnetic Resonance (MR) Brain\Magnetic_Resonance_(MR)_Brain908.jpg,Magnetic Resonance (MR) Brain
C:\Users\HishamMo\Desktop\999_cs\Quantum_Inpired_PSO_Classifcation\MRI_dataset\Magnetic Resonance (MR) Brain\Magnetic_Resonance_(MR)_Brain909.jpg,Magnetic Resonance (MR) Brain
C:\Users\HishamMo\Desktop\999_cs\Quantum_Inpired_PSO_Classifcation\MRI_dataset\Magnetic Resonance (MR) Brain\Magnetic_Resonance_(MR)_Brain910.jpg,Magnetic Resonance (MR) Brain
C:\Users\HishamMo\Desktop\999_cs\Quantum_Inpired_PSO_Classifcation\MRI_dataset\Magnetic Resonance (MR) Brain\Magnetic_Resonance_(MR)_Brain911.jpg,Magnetic Resonance (MR) Brain
C:\Users\HishamMo\Desktop\999_cs\Quantum_Inpired_PSO_Classifcation\MRI_dataset\Magnetic Resonance (MR) Brain\Magnetic_Resonance_(MR)_Brain912.jpg,Magnetic Resonance (MR) Brain
C:\Users\HishamMo\Desktop\999_cs\Quantum_Inpired_PSO_Classifcation\MRI_dataset\Magnetic Resonance (MR) Brain\Magnetic_Resonance_(MR)_Brain913.jpg,Magnetic Resonance (MR) Brain
C:\Users\HishamMo\Desktop\999_cs\Quantum_Inpired_PSO_Classifcation\MRI_dataset\Magnetic Resonance (MR) Brain\Magnetic_Resonance_(MR)_Brain914.jpg,Magnetic Resonance (MR) Brain
C:\Users\HishamMo\Desktop\999_cs\Quantum_Inpired_PSO_Classifcation\MRI_dataset\Magnetic Resonance (MR) Brain\Magnetic_Resonance_(MR)_Brain915.jpg,Magnetic Resonance (MR) Brain
C:\Users\HishamMo\Desktop\999_cs\Quantum_Inpired_PSO_Classifcation\MRI_dataset\Magnetic Resonance (MR) Brain\Magnetic_Resonance_(MR)_Brain916.jpg,Magnetic Resonance (MR) Brain
C:\Users\HishamMo\Desktop\999_cs\Quantum_Inpired_PSO_Classifcation\MRI_dataset\Magnetic Resonance (MR) Brain\Magnetic_Resonance_(MR)_Brain917.jpg,Magnetic Resonance (MR) Brain
C:\Users\HishamMo\Desktop\999_cs\Quantum_Inpired_PSO_Classifcation\MRI_dataset\Magnetic Resonance (MR) Brain\Magnetic_Resonance_(MR)_Brain918.jpg,Magnetic Resonance (MR) Brain
C:\Users\HishamMo\Desktop\999_cs\Quantum_Inpired_PSO_Classifcation\MRI_dataset\Magnetic Resonance (MR) Brain\Magnetic_Resonance_(MR)_Brain919.jpg,Magnetic Resonance (MR) Brain
C:\Users\HishamMo\Desktop\999_cs\Quantum_Inpired_PSO_Classifcation\MRI_dataset\Magnetic Resonance (MR) Brain\Magnetic_Resonance_(MR)_Brain920.jpg,Magnetic Resonance (MR) Brain
C:\Users\HishamMo\Desktop\999_cs\Quantum_Inpired_PSO_Classifcation\MRI_dataset\Magnetic Resonance (MR) Brain\Magnetic_Resonance_(MR)_Brain921.jpg,Magnetic Resonance (MR) Brain
C:\Users\HishamMo\Desktop\999_cs\Quantum_Inpired_PSO_Classifcation\MRI_dataset\Magnetic Resonance (MR) Brain\Magnetic_Resonance_(MR)_Brain922.jpg,Magnetic Resonance (MR) Brain
C:\Users\HishamMo\Desktop\999_cs\Quantum_Inpired_PSO_Classifcation\MRI_dataset\Magnetic Resonance (MR) Brain\Magnetic_Resonance_(MR)_Brain923.jpg,Magnetic Resonance (MR) Brain
C:\Users\HishamMo\Desktop\999_cs\Quantum_Inpired_PSO_Classifcation\MRI_dataset\Magnetic Resonance (MR) Brain\Magnetic_Resonance_(MR)_Brain924.jpg,Magnetic Resonance (MR) Brain
C:\Users\HishamMo\Desktop\999_cs\Quantum_Inpired_PSO_Classifcation\MRI_dataset\Magnetic Resonance (MR) Brain\Magnetic_Resonance_(MR)_Brain925.jpg,Magnetic Resonance (MR) Brain
C:\Users\HishamMo\Desktop\999_cs\Quantum_Inpired_PSO_Classifcation\MRI_dataset\Magnetic Resonance (MR) Brain\Magnetic_Resonance_(MR)_Brain926.jpg,Magnetic Resonance (MR) Brain
C:\Users\HishamMo\Desktop\999_cs\Quantum_Inpired_PSO_Classifcation\MRI_dataset\Magnetic Resonance (MR) Brain\Magnetic_Resonance_(MR)_Brain927.jpg,Magnetic Resonance (MR) Brain
C:\Users\HishamMo\Desktop\999_cs\Quantum_Inpired_PSO_Classifcation\MRI_dataset\Magnetic Resonance (MR) Brain\Magnetic_Resonance_(MR)_Brain928.jpg,Magnetic Resonance (MR) Brain
C:\Users\HishamMo\Desktop\999_cs\Quantum_Inpired_PSO_Classifcation\MRI_dataset\Magnetic Resonance (MR) Brain\Magnetic_Resonance_(MR)_Brain929.jpg,Magnetic Resonance (MR) Brain
C:\Users\HishamMo\Desktop\999_cs\Quantum_Inpired_PSO_Classifcation\MRI_dataset\Magnetic Resonance (MR) Brain\Magnetic_Resonance_(MR)_Brain930.jpg,Magnetic Resonance (MR) Brain
C:\Users\HishamMo\Desktop\999_cs\Quantum_Inpired_PSO_Classifcation\MRI_dataset\Magnetic Resonance (MR) Brain\Magnetic_Resonance_(MR)_Brain931.jpg,Magnetic Resonance (MR) Brain
C:\Users\HishamMo\Desktop\999_cs\Quantum_Inpired_PSO_Classifcation\MRI_dataset\Magnetic Resonance (MR) Brain\Magnetic_Resonance_(MR)_Brain932.jpg,Magnetic Resonance (MR) Brain
C:\Users\HishamMo\Desktop\999_cs\Quantum_Inpired_PSO_Classifcation\MRI_dataset\Magnetic Resonance (MR) Brain\Magnetic_Resonance_(MR)_Brain933.jpg,Magnetic Resonance (MR) Brain
C:\Users\HishamMo\Desktop\999_cs\Quantum_Inpired_PSO_Classifcation\MRI_dataset\Magnetic Resonance (MR) Brain\Magnetic_Resonance_(MR)_Brain934.jpg,Magnetic Resonance (MR) Brain
C:\Users\HishamMo\Desktop\999_cs\Quantum_Inpired_PSO_Classifcation\MRI_dataset\Magnetic Resonance (MR) Brain\Magnetic_Resonance_(MR)_Brain935.jpg,Magnetic Resonance (MR) Brain
C:\Users\HishamMo\Desktop\999_cs\Quantum_Inpired_PSO_Classifcation\MRI_dataset\Magnetic Resonance (MR) Brain\Magnetic_Resonance_(MR)_Brain936.jpg,Magnetic Resonance (MR) Brain
C:\Users\HishamMo\Desktop\999_cs\Quantum_Inpired_PSO_Classifcation\MRI_dataset\Magnetic Resonance (MR) Brain\Magnetic_Resonance_(MR)_Brain937.jpg,Magnetic Resonance (MR) Brain
C:\Users\HishamMo\Desktop\999_cs\Quantum_Inpired_PSO_Classifcation\MRI_dataset\Magnetic Resonance (MR) Brain\Magnetic_Resonance_(MR)_Brain938.jpg,Magnetic Resonance (MR) Brain
C:\Users\HishamMo\Desktop\999_cs\Quantum_Inpired_PSO_Classifcation\MRI_dataset\Magnetic Resonance (MR) Brain\Magnetic_Resonance_(MR)_Brain939.jpg,Magnetic Resonance (MR) Brain
C:\Users\HishamMo\Desktop\999_cs\Quantum_Inpired_PSO_Classifcation\MRI_dataset\Magnetic Resonance (MR) Brain\Magnetic_Resonance_(MR)_Brain940.jpg,Magnetic Resonance (MR) Brain
C:\Users\HishamMo\Desktop\999_cs\Quantum_Inpired_PSO_Classifcation\MRI_dataset\Magnetic Resonance (MR) Brain\Magnetic_Resonance_(MR)_Brain941.jpg,Magnetic Resonance (MR) Brain
C:\Users\HishamMo\Desktop\999_cs\Quantum_Inpired_PSO_Classifcation\MRI_dataset\Magnetic Resonance (MR) Brain\Magnetic_Resonance_(MR)_Brain942.jpg,Magnetic Resonance (MR) Brain
C:\Users\HishamMo\Desktop\999_cs\Quantum_Inpired_PSO_Classifcation\MRI_dataset\Magnetic Resonance (MR) Brain\Magnetic_Resonance_(MR)_Brain943.jpg,Magnetic Resonance (MR) Brain
C:\Users\HishamMo\Desktop\999_cs\Quantum_Inpired_PSO_Classifcation\MRI_dataset\Magnetic Resonance (MR) Brain\Magnetic_Resonance_(MR)_Brain944.jpg,Magnetic Resonance (MR) Brain
C:\Users\HishamMo\Desktop\999_cs\Quantum_Inpired_PSO_Classifcation\MRI_dataset\Magnetic Resonance (MR) Brain\Magnetic_Resonance_(MR)_Brain945.jpg,Magnetic Resonance (MR) Brain
C:\Users\HishamMo\Desktop\999_cs\Quantum_Inpired_PSO_Classifcation\MRI_dataset\Magnetic Resonance (MR) Brain\Magnetic_Resonance_(MR)_Brain946.jpg,Magnetic Resonance (MR) Brain
C:\Users\HishamMo\Desktop\999_cs\Quantum_Inpired_PSO_Classifcation\MRI_dataset\Magnetic Resonance (MR) Brain\Magnetic_Resonance_(MR)_Brain947.jpg,Magnetic Resonance (MR) Brain
C:\Users\HishamMo\Desktop\999_cs\Quantum_Inpired_PSO_Classifcation\MRI_dataset\Magnetic Resonance (MR) Brain\Magnetic_Resonance_(MR)_Brain948.jpg,Magnetic Resonance (MR) Brain
C:\Users\HishamMo\Desktop\999_cs\Quantum_Inpired_PSO_Classifcation\MRI_dataset\Magnetic Resonance (MR) Brain\Magnetic_Resonance_(MR)_Brain949.jpg,Magnetic Resonance (MR) Brain
C:\Users\HishamMo\Desktop\999_cs\Quantum_Inpired_PSO_Classifcation\MRI_dataset\Magnetic Resonance (MR) Brain\Magnetic_Resonance_(MR)_Brain950.jpg,Magnetic Resonance (MR) Brain
C:\Users\HishamMo\Desktop\999_cs\Quantum_Inpired_PSO_Classifcation\MRI_dataset\Magnetic Resonance (MR) Brain\Magnetic_Resonance_(MR)_Brain951.jpg,Magnetic Resonance (MR) Brain
C:\Users\HishamMo\Desktop\999_cs\Quantum_Inpired_PSO_Classifcation\MRI_dataset\Magnetic Resonance (MR) Brain\Magnetic_Resonance_(MR)_Brain952.jpg,Magnetic Resonance (MR) Brain
C:\Users\HishamMo\Desktop\999_cs\Quantum_Inpired_PSO_Classifcation\MRI_dataset\Magnetic Resonance (MR) Brain\Magnetic_Resonance_(MR)_Brain953.jpg,Magnetic Resonance (MR) Brain
C:\Users\HishamMo\Desktop\999_cs\Quantum_Inpired_PSO_Classifcation\MRI_dataset\Magnetic Resonance (MR) Brain\Magnetic_Resonance_(MR)_Brain954.jpg,Magnetic Resonance (MR) Brain
C:\Users\HishamMo\Desktop\999_cs\Quantum_Inpired_PSO_Classifcation\MRI_dataset\Magnetic Resonance (MR) Brain\Magnetic_Resonance_(MR)_Brain955.jpg,Magnetic Resonance (MR) Brain
C:\Users\HishamMo\Desktop\999_cs\Quantum_Inpired_PSO_Classifcation\MRI_dataset\Magnetic Resonance (MR) Brain\Magnetic_Resonance_(MR)_Brain956.jpg,Magnetic Resonance (MR) Brain
C:\Users\HishamMo\Desktop\999_cs\Quantum_Inpired_PSO_Classifcation\MRI_dataset\Magnetic Resonance (MR) Brain\Magnetic_Resonance_(MR)_Brain957.jpg,Magnetic Resonance (MR) Brain
C:\Users\HishamMo\Desktop\999_cs\Quantum_Inpired_PSO_Classifcation\MRI_dataset\Magnetic Resonance (MR) Brain\Magnetic_Resonance_(MR)_Brain958.jpg,Magnetic Resonance (MR) Brain
C:\Users\HishamMo\Desktop\999_cs\Quantum_Inpired_PSO_Classifcation\MRI_dataset\Magnetic Resonance (MR) Brain\Magnetic_Resonance_(MR)_Brain959.jpg,Magnetic Resonance (MR) Brain
C:\Users\HishamMo\Desktop\999_cs\Quantum_Inpired_PSO_Classifcation\MRI_dataset\Magnetic Resonance (MR) Brain\Magnetic_Resonance_(MR)_Brain960.jpg,Magnetic Resonance (MR) Brain
C:\Users\HishamMo\Desktop\999_cs\Quantum_Inpired_PSO_Classifcation\MRI_dataset\Magnetic Resonance (MR) Brain\Magnetic_Resonance_(MR)_Brain961.jpg,Magnetic Resonance (MR) Brain
C:\Users\HishamMo\Desktop\999_cs\Quantum_Inpired_PSO_Classifcation\MRI_dataset\Magnetic Resonance (MR) Brain\Magnetic_Resonance_(MR)_Brain962.jpg,Magnetic Resonance (MR) Brain
C:\Users\HishamMo\Desktop\999_cs\Quantum_Inpired_PSO_Classifcation\MRI_dataset\Magnetic Resonance (MR) Brain\Magnetic_Resonance_(MR)_Brain963.jpg,Magnetic Resonance (MR) Brain
C:\Users\HishamMo\Desktop\999_cs\Quantum_Inpired_PSO_Classifcation\MRI_dataset\Magnetic Resonance (MR) Brain\Magnetic_Resonance_(MR)_Brain964.jpg,Magnetic Resonance (MR) Brain
C:\Users\HishamMo\Desktop\999_cs\Quantum_Inpired_PSO_Classifcation\MRI_dataset\Magnetic Resonance (MR) Brain\Magnetic_Resonance_(MR)_Brain965.jpg,Magnetic Resonance (MR) Brain
C:\Users\HishamMo\Desktop\999_cs\Quantum_Inpired_PSO_Classifcation\MRI_dataset\Magnetic Resonance (MR) Brain\Magnetic_Resonance_(MR)_Brain966.jpg,Magnetic Resonance (MR) Brain
C:\Users\HishamMo\Desktop\999_cs\Quantum_Inpired_PSO_Classifcation\MRI_dataset\Magnetic Resonance (MR) Brain\Magnetic_Resonance_(MR)_Brain967.jpg,Magnetic Resonance (MR) Brain
C:\Users\HishamMo\Desktop\999_cs\Quantum_Inpired_PSO_Classifcation\MRI_dataset\Magnetic Resonance (MR) Brain\Magnetic_Resonance_(MR)_Brain968.jpg,Magnetic Resonance (MR) Brain
C:\Users\HishamMo\Desktop\999_cs\Quantum_Inpired_PSO_Classifcation\MRI_dataset\Magnetic Resonance (MR) Brain\Magnetic_Resonance_(MR)_Brain969.jpg,Magnetic Resonance (MR) Brain
C:\Users\HishamMo\Desktop\999_cs\Quantum_Inpired_PSO_Classifcation\MRI_dataset\Magnetic Resonance (MR) Brain\Magnetic_Resonance_(MR)_Brain970.jpg,Magnetic Resonance (MR) Brain
C:\Users\HishamMo\Desktop\999_cs\Quantum_Inpired_PSO_Classifcation\MRI_dataset\Magnetic Resonance (MR) Brain\Magnetic_Resonance_(MR)_Brain971.jpg,Magnetic Resonance (MR) Brain
C:\Users\HishamMo\Desktop\999_cs\Quantum_Inpired_PSO_Classifcation\MRI_dataset\Magnetic Resonance (MR) Brain\Magnetic_Resonance_(MR)_Brain972.jpg,Magnetic Resonance (MR) Brain
C:\Users\HishamMo\Desktop\999_cs\Quantum_Inpired_PSO_Classifcation\MRI_dataset\Magnetic Resonance (MR) Brain\Magnetic_Resonance_(MR)_Brain973.jpg,Magnetic Resonance (MR) Brain
C:\Users\HishamMo\Desktop\999_cs\Quantum_Inpired_PSO_Classifcation\MRI_dataset\Magnetic Resonance (MR) Brain\Magnetic_Resonance_(MR)_Brain974.jpg,Magnetic Resonance (MR) Brain
C:\Users\HishamMo\Desktop\999_cs\Quantum_Inpired_PSO_Classifcation\MRI_dataset\Magnetic Resonance (MR) Brain\Magnetic_Resonance_(MR)_Brain975.jpg,Magnetic Resonance (MR) Brain
C:\Users\HishamMo\Desktop\999_cs\Quantum_Inpired_PSO_Classifcation\MRI_dataset\Magnetic Resonance (MR) Brain\Magnetic_Resonance_(MR)_Brain976.jpg,Magnetic Resonance (MR) Brain
C:\Users\HishamMo\Desktop\999_cs\Quantum_Inpired_PSO_Classifcation\MRI_dataset\Magnetic Resonance (MR) Brain\Magnetic_Resonance_(MR)_Brain977.jpg,Magnetic Resonance (MR) Brain
C:\Users\HishamMo\Desktop\999_cs\Quantum_Inpired_PSO_Classifcation\MRI_dataset\Magnetic Resonance (MR) Brain\Magnetic_Resonance_(MR)_Brain978.jpg,Magnetic Resonance (MR) Brain
C:\Users\HishamMo\Desktop\999_cs\Quantum_Inpired_PSO_Classifcation\MRI_dataset\Magnetic Resonance (MR) Brain\Magnetic_Resonance_(MR)_Brain979.jpg,Magnetic Resonance (MR) Brain
C:\Users\HishamMo\Desktop\999_cs\Quantum_Inpired_PSO_Classifcation\MRI_dataset\Magnetic Resonance (MR) Brain\Magnetic_Resonance_(MR)_Brain980.jpg,Magnetic Resonance (MR) Brain
C:\Users\HishamMo\Desktop\999_cs\Quantum_Inpired_PSO_Classifcation\MRI_dataset\Magnetic Resonance (MR) Brain\Magnetic_Resonance_(MR)_Brain981.jpg,Magnetic Resonance (MR) Brain
C:\Users\HishamMo\Desktop\999_cs\Quantum_Inpired_PSO_Classifcation\MRI_dataset\Magnetic Resonance (MR) Brain\Magnetic_Resonance_(MR)_Brain982.jpg,Magnetic Resonance (MR) Brain
C:\Users\HishamMo\Desktop\999_cs\Quantum_Inpired_PSO_Classifcation\MRI_dataset\Magnetic Resonance (MR) Brain\Magnetic_Resonance_(MR)_Brain983.jpg,Magnetic Resonance (MR) Brain
C:\Users\HishamMo\Desktop\999_cs\Quantum_Inpired_PSO_Classifcation\MRI_dataset\Magnetic Resonance (MR) Brain\Magnetic_Resonance_(MR)_Brain984.jpg,Magnetic Resonance (MR) Brain
C:\Users\HishamMo\Desktop\999_cs\Quantum_Inpired_PSO_Classifcation\MRI_dataset\Magnetic Resonance (MR) Brain\Magnetic_Resonance_(MR)_Brain985.jpg,Magnetic Resonance (MR) Brain
C:\Users\HishamMo\Desktop\999_cs\Quantum_Inpired_PSO_Classifcation\MRI_dataset\Magnetic Resonance (MR) Brain\Magnetic_Resonance_(MR)_Brain986.jpg,Magnetic Resonance (MR) Brain
C:\Users\HishamMo\Desktop\999_cs\Quantum_Inpired_PSO_Classifcation\MRI_dataset\Magnetic Resonance (MR) Brain\Magnetic_Resonance_(MR)_Brain987.jpg,Magnetic Resonance (MR) Brain
C:\Users\HishamMo\Desktop\999_cs\Quantum_Inpired_PSO_Classifcation\MRI_dataset\Magnetic Resonance (MR) Brain\Magnetic_Resonance_(MR)_Brain988.jpg,Magnetic Resonance (MR) Brain
C:\Users\HishamMo\Desktop\999_cs\Quantum_Inpired_PSO_Classifcation\MRI_dataset\Magnetic Resonance (MR) Brain\Magnetic_Resonance_(MR)_Brain989.jpg,Magnetic Resonance (MR) Brain
C:\Users\HishamMo\Desktop\999_cs\Quantum_Inpired_PSO_Classifcation\MRI_dataset\Magnetic Resonance (MR) Brain\Magnetic_Resonance_(MR)_Brain990.jpg,Magnetic Resonance (MR) Brain
C:\Users\HishamMo\Desktop\999_cs\Quantum_Inpired_PSO_Classifcation\MRI_dataset\Magnetic Resonance (MR) Brain\Magnetic_Resonance_(MR)_Brain991.jpg,Magnetic Resonance (MR) Brain
C:\Users\HishamMo\Desktop\999_cs\Quantum_Inpired_PSO_Classifcation\MRI_dataset\Magnetic Resonance (MR) Brain\Magnetic_Resonance_(MR)_Brain992.jpg,Magnetic Resonance (MR) Brain
C:\Users\HishamMo\Desktop\999_cs\Quantum_Inpired_PSO_Classifcation\MRI_dataset\Magnetic Resonance (MR) Brain\Magnetic_Resonance_(MR)_Brain993.jpg,Magnetic Resonance (MR) Brain
C:\Users\HishamMo\Desktop\999_cs\Quantum_Inpired_PSO_Classifcation\MRI_dataset\Magnetic Resonance (MR) Brain\Magnetic_Resonance_(MR)_Brain994.jpg,Magnetic Resonance (MR) Brain
C:\Users\HishamMo\Desktop\999_cs\Quantum_Inpired_PSO_Classifcation\MRI_dataset\Magnetic Resonance (MR) Brain\Magnetic_Resonance_(MR)_Brain995.jpg,Magnetic Resonance (MR) Brain
C:\Users\HishamMo\Desktop\999_cs\Quantum_Inpired_PSO_Classifcation\MRI_dataset\Magnetic Resonance (MR) Brain\Magnetic_Resonance_(MR)_Brain996.jpg,Magnetic Resonance (MR) Brain
C:\Users\HishamMo\Desktop\999_cs\Quantum_Inpired_PSO_Classifcation\MRI_dataset\Magnetic Resonance (MR) Brain\Magnetic_Resonance_(MR)_Brain997.jpg,Magnetic Resonance (MR) Brain
C:\Users\HishamMo\Desktop\999_cs\Quantum_Inpired_PSO_Classifcation\MRI_dataset\Magnetic Resonance (MR) Brain\Magnetic_Resonance_(MR)_Brain998.jpg,Magnetic Resonance (MR) Brain
C:\Users\HishamMo\Desktop\999_cs\Quantum_Inpired_PSO_Classifcation\MRI_dataset\Magnetic Resonance (MR) Brain\Magnetic_Resonance_(MR)_Brain999.jpg,Magnetic Resonance (MR) Brain
