image_path,label
C:\Users\HishamMo\Desktop\999_cs\Quantum_Inpired_PSO_Classifcation\MRI_dataset\Moyamoya Disease with Intraventricular Hemorrhage\Moyamoya_Disease_with_Intraventricular_Hemorrhage001.jpg,Moyamoya Disease with Intraventricular Hemorrhage
C:\Users\HishamMo\Desktop\999_cs\Quantum_Inpired_PSO_Classifcation\MRI_dataset\Moyamoya Disease with Intraventricular Hemorrhage\Moyamoya_Disease_with_Intraventricular_Hemorrhage002.jpg,Moyamoya Disease with Intraventricular Hemorrhage
C:\Users\HishamMo\Desktop\999_cs\Quantum_Inpired_PSO_Classifcation\MRI_dataset\Moyamoya Disease with Intraventricular Hemorrhage\Moyamoya_Disease_with_Intraventricular_Hemorrhage003.jpg,Moyamoya Disease with Intraventricular Hemorrhage
C:\Users\HishamMo\Desktop\999_cs\Quantum_Inpired_PSO_Classifcation\MRI_dataset\Moyamoya Disease with Intraventricular Hemorrhage\Moyamoya_Disease_with_Intraventricular_Hemorrhage004.jpg,Moyamoya Disease with Intraventricular Hemorrhage
C:\Users\HishamMo\Desktop\999_cs\Quantum_Inpired_PSO_Classifcation\MRI_dataset\Moyamoya Disease with Intraventricular Hemorrhage\Moyamoya_Disease_with_Intraventricular_Hemorrhage005.jpg,Moyamoya Disease with Intraventricular Hemorrhage
C:\Users\HishamMo\Desktop\999_cs\Quantum_Inpired_PSO_Classifcation\MRI_dataset\Moyamoya Disease with Intraventricular Hemorrhage\Moyamoya_Disease_with_Intraventricular_Hemorrhage006.jpg,Moyamoya Disease with Intraventricular Hemorrhage
C:\Users\HishamMo\Desktop\999_cs\Quantum_Inpired_PSO_Classifcation\MRI_dataset\Moyamoya Disease with Intraventricular Hemorrhage\Moyamoya_Disease_with_Intraventricular_Hemorrhage007.jpg,Moyamoya Disease with Intraventricular Hemorrhage
C:\Users\HishamMo\Desktop\999_cs\Quantum_Inpired_PSO_Classifcation\MRI_dataset\Moyamoya Disease with Intraventricular Hemorrhage\Moyamoya_Disease_with_Intraventricular_Hemorrhage008.jpg,Moyamoya Disease with Intraventricular Hemorrhage
C:\Users\HishamMo\Desktop\999_cs\Quantum_Inpired_PSO_Classifcation\MRI_dataset\Moyamoya Disease with Intraventricular Hemorrhage\Moyamoya_Disease_with_Intraventricular_Hemorrhage009.jpg,Moyamoya Disease with Intraventricular Hemorrhage
C:\Users\HishamMo\Desktop\999_cs\Quantum_Inpired_PSO_Classifcation\MRI_dataset\Moyamoya Disease with Intraventricular Hemorrhage\Moyamoya_Disease_with_Intraventricular_Hemorrhage010.jpg,Moyamoya Disease with Intraventricular Hemorrhage
C:\Users\HishamMo\Desktop\999_cs\Quantum_Inpired_PSO_Classifcation\MRI_dataset\Moyamoya Disease with Intraventricular Hemorrhage\Moyamoya_Disease_with_Intraventricular_Hemorrhage011.jpg,Moyamoya Disease with Intraventricular Hemorrhage
C:\Users\HishamMo\Desktop\999_cs\Quantum_Inpired_PSO_Classifcation\MRI_dataset\Moyamoya Disease with Intraventricular Hemorrhage\Moyamoya_Disease_with_Intraventricular_Hemorrhage012.jpg,Moyamoya Disease with Intraventricular Hemorrhage
C:\Users\HishamMo\Desktop\999_cs\Quantum_Inpired_PSO_Classifcation\MRI_dataset\Moyamoya Disease with Intraventricular Hemorrhage\Moyamoya_Disease_with_Intraventricular_Hemorrhage013.jpg,Moyamoya Disease with Intraventricular Hemorrhage
C:\Users\HishamMo\Desktop\999_cs\Quantum_Inpired_PSO_Classifcation\MRI_dataset\Moyamoya Disease with Intraventricular Hemorrhage\Moyamoya_Disease_with_Intraventricular_Hemorrhage014.jpg,Moyamoya Disease with Intraventricular Hemorrhage
C:\Users\HishamMo\Desktop\999_cs\Quantum_Inpired_PSO_Classifcation\MRI_dataset\Moyamoya Disease with Intraventricular Hemorrhage\Moyamoya_Disease_with_Intraventricular_Hemorrhage015.jpg,Moyamoya Disease with Intraventricular Hemorrhage
C:\Users\HishamMo\Desktop\999_cs\Quantum_Inpired_PSO_Classifcation\MRI_dataset\Moyamoya Disease with Intraventricular Hemorrhage\Moyamoya_Disease_with_Intraventricular_Hemorrhage016.jpg,Moyamoya Disease with Intraventricular Hemorrhage
C:\Users\HishamMo\Desktop\999_cs\Quantum_Inpired_PSO_Classifcation\MRI_dataset\Moyamoya Disease with Intraventricular Hemorrhage\Moyamoya_Disease_with_Intraventricular_Hemorrhage017.jpg,Moyamoya Disease with Intraventricular Hemorrhage
C:\Users\HishamMo\Desktop\999_cs\Quantum_Inpired_PSO_Classifcation\MRI_dataset\Moyamoya Disease with Intraventricular Hemorrhage\Moyamoya_Disease_with_Intraventricular_Hemorrhage018.jpg,Moyamoya Disease with Intraventricular Hemorrhage
C:\Users\HishamMo\Desktop\999_cs\Quantum_Inpired_PSO_Classifcation\MRI_dataset\Moyamoya Disease with Intraventricular Hemorrhage\Moyamoya_Disease_with_Intraventricular_Hemorrhage019.jpg,Moyamoya Disease with Intraventricular Hemorrhage
C:\Users\HishamMo\Desktop\999_cs\Quantum_Inpired_PSO_Classifcation\MRI_dataset\Moyamoya Disease with Intraventricular Hemorrhage\Moyamoya_Disease_with_Intraventricular_Hemorrhage020.jpg,Moyamoya Disease with Intraventricular Hemorrhage
C:\Users\HishamMo\Desktop\999_cs\Quantum_Inpired_PSO_Classifcation\MRI_dataset\Moyamoya Disease with Intraventricular Hemorrhage\Moyamoya_Disease_with_Intraventricular_Hemorrhage021.jpg,Moyamoya Disease with Intraventricular Hemorrhage
C:\Users\HishamMo\Desktop\999_cs\Quantum_Inpired_PSO_Classifcation\MRI_dataset\Moyamoya Disease with Intraventricular Hemorrhage\Moyamoya_Disease_with_Intraventricular_Hemorrhage022.jpg,Moyamoya Disease with Intraventricular Hemorrhage
C:\Users\HishamMo\Desktop\999_cs\Quantum_Inpired_PSO_Classifcation\MRI_dataset\Moyamoya Disease with Intraventricular Hemorrhage\Moyamoya_Disease_with_Intraventricular_Hemorrhage023.jpg,Moyamoya Disease with Intraventricular Hemorrhage
C:\Users\HishamMo\Desktop\999_cs\Quantum_Inpired_PSO_Classifcation\MRI_dataset\Moyamoya Disease with Intraventricular Hemorrhage\Moyamoya_Disease_with_Intraventricular_Hemorrhage024.jpg,Moyamoya Disease with Intraventricular Hemorrhage
C:\Users\HishamMo\Desktop\999_cs\Quantum_Inpired_PSO_Classifcation\MRI_dataset\Moyamoya Disease with Intraventricular Hemorrhage\Moyamoya_Disease_with_Intraventricular_Hemorrhage025.jpg,Moyamoya Disease with Intraventricular Hemorrhage
C:\Users\HishamMo\Desktop\999_cs\Quantum_Inpired_PSO_Classifcation\MRI_dataset\Moyamoya Disease with Intraventricular Hemorrhage\Moyamoya_Disease_with_Intraventricular_Hemorrhage026.jpg,Moyamoya Disease with Intraventricular Hemorrhage
C:\Users\HishamMo\Desktop\999_cs\Quantum_Inpired_PSO_Classifcation\MRI_dataset\Moyamoya Disease with Intraventricular Hemorrhage\Moyamoya_Disease_with_Intraventricular_Hemorrhage027.jpg,Moyamoya Disease with Intraventricular Hemorrhage
C:\Users\HishamMo\Desktop\999_cs\Quantum_Inpired_PSO_Classifcation\MRI_dataset\Moyamoya Disease with Intraventricular Hemorrhage\Moyamoya_Disease_with_Intraventricular_Hemorrhage028.jpg,Moyamoya Disease with Intraventricular Hemorrhage
C:\Users\HishamMo\Desktop\999_cs\Quantum_Inpired_PSO_Classifcation\MRI_dataset\Moyamoya Disease with Intraventricular Hemorrhage\Moyamoya_Disease_with_Intraventricular_Hemorrhage029.jpg,Moyamoya Disease with Intraventricular Hemorrhage
C:\Users\HishamMo\Desktop\999_cs\Quantum_Inpired_PSO_Classifcation\MRI_dataset\Moyamoya Disease with Intraventricular Hemorrhage\Moyamoya_Disease_with_Intraventricular_Hemorrhage030.jpg,Moyamoya Disease with Intraventricular Hemorrhage
C:\Users\HishamMo\Desktop\999_cs\Quantum_Inpired_PSO_Classifcation\MRI_dataset\Moyamoya Disease with Intraventricular Hemorrhage\Moyamoya_Disease_with_Intraventricular_Hemorrhage031.jpg,Moyamoya Disease with Intraventricular Hemorrhage
C:\Users\HishamMo\Desktop\999_cs\Quantum_Inpired_PSO_Classifcation\MRI_dataset\Moyamoya Disease with Intraventricular Hemorrhage\Moyamoya_Disease_with_Intraventricular_Hemorrhage032.jpg,Moyamoya Disease with Intraventricular Hemorrhage
C:\Users\HishamMo\Desktop\999_cs\Quantum_Inpired_PSO_Classifcation\MRI_dataset\Moyamoya Disease with Intraventricular Hemorrhage\Moyamoya_Disease_with_Intraventricular_Hemorrhage033.jpg,Moyamoya Disease with Intraventricular Hemorrhage
C:\Users\HishamMo\Desktop\999_cs\Quantum_Inpired_PSO_Classifcation\MRI_dataset\Moyamoya Disease with Intraventricular Hemorrhage\Moyamoya_Disease_with_Intraventricular_Hemorrhage034.jpg,Moyamoya Disease with Intraventricular Hemorrhage
C:\Users\HishamMo\Desktop\999_cs\Quantum_Inpired_PSO_Classifcation\MRI_dataset\Moyamoya Disease with Intraventricular Hemorrhage\Moyamoya_Disease_with_Intraventricular_Hemorrhage035.jpg,Moyamoya Disease with Intraventricular Hemorrhage
C:\Users\HishamMo\Desktop\999_cs\Quantum_Inpired_PSO_Classifcation\MRI_dataset\Moyamoya Disease with Intraventricular Hemorrhage\Moyamoya_Disease_with_Intraventricular_Hemorrhage036.jpg,Moyamoya Disease with Intraventricular Hemorrhage
C:\Users\HishamMo\Desktop\999_cs\Quantum_Inpired_PSO_Classifcation\MRI_dataset\Moyamoya Disease with Intraventricular Hemorrhage\Moyamoya_Disease_with_Intraventricular_Hemorrhage037.jpg,Moyamoya Disease with Intraventricular Hemorrhage
C:\Users\HishamMo\Desktop\999_cs\Quantum_Inpired_PSO_Classifcation\MRI_dataset\Moyamoya Disease with Intraventricular Hemorrhage\Moyamoya_Disease_with_Intraventricular_Hemorrhage038.jpg,Moyamoya Disease with Intraventricular Hemorrhage
C:\Users\HishamMo\Desktop\999_cs\Quantum_Inpired_PSO_Classifcation\MRI_dataset\Moyamoya Disease with Intraventricular Hemorrhage\Moyamoya_Disease_with_Intraventricular_Hemorrhage039.jpg,Moyamoya Disease with Intraventricular Hemorrhage
C:\Users\HishamMo\Desktop\999_cs\Quantum_Inpired_PSO_Classifcation\MRI_dataset\Moyamoya Disease with Intraventricular Hemorrhage\Moyamoya_Disease_with_Intraventricular_Hemorrhage040.jpg,Moyamoya Disease with Intraventricular Hemorrhage
C:\Users\HishamMo\Desktop\999_cs\Quantum_Inpired_PSO_Classifcation\MRI_dataset\Moyamoya Disease with Intraventricular Hemorrhage\Moyamoya_Disease_with_Intraventricular_Hemorrhage041.jpg,Moyamoya Disease with Intraventricular Hemorrhage
C:\Users\HishamMo\Desktop\999_cs\Quantum_Inpired_PSO_Classifcation\MRI_dataset\Moyamoya Disease with Intraventricular Hemorrhage\Moyamoya_Disease_with_Intraventricular_Hemorrhage042.jpg,Moyamoya Disease with Intraventricular Hemorrhage
C:\Users\HishamMo\Desktop\999_cs\Quantum_Inpired_PSO_Classifcation\MRI_dataset\Moyamoya Disease with Intraventricular Hemorrhage\Moyamoya_Disease_with_Intraventricular_Hemorrhage043.jpg,Moyamoya Disease with Intraventricular Hemorrhage
C:\Users\HishamMo\Desktop\999_cs\Quantum_Inpired_PSO_Classifcation\MRI_dataset\Moyamoya Disease with Intraventricular Hemorrhage\Moyamoya_Disease_with_Intraventricular_Hemorrhage044.jpg,Moyamoya Disease with Intraventricular Hemorrhage
C:\Users\HishamMo\Desktop\999_cs\Quantum_Inpired_PSO_Classifcation\MRI_dataset\Moyamoya Disease with Intraventricular Hemorrhage\Moyamoya_Disease_with_Intraventricular_Hemorrhage045.jpg,Moyamoya Disease with Intraventricular Hemorrhage
C:\Users\HishamMo\Desktop\999_cs\Quantum_Inpired_PSO_Classifcation\MRI_dataset\Moyamoya Disease with Intraventricular Hemorrhage\Moyamoya_Disease_with_Intraventricular_Hemorrhage046.jpg,Moyamoya Disease with Intraventricular Hemorrhage
C:\Users\HishamMo\Desktop\999_cs\Quantum_Inpired_PSO_Classifcation\MRI_dataset\Moyamoya Disease with Intraventricular Hemorrhage\Moyamoya_Disease_with_Intraventricular_Hemorrhage047.jpg,Moyamoya Disease with Intraventricular Hemorrhage
C:\Users\HishamMo\Desktop\999_cs\Quantum_Inpired_PSO_Classifcation\MRI_dataset\Moyamoya Disease with Intraventricular Hemorrhage\Moyamoya_Disease_with_Intraventricular_Hemorrhage048.jpg,Moyamoya Disease with Intraventricular Hemorrhage
C:\Users\HishamMo\Desktop\999_cs\Quantum_Inpired_PSO_Classifcation\MRI_dataset\Moyamoya Disease with Intraventricular Hemorrhage\Moyamoya_Disease_with_Intraventricular_Hemorrhage049.jpg,Moyamoya Disease with Intraventricular Hemorrhage
C:\Users\HishamMo\Desktop\999_cs\Quantum_Inpired_PSO_Classifcation\MRI_dataset\Moyamoya Disease with Intraventricular Hemorrhage\Moyamoya_Disease_with_Intraventricular_Hemorrhage050.jpg,Moyamoya Disease with Intraventricular Hemorrhage
C:\Users\HishamMo\Desktop\999_cs\Quantum_Inpired_PSO_Classifcation\MRI_dataset\Moyamoya Disease with Intraventricular Hemorrhage\Moyamoya_Disease_with_Intraventricular_Hemorrhage051.jpg,Moyamoya Disease with Intraventricular Hemorrhage
C:\Users\HishamMo\Desktop\999_cs\Quantum_Inpired_PSO_Classifcation\MRI_dataset\Moyamoya Disease with Intraventricular Hemorrhage\Moyamoya_Disease_with_Intraventricular_Hemorrhage052.jpg,Moyamoya Disease with Intraventricular Hemorrhage
C:\Users\HishamMo\Desktop\999_cs\Quantum_Inpired_PSO_Classifcation\MRI_dataset\Moyamoya Disease with Intraventricular Hemorrhage\Moyamoya_Disease_with_Intraventricular_Hemorrhage053.jpg,Moyamoya Disease with Intraventricular Hemorrhage
C:\Users\HishamMo\Desktop\999_cs\Quantum_Inpired_PSO_Classifcation\MRI_dataset\Moyamoya Disease with Intraventricular Hemorrhage\Moyamoya_Disease_with_Intraventricular_Hemorrhage054.jpg,Moyamoya Disease with Intraventricular Hemorrhage
C:\Users\HishamMo\Desktop\999_cs\Quantum_Inpired_PSO_Classifcation\MRI_dataset\Moyamoya Disease with Intraventricular Hemorrhage\Moyamoya_Disease_with_Intraventricular_Hemorrhage055.jpg,Moyamoya Disease with Intraventricular Hemorrhage
C:\Users\HishamMo\Desktop\999_cs\Quantum_Inpired_PSO_Classifcation\MRI_dataset\Moyamoya Disease with Intraventricular Hemorrhage\Moyamoya_Disease_with_Intraventricular_Hemorrhage056.jpg,Moyamoya Disease with Intraventricular Hemorrhage
C:\Users\HishamMo\Desktop\999_cs\Quantum_Inpired_PSO_Classifcation\MRI_dataset\Moyamoya Disease with Intraventricular Hemorrhage\Moyamoya_Disease_with_Intraventricular_Hemorrhage057.jpg,Moyamoya Disease with Intraventricular Hemorrhage
C:\Users\HishamMo\Desktop\999_cs\Quantum_Inpired_PSO_Classifcation\MRI_dataset\Moyamoya Disease with Intraventricular Hemorrhage\Moyamoya_Disease_with_Intraventricular_Hemorrhage058.jpg,Moyamoya Disease with Intraventricular Hemorrhage
C:\Users\HishamMo\Desktop\999_cs\Quantum_Inpired_PSO_Classifcation\MRI_dataset\Moyamoya Disease with Intraventricular Hemorrhage\Moyamoya_Disease_with_Intraventricular_Hemorrhage059.jpg,Moyamoya Disease with Intraventricular Hemorrhage
C:\Users\HishamMo\Desktop\999_cs\Quantum_Inpired_PSO_Classifcation\MRI_dataset\Moyamoya Disease with Intraventricular Hemorrhage\Moyamoya_Disease_with_Intraventricular_Hemorrhage060.jpg,Moyamoya Disease with Intraventricular Hemorrhage
C:\Users\HishamMo\Desktop\999_cs\Quantum_Inpired_PSO_Classifcation\MRI_dataset\Moyamoya Disease with Intraventricular Hemorrhage\Moyamoya_Disease_with_Intraventricular_Hemorrhage061.jpg,Moyamoya Disease with Intraventricular Hemorrhage
C:\Users\HishamMo\Desktop\999_cs\Quantum_Inpired_PSO_Classifcation\MRI_dataset\Moyamoya Disease with Intraventricular Hemorrhage\Moyamoya_Disease_with_Intraventricular_Hemorrhage062.jpg,Moyamoya Disease with Intraventricular Hemorrhage
C:\Users\HishamMo\Desktop\999_cs\Quantum_Inpired_PSO_Classifcation\MRI_dataset\Moyamoya Disease with Intraventricular Hemorrhage\Moyamoya_Disease_with_Intraventricular_Hemorrhage063.jpg,Moyamoya Disease with Intraventricular Hemorrhage
C:\Users\HishamMo\Desktop\999_cs\Quantum_Inpired_PSO_Classifcation\MRI_dataset\Moyamoya Disease with Intraventricular Hemorrhage\Moyamoya_Disease_with_Intraventricular_Hemorrhage064.jpg,Moyamoya Disease with Intraventricular Hemorrhage
C:\Users\HishamMo\Desktop\999_cs\Quantum_Inpired_PSO_Classifcation\MRI_dataset\Moyamoya Disease with Intraventricular Hemorrhage\Moyamoya_Disease_with_Intraventricular_Hemorrhage065.jpg,Moyamoya Disease with Intraventricular Hemorrhage
C:\Users\HishamMo\Desktop\999_cs\Quantum_Inpired_PSO_Classifcation\MRI_dataset\Moyamoya Disease with Intraventricular Hemorrhage\Moyamoya_Disease_with_Intraventricular_Hemorrhage066.jpg,Moyamoya Disease with Intraventricular Hemorrhage
C:\Users\HishamMo\Desktop\999_cs\Quantum_Inpired_PSO_Classifcation\MRI_dataset\Moyamoya Disease with Intraventricular Hemorrhage\Moyamoya_Disease_with_Intraventricular_Hemorrhage067.jpg,Moyamoya Disease with Intraventricular Hemorrhage
C:\Users\HishamMo\Desktop\999_cs\Quantum_Inpired_PSO_Classifcation\MRI_dataset\Moyamoya Disease with Intraventricular Hemorrhage\Moyamoya_Disease_with_Intraventricular_Hemorrhage068.jpg,Moyamoya Disease with Intraventricular Hemorrhage
C:\Users\HishamMo\Desktop\999_cs\Quantum_Inpired_PSO_Classifcation\MRI_dataset\Moyamoya Disease with Intraventricular Hemorrhage\Moyamoya_Disease_with_Intraventricular_Hemorrhage069.jpg,Moyamoya Disease with Intraventricular Hemorrhage
C:\Users\HishamMo\Desktop\999_cs\Quantum_Inpired_PSO_Classifcation\MRI_dataset\Moyamoya Disease with Intraventricular Hemorrhage\Moyamoya_Disease_with_Intraventricular_Hemorrhage070.jpg,Moyamoya Disease with Intraventricular Hemorrhage
C:\Users\HishamMo\Desktop\999_cs\Quantum_Inpired_PSO_Classifcation\MRI_dataset\Moyamoya Disease with Intraventricular Hemorrhage\Moyamoya_Disease_with_Intraventricular_Hemorrhage071.jpg,Moyamoya Disease with Intraventricular Hemorrhage
C:\Users\HishamMo\Desktop\999_cs\Quantum_Inpired_PSO_Classifcation\MRI_dataset\Moyamoya Disease with Intraventricular Hemorrhage\Moyamoya_Disease_with_Intraventricular_Hemorrhage072.jpg,Moyamoya Disease with Intraventricular Hemorrhage
C:\Users\HishamMo\Desktop\999_cs\Quantum_Inpired_PSO_Classifcation\MRI_dataset\Moyamoya Disease with Intraventricular Hemorrhage\Moyamoya_Disease_with_Intraventricular_Hemorrhage073.jpg,Moyamoya Disease with Intraventricular Hemorrhage
C:\Users\HishamMo\Desktop\999_cs\Quantum_Inpired_PSO_Classifcation\MRI_dataset\Moyamoya Disease with Intraventricular Hemorrhage\Moyamoya_Disease_with_Intraventricular_Hemorrhage074.jpg,Moyamoya Disease with Intraventricular Hemorrhage
C:\Users\HishamMo\Desktop\999_cs\Quantum_Inpired_PSO_Classifcation\MRI_dataset\Moyamoya Disease with Intraventricular Hemorrhage\Moyamoya_Disease_with_Intraventricular_Hemorrhage075.jpg,Moyamoya Disease with Intraventricular Hemorrhage
C:\Users\HishamMo\Desktop\999_cs\Quantum_Inpired_PSO_Classifcation\MRI_dataset\Moyamoya Disease with Intraventricular Hemorrhage\Moyamoya_Disease_with_Intraventricular_Hemorrhage076.jpg,Moyamoya Disease with Intraventricular Hemorrhage
C:\Users\HishamMo\Desktop\999_cs\Quantum_Inpired_PSO_Classifcation\MRI_dataset\Moyamoya Disease with Intraventricular Hemorrhage\Moyamoya_Disease_with_Intraventricular_Hemorrhage077.jpg,Moyamoya Disease with Intraventricular Hemorrhage
C:\Users\HishamMo\Desktop\999_cs\Quantum_Inpired_PSO_Classifcation\MRI_dataset\Moyamoya Disease with Intraventricular Hemorrhage\Moyamoya_Disease_with_Intraventricular_Hemorrhage078.jpg,Moyamoya Disease with Intraventricular Hemorrhage
C:\Users\HishamMo\Desktop\999_cs\Quantum_Inpired_PSO_Classifcation\MRI_dataset\Moyamoya Disease with Intraventricular Hemorrhage\Moyamoya_Disease_with_Intraventricular_Hemorrhage079.jpg,Moyamoya Disease with Intraventricular Hemorrhage
C:\Users\HishamMo\Desktop\999_cs\Quantum_Inpired_PSO_Classifcation\MRI_dataset\Moyamoya Disease with Intraventricular Hemorrhage\Moyamoya_Disease_with_Intraventricular_Hemorrhage080.jpg,Moyamoya Disease with Intraventricular Hemorrhage
C:\Users\HishamMo\Desktop\999_cs\Quantum_Inpired_PSO_Classifcation\MRI_dataset\Moyamoya Disease with Intraventricular Hemorrhage\Moyamoya_Disease_with_Intraventricular_Hemorrhage081.jpg,Moyamoya Disease with Intraventricular Hemorrhage
C:\Users\HishamMo\Desktop\999_cs\Quantum_Inpired_PSO_Classifcation\MRI_dataset\Moyamoya Disease with Intraventricular Hemorrhage\Moyamoya_Disease_with_Intraventricular_Hemorrhage082.jpg,Moyamoya Disease with Intraventricular Hemorrhage
C:\Users\HishamMo\Desktop\999_cs\Quantum_Inpired_PSO_Classifcation\MRI_dataset\Moyamoya Disease with Intraventricular Hemorrhage\Moyamoya_Disease_with_Intraventricular_Hemorrhage083.jpg,Moyamoya Disease with Intraventricular Hemorrhage
C:\Users\HishamMo\Desktop\999_cs\Quantum_Inpired_PSO_Classifcation\MRI_dataset\Moyamoya Disease with Intraventricular Hemorrhage\Moyamoya_Disease_with_Intraventricular_Hemorrhage084.jpg,Moyamoya Disease with Intraventricular Hemorrhage
C:\Users\HishamMo\Desktop\999_cs\Quantum_Inpired_PSO_Classifcation\MRI_dataset\Moyamoya Disease with Intraventricular Hemorrhage\Moyamoya_Disease_with_Intraventricular_Hemorrhage085.jpg,Moyamoya Disease with Intraventricular Hemorrhage
C:\Users\HishamMo\Desktop\999_cs\Quantum_Inpired_PSO_Classifcation\MRI_dataset\Moyamoya Disease with Intraventricular Hemorrhage\Moyamoya_Disease_with_Intraventricular_Hemorrhage086.jpg,Moyamoya Disease with Intraventricular Hemorrhage
C:\Users\HishamMo\Desktop\999_cs\Quantum_Inpired_PSO_Classifcation\MRI_dataset\Moyamoya Disease with Intraventricular Hemorrhage\Moyamoya_Disease_with_Intraventricular_Hemorrhage087.jpg,Moyamoya Disease with Intraventricular Hemorrhage
C:\Users\HishamMo\Desktop\999_cs\Quantum_Inpired_PSO_Classifcation\MRI_dataset\Moyamoya Disease with Intraventricular Hemorrhage\Moyamoya_Disease_with_Intraventricular_Hemorrhage088.jpg,Moyamoya Disease with Intraventricular Hemorrhage
C:\Users\HishamMo\Desktop\999_cs\Quantum_Inpired_PSO_Classifcation\MRI_dataset\Moyamoya Disease with Intraventricular Hemorrhage\Moyamoya_Disease_with_Intraventricular_Hemorrhage089.jpg,Moyamoya Disease with Intraventricular Hemorrhage
C:\Users\HishamMo\Desktop\999_cs\Quantum_Inpired_PSO_Classifcation\MRI_dataset\Moyamoya Disease with Intraventricular Hemorrhage\Moyamoya_Disease_with_Intraventricular_Hemorrhage090.jpg,Moyamoya Disease with Intraventricular Hemorrhage
C:\Users\HishamMo\Desktop\999_cs\Quantum_Inpired_PSO_Classifcation\MRI_dataset\Moyamoya Disease with Intraventricular Hemorrhage\Moyamoya_Disease_with_Intraventricular_Hemorrhage091.jpg,Moyamoya Disease with Intraventricular Hemorrhage
C:\Users\HishamMo\Desktop\999_cs\Quantum_Inpired_PSO_Classifcation\MRI_dataset\Moyamoya Disease with Intraventricular Hemorrhage\Moyamoya_Disease_with_Intraventricular_Hemorrhage092.jpg,Moyamoya Disease with Intraventricular Hemorrhage
C:\Users\HishamMo\Desktop\999_cs\Quantum_Inpired_PSO_Classifcation\MRI_dataset\Moyamoya Disease with Intraventricular Hemorrhage\Moyamoya_Disease_with_Intraventricular_Hemorrhage093.jpg,Moyamoya Disease with Intraventricular Hemorrhage
C:\Users\HishamMo\Desktop\999_cs\Quantum_Inpired_PSO_Classifcation\MRI_dataset\Moyamoya Disease with Intraventricular Hemorrhage\Moyamoya_Disease_with_Intraventricular_Hemorrhage094.jpg,Moyamoya Disease with Intraventricular Hemorrhage
C:\Users\HishamMo\Desktop\999_cs\Quantum_Inpired_PSO_Classifcation\MRI_dataset\Moyamoya Disease with Intraventricular Hemorrhage\Moyamoya_Disease_with_Intraventricular_Hemorrhage095.jpg,Moyamoya Disease with Intraventricular Hemorrhage
C:\Users\HishamMo\Desktop\999_cs\Quantum_Inpired_PSO_Classifcation\MRI_dataset\Moyamoya Disease with Intraventricular Hemorrhage\Moyamoya_Disease_with_Intraventricular_Hemorrhage096.jpg,Moyamoya Disease with Intraventricular Hemorrhage
C:\Users\HishamMo\Desktop\999_cs\Quantum_Inpired_PSO_Classifcation\MRI_dataset\Moyamoya Disease with Intraventricular Hemorrhage\Moyamoya_Disease_with_Intraventricular_Hemorrhage097.jpg,Moyamoya Disease with Intraventricular Hemorrhage
C:\Users\HishamMo\Desktop\999_cs\Quantum_Inpired_PSO_Classifcation\MRI_dataset\Moyamoya Disease with Intraventricular Hemorrhage\Moyamoya_Disease_with_Intraventricular_Hemorrhage098.jpg,Moyamoya Disease with Intraventricular Hemorrhage
C:\Users\HishamMo\Desktop\999_cs\Quantum_Inpired_PSO_Classifcation\MRI_dataset\Moyamoya Disease with Intraventricular Hemorrhage\Moyamoya_Disease_with_Intraventricular_Hemorrhage099.jpg,Moyamoya Disease with Intraventricular Hemorrhage
C:\Users\HishamMo\Desktop\999_cs\Quantum_Inpired_PSO_Classifcation\MRI_dataset\Moyamoya Disease with Intraventricular Hemorrhage\Moyamoya_Disease_with_Intraventricular_Hemorrhage100.jpg,Moyamoya Disease with Intraventricular Hemorrhage
C:\Users\HishamMo\Desktop\999_cs\Quantum_Inpired_PSO_Classifcation\MRI_dataset\Moyamoya Disease with Intraventricular Hemorrhage\Moyamoya_Disease_with_Intraventricular_Hemorrhage101.jpg,Moyamoya Disease with Intraventricular Hemorrhage
C:\Users\HishamMo\Desktop\999_cs\Quantum_Inpired_PSO_Classifcation\MRI_dataset\Moyamoya Disease with Intraventricular Hemorrhage\Moyamoya_Disease_with_Intraventricular_Hemorrhage102.jpg,Moyamoya Disease with Intraventricular Hemorrhage
C:\Users\HishamMo\Desktop\999_cs\Quantum_Inpired_PSO_Classifcation\MRI_dataset\Moyamoya Disease with Intraventricular Hemorrhage\Moyamoya_Disease_with_Intraventricular_Hemorrhage103.jpg,Moyamoya Disease with Intraventricular Hemorrhage
C:\Users\HishamMo\Desktop\999_cs\Quantum_Inpired_PSO_Classifcation\MRI_dataset\Moyamoya Disease with Intraventricular Hemorrhage\Moyamoya_Disease_with_Intraventricular_Hemorrhage104.jpg,Moyamoya Disease with Intraventricular Hemorrhage
C:\Users\HishamMo\Desktop\999_cs\Quantum_Inpired_PSO_Classifcation\MRI_dataset\Moyamoya Disease with Intraventricular Hemorrhage\Moyamoya_Disease_with_Intraventricular_Hemorrhage105.jpg,Moyamoya Disease with Intraventricular Hemorrhage
C:\Users\HishamMo\Desktop\999_cs\Quantum_Inpired_PSO_Classifcation\MRI_dataset\Moyamoya Disease with Intraventricular Hemorrhage\Moyamoya_Disease_with_Intraventricular_Hemorrhage106.jpg,Moyamoya Disease with Intraventricular Hemorrhage
C:\Users\HishamMo\Desktop\999_cs\Quantum_Inpired_PSO_Classifcation\MRI_dataset\Moyamoya Disease with Intraventricular Hemorrhage\Moyamoya_Disease_with_Intraventricular_Hemorrhage107.jpg,Moyamoya Disease with Intraventricular Hemorrhage
C:\Users\HishamMo\Desktop\999_cs\Quantum_Inpired_PSO_Classifcation\MRI_dataset\Moyamoya Disease with Intraventricular Hemorrhage\Moyamoya_Disease_with_Intraventricular_Hemorrhage108.jpg,Moyamoya Disease with Intraventricular Hemorrhage
C:\Users\HishamMo\Desktop\999_cs\Quantum_Inpired_PSO_Classifcation\MRI_dataset\Moyamoya Disease with Intraventricular Hemorrhage\Moyamoya_Disease_with_Intraventricular_Hemorrhage109.jpg,Moyamoya Disease with Intraventricular Hemorrhage
C:\Users\HishamMo\Desktop\999_cs\Quantum_Inpired_PSO_Classifcation\MRI_dataset\Moyamoya Disease with Intraventricular Hemorrhage\Moyamoya_Disease_with_Intraventricular_Hemorrhage110.jpg,Moyamoya Disease with Intraventricular Hemorrhage
C:\Users\HishamMo\Desktop\999_cs\Quantum_Inpired_PSO_Classifcation\MRI_dataset\Moyamoya Disease with Intraventricular Hemorrhage\Moyamoya_Disease_with_Intraventricular_Hemorrhage111.jpg,Moyamoya Disease with Intraventricular Hemorrhage
C:\Users\HishamMo\Desktop\999_cs\Quantum_Inpired_PSO_Classifcation\MRI_dataset\Moyamoya Disease with Intraventricular Hemorrhage\Moyamoya_Disease_with_Intraventricular_Hemorrhage112.jpg,Moyamoya Disease with Intraventricular Hemorrhage
C:\Users\HishamMo\Desktop\999_cs\Quantum_Inpired_PSO_Classifcation\MRI_dataset\Moyamoya Disease with Intraventricular Hemorrhage\Moyamoya_Disease_with_Intraventricular_Hemorrhage113.jpg,Moyamoya Disease with Intraventricular Hemorrhage
C:\Users\HishamMo\Desktop\999_cs\Quantum_Inpired_PSO_Classifcation\MRI_dataset\Moyamoya Disease with Intraventricular Hemorrhage\Moyamoya_Disease_with_Intraventricular_Hemorrhage114.jpg,Moyamoya Disease with Intraventricular Hemorrhage
C:\Users\HishamMo\Desktop\999_cs\Quantum_Inpired_PSO_Classifcation\MRI_dataset\Moyamoya Disease with Intraventricular Hemorrhage\Moyamoya_Disease_with_Intraventricular_Hemorrhage115.jpg,Moyamoya Disease with Intraventricular Hemorrhage
C:\Users\HishamMo\Desktop\999_cs\Quantum_Inpired_PSO_Classifcation\MRI_dataset\Moyamoya Disease with Intraventricular Hemorrhage\Moyamoya_Disease_with_Intraventricular_Hemorrhage116.jpg,Moyamoya Disease with Intraventricular Hemorrhage
C:\Users\HishamMo\Desktop\999_cs\Quantum_Inpired_PSO_Classifcation\MRI_dataset\Moyamoya Disease with Intraventricular Hemorrhage\Moyamoya_Disease_with_Intraventricular_Hemorrhage117.jpg,Moyamoya Disease with Intraventricular Hemorrhage
C:\Users\HishamMo\Desktop\999_cs\Quantum_Inpired_PSO_Classifcation\MRI_dataset\Moyamoya Disease with Intraventricular Hemorrhage\Moyamoya_Disease_with_Intraventricular_Hemorrhage118.jpg,Moyamoya Disease with Intraventricular Hemorrhage
C:\Users\HishamMo\Desktop\999_cs\Quantum_Inpired_PSO_Classifcation\MRI_dataset\Moyamoya Disease with Intraventricular Hemorrhage\Moyamoya_Disease_with_Intraventricular_Hemorrhage119.jpg,Moyamoya Disease with Intraventricular Hemorrhage
C:\Users\HishamMo\Desktop\999_cs\Quantum_Inpired_PSO_Classifcation\MRI_dataset\Moyamoya Disease with Intraventricular Hemorrhage\Moyamoya_Disease_with_Intraventricular_Hemorrhage120.jpg,Moyamoya Disease with Intraventricular Hemorrhage
C:\Users\HishamMo\Desktop\999_cs\Quantum_Inpired_PSO_Classifcation\MRI_dataset\Moyamoya Disease with Intraventricular Hemorrhage\Moyamoya_Disease_with_Intraventricular_Hemorrhage121.jpg,Moyamoya Disease with Intraventricular Hemorrhage
C:\Users\HishamMo\Desktop\999_cs\Quantum_Inpired_PSO_Classifcation\MRI_dataset\Moyamoya Disease with Intraventricular Hemorrhage\Moyamoya_Disease_with_Intraventricular_Hemorrhage122.jpg,Moyamoya Disease with Intraventricular Hemorrhage
C:\Users\HishamMo\Desktop\999_cs\Quantum_Inpired_PSO_Classifcation\MRI_dataset\Moyamoya Disease with Intraventricular Hemorrhage\Moyamoya_Disease_with_Intraventricular_Hemorrhage123.jpg,Moyamoya Disease with Intraventricular Hemorrhage
C:\Users\HishamMo\Desktop\999_cs\Quantum_Inpired_PSO_Classifcation\MRI_dataset\Moyamoya Disease with Intraventricular Hemorrhage\Moyamoya_Disease_with_Intraventricular_Hemorrhage124.jpg,Moyamoya Disease with Intraventricular Hemorrhage
C:\Users\HishamMo\Desktop\999_cs\Quantum_Inpired_PSO_Classifcation\MRI_dataset\Moyamoya Disease with Intraventricular Hemorrhage\Moyamoya_Disease_with_Intraventricular_Hemorrhage125.jpg,Moyamoya Disease with Intraventricular Hemorrhage
C:\Users\HishamMo\Desktop\999_cs\Quantum_Inpired_PSO_Classifcation\MRI_dataset\Moyamoya Disease with Intraventricular Hemorrhage\Moyamoya_Disease_with_Intraventricular_Hemorrhage126.jpg,Moyamoya Disease with Intraventricular Hemorrhage
C:\Users\HishamMo\Desktop\999_cs\Quantum_Inpired_PSO_Classifcation\MRI_dataset\Moyamoya Disease with Intraventricular Hemorrhage\Moyamoya_Disease_with_Intraventricular_Hemorrhage127.jpg,Moyamoya Disease with Intraventricular Hemorrhage
C:\Users\HishamMo\Desktop\999_cs\Quantum_Inpired_PSO_Classifcation\MRI_dataset\Moyamoya Disease with Intraventricular Hemorrhage\Moyamoya_Disease_with_Intraventricular_Hemorrhage128.jpg,Moyamoya Disease with Intraventricular Hemorrhage
C:\Users\HishamMo\Desktop\999_cs\Quantum_Inpired_PSO_Classifcation\MRI_dataset\Moyamoya Disease with Intraventricular Hemorrhage\Moyamoya_Disease_with_Intraventricular_Hemorrhage129.jpg,Moyamoya Disease with Intraventricular Hemorrhage
C:\Users\HishamMo\Desktop\999_cs\Quantum_Inpired_PSO_Classifcation\MRI_dataset\Moyamoya Disease with Intraventricular Hemorrhage\Moyamoya_Disease_with_Intraventricular_Hemorrhage130.jpg,Moyamoya Disease with Intraventricular Hemorrhage
C:\Users\HishamMo\Desktop\999_cs\Quantum_Inpired_PSO_Classifcation\MRI_dataset\Moyamoya Disease with Intraventricular Hemorrhage\Moyamoya_Disease_with_Intraventricular_Hemorrhage131.jpg,Moyamoya Disease with Intraventricular Hemorrhage
C:\Users\HishamMo\Desktop\999_cs\Quantum_Inpired_PSO_Classifcation\MRI_dataset\Moyamoya Disease with Intraventricular Hemorrhage\Moyamoya_Disease_with_Intraventricular_Hemorrhage132.jpg,Moyamoya Disease with Intraventricular Hemorrhage
C:\Users\HishamMo\Desktop\999_cs\Quantum_Inpired_PSO_Classifcation\MRI_dataset\Moyamoya Disease with Intraventricular Hemorrhage\Moyamoya_Disease_with_Intraventricular_Hemorrhage133.jpg,Moyamoya Disease with Intraventricular Hemorrhage
C:\Users\HishamMo\Desktop\999_cs\Quantum_Inpired_PSO_Classifcation\MRI_dataset\Moyamoya Disease with Intraventricular Hemorrhage\Moyamoya_Disease_with_Intraventricular_Hemorrhage134.jpg,Moyamoya Disease with Intraventricular Hemorrhage
C:\Users\HishamMo\Desktop\999_cs\Quantum_Inpired_PSO_Classifcation\MRI_dataset\Moyamoya Disease with Intraventricular Hemorrhage\Moyamoya_Disease_with_Intraventricular_Hemorrhage135.jpg,Moyamoya Disease with Intraventricular Hemorrhage
C:\Users\HishamMo\Desktop\999_cs\Quantum_Inpired_PSO_Classifcation\MRI_dataset\Moyamoya Disease with Intraventricular Hemorrhage\Moyamoya_Disease_with_Intraventricular_Hemorrhage136.jpg,Moyamoya Disease with Intraventricular Hemorrhage
C:\Users\HishamMo\Desktop\999_cs\Quantum_Inpired_PSO_Classifcation\MRI_dataset\Moyamoya Disease with Intraventricular Hemorrhage\Moyamoya_Disease_with_Intraventricular_Hemorrhage137.jpg,Moyamoya Disease with Intraventricular Hemorrhage
C:\Users\HishamMo\Desktop\999_cs\Quantum_Inpired_PSO_Classifcation\MRI_dataset\Moyamoya Disease with Intraventricular Hemorrhage\Moyamoya_Disease_with_Intraventricular_Hemorrhage138.jpg,Moyamoya Disease with Intraventricular Hemorrhage
C:\Users\HishamMo\Desktop\999_cs\Quantum_Inpired_PSO_Classifcation\MRI_dataset\Moyamoya Disease with Intraventricular Hemorrhage\Moyamoya_Disease_with_Intraventricular_Hemorrhage139.jpg,Moyamoya Disease with Intraventricular Hemorrhage
C:\Users\HishamMo\Desktop\999_cs\Quantum_Inpired_PSO_Classifcation\MRI_dataset\Moyamoya Disease with Intraventricular Hemorrhage\Moyamoya_Disease_with_Intraventricular_Hemorrhage140.jpg,Moyamoya Disease with Intraventricular Hemorrhage
C:\Users\HishamMo\Desktop\999_cs\Quantum_Inpired_PSO_Classifcation\MRI_dataset\Moyamoya Disease with Intraventricular Hemorrhage\Moyamoya_Disease_with_Intraventricular_Hemorrhage141.jpg,Moyamoya Disease with Intraventricular Hemorrhage
C:\Users\HishamMo\Desktop\999_cs\Quantum_Inpired_PSO_Classifcation\MRI_dataset\Moyamoya Disease with Intraventricular Hemorrhage\Moyamoya_Disease_with_Intraventricular_Hemorrhage142.jpg,Moyamoya Disease with Intraventricular Hemorrhage
C:\Users\HishamMo\Desktop\999_cs\Quantum_Inpired_PSO_Classifcation\MRI_dataset\Moyamoya Disease with Intraventricular Hemorrhage\Moyamoya_Disease_with_Intraventricular_Hemorrhage143.jpg,Moyamoya Disease with Intraventricular Hemorrhage
C:\Users\HishamMo\Desktop\999_cs\Quantum_Inpired_PSO_Classifcation\MRI_dataset\Moyamoya Disease with Intraventricular Hemorrhage\Moyamoya_Disease_with_Intraventricular_Hemorrhage144.jpg,Moyamoya Disease with Intraventricular Hemorrhage
C:\Users\HishamMo\Desktop\999_cs\Quantum_Inpired_PSO_Classifcation\MRI_dataset\Moyamoya Disease with Intraventricular Hemorrhage\Moyamoya_Disease_with_Intraventricular_Hemorrhage145.jpg,Moyamoya Disease with Intraventricular Hemorrhage
C:\Users\HishamMo\Desktop\999_cs\Quantum_Inpired_PSO_Classifcation\MRI_dataset\Moyamoya Disease with Intraventricular Hemorrhage\Moyamoya_Disease_with_Intraventricular_Hemorrhage146.jpg,Moyamoya Disease with Intraventricular Hemorrhage
C:\Users\HishamMo\Desktop\999_cs\Quantum_Inpired_PSO_Classifcation\MRI_dataset\Moyamoya Disease with Intraventricular Hemorrhage\Moyamoya_Disease_with_Intraventricular_Hemorrhage147.jpg,Moyamoya Disease with Intraventricular Hemorrhage
C:\Users\HishamMo\Desktop\999_cs\Quantum_Inpired_PSO_Classifcation\MRI_dataset\Moyamoya Disease with Intraventricular Hemorrhage\Moyamoya_Disease_with_Intraventricular_Hemorrhage148.jpg,Moyamoya Disease with Intraventricular Hemorrhage
C:\Users\HishamMo\Desktop\999_cs\Quantum_Inpired_PSO_Classifcation\MRI_dataset\Moyamoya Disease with Intraventricular Hemorrhage\Moyamoya_Disease_with_Intraventricular_Hemorrhage149.jpg,Moyamoya Disease with Intraventricular Hemorrhage
C:\Users\HishamMo\Desktop\999_cs\Quantum_Inpired_PSO_Classifcation\MRI_dataset\Moyamoya Disease with Intraventricular Hemorrhage\Moyamoya_Disease_with_Intraventricular_Hemorrhage150.jpg,Moyamoya Disease with Intraventricular Hemorrhage
C:\Users\HishamMo\Desktop\999_cs\Quantum_Inpired_PSO_Classifcation\MRI_dataset\Moyamoya Disease with Intraventricular Hemorrhage\Moyamoya_Disease_with_Intraventricular_Hemorrhage151.jpg,Moyamoya Disease with Intraventricular Hemorrhage
C:\Users\HishamMo\Desktop\999_cs\Quantum_Inpired_PSO_Classifcation\MRI_dataset\Moyamoya Disease with Intraventricular Hemorrhage\Moyamoya_Disease_with_Intraventricular_Hemorrhage152.jpg,Moyamoya Disease with Intraventricular Hemorrhage
C:\Users\HishamMo\Desktop\999_cs\Quantum_Inpired_PSO_Classifcation\MRI_dataset\Moyamoya Disease with Intraventricular Hemorrhage\Moyamoya_Disease_with_Intraventricular_Hemorrhage153.jpg,Moyamoya Disease with Intraventricular Hemorrhage
C:\Users\HishamMo\Desktop\999_cs\Quantum_Inpired_PSO_Classifcation\MRI_dataset\Moyamoya Disease with Intraventricular Hemorrhage\Moyamoya_Disease_with_Intraventricular_Hemorrhage154.jpg,Moyamoya Disease with Intraventricular Hemorrhage
C:\Users\HishamMo\Desktop\999_cs\Quantum_Inpired_PSO_Classifcation\MRI_dataset\Moyamoya Disease with Intraventricular Hemorrhage\Moyamoya_Disease_with_Intraventricular_Hemorrhage155.jpg,Moyamoya Disease with Intraventricular Hemorrhage
C:\Users\HishamMo\Desktop\999_cs\Quantum_Inpired_PSO_Classifcation\MRI_dataset\Moyamoya Disease with Intraventricular Hemorrhage\Moyamoya_Disease_with_Intraventricular_Hemorrhage156.jpg,Moyamoya Disease with Intraventricular Hemorrhage
C:\Users\HishamMo\Desktop\999_cs\Quantum_Inpired_PSO_Classifcation\MRI_dataset\Moyamoya Disease with Intraventricular Hemorrhage\Moyamoya_Disease_with_Intraventricular_Hemorrhage157.jpg,Moyamoya Disease with Intraventricular Hemorrhage
C:\Users\HishamMo\Desktop\999_cs\Quantum_Inpired_PSO_Classifcation\MRI_dataset\Moyamoya Disease with Intraventricular Hemorrhage\Moyamoya_Disease_with_Intraventricular_Hemorrhage158.jpg,Moyamoya Disease with Intraventricular Hemorrhage
C:\Users\HishamMo\Desktop\999_cs\Quantum_Inpired_PSO_Classifcation\MRI_dataset\Moyamoya Disease with Intraventricular Hemorrhage\Moyamoya_Disease_with_Intraventricular_Hemorrhage159.jpg,Moyamoya Disease with Intraventricular Hemorrhage
C:\Users\HishamMo\Desktop\999_cs\Quantum_Inpired_PSO_Classifcation\MRI_dataset\Moyamoya Disease with Intraventricular Hemorrhage\Moyamoya_Disease_with_Intraventricular_Hemorrhage160.jpg,Moyamoya Disease with Intraventricular Hemorrhage
C:\Users\HishamMo\Desktop\999_cs\Quantum_Inpired_PSO_Classifcation\MRI_dataset\Moyamoya Disease with Intraventricular Hemorrhage\Moyamoya_Disease_with_Intraventricular_Hemorrhage161.jpg,Moyamoya Disease with Intraventricular Hemorrhage
C:\Users\HishamMo\Desktop\999_cs\Quantum_Inpired_PSO_Classifcation\MRI_dataset\Moyamoya Disease with Intraventricular Hemorrhage\Moyamoya_Disease_with_Intraventricular_Hemorrhage162.jpg,Moyamoya Disease with Intraventricular Hemorrhage
C:\Users\HishamMo\Desktop\999_cs\Quantum_Inpired_PSO_Classifcation\MRI_dataset\Moyamoya Disease with Intraventricular Hemorrhage\Moyamoya_Disease_with_Intraventricular_Hemorrhage163.jpg,Moyamoya Disease with Intraventricular Hemorrhage
C:\Users\HishamMo\Desktop\999_cs\Quantum_Inpired_PSO_Classifcation\MRI_dataset\Moyamoya Disease with Intraventricular Hemorrhage\Moyamoya_Disease_with_Intraventricular_Hemorrhage164.jpg,Moyamoya Disease with Intraventricular Hemorrhage
C:\Users\HishamMo\Desktop\999_cs\Quantum_Inpired_PSO_Classifcation\MRI_dataset\Moyamoya Disease with Intraventricular Hemorrhage\Moyamoya_Disease_with_Intraventricular_Hemorrhage165.jpg,Moyamoya Disease with Intraventricular Hemorrhage
C:\Users\HishamMo\Desktop\999_cs\Quantum_Inpired_PSO_Classifcation\MRI_dataset\Moyamoya Disease with Intraventricular Hemorrhage\Moyamoya_Disease_with_Intraventricular_Hemorrhage166.jpg,Moyamoya Disease with Intraventricular Hemorrhage
C:\Users\HishamMo\Desktop\999_cs\Quantum_Inpired_PSO_Classifcation\MRI_dataset\Moyamoya Disease with Intraventricular Hemorrhage\Moyamoya_Disease_with_Intraventricular_Hemorrhage167.jpg,Moyamoya Disease with Intraventricular Hemorrhage
C:\Users\HishamMo\Desktop\999_cs\Quantum_Inpired_PSO_Classifcation\MRI_dataset\Moyamoya Disease with Intraventricular Hemorrhage\Moyamoya_Disease_with_Intraventricular_Hemorrhage168.jpg,Moyamoya Disease with Intraventricular Hemorrhage
C:\Users\HishamMo\Desktop\999_cs\Quantum_Inpired_PSO_Classifcation\MRI_dataset\Moyamoya Disease with Intraventricular Hemorrhage\Moyamoya_Disease_with_Intraventricular_Hemorrhage169.jpg,Moyamoya Disease with Intraventricular Hemorrhage
C:\Users\HishamMo\Desktop\999_cs\Quantum_Inpired_PSO_Classifcation\MRI_dataset\Moyamoya Disease with Intraventricular Hemorrhage\Moyamoya_Disease_with_Intraventricular_Hemorrhage170.jpg,Moyamoya Disease with Intraventricular Hemorrhage
C:\Users\HishamMo\Desktop\999_cs\Quantum_Inpired_PSO_Classifcation\MRI_dataset\Moyamoya Disease with Intraventricular Hemorrhage\Moyamoya_Disease_with_Intraventricular_Hemorrhage171.jpg,Moyamoya Disease with Intraventricular Hemorrhage
C:\Users\HishamMo\Desktop\999_cs\Quantum_Inpired_PSO_Classifcation\MRI_dataset\Moyamoya Disease with Intraventricular Hemorrhage\Moyamoya_Disease_with_Intraventricular_Hemorrhage172.jpg,Moyamoya Disease with Intraventricular Hemorrhage
C:\Users\HishamMo\Desktop\999_cs\Quantum_Inpired_PSO_Classifcation\MRI_dataset\Moyamoya Disease with Intraventricular Hemorrhage\Moyamoya_Disease_with_Intraventricular_Hemorrhage173.jpg,Moyamoya Disease with Intraventricular Hemorrhage
C:\Users\HishamMo\Desktop\999_cs\Quantum_Inpired_PSO_Classifcation\MRI_dataset\Moyamoya Disease with Intraventricular Hemorrhage\Moyamoya_Disease_with_Intraventricular_Hemorrhage174.jpg,Moyamoya Disease with Intraventricular Hemorrhage
C:\Users\HishamMo\Desktop\999_cs\Quantum_Inpired_PSO_Classifcation\MRI_dataset\Moyamoya Disease with Intraventricular Hemorrhage\Moyamoya_Disease_with_Intraventricular_Hemorrhage175.jpg,Moyamoya Disease with Intraventricular Hemorrhage
C:\Users\HishamMo\Desktop\999_cs\Quantum_Inpired_PSO_Classifcation\MRI_dataset\Moyamoya Disease with Intraventricular Hemorrhage\Moyamoya_Disease_with_Intraventricular_Hemorrhage176.jpg,Moyamoya Disease with Intraventricular Hemorrhage
C:\Users\HishamMo\Desktop\999_cs\Quantum_Inpired_PSO_Classifcation\MRI_dataset\Moyamoya Disease with Intraventricular Hemorrhage\Moyamoya_Disease_with_Intraventricular_Hemorrhage177.jpg,Moyamoya Disease with Intraventricular Hemorrhage
C:\Users\HishamMo\Desktop\999_cs\Quantum_Inpired_PSO_Classifcation\MRI_dataset\Moyamoya Disease with Intraventricular Hemorrhage\Moyamoya_Disease_with_Intraventricular_Hemorrhage178.jpg,Moyamoya Disease with Intraventricular Hemorrhage
C:\Users\HishamMo\Desktop\999_cs\Quantum_Inpired_PSO_Classifcation\MRI_dataset\Moyamoya Disease with Intraventricular Hemorrhage\Moyamoya_Disease_with_Intraventricular_Hemorrhage179.jpg,Moyamoya Disease with Intraventricular Hemorrhage
C:\Users\HishamMo\Desktop\999_cs\Quantum_Inpired_PSO_Classifcation\MRI_dataset\Moyamoya Disease with Intraventricular Hemorrhage\Moyamoya_Disease_with_Intraventricular_Hemorrhage180.jpg,Moyamoya Disease with Intraventricular Hemorrhage
C:\Users\HishamMo\Desktop\999_cs\Quantum_Inpired_PSO_Classifcation\MRI_dataset\Moyamoya Disease with Intraventricular Hemorrhage\Moyamoya_Disease_with_Intraventricular_Hemorrhage181.jpg,Moyamoya Disease with Intraventricular Hemorrhage
C:\Users\HishamMo\Desktop\999_cs\Quantum_Inpired_PSO_Classifcation\MRI_dataset\Moyamoya Disease with Intraventricular Hemorrhage\Moyamoya_Disease_with_Intraventricular_Hemorrhage182.jpg,Moyamoya Disease with Intraventricular Hemorrhage
C:\Users\HishamMo\Desktop\999_cs\Quantum_Inpired_PSO_Classifcation\MRI_dataset\Moyamoya Disease with Intraventricular Hemorrhage\Moyamoya_Disease_with_Intraventricular_Hemorrhage183.jpg,Moyamoya Disease with Intraventricular Hemorrhage
C:\Users\HishamMo\Desktop\999_cs\Quantum_Inpired_PSO_Classifcation\MRI_dataset\Moyamoya Disease with Intraventricular Hemorrhage\Moyamoya_Disease_with_Intraventricular_Hemorrhage184.jpg,Moyamoya Disease with Intraventricular Hemorrhage
C:\Users\HishamMo\Desktop\999_cs\Quantum_Inpired_PSO_Classifcation\MRI_dataset\Moyamoya Disease with Intraventricular Hemorrhage\Moyamoya_Disease_with_Intraventricular_Hemorrhage185.jpg,Moyamoya Disease with Intraventricular Hemorrhage
C:\Users\HishamMo\Desktop\999_cs\Quantum_Inpired_PSO_Classifcation\MRI_dataset\Moyamoya Disease with Intraventricular Hemorrhage\Moyamoya_Disease_with_Intraventricular_Hemorrhage186.jpg,Moyamoya Disease with Intraventricular Hemorrhage
C:\Users\HishamMo\Desktop\999_cs\Quantum_Inpired_PSO_Classifcation\MRI_dataset\Moyamoya Disease with Intraventricular Hemorrhage\Moyamoya_Disease_with_Intraventricular_Hemorrhage187.jpg,Moyamoya Disease with Intraventricular Hemorrhage
C:\Users\HishamMo\Desktop\999_cs\Quantum_Inpired_PSO_Classifcation\MRI_dataset\Moyamoya Disease with Intraventricular Hemorrhage\Moyamoya_Disease_with_Intraventricular_Hemorrhage188.jpg,Moyamoya Disease with Intraventricular Hemorrhage
C:\Users\HishamMo\Desktop\999_cs\Quantum_Inpired_PSO_Classifcation\MRI_dataset\Moyamoya Disease with Intraventricular Hemorrhage\Moyamoya_Disease_with_Intraventricular_Hemorrhage189.jpg,Moyamoya Disease with Intraventricular Hemorrhage
C:\Users\HishamMo\Desktop\999_cs\Quantum_Inpired_PSO_Classifcation\MRI_dataset\Moyamoya Disease with Intraventricular Hemorrhage\Moyamoya_Disease_with_Intraventricular_Hemorrhage190.jpg,Moyamoya Disease with Intraventricular Hemorrhage
C:\Users\HishamMo\Desktop\999_cs\Quantum_Inpired_PSO_Classifcation\MRI_dataset\Moyamoya Disease with Intraventricular Hemorrhage\Moyamoya_Disease_with_Intraventricular_Hemorrhage191.jpg,Moyamoya Disease with Intraventricular Hemorrhage
C:\Users\HishamMo\Desktop\999_cs\Quantum_Inpired_PSO_Classifcation\MRI_dataset\Moyamoya Disease with Intraventricular Hemorrhage\Moyamoya_Disease_with_Intraventricular_Hemorrhage192.jpg,Moyamoya Disease with Intraventricular Hemorrhage
C:\Users\HishamMo\Desktop\999_cs\Quantum_Inpired_PSO_Classifcation\MRI_dataset\Moyamoya Disease with Intraventricular Hemorrhage\Moyamoya_Disease_with_Intraventricular_Hemorrhage193.jpg,Moyamoya Disease with Intraventricular Hemorrhage
C:\Users\HishamMo\Desktop\999_cs\Quantum_Inpired_PSO_Classifcation\MRI_dataset\Moyamoya Disease with Intraventricular Hemorrhage\Moyamoya_Disease_with_Intraventricular_Hemorrhage194.jpg,Moyamoya Disease with Intraventricular Hemorrhage
C:\Users\HishamMo\Desktop\999_cs\Quantum_Inpired_PSO_Classifcation\MRI_dataset\Moyamoya Disease with Intraventricular Hemorrhage\Moyamoya_Disease_with_Intraventricular_Hemorrhage195.jpg,Moyamoya Disease with Intraventricular Hemorrhage
C:\Users\HishamMo\Desktop\999_cs\Quantum_Inpired_PSO_Classifcation\MRI_dataset\Moyamoya Disease with Intraventricular Hemorrhage\Moyamoya_Disease_with_Intraventricular_Hemorrhage196.jpg,Moyamoya Disease with Intraventricular Hemorrhage
C:\Users\HishamMo\Desktop\999_cs\Quantum_Inpired_PSO_Classifcation\MRI_dataset\Moyamoya Disease with Intraventricular Hemorrhage\Moyamoya_Disease_with_Intraventricular_Hemorrhage197.jpg,Moyamoya Disease with Intraventricular Hemorrhage
C:\Users\HishamMo\Desktop\999_cs\Quantum_Inpired_PSO_Classifcation\MRI_dataset\Moyamoya Disease with Intraventricular Hemorrhage\Moyamoya_Disease_with_Intraventricular_Hemorrhage198.jpg,Moyamoya Disease with Intraventricular Hemorrhage
C:\Users\HishamMo\Desktop\999_cs\Quantum_Inpired_PSO_Classifcation\MRI_dataset\Moyamoya Disease with Intraventricular Hemorrhage\Moyamoya_Disease_with_Intraventricular_Hemorrhage199.jpg,Moyamoya Disease with Intraventricular Hemorrhage
C:\Users\HishamMo\Desktop\999_cs\Quantum_Inpired_PSO_Classifcation\MRI_dataset\Moyamoya Disease with Intraventricular Hemorrhage\Moyamoya_Disease_with_Intraventricular_Hemorrhage200.jpg,Moyamoya Disease with Intraventricular Hemorrhage
C:\Users\HishamMo\Desktop\999_cs\Quantum_Inpired_PSO_Classifcation\MRI_dataset\Moyamoya Disease with Intraventricular Hemorrhage\Moyamoya_Disease_with_Intraventricular_Hemorrhage201.jpg,Moyamoya Disease with Intraventricular Hemorrhage
C:\Users\HishamMo\Desktop\999_cs\Quantum_Inpired_PSO_Classifcation\MRI_dataset\Moyamoya Disease with Intraventricular Hemorrhage\Moyamoya_Disease_with_Intraventricular_Hemorrhage202.jpg,Moyamoya Disease with Intraventricular Hemorrhage
C:\Users\HishamMo\Desktop\999_cs\Quantum_Inpired_PSO_Classifcation\MRI_dataset\Moyamoya Disease with Intraventricular Hemorrhage\Moyamoya_Disease_with_Intraventricular_Hemorrhage203.jpg,Moyamoya Disease with Intraventricular Hemorrhage
C:\Users\HishamMo\Desktop\999_cs\Quantum_Inpired_PSO_Classifcation\MRI_dataset\Moyamoya Disease with Intraventricular Hemorrhage\Moyamoya_Disease_with_Intraventricular_Hemorrhage204.jpg,Moyamoya Disease with Intraventricular Hemorrhage
C:\Users\HishamMo\Desktop\999_cs\Quantum_Inpired_PSO_Classifcation\MRI_dataset\Moyamoya Disease with Intraventricular Hemorrhage\Moyamoya_Disease_with_Intraventricular_Hemorrhage205.jpg,Moyamoya Disease with Intraventricular Hemorrhage
C:\Users\HishamMo\Desktop\999_cs\Quantum_Inpired_PSO_Classifcation\MRI_dataset\Moyamoya Disease with Intraventricular Hemorrhage\Moyamoya_Disease_with_Intraventricular_Hemorrhage206.jpg,Moyamoya Disease with Intraventricular Hemorrhage
C:\Users\HishamMo\Desktop\999_cs\Quantum_Inpired_PSO_Classifcation\MRI_dataset\Moyamoya Disease with Intraventricular Hemorrhage\Moyamoya_Disease_with_Intraventricular_Hemorrhage207.jpg,Moyamoya Disease with Intraventricular Hemorrhage
C:\Users\HishamMo\Desktop\999_cs\Quantum_Inpired_PSO_Classifcation\MRI_dataset\Moyamoya Disease with Intraventricular Hemorrhage\Moyamoya_Disease_with_Intraventricular_Hemorrhage208.jpg,Moyamoya Disease with Intraventricular Hemorrhage
C:\Users\HishamMo\Desktop\999_cs\Quantum_Inpired_PSO_Classifcation\MRI_dataset\Moyamoya Disease with Intraventricular Hemorrhage\Moyamoya_Disease_with_Intraventricular_Hemorrhage209.jpg,Moyamoya Disease with Intraventricular Hemorrhage
C:\Users\HishamMo\Desktop\999_cs\Quantum_Inpired_PSO_Classifcation\MRI_dataset\Moyamoya Disease with Intraventricular Hemorrhage\Moyamoya_Disease_with_Intraventricular_Hemorrhage210.jpg,Moyamoya Disease with Intraventricular Hemorrhage
C:\Users\HishamMo\Desktop\999_cs\Quantum_Inpired_PSO_Classifcation\MRI_dataset\Moyamoya Disease with Intraventricular Hemorrhage\Moyamoya_Disease_with_Intraventricular_Hemorrhage211.jpg,Moyamoya Disease with Intraventricular Hemorrhage
C:\Users\HishamMo\Desktop\999_cs\Quantum_Inpired_PSO_Classifcation\MRI_dataset\Moyamoya Disease with Intraventricular Hemorrhage\Moyamoya_Disease_with_Intraventricular_Hemorrhage212.jpg,Moyamoya Disease with Intraventricular Hemorrhage
C:\Users\HishamMo\Desktop\999_cs\Quantum_Inpired_PSO_Classifcation\MRI_dataset\Moyamoya Disease with Intraventricular Hemorrhage\Moyamoya_Disease_with_Intraventricular_Hemorrhage213.jpg,Moyamoya Disease with Intraventricular Hemorrhage
C:\Users\HishamMo\Desktop\999_cs\Quantum_Inpired_PSO_Classifcation\MRI_dataset\Moyamoya Disease with Intraventricular Hemorrhage\Moyamoya_Disease_with_Intraventricular_Hemorrhage214.jpg,Moyamoya Disease with Intraventricular Hemorrhage
C:\Users\HishamMo\Desktop\999_cs\Quantum_Inpired_PSO_Classifcation\MRI_dataset\Moyamoya Disease with Intraventricular Hemorrhage\Moyamoya_Disease_with_Intraventricular_Hemorrhage215.jpg,Moyamoya Disease with Intraventricular Hemorrhage
C:\Users\HishamMo\Desktop\999_cs\Quantum_Inpired_PSO_Classifcation\MRI_dataset\Moyamoya Disease with Intraventricular Hemorrhage\Moyamoya_Disease_with_Intraventricular_Hemorrhage216.jpg,Moyamoya Disease with Intraventricular Hemorrhage
C:\Users\HishamMo\Desktop\999_cs\Quantum_Inpired_PSO_Classifcation\MRI_dataset\Moyamoya Disease with Intraventricular Hemorrhage\Moyamoya_Disease_with_Intraventricular_Hemorrhage217.jpg,Moyamoya Disease with Intraventricular Hemorrhage
C:\Users\HishamMo\Desktop\999_cs\Quantum_Inpired_PSO_Classifcation\MRI_dataset\Moyamoya Disease with Intraventricular Hemorrhage\Moyamoya_Disease_with_Intraventricular_Hemorrhage218.jpg,Moyamoya Disease with Intraventricular Hemorrhage
C:\Users\HishamMo\Desktop\999_cs\Quantum_Inpired_PSO_Classifcation\MRI_dataset\Moyamoya Disease with Intraventricular Hemorrhage\Moyamoya_Disease_with_Intraventricular_Hemorrhage219.jpg,Moyamoya Disease with Intraventricular Hemorrhage
C:\Users\HishamMo\Desktop\999_cs\Quantum_Inpired_PSO_Classifcation\MRI_dataset\Moyamoya Disease with Intraventricular Hemorrhage\Moyamoya_Disease_with_Intraventricular_Hemorrhage220.jpg,Moyamoya Disease with Intraventricular Hemorrhage
C:\Users\HishamMo\Desktop\999_cs\Quantum_Inpired_PSO_Classifcation\MRI_dataset\Moyamoya Disease with Intraventricular Hemorrhage\Moyamoya_Disease_with_Intraventricular_Hemorrhage221.jpg,Moyamoya Disease with Intraventricular Hemorrhage
C:\Users\HishamMo\Desktop\999_cs\Quantum_Inpired_PSO_Classifcation\MRI_dataset\Moyamoya Disease with Intraventricular Hemorrhage\Moyamoya_Disease_with_Intraventricular_Hemorrhage222.jpg,Moyamoya Disease with Intraventricular Hemorrhage
C:\Users\HishamMo\Desktop\999_cs\Quantum_Inpired_PSO_Classifcation\MRI_dataset\Moyamoya Disease with Intraventricular Hemorrhage\Moyamoya_Disease_with_Intraventricular_Hemorrhage223.jpg,Moyamoya Disease with Intraventricular Hemorrhage
C:\Users\HishamMo\Desktop\999_cs\Quantum_Inpired_PSO_Classifcation\MRI_dataset\Moyamoya Disease with Intraventricular Hemorrhage\Moyamoya_Disease_with_Intraventricular_Hemorrhage224.jpg,Moyamoya Disease with Intraventricular Hemorrhage
C:\Users\HishamMo\Desktop\999_cs\Quantum_Inpired_PSO_Classifcation\MRI_dataset\Moyamoya Disease with Intraventricular Hemorrhage\Moyamoya_Disease_with_Intraventricular_Hemorrhage225.jpg,Moyamoya Disease with Intraventricular Hemorrhage
C:\Users\HishamMo\Desktop\999_cs\Quantum_Inpired_PSO_Classifcation\MRI_dataset\Moyamoya Disease with Intraventricular Hemorrhage\Moyamoya_Disease_with_Intraventricular_Hemorrhage226.jpg,Moyamoya Disease with Intraventricular Hemorrhage
C:\Users\HishamMo\Desktop\999_cs\Quantum_Inpired_PSO_Classifcation\MRI_dataset\Moyamoya Disease with Intraventricular Hemorrhage\Moyamoya_Disease_with_Intraventricular_Hemorrhage227.jpg,Moyamoya Disease with Intraventricular Hemorrhage
C:\Users\HishamMo\Desktop\999_cs\Quantum_Inpired_PSO_Classifcation\MRI_dataset\Moyamoya Disease with Intraventricular Hemorrhage\Moyamoya_Disease_with_Intraventricular_Hemorrhage228.jpg,Moyamoya Disease with Intraventricular Hemorrhage
C:\Users\HishamMo\Desktop\999_cs\Quantum_Inpired_PSO_Classifcation\MRI_dataset\Moyamoya Disease with Intraventricular Hemorrhage\Moyamoya_Disease_with_Intraventricular_Hemorrhage229.jpg,Moyamoya Disease with Intraventricular Hemorrhage
C:\Users\HishamMo\Desktop\999_cs\Quantum_Inpired_PSO_Classifcation\MRI_dataset\Moyamoya Disease with Intraventricular Hemorrhage\Moyamoya_Disease_with_Intraventricular_Hemorrhage230.jpg,Moyamoya Disease with Intraventricular Hemorrhage
C:\Users\HishamMo\Desktop\999_cs\Quantum_Inpired_PSO_Classifcation\MRI_dataset\Moyamoya Disease with Intraventricular Hemorrhage\Moyamoya_Disease_with_Intraventricular_Hemorrhage231.jpg,Moyamoya Disease with Intraventricular Hemorrhage
C:\Users\HishamMo\Desktop\999_cs\Quantum_Inpired_PSO_Classifcation\MRI_dataset\Moyamoya Disease with Intraventricular Hemorrhage\Moyamoya_Disease_with_Intraventricular_Hemorrhage232.jpg,Moyamoya Disease with Intraventricular Hemorrhage
C:\Users\HishamMo\Desktop\999_cs\Quantum_Inpired_PSO_Classifcation\MRI_dataset\Moyamoya Disease with Intraventricular Hemorrhage\Moyamoya_Disease_with_Intraventricular_Hemorrhage233.jpg,Moyamoya Disease with Intraventricular Hemorrhage
C:\Users\HishamMo\Desktop\999_cs\Quantum_Inpired_PSO_Classifcation\MRI_dataset\Moyamoya Disease with Intraventricular Hemorrhage\Moyamoya_Disease_with_Intraventricular_Hemorrhage234.jpg,Moyamoya Disease with Intraventricular Hemorrhage
C:\Users\HishamMo\Desktop\999_cs\Quantum_Inpired_PSO_Classifcation\MRI_dataset\Moyamoya Disease with Intraventricular Hemorrhage\Moyamoya_Disease_with_Intraventricular_Hemorrhage235.jpg,Moyamoya Disease with Intraventricular Hemorrhage
C:\Users\HishamMo\Desktop\999_cs\Quantum_Inpired_PSO_Classifcation\MRI_dataset\Moyamoya Disease with Intraventricular Hemorrhage\Moyamoya_Disease_with_Intraventricular_Hemorrhage236.jpg,Moyamoya Disease with Intraventricular Hemorrhage
C:\Users\HishamMo\Desktop\999_cs\Quantum_Inpired_PSO_Classifcation\MRI_dataset\Moyamoya Disease with Intraventricular Hemorrhage\Moyamoya_Disease_with_Intraventricular_Hemorrhage237.jpg,Moyamoya Disease with Intraventricular Hemorrhage
C:\Users\HishamMo\Desktop\999_cs\Quantum_Inpired_PSO_Classifcation\MRI_dataset\Moyamoya Disease with Intraventricular Hemorrhage\Moyamoya_Disease_with_Intraventricular_Hemorrhage238.jpg,Moyamoya Disease with Intraventricular Hemorrhage
C:\Users\HishamMo\Desktop\999_cs\Quantum_Inpired_PSO_Classifcation\MRI_dataset\Moyamoya Disease with Intraventricular Hemorrhage\Moyamoya_Disease_with_Intraventricular_Hemorrhage239.jpg,Moyamoya Disease with Intraventricular Hemorrhage
C:\Users\HishamMo\Desktop\999_cs\Quantum_Inpired_PSO_Classifcation\MRI_dataset\Moyamoya Disease with Intraventricular Hemorrhage\Moyamoya_Disease_with_Intraventricular_Hemorrhage240.jpg,Moyamoya Disease with Intraventricular Hemorrhage
C:\Users\HishamMo\Desktop\999_cs\Quantum_Inpired_PSO_Classifcation\MRI_dataset\Moyamoya Disease with Intraventricular Hemorrhage\Moyamoya_Disease_with_Intraventricular_Hemorrhage241.jpg,Moyamoya Disease with Intraventricular Hemorrhage
C:\Users\HishamMo\Desktop\999_cs\Quantum_Inpired_PSO_Classifcation\MRI_dataset\Moyamoya Disease with Intraventricular Hemorrhage\Moyamoya_Disease_with_Intraventricular_Hemorrhage242.jpg,Moyamoya Disease with Intraventricular Hemorrhage
C:\Users\HishamMo\Desktop\999_cs\Quantum_Inpired_PSO_Classifcation\MRI_dataset\Moyamoya Disease with Intraventricular Hemorrhage\Moyamoya_Disease_with_Intraventricular_Hemorrhage243.jpg,Moyamoya Disease with Intraventricular Hemorrhage
C:\Users\HishamMo\Desktop\999_cs\Quantum_Inpired_PSO_Classifcation\MRI_dataset\Moyamoya Disease with Intraventricular Hemorrhage\Moyamoya_Disease_with_Intraventricular_Hemorrhage244.jpg,Moyamoya Disease with Intraventricular Hemorrhage
C:\Users\HishamMo\Desktop\999_cs\Quantum_Inpired_PSO_Classifcation\MRI_dataset\Moyamoya Disease with Intraventricular Hemorrhage\Moyamoya_Disease_with_Intraventricular_Hemorrhage245.jpg,Moyamoya Disease with Intraventricular Hemorrhage
C:\Users\HishamMo\Desktop\999_cs\Quantum_Inpired_PSO_Classifcation\MRI_dataset\Moyamoya Disease with Intraventricular Hemorrhage\Moyamoya_Disease_with_Intraventricular_Hemorrhage246.jpg,Moyamoya Disease with Intraventricular Hemorrhage
C:\Users\HishamMo\Desktop\999_cs\Quantum_Inpired_PSO_Classifcation\MRI_dataset\Moyamoya Disease with Intraventricular Hemorrhage\Moyamoya_Disease_with_Intraventricular_Hemorrhage247.jpg,Moyamoya Disease with Intraventricular Hemorrhage
C:\Users\HishamMo\Desktop\999_cs\Quantum_Inpired_PSO_Classifcation\MRI_dataset\Moyamoya Disease with Intraventricular Hemorrhage\Moyamoya_Disease_with_Intraventricular_Hemorrhage248.jpg,Moyamoya Disease with Intraventricular Hemorrhage
C:\Users\HishamMo\Desktop\999_cs\Quantum_Inpired_PSO_Classifcation\MRI_dataset\Moyamoya Disease with Intraventricular Hemorrhage\Moyamoya_Disease_with_Intraventricular_Hemorrhage249.jpg,Moyamoya Disease with Intraventricular Hemorrhage
C:\Users\HishamMo\Desktop\999_cs\Quantum_Inpired_PSO_Classifcation\MRI_dataset\Moyamoya Disease with Intraventricular Hemorrhage\Moyamoya_Disease_with_Intraventricular_Hemorrhage250.jpg,Moyamoya Disease with Intraventricular Hemorrhage
C:\Users\HishamMo\Desktop\999_cs\Quantum_Inpired_PSO_Classifcation\MRI_dataset\Moyamoya Disease with Intraventricular Hemorrhage\Moyamoya_Disease_with_Intraventricular_Hemorrhage251.jpg,Moyamoya Disease with Intraventricular Hemorrhage
C:\Users\HishamMo\Desktop\999_cs\Quantum_Inpired_PSO_Classifcation\MRI_dataset\Moyamoya Disease with Intraventricular Hemorrhage\Moyamoya_Disease_with_Intraventricular_Hemorrhage252.jpg,Moyamoya Disease with Intraventricular Hemorrhage
C:\Users\HishamMo\Desktop\999_cs\Quantum_Inpired_PSO_Classifcation\MRI_dataset\Moyamoya Disease with Intraventricular Hemorrhage\Moyamoya_Disease_with_Intraventricular_Hemorrhage253.jpg,Moyamoya Disease with Intraventricular Hemorrhage
C:\Users\HishamMo\Desktop\999_cs\Quantum_Inpired_PSO_Classifcation\MRI_dataset\Moyamoya Disease with Intraventricular Hemorrhage\Moyamoya_Disease_with_Intraventricular_Hemorrhage254.jpg,Moyamoya Disease with Intraventricular Hemorrhage
C:\Users\HishamMo\Desktop\999_cs\Quantum_Inpired_PSO_Classifcation\MRI_dataset\Moyamoya Disease with Intraventricular Hemorrhage\Moyamoya_Disease_with_Intraventricular_Hemorrhage255.jpg,Moyamoya Disease with Intraventricular Hemorrhage
C:\Users\HishamMo\Desktop\999_cs\Quantum_Inpired_PSO_Classifcation\MRI_dataset\Moyamoya Disease with Intraventricular Hemorrhage\Moyamoya_Disease_with_Intraventricular_Hemorrhage256.jpg,Moyamoya Disease with Intraventricular Hemorrhage
C:\Users\HishamMo\Desktop\999_cs\Quantum_Inpired_PSO_Classifcation\MRI_dataset\Moyamoya Disease with Intraventricular Hemorrhage\Moyamoya_Disease_with_Intraventricular_Hemorrhage257.jpg,Moyamoya Disease with Intraventricular Hemorrhage
C:\Users\HishamMo\Desktop\999_cs\Quantum_Inpired_PSO_Classifcation\MRI_dataset\Moyamoya Disease with Intraventricular Hemorrhage\Moyamoya_Disease_with_Intraventricular_Hemorrhage258.jpg,Moyamoya Disease with Intraventricular Hemorrhage
C:\Users\HishamMo\Desktop\999_cs\Quantum_Inpired_PSO_Classifcation\MRI_dataset\Moyamoya Disease with Intraventricular Hemorrhage\Moyamoya_Disease_with_Intraventricular_Hemorrhage259.jpg,Moyamoya Disease with Intraventricular Hemorrhage
C:\Users\HishamMo\Desktop\999_cs\Quantum_Inpired_PSO_Classifcation\MRI_dataset\Moyamoya Disease with Intraventricular Hemorrhage\Moyamoya_Disease_with_Intraventricular_Hemorrhage260.jpg,Moyamoya Disease with Intraventricular Hemorrhage
C:\Users\HishamMo\Desktop\999_cs\Quantum_Inpired_PSO_Classifcation\MRI_dataset\Moyamoya Disease with Intraventricular Hemorrhage\Moyamoya_Disease_with_Intraventricular_Hemorrhage261.jpg,Moyamoya Disease with Intraventricular Hemorrhage
C:\Users\HishamMo\Desktop\999_cs\Quantum_Inpired_PSO_Classifcation\MRI_dataset\Moyamoya Disease with Intraventricular Hemorrhage\Moyamoya_Disease_with_Intraventricular_Hemorrhage262.jpg,Moyamoya Disease with Intraventricular Hemorrhage
C:\Users\HishamMo\Desktop\999_cs\Quantum_Inpired_PSO_Classifcation\MRI_dataset\Moyamoya Disease with Intraventricular Hemorrhage\Moyamoya_Disease_with_Intraventricular_Hemorrhage263.jpg,Moyamoya Disease with Intraventricular Hemorrhage
C:\Users\HishamMo\Desktop\999_cs\Quantum_Inpired_PSO_Classifcation\MRI_dataset\Moyamoya Disease with Intraventricular Hemorrhage\Moyamoya_Disease_with_Intraventricular_Hemorrhage264.jpg,Moyamoya Disease with Intraventricular Hemorrhage
C:\Users\HishamMo\Desktop\999_cs\Quantum_Inpired_PSO_Classifcation\MRI_dataset\Moyamoya Disease with Intraventricular Hemorrhage\Moyamoya_Disease_with_Intraventricular_Hemorrhage265.jpg,Moyamoya Disease with Intraventricular Hemorrhage
C:\Users\HishamMo\Desktop\999_cs\Quantum_Inpired_PSO_Classifcation\MRI_dataset\Moyamoya Disease with Intraventricular Hemorrhage\Moyamoya_Disease_with_Intraventricular_Hemorrhage266.jpg,Moyamoya Disease with Intraventricular Hemorrhage
C:\Users\HishamMo\Desktop\999_cs\Quantum_Inpired_PSO_Classifcation\MRI_dataset\Moyamoya Disease with Intraventricular Hemorrhage\Moyamoya_Disease_with_Intraventricular_Hemorrhage267.jpg,Moyamoya Disease with Intraventricular Hemorrhage
C:\Users\HishamMo\Desktop\999_cs\Quantum_Inpired_PSO_Classifcation\MRI_dataset\Moyamoya Disease with Intraventricular Hemorrhage\Moyamoya_Disease_with_Intraventricular_Hemorrhage268.jpg,Moyamoya Disease with Intraventricular Hemorrhage
C:\Users\HishamMo\Desktop\999_cs\Quantum_Inpired_PSO_Classifcation\MRI_dataset\Moyamoya Disease with Intraventricular Hemorrhage\Moyamoya_Disease_with_Intraventricular_Hemorrhage269.jpg,Moyamoya Disease with Intraventricular Hemorrhage
C:\Users\HishamMo\Desktop\999_cs\Quantum_Inpired_PSO_Classifcation\MRI_dataset\Moyamoya Disease with Intraventricular Hemorrhage\Moyamoya_Disease_with_Intraventricular_Hemorrhage270.jpg,Moyamoya Disease with Intraventricular Hemorrhage
C:\Users\HishamMo\Desktop\999_cs\Quantum_Inpired_PSO_Classifcation\MRI_dataset\Moyamoya Disease with Intraventricular Hemorrhage\Moyamoya_Disease_with_Intraventricular_Hemorrhage271.jpg,Moyamoya Disease with Intraventricular Hemorrhage
C:\Users\HishamMo\Desktop\999_cs\Quantum_Inpired_PSO_Classifcation\MRI_dataset\Moyamoya Disease with Intraventricular Hemorrhage\Moyamoya_Disease_with_Intraventricular_Hemorrhage272.jpg,Moyamoya Disease with Intraventricular Hemorrhage
C:\Users\HishamMo\Desktop\999_cs\Quantum_Inpired_PSO_Classifcation\MRI_dataset\Moyamoya Disease with Intraventricular Hemorrhage\Moyamoya_Disease_with_Intraventricular_Hemorrhage273.jpg,Moyamoya Disease with Intraventricular Hemorrhage
C:\Users\HishamMo\Desktop\999_cs\Quantum_Inpired_PSO_Classifcation\MRI_dataset\Moyamoya Disease with Intraventricular Hemorrhage\Moyamoya_Disease_with_Intraventricular_Hemorrhage274.jpg,Moyamoya Disease with Intraventricular Hemorrhage
C:\Users\HishamMo\Desktop\999_cs\Quantum_Inpired_PSO_Classifcation\MRI_dataset\Moyamoya Disease with Intraventricular Hemorrhage\Moyamoya_Disease_with_Intraventricular_Hemorrhage275.jpg,Moyamoya Disease with Intraventricular Hemorrhage
C:\Users\HishamMo\Desktop\999_cs\Quantum_Inpired_PSO_Classifcation\MRI_dataset\Moyamoya Disease with Intraventricular Hemorrhage\Moyamoya_Disease_with_Intraventricular_Hemorrhage276.jpg,Moyamoya Disease with Intraventricular Hemorrhage
C:\Users\HishamMo\Desktop\999_cs\Quantum_Inpired_PSO_Classifcation\MRI_dataset\Moyamoya Disease with Intraventricular Hemorrhage\Moyamoya_Disease_with_Intraventricular_Hemorrhage277.jpg,Moyamoya Disease with Intraventricular Hemorrhage
C:\Users\HishamMo\Desktop\999_cs\Quantum_Inpired_PSO_Classifcation\MRI_dataset\Moyamoya Disease with Intraventricular Hemorrhage\Moyamoya_Disease_with_Intraventricular_Hemorrhage278.jpg,Moyamoya Disease with Intraventricular Hemorrhage
C:\Users\HishamMo\Desktop\999_cs\Quantum_Inpired_PSO_Classifcation\MRI_dataset\Moyamoya Disease with Intraventricular Hemorrhage\Moyamoya_Disease_with_Intraventricular_Hemorrhage279.jpg,Moyamoya Disease with Intraventricular Hemorrhage
C:\Users\HishamMo\Desktop\999_cs\Quantum_Inpired_PSO_Classifcation\MRI_dataset\Moyamoya Disease with Intraventricular Hemorrhage\Moyamoya_Disease_with_Intraventricular_Hemorrhage280.jpg,Moyamoya Disease with Intraventricular Hemorrhage
C:\Users\HishamMo\Desktop\999_cs\Quantum_Inpired_PSO_Classifcation\MRI_dataset\Moyamoya Disease with Intraventricular Hemorrhage\Moyamoya_Disease_with_Intraventricular_Hemorrhage281.jpg,Moyamoya Disease with Intraventricular Hemorrhage
C:\Users\HishamMo\Desktop\999_cs\Quantum_Inpired_PSO_Classifcation\MRI_dataset\Moyamoya Disease with Intraventricular Hemorrhage\Moyamoya_Disease_with_Intraventricular_Hemorrhage282.jpg,Moyamoya Disease with Intraventricular Hemorrhage
C:\Users\HishamMo\Desktop\999_cs\Quantum_Inpired_PSO_Classifcation\MRI_dataset\Moyamoya Disease with Intraventricular Hemorrhage\Moyamoya_Disease_with_Intraventricular_Hemorrhage283.jpg,Moyamoya Disease with Intraventricular Hemorrhage
C:\Users\HishamMo\Desktop\999_cs\Quantum_Inpired_PSO_Classifcation\MRI_dataset\Moyamoya Disease with Intraventricular Hemorrhage\Moyamoya_Disease_with_Intraventricular_Hemorrhage284.jpg,Moyamoya Disease with Intraventricular Hemorrhage
C:\Users\HishamMo\Desktop\999_cs\Quantum_Inpired_PSO_Classifcation\MRI_dataset\Moyamoya Disease with Intraventricular Hemorrhage\Moyamoya_Disease_with_Intraventricular_Hemorrhage285.jpg,Moyamoya Disease with Intraventricular Hemorrhage
C:\Users\HishamMo\Desktop\999_cs\Quantum_Inpired_PSO_Classifcation\MRI_dataset\Moyamoya Disease with Intraventricular Hemorrhage\Moyamoya_Disease_with_Intraventricular_Hemorrhage286.jpg,Moyamoya Disease with Intraventricular Hemorrhage
C:\Users\HishamMo\Desktop\999_cs\Quantum_Inpired_PSO_Classifcation\MRI_dataset\Moyamoya Disease with Intraventricular Hemorrhage\Moyamoya_Disease_with_Intraventricular_Hemorrhage287.jpg,Moyamoya Disease with Intraventricular Hemorrhage
C:\Users\HishamMo\Desktop\999_cs\Quantum_Inpired_PSO_Classifcation\MRI_dataset\Moyamoya Disease with Intraventricular Hemorrhage\Moyamoya_Disease_with_Intraventricular_Hemorrhage288.jpg,Moyamoya Disease with Intraventricular Hemorrhage
C:\Users\HishamMo\Desktop\999_cs\Quantum_Inpired_PSO_Classifcation\MRI_dataset\Moyamoya Disease with Intraventricular Hemorrhage\Moyamoya_Disease_with_Intraventricular_Hemorrhage289.jpg,Moyamoya Disease with Intraventricular Hemorrhage
C:\Users\HishamMo\Desktop\999_cs\Quantum_Inpired_PSO_Classifcation\MRI_dataset\Moyamoya Disease with Intraventricular Hemorrhage\Moyamoya_Disease_with_Intraventricular_Hemorrhage290.jpg,Moyamoya Disease with Intraventricular Hemorrhage
C:\Users\HishamMo\Desktop\999_cs\Quantum_Inpired_PSO_Classifcation\MRI_dataset\Moyamoya Disease with Intraventricular Hemorrhage\Moyamoya_Disease_with_Intraventricular_Hemorrhage291.jpg,Moyamoya Disease with Intraventricular Hemorrhage
C:\Users\HishamMo\Desktop\999_cs\Quantum_Inpired_PSO_Classifcation\MRI_dataset\Moyamoya Disease with Intraventricular Hemorrhage\Moyamoya_Disease_with_Intraventricular_Hemorrhage292.jpg,Moyamoya Disease with Intraventricular Hemorrhage
C:\Users\HishamMo\Desktop\999_cs\Quantum_Inpired_PSO_Classifcation\MRI_dataset\Moyamoya Disease with Intraventricular Hemorrhage\Moyamoya_Disease_with_Intraventricular_Hemorrhage293.jpg,Moyamoya Disease with Intraventricular Hemorrhage
C:\Users\HishamMo\Desktop\999_cs\Quantum_Inpired_PSO_Classifcation\MRI_dataset\Moyamoya Disease with Intraventricular Hemorrhage\Moyamoya_Disease_with_Intraventricular_Hemorrhage294.jpg,Moyamoya Disease with Intraventricular Hemorrhage
C:\Users\HishamMo\Desktop\999_cs\Quantum_Inpired_PSO_Classifcation\MRI_dataset\Moyamoya Disease with Intraventricular Hemorrhage\Moyamoya_Disease_with_Intraventricular_Hemorrhage295.jpg,Moyamoya Disease with Intraventricular Hemorrhage
C:\Users\HishamMo\Desktop\999_cs\Quantum_Inpired_PSO_Classifcation\MRI_dataset\Moyamoya Disease with Intraventricular Hemorrhage\Moyamoya_Disease_with_Intraventricular_Hemorrhage296.jpg,Moyamoya Disease with Intraventricular Hemorrhage
C:\Users\HishamMo\Desktop\999_cs\Quantum_Inpired_PSO_Classifcation\MRI_dataset\Moyamoya Disease with Intraventricular Hemorrhage\Moyamoya_Disease_with_Intraventricular_Hemorrhage297.jpg,Moyamoya Disease with Intraventricular Hemorrhage
C:\Users\HishamMo\Desktop\999_cs\Quantum_Inpired_PSO_Classifcation\MRI_dataset\Moyamoya Disease with Intraventricular Hemorrhage\Moyamoya_Disease_with_Intraventricular_Hemorrhage298.jpg,Moyamoya Disease with Intraventricular Hemorrhage
C:\Users\HishamMo\Desktop\999_cs\Quantum_Inpired_PSO_Classifcation\MRI_dataset\Moyamoya Disease with Intraventricular Hemorrhage\Moyamoya_Disease_with_Intraventricular_Hemorrhage299.jpg,Moyamoya Disease with Intraventricular Hemorrhage
C:\Users\HishamMo\Desktop\999_cs\Quantum_Inpired_PSO_Classifcation\MRI_dataset\Moyamoya Disease with Intraventricular Hemorrhage\Moyamoya_Disease_with_Intraventricular_Hemorrhage300.jpg,Moyamoya Disease with Intraventricular Hemorrhage
C:\Users\HishamMo\Desktop\999_cs\Quantum_Inpired_PSO_Classifcation\MRI_dataset\Moyamoya Disease with Intraventricular Hemorrhage\Moyamoya_Disease_with_Intraventricular_Hemorrhage301.jpg,Moyamoya Disease with Intraventricular Hemorrhage
C:\Users\HishamMo\Desktop\999_cs\Quantum_Inpired_PSO_Classifcation\MRI_dataset\Moyamoya Disease with Intraventricular Hemorrhage\Moyamoya_Disease_with_Intraventricular_Hemorrhage302.jpg,Moyamoya Disease with Intraventricular Hemorrhage
C:\Users\HishamMo\Desktop\999_cs\Quantum_Inpired_PSO_Classifcation\MRI_dataset\Moyamoya Disease with Intraventricular Hemorrhage\Moyamoya_Disease_with_Intraventricular_Hemorrhage303.jpg,Moyamoya Disease with Intraventricular Hemorrhage
C:\Users\HishamMo\Desktop\999_cs\Quantum_Inpired_PSO_Classifcation\MRI_dataset\Moyamoya Disease with Intraventricular Hemorrhage\Moyamoya_Disease_with_Intraventricular_Hemorrhage304.jpg,Moyamoya Disease with Intraventricular Hemorrhage
C:\Users\HishamMo\Desktop\999_cs\Quantum_Inpired_PSO_Classifcation\MRI_dataset\Moyamoya Disease with Intraventricular Hemorrhage\Moyamoya_Disease_with_Intraventricular_Hemorrhage305.jpg,Moyamoya Disease with Intraventricular Hemorrhage
C:\Users\HishamMo\Desktop\999_cs\Quantum_Inpired_PSO_Classifcation\MRI_dataset\Moyamoya Disease with Intraventricular Hemorrhage\Moyamoya_Disease_with_Intraventricular_Hemorrhage306.jpg,Moyamoya Disease with Intraventricular Hemorrhage
C:\Users\HishamMo\Desktop\999_cs\Quantum_Inpired_PSO_Classifcation\MRI_dataset\Moyamoya Disease with Intraventricular Hemorrhage\Moyamoya_Disease_with_Intraventricular_Hemorrhage307.jpg,Moyamoya Disease with Intraventricular Hemorrhage
C:\Users\HishamMo\Desktop\999_cs\Quantum_Inpired_PSO_Classifcation\MRI_dataset\Moyamoya Disease with Intraventricular Hemorrhage\Moyamoya_Disease_with_Intraventricular_Hemorrhage308.jpg,Moyamoya Disease with Intraventricular Hemorrhage
C:\Users\HishamMo\Desktop\999_cs\Quantum_Inpired_PSO_Classifcation\MRI_dataset\Moyamoya Disease with Intraventricular Hemorrhage\Moyamoya_Disease_with_Intraventricular_Hemorrhage309.jpg,Moyamoya Disease with Intraventricular Hemorrhage
C:\Users\HishamMo\Desktop\999_cs\Quantum_Inpired_PSO_Classifcation\MRI_dataset\Moyamoya Disease with Intraventricular Hemorrhage\Moyamoya_Disease_with_Intraventricular_Hemorrhage310.jpg,Moyamoya Disease with Intraventricular Hemorrhage
C:\Users\HishamMo\Desktop\999_cs\Quantum_Inpired_PSO_Classifcation\MRI_dataset\Moyamoya Disease with Intraventricular Hemorrhage\Moyamoya_Disease_with_Intraventricular_Hemorrhage311.jpg,Moyamoya Disease with Intraventricular Hemorrhage
C:\Users\HishamMo\Desktop\999_cs\Quantum_Inpired_PSO_Classifcation\MRI_dataset\Moyamoya Disease with Intraventricular Hemorrhage\Moyamoya_Disease_with_Intraventricular_Hemorrhage312.jpg,Moyamoya Disease with Intraventricular Hemorrhage
C:\Users\HishamMo\Desktop\999_cs\Quantum_Inpired_PSO_Classifcation\MRI_dataset\Moyamoya Disease with Intraventricular Hemorrhage\Moyamoya_Disease_with_Intraventricular_Hemorrhage313.jpg,Moyamoya Disease with Intraventricular Hemorrhage
C:\Users\HishamMo\Desktop\999_cs\Quantum_Inpired_PSO_Classifcation\MRI_dataset\Moyamoya Disease with Intraventricular Hemorrhage\Moyamoya_Disease_with_Intraventricular_Hemorrhage314.jpg,Moyamoya Disease with Intraventricular Hemorrhage
C:\Users\HishamMo\Desktop\999_cs\Quantum_Inpired_PSO_Classifcation\MRI_dataset\Moyamoya Disease with Intraventricular Hemorrhage\Moyamoya_Disease_with_Intraventricular_Hemorrhage315.jpg,Moyamoya Disease with Intraventricular Hemorrhage
C:\Users\HishamMo\Desktop\999_cs\Quantum_Inpired_PSO_Classifcation\MRI_dataset\Moyamoya Disease with Intraventricular Hemorrhage\Moyamoya_Disease_with_Intraventricular_Hemorrhage316.jpg,Moyamoya Disease with Intraventricular Hemorrhage
C:\Users\HishamMo\Desktop\999_cs\Quantum_Inpired_PSO_Classifcation\MRI_dataset\Moyamoya Disease with Intraventricular Hemorrhage\Moyamoya_Disease_with_Intraventricular_Hemorrhage317.jpg,Moyamoya Disease with Intraventricular Hemorrhage
C:\Users\HishamMo\Desktop\999_cs\Quantum_Inpired_PSO_Classifcation\MRI_dataset\Moyamoya Disease with Intraventricular Hemorrhage\Moyamoya_Disease_with_Intraventricular_Hemorrhage318.jpg,Moyamoya Disease with Intraventricular Hemorrhage
C:\Users\HishamMo\Desktop\999_cs\Quantum_Inpired_PSO_Classifcation\MRI_dataset\Moyamoya Disease with Intraventricular Hemorrhage\Moyamoya_Disease_with_Intraventricular_Hemorrhage319.jpg,Moyamoya Disease with Intraventricular Hemorrhage
C:\Users\HishamMo\Desktop\999_cs\Quantum_Inpired_PSO_Classifcation\MRI_dataset\Moyamoya Disease with Intraventricular Hemorrhage\Moyamoya_Disease_with_Intraventricular_Hemorrhage320.jpg,Moyamoya Disease with Intraventricular Hemorrhage
C:\Users\HishamMo\Desktop\999_cs\Quantum_Inpired_PSO_Classifcation\MRI_dataset\Moyamoya Disease with Intraventricular Hemorrhage\Moyamoya_Disease_with_Intraventricular_Hemorrhage321.jpg,Moyamoya Disease with Intraventricular Hemorrhage
C:\Users\HishamMo\Desktop\999_cs\Quantum_Inpired_PSO_Classifcation\MRI_dataset\Moyamoya Disease with Intraventricular Hemorrhage\Moyamoya_Disease_with_Intraventricular_Hemorrhage322.jpg,Moyamoya Disease with Intraventricular Hemorrhage
C:\Users\HishamMo\Desktop\999_cs\Quantum_Inpired_PSO_Classifcation\MRI_dataset\Moyamoya Disease with Intraventricular Hemorrhage\Moyamoya_Disease_with_Intraventricular_Hemorrhage323.jpg,Moyamoya Disease with Intraventricular Hemorrhage
C:\Users\HishamMo\Desktop\999_cs\Quantum_Inpired_PSO_Classifcation\MRI_dataset\Moyamoya Disease with Intraventricular Hemorrhage\Moyamoya_Disease_with_Intraventricular_Hemorrhage324.jpg,Moyamoya Disease with Intraventricular Hemorrhage
C:\Users\HishamMo\Desktop\999_cs\Quantum_Inpired_PSO_Classifcation\MRI_dataset\Moyamoya Disease with Intraventricular Hemorrhage\Moyamoya_Disease_with_Intraventricular_Hemorrhage325.jpg,Moyamoya Disease with Intraventricular Hemorrhage
C:\Users\HishamMo\Desktop\999_cs\Quantum_Inpired_PSO_Classifcation\MRI_dataset\Moyamoya Disease with Intraventricular Hemorrhage\Moyamoya_Disease_with_Intraventricular_Hemorrhage326.jpg,Moyamoya Disease with Intraventricular Hemorrhage
C:\Users\HishamMo\Desktop\999_cs\Quantum_Inpired_PSO_Classifcation\MRI_dataset\Moyamoya Disease with Intraventricular Hemorrhage\Moyamoya_Disease_with_Intraventricular_Hemorrhage327.jpg,Moyamoya Disease with Intraventricular Hemorrhage
C:\Users\HishamMo\Desktop\999_cs\Quantum_Inpired_PSO_Classifcation\MRI_dataset\Moyamoya Disease with Intraventricular Hemorrhage\Moyamoya_Disease_with_Intraventricular_Hemorrhage328.jpg,Moyamoya Disease with Intraventricular Hemorrhage
C:\Users\HishamMo\Desktop\999_cs\Quantum_Inpired_PSO_Classifcation\MRI_dataset\Moyamoya Disease with Intraventricular Hemorrhage\Moyamoya_Disease_with_Intraventricular_Hemorrhage329.jpg,Moyamoya Disease with Intraventricular Hemorrhage
C:\Users\HishamMo\Desktop\999_cs\Quantum_Inpired_PSO_Classifcation\MRI_dataset\Moyamoya Disease with Intraventricular Hemorrhage\Moyamoya_Disease_with_Intraventricular_Hemorrhage330.jpg,Moyamoya Disease with Intraventricular Hemorrhage
C:\Users\HishamMo\Desktop\999_cs\Quantum_Inpired_PSO_Classifcation\MRI_dataset\Moyamoya Disease with Intraventricular Hemorrhage\Moyamoya_Disease_with_Intraventricular_Hemorrhage331.jpg,Moyamoya Disease with Intraventricular Hemorrhage
C:\Users\HishamMo\Desktop\999_cs\Quantum_Inpired_PSO_Classifcation\MRI_dataset\Moyamoya Disease with Intraventricular Hemorrhage\Moyamoya_Disease_with_Intraventricular_Hemorrhage332.jpg,Moyamoya Disease with Intraventricular Hemorrhage
C:\Users\HishamMo\Desktop\999_cs\Quantum_Inpired_PSO_Classifcation\MRI_dataset\Moyamoya Disease with Intraventricular Hemorrhage\Moyamoya_Disease_with_Intraventricular_Hemorrhage333.jpg,Moyamoya Disease with Intraventricular Hemorrhage
C:\Users\HishamMo\Desktop\999_cs\Quantum_Inpired_PSO_Classifcation\MRI_dataset\Moyamoya Disease with Intraventricular Hemorrhage\Moyamoya_Disease_with_Intraventricular_Hemorrhage334.jpg,Moyamoya Disease with Intraventricular Hemorrhage
C:\Users\HishamMo\Desktop\999_cs\Quantum_Inpired_PSO_Classifcation\MRI_dataset\Moyamoya Disease with Intraventricular Hemorrhage\Moyamoya_Disease_with_Intraventricular_Hemorrhage335.jpg,Moyamoya Disease with Intraventricular Hemorrhage
C:\Users\HishamMo\Desktop\999_cs\Quantum_Inpired_PSO_Classifcation\MRI_dataset\Moyamoya Disease with Intraventricular Hemorrhage\Moyamoya_Disease_with_Intraventricular_Hemorrhage336.jpg,Moyamoya Disease with Intraventricular Hemorrhage
C:\Users\HishamMo\Desktop\999_cs\Quantum_Inpired_PSO_Classifcation\MRI_dataset\Moyamoya Disease with Intraventricular Hemorrhage\Moyamoya_Disease_with_Intraventricular_Hemorrhage337.jpg,Moyamoya Disease with Intraventricular Hemorrhage
C:\Users\HishamMo\Desktop\999_cs\Quantum_Inpired_PSO_Classifcation\MRI_dataset\Moyamoya Disease with Intraventricular Hemorrhage\Moyamoya_Disease_with_Intraventricular_Hemorrhage338.jpg,Moyamoya Disease with Intraventricular Hemorrhage
C:\Users\HishamMo\Desktop\999_cs\Quantum_Inpired_PSO_Classifcation\MRI_dataset\Moyamoya Disease with Intraventricular Hemorrhage\Moyamoya_Disease_with_Intraventricular_Hemorrhage339.jpg,Moyamoya Disease with Intraventricular Hemorrhage
C:\Users\HishamMo\Desktop\999_cs\Quantum_Inpired_PSO_Classifcation\MRI_dataset\Moyamoya Disease with Intraventricular Hemorrhage\Moyamoya_Disease_with_Intraventricular_Hemorrhage340.jpg,Moyamoya Disease with Intraventricular Hemorrhage
C:\Users\HishamMo\Desktop\999_cs\Quantum_Inpired_PSO_Classifcation\MRI_dataset\Moyamoya Disease with Intraventricular Hemorrhage\Moyamoya_Disease_with_Intraventricular_Hemorrhage341.jpg,Moyamoya Disease with Intraventricular Hemorrhage
C:\Users\HishamMo\Desktop\999_cs\Quantum_Inpired_PSO_Classifcation\MRI_dataset\Moyamoya Disease with Intraventricular Hemorrhage\Moyamoya_Disease_with_Intraventricular_Hemorrhage342.jpg,Moyamoya Disease with Intraventricular Hemorrhage
C:\Users\HishamMo\Desktop\999_cs\Quantum_Inpired_PSO_Classifcation\MRI_dataset\Moyamoya Disease with Intraventricular Hemorrhage\Moyamoya_Disease_with_Intraventricular_Hemorrhage343.jpg,Moyamoya Disease with Intraventricular Hemorrhage
C:\Users\HishamMo\Desktop\999_cs\Quantum_Inpired_PSO_Classifcation\MRI_dataset\Moyamoya Disease with Intraventricular Hemorrhage\Moyamoya_Disease_with_Intraventricular_Hemorrhage344.jpg,Moyamoya Disease with Intraventricular Hemorrhage
C:\Users\HishamMo\Desktop\999_cs\Quantum_Inpired_PSO_Classifcation\MRI_dataset\Moyamoya Disease with Intraventricular Hemorrhage\Moyamoya_Disease_with_Intraventricular_Hemorrhage345.jpg,Moyamoya Disease with Intraventricular Hemorrhage
C:\Users\HishamMo\Desktop\999_cs\Quantum_Inpired_PSO_Classifcation\MRI_dataset\Moyamoya Disease with Intraventricular Hemorrhage\Moyamoya_Disease_with_Intraventricular_Hemorrhage346.jpg,Moyamoya Disease with Intraventricular Hemorrhage
C:\Users\HishamMo\Desktop\999_cs\Quantum_Inpired_PSO_Classifcation\MRI_dataset\Moyamoya Disease with Intraventricular Hemorrhage\Moyamoya_Disease_with_Intraventricular_Hemorrhage347.jpg,Moyamoya Disease with Intraventricular Hemorrhage
C:\Users\HishamMo\Desktop\999_cs\Quantum_Inpired_PSO_Classifcation\MRI_dataset\Moyamoya Disease with Intraventricular Hemorrhage\Moyamoya_Disease_with_Intraventricular_Hemorrhage348.jpg,Moyamoya Disease with Intraventricular Hemorrhage
C:\Users\HishamMo\Desktop\999_cs\Quantum_Inpired_PSO_Classifcation\MRI_dataset\Moyamoya Disease with Intraventricular Hemorrhage\Moyamoya_Disease_with_Intraventricular_Hemorrhage349.jpg,Moyamoya Disease with Intraventricular Hemorrhage
C:\Users\HishamMo\Desktop\999_cs\Quantum_Inpired_PSO_Classifcation\MRI_dataset\Moyamoya Disease with Intraventricular Hemorrhage\Moyamoya_Disease_with_Intraventricular_Hemorrhage350.jpg,Moyamoya Disease with Intraventricular Hemorrhage
C:\Users\HishamMo\Desktop\999_cs\Quantum_Inpired_PSO_Classifcation\MRI_dataset\Moyamoya Disease with Intraventricular Hemorrhage\Moyamoya_Disease_with_Intraventricular_Hemorrhage351.jpg,Moyamoya Disease with Intraventricular Hemorrhage
C:\Users\HishamMo\Desktop\999_cs\Quantum_Inpired_PSO_Classifcation\MRI_dataset\Moyamoya Disease with Intraventricular Hemorrhage\Moyamoya_Disease_with_Intraventricular_Hemorrhage352.jpg,Moyamoya Disease with Intraventricular Hemorrhage
C:\Users\HishamMo\Desktop\999_cs\Quantum_Inpired_PSO_Classifcation\MRI_dataset\Moyamoya Disease with Intraventricular Hemorrhage\Moyamoya_Disease_with_Intraventricular_Hemorrhage353.jpg,Moyamoya Disease with Intraventricular Hemorrhage
C:\Users\HishamMo\Desktop\999_cs\Quantum_Inpired_PSO_Classifcation\MRI_dataset\Moyamoya Disease with Intraventricular Hemorrhage\Moyamoya_Disease_with_Intraventricular_Hemorrhage354.jpg,Moyamoya Disease with Intraventricular Hemorrhage
C:\Users\HishamMo\Desktop\999_cs\Quantum_Inpired_PSO_Classifcation\MRI_dataset\Moyamoya Disease with Intraventricular Hemorrhage\Moyamoya_Disease_with_Intraventricular_Hemorrhage355.jpg,Moyamoya Disease with Intraventricular Hemorrhage
C:\Users\HishamMo\Desktop\999_cs\Quantum_Inpired_PSO_Classifcation\MRI_dataset\Moyamoya Disease with Intraventricular Hemorrhage\Moyamoya_Disease_with_Intraventricular_Hemorrhage356.jpg,Moyamoya Disease with Intraventricular Hemorrhage
C:\Users\HishamMo\Desktop\999_cs\Quantum_Inpired_PSO_Classifcation\MRI_dataset\Moyamoya Disease with Intraventricular Hemorrhage\Moyamoya_Disease_with_Intraventricular_Hemorrhage357.jpg,Moyamoya Disease with Intraventricular Hemorrhage
C:\Users\HishamMo\Desktop\999_cs\Quantum_Inpired_PSO_Classifcation\MRI_dataset\Moyamoya Disease with Intraventricular Hemorrhage\Moyamoya_Disease_with_Intraventricular_Hemorrhage358.jpg,Moyamoya Disease with Intraventricular Hemorrhage
C:\Users\HishamMo\Desktop\999_cs\Quantum_Inpired_PSO_Classifcation\MRI_dataset\Moyamoya Disease with Intraventricular Hemorrhage\Moyamoya_Disease_with_Intraventricular_Hemorrhage359.jpg,Moyamoya Disease with Intraventricular Hemorrhage
C:\Users\HishamMo\Desktop\999_cs\Quantum_Inpired_PSO_Classifcation\MRI_dataset\Moyamoya Disease with Intraventricular Hemorrhage\Moyamoya_Disease_with_Intraventricular_Hemorrhage360.jpg,Moyamoya Disease with Intraventricular Hemorrhage
C:\Users\HishamMo\Desktop\999_cs\Quantum_Inpired_PSO_Classifcation\MRI_dataset\Moyamoya Disease with Intraventricular Hemorrhage\Moyamoya_Disease_with_Intraventricular_Hemorrhage361.jpg,Moyamoya Disease with Intraventricular Hemorrhage
C:\Users\HishamMo\Desktop\999_cs\Quantum_Inpired_PSO_Classifcation\MRI_dataset\Moyamoya Disease with Intraventricular Hemorrhage\Moyamoya_Disease_with_Intraventricular_Hemorrhage362.jpg,Moyamoya Disease with Intraventricular Hemorrhage
C:\Users\HishamMo\Desktop\999_cs\Quantum_Inpired_PSO_Classifcation\MRI_dataset\Moyamoya Disease with Intraventricular Hemorrhage\Moyamoya_Disease_with_Intraventricular_Hemorrhage363.jpg,Moyamoya Disease with Intraventricular Hemorrhage
C:\Users\HishamMo\Desktop\999_cs\Quantum_Inpired_PSO_Classifcation\MRI_dataset\Moyamoya Disease with Intraventricular Hemorrhage\Moyamoya_Disease_with_Intraventricular_Hemorrhage364.jpg,Moyamoya Disease with Intraventricular Hemorrhage
C:\Users\HishamMo\Desktop\999_cs\Quantum_Inpired_PSO_Classifcation\MRI_dataset\Moyamoya Disease with Intraventricular Hemorrhage\Moyamoya_Disease_with_Intraventricular_Hemorrhage365.jpg,Moyamoya Disease with Intraventricular Hemorrhage
C:\Users\HishamMo\Desktop\999_cs\Quantum_Inpired_PSO_Classifcation\MRI_dataset\Moyamoya Disease with Intraventricular Hemorrhage\Moyamoya_Disease_with_Intraventricular_Hemorrhage366.jpg,Moyamoya Disease with Intraventricular Hemorrhage
C:\Users\HishamMo\Desktop\999_cs\Quantum_Inpired_PSO_Classifcation\MRI_dataset\Moyamoya Disease with Intraventricular Hemorrhage\Moyamoya_Disease_with_Intraventricular_Hemorrhage367.jpg,Moyamoya Disease with Intraventricular Hemorrhage
C:\Users\HishamMo\Desktop\999_cs\Quantum_Inpired_PSO_Classifcation\MRI_dataset\Moyamoya Disease with Intraventricular Hemorrhage\Moyamoya_Disease_with_Intraventricular_Hemorrhage368.jpg,Moyamoya Disease with Intraventricular Hemorrhage
C:\Users\HishamMo\Desktop\999_cs\Quantum_Inpired_PSO_Classifcation\MRI_dataset\Moyamoya Disease with Intraventricular Hemorrhage\Moyamoya_Disease_with_Intraventricular_Hemorrhage369.jpg,Moyamoya Disease with Intraventricular Hemorrhage
C:\Users\HishamMo\Desktop\999_cs\Quantum_Inpired_PSO_Classifcation\MRI_dataset\Moyamoya Disease with Intraventricular Hemorrhage\Moyamoya_Disease_with_Intraventricular_Hemorrhage370.jpg,Moyamoya Disease with Intraventricular Hemorrhage
C:\Users\HishamMo\Desktop\999_cs\Quantum_Inpired_PSO_Classifcation\MRI_dataset\Moyamoya Disease with Intraventricular Hemorrhage\Moyamoya_Disease_with_Intraventricular_Hemorrhage371.jpg,Moyamoya Disease with Intraventricular Hemorrhage
C:\Users\HishamMo\Desktop\999_cs\Quantum_Inpired_PSO_Classifcation\MRI_dataset\Moyamoya Disease with Intraventricular Hemorrhage\Moyamoya_Disease_with_Intraventricular_Hemorrhage372.jpg,Moyamoya Disease with Intraventricular Hemorrhage
C:\Users\HishamMo\Desktop\999_cs\Quantum_Inpired_PSO_Classifcation\MRI_dataset\Moyamoya Disease with Intraventricular Hemorrhage\Moyamoya_Disease_with_Intraventricular_Hemorrhage373.jpg,Moyamoya Disease with Intraventricular Hemorrhage
C:\Users\HishamMo\Desktop\999_cs\Quantum_Inpired_PSO_Classifcation\MRI_dataset\Moyamoya Disease with Intraventricular Hemorrhage\Moyamoya_Disease_with_Intraventricular_Hemorrhage374.jpg,Moyamoya Disease with Intraventricular Hemorrhage
C:\Users\HishamMo\Desktop\999_cs\Quantum_Inpired_PSO_Classifcation\MRI_dataset\Moyamoya Disease with Intraventricular Hemorrhage\Moyamoya_Disease_with_Intraventricular_Hemorrhage375.jpg,Moyamoya Disease with Intraventricular Hemorrhage
C:\Users\HishamMo\Desktop\999_cs\Quantum_Inpired_PSO_Classifcation\MRI_dataset\Moyamoya Disease with Intraventricular Hemorrhage\Moyamoya_Disease_with_Intraventricular_Hemorrhage376.jpg,Moyamoya Disease with Intraventricular Hemorrhage
C:\Users\HishamMo\Desktop\999_cs\Quantum_Inpired_PSO_Classifcation\MRI_dataset\Moyamoya Disease with Intraventricular Hemorrhage\Moyamoya_Disease_with_Intraventricular_Hemorrhage377.jpg,Moyamoya Disease with Intraventricular Hemorrhage
C:\Users\HishamMo\Desktop\999_cs\Quantum_Inpired_PSO_Classifcation\MRI_dataset\Moyamoya Disease with Intraventricular Hemorrhage\Moyamoya_Disease_with_Intraventricular_Hemorrhage378.jpg,Moyamoya Disease with Intraventricular Hemorrhage
C:\Users\HishamMo\Desktop\999_cs\Quantum_Inpired_PSO_Classifcation\MRI_dataset\Moyamoya Disease with Intraventricular Hemorrhage\Moyamoya_Disease_with_Intraventricular_Hemorrhage379.jpg,Moyamoya Disease with Intraventricular Hemorrhage
C:\Users\HishamMo\Desktop\999_cs\Quantum_Inpired_PSO_Classifcation\MRI_dataset\Moyamoya Disease with Intraventricular Hemorrhage\Moyamoya_Disease_with_Intraventricular_Hemorrhage380.jpg,Moyamoya Disease with Intraventricular Hemorrhage
C:\Users\HishamMo\Desktop\999_cs\Quantum_Inpired_PSO_Classifcation\MRI_dataset\Moyamoya Disease with Intraventricular Hemorrhage\Moyamoya_Disease_with_Intraventricular_Hemorrhage381.jpg,Moyamoya Disease with Intraventricular Hemorrhage
C:\Users\HishamMo\Desktop\999_cs\Quantum_Inpired_PSO_Classifcation\MRI_dataset\Moyamoya Disease with Intraventricular Hemorrhage\Moyamoya_Disease_with_Intraventricular_Hemorrhage382.jpg,Moyamoya Disease with Intraventricular Hemorrhage
C:\Users\HishamMo\Desktop\999_cs\Quantum_Inpired_PSO_Classifcation\MRI_dataset\Moyamoya Disease with Intraventricular Hemorrhage\Moyamoya_Disease_with_Intraventricular_Hemorrhage383.jpg,Moyamoya Disease with Intraventricular Hemorrhage
C:\Users\HishamMo\Desktop\999_cs\Quantum_Inpired_PSO_Classifcation\MRI_dataset\Moyamoya Disease with Intraventricular Hemorrhage\Moyamoya_Disease_with_Intraventricular_Hemorrhage384.jpg,Moyamoya Disease with Intraventricular Hemorrhage
C:\Users\HishamMo\Desktop\999_cs\Quantum_Inpired_PSO_Classifcation\MRI_dataset\Moyamoya Disease with Intraventricular Hemorrhage\Moyamoya_Disease_with_Intraventricular_Hemorrhage385.jpg,Moyamoya Disease with Intraventricular Hemorrhage
C:\Users\HishamMo\Desktop\999_cs\Quantum_Inpired_PSO_Classifcation\MRI_dataset\Moyamoya Disease with Intraventricular Hemorrhage\Moyamoya_Disease_with_Intraventricular_Hemorrhage386.jpg,Moyamoya Disease with Intraventricular Hemorrhage
C:\Users\HishamMo\Desktop\999_cs\Quantum_Inpired_PSO_Classifcation\MRI_dataset\Moyamoya Disease with Intraventricular Hemorrhage\Moyamoya_Disease_with_Intraventricular_Hemorrhage387.jpg,Moyamoya Disease with Intraventricular Hemorrhage
C:\Users\HishamMo\Desktop\999_cs\Quantum_Inpired_PSO_Classifcation\MRI_dataset\Moyamoya Disease with Intraventricular Hemorrhage\Moyamoya_Disease_with_Intraventricular_Hemorrhage388.jpg,Moyamoya Disease with Intraventricular Hemorrhage
C:\Users\HishamMo\Desktop\999_cs\Quantum_Inpired_PSO_Classifcation\MRI_dataset\Moyamoya Disease with Intraventricular Hemorrhage\Moyamoya_Disease_with_Intraventricular_Hemorrhage389.jpg,Moyamoya Disease with Intraventricular Hemorrhage
C:\Users\HishamMo\Desktop\999_cs\Quantum_Inpired_PSO_Classifcation\MRI_dataset\Moyamoya Disease with Intraventricular Hemorrhage\Moyamoya_Disease_with_Intraventricular_Hemorrhage390.jpg,Moyamoya Disease with Intraventricular Hemorrhage
C:\Users\HishamMo\Desktop\999_cs\Quantum_Inpired_PSO_Classifcation\MRI_dataset\Moyamoya Disease with Intraventricular Hemorrhage\Moyamoya_Disease_with_Intraventricular_Hemorrhage391.jpg,Moyamoya Disease with Intraventricular Hemorrhage
C:\Users\HishamMo\Desktop\999_cs\Quantum_Inpired_PSO_Classifcation\MRI_dataset\Moyamoya Disease with Intraventricular Hemorrhage\Moyamoya_Disease_with_Intraventricular_Hemorrhage392.jpg,Moyamoya Disease with Intraventricular Hemorrhage
C:\Users\HishamMo\Desktop\999_cs\Quantum_Inpired_PSO_Classifcation\MRI_dataset\Moyamoya Disease with Intraventricular Hemorrhage\Moyamoya_Disease_with_Intraventricular_Hemorrhage393.jpg,Moyamoya Disease with Intraventricular Hemorrhage
C:\Users\HishamMo\Desktop\999_cs\Quantum_Inpired_PSO_Classifcation\MRI_dataset\Moyamoya Disease with Intraventricular Hemorrhage\Moyamoya_Disease_with_Intraventricular_Hemorrhage394.jpg,Moyamoya Disease with Intraventricular Hemorrhage
C:\Users\HishamMo\Desktop\999_cs\Quantum_Inpired_PSO_Classifcation\MRI_dataset\Moyamoya Disease with Intraventricular Hemorrhage\Moyamoya_Disease_with_Intraventricular_Hemorrhage395.jpg,Moyamoya Disease with Intraventricular Hemorrhage
C:\Users\HishamMo\Desktop\999_cs\Quantum_Inpired_PSO_Classifcation\MRI_dataset\Moyamoya Disease with Intraventricular Hemorrhage\Moyamoya_Disease_with_Intraventricular_Hemorrhage396.jpg,Moyamoya Disease with Intraventricular Hemorrhage
C:\Users\HishamMo\Desktop\999_cs\Quantum_Inpired_PSO_Classifcation\MRI_dataset\Moyamoya Disease with Intraventricular Hemorrhage\Moyamoya_Disease_with_Intraventricular_Hemorrhage397.jpg,Moyamoya Disease with Intraventricular Hemorrhage
C:\Users\HishamMo\Desktop\999_cs\Quantum_Inpired_PSO_Classifcation\MRI_dataset\Moyamoya Disease with Intraventricular Hemorrhage\Moyamoya_Disease_with_Intraventricular_Hemorrhage398.jpg,Moyamoya Disease with Intraventricular Hemorrhage
C:\Users\HishamMo\Desktop\999_cs\Quantum_Inpired_PSO_Classifcation\MRI_dataset\Moyamoya Disease with Intraventricular Hemorrhage\Moyamoya_Disease_with_Intraventricular_Hemorrhage399.jpg,Moyamoya Disease with Intraventricular Hemorrhage
C:\Users\HishamMo\Desktop\999_cs\Quantum_Inpired_PSO_Classifcation\MRI_dataset\Moyamoya Disease with Intraventricular Hemorrhage\Moyamoya_Disease_with_Intraventricular_Hemorrhage400.jpg,Moyamoya Disease with Intraventricular Hemorrhage
C:\Users\HishamMo\Desktop\999_cs\Quantum_Inpired_PSO_Classifcation\MRI_dataset\Moyamoya Disease with Intraventricular Hemorrhage\Moyamoya_Disease_with_Intraventricular_Hemorrhage401.jpg,Moyamoya Disease with Intraventricular Hemorrhage
C:\Users\HishamMo\Desktop\999_cs\Quantum_Inpired_PSO_Classifcation\MRI_dataset\Moyamoya Disease with Intraventricular Hemorrhage\Moyamoya_Disease_with_Intraventricular_Hemorrhage402.jpg,Moyamoya Disease with Intraventricular Hemorrhage
C:\Users\HishamMo\Desktop\999_cs\Quantum_Inpired_PSO_Classifcation\MRI_dataset\Moyamoya Disease with Intraventricular Hemorrhage\Moyamoya_Disease_with_Intraventricular_Hemorrhage403.jpg,Moyamoya Disease with Intraventricular Hemorrhage
C:\Users\HishamMo\Desktop\999_cs\Quantum_Inpired_PSO_Classifcation\MRI_dataset\Moyamoya Disease with Intraventricular Hemorrhage\Moyamoya_Disease_with_Intraventricular_Hemorrhage404.jpg,Moyamoya Disease with Intraventricular Hemorrhage
C:\Users\HishamMo\Desktop\999_cs\Quantum_Inpired_PSO_Classifcation\MRI_dataset\Moyamoya Disease with Intraventricular Hemorrhage\Moyamoya_Disease_with_Intraventricular_Hemorrhage405.jpg,Moyamoya Disease with Intraventricular Hemorrhage
C:\Users\HishamMo\Desktop\999_cs\Quantum_Inpired_PSO_Classifcation\MRI_dataset\Moyamoya Disease with Intraventricular Hemorrhage\Moyamoya_Disease_with_Intraventricular_Hemorrhage406.jpg,Moyamoya Disease with Intraventricular Hemorrhage
C:\Users\HishamMo\Desktop\999_cs\Quantum_Inpired_PSO_Classifcation\MRI_dataset\Moyamoya Disease with Intraventricular Hemorrhage\Moyamoya_Disease_with_Intraventricular_Hemorrhage407.jpg,Moyamoya Disease with Intraventricular Hemorrhage
C:\Users\HishamMo\Desktop\999_cs\Quantum_Inpired_PSO_Classifcation\MRI_dataset\Moyamoya Disease with Intraventricular Hemorrhage\Moyamoya_Disease_with_Intraventricular_Hemorrhage408.jpg,Moyamoya Disease with Intraventricular Hemorrhage
C:\Users\HishamMo\Desktop\999_cs\Quantum_Inpired_PSO_Classifcation\MRI_dataset\Moyamoya Disease with Intraventricular Hemorrhage\Moyamoya_Disease_with_Intraventricular_Hemorrhage409.jpg,Moyamoya Disease with Intraventricular Hemorrhage
C:\Users\HishamMo\Desktop\999_cs\Quantum_Inpired_PSO_Classifcation\MRI_dataset\Moyamoya Disease with Intraventricular Hemorrhage\Moyamoya_Disease_with_Intraventricular_Hemorrhage410.jpg,Moyamoya Disease with Intraventricular Hemorrhage
C:\Users\HishamMo\Desktop\999_cs\Quantum_Inpired_PSO_Classifcation\MRI_dataset\Moyamoya Disease with Intraventricular Hemorrhage\Moyamoya_Disease_with_Intraventricular_Hemorrhage411.jpg,Moyamoya Disease with Intraventricular Hemorrhage
C:\Users\HishamMo\Desktop\999_cs\Quantum_Inpired_PSO_Classifcation\MRI_dataset\Moyamoya Disease with Intraventricular Hemorrhage\Moyamoya_Disease_with_Intraventricular_Hemorrhage412.jpg,Moyamoya Disease with Intraventricular Hemorrhage
C:\Users\HishamMo\Desktop\999_cs\Quantum_Inpired_PSO_Classifcation\MRI_dataset\Moyamoya Disease with Intraventricular Hemorrhage\Moyamoya_Disease_with_Intraventricular_Hemorrhage413.jpg,Moyamoya Disease with Intraventricular Hemorrhage
C:\Users\HishamMo\Desktop\999_cs\Quantum_Inpired_PSO_Classifcation\MRI_dataset\Moyamoya Disease with Intraventricular Hemorrhage\Moyamoya_Disease_with_Intraventricular_Hemorrhage414.jpg,Moyamoya Disease with Intraventricular Hemorrhage
C:\Users\HishamMo\Desktop\999_cs\Quantum_Inpired_PSO_Classifcation\MRI_dataset\Moyamoya Disease with Intraventricular Hemorrhage\Moyamoya_Disease_with_Intraventricular_Hemorrhage415.jpg,Moyamoya Disease with Intraventricular Hemorrhage
C:\Users\HishamMo\Desktop\999_cs\Quantum_Inpired_PSO_Classifcation\MRI_dataset\Moyamoya Disease with Intraventricular Hemorrhage\Moyamoya_Disease_with_Intraventricular_Hemorrhage416.jpg,Moyamoya Disease with Intraventricular Hemorrhage
C:\Users\HishamMo\Desktop\999_cs\Quantum_Inpired_PSO_Classifcation\MRI_dataset\Moyamoya Disease with Intraventricular Hemorrhage\Moyamoya_Disease_with_Intraventricular_Hemorrhage417.jpg,Moyamoya Disease with Intraventricular Hemorrhage
C:\Users\HishamMo\Desktop\999_cs\Quantum_Inpired_PSO_Classifcation\MRI_dataset\Moyamoya Disease with Intraventricular Hemorrhage\Moyamoya_Disease_with_Intraventricular_Hemorrhage418.jpg,Moyamoya Disease with Intraventricular Hemorrhage
C:\Users\HishamMo\Desktop\999_cs\Quantum_Inpired_PSO_Classifcation\MRI_dataset\Moyamoya Disease with Intraventricular Hemorrhage\Moyamoya_Disease_with_Intraventricular_Hemorrhage419.jpg,Moyamoya Disease with Intraventricular Hemorrhage
C:\Users\HishamMo\Desktop\999_cs\Quantum_Inpired_PSO_Classifcation\MRI_dataset\Moyamoya Disease with Intraventricular Hemorrhage\Moyamoya_Disease_with_Intraventricular_Hemorrhage420.jpg,Moyamoya Disease with Intraventricular Hemorrhage
C:\Users\HishamMo\Desktop\999_cs\Quantum_Inpired_PSO_Classifcation\MRI_dataset\Moyamoya Disease with Intraventricular Hemorrhage\Moyamoya_Disease_with_Intraventricular_Hemorrhage421.jpg,Moyamoya Disease with Intraventricular Hemorrhage
C:\Users\HishamMo\Desktop\999_cs\Quantum_Inpired_PSO_Classifcation\MRI_dataset\Moyamoya Disease with Intraventricular Hemorrhage\Moyamoya_Disease_with_Intraventricular_Hemorrhage422.jpg,Moyamoya Disease with Intraventricular Hemorrhage
C:\Users\HishamMo\Desktop\999_cs\Quantum_Inpired_PSO_Classifcation\MRI_dataset\Moyamoya Disease with Intraventricular Hemorrhage\Moyamoya_Disease_with_Intraventricular_Hemorrhage423.jpg,Moyamoya Disease with Intraventricular Hemorrhage
C:\Users\HishamMo\Desktop\999_cs\Quantum_Inpired_PSO_Classifcation\MRI_dataset\Moyamoya Disease with Intraventricular Hemorrhage\Moyamoya_Disease_with_Intraventricular_Hemorrhage424.jpg,Moyamoya Disease with Intraventricular Hemorrhage
C:\Users\HishamMo\Desktop\999_cs\Quantum_Inpired_PSO_Classifcation\MRI_dataset\Moyamoya Disease with Intraventricular Hemorrhage\Moyamoya_Disease_with_Intraventricular_Hemorrhage425.jpg,Moyamoya Disease with Intraventricular Hemorrhage
C:\Users\HishamMo\Desktop\999_cs\Quantum_Inpired_PSO_Classifcation\MRI_dataset\Moyamoya Disease with Intraventricular Hemorrhage\Moyamoya_Disease_with_Intraventricular_Hemorrhage426.jpg,Moyamoya Disease with Intraventricular Hemorrhage
C:\Users\HishamMo\Desktop\999_cs\Quantum_Inpired_PSO_Classifcation\MRI_dataset\Moyamoya Disease with Intraventricular Hemorrhage\Moyamoya_Disease_with_Intraventricular_Hemorrhage427.jpg,Moyamoya Disease with Intraventricular Hemorrhage
C:\Users\HishamMo\Desktop\999_cs\Quantum_Inpired_PSO_Classifcation\MRI_dataset\Moyamoya Disease with Intraventricular Hemorrhage\Moyamoya_Disease_with_Intraventricular_Hemorrhage428.jpg,Moyamoya Disease with Intraventricular Hemorrhage
C:\Users\HishamMo\Desktop\999_cs\Quantum_Inpired_PSO_Classifcation\MRI_dataset\Moyamoya Disease with Intraventricular Hemorrhage\Moyamoya_Disease_with_Intraventricular_Hemorrhage429.jpg,Moyamoya Disease with Intraventricular Hemorrhage
C:\Users\HishamMo\Desktop\999_cs\Quantum_Inpired_PSO_Classifcation\MRI_dataset\Moyamoya Disease with Intraventricular Hemorrhage\Moyamoya_Disease_with_Intraventricular_Hemorrhage430.jpg,Moyamoya Disease with Intraventricular Hemorrhage
C:\Users\HishamMo\Desktop\999_cs\Quantum_Inpired_PSO_Classifcation\MRI_dataset\Moyamoya Disease with Intraventricular Hemorrhage\Moyamoya_Disease_with_Intraventricular_Hemorrhage431.jpg,Moyamoya Disease with Intraventricular Hemorrhage
C:\Users\HishamMo\Desktop\999_cs\Quantum_Inpired_PSO_Classifcation\MRI_dataset\Moyamoya Disease with Intraventricular Hemorrhage\Moyamoya_Disease_with_Intraventricular_Hemorrhage432.jpg,Moyamoya Disease with Intraventricular Hemorrhage
C:\Users\HishamMo\Desktop\999_cs\Quantum_Inpired_PSO_Classifcation\MRI_dataset\Moyamoya Disease with Intraventricular Hemorrhage\Moyamoya_Disease_with_Intraventricular_Hemorrhage433.jpg,Moyamoya Disease with Intraventricular Hemorrhage
C:\Users\HishamMo\Desktop\999_cs\Quantum_Inpired_PSO_Classifcation\MRI_dataset\Moyamoya Disease with Intraventricular Hemorrhage\Moyamoya_Disease_with_Intraventricular_Hemorrhage434.jpg,Moyamoya Disease with Intraventricular Hemorrhage
C:\Users\HishamMo\Desktop\999_cs\Quantum_Inpired_PSO_Classifcation\MRI_dataset\Moyamoya Disease with Intraventricular Hemorrhage\Moyamoya_Disease_with_Intraventricular_Hemorrhage435.jpg,Moyamoya Disease with Intraventricular Hemorrhage
C:\Users\HishamMo\Desktop\999_cs\Quantum_Inpired_PSO_Classifcation\MRI_dataset\Moyamoya Disease with Intraventricular Hemorrhage\Moyamoya_Disease_with_Intraventricular_Hemorrhage436.jpg,Moyamoya Disease with Intraventricular Hemorrhage
C:\Users\HishamMo\Desktop\999_cs\Quantum_Inpired_PSO_Classifcation\MRI_dataset\Moyamoya Disease with Intraventricular Hemorrhage\Moyamoya_Disease_with_Intraventricular_Hemorrhage437.jpg,Moyamoya Disease with Intraventricular Hemorrhage
C:\Users\HishamMo\Desktop\999_cs\Quantum_Inpired_PSO_Classifcation\MRI_dataset\Moyamoya Disease with Intraventricular Hemorrhage\Moyamoya_Disease_with_Intraventricular_Hemorrhage438.jpg,Moyamoya Disease with Intraventricular Hemorrhage
C:\Users\HishamMo\Desktop\999_cs\Quantum_Inpired_PSO_Classifcation\MRI_dataset\Moyamoya Disease with Intraventricular Hemorrhage\Moyamoya_Disease_with_Intraventricular_Hemorrhage439.jpg,Moyamoya Disease with Intraventricular Hemorrhage
C:\Users\HishamMo\Desktop\999_cs\Quantum_Inpired_PSO_Classifcation\MRI_dataset\Moyamoya Disease with Intraventricular Hemorrhage\Moyamoya_Disease_with_Intraventricular_Hemorrhage440.jpg,Moyamoya Disease with Intraventricular Hemorrhage
C:\Users\HishamMo\Desktop\999_cs\Quantum_Inpired_PSO_Classifcation\MRI_dataset\Moyamoya Disease with Intraventricular Hemorrhage\Moyamoya_Disease_with_Intraventricular_Hemorrhage441.jpg,Moyamoya Disease with Intraventricular Hemorrhage
C:\Users\HishamMo\Desktop\999_cs\Quantum_Inpired_PSO_Classifcation\MRI_dataset\Moyamoya Disease with Intraventricular Hemorrhage\Moyamoya_Disease_with_Intraventricular_Hemorrhage442.jpg,Moyamoya Disease with Intraventricular Hemorrhage
C:\Users\HishamMo\Desktop\999_cs\Quantum_Inpired_PSO_Classifcation\MRI_dataset\Moyamoya Disease with Intraventricular Hemorrhage\Moyamoya_Disease_with_Intraventricular_Hemorrhage443.jpg,Moyamoya Disease with Intraventricular Hemorrhage
C:\Users\HishamMo\Desktop\999_cs\Quantum_Inpired_PSO_Classifcation\MRI_dataset\Moyamoya Disease with Intraventricular Hemorrhage\Moyamoya_Disease_with_Intraventricular_Hemorrhage444.jpg,Moyamoya Disease with Intraventricular Hemorrhage
C:\Users\HishamMo\Desktop\999_cs\Quantum_Inpired_PSO_Classifcation\MRI_dataset\Moyamoya Disease with Intraventricular Hemorrhage\Moyamoya_Disease_with_Intraventricular_Hemorrhage445.jpg,Moyamoya Disease with Intraventricular Hemorrhage
C:\Users\HishamMo\Desktop\999_cs\Quantum_Inpired_PSO_Classifcation\MRI_dataset\Moyamoya Disease with Intraventricular Hemorrhage\Moyamoya_Disease_with_Intraventricular_Hemorrhage446.jpg,Moyamoya Disease with Intraventricular Hemorrhage
C:\Users\HishamMo\Desktop\999_cs\Quantum_Inpired_PSO_Classifcation\MRI_dataset\Moyamoya Disease with Intraventricular Hemorrhage\Moyamoya_Disease_with_Intraventricular_Hemorrhage447.jpg,Moyamoya Disease with Intraventricular Hemorrhage
C:\Users\HishamMo\Desktop\999_cs\Quantum_Inpired_PSO_Classifcation\MRI_dataset\Moyamoya Disease with Intraventricular Hemorrhage\Moyamoya_Disease_with_Intraventricular_Hemorrhage448.jpg,Moyamoya Disease with Intraventricular Hemorrhage
C:\Users\HishamMo\Desktop\999_cs\Quantum_Inpired_PSO_Classifcation\MRI_dataset\Moyamoya Disease with Intraventricular Hemorrhage\Moyamoya_Disease_with_Intraventricular_Hemorrhage449.jpg,Moyamoya Disease with Intraventricular Hemorrhage
C:\Users\HishamMo\Desktop\999_cs\Quantum_Inpired_PSO_Classifcation\MRI_dataset\Moyamoya Disease with Intraventricular Hemorrhage\Moyamoya_Disease_with_Intraventricular_Hemorrhage450.jpg,Moyamoya Disease with Intraventricular Hemorrhage
C:\Users\HishamMo\Desktop\999_cs\Quantum_Inpired_PSO_Classifcation\MRI_dataset\Moyamoya Disease with Intraventricular Hemorrhage\Moyamoya_Disease_with_Intraventricular_Hemorrhage451.jpg,Moyamoya Disease with Intraventricular Hemorrhage
C:\Users\HishamMo\Desktop\999_cs\Quantum_Inpired_PSO_Classifcation\MRI_dataset\Moyamoya Disease with Intraventricular Hemorrhage\Moyamoya_Disease_with_Intraventricular_Hemorrhage452.jpg,Moyamoya Disease with Intraventricular Hemorrhage
C:\Users\HishamMo\Desktop\999_cs\Quantum_Inpired_PSO_Classifcation\MRI_dataset\Moyamoya Disease with Intraventricular Hemorrhage\Moyamoya_Disease_with_Intraventricular_Hemorrhage453.jpg,Moyamoya Disease with Intraventricular Hemorrhage
C:\Users\HishamMo\Desktop\999_cs\Quantum_Inpired_PSO_Classifcation\MRI_dataset\Moyamoya Disease with Intraventricular Hemorrhage\Moyamoya_Disease_with_Intraventricular_Hemorrhage454.jpg,Moyamoya Disease with Intraventricular Hemorrhage
C:\Users\HishamMo\Desktop\999_cs\Quantum_Inpired_PSO_Classifcation\MRI_dataset\Moyamoya Disease with Intraventricular Hemorrhage\Moyamoya_Disease_with_Intraventricular_Hemorrhage455.jpg,Moyamoya Disease with Intraventricular Hemorrhage
C:\Users\HishamMo\Desktop\999_cs\Quantum_Inpired_PSO_Classifcation\MRI_dataset\Moyamoya Disease with Intraventricular Hemorrhage\Moyamoya_Disease_with_Intraventricular_Hemorrhage456.jpg,Moyamoya Disease with Intraventricular Hemorrhage
C:\Users\HishamMo\Desktop\999_cs\Quantum_Inpired_PSO_Classifcation\MRI_dataset\Moyamoya Disease with Intraventricular Hemorrhage\Moyamoya_Disease_with_Intraventricular_Hemorrhage457.jpg,Moyamoya Disease with Intraventricular Hemorrhage
C:\Users\HishamMo\Desktop\999_cs\Quantum_Inpired_PSO_Classifcation\MRI_dataset\Moyamoya Disease with Intraventricular Hemorrhage\Moyamoya_Disease_with_Intraventricular_Hemorrhage458.jpg,Moyamoya Disease with Intraventricular Hemorrhage
C:\Users\HishamMo\Desktop\999_cs\Quantum_Inpired_PSO_Classifcation\MRI_dataset\Moyamoya Disease with Intraventricular Hemorrhage\Moyamoya_Disease_with_Intraventricular_Hemorrhage459.jpg,Moyamoya Disease with Intraventricular Hemorrhage
C:\Users\HishamMo\Desktop\999_cs\Quantum_Inpired_PSO_Classifcation\MRI_dataset\Moyamoya Disease with Intraventricular Hemorrhage\Moyamoya_Disease_with_Intraventricular_Hemorrhage460.jpg,Moyamoya Disease with Intraventricular Hemorrhage
C:\Users\HishamMo\Desktop\999_cs\Quantum_Inpired_PSO_Classifcation\MRI_dataset\Moyamoya Disease with Intraventricular Hemorrhage\Moyamoya_Disease_with_Intraventricular_Hemorrhage461.jpg,Moyamoya Disease with Intraventricular Hemorrhage
C:\Users\HishamMo\Desktop\999_cs\Quantum_Inpired_PSO_Classifcation\MRI_dataset\Moyamoya Disease with Intraventricular Hemorrhage\Moyamoya_Disease_with_Intraventricular_Hemorrhage462.jpg,Moyamoya Disease with Intraventricular Hemorrhage
C:\Users\HishamMo\Desktop\999_cs\Quantum_Inpired_PSO_Classifcation\MRI_dataset\Moyamoya Disease with Intraventricular Hemorrhage\Moyamoya_Disease_with_Intraventricular_Hemorrhage463.jpg,Moyamoya Disease with Intraventricular Hemorrhage
C:\Users\HishamMo\Desktop\999_cs\Quantum_Inpired_PSO_Classifcation\MRI_dataset\Moyamoya Disease with Intraventricular Hemorrhage\Moyamoya_Disease_with_Intraventricular_Hemorrhage464.jpg,Moyamoya Disease with Intraventricular Hemorrhage
C:\Users\HishamMo\Desktop\999_cs\Quantum_Inpired_PSO_Classifcation\MRI_dataset\Moyamoya Disease with Intraventricular Hemorrhage\Moyamoya_Disease_with_Intraventricular_Hemorrhage465.jpg,Moyamoya Disease with Intraventricular Hemorrhage
C:\Users\HishamMo\Desktop\999_cs\Quantum_Inpired_PSO_Classifcation\MRI_dataset\Moyamoya Disease with Intraventricular Hemorrhage\Moyamoya_Disease_with_Intraventricular_Hemorrhage466.jpg,Moyamoya Disease with Intraventricular Hemorrhage
C:\Users\HishamMo\Desktop\999_cs\Quantum_Inpired_PSO_Classifcation\MRI_dataset\Moyamoya Disease with Intraventricular Hemorrhage\Moyamoya_Disease_with_Intraventricular_Hemorrhage467.jpg,Moyamoya Disease with Intraventricular Hemorrhage
C:\Users\HishamMo\Desktop\999_cs\Quantum_Inpired_PSO_Classifcation\MRI_dataset\Moyamoya Disease with Intraventricular Hemorrhage\Moyamoya_Disease_with_Intraventricular_Hemorrhage468.jpg,Moyamoya Disease with Intraventricular Hemorrhage
C:\Users\HishamMo\Desktop\999_cs\Quantum_Inpired_PSO_Classifcation\MRI_dataset\Moyamoya Disease with Intraventricular Hemorrhage\Moyamoya_Disease_with_Intraventricular_Hemorrhage469.jpg,Moyamoya Disease with Intraventricular Hemorrhage
C:\Users\HishamMo\Desktop\999_cs\Quantum_Inpired_PSO_Classifcation\MRI_dataset\Moyamoya Disease with Intraventricular Hemorrhage\Moyamoya_Disease_with_Intraventricular_Hemorrhage470.jpg,Moyamoya Disease with Intraventricular Hemorrhage
C:\Users\HishamMo\Desktop\999_cs\Quantum_Inpired_PSO_Classifcation\MRI_dataset\Moyamoya Disease with Intraventricular Hemorrhage\Moyamoya_Disease_with_Intraventricular_Hemorrhage471.jpg,Moyamoya Disease with Intraventricular Hemorrhage
C:\Users\HishamMo\Desktop\999_cs\Quantum_Inpired_PSO_Classifcation\MRI_dataset\Moyamoya Disease with Intraventricular Hemorrhage\Moyamoya_Disease_with_Intraventricular_Hemorrhage472.jpg,Moyamoya Disease with Intraventricular Hemorrhage
C:\Users\HishamMo\Desktop\999_cs\Quantum_Inpired_PSO_Classifcation\MRI_dataset\Moyamoya Disease with Intraventricular Hemorrhage\Moyamoya_Disease_with_Intraventricular_Hemorrhage473.jpg,Moyamoya Disease with Intraventricular Hemorrhage
C:\Users\HishamMo\Desktop\999_cs\Quantum_Inpired_PSO_Classifcation\MRI_dataset\Moyamoya Disease with Intraventricular Hemorrhage\Moyamoya_Disease_with_Intraventricular_Hemorrhage474.jpg,Moyamoya Disease with Intraventricular Hemorrhage
C:\Users\HishamMo\Desktop\999_cs\Quantum_Inpired_PSO_Classifcation\MRI_dataset\Moyamoya Disease with Intraventricular Hemorrhage\Moyamoya_Disease_with_Intraventricular_Hemorrhage475.jpg,Moyamoya Disease with Intraventricular Hemorrhage
C:\Users\HishamMo\Desktop\999_cs\Quantum_Inpired_PSO_Classifcation\MRI_dataset\Moyamoya Disease with Intraventricular Hemorrhage\Moyamoya_Disease_with_Intraventricular_Hemorrhage476.jpg,Moyamoya Disease with Intraventricular Hemorrhage
C:\Users\HishamMo\Desktop\999_cs\Quantum_Inpired_PSO_Classifcation\MRI_dataset\Moyamoya Disease with Intraventricular Hemorrhage\Moyamoya_Disease_with_Intraventricular_Hemorrhage477.jpg,Moyamoya Disease with Intraventricular Hemorrhage
C:\Users\HishamMo\Desktop\999_cs\Quantum_Inpired_PSO_Classifcation\MRI_dataset\Moyamoya Disease with Intraventricular Hemorrhage\Moyamoya_Disease_with_Intraventricular_Hemorrhage478.jpg,Moyamoya Disease with Intraventricular Hemorrhage
C:\Users\HishamMo\Desktop\999_cs\Quantum_Inpired_PSO_Classifcation\MRI_dataset\Moyamoya Disease with Intraventricular Hemorrhage\Moyamoya_Disease_with_Intraventricular_Hemorrhage479.jpg,Moyamoya Disease with Intraventricular Hemorrhage
C:\Users\HishamMo\Desktop\999_cs\Quantum_Inpired_PSO_Classifcation\MRI_dataset\Moyamoya Disease with Intraventricular Hemorrhage\Moyamoya_Disease_with_Intraventricular_Hemorrhage480.jpg,Moyamoya Disease with Intraventricular Hemorrhage
C:\Users\HishamMo\Desktop\999_cs\Quantum_Inpired_PSO_Classifcation\MRI_dataset\Moyamoya Disease with Intraventricular Hemorrhage\Moyamoya_Disease_with_Intraventricular_Hemorrhage481.jpg,Moyamoya Disease with Intraventricular Hemorrhage
C:\Users\HishamMo\Desktop\999_cs\Quantum_Inpired_PSO_Classifcation\MRI_dataset\Moyamoya Disease with Intraventricular Hemorrhage\Moyamoya_Disease_with_Intraventricular_Hemorrhage482.jpg,Moyamoya Disease with Intraventricular Hemorrhage
C:\Users\HishamMo\Desktop\999_cs\Quantum_Inpired_PSO_Classifcation\MRI_dataset\Moyamoya Disease with Intraventricular Hemorrhage\Moyamoya_Disease_with_Intraventricular_Hemorrhage483.jpg,Moyamoya Disease with Intraventricular Hemorrhage
C:\Users\HishamMo\Desktop\999_cs\Quantum_Inpired_PSO_Classifcation\MRI_dataset\Moyamoya Disease with Intraventricular Hemorrhage\Moyamoya_Disease_with_Intraventricular_Hemorrhage484.jpg,Moyamoya Disease with Intraventricular Hemorrhage
C:\Users\HishamMo\Desktop\999_cs\Quantum_Inpired_PSO_Classifcation\MRI_dataset\Moyamoya Disease with Intraventricular Hemorrhage\Moyamoya_Disease_with_Intraventricular_Hemorrhage485.jpg,Moyamoya Disease with Intraventricular Hemorrhage
C:\Users\HishamMo\Desktop\999_cs\Quantum_Inpired_PSO_Classifcation\MRI_dataset\Moyamoya Disease with Intraventricular Hemorrhage\Moyamoya_Disease_with_Intraventricular_Hemorrhage486.jpg,Moyamoya Disease with Intraventricular Hemorrhage
C:\Users\HishamMo\Desktop\999_cs\Quantum_Inpired_PSO_Classifcation\MRI_dataset\Moyamoya Disease with Intraventricular Hemorrhage\Moyamoya_Disease_with_Intraventricular_Hemorrhage487.jpg,Moyamoya Disease with Intraventricular Hemorrhage
C:\Users\HishamMo\Desktop\999_cs\Quantum_Inpired_PSO_Classifcation\MRI_dataset\Moyamoya Disease with Intraventricular Hemorrhage\Moyamoya_Disease_with_Intraventricular_Hemorrhage488.jpg,Moyamoya Disease with Intraventricular Hemorrhage
C:\Users\HishamMo\Desktop\999_cs\Quantum_Inpired_PSO_Classifcation\MRI_dataset\Moyamoya Disease with Intraventricular Hemorrhage\Moyamoya_Disease_with_Intraventricular_Hemorrhage489.jpg,Moyamoya Disease with Intraventricular Hemorrhage
C:\Users\HishamMo\Desktop\999_cs\Quantum_Inpired_PSO_Classifcation\MRI_dataset\Moyamoya Disease with Intraventricular Hemorrhage\Moyamoya_Disease_with_Intraventricular_Hemorrhage490.jpg,Moyamoya Disease with Intraventricular Hemorrhage
C:\Users\HishamMo\Desktop\999_cs\Quantum_Inpired_PSO_Classifcation\MRI_dataset\Moyamoya Disease with Intraventricular Hemorrhage\Moyamoya_Disease_with_Intraventricular_Hemorrhage491.jpg,Moyamoya Disease with Intraventricular Hemorrhage
C:\Users\HishamMo\Desktop\999_cs\Quantum_Inpired_PSO_Classifcation\MRI_dataset\Moyamoya Disease with Intraventricular Hemorrhage\Moyamoya_Disease_with_Intraventricular_Hemorrhage492.jpg,Moyamoya Disease with Intraventricular Hemorrhage
C:\Users\HishamMo\Desktop\999_cs\Quantum_Inpired_PSO_Classifcation\MRI_dataset\Moyamoya Disease with Intraventricular Hemorrhage\Moyamoya_Disease_with_Intraventricular_Hemorrhage493.jpg,Moyamoya Disease with Intraventricular Hemorrhage
C:\Users\HishamMo\Desktop\999_cs\Quantum_Inpired_PSO_Classifcation\MRI_dataset\Moyamoya Disease with Intraventricular Hemorrhage\Moyamoya_Disease_with_Intraventricular_Hemorrhage494.jpg,Moyamoya Disease with Intraventricular Hemorrhage
C:\Users\HishamMo\Desktop\999_cs\Quantum_Inpired_PSO_Classifcation\MRI_dataset\Moyamoya Disease with Intraventricular Hemorrhage\Moyamoya_Disease_with_Intraventricular_Hemorrhage495.jpg,Moyamoya Disease with Intraventricular Hemorrhage
C:\Users\HishamMo\Desktop\999_cs\Quantum_Inpired_PSO_Classifcation\MRI_dataset\Moyamoya Disease with Intraventricular Hemorrhage\Moyamoya_Disease_with_Intraventricular_Hemorrhage496.jpg,Moyamoya Disease with Intraventricular Hemorrhage
C:\Users\HishamMo\Desktop\999_cs\Quantum_Inpired_PSO_Classifcation\MRI_dataset\Moyamoya Disease with Intraventricular Hemorrhage\Moyamoya_Disease_with_Intraventricular_Hemorrhage497.jpg,Moyamoya Disease with Intraventricular Hemorrhage
C:\Users\HishamMo\Desktop\999_cs\Quantum_Inpired_PSO_Classifcation\MRI_dataset\Moyamoya Disease with Intraventricular Hemorrhage\Moyamoya_Disease_with_Intraventricular_Hemorrhage498.jpg,Moyamoya Disease with Intraventricular Hemorrhage
C:\Users\HishamMo\Desktop\999_cs\Quantum_Inpired_PSO_Classifcation\MRI_dataset\Moyamoya Disease with Intraventricular Hemorrhage\Moyamoya_Disease_with_Intraventricular_Hemorrhage499.jpg,Moyamoya Disease with Intraventricular Hemorrhage
C:\Users\HishamMo\Desktop\999_cs\Quantum_Inpired_PSO_Classifcation\MRI_dataset\Moyamoya Disease with Intraventricular Hemorrhage\Moyamoya_Disease_with_Intraventricular_Hemorrhage500.jpg,Moyamoya Disease with Intraventricular Hemorrhage
C:\Users\HishamMo\Desktop\999_cs\Quantum_Inpired_PSO_Classifcation\MRI_dataset\Moyamoya Disease with Intraventricular Hemorrhage\Moyamoya_Disease_with_Intraventricular_Hemorrhage501.jpg,Moyamoya Disease with Intraventricular Hemorrhage
C:\Users\HishamMo\Desktop\999_cs\Quantum_Inpired_PSO_Classifcation\MRI_dataset\Moyamoya Disease with Intraventricular Hemorrhage\Moyamoya_Disease_with_Intraventricular_Hemorrhage502.jpg,Moyamoya Disease with Intraventricular Hemorrhage
C:\Users\HishamMo\Desktop\999_cs\Quantum_Inpired_PSO_Classifcation\MRI_dataset\Moyamoya Disease with Intraventricular Hemorrhage\Moyamoya_Disease_with_Intraventricular_Hemorrhage503.jpg,Moyamoya Disease with Intraventricular Hemorrhage
C:\Users\HishamMo\Desktop\999_cs\Quantum_Inpired_PSO_Classifcation\MRI_dataset\Moyamoya Disease with Intraventricular Hemorrhage\Moyamoya_Disease_with_Intraventricular_Hemorrhage504.jpg,Moyamoya Disease with Intraventricular Hemorrhage
C:\Users\HishamMo\Desktop\999_cs\Quantum_Inpired_PSO_Classifcation\MRI_dataset\Moyamoya Disease with Intraventricular Hemorrhage\Moyamoya_Disease_with_Intraventricular_Hemorrhage505.jpg,Moyamoya Disease with Intraventricular Hemorrhage
C:\Users\HishamMo\Desktop\999_cs\Quantum_Inpired_PSO_Classifcation\MRI_dataset\Moyamoya Disease with Intraventricular Hemorrhage\Moyamoya_Disease_with_Intraventricular_Hemorrhage506.jpg,Moyamoya Disease with Intraventricular Hemorrhage
C:\Users\HishamMo\Desktop\999_cs\Quantum_Inpired_PSO_Classifcation\MRI_dataset\Moyamoya Disease with Intraventricular Hemorrhage\Moyamoya_Disease_with_Intraventricular_Hemorrhage507.jpg,Moyamoya Disease with Intraventricular Hemorrhage
C:\Users\HishamMo\Desktop\999_cs\Quantum_Inpired_PSO_Classifcation\MRI_dataset\Moyamoya Disease with Intraventricular Hemorrhage\Moyamoya_Disease_with_Intraventricular_Hemorrhage508.jpg,Moyamoya Disease with Intraventricular Hemorrhage
C:\Users\HishamMo\Desktop\999_cs\Quantum_Inpired_PSO_Classifcation\MRI_dataset\Moyamoya Disease with Intraventricular Hemorrhage\Moyamoya_Disease_with_Intraventricular_Hemorrhage509.jpg,Moyamoya Disease with Intraventricular Hemorrhage
C:\Users\HishamMo\Desktop\999_cs\Quantum_Inpired_PSO_Classifcation\MRI_dataset\Moyamoya Disease with Intraventricular Hemorrhage\Moyamoya_Disease_with_Intraventricular_Hemorrhage510.jpg,Moyamoya Disease with Intraventricular Hemorrhage
C:\Users\HishamMo\Desktop\999_cs\Quantum_Inpired_PSO_Classifcation\MRI_dataset\Moyamoya Disease with Intraventricular Hemorrhage\Moyamoya_Disease_with_Intraventricular_Hemorrhage511.jpg,Moyamoya Disease with Intraventricular Hemorrhage
C:\Users\HishamMo\Desktop\999_cs\Quantum_Inpired_PSO_Classifcation\MRI_dataset\Moyamoya Disease with Intraventricular Hemorrhage\Moyamoya_Disease_with_Intraventricular_Hemorrhage512.jpg,Moyamoya Disease with Intraventricular Hemorrhage
C:\Users\HishamMo\Desktop\999_cs\Quantum_Inpired_PSO_Classifcation\MRI_dataset\Moyamoya Disease with Intraventricular Hemorrhage\Moyamoya_Disease_with_Intraventricular_Hemorrhage513.jpg,Moyamoya Disease with Intraventricular Hemorrhage
C:\Users\HishamMo\Desktop\999_cs\Quantum_Inpired_PSO_Classifcation\MRI_dataset\Moyamoya Disease with Intraventricular Hemorrhage\Moyamoya_Disease_with_Intraventricular_Hemorrhage514.jpg,Moyamoya Disease with Intraventricular Hemorrhage
C:\Users\HishamMo\Desktop\999_cs\Quantum_Inpired_PSO_Classifcation\MRI_dataset\Moyamoya Disease with Intraventricular Hemorrhage\Moyamoya_Disease_with_Intraventricular_Hemorrhage515.jpg,Moyamoya Disease with Intraventricular Hemorrhage
C:\Users\HishamMo\Desktop\999_cs\Quantum_Inpired_PSO_Classifcation\MRI_dataset\Moyamoya Disease with Intraventricular Hemorrhage\Moyamoya_Disease_with_Intraventricular_Hemorrhage516.jpg,Moyamoya Disease with Intraventricular Hemorrhage
C:\Users\HishamMo\Desktop\999_cs\Quantum_Inpired_PSO_Classifcation\MRI_dataset\Moyamoya Disease with Intraventricular Hemorrhage\Moyamoya_Disease_with_Intraventricular_Hemorrhage517.jpg,Moyamoya Disease with Intraventricular Hemorrhage
C:\Users\HishamMo\Desktop\999_cs\Quantum_Inpired_PSO_Classifcation\MRI_dataset\Moyamoya Disease with Intraventricular Hemorrhage\Moyamoya_Disease_with_Intraventricular_Hemorrhage518.jpg,Moyamoya Disease with Intraventricular Hemorrhage
C:\Users\HishamMo\Desktop\999_cs\Quantum_Inpired_PSO_Classifcation\MRI_dataset\Moyamoya Disease with Intraventricular Hemorrhage\Moyamoya_Disease_with_Intraventricular_Hemorrhage519.jpg,Moyamoya Disease with Intraventricular Hemorrhage
C:\Users\HishamMo\Desktop\999_cs\Quantum_Inpired_PSO_Classifcation\MRI_dataset\Moyamoya Disease with Intraventricular Hemorrhage\Moyamoya_Disease_with_Intraventricular_Hemorrhage520.jpg,Moyamoya Disease with Intraventricular Hemorrhage
C:\Users\HishamMo\Desktop\999_cs\Quantum_Inpired_PSO_Classifcation\MRI_dataset\Moyamoya Disease with Intraventricular Hemorrhage\Moyamoya_Disease_with_Intraventricular_Hemorrhage521.jpg,Moyamoya Disease with Intraventricular Hemorrhage
C:\Users\HishamMo\Desktop\999_cs\Quantum_Inpired_PSO_Classifcation\MRI_dataset\Moyamoya Disease with Intraventricular Hemorrhage\Moyamoya_Disease_with_Intraventricular_Hemorrhage522.jpg,Moyamoya Disease with Intraventricular Hemorrhage
C:\Users\HishamMo\Desktop\999_cs\Quantum_Inpired_PSO_Classifcation\MRI_dataset\Moyamoya Disease with Intraventricular Hemorrhage\Moyamoya_Disease_with_Intraventricular_Hemorrhage523.jpg,Moyamoya Disease with Intraventricular Hemorrhage
C:\Users\HishamMo\Desktop\999_cs\Quantum_Inpired_PSO_Classifcation\MRI_dataset\Moyamoya Disease with Intraventricular Hemorrhage\Moyamoya_Disease_with_Intraventricular_Hemorrhage524.jpg,Moyamoya Disease with Intraventricular Hemorrhage
C:\Users\HishamMo\Desktop\999_cs\Quantum_Inpired_PSO_Classifcation\MRI_dataset\Moyamoya Disease with Intraventricular Hemorrhage\Moyamoya_Disease_with_Intraventricular_Hemorrhage525.jpg,Moyamoya Disease with Intraventricular Hemorrhage
C:\Users\HishamMo\Desktop\999_cs\Quantum_Inpired_PSO_Classifcation\MRI_dataset\Moyamoya Disease with Intraventricular Hemorrhage\Moyamoya_Disease_with_Intraventricular_Hemorrhage526.jpg,Moyamoya Disease with Intraventricular Hemorrhage
C:\Users\HishamMo\Desktop\999_cs\Quantum_Inpired_PSO_Classifcation\MRI_dataset\Moyamoya Disease with Intraventricular Hemorrhage\Moyamoya_Disease_with_Intraventricular_Hemorrhage527.jpg,Moyamoya Disease with Intraventricular Hemorrhage
C:\Users\HishamMo\Desktop\999_cs\Quantum_Inpired_PSO_Classifcation\MRI_dataset\Moyamoya Disease with Intraventricular Hemorrhage\Moyamoya_Disease_with_Intraventricular_Hemorrhage528.jpg,Moyamoya Disease with Intraventricular Hemorrhage
C:\Users\HishamMo\Desktop\999_cs\Quantum_Inpired_PSO_Classifcation\MRI_dataset\Moyamoya Disease with Intraventricular Hemorrhage\Moyamoya_Disease_with_Intraventricular_Hemorrhage529.jpg,Moyamoya Disease with Intraventricular Hemorrhage
C:\Users\HishamMo\Desktop\999_cs\Quantum_Inpired_PSO_Classifcation\MRI_dataset\Moyamoya Disease with Intraventricular Hemorrhage\Moyamoya_Disease_with_Intraventricular_Hemorrhage530.jpg,Moyamoya Disease with Intraventricular Hemorrhage
C:\Users\HishamMo\Desktop\999_cs\Quantum_Inpired_PSO_Classifcation\MRI_dataset\Moyamoya Disease with Intraventricular Hemorrhage\Moyamoya_Disease_with_Intraventricular_Hemorrhage531.jpg,Moyamoya Disease with Intraventricular Hemorrhage
C:\Users\HishamMo\Desktop\999_cs\Quantum_Inpired_PSO_Classifcation\MRI_dataset\Moyamoya Disease with Intraventricular Hemorrhage\Moyamoya_Disease_with_Intraventricular_Hemorrhage532.jpg,Moyamoya Disease with Intraventricular Hemorrhage
C:\Users\HishamMo\Desktop\999_cs\Quantum_Inpired_PSO_Classifcation\MRI_dataset\Moyamoya Disease with Intraventricular Hemorrhage\Moyamoya_Disease_with_Intraventricular_Hemorrhage533.jpg,Moyamoya Disease with Intraventricular Hemorrhage
C:\Users\HishamMo\Desktop\999_cs\Quantum_Inpired_PSO_Classifcation\MRI_dataset\Moyamoya Disease with Intraventricular Hemorrhage\Moyamoya_Disease_with_Intraventricular_Hemorrhage534.jpg,Moyamoya Disease with Intraventricular Hemorrhage
C:\Users\HishamMo\Desktop\999_cs\Quantum_Inpired_PSO_Classifcation\MRI_dataset\Moyamoya Disease with Intraventricular Hemorrhage\Moyamoya_Disease_with_Intraventricular_Hemorrhage535.jpg,Moyamoya Disease with Intraventricular Hemorrhage
C:\Users\HishamMo\Desktop\999_cs\Quantum_Inpired_PSO_Classifcation\MRI_dataset\Moyamoya Disease with Intraventricular Hemorrhage\Moyamoya_Disease_with_Intraventricular_Hemorrhage536.jpg,Moyamoya Disease with Intraventricular Hemorrhage
C:\Users\HishamMo\Desktop\999_cs\Quantum_Inpired_PSO_Classifcation\MRI_dataset\Moyamoya Disease with Intraventricular Hemorrhage\Moyamoya_Disease_with_Intraventricular_Hemorrhage537.jpg,Moyamoya Disease with Intraventricular Hemorrhage
C:\Users\HishamMo\Desktop\999_cs\Quantum_Inpired_PSO_Classifcation\MRI_dataset\Moyamoya Disease with Intraventricular Hemorrhage\Moyamoya_Disease_with_Intraventricular_Hemorrhage538.jpg,Moyamoya Disease with Intraventricular Hemorrhage
C:\Users\HishamMo\Desktop\999_cs\Quantum_Inpired_PSO_Classifcation\MRI_dataset\Moyamoya Disease with Intraventricular Hemorrhage\Moyamoya_Disease_with_Intraventricular_Hemorrhage539.jpg,Moyamoya Disease with Intraventricular Hemorrhage
C:\Users\HishamMo\Desktop\999_cs\Quantum_Inpired_PSO_Classifcation\MRI_dataset\Moyamoya Disease with Intraventricular Hemorrhage\Moyamoya_Disease_with_Intraventricular_Hemorrhage540.jpg,Moyamoya Disease with Intraventricular Hemorrhage
C:\Users\HishamMo\Desktop\999_cs\Quantum_Inpired_PSO_Classifcation\MRI_dataset\Moyamoya Disease with Intraventricular Hemorrhage\Moyamoya_Disease_with_Intraventricular_Hemorrhage541.jpg,Moyamoya Disease with Intraventricular Hemorrhage
C:\Users\HishamMo\Desktop\999_cs\Quantum_Inpired_PSO_Classifcation\MRI_dataset\Moyamoya Disease with Intraventricular Hemorrhage\Moyamoya_Disease_with_Intraventricular_Hemorrhage542.jpg,Moyamoya Disease with Intraventricular Hemorrhage
C:\Users\HishamMo\Desktop\999_cs\Quantum_Inpired_PSO_Classifcation\MRI_dataset\Moyamoya Disease with Intraventricular Hemorrhage\Moyamoya_Disease_with_Intraventricular_Hemorrhage543.jpg,Moyamoya Disease with Intraventricular Hemorrhage
C:\Users\HishamMo\Desktop\999_cs\Quantum_Inpired_PSO_Classifcation\MRI_dataset\Moyamoya Disease with Intraventricular Hemorrhage\Moyamoya_Disease_with_Intraventricular_Hemorrhage544.jpg,Moyamoya Disease with Intraventricular Hemorrhage
C:\Users\HishamMo\Desktop\999_cs\Quantum_Inpired_PSO_Classifcation\MRI_dataset\Moyamoya Disease with Intraventricular Hemorrhage\Moyamoya_Disease_with_Intraventricular_Hemorrhage545.jpg,Moyamoya Disease with Intraventricular Hemorrhage
C:\Users\HishamMo\Desktop\999_cs\Quantum_Inpired_PSO_Classifcation\MRI_dataset\Moyamoya Disease with Intraventricular Hemorrhage\Moyamoya_Disease_with_Intraventricular_Hemorrhage546.jpg,Moyamoya Disease with Intraventricular Hemorrhage
C:\Users\HishamMo\Desktop\999_cs\Quantum_Inpired_PSO_Classifcation\MRI_dataset\Moyamoya Disease with Intraventricular Hemorrhage\Moyamoya_Disease_with_Intraventricular_Hemorrhage547.jpg,Moyamoya Disease with Intraventricular Hemorrhage
C:\Users\HishamMo\Desktop\999_cs\Quantum_Inpired_PSO_Classifcation\MRI_dataset\Moyamoya Disease with Intraventricular Hemorrhage\Moyamoya_Disease_with_Intraventricular_Hemorrhage548.jpg,Moyamoya Disease with Intraventricular Hemorrhage
C:\Users\HishamMo\Desktop\999_cs\Quantum_Inpired_PSO_Classifcation\MRI_dataset\Moyamoya Disease with Intraventricular Hemorrhage\Moyamoya_Disease_with_Intraventricular_Hemorrhage549.jpg,Moyamoya Disease with Intraventricular Hemorrhage
C:\Users\HishamMo\Desktop\999_cs\Quantum_Inpired_PSO_Classifcation\MRI_dataset\Moyamoya Disease with Intraventricular Hemorrhage\Moyamoya_Disease_with_Intraventricular_Hemorrhage550.jpg,Moyamoya Disease with Intraventricular Hemorrhage
C:\Users\HishamMo\Desktop\999_cs\Quantum_Inpired_PSO_Classifcation\MRI_dataset\Moyamoya Disease with Intraventricular Hemorrhage\Moyamoya_Disease_with_Intraventricular_Hemorrhage551.jpg,Moyamoya Disease with Intraventricular Hemorrhage
C:\Users\HishamMo\Desktop\999_cs\Quantum_Inpired_PSO_Classifcation\MRI_dataset\Moyamoya Disease with Intraventricular Hemorrhage\Moyamoya_Disease_with_Intraventricular_Hemorrhage552.jpg,Moyamoya Disease with Intraventricular Hemorrhage
C:\Users\HishamMo\Desktop\999_cs\Quantum_Inpired_PSO_Classifcation\MRI_dataset\Moyamoya Disease with Intraventricular Hemorrhage\Moyamoya_Disease_with_Intraventricular_Hemorrhage553.jpg,Moyamoya Disease with Intraventricular Hemorrhage
C:\Users\HishamMo\Desktop\999_cs\Quantum_Inpired_PSO_Classifcation\MRI_dataset\Moyamoya Disease with Intraventricular Hemorrhage\Moyamoya_Disease_with_Intraventricular_Hemorrhage554.jpg,Moyamoya Disease with Intraventricular Hemorrhage
C:\Users\HishamMo\Desktop\999_cs\Quantum_Inpired_PSO_Classifcation\MRI_dataset\Moyamoya Disease with Intraventricular Hemorrhage\Moyamoya_Disease_with_Intraventricular_Hemorrhage555.jpg,Moyamoya Disease with Intraventricular Hemorrhage
C:\Users\HishamMo\Desktop\999_cs\Quantum_Inpired_PSO_Classifcation\MRI_dataset\Moyamoya Disease with Intraventricular Hemorrhage\Moyamoya_Disease_with_Intraventricular_Hemorrhage556.jpg,Moyamoya Disease with Intraventricular Hemorrhage
C:\Users\HishamMo\Desktop\999_cs\Quantum_Inpired_PSO_Classifcation\MRI_dataset\Moyamoya Disease with Intraventricular Hemorrhage\Moyamoya_Disease_with_Intraventricular_Hemorrhage557.jpg,Moyamoya Disease with Intraventricular Hemorrhage
C:\Users\HishamMo\Desktop\999_cs\Quantum_Inpired_PSO_Classifcation\MRI_dataset\Moyamoya Disease with Intraventricular Hemorrhage\Moyamoya_Disease_with_Intraventricular_Hemorrhage558.jpg,Moyamoya Disease with Intraventricular Hemorrhage
C:\Users\HishamMo\Desktop\999_cs\Quantum_Inpired_PSO_Classifcation\MRI_dataset\Moyamoya Disease with Intraventricular Hemorrhage\Moyamoya_Disease_with_Intraventricular_Hemorrhage559.jpg,Moyamoya Disease with Intraventricular Hemorrhage
C:\Users\HishamMo\Desktop\999_cs\Quantum_Inpired_PSO_Classifcation\MRI_dataset\Moyamoya Disease with Intraventricular Hemorrhage\Moyamoya_Disease_with_Intraventricular_Hemorrhage560.jpg,Moyamoya Disease with Intraventricular Hemorrhage
C:\Users\HishamMo\Desktop\999_cs\Quantum_Inpired_PSO_Classifcation\MRI_dataset\Moyamoya Disease with Intraventricular Hemorrhage\Moyamoya_Disease_with_Intraventricular_Hemorrhage561.jpg,Moyamoya Disease with Intraventricular Hemorrhage
C:\Users\HishamMo\Desktop\999_cs\Quantum_Inpired_PSO_Classifcation\MRI_dataset\Moyamoya Disease with Intraventricular Hemorrhage\Moyamoya_Disease_with_Intraventricular_Hemorrhage562.jpg,Moyamoya Disease with Intraventricular Hemorrhage
C:\Users\HishamMo\Desktop\999_cs\Quantum_Inpired_PSO_Classifcation\MRI_dataset\Moyamoya Disease with Intraventricular Hemorrhage\Moyamoya_Disease_with_Intraventricular_Hemorrhage563.jpg,Moyamoya Disease with Intraventricular Hemorrhage
C:\Users\HishamMo\Desktop\999_cs\Quantum_Inpired_PSO_Classifcation\MRI_dataset\Moyamoya Disease with Intraventricular Hemorrhage\Moyamoya_Disease_with_Intraventricular_Hemorrhage564.jpg,Moyamoya Disease with Intraventricular Hemorrhage
C:\Users\HishamMo\Desktop\999_cs\Quantum_Inpired_PSO_Classifcation\MRI_dataset\Moyamoya Disease with Intraventricular Hemorrhage\Moyamoya_Disease_with_Intraventricular_Hemorrhage565.jpg,Moyamoya Disease with Intraventricular Hemorrhage
C:\Users\HishamMo\Desktop\999_cs\Quantum_Inpired_PSO_Classifcation\MRI_dataset\Moyamoya Disease with Intraventricular Hemorrhage\Moyamoya_Disease_with_Intraventricular_Hemorrhage566.jpg,Moyamoya Disease with Intraventricular Hemorrhage
C:\Users\HishamMo\Desktop\999_cs\Quantum_Inpired_PSO_Classifcation\MRI_dataset\Moyamoya Disease with Intraventricular Hemorrhage\Moyamoya_Disease_with_Intraventricular_Hemorrhage567.jpg,Moyamoya Disease with Intraventricular Hemorrhage
C:\Users\HishamMo\Desktop\999_cs\Quantum_Inpired_PSO_Classifcation\MRI_dataset\Moyamoya Disease with Intraventricular Hemorrhage\Moyamoya_Disease_with_Intraventricular_Hemorrhage568.jpg,Moyamoya Disease with Intraventricular Hemorrhage
C:\Users\HishamMo\Desktop\999_cs\Quantum_Inpired_PSO_Classifcation\MRI_dataset\Moyamoya Disease with Intraventricular Hemorrhage\Moyamoya_Disease_with_Intraventricular_Hemorrhage569.jpg,Moyamoya Disease with Intraventricular Hemorrhage
C:\Users\HishamMo\Desktop\999_cs\Quantum_Inpired_PSO_Classifcation\MRI_dataset\Moyamoya Disease with Intraventricular Hemorrhage\Moyamoya_Disease_with_Intraventricular_Hemorrhage570.jpg,Moyamoya Disease with Intraventricular Hemorrhage
C:\Users\HishamMo\Desktop\999_cs\Quantum_Inpired_PSO_Classifcation\MRI_dataset\Moyamoya Disease with Intraventricular Hemorrhage\Moyamoya_Disease_with_Intraventricular_Hemorrhage571.jpg,Moyamoya Disease with Intraventricular Hemorrhage
C:\Users\HishamMo\Desktop\999_cs\Quantum_Inpired_PSO_Classifcation\MRI_dataset\Moyamoya Disease with Intraventricular Hemorrhage\Moyamoya_Disease_with_Intraventricular_Hemorrhage572.jpg,Moyamoya Disease with Intraventricular Hemorrhage
C:\Users\HishamMo\Desktop\999_cs\Quantum_Inpired_PSO_Classifcation\MRI_dataset\Moyamoya Disease with Intraventricular Hemorrhage\Moyamoya_Disease_with_Intraventricular_Hemorrhage573.jpg,Moyamoya Disease with Intraventricular Hemorrhage
C:\Users\HishamMo\Desktop\999_cs\Quantum_Inpired_PSO_Classifcation\MRI_dataset\Moyamoya Disease with Intraventricular Hemorrhage\Moyamoya_Disease_with_Intraventricular_Hemorrhage574.jpg,Moyamoya Disease with Intraventricular Hemorrhage
C:\Users\HishamMo\Desktop\999_cs\Quantum_Inpired_PSO_Classifcation\MRI_dataset\Moyamoya Disease with Intraventricular Hemorrhage\Moyamoya_Disease_with_Intraventricular_Hemorrhage575.jpg,Moyamoya Disease with Intraventricular Hemorrhage
C:\Users\HishamMo\Desktop\999_cs\Quantum_Inpired_PSO_Classifcation\MRI_dataset\Moyamoya Disease with Intraventricular Hemorrhage\Moyamoya_Disease_with_Intraventricular_Hemorrhage576.jpg,Moyamoya Disease with Intraventricular Hemorrhage
C:\Users\HishamMo\Desktop\999_cs\Quantum_Inpired_PSO_Classifcation\MRI_dataset\Moyamoya Disease with Intraventricular Hemorrhage\Moyamoya_Disease_with_Intraventricular_Hemorrhage577.jpg,Moyamoya Disease with Intraventricular Hemorrhage
C:\Users\HishamMo\Desktop\999_cs\Quantum_Inpired_PSO_Classifcation\MRI_dataset\Moyamoya Disease with Intraventricular Hemorrhage\Moyamoya_Disease_with_Intraventricular_Hemorrhage578.jpg,Moyamoya Disease with Intraventricular Hemorrhage
C:\Users\HishamMo\Desktop\999_cs\Quantum_Inpired_PSO_Classifcation\MRI_dataset\Moyamoya Disease with Intraventricular Hemorrhage\Moyamoya_Disease_with_Intraventricular_Hemorrhage579.jpg,Moyamoya Disease with Intraventricular Hemorrhage
C:\Users\HishamMo\Desktop\999_cs\Quantum_Inpired_PSO_Classifcation\MRI_dataset\Moyamoya Disease with Intraventricular Hemorrhage\Moyamoya_Disease_with_Intraventricular_Hemorrhage580.jpg,Moyamoya Disease with Intraventricular Hemorrhage
C:\Users\HishamMo\Desktop\999_cs\Quantum_Inpired_PSO_Classifcation\MRI_dataset\Moyamoya Disease with Intraventricular Hemorrhage\Moyamoya_Disease_with_Intraventricular_Hemorrhage581.jpg,Moyamoya Disease with Intraventricular Hemorrhage
C:\Users\HishamMo\Desktop\999_cs\Quantum_Inpired_PSO_Classifcation\MRI_dataset\Moyamoya Disease with Intraventricular Hemorrhage\Moyamoya_Disease_with_Intraventricular_Hemorrhage582.jpg,Moyamoya Disease with Intraventricular Hemorrhage
C:\Users\HishamMo\Desktop\999_cs\Quantum_Inpired_PSO_Classifcation\MRI_dataset\Moyamoya Disease with Intraventricular Hemorrhage\Moyamoya_Disease_with_Intraventricular_Hemorrhage583.jpg,Moyamoya Disease with Intraventricular Hemorrhage
C:\Users\HishamMo\Desktop\999_cs\Quantum_Inpired_PSO_Classifcation\MRI_dataset\Moyamoya Disease with Intraventricular Hemorrhage\Moyamoya_Disease_with_Intraventricular_Hemorrhage584.jpg,Moyamoya Disease with Intraventricular Hemorrhage
C:\Users\HishamMo\Desktop\999_cs\Quantum_Inpired_PSO_Classifcation\MRI_dataset\Moyamoya Disease with Intraventricular Hemorrhage\Moyamoya_Disease_with_Intraventricular_Hemorrhage585.jpg,Moyamoya Disease with Intraventricular Hemorrhage
C:\Users\HishamMo\Desktop\999_cs\Quantum_Inpired_PSO_Classifcation\MRI_dataset\Moyamoya Disease with Intraventricular Hemorrhage\Moyamoya_Disease_with_Intraventricular_Hemorrhage586.jpg,Moyamoya Disease with Intraventricular Hemorrhage
C:\Users\HishamMo\Desktop\999_cs\Quantum_Inpired_PSO_Classifcation\MRI_dataset\Moyamoya Disease with Intraventricular Hemorrhage\Moyamoya_Disease_with_Intraventricular_Hemorrhage587.jpg,Moyamoya Disease with Intraventricular Hemorrhage
C:\Users\HishamMo\Desktop\999_cs\Quantum_Inpired_PSO_Classifcation\MRI_dataset\Moyamoya Disease with Intraventricular Hemorrhage\Moyamoya_Disease_with_Intraventricular_Hemorrhage588.jpg,Moyamoya Disease with Intraventricular Hemorrhage
C:\Users\HishamMo\Desktop\999_cs\Quantum_Inpired_PSO_Classifcation\MRI_dataset\Moyamoya Disease with Intraventricular Hemorrhage\Moyamoya_Disease_with_Intraventricular_Hemorrhage589.jpg,Moyamoya Disease with Intraventricular Hemorrhage
C:\Users\HishamMo\Desktop\999_cs\Quantum_Inpired_PSO_Classifcation\MRI_dataset\Moyamoya Disease with Intraventricular Hemorrhage\Moyamoya_Disease_with_Intraventricular_Hemorrhage590.jpg,Moyamoya Disease with Intraventricular Hemorrhage
C:\Users\HishamMo\Desktop\999_cs\Quantum_Inpired_PSO_Classifcation\MRI_dataset\Moyamoya Disease with Intraventricular Hemorrhage\Moyamoya_Disease_with_Intraventricular_Hemorrhage591.jpg,Moyamoya Disease with Intraventricular Hemorrhage
C:\Users\HishamMo\Desktop\999_cs\Quantum_Inpired_PSO_Classifcation\MRI_dataset\Moyamoya Disease with Intraventricular Hemorrhage\Moyamoya_Disease_with_Intraventricular_Hemorrhage592.jpg,Moyamoya Disease with Intraventricular Hemorrhage
C:\Users\HishamMo\Desktop\999_cs\Quantum_Inpired_PSO_Classifcation\MRI_dataset\Moyamoya Disease with Intraventricular Hemorrhage\Moyamoya_Disease_with_Intraventricular_Hemorrhage593.jpg,Moyamoya Disease with Intraventricular Hemorrhage
C:\Users\HishamMo\Desktop\999_cs\Quantum_Inpired_PSO_Classifcation\MRI_dataset\Moyamoya Disease with Intraventricular Hemorrhage\Moyamoya_Disease_with_Intraventricular_Hemorrhage594.jpg,Moyamoya Disease with Intraventricular Hemorrhage
C:\Users\HishamMo\Desktop\999_cs\Quantum_Inpired_PSO_Classifcation\MRI_dataset\Moyamoya Disease with Intraventricular Hemorrhage\Moyamoya_Disease_with_Intraventricular_Hemorrhage595.jpg,Moyamoya Disease with Intraventricular Hemorrhage
C:\Users\HishamMo\Desktop\999_cs\Quantum_Inpired_PSO_Classifcation\MRI_dataset\Moyamoya Disease with Intraventricular Hemorrhage\Moyamoya_Disease_with_Intraventricular_Hemorrhage596.jpg,Moyamoya Disease with Intraventricular Hemorrhage
C:\Users\HishamMo\Desktop\999_cs\Quantum_Inpired_PSO_Classifcation\MRI_dataset\Moyamoya Disease with Intraventricular Hemorrhage\Moyamoya_Disease_with_Intraventricular_Hemorrhage597.jpg,Moyamoya Disease with Intraventricular Hemorrhage
C:\Users\HishamMo\Desktop\999_cs\Quantum_Inpired_PSO_Classifcation\MRI_dataset\Moyamoya Disease with Intraventricular Hemorrhage\Moyamoya_Disease_with_Intraventricular_Hemorrhage598.jpg,Moyamoya Disease with Intraventricular Hemorrhage
C:\Users\HishamMo\Desktop\999_cs\Quantum_Inpired_PSO_Classifcation\MRI_dataset\Moyamoya Disease with Intraventricular Hemorrhage\Moyamoya_Disease_with_Intraventricular_Hemorrhage599.jpg,Moyamoya Disease with Intraventricular Hemorrhage
C:\Users\HishamMo\Desktop\999_cs\Quantum_Inpired_PSO_Classifcation\MRI_dataset\Moyamoya Disease with Intraventricular Hemorrhage\Moyamoya_Disease_with_Intraventricular_Hemorrhage600.jpg,Moyamoya Disease with Intraventricular Hemorrhage
C:\Users\HishamMo\Desktop\999_cs\Quantum_Inpired_PSO_Classifcation\MRI_dataset\Moyamoya Disease with Intraventricular Hemorrhage\Moyamoya_Disease_with_Intraventricular_Hemorrhage601.jpg,Moyamoya Disease with Intraventricular Hemorrhage
C:\Users\HishamMo\Desktop\999_cs\Quantum_Inpired_PSO_Classifcation\MRI_dataset\Moyamoya Disease with Intraventricular Hemorrhage\Moyamoya_Disease_with_Intraventricular_Hemorrhage602.jpg,Moyamoya Disease with Intraventricular Hemorrhage
C:\Users\HishamMo\Desktop\999_cs\Quantum_Inpired_PSO_Classifcation\MRI_dataset\Moyamoya Disease with Intraventricular Hemorrhage\Moyamoya_Disease_with_Intraventricular_Hemorrhage603.jpg,Moyamoya Disease with Intraventricular Hemorrhage
C:\Users\HishamMo\Desktop\999_cs\Quantum_Inpired_PSO_Classifcation\MRI_dataset\Moyamoya Disease with Intraventricular Hemorrhage\Moyamoya_Disease_with_Intraventricular_Hemorrhage604.jpg,Moyamoya Disease with Intraventricular Hemorrhage
C:\Users\HishamMo\Desktop\999_cs\Quantum_Inpired_PSO_Classifcation\MRI_dataset\Moyamoya Disease with Intraventricular Hemorrhage\Moyamoya_Disease_with_Intraventricular_Hemorrhage605.jpg,Moyamoya Disease with Intraventricular Hemorrhage
C:\Users\HishamMo\Desktop\999_cs\Quantum_Inpired_PSO_Classifcation\MRI_dataset\Moyamoya Disease with Intraventricular Hemorrhage\Moyamoya_Disease_with_Intraventricular_Hemorrhage606.jpg,Moyamoya Disease with Intraventricular Hemorrhage
C:\Users\HishamMo\Desktop\999_cs\Quantum_Inpired_PSO_Classifcation\MRI_dataset\Moyamoya Disease with Intraventricular Hemorrhage\Moyamoya_Disease_with_Intraventricular_Hemorrhage607.jpg,Moyamoya Disease with Intraventricular Hemorrhage
C:\Users\HishamMo\Desktop\999_cs\Quantum_Inpired_PSO_Classifcation\MRI_dataset\Moyamoya Disease with Intraventricular Hemorrhage\Moyamoya_Disease_with_Intraventricular_Hemorrhage608.jpg,Moyamoya Disease with Intraventricular Hemorrhage
C:\Users\HishamMo\Desktop\999_cs\Quantum_Inpired_PSO_Classifcation\MRI_dataset\Moyamoya Disease with Intraventricular Hemorrhage\Moyamoya_Disease_with_Intraventricular_Hemorrhage609.jpg,Moyamoya Disease with Intraventricular Hemorrhage
C:\Users\HishamMo\Desktop\999_cs\Quantum_Inpired_PSO_Classifcation\MRI_dataset\Moyamoya Disease with Intraventricular Hemorrhage\Moyamoya_Disease_with_Intraventricular_Hemorrhage610.jpg,Moyamoya Disease with Intraventricular Hemorrhage
C:\Users\HishamMo\Desktop\999_cs\Quantum_Inpired_PSO_Classifcation\MRI_dataset\Moyamoya Disease with Intraventricular Hemorrhage\Moyamoya_Disease_with_Intraventricular_Hemorrhage611.jpg,Moyamoya Disease with Intraventricular Hemorrhage
C:\Users\HishamMo\Desktop\999_cs\Quantum_Inpired_PSO_Classifcation\MRI_dataset\Moyamoya Disease with Intraventricular Hemorrhage\Moyamoya_Disease_with_Intraventricular_Hemorrhage612.jpg,Moyamoya Disease with Intraventricular Hemorrhage
C:\Users\HishamMo\Desktop\999_cs\Quantum_Inpired_PSO_Classifcation\MRI_dataset\Moyamoya Disease with Intraventricular Hemorrhage\Moyamoya_Disease_with_Intraventricular_Hemorrhage613.jpg,Moyamoya Disease with Intraventricular Hemorrhage
C:\Users\HishamMo\Desktop\999_cs\Quantum_Inpired_PSO_Classifcation\MRI_dataset\Moyamoya Disease with Intraventricular Hemorrhage\Moyamoya_Disease_with_Intraventricular_Hemorrhage614.jpg,Moyamoya Disease with Intraventricular Hemorrhage
C:\Users\HishamMo\Desktop\999_cs\Quantum_Inpired_PSO_Classifcation\MRI_dataset\Moyamoya Disease with Intraventricular Hemorrhage\Moyamoya_Disease_with_Intraventricular_Hemorrhage615.jpg,Moyamoya Disease with Intraventricular Hemorrhage
C:\Users\HishamMo\Desktop\999_cs\Quantum_Inpired_PSO_Classifcation\MRI_dataset\Moyamoya Disease with Intraventricular Hemorrhage\Moyamoya_Disease_with_Intraventricular_Hemorrhage616.jpg,Moyamoya Disease with Intraventricular Hemorrhage
C:\Users\HishamMo\Desktop\999_cs\Quantum_Inpired_PSO_Classifcation\MRI_dataset\Moyamoya Disease with Intraventricular Hemorrhage\Moyamoya_Disease_with_Intraventricular_Hemorrhage617.jpg,Moyamoya Disease with Intraventricular Hemorrhage
C:\Users\HishamMo\Desktop\999_cs\Quantum_Inpired_PSO_Classifcation\MRI_dataset\Moyamoya Disease with Intraventricular Hemorrhage\Moyamoya_Disease_with_Intraventricular_Hemorrhage618.jpg,Moyamoya Disease with Intraventricular Hemorrhage
C:\Users\HishamMo\Desktop\999_cs\Quantum_Inpired_PSO_Classifcation\MRI_dataset\Moyamoya Disease with Intraventricular Hemorrhage\Moyamoya_Disease_with_Intraventricular_Hemorrhage619.jpg,Moyamoya Disease with Intraventricular Hemorrhage
C:\Users\HishamMo\Desktop\999_cs\Quantum_Inpired_PSO_Classifcation\MRI_dataset\Moyamoya Disease with Intraventricular Hemorrhage\Moyamoya_Disease_with_Intraventricular_Hemorrhage620.jpg,Moyamoya Disease with Intraventricular Hemorrhage
C:\Users\HishamMo\Desktop\999_cs\Quantum_Inpired_PSO_Classifcation\MRI_dataset\Moyamoya Disease with Intraventricular Hemorrhage\Moyamoya_Disease_with_Intraventricular_Hemorrhage621.jpg,Moyamoya Disease with Intraventricular Hemorrhage
C:\Users\HishamMo\Desktop\999_cs\Quantum_Inpired_PSO_Classifcation\MRI_dataset\Moyamoya Disease with Intraventricular Hemorrhage\Moyamoya_Disease_with_Intraventricular_Hemorrhage622.jpg,Moyamoya Disease with Intraventricular Hemorrhage
C:\Users\HishamMo\Desktop\999_cs\Quantum_Inpired_PSO_Classifcation\MRI_dataset\Moyamoya Disease with Intraventricular Hemorrhage\Moyamoya_Disease_with_Intraventricular_Hemorrhage623.jpg,Moyamoya Disease with Intraventricular Hemorrhage
C:\Users\HishamMo\Desktop\999_cs\Quantum_Inpired_PSO_Classifcation\MRI_dataset\Moyamoya Disease with Intraventricular Hemorrhage\Moyamoya_Disease_with_Intraventricular_Hemorrhage624.jpg,Moyamoya Disease with Intraventricular Hemorrhage
C:\Users\HishamMo\Desktop\999_cs\Quantum_Inpired_PSO_Classifcation\MRI_dataset\Moyamoya Disease with Intraventricular Hemorrhage\Moyamoya_Disease_with_Intraventricular_Hemorrhage625.jpg,Moyamoya Disease with Intraventricular Hemorrhage
C:\Users\HishamMo\Desktop\999_cs\Quantum_Inpired_PSO_Classifcation\MRI_dataset\Moyamoya Disease with Intraventricular Hemorrhage\Moyamoya_Disease_with_Intraventricular_Hemorrhage626.jpg,Moyamoya Disease with Intraventricular Hemorrhage
C:\Users\HishamMo\Desktop\999_cs\Quantum_Inpired_PSO_Classifcation\MRI_dataset\Moyamoya Disease with Intraventricular Hemorrhage\Moyamoya_Disease_with_Intraventricular_Hemorrhage627.jpg,Moyamoya Disease with Intraventricular Hemorrhage
C:\Users\HishamMo\Desktop\999_cs\Quantum_Inpired_PSO_Classifcation\MRI_dataset\Moyamoya Disease with Intraventricular Hemorrhage\Moyamoya_Disease_with_Intraventricular_Hemorrhage628.jpg,Moyamoya Disease with Intraventricular Hemorrhage
C:\Users\HishamMo\Desktop\999_cs\Quantum_Inpired_PSO_Classifcation\MRI_dataset\Moyamoya Disease with Intraventricular Hemorrhage\Moyamoya_Disease_with_Intraventricular_Hemorrhage629.jpg,Moyamoya Disease with Intraventricular Hemorrhage
C:\Users\HishamMo\Desktop\999_cs\Quantum_Inpired_PSO_Classifcation\MRI_dataset\Moyamoya Disease with Intraventricular Hemorrhage\Moyamoya_Disease_with_Intraventricular_Hemorrhage630.jpg,Moyamoya Disease with Intraventricular Hemorrhage
C:\Users\HishamMo\Desktop\999_cs\Quantum_Inpired_PSO_Classifcation\MRI_dataset\Moyamoya Disease with Intraventricular Hemorrhage\Moyamoya_Disease_with_Intraventricular_Hemorrhage631.jpg,Moyamoya Disease with Intraventricular Hemorrhage
C:\Users\HishamMo\Desktop\999_cs\Quantum_Inpired_PSO_Classifcation\MRI_dataset\Moyamoya Disease with Intraventricular Hemorrhage\Moyamoya_Disease_with_Intraventricular_Hemorrhage632.jpg,Moyamoya Disease with Intraventricular Hemorrhage
C:\Users\HishamMo\Desktop\999_cs\Quantum_Inpired_PSO_Classifcation\MRI_dataset\Moyamoya Disease with Intraventricular Hemorrhage\Moyamoya_Disease_with_Intraventricular_Hemorrhage633.jpg,Moyamoya Disease with Intraventricular Hemorrhage
C:\Users\HishamMo\Desktop\999_cs\Quantum_Inpired_PSO_Classifcation\MRI_dataset\Moyamoya Disease with Intraventricular Hemorrhage\Moyamoya_Disease_with_Intraventricular_Hemorrhage634.jpg,Moyamoya Disease with Intraventricular Hemorrhage
C:\Users\HishamMo\Desktop\999_cs\Quantum_Inpired_PSO_Classifcation\MRI_dataset\Moyamoya Disease with Intraventricular Hemorrhage\Moyamoya_Disease_with_Intraventricular_Hemorrhage635.jpg,Moyamoya Disease with Intraventricular Hemorrhage
C:\Users\HishamMo\Desktop\999_cs\Quantum_Inpired_PSO_Classifcation\MRI_dataset\Moyamoya Disease with Intraventricular Hemorrhage\Moyamoya_Disease_with_Intraventricular_Hemorrhage636.jpg,Moyamoya Disease with Intraventricular Hemorrhage
C:\Users\HishamMo\Desktop\999_cs\Quantum_Inpired_PSO_Classifcation\MRI_dataset\Moyamoya Disease with Intraventricular Hemorrhage\Moyamoya_Disease_with_Intraventricular_Hemorrhage637.jpg,Moyamoya Disease with Intraventricular Hemorrhage
C:\Users\HishamMo\Desktop\999_cs\Quantum_Inpired_PSO_Classifcation\MRI_dataset\Moyamoya Disease with Intraventricular Hemorrhage\Moyamoya_Disease_with_Intraventricular_Hemorrhage638.jpg,Moyamoya Disease with Intraventricular Hemorrhage
C:\Users\HishamMo\Desktop\999_cs\Quantum_Inpired_PSO_Classifcation\MRI_dataset\Moyamoya Disease with Intraventricular Hemorrhage\Moyamoya_Disease_with_Intraventricular_Hemorrhage639.jpg,Moyamoya Disease with Intraventricular Hemorrhage
C:\Users\HishamMo\Desktop\999_cs\Quantum_Inpired_PSO_Classifcation\MRI_dataset\Moyamoya Disease with Intraventricular Hemorrhage\Moyamoya_Disease_with_Intraventricular_Hemorrhage640.jpg,Moyamoya Disease with Intraventricular Hemorrhage
C:\Users\HishamMo\Desktop\999_cs\Quantum_Inpired_PSO_Classifcation\MRI_dataset\Moyamoya Disease with Intraventricular Hemorrhage\Moyamoya_Disease_with_Intraventricular_Hemorrhage641.jpg,Moyamoya Disease with Intraventricular Hemorrhage
C:\Users\HishamMo\Desktop\999_cs\Quantum_Inpired_PSO_Classifcation\MRI_dataset\Moyamoya Disease with Intraventricular Hemorrhage\Moyamoya_Disease_with_Intraventricular_Hemorrhage642.jpg,Moyamoya Disease with Intraventricular Hemorrhage
C:\Users\HishamMo\Desktop\999_cs\Quantum_Inpired_PSO_Classifcation\MRI_dataset\Moyamoya Disease with Intraventricular Hemorrhage\Moyamoya_Disease_with_Intraventricular_Hemorrhage643.jpg,Moyamoya Disease with Intraventricular Hemorrhage
C:\Users\HishamMo\Desktop\999_cs\Quantum_Inpired_PSO_Classifcation\MRI_dataset\Moyamoya Disease with Intraventricular Hemorrhage\Moyamoya_Disease_with_Intraventricular_Hemorrhage644.jpg,Moyamoya Disease with Intraventricular Hemorrhage
C:\Users\HishamMo\Desktop\999_cs\Quantum_Inpired_PSO_Classifcation\MRI_dataset\Moyamoya Disease with Intraventricular Hemorrhage\Moyamoya_Disease_with_Intraventricular_Hemorrhage645.jpg,Moyamoya Disease with Intraventricular Hemorrhage
C:\Users\HishamMo\Desktop\999_cs\Quantum_Inpired_PSO_Classifcation\MRI_dataset\Moyamoya Disease with Intraventricular Hemorrhage\Moyamoya_Disease_with_Intraventricular_Hemorrhage646.jpg,Moyamoya Disease with Intraventricular Hemorrhage
C:\Users\HishamMo\Desktop\999_cs\Quantum_Inpired_PSO_Classifcation\MRI_dataset\Moyamoya Disease with Intraventricular Hemorrhage\Moyamoya_Disease_with_Intraventricular_Hemorrhage647.jpg,Moyamoya Disease with Intraventricular Hemorrhage
C:\Users\HishamMo\Desktop\999_cs\Quantum_Inpired_PSO_Classifcation\MRI_dataset\Moyamoya Disease with Intraventricular Hemorrhage\Moyamoya_Disease_with_Intraventricular_Hemorrhage648.jpg,Moyamoya Disease with Intraventricular Hemorrhage
C:\Users\HishamMo\Desktop\999_cs\Quantum_Inpired_PSO_Classifcation\MRI_dataset\Moyamoya Disease with Intraventricular Hemorrhage\Moyamoya_Disease_with_Intraventricular_Hemorrhage649.jpg,Moyamoya Disease with Intraventricular Hemorrhage
C:\Users\HishamMo\Desktop\999_cs\Quantum_Inpired_PSO_Classifcation\MRI_dataset\Moyamoya Disease with Intraventricular Hemorrhage\Moyamoya_Disease_with_Intraventricular_Hemorrhage650.jpg,Moyamoya Disease with Intraventricular Hemorrhage
C:\Users\HishamMo\Desktop\999_cs\Quantum_Inpired_PSO_Classifcation\MRI_dataset\Moyamoya Disease with Intraventricular Hemorrhage\Moyamoya_Disease_with_Intraventricular_Hemorrhage651.jpg,Moyamoya Disease with Intraventricular Hemorrhage
C:\Users\HishamMo\Desktop\999_cs\Quantum_Inpired_PSO_Classifcation\MRI_dataset\Moyamoya Disease with Intraventricular Hemorrhage\Moyamoya_Disease_with_Intraventricular_Hemorrhage652.jpg,Moyamoya Disease with Intraventricular Hemorrhage
C:\Users\HishamMo\Desktop\999_cs\Quantum_Inpired_PSO_Classifcation\MRI_dataset\Moyamoya Disease with Intraventricular Hemorrhage\Moyamoya_Disease_with_Intraventricular_Hemorrhage653.jpg,Moyamoya Disease with Intraventricular Hemorrhage
C:\Users\HishamMo\Desktop\999_cs\Quantum_Inpired_PSO_Classifcation\MRI_dataset\Moyamoya Disease with Intraventricular Hemorrhage\Moyamoya_Disease_with_Intraventricular_Hemorrhage654.jpg,Moyamoya Disease with Intraventricular Hemorrhage
C:\Users\HishamMo\Desktop\999_cs\Quantum_Inpired_PSO_Classifcation\MRI_dataset\Moyamoya Disease with Intraventricular Hemorrhage\Moyamoya_Disease_with_Intraventricular_Hemorrhage655.jpg,Moyamoya Disease with Intraventricular Hemorrhage
C:\Users\HishamMo\Desktop\999_cs\Quantum_Inpired_PSO_Classifcation\MRI_dataset\Moyamoya Disease with Intraventricular Hemorrhage\Moyamoya_Disease_with_Intraventricular_Hemorrhage656.jpg,Moyamoya Disease with Intraventricular Hemorrhage
C:\Users\HishamMo\Desktop\999_cs\Quantum_Inpired_PSO_Classifcation\MRI_dataset\Moyamoya Disease with Intraventricular Hemorrhage\Moyamoya_Disease_with_Intraventricular_Hemorrhage657.jpg,Moyamoya Disease with Intraventricular Hemorrhage
C:\Users\HishamMo\Desktop\999_cs\Quantum_Inpired_PSO_Classifcation\MRI_dataset\Moyamoya Disease with Intraventricular Hemorrhage\Moyamoya_Disease_with_Intraventricular_Hemorrhage658.jpg,Moyamoya Disease with Intraventricular Hemorrhage
C:\Users\HishamMo\Desktop\999_cs\Quantum_Inpired_PSO_Classifcation\MRI_dataset\Moyamoya Disease with Intraventricular Hemorrhage\Moyamoya_Disease_with_Intraventricular_Hemorrhage659.jpg,Moyamoya Disease with Intraventricular Hemorrhage
C:\Users\HishamMo\Desktop\999_cs\Quantum_Inpired_PSO_Classifcation\MRI_dataset\Moyamoya Disease with Intraventricular Hemorrhage\Moyamoya_Disease_with_Intraventricular_Hemorrhage660.jpg,Moyamoya Disease with Intraventricular Hemorrhage
C:\Users\HishamMo\Desktop\999_cs\Quantum_Inpired_PSO_Classifcation\MRI_dataset\Moyamoya Disease with Intraventricular Hemorrhage\Moyamoya_Disease_with_Intraventricular_Hemorrhage661.jpg,Moyamoya Disease with Intraventricular Hemorrhage
C:\Users\HishamMo\Desktop\999_cs\Quantum_Inpired_PSO_Classifcation\MRI_dataset\Moyamoya Disease with Intraventricular Hemorrhage\Moyamoya_Disease_with_Intraventricular_Hemorrhage662.jpg,Moyamoya Disease with Intraventricular Hemorrhage
C:\Users\HishamMo\Desktop\999_cs\Quantum_Inpired_PSO_Classifcation\MRI_dataset\Moyamoya Disease with Intraventricular Hemorrhage\Moyamoya_Disease_with_Intraventricular_Hemorrhage663.jpg,Moyamoya Disease with Intraventricular Hemorrhage
C:\Users\HishamMo\Desktop\999_cs\Quantum_Inpired_PSO_Classifcation\MRI_dataset\Moyamoya Disease with Intraventricular Hemorrhage\Moyamoya_Disease_with_Intraventricular_Hemorrhage664.jpg,Moyamoya Disease with Intraventricular Hemorrhage
C:\Users\HishamMo\Desktop\999_cs\Quantum_Inpired_PSO_Classifcation\MRI_dataset\Moyamoya Disease with Intraventricular Hemorrhage\Moyamoya_Disease_with_Intraventricular_Hemorrhage665.jpg,Moyamoya Disease with Intraventricular Hemorrhage
C:\Users\HishamMo\Desktop\999_cs\Quantum_Inpired_PSO_Classifcation\MRI_dataset\Moyamoya Disease with Intraventricular Hemorrhage\Moyamoya_Disease_with_Intraventricular_Hemorrhage666.jpg,Moyamoya Disease with Intraventricular Hemorrhage
C:\Users\HishamMo\Desktop\999_cs\Quantum_Inpired_PSO_Classifcation\MRI_dataset\Moyamoya Disease with Intraventricular Hemorrhage\Moyamoya_Disease_with_Intraventricular_Hemorrhage667.jpg,Moyamoya Disease with Intraventricular Hemorrhage
C:\Users\HishamMo\Desktop\999_cs\Quantum_Inpired_PSO_Classifcation\MRI_dataset\Moyamoya Disease with Intraventricular Hemorrhage\Moyamoya_Disease_with_Intraventricular_Hemorrhage668.jpg,Moyamoya Disease with Intraventricular Hemorrhage
C:\Users\HishamMo\Desktop\999_cs\Quantum_Inpired_PSO_Classifcation\MRI_dataset\Moyamoya Disease with Intraventricular Hemorrhage\Moyamoya_Disease_with_Intraventricular_Hemorrhage669.jpg,Moyamoya Disease with Intraventricular Hemorrhage
C:\Users\HishamMo\Desktop\999_cs\Quantum_Inpired_PSO_Classifcation\MRI_dataset\Moyamoya Disease with Intraventricular Hemorrhage\Moyamoya_Disease_with_Intraventricular_Hemorrhage670.jpg,Moyamoya Disease with Intraventricular Hemorrhage
C:\Users\HishamMo\Desktop\999_cs\Quantum_Inpired_PSO_Classifcation\MRI_dataset\Moyamoya Disease with Intraventricular Hemorrhage\Moyamoya_Disease_with_Intraventricular_Hemorrhage671.jpg,Moyamoya Disease with Intraventricular Hemorrhage
C:\Users\HishamMo\Desktop\999_cs\Quantum_Inpired_PSO_Classifcation\MRI_dataset\Moyamoya Disease with Intraventricular Hemorrhage\Moyamoya_Disease_with_Intraventricular_Hemorrhage672.jpg,Moyamoya Disease with Intraventricular Hemorrhage
C:\Users\HishamMo\Desktop\999_cs\Quantum_Inpired_PSO_Classifcation\MRI_dataset\Moyamoya Disease with Intraventricular Hemorrhage\Moyamoya_Disease_with_Intraventricular_Hemorrhage673.jpg,Moyamoya Disease with Intraventricular Hemorrhage
C:\Users\HishamMo\Desktop\999_cs\Quantum_Inpired_PSO_Classifcation\MRI_dataset\Moyamoya Disease with Intraventricular Hemorrhage\Moyamoya_Disease_with_Intraventricular_Hemorrhage674.jpg,Moyamoya Disease with Intraventricular Hemorrhage
C:\Users\HishamMo\Desktop\999_cs\Quantum_Inpired_PSO_Classifcation\MRI_dataset\Moyamoya Disease with Intraventricular Hemorrhage\Moyamoya_Disease_with_Intraventricular_Hemorrhage675.jpg,Moyamoya Disease with Intraventricular Hemorrhage
C:\Users\HishamMo\Desktop\999_cs\Quantum_Inpired_PSO_Classifcation\MRI_dataset\Moyamoya Disease with Intraventricular Hemorrhage\Moyamoya_Disease_with_Intraventricular_Hemorrhage676.jpg,Moyamoya Disease with Intraventricular Hemorrhage
C:\Users\HishamMo\Desktop\999_cs\Quantum_Inpired_PSO_Classifcation\MRI_dataset\Moyamoya Disease with Intraventricular Hemorrhage\Moyamoya_Disease_with_Intraventricular_Hemorrhage677.jpg,Moyamoya Disease with Intraventricular Hemorrhage
C:\Users\HishamMo\Desktop\999_cs\Quantum_Inpired_PSO_Classifcation\MRI_dataset\Moyamoya Disease with Intraventricular Hemorrhage\Moyamoya_Disease_with_Intraventricular_Hemorrhage678.jpg,Moyamoya Disease with Intraventricular Hemorrhage
C:\Users\HishamMo\Desktop\999_cs\Quantum_Inpired_PSO_Classifcation\MRI_dataset\Moyamoya Disease with Intraventricular Hemorrhage\Moyamoya_Disease_with_Intraventricular_Hemorrhage679.jpg,Moyamoya Disease with Intraventricular Hemorrhage
C:\Users\HishamMo\Desktop\999_cs\Quantum_Inpired_PSO_Classifcation\MRI_dataset\Moyamoya Disease with Intraventricular Hemorrhage\Moyamoya_Disease_with_Intraventricular_Hemorrhage680.jpg,Moyamoya Disease with Intraventricular Hemorrhage
C:\Users\HishamMo\Desktop\999_cs\Quantum_Inpired_PSO_Classifcation\MRI_dataset\Moyamoya Disease with Intraventricular Hemorrhage\Moyamoya_Disease_with_Intraventricular_Hemorrhage681.jpg,Moyamoya Disease with Intraventricular Hemorrhage
C:\Users\HishamMo\Desktop\999_cs\Quantum_Inpired_PSO_Classifcation\MRI_dataset\Moyamoya Disease with Intraventricular Hemorrhage\Moyamoya_Disease_with_Intraventricular_Hemorrhage682.jpg,Moyamoya Disease with Intraventricular Hemorrhage
C:\Users\HishamMo\Desktop\999_cs\Quantum_Inpired_PSO_Classifcation\MRI_dataset\Moyamoya Disease with Intraventricular Hemorrhage\Moyamoya_Disease_with_Intraventricular_Hemorrhage683.jpg,Moyamoya Disease with Intraventricular Hemorrhage
C:\Users\HishamMo\Desktop\999_cs\Quantum_Inpired_PSO_Classifcation\MRI_dataset\Moyamoya Disease with Intraventricular Hemorrhage\Moyamoya_Disease_with_Intraventricular_Hemorrhage684.jpg,Moyamoya Disease with Intraventricular Hemorrhage
C:\Users\HishamMo\Desktop\999_cs\Quantum_Inpired_PSO_Classifcation\MRI_dataset\Moyamoya Disease with Intraventricular Hemorrhage\Moyamoya_Disease_with_Intraventricular_Hemorrhage685.jpg,Moyamoya Disease with Intraventricular Hemorrhage
C:\Users\HishamMo\Desktop\999_cs\Quantum_Inpired_PSO_Classifcation\MRI_dataset\Moyamoya Disease with Intraventricular Hemorrhage\Moyamoya_Disease_with_Intraventricular_Hemorrhage686.jpg,Moyamoya Disease with Intraventricular Hemorrhage
C:\Users\HishamMo\Desktop\999_cs\Quantum_Inpired_PSO_Classifcation\MRI_dataset\Moyamoya Disease with Intraventricular Hemorrhage\Moyamoya_Disease_with_Intraventricular_Hemorrhage687.jpg,Moyamoya Disease with Intraventricular Hemorrhage
C:\Users\HishamMo\Desktop\999_cs\Quantum_Inpired_PSO_Classifcation\MRI_dataset\Moyamoya Disease with Intraventricular Hemorrhage\Moyamoya_Disease_with_Intraventricular_Hemorrhage688.jpg,Moyamoya Disease with Intraventricular Hemorrhage
C:\Users\HishamMo\Desktop\999_cs\Quantum_Inpired_PSO_Classifcation\MRI_dataset\Moyamoya Disease with Intraventricular Hemorrhage\Moyamoya_Disease_with_Intraventricular_Hemorrhage689.jpg,Moyamoya Disease with Intraventricular Hemorrhage
C:\Users\HishamMo\Desktop\999_cs\Quantum_Inpired_PSO_Classifcation\MRI_dataset\Moyamoya Disease with Intraventricular Hemorrhage\Moyamoya_Disease_with_Intraventricular_Hemorrhage690.jpg,Moyamoya Disease with Intraventricular Hemorrhage
C:\Users\HishamMo\Desktop\999_cs\Quantum_Inpired_PSO_Classifcation\MRI_dataset\Moyamoya Disease with Intraventricular Hemorrhage\Moyamoya_Disease_with_Intraventricular_Hemorrhage691.jpg,Moyamoya Disease with Intraventricular Hemorrhage
C:\Users\HishamMo\Desktop\999_cs\Quantum_Inpired_PSO_Classifcation\MRI_dataset\Moyamoya Disease with Intraventricular Hemorrhage\Moyamoya_Disease_with_Intraventricular_Hemorrhage692.jpg,Moyamoya Disease with Intraventricular Hemorrhage
C:\Users\HishamMo\Desktop\999_cs\Quantum_Inpired_PSO_Classifcation\MRI_dataset\Moyamoya Disease with Intraventricular Hemorrhage\Moyamoya_Disease_with_Intraventricular_Hemorrhage693.jpg,Moyamoya Disease with Intraventricular Hemorrhage
C:\Users\HishamMo\Desktop\999_cs\Quantum_Inpired_PSO_Classifcation\MRI_dataset\Moyamoya Disease with Intraventricular Hemorrhage\Moyamoya_Disease_with_Intraventricular_Hemorrhage694.jpg,Moyamoya Disease with Intraventricular Hemorrhage
C:\Users\HishamMo\Desktop\999_cs\Quantum_Inpired_PSO_Classifcation\MRI_dataset\Moyamoya Disease with Intraventricular Hemorrhage\Moyamoya_Disease_with_Intraventricular_Hemorrhage695.jpg,Moyamoya Disease with Intraventricular Hemorrhage
C:\Users\HishamMo\Desktop\999_cs\Quantum_Inpired_PSO_Classifcation\MRI_dataset\Moyamoya Disease with Intraventricular Hemorrhage\Moyamoya_Disease_with_Intraventricular_Hemorrhage696.jpg,Moyamoya Disease with Intraventricular Hemorrhage
C:\Users\HishamMo\Desktop\999_cs\Quantum_Inpired_PSO_Classifcation\MRI_dataset\Moyamoya Disease with Intraventricular Hemorrhage\Moyamoya_Disease_with_Intraventricular_Hemorrhage697.jpg,Moyamoya Disease with Intraventricular Hemorrhage
C:\Users\HishamMo\Desktop\999_cs\Quantum_Inpired_PSO_Classifcation\MRI_dataset\Moyamoya Disease with Intraventricular Hemorrhage\Moyamoya_Disease_with_Intraventricular_Hemorrhage698.jpg,Moyamoya Disease with Intraventricular Hemorrhage
C:\Users\HishamMo\Desktop\999_cs\Quantum_Inpired_PSO_Classifcation\MRI_dataset\Moyamoya Disease with Intraventricular Hemorrhage\Moyamoya_Disease_with_Intraventricular_Hemorrhage699.jpg,Moyamoya Disease with Intraventricular Hemorrhage
C:\Users\HishamMo\Desktop\999_cs\Quantum_Inpired_PSO_Classifcation\MRI_dataset\Moyamoya Disease with Intraventricular Hemorrhage\Moyamoya_Disease_with_Intraventricular_Hemorrhage700.jpg,Moyamoya Disease with Intraventricular Hemorrhage
C:\Users\HishamMo\Desktop\999_cs\Quantum_Inpired_PSO_Classifcation\MRI_dataset\Moyamoya Disease with Intraventricular Hemorrhage\Moyamoya_Disease_with_Intraventricular_Hemorrhage701.jpg,Moyamoya Disease with Intraventricular Hemorrhage
C:\Users\HishamMo\Desktop\999_cs\Quantum_Inpired_PSO_Classifcation\MRI_dataset\Moyamoya Disease with Intraventricular Hemorrhage\Moyamoya_Disease_with_Intraventricular_Hemorrhage702.jpg,Moyamoya Disease with Intraventricular Hemorrhage
C:\Users\HishamMo\Desktop\999_cs\Quantum_Inpired_PSO_Classifcation\MRI_dataset\Moyamoya Disease with Intraventricular Hemorrhage\Moyamoya_Disease_with_Intraventricular_Hemorrhage703.jpg,Moyamoya Disease with Intraventricular Hemorrhage
C:\Users\HishamMo\Desktop\999_cs\Quantum_Inpired_PSO_Classifcation\MRI_dataset\Moyamoya Disease with Intraventricular Hemorrhage\Moyamoya_Disease_with_Intraventricular_Hemorrhage704.jpg,Moyamoya Disease with Intraventricular Hemorrhage
C:\Users\HishamMo\Desktop\999_cs\Quantum_Inpired_PSO_Classifcation\MRI_dataset\Moyamoya Disease with Intraventricular Hemorrhage\Moyamoya_Disease_with_Intraventricular_Hemorrhage705.jpg,Moyamoya Disease with Intraventricular Hemorrhage
C:\Users\HishamMo\Desktop\999_cs\Quantum_Inpired_PSO_Classifcation\MRI_dataset\Moyamoya Disease with Intraventricular Hemorrhage\Moyamoya_Disease_with_Intraventricular_Hemorrhage706.jpg,Moyamoya Disease with Intraventricular Hemorrhage
C:\Users\HishamMo\Desktop\999_cs\Quantum_Inpired_PSO_Classifcation\MRI_dataset\Moyamoya Disease with Intraventricular Hemorrhage\Moyamoya_Disease_with_Intraventricular_Hemorrhage707.jpg,Moyamoya Disease with Intraventricular Hemorrhage
C:\Users\HishamMo\Desktop\999_cs\Quantum_Inpired_PSO_Classifcation\MRI_dataset\Moyamoya Disease with Intraventricular Hemorrhage\Moyamoya_Disease_with_Intraventricular_Hemorrhage708.jpg,Moyamoya Disease with Intraventricular Hemorrhage
C:\Users\HishamMo\Desktop\999_cs\Quantum_Inpired_PSO_Classifcation\MRI_dataset\Moyamoya Disease with Intraventricular Hemorrhage\Moyamoya_Disease_with_Intraventricular_Hemorrhage709.jpg,Moyamoya Disease with Intraventricular Hemorrhage
C:\Users\HishamMo\Desktop\999_cs\Quantum_Inpired_PSO_Classifcation\MRI_dataset\Moyamoya Disease with Intraventricular Hemorrhage\Moyamoya_Disease_with_Intraventricular_Hemorrhage710.jpg,Moyamoya Disease with Intraventricular Hemorrhage
C:\Users\HishamMo\Desktop\999_cs\Quantum_Inpired_PSO_Classifcation\MRI_dataset\Moyamoya Disease with Intraventricular Hemorrhage\Moyamoya_Disease_with_Intraventricular_Hemorrhage711.jpg,Moyamoya Disease with Intraventricular Hemorrhage
C:\Users\HishamMo\Desktop\999_cs\Quantum_Inpired_PSO_Classifcation\MRI_dataset\Moyamoya Disease with Intraventricular Hemorrhage\Moyamoya_Disease_with_Intraventricular_Hemorrhage712.jpg,Moyamoya Disease with Intraventricular Hemorrhage
C:\Users\HishamMo\Desktop\999_cs\Quantum_Inpired_PSO_Classifcation\MRI_dataset\Moyamoya Disease with Intraventricular Hemorrhage\Moyamoya_Disease_with_Intraventricular_Hemorrhage713.jpg,Moyamoya Disease with Intraventricular Hemorrhage
C:\Users\HishamMo\Desktop\999_cs\Quantum_Inpired_PSO_Classifcation\MRI_dataset\Moyamoya Disease with Intraventricular Hemorrhage\Moyamoya_Disease_with_Intraventricular_Hemorrhage714.jpg,Moyamoya Disease with Intraventricular Hemorrhage
C:\Users\HishamMo\Desktop\999_cs\Quantum_Inpired_PSO_Classifcation\MRI_dataset\Moyamoya Disease with Intraventricular Hemorrhage\Moyamoya_Disease_with_Intraventricular_Hemorrhage715.jpg,Moyamoya Disease with Intraventricular Hemorrhage
C:\Users\HishamMo\Desktop\999_cs\Quantum_Inpired_PSO_Classifcation\MRI_dataset\Moyamoya Disease with Intraventricular Hemorrhage\Moyamoya_Disease_with_Intraventricular_Hemorrhage716.jpg,Moyamoya Disease with Intraventricular Hemorrhage
C:\Users\HishamMo\Desktop\999_cs\Quantum_Inpired_PSO_Classifcation\MRI_dataset\Moyamoya Disease with Intraventricular Hemorrhage\Moyamoya_Disease_with_Intraventricular_Hemorrhage717.jpg,Moyamoya Disease with Intraventricular Hemorrhage
C:\Users\HishamMo\Desktop\999_cs\Quantum_Inpired_PSO_Classifcation\MRI_dataset\Moyamoya Disease with Intraventricular Hemorrhage\Moyamoya_Disease_with_Intraventricular_Hemorrhage718.jpg,Moyamoya Disease with Intraventricular Hemorrhage
C:\Users\HishamMo\Desktop\999_cs\Quantum_Inpired_PSO_Classifcation\MRI_dataset\Moyamoya Disease with Intraventricular Hemorrhage\Moyamoya_Disease_with_Intraventricular_Hemorrhage719.jpg,Moyamoya Disease with Intraventricular Hemorrhage
C:\Users\HishamMo\Desktop\999_cs\Quantum_Inpired_PSO_Classifcation\MRI_dataset\Moyamoya Disease with Intraventricular Hemorrhage\Moyamoya_Disease_with_Intraventricular_Hemorrhage720.jpg,Moyamoya Disease with Intraventricular Hemorrhage
C:\Users\HishamMo\Desktop\999_cs\Quantum_Inpired_PSO_Classifcation\MRI_dataset\Moyamoya Disease with Intraventricular Hemorrhage\Moyamoya_Disease_with_Intraventricular_Hemorrhage721.jpg,Moyamoya Disease with Intraventricular Hemorrhage
C:\Users\HishamMo\Desktop\999_cs\Quantum_Inpired_PSO_Classifcation\MRI_dataset\Moyamoya Disease with Intraventricular Hemorrhage\Moyamoya_Disease_with_Intraventricular_Hemorrhage722.jpg,Moyamoya Disease with Intraventricular Hemorrhage
C:\Users\HishamMo\Desktop\999_cs\Quantum_Inpired_PSO_Classifcation\MRI_dataset\Moyamoya Disease with Intraventricular Hemorrhage\Moyamoya_Disease_with_Intraventricular_Hemorrhage723.jpg,Moyamoya Disease with Intraventricular Hemorrhage
C:\Users\HishamMo\Desktop\999_cs\Quantum_Inpired_PSO_Classifcation\MRI_dataset\Moyamoya Disease with Intraventricular Hemorrhage\Moyamoya_Disease_with_Intraventricular_Hemorrhage724.jpg,Moyamoya Disease with Intraventricular Hemorrhage
C:\Users\HishamMo\Desktop\999_cs\Quantum_Inpired_PSO_Classifcation\MRI_dataset\Moyamoya Disease with Intraventricular Hemorrhage\Moyamoya_Disease_with_Intraventricular_Hemorrhage725.jpg,Moyamoya Disease with Intraventricular Hemorrhage
C:\Users\HishamMo\Desktop\999_cs\Quantum_Inpired_PSO_Classifcation\MRI_dataset\Moyamoya Disease with Intraventricular Hemorrhage\Moyamoya_Disease_with_Intraventricular_Hemorrhage726.jpg,Moyamoya Disease with Intraventricular Hemorrhage
C:\Users\HishamMo\Desktop\999_cs\Quantum_Inpired_PSO_Classifcation\MRI_dataset\Moyamoya Disease with Intraventricular Hemorrhage\Moyamoya_Disease_with_Intraventricular_Hemorrhage727.jpg,Moyamoya Disease with Intraventricular Hemorrhage
C:\Users\HishamMo\Desktop\999_cs\Quantum_Inpired_PSO_Classifcation\MRI_dataset\Moyamoya Disease with Intraventricular Hemorrhage\Moyamoya_Disease_with_Intraventricular_Hemorrhage728.jpg,Moyamoya Disease with Intraventricular Hemorrhage
C:\Users\HishamMo\Desktop\999_cs\Quantum_Inpired_PSO_Classifcation\MRI_dataset\Moyamoya Disease with Intraventricular Hemorrhage\Moyamoya_Disease_with_Intraventricular_Hemorrhage729.jpg,Moyamoya Disease with Intraventricular Hemorrhage
C:\Users\HishamMo\Desktop\999_cs\Quantum_Inpired_PSO_Classifcation\MRI_dataset\Moyamoya Disease with Intraventricular Hemorrhage\Moyamoya_Disease_with_Intraventricular_Hemorrhage730.jpg,Moyamoya Disease with Intraventricular Hemorrhage
C:\Users\HishamMo\Desktop\999_cs\Quantum_Inpired_PSO_Classifcation\MRI_dataset\Moyamoya Disease with Intraventricular Hemorrhage\Moyamoya_Disease_with_Intraventricular_Hemorrhage731.jpg,Moyamoya Disease with Intraventricular Hemorrhage
C:\Users\HishamMo\Desktop\999_cs\Quantum_Inpired_PSO_Classifcation\MRI_dataset\Moyamoya Disease with Intraventricular Hemorrhage\Moyamoya_Disease_with_Intraventricular_Hemorrhage732.jpg,Moyamoya Disease with Intraventricular Hemorrhage
C:\Users\HishamMo\Desktop\999_cs\Quantum_Inpired_PSO_Classifcation\MRI_dataset\Moyamoya Disease with Intraventricular Hemorrhage\Moyamoya_Disease_with_Intraventricular_Hemorrhage733.jpg,Moyamoya Disease with Intraventricular Hemorrhage
C:\Users\HishamMo\Desktop\999_cs\Quantum_Inpired_PSO_Classifcation\MRI_dataset\Moyamoya Disease with Intraventricular Hemorrhage\Moyamoya_Disease_with_Intraventricular_Hemorrhage734.jpg,Moyamoya Disease with Intraventricular Hemorrhage
C:\Users\HishamMo\Desktop\999_cs\Quantum_Inpired_PSO_Classifcation\MRI_dataset\Moyamoya Disease with Intraventricular Hemorrhage\Moyamoya_Disease_with_Intraventricular_Hemorrhage735.jpg,Moyamoya Disease with Intraventricular Hemorrhage
C:\Users\HishamMo\Desktop\999_cs\Quantum_Inpired_PSO_Classifcation\MRI_dataset\Moyamoya Disease with Intraventricular Hemorrhage\Moyamoya_Disease_with_Intraventricular_Hemorrhage736.jpg,Moyamoya Disease with Intraventricular Hemorrhage
C:\Users\HishamMo\Desktop\999_cs\Quantum_Inpired_PSO_Classifcation\MRI_dataset\Moyamoya Disease with Intraventricular Hemorrhage\Moyamoya_Disease_with_Intraventricular_Hemorrhage737.jpg,Moyamoya Disease with Intraventricular Hemorrhage
C:\Users\HishamMo\Desktop\999_cs\Quantum_Inpired_PSO_Classifcation\MRI_dataset\Moyamoya Disease with Intraventricular Hemorrhage\Moyamoya_Disease_with_Intraventricular_Hemorrhage738.jpg,Moyamoya Disease with Intraventricular Hemorrhage
C:\Users\HishamMo\Desktop\999_cs\Quantum_Inpired_PSO_Classifcation\MRI_dataset\Moyamoya Disease with Intraventricular Hemorrhage\Moyamoya_Disease_with_Intraventricular_Hemorrhage739.jpg,Moyamoya Disease with Intraventricular Hemorrhage
C:\Users\HishamMo\Desktop\999_cs\Quantum_Inpired_PSO_Classifcation\MRI_dataset\Moyamoya Disease with Intraventricular Hemorrhage\Moyamoya_Disease_with_Intraventricular_Hemorrhage740.jpg,Moyamoya Disease with Intraventricular Hemorrhage
C:\Users\HishamMo\Desktop\999_cs\Quantum_Inpired_PSO_Classifcation\MRI_dataset\Moyamoya Disease with Intraventricular Hemorrhage\Moyamoya_Disease_with_Intraventricular_Hemorrhage741.jpg,Moyamoya Disease with Intraventricular Hemorrhage
C:\Users\HishamMo\Desktop\999_cs\Quantum_Inpired_PSO_Classifcation\MRI_dataset\Moyamoya Disease with Intraventricular Hemorrhage\Moyamoya_Disease_with_Intraventricular_Hemorrhage742.jpg,Moyamoya Disease with Intraventricular Hemorrhage
C:\Users\HishamMo\Desktop\999_cs\Quantum_Inpired_PSO_Classifcation\MRI_dataset\Moyamoya Disease with Intraventricular Hemorrhage\Moyamoya_Disease_with_Intraventricular_Hemorrhage743.jpg,Moyamoya Disease with Intraventricular Hemorrhage
C:\Users\HishamMo\Desktop\999_cs\Quantum_Inpired_PSO_Classifcation\MRI_dataset\Moyamoya Disease with Intraventricular Hemorrhage\Moyamoya_Disease_with_Intraventricular_Hemorrhage744.jpg,Moyamoya Disease with Intraventricular Hemorrhage
C:\Users\HishamMo\Desktop\999_cs\Quantum_Inpired_PSO_Classifcation\MRI_dataset\Moyamoya Disease with Intraventricular Hemorrhage\Moyamoya_Disease_with_Intraventricular_Hemorrhage745.jpg,Moyamoya Disease with Intraventricular Hemorrhage
C:\Users\HishamMo\Desktop\999_cs\Quantum_Inpired_PSO_Classifcation\MRI_dataset\Moyamoya Disease with Intraventricular Hemorrhage\Moyamoya_Disease_with_Intraventricular_Hemorrhage746.jpg,Moyamoya Disease with Intraventricular Hemorrhage
C:\Users\HishamMo\Desktop\999_cs\Quantum_Inpired_PSO_Classifcation\MRI_dataset\Moyamoya Disease with Intraventricular Hemorrhage\Moyamoya_Disease_with_Intraventricular_Hemorrhage747.jpg,Moyamoya Disease with Intraventricular Hemorrhage
C:\Users\HishamMo\Desktop\999_cs\Quantum_Inpired_PSO_Classifcation\MRI_dataset\Moyamoya Disease with Intraventricular Hemorrhage\Moyamoya_Disease_with_Intraventricular_Hemorrhage748.jpg,Moyamoya Disease with Intraventricular Hemorrhage
C:\Users\HishamMo\Desktop\999_cs\Quantum_Inpired_PSO_Classifcation\MRI_dataset\Moyamoya Disease with Intraventricular Hemorrhage\Moyamoya_Disease_with_Intraventricular_Hemorrhage749.jpg,Moyamoya Disease with Intraventricular Hemorrhage
C:\Users\HishamMo\Desktop\999_cs\Quantum_Inpired_PSO_Classifcation\MRI_dataset\Moyamoya Disease with Intraventricular Hemorrhage\Moyamoya_Disease_with_Intraventricular_Hemorrhage750.jpg,Moyamoya Disease with Intraventricular Hemorrhage
C:\Users\HishamMo\Desktop\999_cs\Quantum_Inpired_PSO_Classifcation\MRI_dataset\Moyamoya Disease with Intraventricular Hemorrhage\Moyamoya_Disease_with_Intraventricular_Hemorrhage751.jpg,Moyamoya Disease with Intraventricular Hemorrhage
C:\Users\HishamMo\Desktop\999_cs\Quantum_Inpired_PSO_Classifcation\MRI_dataset\Moyamoya Disease with Intraventricular Hemorrhage\Moyamoya_Disease_with_Intraventricular_Hemorrhage752.jpg,Moyamoya Disease with Intraventricular Hemorrhage
C:\Users\HishamMo\Desktop\999_cs\Quantum_Inpired_PSO_Classifcation\MRI_dataset\Moyamoya Disease with Intraventricular Hemorrhage\Moyamoya_Disease_with_Intraventricular_Hemorrhage753.jpg,Moyamoya Disease with Intraventricular Hemorrhage
C:\Users\HishamMo\Desktop\999_cs\Quantum_Inpired_PSO_Classifcation\MRI_dataset\Moyamoya Disease with Intraventricular Hemorrhage\Moyamoya_Disease_with_Intraventricular_Hemorrhage754.jpg,Moyamoya Disease with Intraventricular Hemorrhage
C:\Users\HishamMo\Desktop\999_cs\Quantum_Inpired_PSO_Classifcation\MRI_dataset\Moyamoya Disease with Intraventricular Hemorrhage\Moyamoya_Disease_with_Intraventricular_Hemorrhage755.jpg,Moyamoya Disease with Intraventricular Hemorrhage
C:\Users\HishamMo\Desktop\999_cs\Quantum_Inpired_PSO_Classifcation\MRI_dataset\Moyamoya Disease with Intraventricular Hemorrhage\Moyamoya_Disease_with_Intraventricular_Hemorrhage756.jpg,Moyamoya Disease with Intraventricular Hemorrhage
C:\Users\HishamMo\Desktop\999_cs\Quantum_Inpired_PSO_Classifcation\MRI_dataset\Moyamoya Disease with Intraventricular Hemorrhage\Moyamoya_Disease_with_Intraventricular_Hemorrhage757.jpg,Moyamoya Disease with Intraventricular Hemorrhage
C:\Users\HishamMo\Desktop\999_cs\Quantum_Inpired_PSO_Classifcation\MRI_dataset\Moyamoya Disease with Intraventricular Hemorrhage\Moyamoya_Disease_with_Intraventricular_Hemorrhage758.jpg,Moyamoya Disease with Intraventricular Hemorrhage
C:\Users\HishamMo\Desktop\999_cs\Quantum_Inpired_PSO_Classifcation\MRI_dataset\Moyamoya Disease with Intraventricular Hemorrhage\Moyamoya_Disease_with_Intraventricular_Hemorrhage759.jpg,Moyamoya Disease with Intraventricular Hemorrhage
C:\Users\HishamMo\Desktop\999_cs\Quantum_Inpired_PSO_Classifcation\MRI_dataset\Moyamoya Disease with Intraventricular Hemorrhage\Moyamoya_Disease_with_Intraventricular_Hemorrhage760.jpg,Moyamoya Disease with Intraventricular Hemorrhage
C:\Users\HishamMo\Desktop\999_cs\Quantum_Inpired_PSO_Classifcation\MRI_dataset\Moyamoya Disease with Intraventricular Hemorrhage\Moyamoya_Disease_with_Intraventricular_Hemorrhage761.jpg,Moyamoya Disease with Intraventricular Hemorrhage
C:\Users\HishamMo\Desktop\999_cs\Quantum_Inpired_PSO_Classifcation\MRI_dataset\Moyamoya Disease with Intraventricular Hemorrhage\Moyamoya_Disease_with_Intraventricular_Hemorrhage762.jpg,Moyamoya Disease with Intraventricular Hemorrhage
C:\Users\HishamMo\Desktop\999_cs\Quantum_Inpired_PSO_Classifcation\MRI_dataset\Moyamoya Disease with Intraventricular Hemorrhage\Moyamoya_Disease_with_Intraventricular_Hemorrhage763.jpg,Moyamoya Disease with Intraventricular Hemorrhage
C:\Users\HishamMo\Desktop\999_cs\Quantum_Inpired_PSO_Classifcation\MRI_dataset\Moyamoya Disease with Intraventricular Hemorrhage\Moyamoya_Disease_with_Intraventricular_Hemorrhage764.jpg,Moyamoya Disease with Intraventricular Hemorrhage
C:\Users\HishamMo\Desktop\999_cs\Quantum_Inpired_PSO_Classifcation\MRI_dataset\Moyamoya Disease with Intraventricular Hemorrhage\Moyamoya_Disease_with_Intraventricular_Hemorrhage765.jpg,Moyamoya Disease with Intraventricular Hemorrhage
C:\Users\HishamMo\Desktop\999_cs\Quantum_Inpired_PSO_Classifcation\MRI_dataset\Moyamoya Disease with Intraventricular Hemorrhage\Moyamoya_Disease_with_Intraventricular_Hemorrhage766.jpg,Moyamoya Disease with Intraventricular Hemorrhage
C:\Users\HishamMo\Desktop\999_cs\Quantum_Inpired_PSO_Classifcation\MRI_dataset\Moyamoya Disease with Intraventricular Hemorrhage\Moyamoya_Disease_with_Intraventricular_Hemorrhage767.jpg,Moyamoya Disease with Intraventricular Hemorrhage
C:\Users\HishamMo\Desktop\999_cs\Quantum_Inpired_PSO_Classifcation\MRI_dataset\Moyamoya Disease with Intraventricular Hemorrhage\Moyamoya_Disease_with_Intraventricular_Hemorrhage768.jpg,Moyamoya Disease with Intraventricular Hemorrhage
C:\Users\HishamMo\Desktop\999_cs\Quantum_Inpired_PSO_Classifcation\MRI_dataset\Moyamoya Disease with Intraventricular Hemorrhage\Moyamoya_Disease_with_Intraventricular_Hemorrhage769.jpg,Moyamoya Disease with Intraventricular Hemorrhage
C:\Users\HishamMo\Desktop\999_cs\Quantum_Inpired_PSO_Classifcation\MRI_dataset\Moyamoya Disease with Intraventricular Hemorrhage\Moyamoya_Disease_with_Intraventricular_Hemorrhage770.jpg,Moyamoya Disease with Intraventricular Hemorrhage
C:\Users\HishamMo\Desktop\999_cs\Quantum_Inpired_PSO_Classifcation\MRI_dataset\Moyamoya Disease with Intraventricular Hemorrhage\Moyamoya_Disease_with_Intraventricular_Hemorrhage771.jpg,Moyamoya Disease with Intraventricular Hemorrhage
C:\Users\HishamMo\Desktop\999_cs\Quantum_Inpired_PSO_Classifcation\MRI_dataset\Moyamoya Disease with Intraventricular Hemorrhage\Moyamoya_Disease_with_Intraventricular_Hemorrhage772.jpg,Moyamoya Disease with Intraventricular Hemorrhage
C:\Users\HishamMo\Desktop\999_cs\Quantum_Inpired_PSO_Classifcation\MRI_dataset\Moyamoya Disease with Intraventricular Hemorrhage\Moyamoya_Disease_with_Intraventricular_Hemorrhage773.jpg,Moyamoya Disease with Intraventricular Hemorrhage
C:\Users\HishamMo\Desktop\999_cs\Quantum_Inpired_PSO_Classifcation\MRI_dataset\Moyamoya Disease with Intraventricular Hemorrhage\Moyamoya_Disease_with_Intraventricular_Hemorrhage774.jpg,Moyamoya Disease with Intraventricular Hemorrhage
C:\Users\HishamMo\Desktop\999_cs\Quantum_Inpired_PSO_Classifcation\MRI_dataset\Moyamoya Disease with Intraventricular Hemorrhage\Moyamoya_Disease_with_Intraventricular_Hemorrhage775.jpg,Moyamoya Disease with Intraventricular Hemorrhage
C:\Users\HishamMo\Desktop\999_cs\Quantum_Inpired_PSO_Classifcation\MRI_dataset\Moyamoya Disease with Intraventricular Hemorrhage\Moyamoya_Disease_with_Intraventricular_Hemorrhage776.jpg,Moyamoya Disease with Intraventricular Hemorrhage
C:\Users\HishamMo\Desktop\999_cs\Quantum_Inpired_PSO_Classifcation\MRI_dataset\Moyamoya Disease with Intraventricular Hemorrhage\Moyamoya_Disease_with_Intraventricular_Hemorrhage777.jpg,Moyamoya Disease with Intraventricular Hemorrhage
C:\Users\HishamMo\Desktop\999_cs\Quantum_Inpired_PSO_Classifcation\MRI_dataset\Moyamoya Disease with Intraventricular Hemorrhage\Moyamoya_Disease_with_Intraventricular_Hemorrhage778.jpg,Moyamoya Disease with Intraventricular Hemorrhage
C:\Users\HishamMo\Desktop\999_cs\Quantum_Inpired_PSO_Classifcation\MRI_dataset\Moyamoya Disease with Intraventricular Hemorrhage\Moyamoya_Disease_with_Intraventricular_Hemorrhage779.jpg,Moyamoya Disease with Intraventricular Hemorrhage
C:\Users\HishamMo\Desktop\999_cs\Quantum_Inpired_PSO_Classifcation\MRI_dataset\Moyamoya Disease with Intraventricular Hemorrhage\Moyamoya_Disease_with_Intraventricular_Hemorrhage780.jpg,Moyamoya Disease with Intraventricular Hemorrhage
C:\Users\HishamMo\Desktop\999_cs\Quantum_Inpired_PSO_Classifcation\MRI_dataset\Moyamoya Disease with Intraventricular Hemorrhage\Moyamoya_Disease_with_Intraventricular_Hemorrhage781.jpg,Moyamoya Disease with Intraventricular Hemorrhage
C:\Users\HishamMo\Desktop\999_cs\Quantum_Inpired_PSO_Classifcation\MRI_dataset\Moyamoya Disease with Intraventricular Hemorrhage\Moyamoya_Disease_with_Intraventricular_Hemorrhage782.jpg,Moyamoya Disease with Intraventricular Hemorrhage
C:\Users\HishamMo\Desktop\999_cs\Quantum_Inpired_PSO_Classifcation\MRI_dataset\Moyamoya Disease with Intraventricular Hemorrhage\Moyamoya_Disease_with_Intraventricular_Hemorrhage783.jpg,Moyamoya Disease with Intraventricular Hemorrhage
C:\Users\HishamMo\Desktop\999_cs\Quantum_Inpired_PSO_Classifcation\MRI_dataset\Moyamoya Disease with Intraventricular Hemorrhage\Moyamoya_Disease_with_Intraventricular_Hemorrhage784.jpg,Moyamoya Disease with Intraventricular Hemorrhage
C:\Users\HishamMo\Desktop\999_cs\Quantum_Inpired_PSO_Classifcation\MRI_dataset\Moyamoya Disease with Intraventricular Hemorrhage\Moyamoya_Disease_with_Intraventricular_Hemorrhage785.jpg,Moyamoya Disease with Intraventricular Hemorrhage
C:\Users\HishamMo\Desktop\999_cs\Quantum_Inpired_PSO_Classifcation\MRI_dataset\Moyamoya Disease with Intraventricular Hemorrhage\Moyamoya_Disease_with_Intraventricular_Hemorrhage786.jpg,Moyamoya Disease with Intraventricular Hemorrhage
C:\Users\HishamMo\Desktop\999_cs\Quantum_Inpired_PSO_Classifcation\MRI_dataset\Moyamoya Disease with Intraventricular Hemorrhage\Moyamoya_Disease_with_Intraventricular_Hemorrhage787.jpg,Moyamoya Disease with Intraventricular Hemorrhage
C:\Users\HishamMo\Desktop\999_cs\Quantum_Inpired_PSO_Classifcation\MRI_dataset\Moyamoya Disease with Intraventricular Hemorrhage\Moyamoya_Disease_with_Intraventricular_Hemorrhage788.jpg,Moyamoya Disease with Intraventricular Hemorrhage
C:\Users\HishamMo\Desktop\999_cs\Quantum_Inpired_PSO_Classifcation\MRI_dataset\Moyamoya Disease with Intraventricular Hemorrhage\Moyamoya_Disease_with_Intraventricular_Hemorrhage789.jpg,Moyamoya Disease with Intraventricular Hemorrhage
C:\Users\HishamMo\Desktop\999_cs\Quantum_Inpired_PSO_Classifcation\MRI_dataset\Moyamoya Disease with Intraventricular Hemorrhage\Moyamoya_Disease_with_Intraventricular_Hemorrhage790.jpg,Moyamoya Disease with Intraventricular Hemorrhage
C:\Users\HishamMo\Desktop\999_cs\Quantum_Inpired_PSO_Classifcation\MRI_dataset\Moyamoya Disease with Intraventricular Hemorrhage\Moyamoya_Disease_with_Intraventricular_Hemorrhage791.jpg,Moyamoya Disease with Intraventricular Hemorrhage
C:\Users\HishamMo\Desktop\999_cs\Quantum_Inpired_PSO_Classifcation\MRI_dataset\Moyamoya Disease with Intraventricular Hemorrhage\Moyamoya_Disease_with_Intraventricular_Hemorrhage792.jpg,Moyamoya Disease with Intraventricular Hemorrhage
C:\Users\HishamMo\Desktop\999_cs\Quantum_Inpired_PSO_Classifcation\MRI_dataset\Moyamoya Disease with Intraventricular Hemorrhage\Moyamoya_Disease_with_Intraventricular_Hemorrhage793.jpg,Moyamoya Disease with Intraventricular Hemorrhage
C:\Users\HishamMo\Desktop\999_cs\Quantum_Inpired_PSO_Classifcation\MRI_dataset\Moyamoya Disease with Intraventricular Hemorrhage\Moyamoya_Disease_with_Intraventricular_Hemorrhage794.jpg,Moyamoya Disease with Intraventricular Hemorrhage
C:\Users\HishamMo\Desktop\999_cs\Quantum_Inpired_PSO_Classifcation\MRI_dataset\Moyamoya Disease with Intraventricular Hemorrhage\Moyamoya_Disease_with_Intraventricular_Hemorrhage795.jpg,Moyamoya Disease with Intraventricular Hemorrhage
C:\Users\HishamMo\Desktop\999_cs\Quantum_Inpired_PSO_Classifcation\MRI_dataset\Moyamoya Disease with Intraventricular Hemorrhage\Moyamoya_Disease_with_Intraventricular_Hemorrhage796.jpg,Moyamoya Disease with Intraventricular Hemorrhage
C:\Users\HishamMo\Desktop\999_cs\Quantum_Inpired_PSO_Classifcation\MRI_dataset\Moyamoya Disease with Intraventricular Hemorrhage\Moyamoya_Disease_with_Intraventricular_Hemorrhage797.jpg,Moyamoya Disease with Intraventricular Hemorrhage
C:\Users\HishamMo\Desktop\999_cs\Quantum_Inpired_PSO_Classifcation\MRI_dataset\Moyamoya Disease with Intraventricular Hemorrhage\Moyamoya_Disease_with_Intraventricular_Hemorrhage798.jpg,Moyamoya Disease with Intraventricular Hemorrhage
C:\Users\HishamMo\Desktop\999_cs\Quantum_Inpired_PSO_Classifcation\MRI_dataset\Moyamoya Disease with Intraventricular Hemorrhage\Moyamoya_Disease_with_Intraventricular_Hemorrhage799.jpg,Moyamoya Disease with Intraventricular Hemorrhage
C:\Users\HishamMo\Desktop\999_cs\Quantum_Inpired_PSO_Classifcation\MRI_dataset\Moyamoya Disease with Intraventricular Hemorrhage\Moyamoya_Disease_with_Intraventricular_Hemorrhage800.jpg,Moyamoya Disease with Intraventricular Hemorrhage
C:\Users\HishamMo\Desktop\999_cs\Quantum_Inpired_PSO_Classifcation\MRI_dataset\Moyamoya Disease with Intraventricular Hemorrhage\Moyamoya_Disease_with_Intraventricular_Hemorrhage801.jpg,Moyamoya Disease with Intraventricular Hemorrhage
C:\Users\HishamMo\Desktop\999_cs\Quantum_Inpired_PSO_Classifcation\MRI_dataset\Moyamoya Disease with Intraventricular Hemorrhage\Moyamoya_Disease_with_Intraventricular_Hemorrhage802.jpg,Moyamoya Disease with Intraventricular Hemorrhage
C:\Users\HishamMo\Desktop\999_cs\Quantum_Inpired_PSO_Classifcation\MRI_dataset\Moyamoya Disease with Intraventricular Hemorrhage\Moyamoya_Disease_with_Intraventricular_Hemorrhage803.jpg,Moyamoya Disease with Intraventricular Hemorrhage
C:\Users\HishamMo\Desktop\999_cs\Quantum_Inpired_PSO_Classifcation\MRI_dataset\Moyamoya Disease with Intraventricular Hemorrhage\Moyamoya_Disease_with_Intraventricular_Hemorrhage804.jpg,Moyamoya Disease with Intraventricular Hemorrhage
C:\Users\HishamMo\Desktop\999_cs\Quantum_Inpired_PSO_Classifcation\MRI_dataset\Moyamoya Disease with Intraventricular Hemorrhage\Moyamoya_Disease_with_Intraventricular_Hemorrhage805.jpg,Moyamoya Disease with Intraventricular Hemorrhage
C:\Users\HishamMo\Desktop\999_cs\Quantum_Inpired_PSO_Classifcation\MRI_dataset\Moyamoya Disease with Intraventricular Hemorrhage\Moyamoya_Disease_with_Intraventricular_Hemorrhage806.jpg,Moyamoya Disease with Intraventricular Hemorrhage
C:\Users\HishamMo\Desktop\999_cs\Quantum_Inpired_PSO_Classifcation\MRI_dataset\Moyamoya Disease with Intraventricular Hemorrhage\Moyamoya_Disease_with_Intraventricular_Hemorrhage807.jpg,Moyamoya Disease with Intraventricular Hemorrhage
C:\Users\HishamMo\Desktop\999_cs\Quantum_Inpired_PSO_Classifcation\MRI_dataset\Moyamoya Disease with Intraventricular Hemorrhage\Moyamoya_Disease_with_Intraventricular_Hemorrhage808.jpg,Moyamoya Disease with Intraventricular Hemorrhage
C:\Users\HishamMo\Desktop\999_cs\Quantum_Inpired_PSO_Classifcation\MRI_dataset\Moyamoya Disease with Intraventricular Hemorrhage\Moyamoya_Disease_with_Intraventricular_Hemorrhage809.jpg,Moyamoya Disease with Intraventricular Hemorrhage
C:\Users\HishamMo\Desktop\999_cs\Quantum_Inpired_PSO_Classifcation\MRI_dataset\Moyamoya Disease with Intraventricular Hemorrhage\Moyamoya_Disease_with_Intraventricular_Hemorrhage810.jpg,Moyamoya Disease with Intraventricular Hemorrhage
C:\Users\HishamMo\Desktop\999_cs\Quantum_Inpired_PSO_Classifcation\MRI_dataset\Moyamoya Disease with Intraventricular Hemorrhage\Moyamoya_Disease_with_Intraventricular_Hemorrhage811.jpg,Moyamoya Disease with Intraventricular Hemorrhage
C:\Users\HishamMo\Desktop\999_cs\Quantum_Inpired_PSO_Classifcation\MRI_dataset\Moyamoya Disease with Intraventricular Hemorrhage\Moyamoya_Disease_with_Intraventricular_Hemorrhage812.jpg,Moyamoya Disease with Intraventricular Hemorrhage
C:\Users\HishamMo\Desktop\999_cs\Quantum_Inpired_PSO_Classifcation\MRI_dataset\Moyamoya Disease with Intraventricular Hemorrhage\Moyamoya_Disease_with_Intraventricular_Hemorrhage813.jpg,Moyamoya Disease with Intraventricular Hemorrhage
C:\Users\HishamMo\Desktop\999_cs\Quantum_Inpired_PSO_Classifcation\MRI_dataset\Moyamoya Disease with Intraventricular Hemorrhage\Moyamoya_Disease_with_Intraventricular_Hemorrhage814.jpg,Moyamoya Disease with Intraventricular Hemorrhage
C:\Users\HishamMo\Desktop\999_cs\Quantum_Inpired_PSO_Classifcation\MRI_dataset\Moyamoya Disease with Intraventricular Hemorrhage\Moyamoya_Disease_with_Intraventricular_Hemorrhage815.jpg,Moyamoya Disease with Intraventricular Hemorrhage
C:\Users\HishamMo\Desktop\999_cs\Quantum_Inpired_PSO_Classifcation\MRI_dataset\Moyamoya Disease with Intraventricular Hemorrhage\Moyamoya_Disease_with_Intraventricular_Hemorrhage816.jpg,Moyamoya Disease with Intraventricular Hemorrhage
C:\Users\HishamMo\Desktop\999_cs\Quantum_Inpired_PSO_Classifcation\MRI_dataset\Moyamoya Disease with Intraventricular Hemorrhage\Moyamoya_Disease_with_Intraventricular_Hemorrhage817.jpg,Moyamoya Disease with Intraventricular Hemorrhage
C:\Users\HishamMo\Desktop\999_cs\Quantum_Inpired_PSO_Classifcation\MRI_dataset\Moyamoya Disease with Intraventricular Hemorrhage\Moyamoya_Disease_with_Intraventricular_Hemorrhage818.jpg,Moyamoya Disease with Intraventricular Hemorrhage
C:\Users\HishamMo\Desktop\999_cs\Quantum_Inpired_PSO_Classifcation\MRI_dataset\Moyamoya Disease with Intraventricular Hemorrhage\Moyamoya_Disease_with_Intraventricular_Hemorrhage819.jpg,Moyamoya Disease with Intraventricular Hemorrhage
C:\Users\HishamMo\Desktop\999_cs\Quantum_Inpired_PSO_Classifcation\MRI_dataset\Moyamoya Disease with Intraventricular Hemorrhage\Moyamoya_Disease_with_Intraventricular_Hemorrhage820.jpg,Moyamoya Disease with Intraventricular Hemorrhage
C:\Users\HishamMo\Desktop\999_cs\Quantum_Inpired_PSO_Classifcation\MRI_dataset\Moyamoya Disease with Intraventricular Hemorrhage\Moyamoya_Disease_with_Intraventricular_Hemorrhage821.jpg,Moyamoya Disease with Intraventricular Hemorrhage
C:\Users\HishamMo\Desktop\999_cs\Quantum_Inpired_PSO_Classifcation\MRI_dataset\Moyamoya Disease with Intraventricular Hemorrhage\Moyamoya_Disease_with_Intraventricular_Hemorrhage822.jpg,Moyamoya Disease with Intraventricular Hemorrhage
C:\Users\HishamMo\Desktop\999_cs\Quantum_Inpired_PSO_Classifcation\MRI_dataset\Moyamoya Disease with Intraventricular Hemorrhage\Moyamoya_Disease_with_Intraventricular_Hemorrhage823.jpg,Moyamoya Disease with Intraventricular Hemorrhage
C:\Users\HishamMo\Desktop\999_cs\Quantum_Inpired_PSO_Classifcation\MRI_dataset\Moyamoya Disease with Intraventricular Hemorrhage\Moyamoya_Disease_with_Intraventricular_Hemorrhage824.jpg,Moyamoya Disease with Intraventricular Hemorrhage
C:\Users\HishamMo\Desktop\999_cs\Quantum_Inpired_PSO_Classifcation\MRI_dataset\Moyamoya Disease with Intraventricular Hemorrhage\Moyamoya_Disease_with_Intraventricular_Hemorrhage825.jpg,Moyamoya Disease with Intraventricular Hemorrhage
C:\Users\HishamMo\Desktop\999_cs\Quantum_Inpired_PSO_Classifcation\MRI_dataset\Moyamoya Disease with Intraventricular Hemorrhage\Moyamoya_Disease_with_Intraventricular_Hemorrhage826.jpg,Moyamoya Disease with Intraventricular Hemorrhage
C:\Users\HishamMo\Desktop\999_cs\Quantum_Inpired_PSO_Classifcation\MRI_dataset\Moyamoya Disease with Intraventricular Hemorrhage\Moyamoya_Disease_with_Intraventricular_Hemorrhage827.jpg,Moyamoya Disease with Intraventricular Hemorrhage
C:\Users\HishamMo\Desktop\999_cs\Quantum_Inpired_PSO_Classifcation\MRI_dataset\Moyamoya Disease with Intraventricular Hemorrhage\Moyamoya_Disease_with_Intraventricular_Hemorrhage828.jpg,Moyamoya Disease with Intraventricular Hemorrhage
C:\Users\HishamMo\Desktop\999_cs\Quantum_Inpired_PSO_Classifcation\MRI_dataset\Moyamoya Disease with Intraventricular Hemorrhage\Moyamoya_Disease_with_Intraventricular_Hemorrhage829.jpg,Moyamoya Disease with Intraventricular Hemorrhage
C:\Users\HishamMo\Desktop\999_cs\Quantum_Inpired_PSO_Classifcation\MRI_dataset\Moyamoya Disease with Intraventricular Hemorrhage\Moyamoya_Disease_with_Intraventricular_Hemorrhage830.jpg,Moyamoya Disease with Intraventricular Hemorrhage
C:\Users\HishamMo\Desktop\999_cs\Quantum_Inpired_PSO_Classifcation\MRI_dataset\Moyamoya Disease with Intraventricular Hemorrhage\Moyamoya_Disease_with_Intraventricular_Hemorrhage831.jpg,Moyamoya Disease with Intraventricular Hemorrhage
C:\Users\HishamMo\Desktop\999_cs\Quantum_Inpired_PSO_Classifcation\MRI_dataset\Moyamoya Disease with Intraventricular Hemorrhage\Moyamoya_Disease_with_Intraventricular_Hemorrhage832.jpg,Moyamoya Disease with Intraventricular Hemorrhage
C:\Users\HishamMo\Desktop\999_cs\Quantum_Inpired_PSO_Classifcation\MRI_dataset\Moyamoya Disease with Intraventricular Hemorrhage\Moyamoya_Disease_with_Intraventricular_Hemorrhage833.jpg,Moyamoya Disease with Intraventricular Hemorrhage
C:\Users\HishamMo\Desktop\999_cs\Quantum_Inpired_PSO_Classifcation\MRI_dataset\Moyamoya Disease with Intraventricular Hemorrhage\Moyamoya_Disease_with_Intraventricular_Hemorrhage834.jpg,Moyamoya Disease with Intraventricular Hemorrhage
C:\Users\HishamMo\Desktop\999_cs\Quantum_Inpired_PSO_Classifcation\MRI_dataset\Moyamoya Disease with Intraventricular Hemorrhage\Moyamoya_Disease_with_Intraventricular_Hemorrhage835.jpg,Moyamoya Disease with Intraventricular Hemorrhage
C:\Users\HishamMo\Desktop\999_cs\Quantum_Inpired_PSO_Classifcation\MRI_dataset\Moyamoya Disease with Intraventricular Hemorrhage\Moyamoya_Disease_with_Intraventricular_Hemorrhage836.jpg,Moyamoya Disease with Intraventricular Hemorrhage
C:\Users\HishamMo\Desktop\999_cs\Quantum_Inpired_PSO_Classifcation\MRI_dataset\Moyamoya Disease with Intraventricular Hemorrhage\Moyamoya_Disease_with_Intraventricular_Hemorrhage837.jpg,Moyamoya Disease with Intraventricular Hemorrhage
C:\Users\HishamMo\Desktop\999_cs\Quantum_Inpired_PSO_Classifcation\MRI_dataset\Moyamoya Disease with Intraventricular Hemorrhage\Moyamoya_Disease_with_Intraventricular_Hemorrhage838.jpg,Moyamoya Disease with Intraventricular Hemorrhage
C:\Users\HishamMo\Desktop\999_cs\Quantum_Inpired_PSO_Classifcation\MRI_dataset\Moyamoya Disease with Intraventricular Hemorrhage\Moyamoya_Disease_with_Intraventricular_Hemorrhage839.jpg,Moyamoya Disease with Intraventricular Hemorrhage
C:\Users\HishamMo\Desktop\999_cs\Quantum_Inpired_PSO_Classifcation\MRI_dataset\Moyamoya Disease with Intraventricular Hemorrhage\Moyamoya_Disease_with_Intraventricular_Hemorrhage840.jpg,Moyamoya Disease with Intraventricular Hemorrhage
C:\Users\HishamMo\Desktop\999_cs\Quantum_Inpired_PSO_Classifcation\MRI_dataset\Moyamoya Disease with Intraventricular Hemorrhage\Moyamoya_Disease_with_Intraventricular_Hemorrhage841.jpg,Moyamoya Disease with Intraventricular Hemorrhage
C:\Users\HishamMo\Desktop\999_cs\Quantum_Inpired_PSO_Classifcation\MRI_dataset\Moyamoya Disease with Intraventricular Hemorrhage\Moyamoya_Disease_with_Intraventricular_Hemorrhage842.jpg,Moyamoya Disease with Intraventricular Hemorrhage
C:\Users\HishamMo\Desktop\999_cs\Quantum_Inpired_PSO_Classifcation\MRI_dataset\Moyamoya Disease with Intraventricular Hemorrhage\Moyamoya_Disease_with_Intraventricular_Hemorrhage843.jpg,Moyamoya Disease with Intraventricular Hemorrhage
C:\Users\HishamMo\Desktop\999_cs\Quantum_Inpired_PSO_Classifcation\MRI_dataset\Moyamoya Disease with Intraventricular Hemorrhage\Moyamoya_Disease_with_Intraventricular_Hemorrhage844.jpg,Moyamoya Disease with Intraventricular Hemorrhage
C:\Users\HishamMo\Desktop\999_cs\Quantum_Inpired_PSO_Classifcation\MRI_dataset\Moyamoya Disease with Intraventricular Hemorrhage\Moyamoya_Disease_with_Intraventricular_Hemorrhage845.jpg,Moyamoya Disease with Intraventricular Hemorrhage
C:\Users\HishamMo\Desktop\999_cs\Quantum_Inpired_PSO_Classifcation\MRI_dataset\Moyamoya Disease with Intraventricular Hemorrhage\Moyamoya_Disease_with_Intraventricular_Hemorrhage846.jpg,Moyamoya Disease with Intraventricular Hemorrhage
C:\Users\HishamMo\Desktop\999_cs\Quantum_Inpired_PSO_Classifcation\MRI_dataset\Moyamoya Disease with Intraventricular Hemorrhage\Moyamoya_Disease_with_Intraventricular_Hemorrhage847.jpg,Moyamoya Disease with Intraventricular Hemorrhage
C:\Users\HishamMo\Desktop\999_cs\Quantum_Inpired_PSO_Classifcation\MRI_dataset\Moyamoya Disease with Intraventricular Hemorrhage\Moyamoya_Disease_with_Intraventricular_Hemorrhage848.jpg,Moyamoya Disease with Intraventricular Hemorrhage
C:\Users\HishamMo\Desktop\999_cs\Quantum_Inpired_PSO_Classifcation\MRI_dataset\Moyamoya Disease with Intraventricular Hemorrhage\Moyamoya_Disease_with_Intraventricular_Hemorrhage849.jpg,Moyamoya Disease with Intraventricular Hemorrhage
C:\Users\HishamMo\Desktop\999_cs\Quantum_Inpired_PSO_Classifcation\MRI_dataset\Moyamoya Disease with Intraventricular Hemorrhage\Moyamoya_Disease_with_Intraventricular_Hemorrhage850.jpg,Moyamoya Disease with Intraventricular Hemorrhage
C:\Users\HishamMo\Desktop\999_cs\Quantum_Inpired_PSO_Classifcation\MRI_dataset\Moyamoya Disease with Intraventricular Hemorrhage\Moyamoya_Disease_with_Intraventricular_Hemorrhage851.jpg,Moyamoya Disease with Intraventricular Hemorrhage
C:\Users\HishamMo\Desktop\999_cs\Quantum_Inpired_PSO_Classifcation\MRI_dataset\Moyamoya Disease with Intraventricular Hemorrhage\Moyamoya_Disease_with_Intraventricular_Hemorrhage852.jpg,Moyamoya Disease with Intraventricular Hemorrhage
C:\Users\HishamMo\Desktop\999_cs\Quantum_Inpired_PSO_Classifcation\MRI_dataset\Moyamoya Disease with Intraventricular Hemorrhage\Moyamoya_Disease_with_Intraventricular_Hemorrhage853.jpg,Moyamoya Disease with Intraventricular Hemorrhage
C:\Users\HishamMo\Desktop\999_cs\Quantum_Inpired_PSO_Classifcation\MRI_dataset\Moyamoya Disease with Intraventricular Hemorrhage\Moyamoya_Disease_with_Intraventricular_Hemorrhage854.jpg,Moyamoya Disease with Intraventricular Hemorrhage
C:\Users\HishamMo\Desktop\999_cs\Quantum_Inpired_PSO_Classifcation\MRI_dataset\Moyamoya Disease with Intraventricular Hemorrhage\Moyamoya_Disease_with_Intraventricular_Hemorrhage855.jpg,Moyamoya Disease with Intraventricular Hemorrhage
C:\Users\HishamMo\Desktop\999_cs\Quantum_Inpired_PSO_Classifcation\MRI_dataset\Moyamoya Disease with Intraventricular Hemorrhage\Moyamoya_Disease_with_Intraventricular_Hemorrhage856.jpg,Moyamoya Disease with Intraventricular Hemorrhage
C:\Users\HishamMo\Desktop\999_cs\Quantum_Inpired_PSO_Classifcation\MRI_dataset\Moyamoya Disease with Intraventricular Hemorrhage\Moyamoya_Disease_with_Intraventricular_Hemorrhage857.jpg,Moyamoya Disease with Intraventricular Hemorrhage
C:\Users\HishamMo\Desktop\999_cs\Quantum_Inpired_PSO_Classifcation\MRI_dataset\Moyamoya Disease with Intraventricular Hemorrhage\Moyamoya_Disease_with_Intraventricular_Hemorrhage858.jpg,Moyamoya Disease with Intraventricular Hemorrhage
C:\Users\HishamMo\Desktop\999_cs\Quantum_Inpired_PSO_Classifcation\MRI_dataset\Moyamoya Disease with Intraventricular Hemorrhage\Moyamoya_Disease_with_Intraventricular_Hemorrhage859.jpg,Moyamoya Disease with Intraventricular Hemorrhage
C:\Users\HishamMo\Desktop\999_cs\Quantum_Inpired_PSO_Classifcation\MRI_dataset\Moyamoya Disease with Intraventricular Hemorrhage\Moyamoya_Disease_with_Intraventricular_Hemorrhage860.jpg,Moyamoya Disease with Intraventricular Hemorrhage
C:\Users\HishamMo\Desktop\999_cs\Quantum_Inpired_PSO_Classifcation\MRI_dataset\Moyamoya Disease with Intraventricular Hemorrhage\Moyamoya_Disease_with_Intraventricular_Hemorrhage861.jpg,Moyamoya Disease with Intraventricular Hemorrhage
C:\Users\HishamMo\Desktop\999_cs\Quantum_Inpired_PSO_Classifcation\MRI_dataset\Moyamoya Disease with Intraventricular Hemorrhage\Moyamoya_Disease_with_Intraventricular_Hemorrhage862.jpg,Moyamoya Disease with Intraventricular Hemorrhage
C:\Users\HishamMo\Desktop\999_cs\Quantum_Inpired_PSO_Classifcation\MRI_dataset\Moyamoya Disease with Intraventricular Hemorrhage\Moyamoya_Disease_with_Intraventricular_Hemorrhage863.jpg,Moyamoya Disease with Intraventricular Hemorrhage
C:\Users\HishamMo\Desktop\999_cs\Quantum_Inpired_PSO_Classifcation\MRI_dataset\Moyamoya Disease with Intraventricular Hemorrhage\Moyamoya_Disease_with_Intraventricular_Hemorrhage864.jpg,Moyamoya Disease with Intraventricular Hemorrhage
