image_path,label
C:\Users\HishamMo\Desktop\999_cs\Quantum_Inpired_PSO_Classifcation\MRI_dataset\Myositis Ossificans Progressiva\Myositis_Ossificans_Progressiva001.jpg,Myositis Ossificans Progressiva
C:\Users\HishamMo\Desktop\999_cs\Quantum_Inpired_PSO_Classifcation\MRI_dataset\Myositis Ossificans Progressiva\Myositis_Ossificans_Progressiva002.jpg,Myositis Ossificans Progressiva
C:\Users\HishamMo\Desktop\999_cs\Quantum_Inpired_PSO_Classifcation\MRI_dataset\Myositis Ossificans Progressiva\Myositis_Ossificans_Progressiva003.jpg,Myositis Ossificans Progressiva
C:\Users\HishamMo\Desktop\999_cs\Quantum_Inpired_PSO_Classifcation\MRI_dataset\Myositis Ossificans Progressiva\Myositis_Ossificans_Progressiva004.jpg,Myositis Ossificans Progressiva
C:\Users\HishamMo\Desktop\999_cs\Quantum_Inpired_PSO_Classifcation\MRI_dataset\Myositis Ossificans Progressiva\Myositis_Ossificans_Progressiva005.jpg,Myositis Ossificans Progressiva
C:\Users\HishamMo\Desktop\999_cs\Quantum_Inpired_PSO_Classifcation\MRI_dataset\Myositis Ossificans Progressiva\Myositis_Ossificans_Progressiva006.jpg,Myositis Ossificans Progressiva
C:\Users\HishamMo\Desktop\999_cs\Quantum_Inpired_PSO_Classifcation\MRI_dataset\Myositis Ossificans Progressiva\Myositis_Ossificans_Progressiva007.jpg,Myositis Ossificans Progressiva
C:\Users\HishamMo\Desktop\999_cs\Quantum_Inpired_PSO_Classifcation\MRI_dataset\Myositis Ossificans Progressiva\Myositis_Ossificans_Progressiva008.jpg,Myositis Ossificans Progressiva
C:\Users\HishamMo\Desktop\999_cs\Quantum_Inpired_PSO_Classifcation\MRI_dataset\Myositis Ossificans Progressiva\Myositis_Ossificans_Progressiva009.jpg,Myositis Ossificans Progressiva
C:\Users\HishamMo\Desktop\999_cs\Quantum_Inpired_PSO_Classifcation\MRI_dataset\Myositis Ossificans Progressiva\Myositis_Ossificans_Progressiva010.jpg,Myositis Ossificans Progressiva
C:\Users\HishamMo\Desktop\999_cs\Quantum_Inpired_PSO_Classifcation\MRI_dataset\Myositis Ossificans Progressiva\Myositis_Ossificans_Progressiva011.jpg,Myositis Ossificans Progressiva
C:\Users\HishamMo\Desktop\999_cs\Quantum_Inpired_PSO_Classifcation\MRI_dataset\Myositis Ossificans Progressiva\Myositis_Ossificans_Progressiva012.jpg,Myositis Ossificans Progressiva
C:\Users\HishamMo\Desktop\999_cs\Quantum_Inpired_PSO_Classifcation\MRI_dataset\Myositis Ossificans Progressiva\Myositis_Ossificans_Progressiva013.jpg,Myositis Ossificans Progressiva
C:\Users\HishamMo\Desktop\999_cs\Quantum_Inpired_PSO_Classifcation\MRI_dataset\Myositis Ossificans Progressiva\Myositis_Ossificans_Progressiva014.jpg,Myositis Ossificans Progressiva
C:\Users\HishamMo\Desktop\999_cs\Quantum_Inpired_PSO_Classifcation\MRI_dataset\Myositis Ossificans Progressiva\Myositis_Ossificans_Progressiva015.jpg,Myositis Ossificans Progressiva
C:\Users\HishamMo\Desktop\999_cs\Quantum_Inpired_PSO_Classifcation\MRI_dataset\Myositis Ossificans Progressiva\Myositis_Ossificans_Progressiva016.jpg,Myositis Ossificans Progressiva
C:\Users\HishamMo\Desktop\999_cs\Quantum_Inpired_PSO_Classifcation\MRI_dataset\Myositis Ossificans Progressiva\Myositis_Ossificans_Progressiva017.jpg,Myositis Ossificans Progressiva
C:\Users\HishamMo\Desktop\999_cs\Quantum_Inpired_PSO_Classifcation\MRI_dataset\Myositis Ossificans Progressiva\Myositis_Ossificans_Progressiva018.jpg,Myositis Ossificans Progressiva
C:\Users\HishamMo\Desktop\999_cs\Quantum_Inpired_PSO_Classifcation\MRI_dataset\Myositis Ossificans Progressiva\Myositis_Ossificans_Progressiva019.jpg,Myositis Ossificans Progressiva
C:\Users\HishamMo\Desktop\999_cs\Quantum_Inpired_PSO_Classifcation\MRI_dataset\Myositis Ossificans Progressiva\Myositis_Ossificans_Progressiva020.jpg,Myositis Ossificans Progressiva
C:\Users\HishamMo\Desktop\999_cs\Quantum_Inpired_PSO_Classifcation\MRI_dataset\Myositis Ossificans Progressiva\Myositis_Ossificans_Progressiva021.jpg,Myositis Ossificans Progressiva
C:\Users\HishamMo\Desktop\999_cs\Quantum_Inpired_PSO_Classifcation\MRI_dataset\Myositis Ossificans Progressiva\Myositis_Ossificans_Progressiva022.jpg,Myositis Ossificans Progressiva
C:\Users\HishamMo\Desktop\999_cs\Quantum_Inpired_PSO_Classifcation\MRI_dataset\Myositis Ossificans Progressiva\Myositis_Ossificans_Progressiva023.jpg,Myositis Ossificans Progressiva
C:\Users\HishamMo\Desktop\999_cs\Quantum_Inpired_PSO_Classifcation\MRI_dataset\Myositis Ossificans Progressiva\Myositis_Ossificans_Progressiva024.jpg,Myositis Ossificans Progressiva
C:\Users\HishamMo\Desktop\999_cs\Quantum_Inpired_PSO_Classifcation\MRI_dataset\Myositis Ossificans Progressiva\Myositis_Ossificans_Progressiva025.jpg,Myositis Ossificans Progressiva
C:\Users\HishamMo\Desktop\999_cs\Quantum_Inpired_PSO_Classifcation\MRI_dataset\Myositis Ossificans Progressiva\Myositis_Ossificans_Progressiva026.jpg,Myositis Ossificans Progressiva
C:\Users\HishamMo\Desktop\999_cs\Quantum_Inpired_PSO_Classifcation\MRI_dataset\Myositis Ossificans Progressiva\Myositis_Ossificans_Progressiva027.jpg,Myositis Ossificans Progressiva
C:\Users\HishamMo\Desktop\999_cs\Quantum_Inpired_PSO_Classifcation\MRI_dataset\Myositis Ossificans Progressiva\Myositis_Ossificans_Progressiva028.jpg,Myositis Ossificans Progressiva
C:\Users\HishamMo\Desktop\999_cs\Quantum_Inpired_PSO_Classifcation\MRI_dataset\Myositis Ossificans Progressiva\Myositis_Ossificans_Progressiva029.jpg,Myositis Ossificans Progressiva
C:\Users\HishamMo\Desktop\999_cs\Quantum_Inpired_PSO_Classifcation\MRI_dataset\Myositis Ossificans Progressiva\Myositis_Ossificans_Progressiva030.jpg,Myositis Ossificans Progressiva
C:\Users\HishamMo\Desktop\999_cs\Quantum_Inpired_PSO_Classifcation\MRI_dataset\Myositis Ossificans Progressiva\Myositis_Ossificans_Progressiva031.jpg,Myositis Ossificans Progressiva
C:\Users\HishamMo\Desktop\999_cs\Quantum_Inpired_PSO_Classifcation\MRI_dataset\Myositis Ossificans Progressiva\Myositis_Ossificans_Progressiva032.jpg,Myositis Ossificans Progressiva
C:\Users\HishamMo\Desktop\999_cs\Quantum_Inpired_PSO_Classifcation\MRI_dataset\Myositis Ossificans Progressiva\Myositis_Ossificans_Progressiva033.jpg,Myositis Ossificans Progressiva
C:\Users\HishamMo\Desktop\999_cs\Quantum_Inpired_PSO_Classifcation\MRI_dataset\Myositis Ossificans Progressiva\Myositis_Ossificans_Progressiva034.jpg,Myositis Ossificans Progressiva
C:\Users\HishamMo\Desktop\999_cs\Quantum_Inpired_PSO_Classifcation\MRI_dataset\Myositis Ossificans Progressiva\Myositis_Ossificans_Progressiva035.jpg,Myositis Ossificans Progressiva
C:\Users\HishamMo\Desktop\999_cs\Quantum_Inpired_PSO_Classifcation\MRI_dataset\Myositis Ossificans Progressiva\Myositis_Ossificans_Progressiva036.jpg,Myositis Ossificans Progressiva
C:\Users\HishamMo\Desktop\999_cs\Quantum_Inpired_PSO_Classifcation\MRI_dataset\Myositis Ossificans Progressiva\Myositis_Ossificans_Progressiva037.jpg,Myositis Ossificans Progressiva
C:\Users\HishamMo\Desktop\999_cs\Quantum_Inpired_PSO_Classifcation\MRI_dataset\Myositis Ossificans Progressiva\Myositis_Ossificans_Progressiva038.jpg,Myositis Ossificans Progressiva
C:\Users\HishamMo\Desktop\999_cs\Quantum_Inpired_PSO_Classifcation\MRI_dataset\Myositis Ossificans Progressiva\Myositis_Ossificans_Progressiva039.jpg,Myositis Ossificans Progressiva
C:\Users\HishamMo\Desktop\999_cs\Quantum_Inpired_PSO_Classifcation\MRI_dataset\Myositis Ossificans Progressiva\Myositis_Ossificans_Progressiva040.jpg,Myositis Ossificans Progressiva
C:\Users\HishamMo\Desktop\999_cs\Quantum_Inpired_PSO_Classifcation\MRI_dataset\Myositis Ossificans Progressiva\Myositis_Ossificans_Progressiva041.jpg,Myositis Ossificans Progressiva
C:\Users\HishamMo\Desktop\999_cs\Quantum_Inpired_PSO_Classifcation\MRI_dataset\Myositis Ossificans Progressiva\Myositis_Ossificans_Progressiva042.jpg,Myositis Ossificans Progressiva
C:\Users\HishamMo\Desktop\999_cs\Quantum_Inpired_PSO_Classifcation\MRI_dataset\Myositis Ossificans Progressiva\Myositis_Ossificans_Progressiva043.jpg,Myositis Ossificans Progressiva
C:\Users\HishamMo\Desktop\999_cs\Quantum_Inpired_PSO_Classifcation\MRI_dataset\Myositis Ossificans Progressiva\Myositis_Ossificans_Progressiva044.jpg,Myositis Ossificans Progressiva
C:\Users\HishamMo\Desktop\999_cs\Quantum_Inpired_PSO_Classifcation\MRI_dataset\Myositis Ossificans Progressiva\Myositis_Ossificans_Progressiva045.jpg,Myositis Ossificans Progressiva
C:\Users\HishamMo\Desktop\999_cs\Quantum_Inpired_PSO_Classifcation\MRI_dataset\Myositis Ossificans Progressiva\Myositis_Ossificans_Progressiva046.jpg,Myositis Ossificans Progressiva
C:\Users\HishamMo\Desktop\999_cs\Quantum_Inpired_PSO_Classifcation\MRI_dataset\Myositis Ossificans Progressiva\Myositis_Ossificans_Progressiva047.jpg,Myositis Ossificans Progressiva
C:\Users\HishamMo\Desktop\999_cs\Quantum_Inpired_PSO_Classifcation\MRI_dataset\Myositis Ossificans Progressiva\Myositis_Ossificans_Progressiva048.jpg,Myositis Ossificans Progressiva
C:\Users\HishamMo\Desktop\999_cs\Quantum_Inpired_PSO_Classifcation\MRI_dataset\Myositis Ossificans Progressiva\Myositis_Ossificans_Progressiva049.jpg,Myositis Ossificans Progressiva
C:\Users\HishamMo\Desktop\999_cs\Quantum_Inpired_PSO_Classifcation\MRI_dataset\Myositis Ossificans Progressiva\Myositis_Ossificans_Progressiva050.jpg,Myositis Ossificans Progressiva
C:\Users\HishamMo\Desktop\999_cs\Quantum_Inpired_PSO_Classifcation\MRI_dataset\Myositis Ossificans Progressiva\Myositis_Ossificans_Progressiva051.jpg,Myositis Ossificans Progressiva
C:\Users\HishamMo\Desktop\999_cs\Quantum_Inpired_PSO_Classifcation\MRI_dataset\Myositis Ossificans Progressiva\Myositis_Ossificans_Progressiva052.jpg,Myositis Ossificans Progressiva
C:\Users\HishamMo\Desktop\999_cs\Quantum_Inpired_PSO_Classifcation\MRI_dataset\Myositis Ossificans Progressiva\Myositis_Ossificans_Progressiva053.jpg,Myositis Ossificans Progressiva
C:\Users\HishamMo\Desktop\999_cs\Quantum_Inpired_PSO_Classifcation\MRI_dataset\Myositis Ossificans Progressiva\Myositis_Ossificans_Progressiva054.jpg,Myositis Ossificans Progressiva
C:\Users\HishamMo\Desktop\999_cs\Quantum_Inpired_PSO_Classifcation\MRI_dataset\Myositis Ossificans Progressiva\Myositis_Ossificans_Progressiva055.jpg,Myositis Ossificans Progressiva
C:\Users\HishamMo\Desktop\999_cs\Quantum_Inpired_PSO_Classifcation\MRI_dataset\Myositis Ossificans Progressiva\Myositis_Ossificans_Progressiva056.jpg,Myositis Ossificans Progressiva
C:\Users\HishamMo\Desktop\999_cs\Quantum_Inpired_PSO_Classifcation\MRI_dataset\Myositis Ossificans Progressiva\Myositis_Ossificans_Progressiva057.jpg,Myositis Ossificans Progressiva
C:\Users\HishamMo\Desktop\999_cs\Quantum_Inpired_PSO_Classifcation\MRI_dataset\Myositis Ossificans Progressiva\Myositis_Ossificans_Progressiva058.jpg,Myositis Ossificans Progressiva
C:\Users\HishamMo\Desktop\999_cs\Quantum_Inpired_PSO_Classifcation\MRI_dataset\Myositis Ossificans Progressiva\Myositis_Ossificans_Progressiva059.jpg,Myositis Ossificans Progressiva
C:\Users\HishamMo\Desktop\999_cs\Quantum_Inpired_PSO_Classifcation\MRI_dataset\Myositis Ossificans Progressiva\Myositis_Ossificans_Progressiva060.jpg,Myositis Ossificans Progressiva
C:\Users\HishamMo\Desktop\999_cs\Quantum_Inpired_PSO_Classifcation\MRI_dataset\Myositis Ossificans Progressiva\Myositis_Ossificans_Progressiva061.jpg,Myositis Ossificans Progressiva
C:\Users\HishamMo\Desktop\999_cs\Quantum_Inpired_PSO_Classifcation\MRI_dataset\Myositis Ossificans Progressiva\Myositis_Ossificans_Progressiva062.jpg,Myositis Ossificans Progressiva
C:\Users\HishamMo\Desktop\999_cs\Quantum_Inpired_PSO_Classifcation\MRI_dataset\Myositis Ossificans Progressiva\Myositis_Ossificans_Progressiva063.jpg,Myositis Ossificans Progressiva
C:\Users\HishamMo\Desktop\999_cs\Quantum_Inpired_PSO_Classifcation\MRI_dataset\Myositis Ossificans Progressiva\Myositis_Ossificans_Progressiva064.jpg,Myositis Ossificans Progressiva
C:\Users\HishamMo\Desktop\999_cs\Quantum_Inpired_PSO_Classifcation\MRI_dataset\Myositis Ossificans Progressiva\Myositis_Ossificans_Progressiva065.jpg,Myositis Ossificans Progressiva
C:\Users\HishamMo\Desktop\999_cs\Quantum_Inpired_PSO_Classifcation\MRI_dataset\Myositis Ossificans Progressiva\Myositis_Ossificans_Progressiva066.jpg,Myositis Ossificans Progressiva
C:\Users\HishamMo\Desktop\999_cs\Quantum_Inpired_PSO_Classifcation\MRI_dataset\Myositis Ossificans Progressiva\Myositis_Ossificans_Progressiva067.jpg,Myositis Ossificans Progressiva
C:\Users\HishamMo\Desktop\999_cs\Quantum_Inpired_PSO_Classifcation\MRI_dataset\Myositis Ossificans Progressiva\Myositis_Ossificans_Progressiva068.jpg,Myositis Ossificans Progressiva
C:\Users\HishamMo\Desktop\999_cs\Quantum_Inpired_PSO_Classifcation\MRI_dataset\Myositis Ossificans Progressiva\Myositis_Ossificans_Progressiva069.jpg,Myositis Ossificans Progressiva
C:\Users\HishamMo\Desktop\999_cs\Quantum_Inpired_PSO_Classifcation\MRI_dataset\Myositis Ossificans Progressiva\Myositis_Ossificans_Progressiva070.jpg,Myositis Ossificans Progressiva
C:\Users\HishamMo\Desktop\999_cs\Quantum_Inpired_PSO_Classifcation\MRI_dataset\Myositis Ossificans Progressiva\Myositis_Ossificans_Progressiva071.jpg,Myositis Ossificans Progressiva
C:\Users\HishamMo\Desktop\999_cs\Quantum_Inpired_PSO_Classifcation\MRI_dataset\Myositis Ossificans Progressiva\Myositis_Ossificans_Progressiva072.jpg,Myositis Ossificans Progressiva
C:\Users\HishamMo\Desktop\999_cs\Quantum_Inpired_PSO_Classifcation\MRI_dataset\Myositis Ossificans Progressiva\Myositis_Ossificans_Progressiva073.jpg,Myositis Ossificans Progressiva
C:\Users\HishamMo\Desktop\999_cs\Quantum_Inpired_PSO_Classifcation\MRI_dataset\Myositis Ossificans Progressiva\Myositis_Ossificans_Progressiva074.jpg,Myositis Ossificans Progressiva
C:\Users\HishamMo\Desktop\999_cs\Quantum_Inpired_PSO_Classifcation\MRI_dataset\Myositis Ossificans Progressiva\Myositis_Ossificans_Progressiva075.jpg,Myositis Ossificans Progressiva
C:\Users\HishamMo\Desktop\999_cs\Quantum_Inpired_PSO_Classifcation\MRI_dataset\Myositis Ossificans Progressiva\Myositis_Ossificans_Progressiva076.jpg,Myositis Ossificans Progressiva
C:\Users\HishamMo\Desktop\999_cs\Quantum_Inpired_PSO_Classifcation\MRI_dataset\Myositis Ossificans Progressiva\Myositis_Ossificans_Progressiva077.jpg,Myositis Ossificans Progressiva
C:\Users\HishamMo\Desktop\999_cs\Quantum_Inpired_PSO_Classifcation\MRI_dataset\Myositis Ossificans Progressiva\Myositis_Ossificans_Progressiva078.jpg,Myositis Ossificans Progressiva
C:\Users\HishamMo\Desktop\999_cs\Quantum_Inpired_PSO_Classifcation\MRI_dataset\Myositis Ossificans Progressiva\Myositis_Ossificans_Progressiva079.jpg,Myositis Ossificans Progressiva
C:\Users\HishamMo\Desktop\999_cs\Quantum_Inpired_PSO_Classifcation\MRI_dataset\Myositis Ossificans Progressiva\Myositis_Ossificans_Progressiva080.jpg,Myositis Ossificans Progressiva
C:\Users\HishamMo\Desktop\999_cs\Quantum_Inpired_PSO_Classifcation\MRI_dataset\Myositis Ossificans Progressiva\Myositis_Ossificans_Progressiva081.jpg,Myositis Ossificans Progressiva
C:\Users\HishamMo\Desktop\999_cs\Quantum_Inpired_PSO_Classifcation\MRI_dataset\Myositis Ossificans Progressiva\Myositis_Ossificans_Progressiva082.jpg,Myositis Ossificans Progressiva
C:\Users\HishamMo\Desktop\999_cs\Quantum_Inpired_PSO_Classifcation\MRI_dataset\Myositis Ossificans Progressiva\Myositis_Ossificans_Progressiva083.jpg,Myositis Ossificans Progressiva
C:\Users\HishamMo\Desktop\999_cs\Quantum_Inpired_PSO_Classifcation\MRI_dataset\Myositis Ossificans Progressiva\Myositis_Ossificans_Progressiva084.jpg,Myositis Ossificans Progressiva
C:\Users\HishamMo\Desktop\999_cs\Quantum_Inpired_PSO_Classifcation\MRI_dataset\Myositis Ossificans Progressiva\Myositis_Ossificans_Progressiva085.jpg,Myositis Ossificans Progressiva
C:\Users\HishamMo\Desktop\999_cs\Quantum_Inpired_PSO_Classifcation\MRI_dataset\Myositis Ossificans Progressiva\Myositis_Ossificans_Progressiva086.jpg,Myositis Ossificans Progressiva
C:\Users\HishamMo\Desktop\999_cs\Quantum_Inpired_PSO_Classifcation\MRI_dataset\Myositis Ossificans Progressiva\Myositis_Ossificans_Progressiva087.jpg,Myositis Ossificans Progressiva
C:\Users\HishamMo\Desktop\999_cs\Quantum_Inpired_PSO_Classifcation\MRI_dataset\Myositis Ossificans Progressiva\Myositis_Ossificans_Progressiva088.jpg,Myositis Ossificans Progressiva
C:\Users\HishamMo\Desktop\999_cs\Quantum_Inpired_PSO_Classifcation\MRI_dataset\Myositis Ossificans Progressiva\Myositis_Ossificans_Progressiva089.jpg,Myositis Ossificans Progressiva
C:\Users\HishamMo\Desktop\999_cs\Quantum_Inpired_PSO_Classifcation\MRI_dataset\Myositis Ossificans Progressiva\Myositis_Ossificans_Progressiva090.jpg,Myositis Ossificans Progressiva
C:\Users\HishamMo\Desktop\999_cs\Quantum_Inpired_PSO_Classifcation\MRI_dataset\Myositis Ossificans Progressiva\Myositis_Ossificans_Progressiva091.jpg,Myositis Ossificans Progressiva
C:\Users\HishamMo\Desktop\999_cs\Quantum_Inpired_PSO_Classifcation\MRI_dataset\Myositis Ossificans Progressiva\Myositis_Ossificans_Progressiva092.jpg,Myositis Ossificans Progressiva
C:\Users\HishamMo\Desktop\999_cs\Quantum_Inpired_PSO_Classifcation\MRI_dataset\Myositis Ossificans Progressiva\Myositis_Ossificans_Progressiva093.jpg,Myositis Ossificans Progressiva
C:\Users\HishamMo\Desktop\999_cs\Quantum_Inpired_PSO_Classifcation\MRI_dataset\Myositis Ossificans Progressiva\Myositis_Ossificans_Progressiva094.jpg,Myositis Ossificans Progressiva
C:\Users\HishamMo\Desktop\999_cs\Quantum_Inpired_PSO_Classifcation\MRI_dataset\Myositis Ossificans Progressiva\Myositis_Ossificans_Progressiva095.jpg,Myositis Ossificans Progressiva
C:\Users\HishamMo\Desktop\999_cs\Quantum_Inpired_PSO_Classifcation\MRI_dataset\Myositis Ossificans Progressiva\Myositis_Ossificans_Progressiva096.jpg,Myositis Ossificans Progressiva
C:\Users\HishamMo\Desktop\999_cs\Quantum_Inpired_PSO_Classifcation\MRI_dataset\Myositis Ossificans Progressiva\Myositis_Ossificans_Progressiva097.jpg,Myositis Ossificans Progressiva
C:\Users\HishamMo\Desktop\999_cs\Quantum_Inpired_PSO_Classifcation\MRI_dataset\Myositis Ossificans Progressiva\Myositis_Ossificans_Progressiva098.jpg,Myositis Ossificans Progressiva
C:\Users\HishamMo\Desktop\999_cs\Quantum_Inpired_PSO_Classifcation\MRI_dataset\Myositis Ossificans Progressiva\Myositis_Ossificans_Progressiva099.jpg,Myositis Ossificans Progressiva
C:\Users\HishamMo\Desktop\999_cs\Quantum_Inpired_PSO_Classifcation\MRI_dataset\Myositis Ossificans Progressiva\Myositis_Ossificans_Progressiva100.jpg,Myositis Ossificans Progressiva
C:\Users\HishamMo\Desktop\999_cs\Quantum_Inpired_PSO_Classifcation\MRI_dataset\Myositis Ossificans Progressiva\Myositis_Ossificans_Progressiva101.jpg,Myositis Ossificans Progressiva
C:\Users\HishamMo\Desktop\999_cs\Quantum_Inpired_PSO_Classifcation\MRI_dataset\Myositis Ossificans Progressiva\Myositis_Ossificans_Progressiva102.jpg,Myositis Ossificans Progressiva
C:\Users\HishamMo\Desktop\999_cs\Quantum_Inpired_PSO_Classifcation\MRI_dataset\Myositis Ossificans Progressiva\Myositis_Ossificans_Progressiva103.jpg,Myositis Ossificans Progressiva
C:\Users\HishamMo\Desktop\999_cs\Quantum_Inpired_PSO_Classifcation\MRI_dataset\Myositis Ossificans Progressiva\Myositis_Ossificans_Progressiva104.jpg,Myositis Ossificans Progressiva
C:\Users\HishamMo\Desktop\999_cs\Quantum_Inpired_PSO_Classifcation\MRI_dataset\Myositis Ossificans Progressiva\Myositis_Ossificans_Progressiva105.jpg,Myositis Ossificans Progressiva
C:\Users\HishamMo\Desktop\999_cs\Quantum_Inpired_PSO_Classifcation\MRI_dataset\Myositis Ossificans Progressiva\Myositis_Ossificans_Progressiva106.jpg,Myositis Ossificans Progressiva
C:\Users\HishamMo\Desktop\999_cs\Quantum_Inpired_PSO_Classifcation\MRI_dataset\Myositis Ossificans Progressiva\Myositis_Ossificans_Progressiva107.jpg,Myositis Ossificans Progressiva
C:\Users\HishamMo\Desktop\999_cs\Quantum_Inpired_PSO_Classifcation\MRI_dataset\Myositis Ossificans Progressiva\Myositis_Ossificans_Progressiva108.jpg,Myositis Ossificans Progressiva
C:\Users\HishamMo\Desktop\999_cs\Quantum_Inpired_PSO_Classifcation\MRI_dataset\Myositis Ossificans Progressiva\Myositis_Ossificans_Progressiva109.jpg,Myositis Ossificans Progressiva
C:\Users\HishamMo\Desktop\999_cs\Quantum_Inpired_PSO_Classifcation\MRI_dataset\Myositis Ossificans Progressiva\Myositis_Ossificans_Progressiva110.jpg,Myositis Ossificans Progressiva
C:\Users\HishamMo\Desktop\999_cs\Quantum_Inpired_PSO_Classifcation\MRI_dataset\Myositis Ossificans Progressiva\Myositis_Ossificans_Progressiva111.jpg,Myositis Ossificans Progressiva
C:\Users\HishamMo\Desktop\999_cs\Quantum_Inpired_PSO_Classifcation\MRI_dataset\Myositis Ossificans Progressiva\Myositis_Ossificans_Progressiva112.jpg,Myositis Ossificans Progressiva
C:\Users\HishamMo\Desktop\999_cs\Quantum_Inpired_PSO_Classifcation\MRI_dataset\Myositis Ossificans Progressiva\Myositis_Ossificans_Progressiva113.jpg,Myositis Ossificans Progressiva
C:\Users\HishamMo\Desktop\999_cs\Quantum_Inpired_PSO_Classifcation\MRI_dataset\Myositis Ossificans Progressiva\Myositis_Ossificans_Progressiva114.jpg,Myositis Ossificans Progressiva
C:\Users\HishamMo\Desktop\999_cs\Quantum_Inpired_PSO_Classifcation\MRI_dataset\Myositis Ossificans Progressiva\Myositis_Ossificans_Progressiva115.jpg,Myositis Ossificans Progressiva
C:\Users\HishamMo\Desktop\999_cs\Quantum_Inpired_PSO_Classifcation\MRI_dataset\Myositis Ossificans Progressiva\Myositis_Ossificans_Progressiva116.jpg,Myositis Ossificans Progressiva
C:\Users\HishamMo\Desktop\999_cs\Quantum_Inpired_PSO_Classifcation\MRI_dataset\Myositis Ossificans Progressiva\Myositis_Ossificans_Progressiva117.jpg,Myositis Ossificans Progressiva
C:\Users\HishamMo\Desktop\999_cs\Quantum_Inpired_PSO_Classifcation\MRI_dataset\Myositis Ossificans Progressiva\Myositis_Ossificans_Progressiva118.jpg,Myositis Ossificans Progressiva
C:\Users\HishamMo\Desktop\999_cs\Quantum_Inpired_PSO_Classifcation\MRI_dataset\Myositis Ossificans Progressiva\Myositis_Ossificans_Progressiva119.jpg,Myositis Ossificans Progressiva
C:\Users\HishamMo\Desktop\999_cs\Quantum_Inpired_PSO_Classifcation\MRI_dataset\Myositis Ossificans Progressiva\Myositis_Ossificans_Progressiva120.jpg,Myositis Ossificans Progressiva
C:\Users\HishamMo\Desktop\999_cs\Quantum_Inpired_PSO_Classifcation\MRI_dataset\Myositis Ossificans Progressiva\Myositis_Ossificans_Progressiva121.jpg,Myositis Ossificans Progressiva
C:\Users\HishamMo\Desktop\999_cs\Quantum_Inpired_PSO_Classifcation\MRI_dataset\Myositis Ossificans Progressiva\Myositis_Ossificans_Progressiva122.jpg,Myositis Ossificans Progressiva
C:\Users\HishamMo\Desktop\999_cs\Quantum_Inpired_PSO_Classifcation\MRI_dataset\Myositis Ossificans Progressiva\Myositis_Ossificans_Progressiva123.jpg,Myositis Ossificans Progressiva
C:\Users\HishamMo\Desktop\999_cs\Quantum_Inpired_PSO_Classifcation\MRI_dataset\Myositis Ossificans Progressiva\Myositis_Ossificans_Progressiva124.jpg,Myositis Ossificans Progressiva
C:\Users\HishamMo\Desktop\999_cs\Quantum_Inpired_PSO_Classifcation\MRI_dataset\Myositis Ossificans Progressiva\Myositis_Ossificans_Progressiva125.jpg,Myositis Ossificans Progressiva
C:\Users\HishamMo\Desktop\999_cs\Quantum_Inpired_PSO_Classifcation\MRI_dataset\Myositis Ossificans Progressiva\Myositis_Ossificans_Progressiva126.jpg,Myositis Ossificans Progressiva
C:\Users\HishamMo\Desktop\999_cs\Quantum_Inpired_PSO_Classifcation\MRI_dataset\Myositis Ossificans Progressiva\Myositis_Ossificans_Progressiva127.jpg,Myositis Ossificans Progressiva
C:\Users\HishamMo\Desktop\999_cs\Quantum_Inpired_PSO_Classifcation\MRI_dataset\Myositis Ossificans Progressiva\Myositis_Ossificans_Progressiva128.jpg,Myositis Ossificans Progressiva
C:\Users\HishamMo\Desktop\999_cs\Quantum_Inpired_PSO_Classifcation\MRI_dataset\Myositis Ossificans Progressiva\Myositis_Ossificans_Progressiva129.jpg,Myositis Ossificans Progressiva
C:\Users\HishamMo\Desktop\999_cs\Quantum_Inpired_PSO_Classifcation\MRI_dataset\Myositis Ossificans Progressiva\Myositis_Ossificans_Progressiva130.jpg,Myositis Ossificans Progressiva
C:\Users\HishamMo\Desktop\999_cs\Quantum_Inpired_PSO_Classifcation\MRI_dataset\Myositis Ossificans Progressiva\Myositis_Ossificans_Progressiva131.jpg,Myositis Ossificans Progressiva
C:\Users\HishamMo\Desktop\999_cs\Quantum_Inpired_PSO_Classifcation\MRI_dataset\Myositis Ossificans Progressiva\Myositis_Ossificans_Progressiva132.jpg,Myositis Ossificans Progressiva
C:\Users\HishamMo\Desktop\999_cs\Quantum_Inpired_PSO_Classifcation\MRI_dataset\Myositis Ossificans Progressiva\Myositis_Ossificans_Progressiva133.jpg,Myositis Ossificans Progressiva
C:\Users\HishamMo\Desktop\999_cs\Quantum_Inpired_PSO_Classifcation\MRI_dataset\Myositis Ossificans Progressiva\Myositis_Ossificans_Progressiva134.jpg,Myositis Ossificans Progressiva
C:\Users\HishamMo\Desktop\999_cs\Quantum_Inpired_PSO_Classifcation\MRI_dataset\Myositis Ossificans Progressiva\Myositis_Ossificans_Progressiva135.jpg,Myositis Ossificans Progressiva
C:\Users\HishamMo\Desktop\999_cs\Quantum_Inpired_PSO_Classifcation\MRI_dataset\Myositis Ossificans Progressiva\Myositis_Ossificans_Progressiva136.jpg,Myositis Ossificans Progressiva
C:\Users\HishamMo\Desktop\999_cs\Quantum_Inpired_PSO_Classifcation\MRI_dataset\Myositis Ossificans Progressiva\Myositis_Ossificans_Progressiva137.jpg,Myositis Ossificans Progressiva
C:\Users\HishamMo\Desktop\999_cs\Quantum_Inpired_PSO_Classifcation\MRI_dataset\Myositis Ossificans Progressiva\Myositis_Ossificans_Progressiva138.jpg,Myositis Ossificans Progressiva
C:\Users\HishamMo\Desktop\999_cs\Quantum_Inpired_PSO_Classifcation\MRI_dataset\Myositis Ossificans Progressiva\Myositis_Ossificans_Progressiva139.jpg,Myositis Ossificans Progressiva
C:\Users\HishamMo\Desktop\999_cs\Quantum_Inpired_PSO_Classifcation\MRI_dataset\Myositis Ossificans Progressiva\Myositis_Ossificans_Progressiva140.jpg,Myositis Ossificans Progressiva
C:\Users\HishamMo\Desktop\999_cs\Quantum_Inpired_PSO_Classifcation\MRI_dataset\Myositis Ossificans Progressiva\Myositis_Ossificans_Progressiva141.jpg,Myositis Ossificans Progressiva
C:\Users\HishamMo\Desktop\999_cs\Quantum_Inpired_PSO_Classifcation\MRI_dataset\Myositis Ossificans Progressiva\Myositis_Ossificans_Progressiva142.jpg,Myositis Ossificans Progressiva
C:\Users\HishamMo\Desktop\999_cs\Quantum_Inpired_PSO_Classifcation\MRI_dataset\Myositis Ossificans Progressiva\Myositis_Ossificans_Progressiva143.jpg,Myositis Ossificans Progressiva
C:\Users\HishamMo\Desktop\999_cs\Quantum_Inpired_PSO_Classifcation\MRI_dataset\Myositis Ossificans Progressiva\Myositis_Ossificans_Progressiva144.jpg,Myositis Ossificans Progressiva
C:\Users\HishamMo\Desktop\999_cs\Quantum_Inpired_PSO_Classifcation\MRI_dataset\Myositis Ossificans Progressiva\Myositis_Ossificans_Progressiva145.jpg,Myositis Ossificans Progressiva
C:\Users\HishamMo\Desktop\999_cs\Quantum_Inpired_PSO_Classifcation\MRI_dataset\Myositis Ossificans Progressiva\Myositis_Ossificans_Progressiva146.jpg,Myositis Ossificans Progressiva
C:\Users\HishamMo\Desktop\999_cs\Quantum_Inpired_PSO_Classifcation\MRI_dataset\Myositis Ossificans Progressiva\Myositis_Ossificans_Progressiva147.jpg,Myositis Ossificans Progressiva
C:\Users\HishamMo\Desktop\999_cs\Quantum_Inpired_PSO_Classifcation\MRI_dataset\Myositis Ossificans Progressiva\Myositis_Ossificans_Progressiva148.jpg,Myositis Ossificans Progressiva
C:\Users\HishamMo\Desktop\999_cs\Quantum_Inpired_PSO_Classifcation\MRI_dataset\Myositis Ossificans Progressiva\Myositis_Ossificans_Progressiva149.jpg,Myositis Ossificans Progressiva
C:\Users\HishamMo\Desktop\999_cs\Quantum_Inpired_PSO_Classifcation\MRI_dataset\Myositis Ossificans Progressiva\Myositis_Ossificans_Progressiva150.jpg,Myositis Ossificans Progressiva
C:\Users\HishamMo\Desktop\999_cs\Quantum_Inpired_PSO_Classifcation\MRI_dataset\Myositis Ossificans Progressiva\Myositis_Ossificans_Progressiva151.jpg,Myositis Ossificans Progressiva
C:\Users\HishamMo\Desktop\999_cs\Quantum_Inpired_PSO_Classifcation\MRI_dataset\Myositis Ossificans Progressiva\Myositis_Ossificans_Progressiva152.jpg,Myositis Ossificans Progressiva
C:\Users\HishamMo\Desktop\999_cs\Quantum_Inpired_PSO_Classifcation\MRI_dataset\Myositis Ossificans Progressiva\Myositis_Ossificans_Progressiva153.jpg,Myositis Ossificans Progressiva
C:\Users\HishamMo\Desktop\999_cs\Quantum_Inpired_PSO_Classifcation\MRI_dataset\Myositis Ossificans Progressiva\Myositis_Ossificans_Progressiva154.jpg,Myositis Ossificans Progressiva
C:\Users\HishamMo\Desktop\999_cs\Quantum_Inpired_PSO_Classifcation\MRI_dataset\Myositis Ossificans Progressiva\Myositis_Ossificans_Progressiva155.jpg,Myositis Ossificans Progressiva
C:\Users\HishamMo\Desktop\999_cs\Quantum_Inpired_PSO_Classifcation\MRI_dataset\Myositis Ossificans Progressiva\Myositis_Ossificans_Progressiva156.jpg,Myositis Ossificans Progressiva
C:\Users\HishamMo\Desktop\999_cs\Quantum_Inpired_PSO_Classifcation\MRI_dataset\Myositis Ossificans Progressiva\Myositis_Ossificans_Progressiva157.jpg,Myositis Ossificans Progressiva
C:\Users\HishamMo\Desktop\999_cs\Quantum_Inpired_PSO_Classifcation\MRI_dataset\Myositis Ossificans Progressiva\Myositis_Ossificans_Progressiva158.jpg,Myositis Ossificans Progressiva
C:\Users\HishamMo\Desktop\999_cs\Quantum_Inpired_PSO_Classifcation\MRI_dataset\Myositis Ossificans Progressiva\Myositis_Ossificans_Progressiva159.jpg,Myositis Ossificans Progressiva
C:\Users\HishamMo\Desktop\999_cs\Quantum_Inpired_PSO_Classifcation\MRI_dataset\Myositis Ossificans Progressiva\Myositis_Ossificans_Progressiva160.jpg,Myositis Ossificans Progressiva
C:\Users\HishamMo\Desktop\999_cs\Quantum_Inpired_PSO_Classifcation\MRI_dataset\Myositis Ossificans Progressiva\Myositis_Ossificans_Progressiva161.jpg,Myositis Ossificans Progressiva
C:\Users\HishamMo\Desktop\999_cs\Quantum_Inpired_PSO_Classifcation\MRI_dataset\Myositis Ossificans Progressiva\Myositis_Ossificans_Progressiva162.jpg,Myositis Ossificans Progressiva
C:\Users\HishamMo\Desktop\999_cs\Quantum_Inpired_PSO_Classifcation\MRI_dataset\Myositis Ossificans Progressiva\Myositis_Ossificans_Progressiva163.jpg,Myositis Ossificans Progressiva
C:\Users\HishamMo\Desktop\999_cs\Quantum_Inpired_PSO_Classifcation\MRI_dataset\Myositis Ossificans Progressiva\Myositis_Ossificans_Progressiva164.jpg,Myositis Ossificans Progressiva
C:\Users\HishamMo\Desktop\999_cs\Quantum_Inpired_PSO_Classifcation\MRI_dataset\Myositis Ossificans Progressiva\Myositis_Ossificans_Progressiva165.jpg,Myositis Ossificans Progressiva
C:\Users\HishamMo\Desktop\999_cs\Quantum_Inpired_PSO_Classifcation\MRI_dataset\Myositis Ossificans Progressiva\Myositis_Ossificans_Progressiva166.jpg,Myositis Ossificans Progressiva
C:\Users\HishamMo\Desktop\999_cs\Quantum_Inpired_PSO_Classifcation\MRI_dataset\Myositis Ossificans Progressiva\Myositis_Ossificans_Progressiva167.jpg,Myositis Ossificans Progressiva
C:\Users\HishamMo\Desktop\999_cs\Quantum_Inpired_PSO_Classifcation\MRI_dataset\Myositis Ossificans Progressiva\Myositis_Ossificans_Progressiva168.jpg,Myositis Ossificans Progressiva
C:\Users\HishamMo\Desktop\999_cs\Quantum_Inpired_PSO_Classifcation\MRI_dataset\Myositis Ossificans Progressiva\Myositis_Ossificans_Progressiva169.jpg,Myositis Ossificans Progressiva
C:\Users\HishamMo\Desktop\999_cs\Quantum_Inpired_PSO_Classifcation\MRI_dataset\Myositis Ossificans Progressiva\Myositis_Ossificans_Progressiva170.jpg,Myositis Ossificans Progressiva
C:\Users\HishamMo\Desktop\999_cs\Quantum_Inpired_PSO_Classifcation\MRI_dataset\Myositis Ossificans Progressiva\Myositis_Ossificans_Progressiva171.jpg,Myositis Ossificans Progressiva
C:\Users\HishamMo\Desktop\999_cs\Quantum_Inpired_PSO_Classifcation\MRI_dataset\Myositis Ossificans Progressiva\Myositis_Ossificans_Progressiva172.jpg,Myositis Ossificans Progressiva
C:\Users\HishamMo\Desktop\999_cs\Quantum_Inpired_PSO_Classifcation\MRI_dataset\Myositis Ossificans Progressiva\Myositis_Ossificans_Progressiva173.jpg,Myositis Ossificans Progressiva
C:\Users\HishamMo\Desktop\999_cs\Quantum_Inpired_PSO_Classifcation\MRI_dataset\Myositis Ossificans Progressiva\Myositis_Ossificans_Progressiva174.jpg,Myositis Ossificans Progressiva
C:\Users\HishamMo\Desktop\999_cs\Quantum_Inpired_PSO_Classifcation\MRI_dataset\Myositis Ossificans Progressiva\Myositis_Ossificans_Progressiva175.jpg,Myositis Ossificans Progressiva
C:\Users\HishamMo\Desktop\999_cs\Quantum_Inpired_PSO_Classifcation\MRI_dataset\Myositis Ossificans Progressiva\Myositis_Ossificans_Progressiva176.jpg,Myositis Ossificans Progressiva
C:\Users\HishamMo\Desktop\999_cs\Quantum_Inpired_PSO_Classifcation\MRI_dataset\Myositis Ossificans Progressiva\Myositis_Ossificans_Progressiva177.jpg,Myositis Ossificans Progressiva
C:\Users\HishamMo\Desktop\999_cs\Quantum_Inpired_PSO_Classifcation\MRI_dataset\Myositis Ossificans Progressiva\Myositis_Ossificans_Progressiva178.jpg,Myositis Ossificans Progressiva
C:\Users\HishamMo\Desktop\999_cs\Quantum_Inpired_PSO_Classifcation\MRI_dataset\Myositis Ossificans Progressiva\Myositis_Ossificans_Progressiva179.jpg,Myositis Ossificans Progressiva
C:\Users\HishamMo\Desktop\999_cs\Quantum_Inpired_PSO_Classifcation\MRI_dataset\Myositis Ossificans Progressiva\Myositis_Ossificans_Progressiva180.jpg,Myositis Ossificans Progressiva
C:\Users\HishamMo\Desktop\999_cs\Quantum_Inpired_PSO_Classifcation\MRI_dataset\Myositis Ossificans Progressiva\Myositis_Ossificans_Progressiva181.jpg,Myositis Ossificans Progressiva
C:\Users\HishamMo\Desktop\999_cs\Quantum_Inpired_PSO_Classifcation\MRI_dataset\Myositis Ossificans Progressiva\Myositis_Ossificans_Progressiva182.jpg,Myositis Ossificans Progressiva
C:\Users\HishamMo\Desktop\999_cs\Quantum_Inpired_PSO_Classifcation\MRI_dataset\Myositis Ossificans Progressiva\Myositis_Ossificans_Progressiva183.jpg,Myositis Ossificans Progressiva
C:\Users\HishamMo\Desktop\999_cs\Quantum_Inpired_PSO_Classifcation\MRI_dataset\Myositis Ossificans Progressiva\Myositis_Ossificans_Progressiva184.jpg,Myositis Ossificans Progressiva
C:\Users\HishamMo\Desktop\999_cs\Quantum_Inpired_PSO_Classifcation\MRI_dataset\Myositis Ossificans Progressiva\Myositis_Ossificans_Progressiva185.jpg,Myositis Ossificans Progressiva
C:\Users\HishamMo\Desktop\999_cs\Quantum_Inpired_PSO_Classifcation\MRI_dataset\Myositis Ossificans Progressiva\Myositis_Ossificans_Progressiva186.jpg,Myositis Ossificans Progressiva
C:\Users\HishamMo\Desktop\999_cs\Quantum_Inpired_PSO_Classifcation\MRI_dataset\Myositis Ossificans Progressiva\Myositis_Ossificans_Progressiva187.jpg,Myositis Ossificans Progressiva
C:\Users\HishamMo\Desktop\999_cs\Quantum_Inpired_PSO_Classifcation\MRI_dataset\Myositis Ossificans Progressiva\Myositis_Ossificans_Progressiva188.jpg,Myositis Ossificans Progressiva
C:\Users\HishamMo\Desktop\999_cs\Quantum_Inpired_PSO_Classifcation\MRI_dataset\Myositis Ossificans Progressiva\Myositis_Ossificans_Progressiva189.jpg,Myositis Ossificans Progressiva
C:\Users\HishamMo\Desktop\999_cs\Quantum_Inpired_PSO_Classifcation\MRI_dataset\Myositis Ossificans Progressiva\Myositis_Ossificans_Progressiva190.jpg,Myositis Ossificans Progressiva
C:\Users\HishamMo\Desktop\999_cs\Quantum_Inpired_PSO_Classifcation\MRI_dataset\Myositis Ossificans Progressiva\Myositis_Ossificans_Progressiva191.jpg,Myositis Ossificans Progressiva
C:\Users\HishamMo\Desktop\999_cs\Quantum_Inpired_PSO_Classifcation\MRI_dataset\Myositis Ossificans Progressiva\Myositis_Ossificans_Progressiva192.jpg,Myositis Ossificans Progressiva
C:\Users\HishamMo\Desktop\999_cs\Quantum_Inpired_PSO_Classifcation\MRI_dataset\Myositis Ossificans Progressiva\Myositis_Ossificans_Progressiva193.jpg,Myositis Ossificans Progressiva
C:\Users\HishamMo\Desktop\999_cs\Quantum_Inpired_PSO_Classifcation\MRI_dataset\Myositis Ossificans Progressiva\Myositis_Ossificans_Progressiva194.jpg,Myositis Ossificans Progressiva
C:\Users\HishamMo\Desktop\999_cs\Quantum_Inpired_PSO_Classifcation\MRI_dataset\Myositis Ossificans Progressiva\Myositis_Ossificans_Progressiva195.jpg,Myositis Ossificans Progressiva
C:\Users\HishamMo\Desktop\999_cs\Quantum_Inpired_PSO_Classifcation\MRI_dataset\Myositis Ossificans Progressiva\Myositis_Ossificans_Progressiva196.jpg,Myositis Ossificans Progressiva
C:\Users\HishamMo\Desktop\999_cs\Quantum_Inpired_PSO_Classifcation\MRI_dataset\Myositis Ossificans Progressiva\Myositis_Ossificans_Progressiva197.jpg,Myositis Ossificans Progressiva
C:\Users\HishamMo\Desktop\999_cs\Quantum_Inpired_PSO_Classifcation\MRI_dataset\Myositis Ossificans Progressiva\Myositis_Ossificans_Progressiva198.jpg,Myositis Ossificans Progressiva
C:\Users\HishamMo\Desktop\999_cs\Quantum_Inpired_PSO_Classifcation\MRI_dataset\Myositis Ossificans Progressiva\Myositis_Ossificans_Progressiva199.jpg,Myositis Ossificans Progressiva
C:\Users\HishamMo\Desktop\999_cs\Quantum_Inpired_PSO_Classifcation\MRI_dataset\Myositis Ossificans Progressiva\Myositis_Ossificans_Progressiva200.jpg,Myositis Ossificans Progressiva
C:\Users\HishamMo\Desktop\999_cs\Quantum_Inpired_PSO_Classifcation\MRI_dataset\Myositis Ossificans Progressiva\Myositis_Ossificans_Progressiva201.jpg,Myositis Ossificans Progressiva
C:\Users\HishamMo\Desktop\999_cs\Quantum_Inpired_PSO_Classifcation\MRI_dataset\Myositis Ossificans Progressiva\Myositis_Ossificans_Progressiva202.jpg,Myositis Ossificans Progressiva
C:\Users\HishamMo\Desktop\999_cs\Quantum_Inpired_PSO_Classifcation\MRI_dataset\Myositis Ossificans Progressiva\Myositis_Ossificans_Progressiva203.jpg,Myositis Ossificans Progressiva
C:\Users\HishamMo\Desktop\999_cs\Quantum_Inpired_PSO_Classifcation\MRI_dataset\Myositis Ossificans Progressiva\Myositis_Ossificans_Progressiva204.jpg,Myositis Ossificans Progressiva
C:\Users\HishamMo\Desktop\999_cs\Quantum_Inpired_PSO_Classifcation\MRI_dataset\Myositis Ossificans Progressiva\Myositis_Ossificans_Progressiva205.jpg,Myositis Ossificans Progressiva
C:\Users\HishamMo\Desktop\999_cs\Quantum_Inpired_PSO_Classifcation\MRI_dataset\Myositis Ossificans Progressiva\Myositis_Ossificans_Progressiva206.jpg,Myositis Ossificans Progressiva
C:\Users\HishamMo\Desktop\999_cs\Quantum_Inpired_PSO_Classifcation\MRI_dataset\Myositis Ossificans Progressiva\Myositis_Ossificans_Progressiva207.jpg,Myositis Ossificans Progressiva
C:\Users\HishamMo\Desktop\999_cs\Quantum_Inpired_PSO_Classifcation\MRI_dataset\Myositis Ossificans Progressiva\Myositis_Ossificans_Progressiva208.jpg,Myositis Ossificans Progressiva
C:\Users\HishamMo\Desktop\999_cs\Quantum_Inpired_PSO_Classifcation\MRI_dataset\Myositis Ossificans Progressiva\Myositis_Ossificans_Progressiva209.jpg,Myositis Ossificans Progressiva
C:\Users\HishamMo\Desktop\999_cs\Quantum_Inpired_PSO_Classifcation\MRI_dataset\Myositis Ossificans Progressiva\Myositis_Ossificans_Progressiva210.jpg,Myositis Ossificans Progressiva
C:\Users\HishamMo\Desktop\999_cs\Quantum_Inpired_PSO_Classifcation\MRI_dataset\Myositis Ossificans Progressiva\Myositis_Ossificans_Progressiva211.jpg,Myositis Ossificans Progressiva
C:\Users\HishamMo\Desktop\999_cs\Quantum_Inpired_PSO_Classifcation\MRI_dataset\Myositis Ossificans Progressiva\Myositis_Ossificans_Progressiva212.jpg,Myositis Ossificans Progressiva
C:\Users\HishamMo\Desktop\999_cs\Quantum_Inpired_PSO_Classifcation\MRI_dataset\Myositis Ossificans Progressiva\Myositis_Ossificans_Progressiva213.jpg,Myositis Ossificans Progressiva
C:\Users\HishamMo\Desktop\999_cs\Quantum_Inpired_PSO_Classifcation\MRI_dataset\Myositis Ossificans Progressiva\Myositis_Ossificans_Progressiva214.jpg,Myositis Ossificans Progressiva
C:\Users\HishamMo\Desktop\999_cs\Quantum_Inpired_PSO_Classifcation\MRI_dataset\Myositis Ossificans Progressiva\Myositis_Ossificans_Progressiva215.jpg,Myositis Ossificans Progressiva
C:\Users\HishamMo\Desktop\999_cs\Quantum_Inpired_PSO_Classifcation\MRI_dataset\Myositis Ossificans Progressiva\Myositis_Ossificans_Progressiva216.jpg,Myositis Ossificans Progressiva
C:\Users\HishamMo\Desktop\999_cs\Quantum_Inpired_PSO_Classifcation\MRI_dataset\Myositis Ossificans Progressiva\Myositis_Ossificans_Progressiva217.jpg,Myositis Ossificans Progressiva
C:\Users\HishamMo\Desktop\999_cs\Quantum_Inpired_PSO_Classifcation\MRI_dataset\Myositis Ossificans Progressiva\Myositis_Ossificans_Progressiva218.jpg,Myositis Ossificans Progressiva
C:\Users\HishamMo\Desktop\999_cs\Quantum_Inpired_PSO_Classifcation\MRI_dataset\Myositis Ossificans Progressiva\Myositis_Ossificans_Progressiva219.jpg,Myositis Ossificans Progressiva
C:\Users\HishamMo\Desktop\999_cs\Quantum_Inpired_PSO_Classifcation\MRI_dataset\Myositis Ossificans Progressiva\Myositis_Ossificans_Progressiva220.jpg,Myositis Ossificans Progressiva
C:\Users\HishamMo\Desktop\999_cs\Quantum_Inpired_PSO_Classifcation\MRI_dataset\Myositis Ossificans Progressiva\Myositis_Ossificans_Progressiva221.jpg,Myositis Ossificans Progressiva
C:\Users\HishamMo\Desktop\999_cs\Quantum_Inpired_PSO_Classifcation\MRI_dataset\Myositis Ossificans Progressiva\Myositis_Ossificans_Progressiva222.jpg,Myositis Ossificans Progressiva
C:\Users\HishamMo\Desktop\999_cs\Quantum_Inpired_PSO_Classifcation\MRI_dataset\Myositis Ossificans Progressiva\Myositis_Ossificans_Progressiva223.jpg,Myositis Ossificans Progressiva
C:\Users\HishamMo\Desktop\999_cs\Quantum_Inpired_PSO_Classifcation\MRI_dataset\Myositis Ossificans Progressiva\Myositis_Ossificans_Progressiva224.jpg,Myositis Ossificans Progressiva
C:\Users\HishamMo\Desktop\999_cs\Quantum_Inpired_PSO_Classifcation\MRI_dataset\Myositis Ossificans Progressiva\Myositis_Ossificans_Progressiva225.jpg,Myositis Ossificans Progressiva
C:\Users\HishamMo\Desktop\999_cs\Quantum_Inpired_PSO_Classifcation\MRI_dataset\Myositis Ossificans Progressiva\Myositis_Ossificans_Progressiva226.jpg,Myositis Ossificans Progressiva
C:\Users\HishamMo\Desktop\999_cs\Quantum_Inpired_PSO_Classifcation\MRI_dataset\Myositis Ossificans Progressiva\Myositis_Ossificans_Progressiva227.jpg,Myositis Ossificans Progressiva
C:\Users\HishamMo\Desktop\999_cs\Quantum_Inpired_PSO_Classifcation\MRI_dataset\Myositis Ossificans Progressiva\Myositis_Ossificans_Progressiva228.jpg,Myositis Ossificans Progressiva
C:\Users\HishamMo\Desktop\999_cs\Quantum_Inpired_PSO_Classifcation\MRI_dataset\Myositis Ossificans Progressiva\Myositis_Ossificans_Progressiva229.jpg,Myositis Ossificans Progressiva
C:\Users\HishamMo\Desktop\999_cs\Quantum_Inpired_PSO_Classifcation\MRI_dataset\Myositis Ossificans Progressiva\Myositis_Ossificans_Progressiva230.jpg,Myositis Ossificans Progressiva
C:\Users\HishamMo\Desktop\999_cs\Quantum_Inpired_PSO_Classifcation\MRI_dataset\Myositis Ossificans Progressiva\Myositis_Ossificans_Progressiva231.jpg,Myositis Ossificans Progressiva
C:\Users\HishamMo\Desktop\999_cs\Quantum_Inpired_PSO_Classifcation\MRI_dataset\Myositis Ossificans Progressiva\Myositis_Ossificans_Progressiva232.jpg,Myositis Ossificans Progressiva
C:\Users\HishamMo\Desktop\999_cs\Quantum_Inpired_PSO_Classifcation\MRI_dataset\Myositis Ossificans Progressiva\Myositis_Ossificans_Progressiva233.jpg,Myositis Ossificans Progressiva
C:\Users\HishamMo\Desktop\999_cs\Quantum_Inpired_PSO_Classifcation\MRI_dataset\Myositis Ossificans Progressiva\Myositis_Ossificans_Progressiva234.jpg,Myositis Ossificans Progressiva
C:\Users\HishamMo\Desktop\999_cs\Quantum_Inpired_PSO_Classifcation\MRI_dataset\Myositis Ossificans Progressiva\Myositis_Ossificans_Progressiva235.jpg,Myositis Ossificans Progressiva
C:\Users\HishamMo\Desktop\999_cs\Quantum_Inpired_PSO_Classifcation\MRI_dataset\Myositis Ossificans Progressiva\Myositis_Ossificans_Progressiva236.jpg,Myositis Ossificans Progressiva
C:\Users\HishamMo\Desktop\999_cs\Quantum_Inpired_PSO_Classifcation\MRI_dataset\Myositis Ossificans Progressiva\Myositis_Ossificans_Progressiva237.jpg,Myositis Ossificans Progressiva
C:\Users\HishamMo\Desktop\999_cs\Quantum_Inpired_PSO_Classifcation\MRI_dataset\Myositis Ossificans Progressiva\Myositis_Ossificans_Progressiva238.jpg,Myositis Ossificans Progressiva
C:\Users\HishamMo\Desktop\999_cs\Quantum_Inpired_PSO_Classifcation\MRI_dataset\Myositis Ossificans Progressiva\Myositis_Ossificans_Progressiva239.jpg,Myositis Ossificans Progressiva
C:\Users\HishamMo\Desktop\999_cs\Quantum_Inpired_PSO_Classifcation\MRI_dataset\Myositis Ossificans Progressiva\Myositis_Ossificans_Progressiva240.jpg,Myositis Ossificans Progressiva
C:\Users\HishamMo\Desktop\999_cs\Quantum_Inpired_PSO_Classifcation\MRI_dataset\Myositis Ossificans Progressiva\Myositis_Ossificans_Progressiva241.jpg,Myositis Ossificans Progressiva
C:\Users\HishamMo\Desktop\999_cs\Quantum_Inpired_PSO_Classifcation\MRI_dataset\Myositis Ossificans Progressiva\Myositis_Ossificans_Progressiva242.jpg,Myositis Ossificans Progressiva
C:\Users\HishamMo\Desktop\999_cs\Quantum_Inpired_PSO_Classifcation\MRI_dataset\Myositis Ossificans Progressiva\Myositis_Ossificans_Progressiva243.jpg,Myositis Ossificans Progressiva
C:\Users\HishamMo\Desktop\999_cs\Quantum_Inpired_PSO_Classifcation\MRI_dataset\Myositis Ossificans Progressiva\Myositis_Ossificans_Progressiva244.jpg,Myositis Ossificans Progressiva
C:\Users\HishamMo\Desktop\999_cs\Quantum_Inpired_PSO_Classifcation\MRI_dataset\Myositis Ossificans Progressiva\Myositis_Ossificans_Progressiva245.jpg,Myositis Ossificans Progressiva
C:\Users\HishamMo\Desktop\999_cs\Quantum_Inpired_PSO_Classifcation\MRI_dataset\Myositis Ossificans Progressiva\Myositis_Ossificans_Progressiva246.jpg,Myositis Ossificans Progressiva
C:\Users\HishamMo\Desktop\999_cs\Quantum_Inpired_PSO_Classifcation\MRI_dataset\Myositis Ossificans Progressiva\Myositis_Ossificans_Progressiva247.jpg,Myositis Ossificans Progressiva
C:\Users\HishamMo\Desktop\999_cs\Quantum_Inpired_PSO_Classifcation\MRI_dataset\Myositis Ossificans Progressiva\Myositis_Ossificans_Progressiva248.jpg,Myositis Ossificans Progressiva
C:\Users\HishamMo\Desktop\999_cs\Quantum_Inpired_PSO_Classifcation\MRI_dataset\Myositis Ossificans Progressiva\Myositis_Ossificans_Progressiva249.jpg,Myositis Ossificans Progressiva
C:\Users\HishamMo\Desktop\999_cs\Quantum_Inpired_PSO_Classifcation\MRI_dataset\Myositis Ossificans Progressiva\Myositis_Ossificans_Progressiva250.jpg,Myositis Ossificans Progressiva
C:\Users\HishamMo\Desktop\999_cs\Quantum_Inpired_PSO_Classifcation\MRI_dataset\Myositis Ossificans Progressiva\Myositis_Ossificans_Progressiva251.jpg,Myositis Ossificans Progressiva
C:\Users\HishamMo\Desktop\999_cs\Quantum_Inpired_PSO_Classifcation\MRI_dataset\Myositis Ossificans Progressiva\Myositis_Ossificans_Progressiva252.jpg,Myositis Ossificans Progressiva
C:\Users\HishamMo\Desktop\999_cs\Quantum_Inpired_PSO_Classifcation\MRI_dataset\Myositis Ossificans Progressiva\Myositis_Ossificans_Progressiva253.jpg,Myositis Ossificans Progressiva
C:\Users\HishamMo\Desktop\999_cs\Quantum_Inpired_PSO_Classifcation\MRI_dataset\Myositis Ossificans Progressiva\Myositis_Ossificans_Progressiva254.jpg,Myositis Ossificans Progressiva
C:\Users\HishamMo\Desktop\999_cs\Quantum_Inpired_PSO_Classifcation\MRI_dataset\Myositis Ossificans Progressiva\Myositis_Ossificans_Progressiva255.jpg,Myositis Ossificans Progressiva
C:\Users\HishamMo\Desktop\999_cs\Quantum_Inpired_PSO_Classifcation\MRI_dataset\Myositis Ossificans Progressiva\Myositis_Ossificans_Progressiva256.jpg,Myositis Ossificans Progressiva
C:\Users\HishamMo\Desktop\999_cs\Quantum_Inpired_PSO_Classifcation\MRI_dataset\Myositis Ossificans Progressiva\Myositis_Ossificans_Progressiva257.jpg,Myositis Ossificans Progressiva
C:\Users\HishamMo\Desktop\999_cs\Quantum_Inpired_PSO_Classifcation\MRI_dataset\Myositis Ossificans Progressiva\Myositis_Ossificans_Progressiva258.jpg,Myositis Ossificans Progressiva
C:\Users\HishamMo\Desktop\999_cs\Quantum_Inpired_PSO_Classifcation\MRI_dataset\Myositis Ossificans Progressiva\Myositis_Ossificans_Progressiva259.jpg,Myositis Ossificans Progressiva
C:\Users\HishamMo\Desktop\999_cs\Quantum_Inpired_PSO_Classifcation\MRI_dataset\Myositis Ossificans Progressiva\Myositis_Ossificans_Progressiva260.jpg,Myositis Ossificans Progressiva
C:\Users\HishamMo\Desktop\999_cs\Quantum_Inpired_PSO_Classifcation\MRI_dataset\Myositis Ossificans Progressiva\Myositis_Ossificans_Progressiva261.jpg,Myositis Ossificans Progressiva
C:\Users\HishamMo\Desktop\999_cs\Quantum_Inpired_PSO_Classifcation\MRI_dataset\Myositis Ossificans Progressiva\Myositis_Ossificans_Progressiva262.jpg,Myositis Ossificans Progressiva
C:\Users\HishamMo\Desktop\999_cs\Quantum_Inpired_PSO_Classifcation\MRI_dataset\Myositis Ossificans Progressiva\Myositis_Ossificans_Progressiva263.jpg,Myositis Ossificans Progressiva
C:\Users\HishamMo\Desktop\999_cs\Quantum_Inpired_PSO_Classifcation\MRI_dataset\Myositis Ossificans Progressiva\Myositis_Ossificans_Progressiva264.jpg,Myositis Ossificans Progressiva
C:\Users\HishamMo\Desktop\999_cs\Quantum_Inpired_PSO_Classifcation\MRI_dataset\Myositis Ossificans Progressiva\Myositis_Ossificans_Progressiva265.jpg,Myositis Ossificans Progressiva
C:\Users\HishamMo\Desktop\999_cs\Quantum_Inpired_PSO_Classifcation\MRI_dataset\Myositis Ossificans Progressiva\Myositis_Ossificans_Progressiva266.jpg,Myositis Ossificans Progressiva
C:\Users\HishamMo\Desktop\999_cs\Quantum_Inpired_PSO_Classifcation\MRI_dataset\Myositis Ossificans Progressiva\Myositis_Ossificans_Progressiva267.jpg,Myositis Ossificans Progressiva
C:\Users\HishamMo\Desktop\999_cs\Quantum_Inpired_PSO_Classifcation\MRI_dataset\Myositis Ossificans Progressiva\Myositis_Ossificans_Progressiva268.jpg,Myositis Ossificans Progressiva
C:\Users\HishamMo\Desktop\999_cs\Quantum_Inpired_PSO_Classifcation\MRI_dataset\Myositis Ossificans Progressiva\Myositis_Ossificans_Progressiva269.jpg,Myositis Ossificans Progressiva
C:\Users\HishamMo\Desktop\999_cs\Quantum_Inpired_PSO_Classifcation\MRI_dataset\Myositis Ossificans Progressiva\Myositis_Ossificans_Progressiva270.jpg,Myositis Ossificans Progressiva
C:\Users\HishamMo\Desktop\999_cs\Quantum_Inpired_PSO_Classifcation\MRI_dataset\Myositis Ossificans Progressiva\Myositis_Ossificans_Progressiva271.jpg,Myositis Ossificans Progressiva
C:\Users\HishamMo\Desktop\999_cs\Quantum_Inpired_PSO_Classifcation\MRI_dataset\Myositis Ossificans Progressiva\Myositis_Ossificans_Progressiva272.jpg,Myositis Ossificans Progressiva
C:\Users\HishamMo\Desktop\999_cs\Quantum_Inpired_PSO_Classifcation\MRI_dataset\Myositis Ossificans Progressiva\Myositis_Ossificans_Progressiva273.jpg,Myositis Ossificans Progressiva
C:\Users\HishamMo\Desktop\999_cs\Quantum_Inpired_PSO_Classifcation\MRI_dataset\Myositis Ossificans Progressiva\Myositis_Ossificans_Progressiva274.jpg,Myositis Ossificans Progressiva
C:\Users\HishamMo\Desktop\999_cs\Quantum_Inpired_PSO_Classifcation\MRI_dataset\Myositis Ossificans Progressiva\Myositis_Ossificans_Progressiva275.jpg,Myositis Ossificans Progressiva
C:\Users\HishamMo\Desktop\999_cs\Quantum_Inpired_PSO_Classifcation\MRI_dataset\Myositis Ossificans Progressiva\Myositis_Ossificans_Progressiva276.jpg,Myositis Ossificans Progressiva
C:\Users\HishamMo\Desktop\999_cs\Quantum_Inpired_PSO_Classifcation\MRI_dataset\Myositis Ossificans Progressiva\Myositis_Ossificans_Progressiva277.jpg,Myositis Ossificans Progressiva
C:\Users\HishamMo\Desktop\999_cs\Quantum_Inpired_PSO_Classifcation\MRI_dataset\Myositis Ossificans Progressiva\Myositis_Ossificans_Progressiva278.jpg,Myositis Ossificans Progressiva
C:\Users\HishamMo\Desktop\999_cs\Quantum_Inpired_PSO_Classifcation\MRI_dataset\Myositis Ossificans Progressiva\Myositis_Ossificans_Progressiva279.jpg,Myositis Ossificans Progressiva
C:\Users\HishamMo\Desktop\999_cs\Quantum_Inpired_PSO_Classifcation\MRI_dataset\Myositis Ossificans Progressiva\Myositis_Ossificans_Progressiva280.jpg,Myositis Ossificans Progressiva
C:\Users\HishamMo\Desktop\999_cs\Quantum_Inpired_PSO_Classifcation\MRI_dataset\Myositis Ossificans Progressiva\Myositis_Ossificans_Progressiva281.jpg,Myositis Ossificans Progressiva
C:\Users\HishamMo\Desktop\999_cs\Quantum_Inpired_PSO_Classifcation\MRI_dataset\Myositis Ossificans Progressiva\Myositis_Ossificans_Progressiva282.jpg,Myositis Ossificans Progressiva
C:\Users\HishamMo\Desktop\999_cs\Quantum_Inpired_PSO_Classifcation\MRI_dataset\Myositis Ossificans Progressiva\Myositis_Ossificans_Progressiva283.jpg,Myositis Ossificans Progressiva
C:\Users\HishamMo\Desktop\999_cs\Quantum_Inpired_PSO_Classifcation\MRI_dataset\Myositis Ossificans Progressiva\Myositis_Ossificans_Progressiva284.jpg,Myositis Ossificans Progressiva
C:\Users\HishamMo\Desktop\999_cs\Quantum_Inpired_PSO_Classifcation\MRI_dataset\Myositis Ossificans Progressiva\Myositis_Ossificans_Progressiva285.jpg,Myositis Ossificans Progressiva
C:\Users\HishamMo\Desktop\999_cs\Quantum_Inpired_PSO_Classifcation\MRI_dataset\Myositis Ossificans Progressiva\Myositis_Ossificans_Progressiva286.jpg,Myositis Ossificans Progressiva
C:\Users\HishamMo\Desktop\999_cs\Quantum_Inpired_PSO_Classifcation\MRI_dataset\Myositis Ossificans Progressiva\Myositis_Ossificans_Progressiva287.jpg,Myositis Ossificans Progressiva
C:\Users\HishamMo\Desktop\999_cs\Quantum_Inpired_PSO_Classifcation\MRI_dataset\Myositis Ossificans Progressiva\Myositis_Ossificans_Progressiva288.jpg,Myositis Ossificans Progressiva
C:\Users\HishamMo\Desktop\999_cs\Quantum_Inpired_PSO_Classifcation\MRI_dataset\Myositis Ossificans Progressiva\Myositis_Ossificans_Progressiva289.jpg,Myositis Ossificans Progressiva
C:\Users\HishamMo\Desktop\999_cs\Quantum_Inpired_PSO_Classifcation\MRI_dataset\Myositis Ossificans Progressiva\Myositis_Ossificans_Progressiva290.jpg,Myositis Ossificans Progressiva
C:\Users\HishamMo\Desktop\999_cs\Quantum_Inpired_PSO_Classifcation\MRI_dataset\Myositis Ossificans Progressiva\Myositis_Ossificans_Progressiva291.jpg,Myositis Ossificans Progressiva
C:\Users\HishamMo\Desktop\999_cs\Quantum_Inpired_PSO_Classifcation\MRI_dataset\Myositis Ossificans Progressiva\Myositis_Ossificans_Progressiva292.jpg,Myositis Ossificans Progressiva
C:\Users\HishamMo\Desktop\999_cs\Quantum_Inpired_PSO_Classifcation\MRI_dataset\Myositis Ossificans Progressiva\Myositis_Ossificans_Progressiva293.jpg,Myositis Ossificans Progressiva
C:\Users\HishamMo\Desktop\999_cs\Quantum_Inpired_PSO_Classifcation\MRI_dataset\Myositis Ossificans Progressiva\Myositis_Ossificans_Progressiva294.jpg,Myositis Ossificans Progressiva
C:\Users\HishamMo\Desktop\999_cs\Quantum_Inpired_PSO_Classifcation\MRI_dataset\Myositis Ossificans Progressiva\Myositis_Ossificans_Progressiva295.jpg,Myositis Ossificans Progressiva
C:\Users\HishamMo\Desktop\999_cs\Quantum_Inpired_PSO_Classifcation\MRI_dataset\Myositis Ossificans Progressiva\Myositis_Ossificans_Progressiva296.jpg,Myositis Ossificans Progressiva
C:\Users\HishamMo\Desktop\999_cs\Quantum_Inpired_PSO_Classifcation\MRI_dataset\Myositis Ossificans Progressiva\Myositis_Ossificans_Progressiva297.jpg,Myositis Ossificans Progressiva
C:\Users\HishamMo\Desktop\999_cs\Quantum_Inpired_PSO_Classifcation\MRI_dataset\Myositis Ossificans Progressiva\Myositis_Ossificans_Progressiva298.jpg,Myositis Ossificans Progressiva
C:\Users\HishamMo\Desktop\999_cs\Quantum_Inpired_PSO_Classifcation\MRI_dataset\Myositis Ossificans Progressiva\Myositis_Ossificans_Progressiva299.jpg,Myositis Ossificans Progressiva
C:\Users\HishamMo\Desktop\999_cs\Quantum_Inpired_PSO_Classifcation\MRI_dataset\Myositis Ossificans Progressiva\Myositis_Ossificans_Progressiva300.jpg,Myositis Ossificans Progressiva
C:\Users\HishamMo\Desktop\999_cs\Quantum_Inpired_PSO_Classifcation\MRI_dataset\Myositis Ossificans Progressiva\Myositis_Ossificans_Progressiva301.jpg,Myositis Ossificans Progressiva
C:\Users\HishamMo\Desktop\999_cs\Quantum_Inpired_PSO_Classifcation\MRI_dataset\Myositis Ossificans Progressiva\Myositis_Ossificans_Progressiva302.jpg,Myositis Ossificans Progressiva
C:\Users\HishamMo\Desktop\999_cs\Quantum_Inpired_PSO_Classifcation\MRI_dataset\Myositis Ossificans Progressiva\Myositis_Ossificans_Progressiva303.jpg,Myositis Ossificans Progressiva
C:\Users\HishamMo\Desktop\999_cs\Quantum_Inpired_PSO_Classifcation\MRI_dataset\Myositis Ossificans Progressiva\Myositis_Ossificans_Progressiva304.jpg,Myositis Ossificans Progressiva
C:\Users\HishamMo\Desktop\999_cs\Quantum_Inpired_PSO_Classifcation\MRI_dataset\Myositis Ossificans Progressiva\Myositis_Ossificans_Progressiva305.jpg,Myositis Ossificans Progressiva
C:\Users\HishamMo\Desktop\999_cs\Quantum_Inpired_PSO_Classifcation\MRI_dataset\Myositis Ossificans Progressiva\Myositis_Ossificans_Progressiva306.jpg,Myositis Ossificans Progressiva
C:\Users\HishamMo\Desktop\999_cs\Quantum_Inpired_PSO_Classifcation\MRI_dataset\Myositis Ossificans Progressiva\Myositis_Ossificans_Progressiva307.jpg,Myositis Ossificans Progressiva
C:\Users\HishamMo\Desktop\999_cs\Quantum_Inpired_PSO_Classifcation\MRI_dataset\Myositis Ossificans Progressiva\Myositis_Ossificans_Progressiva308.jpg,Myositis Ossificans Progressiva
C:\Users\HishamMo\Desktop\999_cs\Quantum_Inpired_PSO_Classifcation\MRI_dataset\Myositis Ossificans Progressiva\Myositis_Ossificans_Progressiva309.jpg,Myositis Ossificans Progressiva
C:\Users\HishamMo\Desktop\999_cs\Quantum_Inpired_PSO_Classifcation\MRI_dataset\Myositis Ossificans Progressiva\Myositis_Ossificans_Progressiva310.jpg,Myositis Ossificans Progressiva
C:\Users\HishamMo\Desktop\999_cs\Quantum_Inpired_PSO_Classifcation\MRI_dataset\Myositis Ossificans Progressiva\Myositis_Ossificans_Progressiva311.jpg,Myositis Ossificans Progressiva
C:\Users\HishamMo\Desktop\999_cs\Quantum_Inpired_PSO_Classifcation\MRI_dataset\Myositis Ossificans Progressiva\Myositis_Ossificans_Progressiva312.jpg,Myositis Ossificans Progressiva
C:\Users\HishamMo\Desktop\999_cs\Quantum_Inpired_PSO_Classifcation\MRI_dataset\Myositis Ossificans Progressiva\Myositis_Ossificans_Progressiva313.jpg,Myositis Ossificans Progressiva
C:\Users\HishamMo\Desktop\999_cs\Quantum_Inpired_PSO_Classifcation\MRI_dataset\Myositis Ossificans Progressiva\Myositis_Ossificans_Progressiva314.jpg,Myositis Ossificans Progressiva
C:\Users\HishamMo\Desktop\999_cs\Quantum_Inpired_PSO_Classifcation\MRI_dataset\Myositis Ossificans Progressiva\Myositis_Ossificans_Progressiva315.jpg,Myositis Ossificans Progressiva
C:\Users\HishamMo\Desktop\999_cs\Quantum_Inpired_PSO_Classifcation\MRI_dataset\Myositis Ossificans Progressiva\Myositis_Ossificans_Progressiva316.jpg,Myositis Ossificans Progressiva
C:\Users\HishamMo\Desktop\999_cs\Quantum_Inpired_PSO_Classifcation\MRI_dataset\Myositis Ossificans Progressiva\Myositis_Ossificans_Progressiva317.jpg,Myositis Ossificans Progressiva
C:\Users\HishamMo\Desktop\999_cs\Quantum_Inpired_PSO_Classifcation\MRI_dataset\Myositis Ossificans Progressiva\Myositis_Ossificans_Progressiva318.jpg,Myositis Ossificans Progressiva
C:\Users\HishamMo\Desktop\999_cs\Quantum_Inpired_PSO_Classifcation\MRI_dataset\Myositis Ossificans Progressiva\Myositis_Ossificans_Progressiva319.jpg,Myositis Ossificans Progressiva
C:\Users\HishamMo\Desktop\999_cs\Quantum_Inpired_PSO_Classifcation\MRI_dataset\Myositis Ossificans Progressiva\Myositis_Ossificans_Progressiva320.jpg,Myositis Ossificans Progressiva
C:\Users\HishamMo\Desktop\999_cs\Quantum_Inpired_PSO_Classifcation\MRI_dataset\Myositis Ossificans Progressiva\Myositis_Ossificans_Progressiva321.jpg,Myositis Ossificans Progressiva
C:\Users\HishamMo\Desktop\999_cs\Quantum_Inpired_PSO_Classifcation\MRI_dataset\Myositis Ossificans Progressiva\Myositis_Ossificans_Progressiva322.jpg,Myositis Ossificans Progressiva
C:\Users\HishamMo\Desktop\999_cs\Quantum_Inpired_PSO_Classifcation\MRI_dataset\Myositis Ossificans Progressiva\Myositis_Ossificans_Progressiva323.jpg,Myositis Ossificans Progressiva
C:\Users\HishamMo\Desktop\999_cs\Quantum_Inpired_PSO_Classifcation\MRI_dataset\Myositis Ossificans Progressiva\Myositis_Ossificans_Progressiva324.jpg,Myositis Ossificans Progressiva
C:\Users\HishamMo\Desktop\999_cs\Quantum_Inpired_PSO_Classifcation\MRI_dataset\Myositis Ossificans Progressiva\Myositis_Ossificans_Progressiva325.jpg,Myositis Ossificans Progressiva
C:\Users\HishamMo\Desktop\999_cs\Quantum_Inpired_PSO_Classifcation\MRI_dataset\Myositis Ossificans Progressiva\Myositis_Ossificans_Progressiva326.jpg,Myositis Ossificans Progressiva
C:\Users\HishamMo\Desktop\999_cs\Quantum_Inpired_PSO_Classifcation\MRI_dataset\Myositis Ossificans Progressiva\Myositis_Ossificans_Progressiva327.jpg,Myositis Ossificans Progressiva
C:\Users\HishamMo\Desktop\999_cs\Quantum_Inpired_PSO_Classifcation\MRI_dataset\Myositis Ossificans Progressiva\Myositis_Ossificans_Progressiva328.jpg,Myositis Ossificans Progressiva
C:\Users\HishamMo\Desktop\999_cs\Quantum_Inpired_PSO_Classifcation\MRI_dataset\Myositis Ossificans Progressiva\Myositis_Ossificans_Progressiva329.jpg,Myositis Ossificans Progressiva
C:\Users\HishamMo\Desktop\999_cs\Quantum_Inpired_PSO_Classifcation\MRI_dataset\Myositis Ossificans Progressiva\Myositis_Ossificans_Progressiva330.jpg,Myositis Ossificans Progressiva
C:\Users\HishamMo\Desktop\999_cs\Quantum_Inpired_PSO_Classifcation\MRI_dataset\Myositis Ossificans Progressiva\Myositis_Ossificans_Progressiva331.jpg,Myositis Ossificans Progressiva
C:\Users\HishamMo\Desktop\999_cs\Quantum_Inpired_PSO_Classifcation\MRI_dataset\Myositis Ossificans Progressiva\Myositis_Ossificans_Progressiva332.jpg,Myositis Ossificans Progressiva
C:\Users\HishamMo\Desktop\999_cs\Quantum_Inpired_PSO_Classifcation\MRI_dataset\Myositis Ossificans Progressiva\Myositis_Ossificans_Progressiva333.jpg,Myositis Ossificans Progressiva
C:\Users\HishamMo\Desktop\999_cs\Quantum_Inpired_PSO_Classifcation\MRI_dataset\Myositis Ossificans Progressiva\Myositis_Ossificans_Progressiva334.jpg,Myositis Ossificans Progressiva
C:\Users\HishamMo\Desktop\999_cs\Quantum_Inpired_PSO_Classifcation\MRI_dataset\Myositis Ossificans Progressiva\Myositis_Ossificans_Progressiva335.jpg,Myositis Ossificans Progressiva
C:\Users\HishamMo\Desktop\999_cs\Quantum_Inpired_PSO_Classifcation\MRI_dataset\Myositis Ossificans Progressiva\Myositis_Ossificans_Progressiva336.jpg,Myositis Ossificans Progressiva
C:\Users\HishamMo\Desktop\999_cs\Quantum_Inpired_PSO_Classifcation\MRI_dataset\Myositis Ossificans Progressiva\Myositis_Ossificans_Progressiva337.jpg,Myositis Ossificans Progressiva
C:\Users\HishamMo\Desktop\999_cs\Quantum_Inpired_PSO_Classifcation\MRI_dataset\Myositis Ossificans Progressiva\Myositis_Ossificans_Progressiva338.jpg,Myositis Ossificans Progressiva
C:\Users\HishamMo\Desktop\999_cs\Quantum_Inpired_PSO_Classifcation\MRI_dataset\Myositis Ossificans Progressiva\Myositis_Ossificans_Progressiva339.jpg,Myositis Ossificans Progressiva
C:\Users\HishamMo\Desktop\999_cs\Quantum_Inpired_PSO_Classifcation\MRI_dataset\Myositis Ossificans Progressiva\Myositis_Ossificans_Progressiva340.jpg,Myositis Ossificans Progressiva
C:\Users\HishamMo\Desktop\999_cs\Quantum_Inpired_PSO_Classifcation\MRI_dataset\Myositis Ossificans Progressiva\Myositis_Ossificans_Progressiva341.jpg,Myositis Ossificans Progressiva
C:\Users\HishamMo\Desktop\999_cs\Quantum_Inpired_PSO_Classifcation\MRI_dataset\Myositis Ossificans Progressiva\Myositis_Ossificans_Progressiva342.jpg,Myositis Ossificans Progressiva
C:\Users\HishamMo\Desktop\999_cs\Quantum_Inpired_PSO_Classifcation\MRI_dataset\Myositis Ossificans Progressiva\Myositis_Ossificans_Progressiva343.jpg,Myositis Ossificans Progressiva
C:\Users\HishamMo\Desktop\999_cs\Quantum_Inpired_PSO_Classifcation\MRI_dataset\Myositis Ossificans Progressiva\Myositis_Ossificans_Progressiva344.jpg,Myositis Ossificans Progressiva
C:\Users\HishamMo\Desktop\999_cs\Quantum_Inpired_PSO_Classifcation\MRI_dataset\Myositis Ossificans Progressiva\Myositis_Ossificans_Progressiva345.jpg,Myositis Ossificans Progressiva
C:\Users\HishamMo\Desktop\999_cs\Quantum_Inpired_PSO_Classifcation\MRI_dataset\Myositis Ossificans Progressiva\Myositis_Ossificans_Progressiva346.jpg,Myositis Ossificans Progressiva
C:\Users\HishamMo\Desktop\999_cs\Quantum_Inpired_PSO_Classifcation\MRI_dataset\Myositis Ossificans Progressiva\Myositis_Ossificans_Progressiva347.jpg,Myositis Ossificans Progressiva
C:\Users\HishamMo\Desktop\999_cs\Quantum_Inpired_PSO_Classifcation\MRI_dataset\Myositis Ossificans Progressiva\Myositis_Ossificans_Progressiva348.jpg,Myositis Ossificans Progressiva
C:\Users\HishamMo\Desktop\999_cs\Quantum_Inpired_PSO_Classifcation\MRI_dataset\Myositis Ossificans Progressiva\Myositis_Ossificans_Progressiva349.jpg,Myositis Ossificans Progressiva
C:\Users\HishamMo\Desktop\999_cs\Quantum_Inpired_PSO_Classifcation\MRI_dataset\Myositis Ossificans Progressiva\Myositis_Ossificans_Progressiva350.jpg,Myositis Ossificans Progressiva
C:\Users\HishamMo\Desktop\999_cs\Quantum_Inpired_PSO_Classifcation\MRI_dataset\Myositis Ossificans Progressiva\Myositis_Ossificans_Progressiva351.jpg,Myositis Ossificans Progressiva
C:\Users\HishamMo\Desktop\999_cs\Quantum_Inpired_PSO_Classifcation\MRI_dataset\Myositis Ossificans Progressiva\Myositis_Ossificans_Progressiva352.jpg,Myositis Ossificans Progressiva
C:\Users\HishamMo\Desktop\999_cs\Quantum_Inpired_PSO_Classifcation\MRI_dataset\Myositis Ossificans Progressiva\Myositis_Ossificans_Progressiva353.jpg,Myositis Ossificans Progressiva
C:\Users\HishamMo\Desktop\999_cs\Quantum_Inpired_PSO_Classifcation\MRI_dataset\Myositis Ossificans Progressiva\Myositis_Ossificans_Progressiva354.jpg,Myositis Ossificans Progressiva
C:\Users\HishamMo\Desktop\999_cs\Quantum_Inpired_PSO_Classifcation\MRI_dataset\Myositis Ossificans Progressiva\Myositis_Ossificans_Progressiva355.jpg,Myositis Ossificans Progressiva
C:\Users\HishamMo\Desktop\999_cs\Quantum_Inpired_PSO_Classifcation\MRI_dataset\Myositis Ossificans Progressiva\Myositis_Ossificans_Progressiva356.jpg,Myositis Ossificans Progressiva
C:\Users\HishamMo\Desktop\999_cs\Quantum_Inpired_PSO_Classifcation\MRI_dataset\Myositis Ossificans Progressiva\Myositis_Ossificans_Progressiva357.jpg,Myositis Ossificans Progressiva
C:\Users\HishamMo\Desktop\999_cs\Quantum_Inpired_PSO_Classifcation\MRI_dataset\Myositis Ossificans Progressiva\Myositis_Ossificans_Progressiva358.jpg,Myositis Ossificans Progressiva
C:\Users\HishamMo\Desktop\999_cs\Quantum_Inpired_PSO_Classifcation\MRI_dataset\Myositis Ossificans Progressiva\Myositis_Ossificans_Progressiva359.jpg,Myositis Ossificans Progressiva
C:\Users\HishamMo\Desktop\999_cs\Quantum_Inpired_PSO_Classifcation\MRI_dataset\Myositis Ossificans Progressiva\Myositis_Ossificans_Progressiva360.jpg,Myositis Ossificans Progressiva
C:\Users\HishamMo\Desktop\999_cs\Quantum_Inpired_PSO_Classifcation\MRI_dataset\Myositis Ossificans Progressiva\Myositis_Ossificans_Progressiva361.jpg,Myositis Ossificans Progressiva
C:\Users\HishamMo\Desktop\999_cs\Quantum_Inpired_PSO_Classifcation\MRI_dataset\Myositis Ossificans Progressiva\Myositis_Ossificans_Progressiva362.jpg,Myositis Ossificans Progressiva
C:\Users\HishamMo\Desktop\999_cs\Quantum_Inpired_PSO_Classifcation\MRI_dataset\Myositis Ossificans Progressiva\Myositis_Ossificans_Progressiva363.jpg,Myositis Ossificans Progressiva
C:\Users\HishamMo\Desktop\999_cs\Quantum_Inpired_PSO_Classifcation\MRI_dataset\Myositis Ossificans Progressiva\Myositis_Ossificans_Progressiva364.jpg,Myositis Ossificans Progressiva
C:\Users\HishamMo\Desktop\999_cs\Quantum_Inpired_PSO_Classifcation\MRI_dataset\Myositis Ossificans Progressiva\Myositis_Ossificans_Progressiva365.jpg,Myositis Ossificans Progressiva
C:\Users\HishamMo\Desktop\999_cs\Quantum_Inpired_PSO_Classifcation\MRI_dataset\Myositis Ossificans Progressiva\Myositis_Ossificans_Progressiva366.jpg,Myositis Ossificans Progressiva
C:\Users\HishamMo\Desktop\999_cs\Quantum_Inpired_PSO_Classifcation\MRI_dataset\Myositis Ossificans Progressiva\Myositis_Ossificans_Progressiva367.jpg,Myositis Ossificans Progressiva
C:\Users\HishamMo\Desktop\999_cs\Quantum_Inpired_PSO_Classifcation\MRI_dataset\Myositis Ossificans Progressiva\Myositis_Ossificans_Progressiva368.jpg,Myositis Ossificans Progressiva
C:\Users\HishamMo\Desktop\999_cs\Quantum_Inpired_PSO_Classifcation\MRI_dataset\Myositis Ossificans Progressiva\Myositis_Ossificans_Progressiva369.jpg,Myositis Ossificans Progressiva
C:\Users\HishamMo\Desktop\999_cs\Quantum_Inpired_PSO_Classifcation\MRI_dataset\Myositis Ossificans Progressiva\Myositis_Ossificans_Progressiva370.jpg,Myositis Ossificans Progressiva
C:\Users\HishamMo\Desktop\999_cs\Quantum_Inpired_PSO_Classifcation\MRI_dataset\Myositis Ossificans Progressiva\Myositis_Ossificans_Progressiva371.jpg,Myositis Ossificans Progressiva
C:\Users\HishamMo\Desktop\999_cs\Quantum_Inpired_PSO_Classifcation\MRI_dataset\Myositis Ossificans Progressiva\Myositis_Ossificans_Progressiva372.jpg,Myositis Ossificans Progressiva
C:\Users\HishamMo\Desktop\999_cs\Quantum_Inpired_PSO_Classifcation\MRI_dataset\Myositis Ossificans Progressiva\Myositis_Ossificans_Progressiva373.jpg,Myositis Ossificans Progressiva
C:\Users\HishamMo\Desktop\999_cs\Quantum_Inpired_PSO_Classifcation\MRI_dataset\Myositis Ossificans Progressiva\Myositis_Ossificans_Progressiva374.jpg,Myositis Ossificans Progressiva
C:\Users\HishamMo\Desktop\999_cs\Quantum_Inpired_PSO_Classifcation\MRI_dataset\Myositis Ossificans Progressiva\Myositis_Ossificans_Progressiva375.jpg,Myositis Ossificans Progressiva
C:\Users\HishamMo\Desktop\999_cs\Quantum_Inpired_PSO_Classifcation\MRI_dataset\Myositis Ossificans Progressiva\Myositis_Ossificans_Progressiva376.jpg,Myositis Ossificans Progressiva
C:\Users\HishamMo\Desktop\999_cs\Quantum_Inpired_PSO_Classifcation\MRI_dataset\Myositis Ossificans Progressiva\Myositis_Ossificans_Progressiva377.jpg,Myositis Ossificans Progressiva
C:\Users\HishamMo\Desktop\999_cs\Quantum_Inpired_PSO_Classifcation\MRI_dataset\Myositis Ossificans Progressiva\Myositis_Ossificans_Progressiva378.jpg,Myositis Ossificans Progressiva
C:\Users\HishamMo\Desktop\999_cs\Quantum_Inpired_PSO_Classifcation\MRI_dataset\Myositis Ossificans Progressiva\Myositis_Ossificans_Progressiva379.jpg,Myositis Ossificans Progressiva
C:\Users\HishamMo\Desktop\999_cs\Quantum_Inpired_PSO_Classifcation\MRI_dataset\Myositis Ossificans Progressiva\Myositis_Ossificans_Progressiva380.jpg,Myositis Ossificans Progressiva
C:\Users\HishamMo\Desktop\999_cs\Quantum_Inpired_PSO_Classifcation\MRI_dataset\Myositis Ossificans Progressiva\Myositis_Ossificans_Progressiva381.jpg,Myositis Ossificans Progressiva
C:\Users\HishamMo\Desktop\999_cs\Quantum_Inpired_PSO_Classifcation\MRI_dataset\Myositis Ossificans Progressiva\Myositis_Ossificans_Progressiva382.jpg,Myositis Ossificans Progressiva
C:\Users\HishamMo\Desktop\999_cs\Quantum_Inpired_PSO_Classifcation\MRI_dataset\Myositis Ossificans Progressiva\Myositis_Ossificans_Progressiva383.jpg,Myositis Ossificans Progressiva
C:\Users\HishamMo\Desktop\999_cs\Quantum_Inpired_PSO_Classifcation\MRI_dataset\Myositis Ossificans Progressiva\Myositis_Ossificans_Progressiva384.jpg,Myositis Ossificans Progressiva
C:\Users\HishamMo\Desktop\999_cs\Quantum_Inpired_PSO_Classifcation\MRI_dataset\Myositis Ossificans Progressiva\Myositis_Ossificans_Progressiva385.jpg,Myositis Ossificans Progressiva
C:\Users\HishamMo\Desktop\999_cs\Quantum_Inpired_PSO_Classifcation\MRI_dataset\Myositis Ossificans Progressiva\Myositis_Ossificans_Progressiva386.jpg,Myositis Ossificans Progressiva
C:\Users\HishamMo\Desktop\999_cs\Quantum_Inpired_PSO_Classifcation\MRI_dataset\Myositis Ossificans Progressiva\Myositis_Ossificans_Progressiva387.jpg,Myositis Ossificans Progressiva
C:\Users\HishamMo\Desktop\999_cs\Quantum_Inpired_PSO_Classifcation\MRI_dataset\Myositis Ossificans Progressiva\Myositis_Ossificans_Progressiva388.jpg,Myositis Ossificans Progressiva
C:\Users\HishamMo\Desktop\999_cs\Quantum_Inpired_PSO_Classifcation\MRI_dataset\Myositis Ossificans Progressiva\Myositis_Ossificans_Progressiva389.jpg,Myositis Ossificans Progressiva
C:\Users\HishamMo\Desktop\999_cs\Quantum_Inpired_PSO_Classifcation\MRI_dataset\Myositis Ossificans Progressiva\Myositis_Ossificans_Progressiva390.jpg,Myositis Ossificans Progressiva
C:\Users\HishamMo\Desktop\999_cs\Quantum_Inpired_PSO_Classifcation\MRI_dataset\Myositis Ossificans Progressiva\Myositis_Ossificans_Progressiva391.jpg,Myositis Ossificans Progressiva
C:\Users\HishamMo\Desktop\999_cs\Quantum_Inpired_PSO_Classifcation\MRI_dataset\Myositis Ossificans Progressiva\Myositis_Ossificans_Progressiva392.jpg,Myositis Ossificans Progressiva
C:\Users\HishamMo\Desktop\999_cs\Quantum_Inpired_PSO_Classifcation\MRI_dataset\Myositis Ossificans Progressiva\Myositis_Ossificans_Progressiva393.jpg,Myositis Ossificans Progressiva
C:\Users\HishamMo\Desktop\999_cs\Quantum_Inpired_PSO_Classifcation\MRI_dataset\Myositis Ossificans Progressiva\Myositis_Ossificans_Progressiva394.jpg,Myositis Ossificans Progressiva
C:\Users\HishamMo\Desktop\999_cs\Quantum_Inpired_PSO_Classifcation\MRI_dataset\Myositis Ossificans Progressiva\Myositis_Ossificans_Progressiva395.jpg,Myositis Ossificans Progressiva
C:\Users\HishamMo\Desktop\999_cs\Quantum_Inpired_PSO_Classifcation\MRI_dataset\Myositis Ossificans Progressiva\Myositis_Ossificans_Progressiva396.jpg,Myositis Ossificans Progressiva
C:\Users\HishamMo\Desktop\999_cs\Quantum_Inpired_PSO_Classifcation\MRI_dataset\Myositis Ossificans Progressiva\Myositis_Ossificans_Progressiva397.jpg,Myositis Ossificans Progressiva
C:\Users\HishamMo\Desktop\999_cs\Quantum_Inpired_PSO_Classifcation\MRI_dataset\Myositis Ossificans Progressiva\Myositis_Ossificans_Progressiva398.jpg,Myositis Ossificans Progressiva
C:\Users\HishamMo\Desktop\999_cs\Quantum_Inpired_PSO_Classifcation\MRI_dataset\Myositis Ossificans Progressiva\Myositis_Ossificans_Progressiva399.jpg,Myositis Ossificans Progressiva
C:\Users\HishamMo\Desktop\999_cs\Quantum_Inpired_PSO_Classifcation\MRI_dataset\Myositis Ossificans Progressiva\Myositis_Ossificans_Progressiva400.jpg,Myositis Ossificans Progressiva
C:\Users\HishamMo\Desktop\999_cs\Quantum_Inpired_PSO_Classifcation\MRI_dataset\Myositis Ossificans Progressiva\Myositis_Ossificans_Progressiva401.jpg,Myositis Ossificans Progressiva
C:\Users\HishamMo\Desktop\999_cs\Quantum_Inpired_PSO_Classifcation\MRI_dataset\Myositis Ossificans Progressiva\Myositis_Ossificans_Progressiva402.jpg,Myositis Ossificans Progressiva
C:\Users\HishamMo\Desktop\999_cs\Quantum_Inpired_PSO_Classifcation\MRI_dataset\Myositis Ossificans Progressiva\Myositis_Ossificans_Progressiva403.jpg,Myositis Ossificans Progressiva
C:\Users\HishamMo\Desktop\999_cs\Quantum_Inpired_PSO_Classifcation\MRI_dataset\Myositis Ossificans Progressiva\Myositis_Ossificans_Progressiva404.jpg,Myositis Ossificans Progressiva
C:\Users\HishamMo\Desktop\999_cs\Quantum_Inpired_PSO_Classifcation\MRI_dataset\Myositis Ossificans Progressiva\Myositis_Ossificans_Progressiva405.jpg,Myositis Ossificans Progressiva
C:\Users\HishamMo\Desktop\999_cs\Quantum_Inpired_PSO_Classifcation\MRI_dataset\Myositis Ossificans Progressiva\Myositis_Ossificans_Progressiva406.jpg,Myositis Ossificans Progressiva
C:\Users\HishamMo\Desktop\999_cs\Quantum_Inpired_PSO_Classifcation\MRI_dataset\Myositis Ossificans Progressiva\Myositis_Ossificans_Progressiva407.jpg,Myositis Ossificans Progressiva
C:\Users\HishamMo\Desktop\999_cs\Quantum_Inpired_PSO_Classifcation\MRI_dataset\Myositis Ossificans Progressiva\Myositis_Ossificans_Progressiva408.jpg,Myositis Ossificans Progressiva
C:\Users\HishamMo\Desktop\999_cs\Quantum_Inpired_PSO_Classifcation\MRI_dataset\Myositis Ossificans Progressiva\Myositis_Ossificans_Progressiva409.jpg,Myositis Ossificans Progressiva
C:\Users\HishamMo\Desktop\999_cs\Quantum_Inpired_PSO_Classifcation\MRI_dataset\Myositis Ossificans Progressiva\Myositis_Ossificans_Progressiva410.jpg,Myositis Ossificans Progressiva
C:\Users\HishamMo\Desktop\999_cs\Quantum_Inpired_PSO_Classifcation\MRI_dataset\Myositis Ossificans Progressiva\Myositis_Ossificans_Progressiva411.jpg,Myositis Ossificans Progressiva
C:\Users\HishamMo\Desktop\999_cs\Quantum_Inpired_PSO_Classifcation\MRI_dataset\Myositis Ossificans Progressiva\Myositis_Ossificans_Progressiva412.jpg,Myositis Ossificans Progressiva
C:\Users\HishamMo\Desktop\999_cs\Quantum_Inpired_PSO_Classifcation\MRI_dataset\Myositis Ossificans Progressiva\Myositis_Ossificans_Progressiva413.jpg,Myositis Ossificans Progressiva
C:\Users\HishamMo\Desktop\999_cs\Quantum_Inpired_PSO_Classifcation\MRI_dataset\Myositis Ossificans Progressiva\Myositis_Ossificans_Progressiva414.jpg,Myositis Ossificans Progressiva
C:\Users\HishamMo\Desktop\999_cs\Quantum_Inpired_PSO_Classifcation\MRI_dataset\Myositis Ossificans Progressiva\Myositis_Ossificans_Progressiva415.jpg,Myositis Ossificans Progressiva
C:\Users\HishamMo\Desktop\999_cs\Quantum_Inpired_PSO_Classifcation\MRI_dataset\Myositis Ossificans Progressiva\Myositis_Ossificans_Progressiva416.jpg,Myositis Ossificans Progressiva
C:\Users\HishamMo\Desktop\999_cs\Quantum_Inpired_PSO_Classifcation\MRI_dataset\Myositis Ossificans Progressiva\Myositis_Ossificans_Progressiva417.jpg,Myositis Ossificans Progressiva
C:\Users\HishamMo\Desktop\999_cs\Quantum_Inpired_PSO_Classifcation\MRI_dataset\Myositis Ossificans Progressiva\Myositis_Ossificans_Progressiva418.jpg,Myositis Ossificans Progressiva
C:\Users\HishamMo\Desktop\999_cs\Quantum_Inpired_PSO_Classifcation\MRI_dataset\Myositis Ossificans Progressiva\Myositis_Ossificans_Progressiva419.jpg,Myositis Ossificans Progressiva
C:\Users\HishamMo\Desktop\999_cs\Quantum_Inpired_PSO_Classifcation\MRI_dataset\Myositis Ossificans Progressiva\Myositis_Ossificans_Progressiva420.jpg,Myositis Ossificans Progressiva
C:\Users\HishamMo\Desktop\999_cs\Quantum_Inpired_PSO_Classifcation\MRI_dataset\Myositis Ossificans Progressiva\Myositis_Ossificans_Progressiva421.jpg,Myositis Ossificans Progressiva
C:\Users\HishamMo\Desktop\999_cs\Quantum_Inpired_PSO_Classifcation\MRI_dataset\Myositis Ossificans Progressiva\Myositis_Ossificans_Progressiva422.jpg,Myositis Ossificans Progressiva
C:\Users\HishamMo\Desktop\999_cs\Quantum_Inpired_PSO_Classifcation\MRI_dataset\Myositis Ossificans Progressiva\Myositis_Ossificans_Progressiva423.jpg,Myositis Ossificans Progressiva
C:\Users\HishamMo\Desktop\999_cs\Quantum_Inpired_PSO_Classifcation\MRI_dataset\Myositis Ossificans Progressiva\Myositis_Ossificans_Progressiva424.jpg,Myositis Ossificans Progressiva
C:\Users\HishamMo\Desktop\999_cs\Quantum_Inpired_PSO_Classifcation\MRI_dataset\Myositis Ossificans Progressiva\Myositis_Ossificans_Progressiva425.jpg,Myositis Ossificans Progressiva
C:\Users\HishamMo\Desktop\999_cs\Quantum_Inpired_PSO_Classifcation\MRI_dataset\Myositis Ossificans Progressiva\Myositis_Ossificans_Progressiva426.jpg,Myositis Ossificans Progressiva
C:\Users\HishamMo\Desktop\999_cs\Quantum_Inpired_PSO_Classifcation\MRI_dataset\Myositis Ossificans Progressiva\Myositis_Ossificans_Progressiva427.jpg,Myositis Ossificans Progressiva
C:\Users\HishamMo\Desktop\999_cs\Quantum_Inpired_PSO_Classifcation\MRI_dataset\Myositis Ossificans Progressiva\Myositis_Ossificans_Progressiva428.jpg,Myositis Ossificans Progressiva
C:\Users\HishamMo\Desktop\999_cs\Quantum_Inpired_PSO_Classifcation\MRI_dataset\Myositis Ossificans Progressiva\Myositis_Ossificans_Progressiva429.jpg,Myositis Ossificans Progressiva
C:\Users\HishamMo\Desktop\999_cs\Quantum_Inpired_PSO_Classifcation\MRI_dataset\Myositis Ossificans Progressiva\Myositis_Ossificans_Progressiva430.jpg,Myositis Ossificans Progressiva
C:\Users\HishamMo\Desktop\999_cs\Quantum_Inpired_PSO_Classifcation\MRI_dataset\Myositis Ossificans Progressiva\Myositis_Ossificans_Progressiva431.jpg,Myositis Ossificans Progressiva
C:\Users\HishamMo\Desktop\999_cs\Quantum_Inpired_PSO_Classifcation\MRI_dataset\Myositis Ossificans Progressiva\Myositis_Ossificans_Progressiva432.jpg,Myositis Ossificans Progressiva
C:\Users\HishamMo\Desktop\999_cs\Quantum_Inpired_PSO_Classifcation\MRI_dataset\Myositis Ossificans Progressiva\Myositis_Ossificans_Progressiva433.jpg,Myositis Ossificans Progressiva
C:\Users\HishamMo\Desktop\999_cs\Quantum_Inpired_PSO_Classifcation\MRI_dataset\Myositis Ossificans Progressiva\Myositis_Ossificans_Progressiva434.jpg,Myositis Ossificans Progressiva
C:\Users\HishamMo\Desktop\999_cs\Quantum_Inpired_PSO_Classifcation\MRI_dataset\Myositis Ossificans Progressiva\Myositis_Ossificans_Progressiva435.jpg,Myositis Ossificans Progressiva
C:\Users\HishamMo\Desktop\999_cs\Quantum_Inpired_PSO_Classifcation\MRI_dataset\Myositis Ossificans Progressiva\Myositis_Ossificans_Progressiva436.jpg,Myositis Ossificans Progressiva
C:\Users\HishamMo\Desktop\999_cs\Quantum_Inpired_PSO_Classifcation\MRI_dataset\Myositis Ossificans Progressiva\Myositis_Ossificans_Progressiva437.jpg,Myositis Ossificans Progressiva
C:\Users\HishamMo\Desktop\999_cs\Quantum_Inpired_PSO_Classifcation\MRI_dataset\Myositis Ossificans Progressiva\Myositis_Ossificans_Progressiva438.jpg,Myositis Ossificans Progressiva
C:\Users\HishamMo\Desktop\999_cs\Quantum_Inpired_PSO_Classifcation\MRI_dataset\Myositis Ossificans Progressiva\Myositis_Ossificans_Progressiva439.jpg,Myositis Ossificans Progressiva
C:\Users\HishamMo\Desktop\999_cs\Quantum_Inpired_PSO_Classifcation\MRI_dataset\Myositis Ossificans Progressiva\Myositis_Ossificans_Progressiva440.jpg,Myositis Ossificans Progressiva
C:\Users\HishamMo\Desktop\999_cs\Quantum_Inpired_PSO_Classifcation\MRI_dataset\Myositis Ossificans Progressiva\Myositis_Ossificans_Progressiva441.jpg,Myositis Ossificans Progressiva
C:\Users\HishamMo\Desktop\999_cs\Quantum_Inpired_PSO_Classifcation\MRI_dataset\Myositis Ossificans Progressiva\Myositis_Ossificans_Progressiva442.jpg,Myositis Ossificans Progressiva
C:\Users\HishamMo\Desktop\999_cs\Quantum_Inpired_PSO_Classifcation\MRI_dataset\Myositis Ossificans Progressiva\Myositis_Ossificans_Progressiva443.jpg,Myositis Ossificans Progressiva
C:\Users\HishamMo\Desktop\999_cs\Quantum_Inpired_PSO_Classifcation\MRI_dataset\Myositis Ossificans Progressiva\Myositis_Ossificans_Progressiva444.jpg,Myositis Ossificans Progressiva
C:\Users\HishamMo\Desktop\999_cs\Quantum_Inpired_PSO_Classifcation\MRI_dataset\Myositis Ossificans Progressiva\Myositis_Ossificans_Progressiva445.jpg,Myositis Ossificans Progressiva
C:\Users\HishamMo\Desktop\999_cs\Quantum_Inpired_PSO_Classifcation\MRI_dataset\Myositis Ossificans Progressiva\Myositis_Ossificans_Progressiva446.jpg,Myositis Ossificans Progressiva
C:\Users\HishamMo\Desktop\999_cs\Quantum_Inpired_PSO_Classifcation\MRI_dataset\Myositis Ossificans Progressiva\Myositis_Ossificans_Progressiva447.jpg,Myositis Ossificans Progressiva
C:\Users\HishamMo\Desktop\999_cs\Quantum_Inpired_PSO_Classifcation\MRI_dataset\Myositis Ossificans Progressiva\Myositis_Ossificans_Progressiva448.jpg,Myositis Ossificans Progressiva
C:\Users\HishamMo\Desktop\999_cs\Quantum_Inpired_PSO_Classifcation\MRI_dataset\Myositis Ossificans Progressiva\Myositis_Ossificans_Progressiva449.jpg,Myositis Ossificans Progressiva
C:\Users\HishamMo\Desktop\999_cs\Quantum_Inpired_PSO_Classifcation\MRI_dataset\Myositis Ossificans Progressiva\Myositis_Ossificans_Progressiva450.jpg,Myositis Ossificans Progressiva
C:\Users\HishamMo\Desktop\999_cs\Quantum_Inpired_PSO_Classifcation\MRI_dataset\Myositis Ossificans Progressiva\Myositis_Ossificans_Progressiva451.jpg,Myositis Ossificans Progressiva
C:\Users\HishamMo\Desktop\999_cs\Quantum_Inpired_PSO_Classifcation\MRI_dataset\Myositis Ossificans Progressiva\Myositis_Ossificans_Progressiva452.jpg,Myositis Ossificans Progressiva
C:\Users\HishamMo\Desktop\999_cs\Quantum_Inpired_PSO_Classifcation\MRI_dataset\Myositis Ossificans Progressiva\Myositis_Ossificans_Progressiva453.jpg,Myositis Ossificans Progressiva
C:\Users\HishamMo\Desktop\999_cs\Quantum_Inpired_PSO_Classifcation\MRI_dataset\Myositis Ossificans Progressiva\Myositis_Ossificans_Progressiva454.jpg,Myositis Ossificans Progressiva
C:\Users\HishamMo\Desktop\999_cs\Quantum_Inpired_PSO_Classifcation\MRI_dataset\Myositis Ossificans Progressiva\Myositis_Ossificans_Progressiva455.jpg,Myositis Ossificans Progressiva
C:\Users\HishamMo\Desktop\999_cs\Quantum_Inpired_PSO_Classifcation\MRI_dataset\Myositis Ossificans Progressiva\Myositis_Ossificans_Progressiva456.jpg,Myositis Ossificans Progressiva
C:\Users\HishamMo\Desktop\999_cs\Quantum_Inpired_PSO_Classifcation\MRI_dataset\Myositis Ossificans Progressiva\Myositis_Ossificans_Progressiva457.jpg,Myositis Ossificans Progressiva
C:\Users\HishamMo\Desktop\999_cs\Quantum_Inpired_PSO_Classifcation\MRI_dataset\Myositis Ossificans Progressiva\Myositis_Ossificans_Progressiva458.jpg,Myositis Ossificans Progressiva
C:\Users\HishamMo\Desktop\999_cs\Quantum_Inpired_PSO_Classifcation\MRI_dataset\Myositis Ossificans Progressiva\Myositis_Ossificans_Progressiva459.jpg,Myositis Ossificans Progressiva
C:\Users\HishamMo\Desktop\999_cs\Quantum_Inpired_PSO_Classifcation\MRI_dataset\Myositis Ossificans Progressiva\Myositis_Ossificans_Progressiva460.jpg,Myositis Ossificans Progressiva
C:\Users\HishamMo\Desktop\999_cs\Quantum_Inpired_PSO_Classifcation\MRI_dataset\Myositis Ossificans Progressiva\Myositis_Ossificans_Progressiva461.jpg,Myositis Ossificans Progressiva
C:\Users\HishamMo\Desktop\999_cs\Quantum_Inpired_PSO_Classifcation\MRI_dataset\Myositis Ossificans Progressiva\Myositis_Ossificans_Progressiva462.jpg,Myositis Ossificans Progressiva
C:\Users\HishamMo\Desktop\999_cs\Quantum_Inpired_PSO_Classifcation\MRI_dataset\Myositis Ossificans Progressiva\Myositis_Ossificans_Progressiva463.jpg,Myositis Ossificans Progressiva
C:\Users\HishamMo\Desktop\999_cs\Quantum_Inpired_PSO_Classifcation\MRI_dataset\Myositis Ossificans Progressiva\Myositis_Ossificans_Progressiva464.jpg,Myositis Ossificans Progressiva
C:\Users\HishamMo\Desktop\999_cs\Quantum_Inpired_PSO_Classifcation\MRI_dataset\Myositis Ossificans Progressiva\Myositis_Ossificans_Progressiva465.jpg,Myositis Ossificans Progressiva
C:\Users\HishamMo\Desktop\999_cs\Quantum_Inpired_PSO_Classifcation\MRI_dataset\Myositis Ossificans Progressiva\Myositis_Ossificans_Progressiva466.jpg,Myositis Ossificans Progressiva
C:\Users\HishamMo\Desktop\999_cs\Quantum_Inpired_PSO_Classifcation\MRI_dataset\Myositis Ossificans Progressiva\Myositis_Ossificans_Progressiva467.jpg,Myositis Ossificans Progressiva
C:\Users\HishamMo\Desktop\999_cs\Quantum_Inpired_PSO_Classifcation\MRI_dataset\Myositis Ossificans Progressiva\Myositis_Ossificans_Progressiva468.jpg,Myositis Ossificans Progressiva
C:\Users\HishamMo\Desktop\999_cs\Quantum_Inpired_PSO_Classifcation\MRI_dataset\Myositis Ossificans Progressiva\Myositis_Ossificans_Progressiva469.jpg,Myositis Ossificans Progressiva
C:\Users\HishamMo\Desktop\999_cs\Quantum_Inpired_PSO_Classifcation\MRI_dataset\Myositis Ossificans Progressiva\Myositis_Ossificans_Progressiva470.jpg,Myositis Ossificans Progressiva
C:\Users\HishamMo\Desktop\999_cs\Quantum_Inpired_PSO_Classifcation\MRI_dataset\Myositis Ossificans Progressiva\Myositis_Ossificans_Progressiva471.jpg,Myositis Ossificans Progressiva
C:\Users\HishamMo\Desktop\999_cs\Quantum_Inpired_PSO_Classifcation\MRI_dataset\Myositis Ossificans Progressiva\Myositis_Ossificans_Progressiva472.jpg,Myositis Ossificans Progressiva
C:\Users\HishamMo\Desktop\999_cs\Quantum_Inpired_PSO_Classifcation\MRI_dataset\Myositis Ossificans Progressiva\Myositis_Ossificans_Progressiva473.jpg,Myositis Ossificans Progressiva
C:\Users\HishamMo\Desktop\999_cs\Quantum_Inpired_PSO_Classifcation\MRI_dataset\Myositis Ossificans Progressiva\Myositis_Ossificans_Progressiva474.jpg,Myositis Ossificans Progressiva
C:\Users\HishamMo\Desktop\999_cs\Quantum_Inpired_PSO_Classifcation\MRI_dataset\Myositis Ossificans Progressiva\Myositis_Ossificans_Progressiva475.jpg,Myositis Ossificans Progressiva
C:\Users\HishamMo\Desktop\999_cs\Quantum_Inpired_PSO_Classifcation\MRI_dataset\Myositis Ossificans Progressiva\Myositis_Ossificans_Progressiva476.jpg,Myositis Ossificans Progressiva
C:\Users\HishamMo\Desktop\999_cs\Quantum_Inpired_PSO_Classifcation\MRI_dataset\Myositis Ossificans Progressiva\Myositis_Ossificans_Progressiva477.jpg,Myositis Ossificans Progressiva
C:\Users\HishamMo\Desktop\999_cs\Quantum_Inpired_PSO_Classifcation\MRI_dataset\Myositis Ossificans Progressiva\Myositis_Ossificans_Progressiva478.jpg,Myositis Ossificans Progressiva
C:\Users\HishamMo\Desktop\999_cs\Quantum_Inpired_PSO_Classifcation\MRI_dataset\Myositis Ossificans Progressiva\Myositis_Ossificans_Progressiva479.jpg,Myositis Ossificans Progressiva
C:\Users\HishamMo\Desktop\999_cs\Quantum_Inpired_PSO_Classifcation\MRI_dataset\Myositis Ossificans Progressiva\Myositis_Ossificans_Progressiva480.jpg,Myositis Ossificans Progressiva
C:\Users\HishamMo\Desktop\999_cs\Quantum_Inpired_PSO_Classifcation\MRI_dataset\Myositis Ossificans Progressiva\Myositis_Ossificans_Progressiva481.jpg,Myositis Ossificans Progressiva
C:\Users\HishamMo\Desktop\999_cs\Quantum_Inpired_PSO_Classifcation\MRI_dataset\Myositis Ossificans Progressiva\Myositis_Ossificans_Progressiva482.jpg,Myositis Ossificans Progressiva
C:\Users\HishamMo\Desktop\999_cs\Quantum_Inpired_PSO_Classifcation\MRI_dataset\Myositis Ossificans Progressiva\Myositis_Ossificans_Progressiva483.jpg,Myositis Ossificans Progressiva
C:\Users\HishamMo\Desktop\999_cs\Quantum_Inpired_PSO_Classifcation\MRI_dataset\Myositis Ossificans Progressiva\Myositis_Ossificans_Progressiva484.jpg,Myositis Ossificans Progressiva
C:\Users\HishamMo\Desktop\999_cs\Quantum_Inpired_PSO_Classifcation\MRI_dataset\Myositis Ossificans Progressiva\Myositis_Ossificans_Progressiva485.jpg,Myositis Ossificans Progressiva
C:\Users\HishamMo\Desktop\999_cs\Quantum_Inpired_PSO_Classifcation\MRI_dataset\Myositis Ossificans Progressiva\Myositis_Ossificans_Progressiva486.jpg,Myositis Ossificans Progressiva
C:\Users\HishamMo\Desktop\999_cs\Quantum_Inpired_PSO_Classifcation\MRI_dataset\Myositis Ossificans Progressiva\Myositis_Ossificans_Progressiva487.jpg,Myositis Ossificans Progressiva
C:\Users\HishamMo\Desktop\999_cs\Quantum_Inpired_PSO_Classifcation\MRI_dataset\Myositis Ossificans Progressiva\Myositis_Ossificans_Progressiva488.jpg,Myositis Ossificans Progressiva
C:\Users\HishamMo\Desktop\999_cs\Quantum_Inpired_PSO_Classifcation\MRI_dataset\Myositis Ossificans Progressiva\Myositis_Ossificans_Progressiva489.jpg,Myositis Ossificans Progressiva
C:\Users\HishamMo\Desktop\999_cs\Quantum_Inpired_PSO_Classifcation\MRI_dataset\Myositis Ossificans Progressiva\Myositis_Ossificans_Progressiva490.jpg,Myositis Ossificans Progressiva
C:\Users\HishamMo\Desktop\999_cs\Quantum_Inpired_PSO_Classifcation\MRI_dataset\Myositis Ossificans Progressiva\Myositis_Ossificans_Progressiva491.jpg,Myositis Ossificans Progressiva
C:\Users\HishamMo\Desktop\999_cs\Quantum_Inpired_PSO_Classifcation\MRI_dataset\Myositis Ossificans Progressiva\Myositis_Ossificans_Progressiva492.jpg,Myositis Ossificans Progressiva
C:\Users\HishamMo\Desktop\999_cs\Quantum_Inpired_PSO_Classifcation\MRI_dataset\Myositis Ossificans Progressiva\Myositis_Ossificans_Progressiva493.jpg,Myositis Ossificans Progressiva
C:\Users\HishamMo\Desktop\999_cs\Quantum_Inpired_PSO_Classifcation\MRI_dataset\Myositis Ossificans Progressiva\Myositis_Ossificans_Progressiva494.jpg,Myositis Ossificans Progressiva
C:\Users\HishamMo\Desktop\999_cs\Quantum_Inpired_PSO_Classifcation\MRI_dataset\Myositis Ossificans Progressiva\Myositis_Ossificans_Progressiva495.jpg,Myositis Ossificans Progressiva
C:\Users\HishamMo\Desktop\999_cs\Quantum_Inpired_PSO_Classifcation\MRI_dataset\Myositis Ossificans Progressiva\Myositis_Ossificans_Progressiva496.jpg,Myositis Ossificans Progressiva
C:\Users\HishamMo\Desktop\999_cs\Quantum_Inpired_PSO_Classifcation\MRI_dataset\Myositis Ossificans Progressiva\Myositis_Ossificans_Progressiva497.jpg,Myositis Ossificans Progressiva
C:\Users\HishamMo\Desktop\999_cs\Quantum_Inpired_PSO_Classifcation\MRI_dataset\Myositis Ossificans Progressiva\Myositis_Ossificans_Progressiva498.jpg,Myositis Ossificans Progressiva
C:\Users\HishamMo\Desktop\999_cs\Quantum_Inpired_PSO_Classifcation\MRI_dataset\Myositis Ossificans Progressiva\Myositis_Ossificans_Progressiva499.jpg,Myositis Ossificans Progressiva
C:\Users\HishamMo\Desktop\999_cs\Quantum_Inpired_PSO_Classifcation\MRI_dataset\Myositis Ossificans Progressiva\Myositis_Ossificans_Progressiva500.jpg,Myositis Ossificans Progressiva
C:\Users\HishamMo\Desktop\999_cs\Quantum_Inpired_PSO_Classifcation\MRI_dataset\Myositis Ossificans Progressiva\Myositis_Ossificans_Progressiva501.jpg,Myositis Ossificans Progressiva
C:\Users\HishamMo\Desktop\999_cs\Quantum_Inpired_PSO_Classifcation\MRI_dataset\Myositis Ossificans Progressiva\Myositis_Ossificans_Progressiva502.jpg,Myositis Ossificans Progressiva
C:\Users\HishamMo\Desktop\999_cs\Quantum_Inpired_PSO_Classifcation\MRI_dataset\Myositis Ossificans Progressiva\Myositis_Ossificans_Progressiva503.jpg,Myositis Ossificans Progressiva
C:\Users\HishamMo\Desktop\999_cs\Quantum_Inpired_PSO_Classifcation\MRI_dataset\Myositis Ossificans Progressiva\Myositis_Ossificans_Progressiva504.jpg,Myositis Ossificans Progressiva
C:\Users\HishamMo\Desktop\999_cs\Quantum_Inpired_PSO_Classifcation\MRI_dataset\Myositis Ossificans Progressiva\Myositis_Ossificans_Progressiva505.jpg,Myositis Ossificans Progressiva
C:\Users\HishamMo\Desktop\999_cs\Quantum_Inpired_PSO_Classifcation\MRI_dataset\Myositis Ossificans Progressiva\Myositis_Ossificans_Progressiva506.jpg,Myositis Ossificans Progressiva
C:\Users\HishamMo\Desktop\999_cs\Quantum_Inpired_PSO_Classifcation\MRI_dataset\Myositis Ossificans Progressiva\Myositis_Ossificans_Progressiva507.jpg,Myositis Ossificans Progressiva
C:\Users\HishamMo\Desktop\999_cs\Quantum_Inpired_PSO_Classifcation\MRI_dataset\Myositis Ossificans Progressiva\Myositis_Ossificans_Progressiva508.jpg,Myositis Ossificans Progressiva
C:\Users\HishamMo\Desktop\999_cs\Quantum_Inpired_PSO_Classifcation\MRI_dataset\Myositis Ossificans Progressiva\Myositis_Ossificans_Progressiva509.jpg,Myositis Ossificans Progressiva
C:\Users\HishamMo\Desktop\999_cs\Quantum_Inpired_PSO_Classifcation\MRI_dataset\Myositis Ossificans Progressiva\Myositis_Ossificans_Progressiva510.jpg,Myositis Ossificans Progressiva
C:\Users\HishamMo\Desktop\999_cs\Quantum_Inpired_PSO_Classifcation\MRI_dataset\Myositis Ossificans Progressiva\Myositis_Ossificans_Progressiva511.jpg,Myositis Ossificans Progressiva
C:\Users\HishamMo\Desktop\999_cs\Quantum_Inpired_PSO_Classifcation\MRI_dataset\Myositis Ossificans Progressiva\Myositis_Ossificans_Progressiva512.jpg,Myositis Ossificans Progressiva
C:\Users\HishamMo\Desktop\999_cs\Quantum_Inpired_PSO_Classifcation\MRI_dataset\Myositis Ossificans Progressiva\Myositis_Ossificans_Progressiva513.jpg,Myositis Ossificans Progressiva
C:\Users\HishamMo\Desktop\999_cs\Quantum_Inpired_PSO_Classifcation\MRI_dataset\Myositis Ossificans Progressiva\Myositis_Ossificans_Progressiva514.jpg,Myositis Ossificans Progressiva
C:\Users\HishamMo\Desktop\999_cs\Quantum_Inpired_PSO_Classifcation\MRI_dataset\Myositis Ossificans Progressiva\Myositis_Ossificans_Progressiva515.jpg,Myositis Ossificans Progressiva
C:\Users\HishamMo\Desktop\999_cs\Quantum_Inpired_PSO_Classifcation\MRI_dataset\Myositis Ossificans Progressiva\Myositis_Ossificans_Progressiva516.jpg,Myositis Ossificans Progressiva
C:\Users\HishamMo\Desktop\999_cs\Quantum_Inpired_PSO_Classifcation\MRI_dataset\Myositis Ossificans Progressiva\Myositis_Ossificans_Progressiva517.jpg,Myositis Ossificans Progressiva
C:\Users\HishamMo\Desktop\999_cs\Quantum_Inpired_PSO_Classifcation\MRI_dataset\Myositis Ossificans Progressiva\Myositis_Ossificans_Progressiva518.jpg,Myositis Ossificans Progressiva
C:\Users\HishamMo\Desktop\999_cs\Quantum_Inpired_PSO_Classifcation\MRI_dataset\Myositis Ossificans Progressiva\Myositis_Ossificans_Progressiva519.jpg,Myositis Ossificans Progressiva
C:\Users\HishamMo\Desktop\999_cs\Quantum_Inpired_PSO_Classifcation\MRI_dataset\Myositis Ossificans Progressiva\Myositis_Ossificans_Progressiva520.jpg,Myositis Ossificans Progressiva
C:\Users\HishamMo\Desktop\999_cs\Quantum_Inpired_PSO_Classifcation\MRI_dataset\Myositis Ossificans Progressiva\Myositis_Ossificans_Progressiva521.jpg,Myositis Ossificans Progressiva
C:\Users\HishamMo\Desktop\999_cs\Quantum_Inpired_PSO_Classifcation\MRI_dataset\Myositis Ossificans Progressiva\Myositis_Ossificans_Progressiva522.jpg,Myositis Ossificans Progressiva
C:\Users\HishamMo\Desktop\999_cs\Quantum_Inpired_PSO_Classifcation\MRI_dataset\Myositis Ossificans Progressiva\Myositis_Ossificans_Progressiva523.jpg,Myositis Ossificans Progressiva
C:\Users\HishamMo\Desktop\999_cs\Quantum_Inpired_PSO_Classifcation\MRI_dataset\Myositis Ossificans Progressiva\Myositis_Ossificans_Progressiva524.jpg,Myositis Ossificans Progressiva
C:\Users\HishamMo\Desktop\999_cs\Quantum_Inpired_PSO_Classifcation\MRI_dataset\Myositis Ossificans Progressiva\Myositis_Ossificans_Progressiva525.jpg,Myositis Ossificans Progressiva
C:\Users\HishamMo\Desktop\999_cs\Quantum_Inpired_PSO_Classifcation\MRI_dataset\Myositis Ossificans Progressiva\Myositis_Ossificans_Progressiva526.jpg,Myositis Ossificans Progressiva
C:\Users\HishamMo\Desktop\999_cs\Quantum_Inpired_PSO_Classifcation\MRI_dataset\Myositis Ossificans Progressiva\Myositis_Ossificans_Progressiva527.jpg,Myositis Ossificans Progressiva
C:\Users\HishamMo\Desktop\999_cs\Quantum_Inpired_PSO_Classifcation\MRI_dataset\Myositis Ossificans Progressiva\Myositis_Ossificans_Progressiva528.jpg,Myositis Ossificans Progressiva
C:\Users\HishamMo\Desktop\999_cs\Quantum_Inpired_PSO_Classifcation\MRI_dataset\Myositis Ossificans Progressiva\Myositis_Ossificans_Progressiva529.jpg,Myositis Ossificans Progressiva
C:\Users\HishamMo\Desktop\999_cs\Quantum_Inpired_PSO_Classifcation\MRI_dataset\Myositis Ossificans Progressiva\Myositis_Ossificans_Progressiva530.jpg,Myositis Ossificans Progressiva
C:\Users\HishamMo\Desktop\999_cs\Quantum_Inpired_PSO_Classifcation\MRI_dataset\Myositis Ossificans Progressiva\Myositis_Ossificans_Progressiva531.jpg,Myositis Ossificans Progressiva
C:\Users\HishamMo\Desktop\999_cs\Quantum_Inpired_PSO_Classifcation\MRI_dataset\Myositis Ossificans Progressiva\Myositis_Ossificans_Progressiva532.jpg,Myositis Ossificans Progressiva
C:\Users\HishamMo\Desktop\999_cs\Quantum_Inpired_PSO_Classifcation\MRI_dataset\Myositis Ossificans Progressiva\Myositis_Ossificans_Progressiva533.jpg,Myositis Ossificans Progressiva
C:\Users\HishamMo\Desktop\999_cs\Quantum_Inpired_PSO_Classifcation\MRI_dataset\Myositis Ossificans Progressiva\Myositis_Ossificans_Progressiva534.jpg,Myositis Ossificans Progressiva
C:\Users\HishamMo\Desktop\999_cs\Quantum_Inpired_PSO_Classifcation\MRI_dataset\Myositis Ossificans Progressiva\Myositis_Ossificans_Progressiva535.jpg,Myositis Ossificans Progressiva
C:\Users\HishamMo\Desktop\999_cs\Quantum_Inpired_PSO_Classifcation\MRI_dataset\Myositis Ossificans Progressiva\Myositis_Ossificans_Progressiva536.jpg,Myositis Ossificans Progressiva
C:\Users\HishamMo\Desktop\999_cs\Quantum_Inpired_PSO_Classifcation\MRI_dataset\Myositis Ossificans Progressiva\Myositis_Ossificans_Progressiva537.jpg,Myositis Ossificans Progressiva
C:\Users\HishamMo\Desktop\999_cs\Quantum_Inpired_PSO_Classifcation\MRI_dataset\Myositis Ossificans Progressiva\Myositis_Ossificans_Progressiva538.jpg,Myositis Ossificans Progressiva
C:\Users\HishamMo\Desktop\999_cs\Quantum_Inpired_PSO_Classifcation\MRI_dataset\Myositis Ossificans Progressiva\Myositis_Ossificans_Progressiva539.jpg,Myositis Ossificans Progressiva
C:\Users\HishamMo\Desktop\999_cs\Quantum_Inpired_PSO_Classifcation\MRI_dataset\Myositis Ossificans Progressiva\Myositis_Ossificans_Progressiva540.jpg,Myositis Ossificans Progressiva
C:\Users\HishamMo\Desktop\999_cs\Quantum_Inpired_PSO_Classifcation\MRI_dataset\Myositis Ossificans Progressiva\Myositis_Ossificans_Progressiva541.jpg,Myositis Ossificans Progressiva
C:\Users\HishamMo\Desktop\999_cs\Quantum_Inpired_PSO_Classifcation\MRI_dataset\Myositis Ossificans Progressiva\Myositis_Ossificans_Progressiva542.jpg,Myositis Ossificans Progressiva
C:\Users\HishamMo\Desktop\999_cs\Quantum_Inpired_PSO_Classifcation\MRI_dataset\Myositis Ossificans Progressiva\Myositis_Ossificans_Progressiva543.jpg,Myositis Ossificans Progressiva
C:\Users\HishamMo\Desktop\999_cs\Quantum_Inpired_PSO_Classifcation\MRI_dataset\Myositis Ossificans Progressiva\Myositis_Ossificans_Progressiva544.jpg,Myositis Ossificans Progressiva
C:\Users\HishamMo\Desktop\999_cs\Quantum_Inpired_PSO_Classifcation\MRI_dataset\Myositis Ossificans Progressiva\Myositis_Ossificans_Progressiva545.jpg,Myositis Ossificans Progressiva
C:\Users\HishamMo\Desktop\999_cs\Quantum_Inpired_PSO_Classifcation\MRI_dataset\Myositis Ossificans Progressiva\Myositis_Ossificans_Progressiva546.jpg,Myositis Ossificans Progressiva
C:\Users\HishamMo\Desktop\999_cs\Quantum_Inpired_PSO_Classifcation\MRI_dataset\Myositis Ossificans Progressiva\Myositis_Ossificans_Progressiva547.jpg,Myositis Ossificans Progressiva
C:\Users\HishamMo\Desktop\999_cs\Quantum_Inpired_PSO_Classifcation\MRI_dataset\Myositis Ossificans Progressiva\Myositis_Ossificans_Progressiva548.jpg,Myositis Ossificans Progressiva
C:\Users\HishamMo\Desktop\999_cs\Quantum_Inpired_PSO_Classifcation\MRI_dataset\Myositis Ossificans Progressiva\Myositis_Ossificans_Progressiva549.jpg,Myositis Ossificans Progressiva
C:\Users\HishamMo\Desktop\999_cs\Quantum_Inpired_PSO_Classifcation\MRI_dataset\Myositis Ossificans Progressiva\Myositis_Ossificans_Progressiva550.jpg,Myositis Ossificans Progressiva
C:\Users\HishamMo\Desktop\999_cs\Quantum_Inpired_PSO_Classifcation\MRI_dataset\Myositis Ossificans Progressiva\Myositis_Ossificans_Progressiva551.jpg,Myositis Ossificans Progressiva
C:\Users\HishamMo\Desktop\999_cs\Quantum_Inpired_PSO_Classifcation\MRI_dataset\Myositis Ossificans Progressiva\Myositis_Ossificans_Progressiva552.jpg,Myositis Ossificans Progressiva
C:\Users\HishamMo\Desktop\999_cs\Quantum_Inpired_PSO_Classifcation\MRI_dataset\Myositis Ossificans Progressiva\Myositis_Ossificans_Progressiva553.jpg,Myositis Ossificans Progressiva
C:\Users\HishamMo\Desktop\999_cs\Quantum_Inpired_PSO_Classifcation\MRI_dataset\Myositis Ossificans Progressiva\Myositis_Ossificans_Progressiva554.jpg,Myositis Ossificans Progressiva
C:\Users\HishamMo\Desktop\999_cs\Quantum_Inpired_PSO_Classifcation\MRI_dataset\Myositis Ossificans Progressiva\Myositis_Ossificans_Progressiva555.jpg,Myositis Ossificans Progressiva
C:\Users\HishamMo\Desktop\999_cs\Quantum_Inpired_PSO_Classifcation\MRI_dataset\Myositis Ossificans Progressiva\Myositis_Ossificans_Progressiva556.jpg,Myositis Ossificans Progressiva
C:\Users\HishamMo\Desktop\999_cs\Quantum_Inpired_PSO_Classifcation\MRI_dataset\Myositis Ossificans Progressiva\Myositis_Ossificans_Progressiva557.jpg,Myositis Ossificans Progressiva
C:\Users\HishamMo\Desktop\999_cs\Quantum_Inpired_PSO_Classifcation\MRI_dataset\Myositis Ossificans Progressiva\Myositis_Ossificans_Progressiva558.jpg,Myositis Ossificans Progressiva
C:\Users\HishamMo\Desktop\999_cs\Quantum_Inpired_PSO_Classifcation\MRI_dataset\Myositis Ossificans Progressiva\Myositis_Ossificans_Progressiva559.jpg,Myositis Ossificans Progressiva
C:\Users\HishamMo\Desktop\999_cs\Quantum_Inpired_PSO_Classifcation\MRI_dataset\Myositis Ossificans Progressiva\Myositis_Ossificans_Progressiva560.jpg,Myositis Ossificans Progressiva
C:\Users\HishamMo\Desktop\999_cs\Quantum_Inpired_PSO_Classifcation\MRI_dataset\Myositis Ossificans Progressiva\Myositis_Ossificans_Progressiva561.jpg,Myositis Ossificans Progressiva
C:\Users\HishamMo\Desktop\999_cs\Quantum_Inpired_PSO_Classifcation\MRI_dataset\Myositis Ossificans Progressiva\Myositis_Ossificans_Progressiva562.jpg,Myositis Ossificans Progressiva
C:\Users\HishamMo\Desktop\999_cs\Quantum_Inpired_PSO_Classifcation\MRI_dataset\Myositis Ossificans Progressiva\Myositis_Ossificans_Progressiva563.jpg,Myositis Ossificans Progressiva
C:\Users\HishamMo\Desktop\999_cs\Quantum_Inpired_PSO_Classifcation\MRI_dataset\Myositis Ossificans Progressiva\Myositis_Ossificans_Progressiva564.jpg,Myositis Ossificans Progressiva
C:\Users\HishamMo\Desktop\999_cs\Quantum_Inpired_PSO_Classifcation\MRI_dataset\Myositis Ossificans Progressiva\Myositis_Ossificans_Progressiva565.jpg,Myositis Ossificans Progressiva
C:\Users\HishamMo\Desktop\999_cs\Quantum_Inpired_PSO_Classifcation\MRI_dataset\Myositis Ossificans Progressiva\Myositis_Ossificans_Progressiva566.jpg,Myositis Ossificans Progressiva
C:\Users\HishamMo\Desktop\999_cs\Quantum_Inpired_PSO_Classifcation\MRI_dataset\Myositis Ossificans Progressiva\Myositis_Ossificans_Progressiva567.jpg,Myositis Ossificans Progressiva
C:\Users\HishamMo\Desktop\999_cs\Quantum_Inpired_PSO_Classifcation\MRI_dataset\Myositis Ossificans Progressiva\Myositis_Ossificans_Progressiva568.jpg,Myositis Ossificans Progressiva
C:\Users\HishamMo\Desktop\999_cs\Quantum_Inpired_PSO_Classifcation\MRI_dataset\Myositis Ossificans Progressiva\Myositis_Ossificans_Progressiva569.jpg,Myositis Ossificans Progressiva
C:\Users\HishamMo\Desktop\999_cs\Quantum_Inpired_PSO_Classifcation\MRI_dataset\Myositis Ossificans Progressiva\Myositis_Ossificans_Progressiva570.jpg,Myositis Ossificans Progressiva
C:\Users\HishamMo\Desktop\999_cs\Quantum_Inpired_PSO_Classifcation\MRI_dataset\Myositis Ossificans Progressiva\Myositis_Ossificans_Progressiva571.jpg,Myositis Ossificans Progressiva
C:\Users\HishamMo\Desktop\999_cs\Quantum_Inpired_PSO_Classifcation\MRI_dataset\Myositis Ossificans Progressiva\Myositis_Ossificans_Progressiva572.jpg,Myositis Ossificans Progressiva
C:\Users\HishamMo\Desktop\999_cs\Quantum_Inpired_PSO_Classifcation\MRI_dataset\Myositis Ossificans Progressiva\Myositis_Ossificans_Progressiva573.jpg,Myositis Ossificans Progressiva
C:\Users\HishamMo\Desktop\999_cs\Quantum_Inpired_PSO_Classifcation\MRI_dataset\Myositis Ossificans Progressiva\Myositis_Ossificans_Progressiva574.jpg,Myositis Ossificans Progressiva
C:\Users\HishamMo\Desktop\999_cs\Quantum_Inpired_PSO_Classifcation\MRI_dataset\Myositis Ossificans Progressiva\Myositis_Ossificans_Progressiva575.jpg,Myositis Ossificans Progressiva
C:\Users\HishamMo\Desktop\999_cs\Quantum_Inpired_PSO_Classifcation\MRI_dataset\Myositis Ossificans Progressiva\Myositis_Ossificans_Progressiva576.jpg,Myositis Ossificans Progressiva
C:\Users\HishamMo\Desktop\999_cs\Quantum_Inpired_PSO_Classifcation\MRI_dataset\Myositis Ossificans Progressiva\Myositis_Ossificans_Progressiva577.jpg,Myositis Ossificans Progressiva
C:\Users\HishamMo\Desktop\999_cs\Quantum_Inpired_PSO_Classifcation\MRI_dataset\Myositis Ossificans Progressiva\Myositis_Ossificans_Progressiva578.jpg,Myositis Ossificans Progressiva
C:\Users\HishamMo\Desktop\999_cs\Quantum_Inpired_PSO_Classifcation\MRI_dataset\Myositis Ossificans Progressiva\Myositis_Ossificans_Progressiva579.jpg,Myositis Ossificans Progressiva
C:\Users\HishamMo\Desktop\999_cs\Quantum_Inpired_PSO_Classifcation\MRI_dataset\Myositis Ossificans Progressiva\Myositis_Ossificans_Progressiva580.jpg,Myositis Ossificans Progressiva
C:\Users\HishamMo\Desktop\999_cs\Quantum_Inpired_PSO_Classifcation\MRI_dataset\Myositis Ossificans Progressiva\Myositis_Ossificans_Progressiva581.jpg,Myositis Ossificans Progressiva
C:\Users\HishamMo\Desktop\999_cs\Quantum_Inpired_PSO_Classifcation\MRI_dataset\Myositis Ossificans Progressiva\Myositis_Ossificans_Progressiva582.jpg,Myositis Ossificans Progressiva
C:\Users\HishamMo\Desktop\999_cs\Quantum_Inpired_PSO_Classifcation\MRI_dataset\Myositis Ossificans Progressiva\Myositis_Ossificans_Progressiva583.jpg,Myositis Ossificans Progressiva
C:\Users\HishamMo\Desktop\999_cs\Quantum_Inpired_PSO_Classifcation\MRI_dataset\Myositis Ossificans Progressiva\Myositis_Ossificans_Progressiva584.jpg,Myositis Ossificans Progressiva
C:\Users\HishamMo\Desktop\999_cs\Quantum_Inpired_PSO_Classifcation\MRI_dataset\Myositis Ossificans Progressiva\Myositis_Ossificans_Progressiva585.jpg,Myositis Ossificans Progressiva
C:\Users\HishamMo\Desktop\999_cs\Quantum_Inpired_PSO_Classifcation\MRI_dataset\Myositis Ossificans Progressiva\Myositis_Ossificans_Progressiva586.jpg,Myositis Ossificans Progressiva
C:\Users\HishamMo\Desktop\999_cs\Quantum_Inpired_PSO_Classifcation\MRI_dataset\Myositis Ossificans Progressiva\Myositis_Ossificans_Progressiva587.jpg,Myositis Ossificans Progressiva
C:\Users\HishamMo\Desktop\999_cs\Quantum_Inpired_PSO_Classifcation\MRI_dataset\Myositis Ossificans Progressiva\Myositis_Ossificans_Progressiva588.jpg,Myositis Ossificans Progressiva
C:\Users\HishamMo\Desktop\999_cs\Quantum_Inpired_PSO_Classifcation\MRI_dataset\Myositis Ossificans Progressiva\Myositis_Ossificans_Progressiva589.jpg,Myositis Ossificans Progressiva
C:\Users\HishamMo\Desktop\999_cs\Quantum_Inpired_PSO_Classifcation\MRI_dataset\Myositis Ossificans Progressiva\Myositis_Ossificans_Progressiva590.jpg,Myositis Ossificans Progressiva
C:\Users\HishamMo\Desktop\999_cs\Quantum_Inpired_PSO_Classifcation\MRI_dataset\Myositis Ossificans Progressiva\Myositis_Ossificans_Progressiva591.jpg,Myositis Ossificans Progressiva
C:\Users\HishamMo\Desktop\999_cs\Quantum_Inpired_PSO_Classifcation\MRI_dataset\Myositis Ossificans Progressiva\Myositis_Ossificans_Progressiva592.jpg,Myositis Ossificans Progressiva
C:\Users\HishamMo\Desktop\999_cs\Quantum_Inpired_PSO_Classifcation\MRI_dataset\Myositis Ossificans Progressiva\Myositis_Ossificans_Progressiva593.jpg,Myositis Ossificans Progressiva
C:\Users\HishamMo\Desktop\999_cs\Quantum_Inpired_PSO_Classifcation\MRI_dataset\Myositis Ossificans Progressiva\Myositis_Ossificans_Progressiva594.jpg,Myositis Ossificans Progressiva
C:\Users\HishamMo\Desktop\999_cs\Quantum_Inpired_PSO_Classifcation\MRI_dataset\Myositis Ossificans Progressiva\Myositis_Ossificans_Progressiva595.jpg,Myositis Ossificans Progressiva
C:\Users\HishamMo\Desktop\999_cs\Quantum_Inpired_PSO_Classifcation\MRI_dataset\Myositis Ossificans Progressiva\Myositis_Ossificans_Progressiva596.jpg,Myositis Ossificans Progressiva
C:\Users\HishamMo\Desktop\999_cs\Quantum_Inpired_PSO_Classifcation\MRI_dataset\Myositis Ossificans Progressiva\Myositis_Ossificans_Progressiva597.jpg,Myositis Ossificans Progressiva
C:\Users\HishamMo\Desktop\999_cs\Quantum_Inpired_PSO_Classifcation\MRI_dataset\Myositis Ossificans Progressiva\Myositis_Ossificans_Progressiva598.jpg,Myositis Ossificans Progressiva
C:\Users\HishamMo\Desktop\999_cs\Quantum_Inpired_PSO_Classifcation\MRI_dataset\Myositis Ossificans Progressiva\Myositis_Ossificans_Progressiva599.jpg,Myositis Ossificans Progressiva
C:\Users\HishamMo\Desktop\999_cs\Quantum_Inpired_PSO_Classifcation\MRI_dataset\Myositis Ossificans Progressiva\Myositis_Ossificans_Progressiva600.jpg,Myositis Ossificans Progressiva
C:\Users\HishamMo\Desktop\999_cs\Quantum_Inpired_PSO_Classifcation\MRI_dataset\Myositis Ossificans Progressiva\Myositis_Ossificans_Progressiva601.jpg,Myositis Ossificans Progressiva
C:\Users\HishamMo\Desktop\999_cs\Quantum_Inpired_PSO_Classifcation\MRI_dataset\Myositis Ossificans Progressiva\Myositis_Ossificans_Progressiva602.jpg,Myositis Ossificans Progressiva
C:\Users\HishamMo\Desktop\999_cs\Quantum_Inpired_PSO_Classifcation\MRI_dataset\Myositis Ossificans Progressiva\Myositis_Ossificans_Progressiva603.jpg,Myositis Ossificans Progressiva
C:\Users\HishamMo\Desktop\999_cs\Quantum_Inpired_PSO_Classifcation\MRI_dataset\Myositis Ossificans Progressiva\Myositis_Ossificans_Progressiva604.jpg,Myositis Ossificans Progressiva
C:\Users\HishamMo\Desktop\999_cs\Quantum_Inpired_PSO_Classifcation\MRI_dataset\Myositis Ossificans Progressiva\Myositis_Ossificans_Progressiva605.jpg,Myositis Ossificans Progressiva
C:\Users\HishamMo\Desktop\999_cs\Quantum_Inpired_PSO_Classifcation\MRI_dataset\Myositis Ossificans Progressiva\Myositis_Ossificans_Progressiva606.jpg,Myositis Ossificans Progressiva
C:\Users\HishamMo\Desktop\999_cs\Quantum_Inpired_PSO_Classifcation\MRI_dataset\Myositis Ossificans Progressiva\Myositis_Ossificans_Progressiva607.jpg,Myositis Ossificans Progressiva
C:\Users\HishamMo\Desktop\999_cs\Quantum_Inpired_PSO_Classifcation\MRI_dataset\Myositis Ossificans Progressiva\Myositis_Ossificans_Progressiva608.jpg,Myositis Ossificans Progressiva
C:\Users\HishamMo\Desktop\999_cs\Quantum_Inpired_PSO_Classifcation\MRI_dataset\Myositis Ossificans Progressiva\Myositis_Ossificans_Progressiva609.jpg,Myositis Ossificans Progressiva
C:\Users\HishamMo\Desktop\999_cs\Quantum_Inpired_PSO_Classifcation\MRI_dataset\Myositis Ossificans Progressiva\Myositis_Ossificans_Progressiva610.jpg,Myositis Ossificans Progressiva
C:\Users\HishamMo\Desktop\999_cs\Quantum_Inpired_PSO_Classifcation\MRI_dataset\Myositis Ossificans Progressiva\Myositis_Ossificans_Progressiva611.jpg,Myositis Ossificans Progressiva
C:\Users\HishamMo\Desktop\999_cs\Quantum_Inpired_PSO_Classifcation\MRI_dataset\Myositis Ossificans Progressiva\Myositis_Ossificans_Progressiva612.jpg,Myositis Ossificans Progressiva
C:\Users\HishamMo\Desktop\999_cs\Quantum_Inpired_PSO_Classifcation\MRI_dataset\Myositis Ossificans Progressiva\Myositis_Ossificans_Progressiva613.jpg,Myositis Ossificans Progressiva
C:\Users\HishamMo\Desktop\999_cs\Quantum_Inpired_PSO_Classifcation\MRI_dataset\Myositis Ossificans Progressiva\Myositis_Ossificans_Progressiva614.jpg,Myositis Ossificans Progressiva
C:\Users\HishamMo\Desktop\999_cs\Quantum_Inpired_PSO_Classifcation\MRI_dataset\Myositis Ossificans Progressiva\Myositis_Ossificans_Progressiva615.jpg,Myositis Ossificans Progressiva
C:\Users\HishamMo\Desktop\999_cs\Quantum_Inpired_PSO_Classifcation\MRI_dataset\Myositis Ossificans Progressiva\Myositis_Ossificans_Progressiva616.jpg,Myositis Ossificans Progressiva
C:\Users\HishamMo\Desktop\999_cs\Quantum_Inpired_PSO_Classifcation\MRI_dataset\Myositis Ossificans Progressiva\Myositis_Ossificans_Progressiva617.jpg,Myositis Ossificans Progressiva
C:\Users\HishamMo\Desktop\999_cs\Quantum_Inpired_PSO_Classifcation\MRI_dataset\Myositis Ossificans Progressiva\Myositis_Ossificans_Progressiva618.jpg,Myositis Ossificans Progressiva
C:\Users\HishamMo\Desktop\999_cs\Quantum_Inpired_PSO_Classifcation\MRI_dataset\Myositis Ossificans Progressiva\Myositis_Ossificans_Progressiva619.jpg,Myositis Ossificans Progressiva
C:\Users\HishamMo\Desktop\999_cs\Quantum_Inpired_PSO_Classifcation\MRI_dataset\Myositis Ossificans Progressiva\Myositis_Ossificans_Progressiva620.jpg,Myositis Ossificans Progressiva
C:\Users\HishamMo\Desktop\999_cs\Quantum_Inpired_PSO_Classifcation\MRI_dataset\Myositis Ossificans Progressiva\Myositis_Ossificans_Progressiva621.jpg,Myositis Ossificans Progressiva
C:\Users\HishamMo\Desktop\999_cs\Quantum_Inpired_PSO_Classifcation\MRI_dataset\Myositis Ossificans Progressiva\Myositis_Ossificans_Progressiva622.jpg,Myositis Ossificans Progressiva
C:\Users\HishamMo\Desktop\999_cs\Quantum_Inpired_PSO_Classifcation\MRI_dataset\Myositis Ossificans Progressiva\Myositis_Ossificans_Progressiva623.jpg,Myositis Ossificans Progressiva
C:\Users\HishamMo\Desktop\999_cs\Quantum_Inpired_PSO_Classifcation\MRI_dataset\Myositis Ossificans Progressiva\Myositis_Ossificans_Progressiva624.jpg,Myositis Ossificans Progressiva
C:\Users\HishamMo\Desktop\999_cs\Quantum_Inpired_PSO_Classifcation\MRI_dataset\Myositis Ossificans Progressiva\Myositis_Ossificans_Progressiva625.jpg,Myositis Ossificans Progressiva
C:\Users\HishamMo\Desktop\999_cs\Quantum_Inpired_PSO_Classifcation\MRI_dataset\Myositis Ossificans Progressiva\Myositis_Ossificans_Progressiva626.jpg,Myositis Ossificans Progressiva
C:\Users\HishamMo\Desktop\999_cs\Quantum_Inpired_PSO_Classifcation\MRI_dataset\Myositis Ossificans Progressiva\Myositis_Ossificans_Progressiva627.jpg,Myositis Ossificans Progressiva
C:\Users\HishamMo\Desktop\999_cs\Quantum_Inpired_PSO_Classifcation\MRI_dataset\Myositis Ossificans Progressiva\Myositis_Ossificans_Progressiva628.jpg,Myositis Ossificans Progressiva
C:\Users\HishamMo\Desktop\999_cs\Quantum_Inpired_PSO_Classifcation\MRI_dataset\Myositis Ossificans Progressiva\Myositis_Ossificans_Progressiva629.jpg,Myositis Ossificans Progressiva
C:\Users\HishamMo\Desktop\999_cs\Quantum_Inpired_PSO_Classifcation\MRI_dataset\Myositis Ossificans Progressiva\Myositis_Ossificans_Progressiva630.jpg,Myositis Ossificans Progressiva
C:\Users\HishamMo\Desktop\999_cs\Quantum_Inpired_PSO_Classifcation\MRI_dataset\Myositis Ossificans Progressiva\Myositis_Ossificans_Progressiva631.jpg,Myositis Ossificans Progressiva
C:\Users\HishamMo\Desktop\999_cs\Quantum_Inpired_PSO_Classifcation\MRI_dataset\Myositis Ossificans Progressiva\Myositis_Ossificans_Progressiva632.jpg,Myositis Ossificans Progressiva
C:\Users\HishamMo\Desktop\999_cs\Quantum_Inpired_PSO_Classifcation\MRI_dataset\Myositis Ossificans Progressiva\Myositis_Ossificans_Progressiva633.jpg,Myositis Ossificans Progressiva
C:\Users\HishamMo\Desktop\999_cs\Quantum_Inpired_PSO_Classifcation\MRI_dataset\Myositis Ossificans Progressiva\Myositis_Ossificans_Progressiva634.jpg,Myositis Ossificans Progressiva
C:\Users\HishamMo\Desktop\999_cs\Quantum_Inpired_PSO_Classifcation\MRI_dataset\Myositis Ossificans Progressiva\Myositis_Ossificans_Progressiva635.jpg,Myositis Ossificans Progressiva
C:\Users\HishamMo\Desktop\999_cs\Quantum_Inpired_PSO_Classifcation\MRI_dataset\Myositis Ossificans Progressiva\Myositis_Ossificans_Progressiva636.jpg,Myositis Ossificans Progressiva
C:\Users\HishamMo\Desktop\999_cs\Quantum_Inpired_PSO_Classifcation\MRI_dataset\Myositis Ossificans Progressiva\Myositis_Ossificans_Progressiva637.jpg,Myositis Ossificans Progressiva
C:\Users\HishamMo\Desktop\999_cs\Quantum_Inpired_PSO_Classifcation\MRI_dataset\Myositis Ossificans Progressiva\Myositis_Ossificans_Progressiva638.jpg,Myositis Ossificans Progressiva
C:\Users\HishamMo\Desktop\999_cs\Quantum_Inpired_PSO_Classifcation\MRI_dataset\Myositis Ossificans Progressiva\Myositis_Ossificans_Progressiva639.jpg,Myositis Ossificans Progressiva
C:\Users\HishamMo\Desktop\999_cs\Quantum_Inpired_PSO_Classifcation\MRI_dataset\Myositis Ossificans Progressiva\Myositis_Ossificans_Progressiva640.jpg,Myositis Ossificans Progressiva
C:\Users\HishamMo\Desktop\999_cs\Quantum_Inpired_PSO_Classifcation\MRI_dataset\Myositis Ossificans Progressiva\Myositis_Ossificans_Progressiva641.jpg,Myositis Ossificans Progressiva
C:\Users\HishamMo\Desktop\999_cs\Quantum_Inpired_PSO_Classifcation\MRI_dataset\Myositis Ossificans Progressiva\Myositis_Ossificans_Progressiva642.jpg,Myositis Ossificans Progressiva
C:\Users\HishamMo\Desktop\999_cs\Quantum_Inpired_PSO_Classifcation\MRI_dataset\Myositis Ossificans Progressiva\Myositis_Ossificans_Progressiva643.jpg,Myositis Ossificans Progressiva
C:\Users\HishamMo\Desktop\999_cs\Quantum_Inpired_PSO_Classifcation\MRI_dataset\Myositis Ossificans Progressiva\Myositis_Ossificans_Progressiva644.jpg,Myositis Ossificans Progressiva
C:\Users\HishamMo\Desktop\999_cs\Quantum_Inpired_PSO_Classifcation\MRI_dataset\Myositis Ossificans Progressiva\Myositis_Ossificans_Progressiva645.jpg,Myositis Ossificans Progressiva
C:\Users\HishamMo\Desktop\999_cs\Quantum_Inpired_PSO_Classifcation\MRI_dataset\Myositis Ossificans Progressiva\Myositis_Ossificans_Progressiva646.jpg,Myositis Ossificans Progressiva
C:\Users\HishamMo\Desktop\999_cs\Quantum_Inpired_PSO_Classifcation\MRI_dataset\Myositis Ossificans Progressiva\Myositis_Ossificans_Progressiva647.jpg,Myositis Ossificans Progressiva
C:\Users\HishamMo\Desktop\999_cs\Quantum_Inpired_PSO_Classifcation\MRI_dataset\Myositis Ossificans Progressiva\Myositis_Ossificans_Progressiva648.jpg,Myositis Ossificans Progressiva
C:\Users\HishamMo\Desktop\999_cs\Quantum_Inpired_PSO_Classifcation\MRI_dataset\Myositis Ossificans Progressiva\Myositis_Ossificans_Progressiva649.jpg,Myositis Ossificans Progressiva
C:\Users\HishamMo\Desktop\999_cs\Quantum_Inpired_PSO_Classifcation\MRI_dataset\Myositis Ossificans Progressiva\Myositis_Ossificans_Progressiva650.jpg,Myositis Ossificans Progressiva
C:\Users\HishamMo\Desktop\999_cs\Quantum_Inpired_PSO_Classifcation\MRI_dataset\Myositis Ossificans Progressiva\Myositis_Ossificans_Progressiva651.jpg,Myositis Ossificans Progressiva
C:\Users\HishamMo\Desktop\999_cs\Quantum_Inpired_PSO_Classifcation\MRI_dataset\Myositis Ossificans Progressiva\Myositis_Ossificans_Progressiva652.jpg,Myositis Ossificans Progressiva
C:\Users\HishamMo\Desktop\999_cs\Quantum_Inpired_PSO_Classifcation\MRI_dataset\Myositis Ossificans Progressiva\Myositis_Ossificans_Progressiva653.jpg,Myositis Ossificans Progressiva
C:\Users\HishamMo\Desktop\999_cs\Quantum_Inpired_PSO_Classifcation\MRI_dataset\Myositis Ossificans Progressiva\Myositis_Ossificans_Progressiva654.jpg,Myositis Ossificans Progressiva
C:\Users\HishamMo\Desktop\999_cs\Quantum_Inpired_PSO_Classifcation\MRI_dataset\Myositis Ossificans Progressiva\Myositis_Ossificans_Progressiva655.jpg,Myositis Ossificans Progressiva
C:\Users\HishamMo\Desktop\999_cs\Quantum_Inpired_PSO_Classifcation\MRI_dataset\Myositis Ossificans Progressiva\Myositis_Ossificans_Progressiva656.jpg,Myositis Ossificans Progressiva
C:\Users\HishamMo\Desktop\999_cs\Quantum_Inpired_PSO_Classifcation\MRI_dataset\Myositis Ossificans Progressiva\Myositis_Ossificans_Progressiva657.jpg,Myositis Ossificans Progressiva
C:\Users\HishamMo\Desktop\999_cs\Quantum_Inpired_PSO_Classifcation\MRI_dataset\Myositis Ossificans Progressiva\Myositis_Ossificans_Progressiva658.jpg,Myositis Ossificans Progressiva
C:\Users\HishamMo\Desktop\999_cs\Quantum_Inpired_PSO_Classifcation\MRI_dataset\Myositis Ossificans Progressiva\Myositis_Ossificans_Progressiva659.jpg,Myositis Ossificans Progressiva
C:\Users\HishamMo\Desktop\999_cs\Quantum_Inpired_PSO_Classifcation\MRI_dataset\Myositis Ossificans Progressiva\Myositis_Ossificans_Progressiva660.jpg,Myositis Ossificans Progressiva
C:\Users\HishamMo\Desktop\999_cs\Quantum_Inpired_PSO_Classifcation\MRI_dataset\Myositis Ossificans Progressiva\Myositis_Ossificans_Progressiva661.jpg,Myositis Ossificans Progressiva
C:\Users\HishamMo\Desktop\999_cs\Quantum_Inpired_PSO_Classifcation\MRI_dataset\Myositis Ossificans Progressiva\Myositis_Ossificans_Progressiva662.jpg,Myositis Ossificans Progressiva
C:\Users\HishamMo\Desktop\999_cs\Quantum_Inpired_PSO_Classifcation\MRI_dataset\Myositis Ossificans Progressiva\Myositis_Ossificans_Progressiva663.jpg,Myositis Ossificans Progressiva
C:\Users\HishamMo\Desktop\999_cs\Quantum_Inpired_PSO_Classifcation\MRI_dataset\Myositis Ossificans Progressiva\Myositis_Ossificans_Progressiva664.jpg,Myositis Ossificans Progressiva
C:\Users\HishamMo\Desktop\999_cs\Quantum_Inpired_PSO_Classifcation\MRI_dataset\Myositis Ossificans Progressiva\Myositis_Ossificans_Progressiva665.jpg,Myositis Ossificans Progressiva
C:\Users\HishamMo\Desktop\999_cs\Quantum_Inpired_PSO_Classifcation\MRI_dataset\Myositis Ossificans Progressiva\Myositis_Ossificans_Progressiva666.jpg,Myositis Ossificans Progressiva
C:\Users\HishamMo\Desktop\999_cs\Quantum_Inpired_PSO_Classifcation\MRI_dataset\Myositis Ossificans Progressiva\Myositis_Ossificans_Progressiva667.jpg,Myositis Ossificans Progressiva
C:\Users\HishamMo\Desktop\999_cs\Quantum_Inpired_PSO_Classifcation\MRI_dataset\Myositis Ossificans Progressiva\Myositis_Ossificans_Progressiva668.jpg,Myositis Ossificans Progressiva
C:\Users\HishamMo\Desktop\999_cs\Quantum_Inpired_PSO_Classifcation\MRI_dataset\Myositis Ossificans Progressiva\Myositis_Ossificans_Progressiva669.jpg,Myositis Ossificans Progressiva
C:\Users\HishamMo\Desktop\999_cs\Quantum_Inpired_PSO_Classifcation\MRI_dataset\Myositis Ossificans Progressiva\Myositis_Ossificans_Progressiva670.jpg,Myositis Ossificans Progressiva
C:\Users\HishamMo\Desktop\999_cs\Quantum_Inpired_PSO_Classifcation\MRI_dataset\Myositis Ossificans Progressiva\Myositis_Ossificans_Progressiva671.jpg,Myositis Ossificans Progressiva
C:\Users\HishamMo\Desktop\999_cs\Quantum_Inpired_PSO_Classifcation\MRI_dataset\Myositis Ossificans Progressiva\Myositis_Ossificans_Progressiva672.jpg,Myositis Ossificans Progressiva
C:\Users\HishamMo\Desktop\999_cs\Quantum_Inpired_PSO_Classifcation\MRI_dataset\Myositis Ossificans Progressiva\Myositis_Ossificans_Progressiva673.jpg,Myositis Ossificans Progressiva
C:\Users\HishamMo\Desktop\999_cs\Quantum_Inpired_PSO_Classifcation\MRI_dataset\Myositis Ossificans Progressiva\Myositis_Ossificans_Progressiva674.jpg,Myositis Ossificans Progressiva
C:\Users\HishamMo\Desktop\999_cs\Quantum_Inpired_PSO_Classifcation\MRI_dataset\Myositis Ossificans Progressiva\Myositis_Ossificans_Progressiva675.jpg,Myositis Ossificans Progressiva
C:\Users\HishamMo\Desktop\999_cs\Quantum_Inpired_PSO_Classifcation\MRI_dataset\Myositis Ossificans Progressiva\Myositis_Ossificans_Progressiva676.jpg,Myositis Ossificans Progressiva
C:\Users\HishamMo\Desktop\999_cs\Quantum_Inpired_PSO_Classifcation\MRI_dataset\Myositis Ossificans Progressiva\Myositis_Ossificans_Progressiva677.jpg,Myositis Ossificans Progressiva
C:\Users\HishamMo\Desktop\999_cs\Quantum_Inpired_PSO_Classifcation\MRI_dataset\Myositis Ossificans Progressiva\Myositis_Ossificans_Progressiva678.jpg,Myositis Ossificans Progressiva
C:\Users\HishamMo\Desktop\999_cs\Quantum_Inpired_PSO_Classifcation\MRI_dataset\Myositis Ossificans Progressiva\Myositis_Ossificans_Progressiva679.jpg,Myositis Ossificans Progressiva
C:\Users\HishamMo\Desktop\999_cs\Quantum_Inpired_PSO_Classifcation\MRI_dataset\Myositis Ossificans Progressiva\Myositis_Ossificans_Progressiva680.jpg,Myositis Ossificans Progressiva
C:\Users\HishamMo\Desktop\999_cs\Quantum_Inpired_PSO_Classifcation\MRI_dataset\Myositis Ossificans Progressiva\Myositis_Ossificans_Progressiva681.jpg,Myositis Ossificans Progressiva
C:\Users\HishamMo\Desktop\999_cs\Quantum_Inpired_PSO_Classifcation\MRI_dataset\Myositis Ossificans Progressiva\Myositis_Ossificans_Progressiva682.jpg,Myositis Ossificans Progressiva
C:\Users\HishamMo\Desktop\999_cs\Quantum_Inpired_PSO_Classifcation\MRI_dataset\Myositis Ossificans Progressiva\Myositis_Ossificans_Progressiva683.jpg,Myositis Ossificans Progressiva
C:\Users\HishamMo\Desktop\999_cs\Quantum_Inpired_PSO_Classifcation\MRI_dataset\Myositis Ossificans Progressiva\Myositis_Ossificans_Progressiva684.jpg,Myositis Ossificans Progressiva
C:\Users\HishamMo\Desktop\999_cs\Quantum_Inpired_PSO_Classifcation\MRI_dataset\Myositis Ossificans Progressiva\Myositis_Ossificans_Progressiva685.jpg,Myositis Ossificans Progressiva
C:\Users\HishamMo\Desktop\999_cs\Quantum_Inpired_PSO_Classifcation\MRI_dataset\Myositis Ossificans Progressiva\Myositis_Ossificans_Progressiva686.jpg,Myositis Ossificans Progressiva
C:\Users\HishamMo\Desktop\999_cs\Quantum_Inpired_PSO_Classifcation\MRI_dataset\Myositis Ossificans Progressiva\Myositis_Ossificans_Progressiva687.jpg,Myositis Ossificans Progressiva
C:\Users\HishamMo\Desktop\999_cs\Quantum_Inpired_PSO_Classifcation\MRI_dataset\Myositis Ossificans Progressiva\Myositis_Ossificans_Progressiva688.jpg,Myositis Ossificans Progressiva
C:\Users\HishamMo\Desktop\999_cs\Quantum_Inpired_PSO_Classifcation\MRI_dataset\Myositis Ossificans Progressiva\Myositis_Ossificans_Progressiva689.jpg,Myositis Ossificans Progressiva
C:\Users\HishamMo\Desktop\999_cs\Quantum_Inpired_PSO_Classifcation\MRI_dataset\Myositis Ossificans Progressiva\Myositis_Ossificans_Progressiva690.jpg,Myositis Ossificans Progressiva
C:\Users\HishamMo\Desktop\999_cs\Quantum_Inpired_PSO_Classifcation\MRI_dataset\Myositis Ossificans Progressiva\Myositis_Ossificans_Progressiva691.jpg,Myositis Ossificans Progressiva
C:\Users\HishamMo\Desktop\999_cs\Quantum_Inpired_PSO_Classifcation\MRI_dataset\Myositis Ossificans Progressiva\Myositis_Ossificans_Progressiva692.jpg,Myositis Ossificans Progressiva
C:\Users\HishamMo\Desktop\999_cs\Quantum_Inpired_PSO_Classifcation\MRI_dataset\Myositis Ossificans Progressiva\Myositis_Ossificans_Progressiva693.jpg,Myositis Ossificans Progressiva
C:\Users\HishamMo\Desktop\999_cs\Quantum_Inpired_PSO_Classifcation\MRI_dataset\Myositis Ossificans Progressiva\Myositis_Ossificans_Progressiva694.jpg,Myositis Ossificans Progressiva
C:\Users\HishamMo\Desktop\999_cs\Quantum_Inpired_PSO_Classifcation\MRI_dataset\Myositis Ossificans Progressiva\Myositis_Ossificans_Progressiva695.jpg,Myositis Ossificans Progressiva
C:\Users\HishamMo\Desktop\999_cs\Quantum_Inpired_PSO_Classifcation\MRI_dataset\Myositis Ossificans Progressiva\Myositis_Ossificans_Progressiva696.jpg,Myositis Ossificans Progressiva
C:\Users\HishamMo\Desktop\999_cs\Quantum_Inpired_PSO_Classifcation\MRI_dataset\Myositis Ossificans Progressiva\Myositis_Ossificans_Progressiva697.jpg,Myositis Ossificans Progressiva
C:\Users\HishamMo\Desktop\999_cs\Quantum_Inpired_PSO_Classifcation\MRI_dataset\Myositis Ossificans Progressiva\Myositis_Ossificans_Progressiva698.jpg,Myositis Ossificans Progressiva
C:\Users\HishamMo\Desktop\999_cs\Quantum_Inpired_PSO_Classifcation\MRI_dataset\Myositis Ossificans Progressiva\Myositis_Ossificans_Progressiva699.jpg,Myositis Ossificans Progressiva
C:\Users\HishamMo\Desktop\999_cs\Quantum_Inpired_PSO_Classifcation\MRI_dataset\Myositis Ossificans Progressiva\Myositis_Ossificans_Progressiva700.jpg,Myositis Ossificans Progressiva
C:\Users\HishamMo\Desktop\999_cs\Quantum_Inpired_PSO_Classifcation\MRI_dataset\Myositis Ossificans Progressiva\Myositis_Ossificans_Progressiva701.jpg,Myositis Ossificans Progressiva
C:\Users\HishamMo\Desktop\999_cs\Quantum_Inpired_PSO_Classifcation\MRI_dataset\Myositis Ossificans Progressiva\Myositis_Ossificans_Progressiva702.jpg,Myositis Ossificans Progressiva
C:\Users\HishamMo\Desktop\999_cs\Quantum_Inpired_PSO_Classifcation\MRI_dataset\Myositis Ossificans Progressiva\Myositis_Ossificans_Progressiva703.jpg,Myositis Ossificans Progressiva
C:\Users\HishamMo\Desktop\999_cs\Quantum_Inpired_PSO_Classifcation\MRI_dataset\Myositis Ossificans Progressiva\Myositis_Ossificans_Progressiva704.jpg,Myositis Ossificans Progressiva
C:\Users\HishamMo\Desktop\999_cs\Quantum_Inpired_PSO_Classifcation\MRI_dataset\Myositis Ossificans Progressiva\Myositis_Ossificans_Progressiva705.jpg,Myositis Ossificans Progressiva
C:\Users\HishamMo\Desktop\999_cs\Quantum_Inpired_PSO_Classifcation\MRI_dataset\Myositis Ossificans Progressiva\Myositis_Ossificans_Progressiva706.jpg,Myositis Ossificans Progressiva
C:\Users\HishamMo\Desktop\999_cs\Quantum_Inpired_PSO_Classifcation\MRI_dataset\Myositis Ossificans Progressiva\Myositis_Ossificans_Progressiva707.jpg,Myositis Ossificans Progressiva
C:\Users\HishamMo\Desktop\999_cs\Quantum_Inpired_PSO_Classifcation\MRI_dataset\Myositis Ossificans Progressiva\Myositis_Ossificans_Progressiva708.jpg,Myositis Ossificans Progressiva
C:\Users\HishamMo\Desktop\999_cs\Quantum_Inpired_PSO_Classifcation\MRI_dataset\Myositis Ossificans Progressiva\Myositis_Ossificans_Progressiva709.jpg,Myositis Ossificans Progressiva
C:\Users\HishamMo\Desktop\999_cs\Quantum_Inpired_PSO_Classifcation\MRI_dataset\Myositis Ossificans Progressiva\Myositis_Ossificans_Progressiva710.jpg,Myositis Ossificans Progressiva
C:\Users\HishamMo\Desktop\999_cs\Quantum_Inpired_PSO_Classifcation\MRI_dataset\Myositis Ossificans Progressiva\Myositis_Ossificans_Progressiva711.jpg,Myositis Ossificans Progressiva
C:\Users\HishamMo\Desktop\999_cs\Quantum_Inpired_PSO_Classifcation\MRI_dataset\Myositis Ossificans Progressiva\Myositis_Ossificans_Progressiva712.jpg,Myositis Ossificans Progressiva
C:\Users\HishamMo\Desktop\999_cs\Quantum_Inpired_PSO_Classifcation\MRI_dataset\Myositis Ossificans Progressiva\Myositis_Ossificans_Progressiva713.jpg,Myositis Ossificans Progressiva
C:\Users\HishamMo\Desktop\999_cs\Quantum_Inpired_PSO_Classifcation\MRI_dataset\Myositis Ossificans Progressiva\Myositis_Ossificans_Progressiva714.jpg,Myositis Ossificans Progressiva
C:\Users\HishamMo\Desktop\999_cs\Quantum_Inpired_PSO_Classifcation\MRI_dataset\Myositis Ossificans Progressiva\Myositis_Ossificans_Progressiva715.jpg,Myositis Ossificans Progressiva
C:\Users\HishamMo\Desktop\999_cs\Quantum_Inpired_PSO_Classifcation\MRI_dataset\Myositis Ossificans Progressiva\Myositis_Ossificans_Progressiva716.jpg,Myositis Ossificans Progressiva
C:\Users\HishamMo\Desktop\999_cs\Quantum_Inpired_PSO_Classifcation\MRI_dataset\Myositis Ossificans Progressiva\Myositis_Ossificans_Progressiva717.jpg,Myositis Ossificans Progressiva
C:\Users\HishamMo\Desktop\999_cs\Quantum_Inpired_PSO_Classifcation\MRI_dataset\Myositis Ossificans Progressiva\Myositis_Ossificans_Progressiva718.jpg,Myositis Ossificans Progressiva
C:\Users\HishamMo\Desktop\999_cs\Quantum_Inpired_PSO_Classifcation\MRI_dataset\Myositis Ossificans Progressiva\Myositis_Ossificans_Progressiva719.jpg,Myositis Ossificans Progressiva
C:\Users\HishamMo\Desktop\999_cs\Quantum_Inpired_PSO_Classifcation\MRI_dataset\Myositis Ossificans Progressiva\Myositis_Ossificans_Progressiva720.jpg,Myositis Ossificans Progressiva
C:\Users\HishamMo\Desktop\999_cs\Quantum_Inpired_PSO_Classifcation\MRI_dataset\Myositis Ossificans Progressiva\Myositis_Ossificans_Progressiva721.jpg,Myositis Ossificans Progressiva
C:\Users\HishamMo\Desktop\999_cs\Quantum_Inpired_PSO_Classifcation\MRI_dataset\Myositis Ossificans Progressiva\Myositis_Ossificans_Progressiva722.jpg,Myositis Ossificans Progressiva
C:\Users\HishamMo\Desktop\999_cs\Quantum_Inpired_PSO_Classifcation\MRI_dataset\Myositis Ossificans Progressiva\Myositis_Ossificans_Progressiva723.jpg,Myositis Ossificans Progressiva
C:\Users\HishamMo\Desktop\999_cs\Quantum_Inpired_PSO_Classifcation\MRI_dataset\Myositis Ossificans Progressiva\Myositis_Ossificans_Progressiva724.jpg,Myositis Ossificans Progressiva
C:\Users\HishamMo\Desktop\999_cs\Quantum_Inpired_PSO_Classifcation\MRI_dataset\Myositis Ossificans Progressiva\Myositis_Ossificans_Progressiva725.jpg,Myositis Ossificans Progressiva
C:\Users\HishamMo\Desktop\999_cs\Quantum_Inpired_PSO_Classifcation\MRI_dataset\Myositis Ossificans Progressiva\Myositis_Ossificans_Progressiva726.jpg,Myositis Ossificans Progressiva
C:\Users\HishamMo\Desktop\999_cs\Quantum_Inpired_PSO_Classifcation\MRI_dataset\Myositis Ossificans Progressiva\Myositis_Ossificans_Progressiva727.jpg,Myositis Ossificans Progressiva
C:\Users\HishamMo\Desktop\999_cs\Quantum_Inpired_PSO_Classifcation\MRI_dataset\Myositis Ossificans Progressiva\Myositis_Ossificans_Progressiva728.jpg,Myositis Ossificans Progressiva
C:\Users\HishamMo\Desktop\999_cs\Quantum_Inpired_PSO_Classifcation\MRI_dataset\Myositis Ossificans Progressiva\Myositis_Ossificans_Progressiva729.jpg,Myositis Ossificans Progressiva
C:\Users\HishamMo\Desktop\999_cs\Quantum_Inpired_PSO_Classifcation\MRI_dataset\Myositis Ossificans Progressiva\Myositis_Ossificans_Progressiva730.jpg,Myositis Ossificans Progressiva
C:\Users\HishamMo\Desktop\999_cs\Quantum_Inpired_PSO_Classifcation\MRI_dataset\Myositis Ossificans Progressiva\Myositis_Ossificans_Progressiva731.jpg,Myositis Ossificans Progressiva
C:\Users\HishamMo\Desktop\999_cs\Quantum_Inpired_PSO_Classifcation\MRI_dataset\Myositis Ossificans Progressiva\Myositis_Ossificans_Progressiva732.jpg,Myositis Ossificans Progressiva
C:\Users\HishamMo\Desktop\999_cs\Quantum_Inpired_PSO_Classifcation\MRI_dataset\Myositis Ossificans Progressiva\Myositis_Ossificans_Progressiva733.jpg,Myositis Ossificans Progressiva
C:\Users\HishamMo\Desktop\999_cs\Quantum_Inpired_PSO_Classifcation\MRI_dataset\Myositis Ossificans Progressiva\Myositis_Ossificans_Progressiva734.jpg,Myositis Ossificans Progressiva
C:\Users\HishamMo\Desktop\999_cs\Quantum_Inpired_PSO_Classifcation\MRI_dataset\Myositis Ossificans Progressiva\Myositis_Ossificans_Progressiva735.jpg,Myositis Ossificans Progressiva
C:\Users\HishamMo\Desktop\999_cs\Quantum_Inpired_PSO_Classifcation\MRI_dataset\Myositis Ossificans Progressiva\Myositis_Ossificans_Progressiva736.jpg,Myositis Ossificans Progressiva
C:\Users\HishamMo\Desktop\999_cs\Quantum_Inpired_PSO_Classifcation\MRI_dataset\Myositis Ossificans Progressiva\Myositis_Ossificans_Progressiva737.jpg,Myositis Ossificans Progressiva
C:\Users\HishamMo\Desktop\999_cs\Quantum_Inpired_PSO_Classifcation\MRI_dataset\Myositis Ossificans Progressiva\Myositis_Ossificans_Progressiva738.jpg,Myositis Ossificans Progressiva
C:\Users\HishamMo\Desktop\999_cs\Quantum_Inpired_PSO_Classifcation\MRI_dataset\Myositis Ossificans Progressiva\Myositis_Ossificans_Progressiva739.jpg,Myositis Ossificans Progressiva
C:\Users\HishamMo\Desktop\999_cs\Quantum_Inpired_PSO_Classifcation\MRI_dataset\Myositis Ossificans Progressiva\Myositis_Ossificans_Progressiva740.jpg,Myositis Ossificans Progressiva
C:\Users\HishamMo\Desktop\999_cs\Quantum_Inpired_PSO_Classifcation\MRI_dataset\Myositis Ossificans Progressiva\Myositis_Ossificans_Progressiva741.jpg,Myositis Ossificans Progressiva
C:\Users\HishamMo\Desktop\999_cs\Quantum_Inpired_PSO_Classifcation\MRI_dataset\Myositis Ossificans Progressiva\Myositis_Ossificans_Progressiva742.jpg,Myositis Ossificans Progressiva
C:\Users\HishamMo\Desktop\999_cs\Quantum_Inpired_PSO_Classifcation\MRI_dataset\Myositis Ossificans Progressiva\Myositis_Ossificans_Progressiva743.jpg,Myositis Ossificans Progressiva
C:\Users\HishamMo\Desktop\999_cs\Quantum_Inpired_PSO_Classifcation\MRI_dataset\Myositis Ossificans Progressiva\Myositis_Ossificans_Progressiva744.jpg,Myositis Ossificans Progressiva
C:\Users\HishamMo\Desktop\999_cs\Quantum_Inpired_PSO_Classifcation\MRI_dataset\Myositis Ossificans Progressiva\Myositis_Ossificans_Progressiva745.jpg,Myositis Ossificans Progressiva
C:\Users\HishamMo\Desktop\999_cs\Quantum_Inpired_PSO_Classifcation\MRI_dataset\Myositis Ossificans Progressiva\Myositis_Ossificans_Progressiva746.jpg,Myositis Ossificans Progressiva
C:\Users\HishamMo\Desktop\999_cs\Quantum_Inpired_PSO_Classifcation\MRI_dataset\Myositis Ossificans Progressiva\Myositis_Ossificans_Progressiva747.jpg,Myositis Ossificans Progressiva
C:\Users\HishamMo\Desktop\999_cs\Quantum_Inpired_PSO_Classifcation\MRI_dataset\Myositis Ossificans Progressiva\Myositis_Ossificans_Progressiva748.jpg,Myositis Ossificans Progressiva
C:\Users\HishamMo\Desktop\999_cs\Quantum_Inpired_PSO_Classifcation\MRI_dataset\Myositis Ossificans Progressiva\Myositis_Ossificans_Progressiva749.jpg,Myositis Ossificans Progressiva
C:\Users\HishamMo\Desktop\999_cs\Quantum_Inpired_PSO_Classifcation\MRI_dataset\Myositis Ossificans Progressiva\Myositis_Ossificans_Progressiva750.jpg,Myositis Ossificans Progressiva
C:\Users\HishamMo\Desktop\999_cs\Quantum_Inpired_PSO_Classifcation\MRI_dataset\Myositis Ossificans Progressiva\Myositis_Ossificans_Progressiva751.jpg,Myositis Ossificans Progressiva
C:\Users\HishamMo\Desktop\999_cs\Quantum_Inpired_PSO_Classifcation\MRI_dataset\Myositis Ossificans Progressiva\Myositis_Ossificans_Progressiva752.jpg,Myositis Ossificans Progressiva
C:\Users\HishamMo\Desktop\999_cs\Quantum_Inpired_PSO_Classifcation\MRI_dataset\Myositis Ossificans Progressiva\Myositis_Ossificans_Progressiva753.jpg,Myositis Ossificans Progressiva
C:\Users\HishamMo\Desktop\999_cs\Quantum_Inpired_PSO_Classifcation\MRI_dataset\Myositis Ossificans Progressiva\Myositis_Ossificans_Progressiva754.jpg,Myositis Ossificans Progressiva
C:\Users\HishamMo\Desktop\999_cs\Quantum_Inpired_PSO_Classifcation\MRI_dataset\Myositis Ossificans Progressiva\Myositis_Ossificans_Progressiva755.jpg,Myositis Ossificans Progressiva
C:\Users\HishamMo\Desktop\999_cs\Quantum_Inpired_PSO_Classifcation\MRI_dataset\Myositis Ossificans Progressiva\Myositis_Ossificans_Progressiva756.jpg,Myositis Ossificans Progressiva
C:\Users\HishamMo\Desktop\999_cs\Quantum_Inpired_PSO_Classifcation\MRI_dataset\Myositis Ossificans Progressiva\Myositis_Ossificans_Progressiva757.jpg,Myositis Ossificans Progressiva
C:\Users\HishamMo\Desktop\999_cs\Quantum_Inpired_PSO_Classifcation\MRI_dataset\Myositis Ossificans Progressiva\Myositis_Ossificans_Progressiva758.jpg,Myositis Ossificans Progressiva
C:\Users\HishamMo\Desktop\999_cs\Quantum_Inpired_PSO_Classifcation\MRI_dataset\Myositis Ossificans Progressiva\Myositis_Ossificans_Progressiva759.jpg,Myositis Ossificans Progressiva
C:\Users\HishamMo\Desktop\999_cs\Quantum_Inpired_PSO_Classifcation\MRI_dataset\Myositis Ossificans Progressiva\Myositis_Ossificans_Progressiva760.jpg,Myositis Ossificans Progressiva
C:\Users\HishamMo\Desktop\999_cs\Quantum_Inpired_PSO_Classifcation\MRI_dataset\Myositis Ossificans Progressiva\Myositis_Ossificans_Progressiva761.jpg,Myositis Ossificans Progressiva
C:\Users\HishamMo\Desktop\999_cs\Quantum_Inpired_PSO_Classifcation\MRI_dataset\Myositis Ossificans Progressiva\Myositis_Ossificans_Progressiva762.jpg,Myositis Ossificans Progressiva
C:\Users\HishamMo\Desktop\999_cs\Quantum_Inpired_PSO_Classifcation\MRI_dataset\Myositis Ossificans Progressiva\Myositis_Ossificans_Progressiva763.jpg,Myositis Ossificans Progressiva
C:\Users\HishamMo\Desktop\999_cs\Quantum_Inpired_PSO_Classifcation\MRI_dataset\Myositis Ossificans Progressiva\Myositis_Ossificans_Progressiva764.jpg,Myositis Ossificans Progressiva
C:\Users\HishamMo\Desktop\999_cs\Quantum_Inpired_PSO_Classifcation\MRI_dataset\Myositis Ossificans Progressiva\Myositis_Ossificans_Progressiva765.jpg,Myositis Ossificans Progressiva
C:\Users\HishamMo\Desktop\999_cs\Quantum_Inpired_PSO_Classifcation\MRI_dataset\Myositis Ossificans Progressiva\Myositis_Ossificans_Progressiva766.jpg,Myositis Ossificans Progressiva
C:\Users\HishamMo\Desktop\999_cs\Quantum_Inpired_PSO_Classifcation\MRI_dataset\Myositis Ossificans Progressiva\Myositis_Ossificans_Progressiva767.jpg,Myositis Ossificans Progressiva
C:\Users\HishamMo\Desktop\999_cs\Quantum_Inpired_PSO_Classifcation\MRI_dataset\Myositis Ossificans Progressiva\Myositis_Ossificans_Progressiva768.jpg,Myositis Ossificans Progressiva
C:\Users\HishamMo\Desktop\999_cs\Quantum_Inpired_PSO_Classifcation\MRI_dataset\Myositis Ossificans Progressiva\Myositis_Ossificans_Progressiva769.jpg,Myositis Ossificans Progressiva
C:\Users\HishamMo\Desktop\999_cs\Quantum_Inpired_PSO_Classifcation\MRI_dataset\Myositis Ossificans Progressiva\Myositis_Ossificans_Progressiva770.jpg,Myositis Ossificans Progressiva
C:\Users\HishamMo\Desktop\999_cs\Quantum_Inpired_PSO_Classifcation\MRI_dataset\Myositis Ossificans Progressiva\Myositis_Ossificans_Progressiva771.jpg,Myositis Ossificans Progressiva
C:\Users\HishamMo\Desktop\999_cs\Quantum_Inpired_PSO_Classifcation\MRI_dataset\Myositis Ossificans Progressiva\Myositis_Ossificans_Progressiva772.jpg,Myositis Ossificans Progressiva
C:\Users\HishamMo\Desktop\999_cs\Quantum_Inpired_PSO_Classifcation\MRI_dataset\Myositis Ossificans Progressiva\Myositis_Ossificans_Progressiva773.jpg,Myositis Ossificans Progressiva
C:\Users\HishamMo\Desktop\999_cs\Quantum_Inpired_PSO_Classifcation\MRI_dataset\Myositis Ossificans Progressiva\Myositis_Ossificans_Progressiva774.jpg,Myositis Ossificans Progressiva
C:\Users\HishamMo\Desktop\999_cs\Quantum_Inpired_PSO_Classifcation\MRI_dataset\Myositis Ossificans Progressiva\Myositis_Ossificans_Progressiva775.jpg,Myositis Ossificans Progressiva
C:\Users\HishamMo\Desktop\999_cs\Quantum_Inpired_PSO_Classifcation\MRI_dataset\Myositis Ossificans Progressiva\Myositis_Ossificans_Progressiva776.jpg,Myositis Ossificans Progressiva
C:\Users\HishamMo\Desktop\999_cs\Quantum_Inpired_PSO_Classifcation\MRI_dataset\Myositis Ossificans Progressiva\Myositis_Ossificans_Progressiva777.jpg,Myositis Ossificans Progressiva
C:\Users\HishamMo\Desktop\999_cs\Quantum_Inpired_PSO_Classifcation\MRI_dataset\Myositis Ossificans Progressiva\Myositis_Ossificans_Progressiva778.jpg,Myositis Ossificans Progressiva
C:\Users\HishamMo\Desktop\999_cs\Quantum_Inpired_PSO_Classifcation\MRI_dataset\Myositis Ossificans Progressiva\Myositis_Ossificans_Progressiva779.jpg,Myositis Ossificans Progressiva
C:\Users\HishamMo\Desktop\999_cs\Quantum_Inpired_PSO_Classifcation\MRI_dataset\Myositis Ossificans Progressiva\Myositis_Ossificans_Progressiva780.jpg,Myositis Ossificans Progressiva
C:\Users\HishamMo\Desktop\999_cs\Quantum_Inpired_PSO_Classifcation\MRI_dataset\Myositis Ossificans Progressiva\Myositis_Ossificans_Progressiva781.jpg,Myositis Ossificans Progressiva
C:\Users\HishamMo\Desktop\999_cs\Quantum_Inpired_PSO_Classifcation\MRI_dataset\Myositis Ossificans Progressiva\Myositis_Ossificans_Progressiva782.jpg,Myositis Ossificans Progressiva
C:\Users\HishamMo\Desktop\999_cs\Quantum_Inpired_PSO_Classifcation\MRI_dataset\Myositis Ossificans Progressiva\Myositis_Ossificans_Progressiva783.jpg,Myositis Ossificans Progressiva
C:\Users\HishamMo\Desktop\999_cs\Quantum_Inpired_PSO_Classifcation\MRI_dataset\Myositis Ossificans Progressiva\Myositis_Ossificans_Progressiva784.jpg,Myositis Ossificans Progressiva
C:\Users\HishamMo\Desktop\999_cs\Quantum_Inpired_PSO_Classifcation\MRI_dataset\Myositis Ossificans Progressiva\Myositis_Ossificans_Progressiva785.jpg,Myositis Ossificans Progressiva
C:\Users\HishamMo\Desktop\999_cs\Quantum_Inpired_PSO_Classifcation\MRI_dataset\Myositis Ossificans Progressiva\Myositis_Ossificans_Progressiva786.jpg,Myositis Ossificans Progressiva
C:\Users\HishamMo\Desktop\999_cs\Quantum_Inpired_PSO_Classifcation\MRI_dataset\Myositis Ossificans Progressiva\Myositis_Ossificans_Progressiva787.jpg,Myositis Ossificans Progressiva
C:\Users\HishamMo\Desktop\999_cs\Quantum_Inpired_PSO_Classifcation\MRI_dataset\Myositis Ossificans Progressiva\Myositis_Ossificans_Progressiva788.jpg,Myositis Ossificans Progressiva
C:\Users\HishamMo\Desktop\999_cs\Quantum_Inpired_PSO_Classifcation\MRI_dataset\Myositis Ossificans Progressiva\Myositis_Ossificans_Progressiva789.jpg,Myositis Ossificans Progressiva
C:\Users\HishamMo\Desktop\999_cs\Quantum_Inpired_PSO_Classifcation\MRI_dataset\Myositis Ossificans Progressiva\Myositis_Ossificans_Progressiva790.jpg,Myositis Ossificans Progressiva
C:\Users\HishamMo\Desktop\999_cs\Quantum_Inpired_PSO_Classifcation\MRI_dataset\Myositis Ossificans Progressiva\Myositis_Ossificans_Progressiva791.jpg,Myositis Ossificans Progressiva
C:\Users\HishamMo\Desktop\999_cs\Quantum_Inpired_PSO_Classifcation\MRI_dataset\Myositis Ossificans Progressiva\Myositis_Ossificans_Progressiva792.jpg,Myositis Ossificans Progressiva
C:\Users\HishamMo\Desktop\999_cs\Quantum_Inpired_PSO_Classifcation\MRI_dataset\Myositis Ossificans Progressiva\Myositis_Ossificans_Progressiva793.jpg,Myositis Ossificans Progressiva
C:\Users\HishamMo\Desktop\999_cs\Quantum_Inpired_PSO_Classifcation\MRI_dataset\Myositis Ossificans Progressiva\Myositis_Ossificans_Progressiva794.jpg,Myositis Ossificans Progressiva
C:\Users\HishamMo\Desktop\999_cs\Quantum_Inpired_PSO_Classifcation\MRI_dataset\Myositis Ossificans Progressiva\Myositis_Ossificans_Progressiva795.jpg,Myositis Ossificans Progressiva
C:\Users\HishamMo\Desktop\999_cs\Quantum_Inpired_PSO_Classifcation\MRI_dataset\Myositis Ossificans Progressiva\Myositis_Ossificans_Progressiva796.jpg,Myositis Ossificans Progressiva
C:\Users\HishamMo\Desktop\999_cs\Quantum_Inpired_PSO_Classifcation\MRI_dataset\Myositis Ossificans Progressiva\Myositis_Ossificans_Progressiva797.jpg,Myositis Ossificans Progressiva
C:\Users\HishamMo\Desktop\999_cs\Quantum_Inpired_PSO_Classifcation\MRI_dataset\Myositis Ossificans Progressiva\Myositis_Ossificans_Progressiva798.jpg,Myositis Ossificans Progressiva
C:\Users\HishamMo\Desktop\999_cs\Quantum_Inpired_PSO_Classifcation\MRI_dataset\Myositis Ossificans Progressiva\Myositis_Ossificans_Progressiva799.jpg,Myositis Ossificans Progressiva
C:\Users\HishamMo\Desktop\999_cs\Quantum_Inpired_PSO_Classifcation\MRI_dataset\Myositis Ossificans Progressiva\Myositis_Ossificans_Progressiva800.jpg,Myositis Ossificans Progressiva
C:\Users\HishamMo\Desktop\999_cs\Quantum_Inpired_PSO_Classifcation\MRI_dataset\Myositis Ossificans Progressiva\Myositis_Ossificans_Progressiva801.jpg,Myositis Ossificans Progressiva
C:\Users\HishamMo\Desktop\999_cs\Quantum_Inpired_PSO_Classifcation\MRI_dataset\Myositis Ossificans Progressiva\Myositis_Ossificans_Progressiva802.jpg,Myositis Ossificans Progressiva
C:\Users\HishamMo\Desktop\999_cs\Quantum_Inpired_PSO_Classifcation\MRI_dataset\Myositis Ossificans Progressiva\Myositis_Ossificans_Progressiva803.jpg,Myositis Ossificans Progressiva
C:\Users\HishamMo\Desktop\999_cs\Quantum_Inpired_PSO_Classifcation\MRI_dataset\Myositis Ossificans Progressiva\Myositis_Ossificans_Progressiva804.jpg,Myositis Ossificans Progressiva
C:\Users\HishamMo\Desktop\999_cs\Quantum_Inpired_PSO_Classifcation\MRI_dataset\Myositis Ossificans Progressiva\Myositis_Ossificans_Progressiva805.jpg,Myositis Ossificans Progressiva
C:\Users\HishamMo\Desktop\999_cs\Quantum_Inpired_PSO_Classifcation\MRI_dataset\Myositis Ossificans Progressiva\Myositis_Ossificans_Progressiva806.jpg,Myositis Ossificans Progressiva
C:\Users\HishamMo\Desktop\999_cs\Quantum_Inpired_PSO_Classifcation\MRI_dataset\Myositis Ossificans Progressiva\Myositis_Ossificans_Progressiva807.jpg,Myositis Ossificans Progressiva
C:\Users\HishamMo\Desktop\999_cs\Quantum_Inpired_PSO_Classifcation\MRI_dataset\Myositis Ossificans Progressiva\Myositis_Ossificans_Progressiva808.jpg,Myositis Ossificans Progressiva
