image_path,label
C:\Users\HishamMo\Desktop\999_cs\Quantum_Inpired_PSO_Classifcation\MRI_dataset\Pachygyria with Cerebellar Hypoplasia\Pachygyria_with_Cerebellar_Hypoplasia001.jpg,Pachygyria with Cerebellar Hypoplasia
C:\Users\HishamMo\Desktop\999_cs\Quantum_Inpired_PSO_Classifcation\MRI_dataset\Pachygyria with Cerebellar Hypoplasia\Pachygyria_with_Cerebellar_Hypoplasia002.jpg,Pachygyria with Cerebellar Hypoplasia
C:\Users\HishamMo\Desktop\999_cs\Quantum_Inpired_PSO_Classifcation\MRI_dataset\Pachygyria with Cerebellar Hypoplasia\Pachygyria_with_Cerebellar_Hypoplasia003.jpg,Pachygyria with Cerebellar Hypoplasia
C:\Users\HishamMo\Desktop\999_cs\Quantum_Inpired_PSO_Classifcation\MRI_dataset\Pachygyria with Cerebellar Hypoplasia\Pachygyria_with_Cerebellar_Hypoplasia004.jpg,Pachygyria with Cerebellar Hypoplasia
C:\Users\HishamMo\Desktop\999_cs\Quantum_Inpired_PSO_Classifcation\MRI_dataset\Pachygyria with Cerebellar Hypoplasia\Pachygyria_with_Cerebellar_Hypoplasia005.jpg,Pachygyria with Cerebellar Hypoplasia
C:\Users\HishamMo\Desktop\999_cs\Quantum_Inpired_PSO_Classifcation\MRI_dataset\Pachygyria with Cerebellar Hypoplasia\Pachygyria_with_Cerebellar_Hypoplasia006.jpg,Pachygyria with Cerebellar Hypoplasia
C:\Users\HishamMo\Desktop\999_cs\Quantum_Inpired_PSO_Classifcation\MRI_dataset\Pachygyria with Cerebellar Hypoplasia\Pachygyria_with_Cerebellar_Hypoplasia007.jpg,Pachygyria with Cerebellar Hypoplasia
C:\Users\HishamMo\Desktop\999_cs\Quantum_Inpired_PSO_Classifcation\MRI_dataset\Pachygyria with Cerebellar Hypoplasia\Pachygyria_with_Cerebellar_Hypoplasia008.jpg,Pachygyria with Cerebellar Hypoplasia
C:\Users\HishamMo\Desktop\999_cs\Quantum_Inpired_PSO_Classifcation\MRI_dataset\Pachygyria with Cerebellar Hypoplasia\Pachygyria_with_Cerebellar_Hypoplasia009.jpg,Pachygyria with Cerebellar Hypoplasia
C:\Users\HishamMo\Desktop\999_cs\Quantum_Inpired_PSO_Classifcation\MRI_dataset\Pachygyria with Cerebellar Hypoplasia\Pachygyria_with_Cerebellar_Hypoplasia010.jpg,Pachygyria with Cerebellar Hypoplasia
C:\Users\HishamMo\Desktop\999_cs\Quantum_Inpired_PSO_Classifcation\MRI_dataset\Pachygyria with Cerebellar Hypoplasia\Pachygyria_with_Cerebellar_Hypoplasia011.jpg,Pachygyria with Cerebellar Hypoplasia
C:\Users\HishamMo\Desktop\999_cs\Quantum_Inpired_PSO_Classifcation\MRI_dataset\Pachygyria with Cerebellar Hypoplasia\Pachygyria_with_Cerebellar_Hypoplasia012.jpg,Pachygyria with Cerebellar Hypoplasia
C:\Users\HishamMo\Desktop\999_cs\Quantum_Inpired_PSO_Classifcation\MRI_dataset\Pachygyria with Cerebellar Hypoplasia\Pachygyria_with_Cerebellar_Hypoplasia013.jpg,Pachygyria with Cerebellar Hypoplasia
C:\Users\HishamMo\Desktop\999_cs\Quantum_Inpired_PSO_Classifcation\MRI_dataset\Pachygyria with Cerebellar Hypoplasia\Pachygyria_with_Cerebellar_Hypoplasia014.jpg,Pachygyria with Cerebellar Hypoplasia
C:\Users\HishamMo\Desktop\999_cs\Quantum_Inpired_PSO_Classifcation\MRI_dataset\Pachygyria with Cerebellar Hypoplasia\Pachygyria_with_Cerebellar_Hypoplasia015.jpg,Pachygyria with Cerebellar Hypoplasia
C:\Users\HishamMo\Desktop\999_cs\Quantum_Inpired_PSO_Classifcation\MRI_dataset\Pachygyria with Cerebellar Hypoplasia\Pachygyria_with_Cerebellar_Hypoplasia016.jpg,Pachygyria with Cerebellar Hypoplasia
C:\Users\HishamMo\Desktop\999_cs\Quantum_Inpired_PSO_Classifcation\MRI_dataset\Pachygyria with Cerebellar Hypoplasia\Pachygyria_with_Cerebellar_Hypoplasia017.jpg,Pachygyria with Cerebellar Hypoplasia
C:\Users\HishamMo\Desktop\999_cs\Quantum_Inpired_PSO_Classifcation\MRI_dataset\Pachygyria with Cerebellar Hypoplasia\Pachygyria_with_Cerebellar_Hypoplasia018.jpg,Pachygyria with Cerebellar Hypoplasia
C:\Users\HishamMo\Desktop\999_cs\Quantum_Inpired_PSO_Classifcation\MRI_dataset\Pachygyria with Cerebellar Hypoplasia\Pachygyria_with_Cerebellar_Hypoplasia019.jpg,Pachygyria with Cerebellar Hypoplasia
C:\Users\HishamMo\Desktop\999_cs\Quantum_Inpired_PSO_Classifcation\MRI_dataset\Pachygyria with Cerebellar Hypoplasia\Pachygyria_with_Cerebellar_Hypoplasia020.jpg,Pachygyria with Cerebellar Hypoplasia
C:\Users\HishamMo\Desktop\999_cs\Quantum_Inpired_PSO_Classifcation\MRI_dataset\Pachygyria with Cerebellar Hypoplasia\Pachygyria_with_Cerebellar_Hypoplasia021.jpg,Pachygyria with Cerebellar Hypoplasia
C:\Users\HishamMo\Desktop\999_cs\Quantum_Inpired_PSO_Classifcation\MRI_dataset\Pachygyria with Cerebellar Hypoplasia\Pachygyria_with_Cerebellar_Hypoplasia022.jpg,Pachygyria with Cerebellar Hypoplasia
C:\Users\HishamMo\Desktop\999_cs\Quantum_Inpired_PSO_Classifcation\MRI_dataset\Pachygyria with Cerebellar Hypoplasia\Pachygyria_with_Cerebellar_Hypoplasia023.jpg,Pachygyria with Cerebellar Hypoplasia
C:\Users\HishamMo\Desktop\999_cs\Quantum_Inpired_PSO_Classifcation\MRI_dataset\Pachygyria with Cerebellar Hypoplasia\Pachygyria_with_Cerebellar_Hypoplasia024.jpg,Pachygyria with Cerebellar Hypoplasia
C:\Users\HishamMo\Desktop\999_cs\Quantum_Inpired_PSO_Classifcation\MRI_dataset\Pachygyria with Cerebellar Hypoplasia\Pachygyria_with_Cerebellar_Hypoplasia025.jpg,Pachygyria with Cerebellar Hypoplasia
C:\Users\HishamMo\Desktop\999_cs\Quantum_Inpired_PSO_Classifcation\MRI_dataset\Pachygyria with Cerebellar Hypoplasia\Pachygyria_with_Cerebellar_Hypoplasia026.jpg,Pachygyria with Cerebellar Hypoplasia
C:\Users\HishamMo\Desktop\999_cs\Quantum_Inpired_PSO_Classifcation\MRI_dataset\Pachygyria with Cerebellar Hypoplasia\Pachygyria_with_Cerebellar_Hypoplasia027.jpg,Pachygyria with Cerebellar Hypoplasia
C:\Users\HishamMo\Desktop\999_cs\Quantum_Inpired_PSO_Classifcation\MRI_dataset\Pachygyria with Cerebellar Hypoplasia\Pachygyria_with_Cerebellar_Hypoplasia028.jpg,Pachygyria with Cerebellar Hypoplasia
C:\Users\HishamMo\Desktop\999_cs\Quantum_Inpired_PSO_Classifcation\MRI_dataset\Pachygyria with Cerebellar Hypoplasia\Pachygyria_with_Cerebellar_Hypoplasia029.jpg,Pachygyria with Cerebellar Hypoplasia
C:\Users\HishamMo\Desktop\999_cs\Quantum_Inpired_PSO_Classifcation\MRI_dataset\Pachygyria with Cerebellar Hypoplasia\Pachygyria_with_Cerebellar_Hypoplasia030.jpg,Pachygyria with Cerebellar Hypoplasia
C:\Users\HishamMo\Desktop\999_cs\Quantum_Inpired_PSO_Classifcation\MRI_dataset\Pachygyria with Cerebellar Hypoplasia\Pachygyria_with_Cerebellar_Hypoplasia031.jpg,Pachygyria with Cerebellar Hypoplasia
C:\Users\HishamMo\Desktop\999_cs\Quantum_Inpired_PSO_Classifcation\MRI_dataset\Pachygyria with Cerebellar Hypoplasia\Pachygyria_with_Cerebellar_Hypoplasia032.jpg,Pachygyria with Cerebellar Hypoplasia
C:\Users\HishamMo\Desktop\999_cs\Quantum_Inpired_PSO_Classifcation\MRI_dataset\Pachygyria with Cerebellar Hypoplasia\Pachygyria_with_Cerebellar_Hypoplasia033.jpg,Pachygyria with Cerebellar Hypoplasia
C:\Users\HishamMo\Desktop\999_cs\Quantum_Inpired_PSO_Classifcation\MRI_dataset\Pachygyria with Cerebellar Hypoplasia\Pachygyria_with_Cerebellar_Hypoplasia034.jpg,Pachygyria with Cerebellar Hypoplasia
C:\Users\HishamMo\Desktop\999_cs\Quantum_Inpired_PSO_Classifcation\MRI_dataset\Pachygyria with Cerebellar Hypoplasia\Pachygyria_with_Cerebellar_Hypoplasia035.jpg,Pachygyria with Cerebellar Hypoplasia
C:\Users\HishamMo\Desktop\999_cs\Quantum_Inpired_PSO_Classifcation\MRI_dataset\Pachygyria with Cerebellar Hypoplasia\Pachygyria_with_Cerebellar_Hypoplasia036.jpg,Pachygyria with Cerebellar Hypoplasia
C:\Users\HishamMo\Desktop\999_cs\Quantum_Inpired_PSO_Classifcation\MRI_dataset\Pachygyria with Cerebellar Hypoplasia\Pachygyria_with_Cerebellar_Hypoplasia037.jpg,Pachygyria with Cerebellar Hypoplasia
C:\Users\HishamMo\Desktop\999_cs\Quantum_Inpired_PSO_Classifcation\MRI_dataset\Pachygyria with Cerebellar Hypoplasia\Pachygyria_with_Cerebellar_Hypoplasia038.jpg,Pachygyria with Cerebellar Hypoplasia
C:\Users\HishamMo\Desktop\999_cs\Quantum_Inpired_PSO_Classifcation\MRI_dataset\Pachygyria with Cerebellar Hypoplasia\Pachygyria_with_Cerebellar_Hypoplasia039.jpg,Pachygyria with Cerebellar Hypoplasia
C:\Users\HishamMo\Desktop\999_cs\Quantum_Inpired_PSO_Classifcation\MRI_dataset\Pachygyria with Cerebellar Hypoplasia\Pachygyria_with_Cerebellar_Hypoplasia040.jpg,Pachygyria with Cerebellar Hypoplasia
C:\Users\HishamMo\Desktop\999_cs\Quantum_Inpired_PSO_Classifcation\MRI_dataset\Pachygyria with Cerebellar Hypoplasia\Pachygyria_with_Cerebellar_Hypoplasia041.jpg,Pachygyria with Cerebellar Hypoplasia
C:\Users\HishamMo\Desktop\999_cs\Quantum_Inpired_PSO_Classifcation\MRI_dataset\Pachygyria with Cerebellar Hypoplasia\Pachygyria_with_Cerebellar_Hypoplasia042.jpg,Pachygyria with Cerebellar Hypoplasia
C:\Users\HishamMo\Desktop\999_cs\Quantum_Inpired_PSO_Classifcation\MRI_dataset\Pachygyria with Cerebellar Hypoplasia\Pachygyria_with_Cerebellar_Hypoplasia043.jpg,Pachygyria with Cerebellar Hypoplasia
C:\Users\HishamMo\Desktop\999_cs\Quantum_Inpired_PSO_Classifcation\MRI_dataset\Pachygyria with Cerebellar Hypoplasia\Pachygyria_with_Cerebellar_Hypoplasia044.jpg,Pachygyria with Cerebellar Hypoplasia
C:\Users\HishamMo\Desktop\999_cs\Quantum_Inpired_PSO_Classifcation\MRI_dataset\Pachygyria with Cerebellar Hypoplasia\Pachygyria_with_Cerebellar_Hypoplasia045.jpg,Pachygyria with Cerebellar Hypoplasia
C:\Users\HishamMo\Desktop\999_cs\Quantum_Inpired_PSO_Classifcation\MRI_dataset\Pachygyria with Cerebellar Hypoplasia\Pachygyria_with_Cerebellar_Hypoplasia046.jpg,Pachygyria with Cerebellar Hypoplasia
C:\Users\HishamMo\Desktop\999_cs\Quantum_Inpired_PSO_Classifcation\MRI_dataset\Pachygyria with Cerebellar Hypoplasia\Pachygyria_with_Cerebellar_Hypoplasia047.jpg,Pachygyria with Cerebellar Hypoplasia
C:\Users\HishamMo\Desktop\999_cs\Quantum_Inpired_PSO_Classifcation\MRI_dataset\Pachygyria with Cerebellar Hypoplasia\Pachygyria_with_Cerebellar_Hypoplasia048.jpg,Pachygyria with Cerebellar Hypoplasia
C:\Users\HishamMo\Desktop\999_cs\Quantum_Inpired_PSO_Classifcation\MRI_dataset\Pachygyria with Cerebellar Hypoplasia\Pachygyria_with_Cerebellar_Hypoplasia049.jpg,Pachygyria with Cerebellar Hypoplasia
C:\Users\HishamMo\Desktop\999_cs\Quantum_Inpired_PSO_Classifcation\MRI_dataset\Pachygyria with Cerebellar Hypoplasia\Pachygyria_with_Cerebellar_Hypoplasia050.jpg,Pachygyria with Cerebellar Hypoplasia
C:\Users\HishamMo\Desktop\999_cs\Quantum_Inpired_PSO_Classifcation\MRI_dataset\Pachygyria with Cerebellar Hypoplasia\Pachygyria_with_Cerebellar_Hypoplasia051.jpg,Pachygyria with Cerebellar Hypoplasia
C:\Users\HishamMo\Desktop\999_cs\Quantum_Inpired_PSO_Classifcation\MRI_dataset\Pachygyria with Cerebellar Hypoplasia\Pachygyria_with_Cerebellar_Hypoplasia052.jpg,Pachygyria with Cerebellar Hypoplasia
C:\Users\HishamMo\Desktop\999_cs\Quantum_Inpired_PSO_Classifcation\MRI_dataset\Pachygyria with Cerebellar Hypoplasia\Pachygyria_with_Cerebellar_Hypoplasia053.jpg,Pachygyria with Cerebellar Hypoplasia
C:\Users\HishamMo\Desktop\999_cs\Quantum_Inpired_PSO_Classifcation\MRI_dataset\Pachygyria with Cerebellar Hypoplasia\Pachygyria_with_Cerebellar_Hypoplasia054.jpg,Pachygyria with Cerebellar Hypoplasia
C:\Users\HishamMo\Desktop\999_cs\Quantum_Inpired_PSO_Classifcation\MRI_dataset\Pachygyria with Cerebellar Hypoplasia\Pachygyria_with_Cerebellar_Hypoplasia055.jpg,Pachygyria with Cerebellar Hypoplasia
C:\Users\HishamMo\Desktop\999_cs\Quantum_Inpired_PSO_Classifcation\MRI_dataset\Pachygyria with Cerebellar Hypoplasia\Pachygyria_with_Cerebellar_Hypoplasia056.jpg,Pachygyria with Cerebellar Hypoplasia
C:\Users\HishamMo\Desktop\999_cs\Quantum_Inpired_PSO_Classifcation\MRI_dataset\Pachygyria with Cerebellar Hypoplasia\Pachygyria_with_Cerebellar_Hypoplasia057.jpg,Pachygyria with Cerebellar Hypoplasia
C:\Users\HishamMo\Desktop\999_cs\Quantum_Inpired_PSO_Classifcation\MRI_dataset\Pachygyria with Cerebellar Hypoplasia\Pachygyria_with_Cerebellar_Hypoplasia058.jpg,Pachygyria with Cerebellar Hypoplasia
C:\Users\HishamMo\Desktop\999_cs\Quantum_Inpired_PSO_Classifcation\MRI_dataset\Pachygyria with Cerebellar Hypoplasia\Pachygyria_with_Cerebellar_Hypoplasia059.jpg,Pachygyria with Cerebellar Hypoplasia
C:\Users\HishamMo\Desktop\999_cs\Quantum_Inpired_PSO_Classifcation\MRI_dataset\Pachygyria with Cerebellar Hypoplasia\Pachygyria_with_Cerebellar_Hypoplasia060.jpg,Pachygyria with Cerebellar Hypoplasia
C:\Users\HishamMo\Desktop\999_cs\Quantum_Inpired_PSO_Classifcation\MRI_dataset\Pachygyria with Cerebellar Hypoplasia\Pachygyria_with_Cerebellar_Hypoplasia061.jpg,Pachygyria with Cerebellar Hypoplasia
C:\Users\HishamMo\Desktop\999_cs\Quantum_Inpired_PSO_Classifcation\MRI_dataset\Pachygyria with Cerebellar Hypoplasia\Pachygyria_with_Cerebellar_Hypoplasia062.jpg,Pachygyria with Cerebellar Hypoplasia
C:\Users\HishamMo\Desktop\999_cs\Quantum_Inpired_PSO_Classifcation\MRI_dataset\Pachygyria with Cerebellar Hypoplasia\Pachygyria_with_Cerebellar_Hypoplasia063.jpg,Pachygyria with Cerebellar Hypoplasia
C:\Users\HishamMo\Desktop\999_cs\Quantum_Inpired_PSO_Classifcation\MRI_dataset\Pachygyria with Cerebellar Hypoplasia\Pachygyria_with_Cerebellar_Hypoplasia064.jpg,Pachygyria with Cerebellar Hypoplasia
C:\Users\HishamMo\Desktop\999_cs\Quantum_Inpired_PSO_Classifcation\MRI_dataset\Pachygyria with Cerebellar Hypoplasia\Pachygyria_with_Cerebellar_Hypoplasia065.jpg,Pachygyria with Cerebellar Hypoplasia
C:\Users\HishamMo\Desktop\999_cs\Quantum_Inpired_PSO_Classifcation\MRI_dataset\Pachygyria with Cerebellar Hypoplasia\Pachygyria_with_Cerebellar_Hypoplasia066.jpg,Pachygyria with Cerebellar Hypoplasia
C:\Users\HishamMo\Desktop\999_cs\Quantum_Inpired_PSO_Classifcation\MRI_dataset\Pachygyria with Cerebellar Hypoplasia\Pachygyria_with_Cerebellar_Hypoplasia067.jpg,Pachygyria with Cerebellar Hypoplasia
C:\Users\HishamMo\Desktop\999_cs\Quantum_Inpired_PSO_Classifcation\MRI_dataset\Pachygyria with Cerebellar Hypoplasia\Pachygyria_with_Cerebellar_Hypoplasia068.jpg,Pachygyria with Cerebellar Hypoplasia
C:\Users\HishamMo\Desktop\999_cs\Quantum_Inpired_PSO_Classifcation\MRI_dataset\Pachygyria with Cerebellar Hypoplasia\Pachygyria_with_Cerebellar_Hypoplasia069.jpg,Pachygyria with Cerebellar Hypoplasia
C:\Users\HishamMo\Desktop\999_cs\Quantum_Inpired_PSO_Classifcation\MRI_dataset\Pachygyria with Cerebellar Hypoplasia\Pachygyria_with_Cerebellar_Hypoplasia070.jpg,Pachygyria with Cerebellar Hypoplasia
C:\Users\HishamMo\Desktop\999_cs\Quantum_Inpired_PSO_Classifcation\MRI_dataset\Pachygyria with Cerebellar Hypoplasia\Pachygyria_with_Cerebellar_Hypoplasia071.jpg,Pachygyria with Cerebellar Hypoplasia
C:\Users\HishamMo\Desktop\999_cs\Quantum_Inpired_PSO_Classifcation\MRI_dataset\Pachygyria with Cerebellar Hypoplasia\Pachygyria_with_Cerebellar_Hypoplasia072.jpg,Pachygyria with Cerebellar Hypoplasia
C:\Users\HishamMo\Desktop\999_cs\Quantum_Inpired_PSO_Classifcation\MRI_dataset\Pachygyria with Cerebellar Hypoplasia\Pachygyria_with_Cerebellar_Hypoplasia073.jpg,Pachygyria with Cerebellar Hypoplasia
C:\Users\HishamMo\Desktop\999_cs\Quantum_Inpired_PSO_Classifcation\MRI_dataset\Pachygyria with Cerebellar Hypoplasia\Pachygyria_with_Cerebellar_Hypoplasia074.jpg,Pachygyria with Cerebellar Hypoplasia
C:\Users\HishamMo\Desktop\999_cs\Quantum_Inpired_PSO_Classifcation\MRI_dataset\Pachygyria with Cerebellar Hypoplasia\Pachygyria_with_Cerebellar_Hypoplasia075.jpg,Pachygyria with Cerebellar Hypoplasia
C:\Users\HishamMo\Desktop\999_cs\Quantum_Inpired_PSO_Classifcation\MRI_dataset\Pachygyria with Cerebellar Hypoplasia\Pachygyria_with_Cerebellar_Hypoplasia076.jpg,Pachygyria with Cerebellar Hypoplasia
C:\Users\HishamMo\Desktop\999_cs\Quantum_Inpired_PSO_Classifcation\MRI_dataset\Pachygyria with Cerebellar Hypoplasia\Pachygyria_with_Cerebellar_Hypoplasia077.jpg,Pachygyria with Cerebellar Hypoplasia
C:\Users\HishamMo\Desktop\999_cs\Quantum_Inpired_PSO_Classifcation\MRI_dataset\Pachygyria with Cerebellar Hypoplasia\Pachygyria_with_Cerebellar_Hypoplasia078.jpg,Pachygyria with Cerebellar Hypoplasia
C:\Users\HishamMo\Desktop\999_cs\Quantum_Inpired_PSO_Classifcation\MRI_dataset\Pachygyria with Cerebellar Hypoplasia\Pachygyria_with_Cerebellar_Hypoplasia079.jpg,Pachygyria with Cerebellar Hypoplasia
C:\Users\HishamMo\Desktop\999_cs\Quantum_Inpired_PSO_Classifcation\MRI_dataset\Pachygyria with Cerebellar Hypoplasia\Pachygyria_with_Cerebellar_Hypoplasia080.jpg,Pachygyria with Cerebellar Hypoplasia
C:\Users\HishamMo\Desktop\999_cs\Quantum_Inpired_PSO_Classifcation\MRI_dataset\Pachygyria with Cerebellar Hypoplasia\Pachygyria_with_Cerebellar_Hypoplasia081.jpg,Pachygyria with Cerebellar Hypoplasia
C:\Users\HishamMo\Desktop\999_cs\Quantum_Inpired_PSO_Classifcation\MRI_dataset\Pachygyria with Cerebellar Hypoplasia\Pachygyria_with_Cerebellar_Hypoplasia082.jpg,Pachygyria with Cerebellar Hypoplasia
C:\Users\HishamMo\Desktop\999_cs\Quantum_Inpired_PSO_Classifcation\MRI_dataset\Pachygyria with Cerebellar Hypoplasia\Pachygyria_with_Cerebellar_Hypoplasia083.jpg,Pachygyria with Cerebellar Hypoplasia
C:\Users\HishamMo\Desktop\999_cs\Quantum_Inpired_PSO_Classifcation\MRI_dataset\Pachygyria with Cerebellar Hypoplasia\Pachygyria_with_Cerebellar_Hypoplasia084.jpg,Pachygyria with Cerebellar Hypoplasia
C:\Users\HishamMo\Desktop\999_cs\Quantum_Inpired_PSO_Classifcation\MRI_dataset\Pachygyria with Cerebellar Hypoplasia\Pachygyria_with_Cerebellar_Hypoplasia085.jpg,Pachygyria with Cerebellar Hypoplasia
C:\Users\HishamMo\Desktop\999_cs\Quantum_Inpired_PSO_Classifcation\MRI_dataset\Pachygyria with Cerebellar Hypoplasia\Pachygyria_with_Cerebellar_Hypoplasia086.jpg,Pachygyria with Cerebellar Hypoplasia
C:\Users\HishamMo\Desktop\999_cs\Quantum_Inpired_PSO_Classifcation\MRI_dataset\Pachygyria with Cerebellar Hypoplasia\Pachygyria_with_Cerebellar_Hypoplasia087.jpg,Pachygyria with Cerebellar Hypoplasia
C:\Users\HishamMo\Desktop\999_cs\Quantum_Inpired_PSO_Classifcation\MRI_dataset\Pachygyria with Cerebellar Hypoplasia\Pachygyria_with_Cerebellar_Hypoplasia088.jpg,Pachygyria with Cerebellar Hypoplasia
C:\Users\HishamMo\Desktop\999_cs\Quantum_Inpired_PSO_Classifcation\MRI_dataset\Pachygyria with Cerebellar Hypoplasia\Pachygyria_with_Cerebellar_Hypoplasia089.jpg,Pachygyria with Cerebellar Hypoplasia
C:\Users\HishamMo\Desktop\999_cs\Quantum_Inpired_PSO_Classifcation\MRI_dataset\Pachygyria with Cerebellar Hypoplasia\Pachygyria_with_Cerebellar_Hypoplasia090.jpg,Pachygyria with Cerebellar Hypoplasia
C:\Users\HishamMo\Desktop\999_cs\Quantum_Inpired_PSO_Classifcation\MRI_dataset\Pachygyria with Cerebellar Hypoplasia\Pachygyria_with_Cerebellar_Hypoplasia091.jpg,Pachygyria with Cerebellar Hypoplasia
C:\Users\HishamMo\Desktop\999_cs\Quantum_Inpired_PSO_Classifcation\MRI_dataset\Pachygyria with Cerebellar Hypoplasia\Pachygyria_with_Cerebellar_Hypoplasia092.jpg,Pachygyria with Cerebellar Hypoplasia
C:\Users\HishamMo\Desktop\999_cs\Quantum_Inpired_PSO_Classifcation\MRI_dataset\Pachygyria with Cerebellar Hypoplasia\Pachygyria_with_Cerebellar_Hypoplasia093.jpg,Pachygyria with Cerebellar Hypoplasia
C:\Users\HishamMo\Desktop\999_cs\Quantum_Inpired_PSO_Classifcation\MRI_dataset\Pachygyria with Cerebellar Hypoplasia\Pachygyria_with_Cerebellar_Hypoplasia094.jpg,Pachygyria with Cerebellar Hypoplasia
C:\Users\HishamMo\Desktop\999_cs\Quantum_Inpired_PSO_Classifcation\MRI_dataset\Pachygyria with Cerebellar Hypoplasia\Pachygyria_with_Cerebellar_Hypoplasia095.jpg,Pachygyria with Cerebellar Hypoplasia
C:\Users\HishamMo\Desktop\999_cs\Quantum_Inpired_PSO_Classifcation\MRI_dataset\Pachygyria with Cerebellar Hypoplasia\Pachygyria_with_Cerebellar_Hypoplasia096.jpg,Pachygyria with Cerebellar Hypoplasia
C:\Users\HishamMo\Desktop\999_cs\Quantum_Inpired_PSO_Classifcation\MRI_dataset\Pachygyria with Cerebellar Hypoplasia\Pachygyria_with_Cerebellar_Hypoplasia097.jpg,Pachygyria with Cerebellar Hypoplasia
C:\Users\HishamMo\Desktop\999_cs\Quantum_Inpired_PSO_Classifcation\MRI_dataset\Pachygyria with Cerebellar Hypoplasia\Pachygyria_with_Cerebellar_Hypoplasia098.jpg,Pachygyria with Cerebellar Hypoplasia
C:\Users\HishamMo\Desktop\999_cs\Quantum_Inpired_PSO_Classifcation\MRI_dataset\Pachygyria with Cerebellar Hypoplasia\Pachygyria_with_Cerebellar_Hypoplasia099.jpg,Pachygyria with Cerebellar Hypoplasia
C:\Users\HishamMo\Desktop\999_cs\Quantum_Inpired_PSO_Classifcation\MRI_dataset\Pachygyria with Cerebellar Hypoplasia\Pachygyria_with_Cerebellar_Hypoplasia100.jpg,Pachygyria with Cerebellar Hypoplasia
C:\Users\HishamMo\Desktop\999_cs\Quantum_Inpired_PSO_Classifcation\MRI_dataset\Pachygyria with Cerebellar Hypoplasia\Pachygyria_with_Cerebellar_Hypoplasia101.jpg,Pachygyria with Cerebellar Hypoplasia
C:\Users\HishamMo\Desktop\999_cs\Quantum_Inpired_PSO_Classifcation\MRI_dataset\Pachygyria with Cerebellar Hypoplasia\Pachygyria_with_Cerebellar_Hypoplasia102.jpg,Pachygyria with Cerebellar Hypoplasia
C:\Users\HishamMo\Desktop\999_cs\Quantum_Inpired_PSO_Classifcation\MRI_dataset\Pachygyria with Cerebellar Hypoplasia\Pachygyria_with_Cerebellar_Hypoplasia103.jpg,Pachygyria with Cerebellar Hypoplasia
C:\Users\HishamMo\Desktop\999_cs\Quantum_Inpired_PSO_Classifcation\MRI_dataset\Pachygyria with Cerebellar Hypoplasia\Pachygyria_with_Cerebellar_Hypoplasia104.jpg,Pachygyria with Cerebellar Hypoplasia
C:\Users\HishamMo\Desktop\999_cs\Quantum_Inpired_PSO_Classifcation\MRI_dataset\Pachygyria with Cerebellar Hypoplasia\Pachygyria_with_Cerebellar_Hypoplasia105.jpg,Pachygyria with Cerebellar Hypoplasia
C:\Users\HishamMo\Desktop\999_cs\Quantum_Inpired_PSO_Classifcation\MRI_dataset\Pachygyria with Cerebellar Hypoplasia\Pachygyria_with_Cerebellar_Hypoplasia106.jpg,Pachygyria with Cerebellar Hypoplasia
C:\Users\HishamMo\Desktop\999_cs\Quantum_Inpired_PSO_Classifcation\MRI_dataset\Pachygyria with Cerebellar Hypoplasia\Pachygyria_with_Cerebellar_Hypoplasia107.jpg,Pachygyria with Cerebellar Hypoplasia
C:\Users\HishamMo\Desktop\999_cs\Quantum_Inpired_PSO_Classifcation\MRI_dataset\Pachygyria with Cerebellar Hypoplasia\Pachygyria_with_Cerebellar_Hypoplasia108.jpg,Pachygyria with Cerebellar Hypoplasia
C:\Users\HishamMo\Desktop\999_cs\Quantum_Inpired_PSO_Classifcation\MRI_dataset\Pachygyria with Cerebellar Hypoplasia\Pachygyria_with_Cerebellar_Hypoplasia109.jpg,Pachygyria with Cerebellar Hypoplasia
C:\Users\HishamMo\Desktop\999_cs\Quantum_Inpired_PSO_Classifcation\MRI_dataset\Pachygyria with Cerebellar Hypoplasia\Pachygyria_with_Cerebellar_Hypoplasia110.jpg,Pachygyria with Cerebellar Hypoplasia
C:\Users\HishamMo\Desktop\999_cs\Quantum_Inpired_PSO_Classifcation\MRI_dataset\Pachygyria with Cerebellar Hypoplasia\Pachygyria_with_Cerebellar_Hypoplasia111.jpg,Pachygyria with Cerebellar Hypoplasia
C:\Users\HishamMo\Desktop\999_cs\Quantum_Inpired_PSO_Classifcation\MRI_dataset\Pachygyria with Cerebellar Hypoplasia\Pachygyria_with_Cerebellar_Hypoplasia112.jpg,Pachygyria with Cerebellar Hypoplasia
C:\Users\HishamMo\Desktop\999_cs\Quantum_Inpired_PSO_Classifcation\MRI_dataset\Pachygyria with Cerebellar Hypoplasia\Pachygyria_with_Cerebellar_Hypoplasia113.jpg,Pachygyria with Cerebellar Hypoplasia
C:\Users\HishamMo\Desktop\999_cs\Quantum_Inpired_PSO_Classifcation\MRI_dataset\Pachygyria with Cerebellar Hypoplasia\Pachygyria_with_Cerebellar_Hypoplasia114.jpg,Pachygyria with Cerebellar Hypoplasia
C:\Users\HishamMo\Desktop\999_cs\Quantum_Inpired_PSO_Classifcation\MRI_dataset\Pachygyria with Cerebellar Hypoplasia\Pachygyria_with_Cerebellar_Hypoplasia115.jpg,Pachygyria with Cerebellar Hypoplasia
C:\Users\HishamMo\Desktop\999_cs\Quantum_Inpired_PSO_Classifcation\MRI_dataset\Pachygyria with Cerebellar Hypoplasia\Pachygyria_with_Cerebellar_Hypoplasia116.jpg,Pachygyria with Cerebellar Hypoplasia
C:\Users\HishamMo\Desktop\999_cs\Quantum_Inpired_PSO_Classifcation\MRI_dataset\Pachygyria with Cerebellar Hypoplasia\Pachygyria_with_Cerebellar_Hypoplasia117.jpg,Pachygyria with Cerebellar Hypoplasia
C:\Users\HishamMo\Desktop\999_cs\Quantum_Inpired_PSO_Classifcation\MRI_dataset\Pachygyria with Cerebellar Hypoplasia\Pachygyria_with_Cerebellar_Hypoplasia118.jpg,Pachygyria with Cerebellar Hypoplasia
C:\Users\HishamMo\Desktop\999_cs\Quantum_Inpired_PSO_Classifcation\MRI_dataset\Pachygyria with Cerebellar Hypoplasia\Pachygyria_with_Cerebellar_Hypoplasia119.jpg,Pachygyria with Cerebellar Hypoplasia
C:\Users\HishamMo\Desktop\999_cs\Quantum_Inpired_PSO_Classifcation\MRI_dataset\Pachygyria with Cerebellar Hypoplasia\Pachygyria_with_Cerebellar_Hypoplasia120.jpg,Pachygyria with Cerebellar Hypoplasia
C:\Users\HishamMo\Desktop\999_cs\Quantum_Inpired_PSO_Classifcation\MRI_dataset\Pachygyria with Cerebellar Hypoplasia\Pachygyria_with_Cerebellar_Hypoplasia121.jpg,Pachygyria with Cerebellar Hypoplasia
C:\Users\HishamMo\Desktop\999_cs\Quantum_Inpired_PSO_Classifcation\MRI_dataset\Pachygyria with Cerebellar Hypoplasia\Pachygyria_with_Cerebellar_Hypoplasia122.jpg,Pachygyria with Cerebellar Hypoplasia
C:\Users\HishamMo\Desktop\999_cs\Quantum_Inpired_PSO_Classifcation\MRI_dataset\Pachygyria with Cerebellar Hypoplasia\Pachygyria_with_Cerebellar_Hypoplasia123.jpg,Pachygyria with Cerebellar Hypoplasia
C:\Users\HishamMo\Desktop\999_cs\Quantum_Inpired_PSO_Classifcation\MRI_dataset\Pachygyria with Cerebellar Hypoplasia\Pachygyria_with_Cerebellar_Hypoplasia124.jpg,Pachygyria with Cerebellar Hypoplasia
C:\Users\HishamMo\Desktop\999_cs\Quantum_Inpired_PSO_Classifcation\MRI_dataset\Pachygyria with Cerebellar Hypoplasia\Pachygyria_with_Cerebellar_Hypoplasia125.jpg,Pachygyria with Cerebellar Hypoplasia
C:\Users\HishamMo\Desktop\999_cs\Quantum_Inpired_PSO_Classifcation\MRI_dataset\Pachygyria with Cerebellar Hypoplasia\Pachygyria_with_Cerebellar_Hypoplasia126.jpg,Pachygyria with Cerebellar Hypoplasia
C:\Users\HishamMo\Desktop\999_cs\Quantum_Inpired_PSO_Classifcation\MRI_dataset\Pachygyria with Cerebellar Hypoplasia\Pachygyria_with_Cerebellar_Hypoplasia127.jpg,Pachygyria with Cerebellar Hypoplasia
C:\Users\HishamMo\Desktop\999_cs\Quantum_Inpired_PSO_Classifcation\MRI_dataset\Pachygyria with Cerebellar Hypoplasia\Pachygyria_with_Cerebellar_Hypoplasia128.jpg,Pachygyria with Cerebellar Hypoplasia
C:\Users\HishamMo\Desktop\999_cs\Quantum_Inpired_PSO_Classifcation\MRI_dataset\Pachygyria with Cerebellar Hypoplasia\Pachygyria_with_Cerebellar_Hypoplasia129.jpg,Pachygyria with Cerebellar Hypoplasia
C:\Users\HishamMo\Desktop\999_cs\Quantum_Inpired_PSO_Classifcation\MRI_dataset\Pachygyria with Cerebellar Hypoplasia\Pachygyria_with_Cerebellar_Hypoplasia130.jpg,Pachygyria with Cerebellar Hypoplasia
C:\Users\HishamMo\Desktop\999_cs\Quantum_Inpired_PSO_Classifcation\MRI_dataset\Pachygyria with Cerebellar Hypoplasia\Pachygyria_with_Cerebellar_Hypoplasia131.jpg,Pachygyria with Cerebellar Hypoplasia
C:\Users\HishamMo\Desktop\999_cs\Quantum_Inpired_PSO_Classifcation\MRI_dataset\Pachygyria with Cerebellar Hypoplasia\Pachygyria_with_Cerebellar_Hypoplasia132.jpg,Pachygyria with Cerebellar Hypoplasia
C:\Users\HishamMo\Desktop\999_cs\Quantum_Inpired_PSO_Classifcation\MRI_dataset\Pachygyria with Cerebellar Hypoplasia\Pachygyria_with_Cerebellar_Hypoplasia133.jpg,Pachygyria with Cerebellar Hypoplasia
C:\Users\HishamMo\Desktop\999_cs\Quantum_Inpired_PSO_Classifcation\MRI_dataset\Pachygyria with Cerebellar Hypoplasia\Pachygyria_with_Cerebellar_Hypoplasia134.jpg,Pachygyria with Cerebellar Hypoplasia
C:\Users\HishamMo\Desktop\999_cs\Quantum_Inpired_PSO_Classifcation\MRI_dataset\Pachygyria with Cerebellar Hypoplasia\Pachygyria_with_Cerebellar_Hypoplasia135.jpg,Pachygyria with Cerebellar Hypoplasia
C:\Users\HishamMo\Desktop\999_cs\Quantum_Inpired_PSO_Classifcation\MRI_dataset\Pachygyria with Cerebellar Hypoplasia\Pachygyria_with_Cerebellar_Hypoplasia136.jpg,Pachygyria with Cerebellar Hypoplasia
C:\Users\HishamMo\Desktop\999_cs\Quantum_Inpired_PSO_Classifcation\MRI_dataset\Pachygyria with Cerebellar Hypoplasia\Pachygyria_with_Cerebellar_Hypoplasia137.jpg,Pachygyria with Cerebellar Hypoplasia
C:\Users\HishamMo\Desktop\999_cs\Quantum_Inpired_PSO_Classifcation\MRI_dataset\Pachygyria with Cerebellar Hypoplasia\Pachygyria_with_Cerebellar_Hypoplasia138.jpg,Pachygyria with Cerebellar Hypoplasia
C:\Users\HishamMo\Desktop\999_cs\Quantum_Inpired_PSO_Classifcation\MRI_dataset\Pachygyria with Cerebellar Hypoplasia\Pachygyria_with_Cerebellar_Hypoplasia139.jpg,Pachygyria with Cerebellar Hypoplasia
C:\Users\HishamMo\Desktop\999_cs\Quantum_Inpired_PSO_Classifcation\MRI_dataset\Pachygyria with Cerebellar Hypoplasia\Pachygyria_with_Cerebellar_Hypoplasia140.jpg,Pachygyria with Cerebellar Hypoplasia
C:\Users\HishamMo\Desktop\999_cs\Quantum_Inpired_PSO_Classifcation\MRI_dataset\Pachygyria with Cerebellar Hypoplasia\Pachygyria_with_Cerebellar_Hypoplasia141.jpg,Pachygyria with Cerebellar Hypoplasia
C:\Users\HishamMo\Desktop\999_cs\Quantum_Inpired_PSO_Classifcation\MRI_dataset\Pachygyria with Cerebellar Hypoplasia\Pachygyria_with_Cerebellar_Hypoplasia142.jpg,Pachygyria with Cerebellar Hypoplasia
C:\Users\HishamMo\Desktop\999_cs\Quantum_Inpired_PSO_Classifcation\MRI_dataset\Pachygyria with Cerebellar Hypoplasia\Pachygyria_with_Cerebellar_Hypoplasia143.jpg,Pachygyria with Cerebellar Hypoplasia
C:\Users\HishamMo\Desktop\999_cs\Quantum_Inpired_PSO_Classifcation\MRI_dataset\Pachygyria with Cerebellar Hypoplasia\Pachygyria_with_Cerebellar_Hypoplasia144.jpg,Pachygyria with Cerebellar Hypoplasia
C:\Users\HishamMo\Desktop\999_cs\Quantum_Inpired_PSO_Classifcation\MRI_dataset\Pachygyria with Cerebellar Hypoplasia\Pachygyria_with_Cerebellar_Hypoplasia145.jpg,Pachygyria with Cerebellar Hypoplasia
C:\Users\HishamMo\Desktop\999_cs\Quantum_Inpired_PSO_Classifcation\MRI_dataset\Pachygyria with Cerebellar Hypoplasia\Pachygyria_with_Cerebellar_Hypoplasia146.jpg,Pachygyria with Cerebellar Hypoplasia
C:\Users\HishamMo\Desktop\999_cs\Quantum_Inpired_PSO_Classifcation\MRI_dataset\Pachygyria with Cerebellar Hypoplasia\Pachygyria_with_Cerebellar_Hypoplasia147.jpg,Pachygyria with Cerebellar Hypoplasia
C:\Users\HishamMo\Desktop\999_cs\Quantum_Inpired_PSO_Classifcation\MRI_dataset\Pachygyria with Cerebellar Hypoplasia\Pachygyria_with_Cerebellar_Hypoplasia148.jpg,Pachygyria with Cerebellar Hypoplasia
C:\Users\HishamMo\Desktop\999_cs\Quantum_Inpired_PSO_Classifcation\MRI_dataset\Pachygyria with Cerebellar Hypoplasia\Pachygyria_with_Cerebellar_Hypoplasia149.jpg,Pachygyria with Cerebellar Hypoplasia
C:\Users\HishamMo\Desktop\999_cs\Quantum_Inpired_PSO_Classifcation\MRI_dataset\Pachygyria with Cerebellar Hypoplasia\Pachygyria_with_Cerebellar_Hypoplasia150.jpg,Pachygyria with Cerebellar Hypoplasia
C:\Users\HishamMo\Desktop\999_cs\Quantum_Inpired_PSO_Classifcation\MRI_dataset\Pachygyria with Cerebellar Hypoplasia\Pachygyria_with_Cerebellar_Hypoplasia151.jpg,Pachygyria with Cerebellar Hypoplasia
C:\Users\HishamMo\Desktop\999_cs\Quantum_Inpired_PSO_Classifcation\MRI_dataset\Pachygyria with Cerebellar Hypoplasia\Pachygyria_with_Cerebellar_Hypoplasia152.jpg,Pachygyria with Cerebellar Hypoplasia
C:\Users\HishamMo\Desktop\999_cs\Quantum_Inpired_PSO_Classifcation\MRI_dataset\Pachygyria with Cerebellar Hypoplasia\Pachygyria_with_Cerebellar_Hypoplasia153.jpg,Pachygyria with Cerebellar Hypoplasia
C:\Users\HishamMo\Desktop\999_cs\Quantum_Inpired_PSO_Classifcation\MRI_dataset\Pachygyria with Cerebellar Hypoplasia\Pachygyria_with_Cerebellar_Hypoplasia154.jpg,Pachygyria with Cerebellar Hypoplasia
C:\Users\HishamMo\Desktop\999_cs\Quantum_Inpired_PSO_Classifcation\MRI_dataset\Pachygyria with Cerebellar Hypoplasia\Pachygyria_with_Cerebellar_Hypoplasia155.jpg,Pachygyria with Cerebellar Hypoplasia
C:\Users\HishamMo\Desktop\999_cs\Quantum_Inpired_PSO_Classifcation\MRI_dataset\Pachygyria with Cerebellar Hypoplasia\Pachygyria_with_Cerebellar_Hypoplasia156.jpg,Pachygyria with Cerebellar Hypoplasia
C:\Users\HishamMo\Desktop\999_cs\Quantum_Inpired_PSO_Classifcation\MRI_dataset\Pachygyria with Cerebellar Hypoplasia\Pachygyria_with_Cerebellar_Hypoplasia157.jpg,Pachygyria with Cerebellar Hypoplasia
C:\Users\HishamMo\Desktop\999_cs\Quantum_Inpired_PSO_Classifcation\MRI_dataset\Pachygyria with Cerebellar Hypoplasia\Pachygyria_with_Cerebellar_Hypoplasia158.jpg,Pachygyria with Cerebellar Hypoplasia
C:\Users\HishamMo\Desktop\999_cs\Quantum_Inpired_PSO_Classifcation\MRI_dataset\Pachygyria with Cerebellar Hypoplasia\Pachygyria_with_Cerebellar_Hypoplasia159.jpg,Pachygyria with Cerebellar Hypoplasia
C:\Users\HishamMo\Desktop\999_cs\Quantum_Inpired_PSO_Classifcation\MRI_dataset\Pachygyria with Cerebellar Hypoplasia\Pachygyria_with_Cerebellar_Hypoplasia160.jpg,Pachygyria with Cerebellar Hypoplasia
C:\Users\HishamMo\Desktop\999_cs\Quantum_Inpired_PSO_Classifcation\MRI_dataset\Pachygyria with Cerebellar Hypoplasia\Pachygyria_with_Cerebellar_Hypoplasia161.jpg,Pachygyria with Cerebellar Hypoplasia
C:\Users\HishamMo\Desktop\999_cs\Quantum_Inpired_PSO_Classifcation\MRI_dataset\Pachygyria with Cerebellar Hypoplasia\Pachygyria_with_Cerebellar_Hypoplasia162.jpg,Pachygyria with Cerebellar Hypoplasia
C:\Users\HishamMo\Desktop\999_cs\Quantum_Inpired_PSO_Classifcation\MRI_dataset\Pachygyria with Cerebellar Hypoplasia\Pachygyria_with_Cerebellar_Hypoplasia163.jpg,Pachygyria with Cerebellar Hypoplasia
C:\Users\HishamMo\Desktop\999_cs\Quantum_Inpired_PSO_Classifcation\MRI_dataset\Pachygyria with Cerebellar Hypoplasia\Pachygyria_with_Cerebellar_Hypoplasia164.jpg,Pachygyria with Cerebellar Hypoplasia
C:\Users\HishamMo\Desktop\999_cs\Quantum_Inpired_PSO_Classifcation\MRI_dataset\Pachygyria with Cerebellar Hypoplasia\Pachygyria_with_Cerebellar_Hypoplasia165.jpg,Pachygyria with Cerebellar Hypoplasia
C:\Users\HishamMo\Desktop\999_cs\Quantum_Inpired_PSO_Classifcation\MRI_dataset\Pachygyria with Cerebellar Hypoplasia\Pachygyria_with_Cerebellar_Hypoplasia166.jpg,Pachygyria with Cerebellar Hypoplasia
C:\Users\HishamMo\Desktop\999_cs\Quantum_Inpired_PSO_Classifcation\MRI_dataset\Pachygyria with Cerebellar Hypoplasia\Pachygyria_with_Cerebellar_Hypoplasia167.jpg,Pachygyria with Cerebellar Hypoplasia
C:\Users\HishamMo\Desktop\999_cs\Quantum_Inpired_PSO_Classifcation\MRI_dataset\Pachygyria with Cerebellar Hypoplasia\Pachygyria_with_Cerebellar_Hypoplasia168.jpg,Pachygyria with Cerebellar Hypoplasia
C:\Users\HishamMo\Desktop\999_cs\Quantum_Inpired_PSO_Classifcation\MRI_dataset\Pachygyria with Cerebellar Hypoplasia\Pachygyria_with_Cerebellar_Hypoplasia169.jpg,Pachygyria with Cerebellar Hypoplasia
C:\Users\HishamMo\Desktop\999_cs\Quantum_Inpired_PSO_Classifcation\MRI_dataset\Pachygyria with Cerebellar Hypoplasia\Pachygyria_with_Cerebellar_Hypoplasia170.jpg,Pachygyria with Cerebellar Hypoplasia
C:\Users\HishamMo\Desktop\999_cs\Quantum_Inpired_PSO_Classifcation\MRI_dataset\Pachygyria with Cerebellar Hypoplasia\Pachygyria_with_Cerebellar_Hypoplasia171.jpg,Pachygyria with Cerebellar Hypoplasia
C:\Users\HishamMo\Desktop\999_cs\Quantum_Inpired_PSO_Classifcation\MRI_dataset\Pachygyria with Cerebellar Hypoplasia\Pachygyria_with_Cerebellar_Hypoplasia172.jpg,Pachygyria with Cerebellar Hypoplasia
C:\Users\HishamMo\Desktop\999_cs\Quantum_Inpired_PSO_Classifcation\MRI_dataset\Pachygyria with Cerebellar Hypoplasia\Pachygyria_with_Cerebellar_Hypoplasia173.jpg,Pachygyria with Cerebellar Hypoplasia
C:\Users\HishamMo\Desktop\999_cs\Quantum_Inpired_PSO_Classifcation\MRI_dataset\Pachygyria with Cerebellar Hypoplasia\Pachygyria_with_Cerebellar_Hypoplasia174.jpg,Pachygyria with Cerebellar Hypoplasia
C:\Users\HishamMo\Desktop\999_cs\Quantum_Inpired_PSO_Classifcation\MRI_dataset\Pachygyria with Cerebellar Hypoplasia\Pachygyria_with_Cerebellar_Hypoplasia175.jpg,Pachygyria with Cerebellar Hypoplasia
C:\Users\HishamMo\Desktop\999_cs\Quantum_Inpired_PSO_Classifcation\MRI_dataset\Pachygyria with Cerebellar Hypoplasia\Pachygyria_with_Cerebellar_Hypoplasia176.jpg,Pachygyria with Cerebellar Hypoplasia
C:\Users\HishamMo\Desktop\999_cs\Quantum_Inpired_PSO_Classifcation\MRI_dataset\Pachygyria with Cerebellar Hypoplasia\Pachygyria_with_Cerebellar_Hypoplasia177.jpg,Pachygyria with Cerebellar Hypoplasia
C:\Users\HishamMo\Desktop\999_cs\Quantum_Inpired_PSO_Classifcation\MRI_dataset\Pachygyria with Cerebellar Hypoplasia\Pachygyria_with_Cerebellar_Hypoplasia178.jpg,Pachygyria with Cerebellar Hypoplasia
C:\Users\HishamMo\Desktop\999_cs\Quantum_Inpired_PSO_Classifcation\MRI_dataset\Pachygyria with Cerebellar Hypoplasia\Pachygyria_with_Cerebellar_Hypoplasia179.jpg,Pachygyria with Cerebellar Hypoplasia
C:\Users\HishamMo\Desktop\999_cs\Quantum_Inpired_PSO_Classifcation\MRI_dataset\Pachygyria with Cerebellar Hypoplasia\Pachygyria_with_Cerebellar_Hypoplasia180.jpg,Pachygyria with Cerebellar Hypoplasia
C:\Users\HishamMo\Desktop\999_cs\Quantum_Inpired_PSO_Classifcation\MRI_dataset\Pachygyria with Cerebellar Hypoplasia\Pachygyria_with_Cerebellar_Hypoplasia181.jpg,Pachygyria with Cerebellar Hypoplasia
C:\Users\HishamMo\Desktop\999_cs\Quantum_Inpired_PSO_Classifcation\MRI_dataset\Pachygyria with Cerebellar Hypoplasia\Pachygyria_with_Cerebellar_Hypoplasia182.jpg,Pachygyria with Cerebellar Hypoplasia
C:\Users\HishamMo\Desktop\999_cs\Quantum_Inpired_PSO_Classifcation\MRI_dataset\Pachygyria with Cerebellar Hypoplasia\Pachygyria_with_Cerebellar_Hypoplasia183.jpg,Pachygyria with Cerebellar Hypoplasia
C:\Users\HishamMo\Desktop\999_cs\Quantum_Inpired_PSO_Classifcation\MRI_dataset\Pachygyria with Cerebellar Hypoplasia\Pachygyria_with_Cerebellar_Hypoplasia184.jpg,Pachygyria with Cerebellar Hypoplasia
C:\Users\HishamMo\Desktop\999_cs\Quantum_Inpired_PSO_Classifcation\MRI_dataset\Pachygyria with Cerebellar Hypoplasia\Pachygyria_with_Cerebellar_Hypoplasia185.jpg,Pachygyria with Cerebellar Hypoplasia
C:\Users\HishamMo\Desktop\999_cs\Quantum_Inpired_PSO_Classifcation\MRI_dataset\Pachygyria with Cerebellar Hypoplasia\Pachygyria_with_Cerebellar_Hypoplasia186.jpg,Pachygyria with Cerebellar Hypoplasia
C:\Users\HishamMo\Desktop\999_cs\Quantum_Inpired_PSO_Classifcation\MRI_dataset\Pachygyria with Cerebellar Hypoplasia\Pachygyria_with_Cerebellar_Hypoplasia187.jpg,Pachygyria with Cerebellar Hypoplasia
C:\Users\HishamMo\Desktop\999_cs\Quantum_Inpired_PSO_Classifcation\MRI_dataset\Pachygyria with Cerebellar Hypoplasia\Pachygyria_with_Cerebellar_Hypoplasia188.jpg,Pachygyria with Cerebellar Hypoplasia
C:\Users\HishamMo\Desktop\999_cs\Quantum_Inpired_PSO_Classifcation\MRI_dataset\Pachygyria with Cerebellar Hypoplasia\Pachygyria_with_Cerebellar_Hypoplasia189.jpg,Pachygyria with Cerebellar Hypoplasia
C:\Users\HishamMo\Desktop\999_cs\Quantum_Inpired_PSO_Classifcation\MRI_dataset\Pachygyria with Cerebellar Hypoplasia\Pachygyria_with_Cerebellar_Hypoplasia190.jpg,Pachygyria with Cerebellar Hypoplasia
C:\Users\HishamMo\Desktop\999_cs\Quantum_Inpired_PSO_Classifcation\MRI_dataset\Pachygyria with Cerebellar Hypoplasia\Pachygyria_with_Cerebellar_Hypoplasia191.jpg,Pachygyria with Cerebellar Hypoplasia
C:\Users\HishamMo\Desktop\999_cs\Quantum_Inpired_PSO_Classifcation\MRI_dataset\Pachygyria with Cerebellar Hypoplasia\Pachygyria_with_Cerebellar_Hypoplasia192.jpg,Pachygyria with Cerebellar Hypoplasia
C:\Users\HishamMo\Desktop\999_cs\Quantum_Inpired_PSO_Classifcation\MRI_dataset\Pachygyria with Cerebellar Hypoplasia\Pachygyria_with_Cerebellar_Hypoplasia193.jpg,Pachygyria with Cerebellar Hypoplasia
C:\Users\HishamMo\Desktop\999_cs\Quantum_Inpired_PSO_Classifcation\MRI_dataset\Pachygyria with Cerebellar Hypoplasia\Pachygyria_with_Cerebellar_Hypoplasia194.jpg,Pachygyria with Cerebellar Hypoplasia
C:\Users\HishamMo\Desktop\999_cs\Quantum_Inpired_PSO_Classifcation\MRI_dataset\Pachygyria with Cerebellar Hypoplasia\Pachygyria_with_Cerebellar_Hypoplasia195.jpg,Pachygyria with Cerebellar Hypoplasia
C:\Users\HishamMo\Desktop\999_cs\Quantum_Inpired_PSO_Classifcation\MRI_dataset\Pachygyria with Cerebellar Hypoplasia\Pachygyria_with_Cerebellar_Hypoplasia196.jpg,Pachygyria with Cerebellar Hypoplasia
C:\Users\HishamMo\Desktop\999_cs\Quantum_Inpired_PSO_Classifcation\MRI_dataset\Pachygyria with Cerebellar Hypoplasia\Pachygyria_with_Cerebellar_Hypoplasia197.jpg,Pachygyria with Cerebellar Hypoplasia
C:\Users\HishamMo\Desktop\999_cs\Quantum_Inpired_PSO_Classifcation\MRI_dataset\Pachygyria with Cerebellar Hypoplasia\Pachygyria_with_Cerebellar_Hypoplasia198.jpg,Pachygyria with Cerebellar Hypoplasia
C:\Users\HishamMo\Desktop\999_cs\Quantum_Inpired_PSO_Classifcation\MRI_dataset\Pachygyria with Cerebellar Hypoplasia\Pachygyria_with_Cerebellar_Hypoplasia199.jpg,Pachygyria with Cerebellar Hypoplasia
C:\Users\HishamMo\Desktop\999_cs\Quantum_Inpired_PSO_Classifcation\MRI_dataset\Pachygyria with Cerebellar Hypoplasia\Pachygyria_with_Cerebellar_Hypoplasia200.jpg,Pachygyria with Cerebellar Hypoplasia
C:\Users\HishamMo\Desktop\999_cs\Quantum_Inpired_PSO_Classifcation\MRI_dataset\Pachygyria with Cerebellar Hypoplasia\Pachygyria_with_Cerebellar_Hypoplasia201.jpg,Pachygyria with Cerebellar Hypoplasia
C:\Users\HishamMo\Desktop\999_cs\Quantum_Inpired_PSO_Classifcation\MRI_dataset\Pachygyria with Cerebellar Hypoplasia\Pachygyria_with_Cerebellar_Hypoplasia202.jpg,Pachygyria with Cerebellar Hypoplasia
C:\Users\HishamMo\Desktop\999_cs\Quantum_Inpired_PSO_Classifcation\MRI_dataset\Pachygyria with Cerebellar Hypoplasia\Pachygyria_with_Cerebellar_Hypoplasia203.jpg,Pachygyria with Cerebellar Hypoplasia
C:\Users\HishamMo\Desktop\999_cs\Quantum_Inpired_PSO_Classifcation\MRI_dataset\Pachygyria with Cerebellar Hypoplasia\Pachygyria_with_Cerebellar_Hypoplasia204.jpg,Pachygyria with Cerebellar Hypoplasia
C:\Users\HishamMo\Desktop\999_cs\Quantum_Inpired_PSO_Classifcation\MRI_dataset\Pachygyria with Cerebellar Hypoplasia\Pachygyria_with_Cerebellar_Hypoplasia205.jpg,Pachygyria with Cerebellar Hypoplasia
C:\Users\HishamMo\Desktop\999_cs\Quantum_Inpired_PSO_Classifcation\MRI_dataset\Pachygyria with Cerebellar Hypoplasia\Pachygyria_with_Cerebellar_Hypoplasia206.jpg,Pachygyria with Cerebellar Hypoplasia
C:\Users\HishamMo\Desktop\999_cs\Quantum_Inpired_PSO_Classifcation\MRI_dataset\Pachygyria with Cerebellar Hypoplasia\Pachygyria_with_Cerebellar_Hypoplasia207.jpg,Pachygyria with Cerebellar Hypoplasia
C:\Users\HishamMo\Desktop\999_cs\Quantum_Inpired_PSO_Classifcation\MRI_dataset\Pachygyria with Cerebellar Hypoplasia\Pachygyria_with_Cerebellar_Hypoplasia208.jpg,Pachygyria with Cerebellar Hypoplasia
C:\Users\HishamMo\Desktop\999_cs\Quantum_Inpired_PSO_Classifcation\MRI_dataset\Pachygyria with Cerebellar Hypoplasia\Pachygyria_with_Cerebellar_Hypoplasia209.jpg,Pachygyria with Cerebellar Hypoplasia
C:\Users\HishamMo\Desktop\999_cs\Quantum_Inpired_PSO_Classifcation\MRI_dataset\Pachygyria with Cerebellar Hypoplasia\Pachygyria_with_Cerebellar_Hypoplasia210.jpg,Pachygyria with Cerebellar Hypoplasia
C:\Users\HishamMo\Desktop\999_cs\Quantum_Inpired_PSO_Classifcation\MRI_dataset\Pachygyria with Cerebellar Hypoplasia\Pachygyria_with_Cerebellar_Hypoplasia211.jpg,Pachygyria with Cerebellar Hypoplasia
C:\Users\HishamMo\Desktop\999_cs\Quantum_Inpired_PSO_Classifcation\MRI_dataset\Pachygyria with Cerebellar Hypoplasia\Pachygyria_with_Cerebellar_Hypoplasia212.jpg,Pachygyria with Cerebellar Hypoplasia
C:\Users\HishamMo\Desktop\999_cs\Quantum_Inpired_PSO_Classifcation\MRI_dataset\Pachygyria with Cerebellar Hypoplasia\Pachygyria_with_Cerebellar_Hypoplasia213.jpg,Pachygyria with Cerebellar Hypoplasia
C:\Users\HishamMo\Desktop\999_cs\Quantum_Inpired_PSO_Classifcation\MRI_dataset\Pachygyria with Cerebellar Hypoplasia\Pachygyria_with_Cerebellar_Hypoplasia214.jpg,Pachygyria with Cerebellar Hypoplasia
C:\Users\HishamMo\Desktop\999_cs\Quantum_Inpired_PSO_Classifcation\MRI_dataset\Pachygyria with Cerebellar Hypoplasia\Pachygyria_with_Cerebellar_Hypoplasia215.jpg,Pachygyria with Cerebellar Hypoplasia
C:\Users\HishamMo\Desktop\999_cs\Quantum_Inpired_PSO_Classifcation\MRI_dataset\Pachygyria with Cerebellar Hypoplasia\Pachygyria_with_Cerebellar_Hypoplasia216.jpg,Pachygyria with Cerebellar Hypoplasia
C:\Users\HishamMo\Desktop\999_cs\Quantum_Inpired_PSO_Classifcation\MRI_dataset\Pachygyria with Cerebellar Hypoplasia\Pachygyria_with_Cerebellar_Hypoplasia217.jpg,Pachygyria with Cerebellar Hypoplasia
C:\Users\HishamMo\Desktop\999_cs\Quantum_Inpired_PSO_Classifcation\MRI_dataset\Pachygyria with Cerebellar Hypoplasia\Pachygyria_with_Cerebellar_Hypoplasia218.jpg,Pachygyria with Cerebellar Hypoplasia
C:\Users\HishamMo\Desktop\999_cs\Quantum_Inpired_PSO_Classifcation\MRI_dataset\Pachygyria with Cerebellar Hypoplasia\Pachygyria_with_Cerebellar_Hypoplasia219.jpg,Pachygyria with Cerebellar Hypoplasia
C:\Users\HishamMo\Desktop\999_cs\Quantum_Inpired_PSO_Classifcation\MRI_dataset\Pachygyria with Cerebellar Hypoplasia\Pachygyria_with_Cerebellar_Hypoplasia220.jpg,Pachygyria with Cerebellar Hypoplasia
C:\Users\HishamMo\Desktop\999_cs\Quantum_Inpired_PSO_Classifcation\MRI_dataset\Pachygyria with Cerebellar Hypoplasia\Pachygyria_with_Cerebellar_Hypoplasia221.jpg,Pachygyria with Cerebellar Hypoplasia
C:\Users\HishamMo\Desktop\999_cs\Quantum_Inpired_PSO_Classifcation\MRI_dataset\Pachygyria with Cerebellar Hypoplasia\Pachygyria_with_Cerebellar_Hypoplasia222.jpg,Pachygyria with Cerebellar Hypoplasia
C:\Users\HishamMo\Desktop\999_cs\Quantum_Inpired_PSO_Classifcation\MRI_dataset\Pachygyria with Cerebellar Hypoplasia\Pachygyria_with_Cerebellar_Hypoplasia223.jpg,Pachygyria with Cerebellar Hypoplasia
C:\Users\HishamMo\Desktop\999_cs\Quantum_Inpired_PSO_Classifcation\MRI_dataset\Pachygyria with Cerebellar Hypoplasia\Pachygyria_with_Cerebellar_Hypoplasia224.jpg,Pachygyria with Cerebellar Hypoplasia
C:\Users\HishamMo\Desktop\999_cs\Quantum_Inpired_PSO_Classifcation\MRI_dataset\Pachygyria with Cerebellar Hypoplasia\Pachygyria_with_Cerebellar_Hypoplasia225.jpg,Pachygyria with Cerebellar Hypoplasia
C:\Users\HishamMo\Desktop\999_cs\Quantum_Inpired_PSO_Classifcation\MRI_dataset\Pachygyria with Cerebellar Hypoplasia\Pachygyria_with_Cerebellar_Hypoplasia226.jpg,Pachygyria with Cerebellar Hypoplasia
C:\Users\HishamMo\Desktop\999_cs\Quantum_Inpired_PSO_Classifcation\MRI_dataset\Pachygyria with Cerebellar Hypoplasia\Pachygyria_with_Cerebellar_Hypoplasia227.jpg,Pachygyria with Cerebellar Hypoplasia
C:\Users\HishamMo\Desktop\999_cs\Quantum_Inpired_PSO_Classifcation\MRI_dataset\Pachygyria with Cerebellar Hypoplasia\Pachygyria_with_Cerebellar_Hypoplasia228.jpg,Pachygyria with Cerebellar Hypoplasia
C:\Users\HishamMo\Desktop\999_cs\Quantum_Inpired_PSO_Classifcation\MRI_dataset\Pachygyria with Cerebellar Hypoplasia\Pachygyria_with_Cerebellar_Hypoplasia229.jpg,Pachygyria with Cerebellar Hypoplasia
C:\Users\HishamMo\Desktop\999_cs\Quantum_Inpired_PSO_Classifcation\MRI_dataset\Pachygyria with Cerebellar Hypoplasia\Pachygyria_with_Cerebellar_Hypoplasia230.jpg,Pachygyria with Cerebellar Hypoplasia
C:\Users\HishamMo\Desktop\999_cs\Quantum_Inpired_PSO_Classifcation\MRI_dataset\Pachygyria with Cerebellar Hypoplasia\Pachygyria_with_Cerebellar_Hypoplasia231.jpg,Pachygyria with Cerebellar Hypoplasia
C:\Users\HishamMo\Desktop\999_cs\Quantum_Inpired_PSO_Classifcation\MRI_dataset\Pachygyria with Cerebellar Hypoplasia\Pachygyria_with_Cerebellar_Hypoplasia232.jpg,Pachygyria with Cerebellar Hypoplasia
C:\Users\HishamMo\Desktop\999_cs\Quantum_Inpired_PSO_Classifcation\MRI_dataset\Pachygyria with Cerebellar Hypoplasia\Pachygyria_with_Cerebellar_Hypoplasia233.jpg,Pachygyria with Cerebellar Hypoplasia
C:\Users\HishamMo\Desktop\999_cs\Quantum_Inpired_PSO_Classifcation\MRI_dataset\Pachygyria with Cerebellar Hypoplasia\Pachygyria_with_Cerebellar_Hypoplasia234.jpg,Pachygyria with Cerebellar Hypoplasia
C:\Users\HishamMo\Desktop\999_cs\Quantum_Inpired_PSO_Classifcation\MRI_dataset\Pachygyria with Cerebellar Hypoplasia\Pachygyria_with_Cerebellar_Hypoplasia235.jpg,Pachygyria with Cerebellar Hypoplasia
C:\Users\HishamMo\Desktop\999_cs\Quantum_Inpired_PSO_Classifcation\MRI_dataset\Pachygyria with Cerebellar Hypoplasia\Pachygyria_with_Cerebellar_Hypoplasia236.jpg,Pachygyria with Cerebellar Hypoplasia
C:\Users\HishamMo\Desktop\999_cs\Quantum_Inpired_PSO_Classifcation\MRI_dataset\Pachygyria with Cerebellar Hypoplasia\Pachygyria_with_Cerebellar_Hypoplasia237.jpg,Pachygyria with Cerebellar Hypoplasia
C:\Users\HishamMo\Desktop\999_cs\Quantum_Inpired_PSO_Classifcation\MRI_dataset\Pachygyria with Cerebellar Hypoplasia\Pachygyria_with_Cerebellar_Hypoplasia238.jpg,Pachygyria with Cerebellar Hypoplasia
C:\Users\HishamMo\Desktop\999_cs\Quantum_Inpired_PSO_Classifcation\MRI_dataset\Pachygyria with Cerebellar Hypoplasia\Pachygyria_with_Cerebellar_Hypoplasia239.jpg,Pachygyria with Cerebellar Hypoplasia
C:\Users\HishamMo\Desktop\999_cs\Quantum_Inpired_PSO_Classifcation\MRI_dataset\Pachygyria with Cerebellar Hypoplasia\Pachygyria_with_Cerebellar_Hypoplasia240.jpg,Pachygyria with Cerebellar Hypoplasia
C:\Users\HishamMo\Desktop\999_cs\Quantum_Inpired_PSO_Classifcation\MRI_dataset\Pachygyria with Cerebellar Hypoplasia\Pachygyria_with_Cerebellar_Hypoplasia241.jpg,Pachygyria with Cerebellar Hypoplasia
C:\Users\HishamMo\Desktop\999_cs\Quantum_Inpired_PSO_Classifcation\MRI_dataset\Pachygyria with Cerebellar Hypoplasia\Pachygyria_with_Cerebellar_Hypoplasia242.jpg,Pachygyria with Cerebellar Hypoplasia
C:\Users\HishamMo\Desktop\999_cs\Quantum_Inpired_PSO_Classifcation\MRI_dataset\Pachygyria with Cerebellar Hypoplasia\Pachygyria_with_Cerebellar_Hypoplasia243.jpg,Pachygyria with Cerebellar Hypoplasia
C:\Users\HishamMo\Desktop\999_cs\Quantum_Inpired_PSO_Classifcation\MRI_dataset\Pachygyria with Cerebellar Hypoplasia\Pachygyria_with_Cerebellar_Hypoplasia244.jpg,Pachygyria with Cerebellar Hypoplasia
C:\Users\HishamMo\Desktop\999_cs\Quantum_Inpired_PSO_Classifcation\MRI_dataset\Pachygyria with Cerebellar Hypoplasia\Pachygyria_with_Cerebellar_Hypoplasia245.jpg,Pachygyria with Cerebellar Hypoplasia
C:\Users\HishamMo\Desktop\999_cs\Quantum_Inpired_PSO_Classifcation\MRI_dataset\Pachygyria with Cerebellar Hypoplasia\Pachygyria_with_Cerebellar_Hypoplasia246.jpg,Pachygyria with Cerebellar Hypoplasia
C:\Users\HishamMo\Desktop\999_cs\Quantum_Inpired_PSO_Classifcation\MRI_dataset\Pachygyria with Cerebellar Hypoplasia\Pachygyria_with_Cerebellar_Hypoplasia247.jpg,Pachygyria with Cerebellar Hypoplasia
C:\Users\HishamMo\Desktop\999_cs\Quantum_Inpired_PSO_Classifcation\MRI_dataset\Pachygyria with Cerebellar Hypoplasia\Pachygyria_with_Cerebellar_Hypoplasia248.jpg,Pachygyria with Cerebellar Hypoplasia
C:\Users\HishamMo\Desktop\999_cs\Quantum_Inpired_PSO_Classifcation\MRI_dataset\Pachygyria with Cerebellar Hypoplasia\Pachygyria_with_Cerebellar_Hypoplasia249.jpg,Pachygyria with Cerebellar Hypoplasia
C:\Users\HishamMo\Desktop\999_cs\Quantum_Inpired_PSO_Classifcation\MRI_dataset\Pachygyria with Cerebellar Hypoplasia\Pachygyria_with_Cerebellar_Hypoplasia250.jpg,Pachygyria with Cerebellar Hypoplasia
C:\Users\HishamMo\Desktop\999_cs\Quantum_Inpired_PSO_Classifcation\MRI_dataset\Pachygyria with Cerebellar Hypoplasia\Pachygyria_with_Cerebellar_Hypoplasia251.jpg,Pachygyria with Cerebellar Hypoplasia
C:\Users\HishamMo\Desktop\999_cs\Quantum_Inpired_PSO_Classifcation\MRI_dataset\Pachygyria with Cerebellar Hypoplasia\Pachygyria_with_Cerebellar_Hypoplasia252.jpg,Pachygyria with Cerebellar Hypoplasia
C:\Users\HishamMo\Desktop\999_cs\Quantum_Inpired_PSO_Classifcation\MRI_dataset\Pachygyria with Cerebellar Hypoplasia\Pachygyria_with_Cerebellar_Hypoplasia253.jpg,Pachygyria with Cerebellar Hypoplasia
C:\Users\HishamMo\Desktop\999_cs\Quantum_Inpired_PSO_Classifcation\MRI_dataset\Pachygyria with Cerebellar Hypoplasia\Pachygyria_with_Cerebellar_Hypoplasia254.jpg,Pachygyria with Cerebellar Hypoplasia
C:\Users\HishamMo\Desktop\999_cs\Quantum_Inpired_PSO_Classifcation\MRI_dataset\Pachygyria with Cerebellar Hypoplasia\Pachygyria_with_Cerebellar_Hypoplasia255.jpg,Pachygyria with Cerebellar Hypoplasia
C:\Users\HishamMo\Desktop\999_cs\Quantum_Inpired_PSO_Classifcation\MRI_dataset\Pachygyria with Cerebellar Hypoplasia\Pachygyria_with_Cerebellar_Hypoplasia256.jpg,Pachygyria with Cerebellar Hypoplasia
C:\Users\HishamMo\Desktop\999_cs\Quantum_Inpired_PSO_Classifcation\MRI_dataset\Pachygyria with Cerebellar Hypoplasia\Pachygyria_with_Cerebellar_Hypoplasia257.jpg,Pachygyria with Cerebellar Hypoplasia
C:\Users\HishamMo\Desktop\999_cs\Quantum_Inpired_PSO_Classifcation\MRI_dataset\Pachygyria with Cerebellar Hypoplasia\Pachygyria_with_Cerebellar_Hypoplasia258.jpg,Pachygyria with Cerebellar Hypoplasia
C:\Users\HishamMo\Desktop\999_cs\Quantum_Inpired_PSO_Classifcation\MRI_dataset\Pachygyria with Cerebellar Hypoplasia\Pachygyria_with_Cerebellar_Hypoplasia259.jpg,Pachygyria with Cerebellar Hypoplasia
C:\Users\HishamMo\Desktop\999_cs\Quantum_Inpired_PSO_Classifcation\MRI_dataset\Pachygyria with Cerebellar Hypoplasia\Pachygyria_with_Cerebellar_Hypoplasia260.jpg,Pachygyria with Cerebellar Hypoplasia
C:\Users\HishamMo\Desktop\999_cs\Quantum_Inpired_PSO_Classifcation\MRI_dataset\Pachygyria with Cerebellar Hypoplasia\Pachygyria_with_Cerebellar_Hypoplasia261.jpg,Pachygyria with Cerebellar Hypoplasia
C:\Users\HishamMo\Desktop\999_cs\Quantum_Inpired_PSO_Classifcation\MRI_dataset\Pachygyria with Cerebellar Hypoplasia\Pachygyria_with_Cerebellar_Hypoplasia262.jpg,Pachygyria with Cerebellar Hypoplasia
C:\Users\HishamMo\Desktop\999_cs\Quantum_Inpired_PSO_Classifcation\MRI_dataset\Pachygyria with Cerebellar Hypoplasia\Pachygyria_with_Cerebellar_Hypoplasia263.jpg,Pachygyria with Cerebellar Hypoplasia
C:\Users\HishamMo\Desktop\999_cs\Quantum_Inpired_PSO_Classifcation\MRI_dataset\Pachygyria with Cerebellar Hypoplasia\Pachygyria_with_Cerebellar_Hypoplasia264.jpg,Pachygyria with Cerebellar Hypoplasia
C:\Users\HishamMo\Desktop\999_cs\Quantum_Inpired_PSO_Classifcation\MRI_dataset\Pachygyria with Cerebellar Hypoplasia\Pachygyria_with_Cerebellar_Hypoplasia265.jpg,Pachygyria with Cerebellar Hypoplasia
C:\Users\HishamMo\Desktop\999_cs\Quantum_Inpired_PSO_Classifcation\MRI_dataset\Pachygyria with Cerebellar Hypoplasia\Pachygyria_with_Cerebellar_Hypoplasia266.jpg,Pachygyria with Cerebellar Hypoplasia
C:\Users\HishamMo\Desktop\999_cs\Quantum_Inpired_PSO_Classifcation\MRI_dataset\Pachygyria with Cerebellar Hypoplasia\Pachygyria_with_Cerebellar_Hypoplasia267.jpg,Pachygyria with Cerebellar Hypoplasia
C:\Users\HishamMo\Desktop\999_cs\Quantum_Inpired_PSO_Classifcation\MRI_dataset\Pachygyria with Cerebellar Hypoplasia\Pachygyria_with_Cerebellar_Hypoplasia268.jpg,Pachygyria with Cerebellar Hypoplasia
C:\Users\HishamMo\Desktop\999_cs\Quantum_Inpired_PSO_Classifcation\MRI_dataset\Pachygyria with Cerebellar Hypoplasia\Pachygyria_with_Cerebellar_Hypoplasia269.jpg,Pachygyria with Cerebellar Hypoplasia
C:\Users\HishamMo\Desktop\999_cs\Quantum_Inpired_PSO_Classifcation\MRI_dataset\Pachygyria with Cerebellar Hypoplasia\Pachygyria_with_Cerebellar_Hypoplasia270.jpg,Pachygyria with Cerebellar Hypoplasia
C:\Users\HishamMo\Desktop\999_cs\Quantum_Inpired_PSO_Classifcation\MRI_dataset\Pachygyria with Cerebellar Hypoplasia\Pachygyria_with_Cerebellar_Hypoplasia271.jpg,Pachygyria with Cerebellar Hypoplasia
C:\Users\HishamMo\Desktop\999_cs\Quantum_Inpired_PSO_Classifcation\MRI_dataset\Pachygyria with Cerebellar Hypoplasia\Pachygyria_with_Cerebellar_Hypoplasia272.jpg,Pachygyria with Cerebellar Hypoplasia
C:\Users\HishamMo\Desktop\999_cs\Quantum_Inpired_PSO_Classifcation\MRI_dataset\Pachygyria with Cerebellar Hypoplasia\Pachygyria_with_Cerebellar_Hypoplasia273.jpg,Pachygyria with Cerebellar Hypoplasia
C:\Users\HishamMo\Desktop\999_cs\Quantum_Inpired_PSO_Classifcation\MRI_dataset\Pachygyria with Cerebellar Hypoplasia\Pachygyria_with_Cerebellar_Hypoplasia274.jpg,Pachygyria with Cerebellar Hypoplasia
C:\Users\HishamMo\Desktop\999_cs\Quantum_Inpired_PSO_Classifcation\MRI_dataset\Pachygyria with Cerebellar Hypoplasia\Pachygyria_with_Cerebellar_Hypoplasia275.jpg,Pachygyria with Cerebellar Hypoplasia
C:\Users\HishamMo\Desktop\999_cs\Quantum_Inpired_PSO_Classifcation\MRI_dataset\Pachygyria with Cerebellar Hypoplasia\Pachygyria_with_Cerebellar_Hypoplasia276.jpg,Pachygyria with Cerebellar Hypoplasia
C:\Users\HishamMo\Desktop\999_cs\Quantum_Inpired_PSO_Classifcation\MRI_dataset\Pachygyria with Cerebellar Hypoplasia\Pachygyria_with_Cerebellar_Hypoplasia277.jpg,Pachygyria with Cerebellar Hypoplasia
C:\Users\HishamMo\Desktop\999_cs\Quantum_Inpired_PSO_Classifcation\MRI_dataset\Pachygyria with Cerebellar Hypoplasia\Pachygyria_with_Cerebellar_Hypoplasia278.jpg,Pachygyria with Cerebellar Hypoplasia
C:\Users\HishamMo\Desktop\999_cs\Quantum_Inpired_PSO_Classifcation\MRI_dataset\Pachygyria with Cerebellar Hypoplasia\Pachygyria_with_Cerebellar_Hypoplasia279.jpg,Pachygyria with Cerebellar Hypoplasia
C:\Users\HishamMo\Desktop\999_cs\Quantum_Inpired_PSO_Classifcation\MRI_dataset\Pachygyria with Cerebellar Hypoplasia\Pachygyria_with_Cerebellar_Hypoplasia280.jpg,Pachygyria with Cerebellar Hypoplasia
C:\Users\HishamMo\Desktop\999_cs\Quantum_Inpired_PSO_Classifcation\MRI_dataset\Pachygyria with Cerebellar Hypoplasia\Pachygyria_with_Cerebellar_Hypoplasia281.jpg,Pachygyria with Cerebellar Hypoplasia
C:\Users\HishamMo\Desktop\999_cs\Quantum_Inpired_PSO_Classifcation\MRI_dataset\Pachygyria with Cerebellar Hypoplasia\Pachygyria_with_Cerebellar_Hypoplasia282.jpg,Pachygyria with Cerebellar Hypoplasia
C:\Users\HishamMo\Desktop\999_cs\Quantum_Inpired_PSO_Classifcation\MRI_dataset\Pachygyria with Cerebellar Hypoplasia\Pachygyria_with_Cerebellar_Hypoplasia283.jpg,Pachygyria with Cerebellar Hypoplasia
C:\Users\HishamMo\Desktop\999_cs\Quantum_Inpired_PSO_Classifcation\MRI_dataset\Pachygyria with Cerebellar Hypoplasia\Pachygyria_with_Cerebellar_Hypoplasia284.jpg,Pachygyria with Cerebellar Hypoplasia
C:\Users\HishamMo\Desktop\999_cs\Quantum_Inpired_PSO_Classifcation\MRI_dataset\Pachygyria with Cerebellar Hypoplasia\Pachygyria_with_Cerebellar_Hypoplasia285.jpg,Pachygyria with Cerebellar Hypoplasia
C:\Users\HishamMo\Desktop\999_cs\Quantum_Inpired_PSO_Classifcation\MRI_dataset\Pachygyria with Cerebellar Hypoplasia\Pachygyria_with_Cerebellar_Hypoplasia286.jpg,Pachygyria with Cerebellar Hypoplasia
C:\Users\HishamMo\Desktop\999_cs\Quantum_Inpired_PSO_Classifcation\MRI_dataset\Pachygyria with Cerebellar Hypoplasia\Pachygyria_with_Cerebellar_Hypoplasia287.jpg,Pachygyria with Cerebellar Hypoplasia
C:\Users\HishamMo\Desktop\999_cs\Quantum_Inpired_PSO_Classifcation\MRI_dataset\Pachygyria with Cerebellar Hypoplasia\Pachygyria_with_Cerebellar_Hypoplasia288.jpg,Pachygyria with Cerebellar Hypoplasia
C:\Users\HishamMo\Desktop\999_cs\Quantum_Inpired_PSO_Classifcation\MRI_dataset\Pachygyria with Cerebellar Hypoplasia\Pachygyria_with_Cerebellar_Hypoplasia289.jpg,Pachygyria with Cerebellar Hypoplasia
C:\Users\HishamMo\Desktop\999_cs\Quantum_Inpired_PSO_Classifcation\MRI_dataset\Pachygyria with Cerebellar Hypoplasia\Pachygyria_with_Cerebellar_Hypoplasia290.jpg,Pachygyria with Cerebellar Hypoplasia
C:\Users\HishamMo\Desktop\999_cs\Quantum_Inpired_PSO_Classifcation\MRI_dataset\Pachygyria with Cerebellar Hypoplasia\Pachygyria_with_Cerebellar_Hypoplasia291.jpg,Pachygyria with Cerebellar Hypoplasia
C:\Users\HishamMo\Desktop\999_cs\Quantum_Inpired_PSO_Classifcation\MRI_dataset\Pachygyria with Cerebellar Hypoplasia\Pachygyria_with_Cerebellar_Hypoplasia292.jpg,Pachygyria with Cerebellar Hypoplasia
C:\Users\HishamMo\Desktop\999_cs\Quantum_Inpired_PSO_Classifcation\MRI_dataset\Pachygyria with Cerebellar Hypoplasia\Pachygyria_with_Cerebellar_Hypoplasia293.jpg,Pachygyria with Cerebellar Hypoplasia
C:\Users\HishamMo\Desktop\999_cs\Quantum_Inpired_PSO_Classifcation\MRI_dataset\Pachygyria with Cerebellar Hypoplasia\Pachygyria_with_Cerebellar_Hypoplasia294.jpg,Pachygyria with Cerebellar Hypoplasia
C:\Users\HishamMo\Desktop\999_cs\Quantum_Inpired_PSO_Classifcation\MRI_dataset\Pachygyria with Cerebellar Hypoplasia\Pachygyria_with_Cerebellar_Hypoplasia295.jpg,Pachygyria with Cerebellar Hypoplasia
C:\Users\HishamMo\Desktop\999_cs\Quantum_Inpired_PSO_Classifcation\MRI_dataset\Pachygyria with Cerebellar Hypoplasia\Pachygyria_with_Cerebellar_Hypoplasia296.jpg,Pachygyria with Cerebellar Hypoplasia
C:\Users\HishamMo\Desktop\999_cs\Quantum_Inpired_PSO_Classifcation\MRI_dataset\Pachygyria with Cerebellar Hypoplasia\Pachygyria_with_Cerebellar_Hypoplasia297.jpg,Pachygyria with Cerebellar Hypoplasia
C:\Users\HishamMo\Desktop\999_cs\Quantum_Inpired_PSO_Classifcation\MRI_dataset\Pachygyria with Cerebellar Hypoplasia\Pachygyria_with_Cerebellar_Hypoplasia298.jpg,Pachygyria with Cerebellar Hypoplasia
C:\Users\HishamMo\Desktop\999_cs\Quantum_Inpired_PSO_Classifcation\MRI_dataset\Pachygyria with Cerebellar Hypoplasia\Pachygyria_with_Cerebellar_Hypoplasia299.jpg,Pachygyria with Cerebellar Hypoplasia
C:\Users\HishamMo\Desktop\999_cs\Quantum_Inpired_PSO_Classifcation\MRI_dataset\Pachygyria with Cerebellar Hypoplasia\Pachygyria_with_Cerebellar_Hypoplasia300.jpg,Pachygyria with Cerebellar Hypoplasia
C:\Users\HishamMo\Desktop\999_cs\Quantum_Inpired_PSO_Classifcation\MRI_dataset\Pachygyria with Cerebellar Hypoplasia\Pachygyria_with_Cerebellar_Hypoplasia301.jpg,Pachygyria with Cerebellar Hypoplasia
C:\Users\HishamMo\Desktop\999_cs\Quantum_Inpired_PSO_Classifcation\MRI_dataset\Pachygyria with Cerebellar Hypoplasia\Pachygyria_with_Cerebellar_Hypoplasia302.jpg,Pachygyria with Cerebellar Hypoplasia
C:\Users\HishamMo\Desktop\999_cs\Quantum_Inpired_PSO_Classifcation\MRI_dataset\Pachygyria with Cerebellar Hypoplasia\Pachygyria_with_Cerebellar_Hypoplasia303.jpg,Pachygyria with Cerebellar Hypoplasia
C:\Users\HishamMo\Desktop\999_cs\Quantum_Inpired_PSO_Classifcation\MRI_dataset\Pachygyria with Cerebellar Hypoplasia\Pachygyria_with_Cerebellar_Hypoplasia304.jpg,Pachygyria with Cerebellar Hypoplasia
C:\Users\HishamMo\Desktop\999_cs\Quantum_Inpired_PSO_Classifcation\MRI_dataset\Pachygyria with Cerebellar Hypoplasia\Pachygyria_with_Cerebellar_Hypoplasia305.jpg,Pachygyria with Cerebellar Hypoplasia
C:\Users\HishamMo\Desktop\999_cs\Quantum_Inpired_PSO_Classifcation\MRI_dataset\Pachygyria with Cerebellar Hypoplasia\Pachygyria_with_Cerebellar_Hypoplasia306.jpg,Pachygyria with Cerebellar Hypoplasia
C:\Users\HishamMo\Desktop\999_cs\Quantum_Inpired_PSO_Classifcation\MRI_dataset\Pachygyria with Cerebellar Hypoplasia\Pachygyria_with_Cerebellar_Hypoplasia307.jpg,Pachygyria with Cerebellar Hypoplasia
C:\Users\HishamMo\Desktop\999_cs\Quantum_Inpired_PSO_Classifcation\MRI_dataset\Pachygyria with Cerebellar Hypoplasia\Pachygyria_with_Cerebellar_Hypoplasia308.jpg,Pachygyria with Cerebellar Hypoplasia
C:\Users\HishamMo\Desktop\999_cs\Quantum_Inpired_PSO_Classifcation\MRI_dataset\Pachygyria with Cerebellar Hypoplasia\Pachygyria_with_Cerebellar_Hypoplasia309.jpg,Pachygyria with Cerebellar Hypoplasia
C:\Users\HishamMo\Desktop\999_cs\Quantum_Inpired_PSO_Classifcation\MRI_dataset\Pachygyria with Cerebellar Hypoplasia\Pachygyria_with_Cerebellar_Hypoplasia310.jpg,Pachygyria with Cerebellar Hypoplasia
C:\Users\HishamMo\Desktop\999_cs\Quantum_Inpired_PSO_Classifcation\MRI_dataset\Pachygyria with Cerebellar Hypoplasia\Pachygyria_with_Cerebellar_Hypoplasia311.jpg,Pachygyria with Cerebellar Hypoplasia
C:\Users\HishamMo\Desktop\999_cs\Quantum_Inpired_PSO_Classifcation\MRI_dataset\Pachygyria with Cerebellar Hypoplasia\Pachygyria_with_Cerebellar_Hypoplasia312.jpg,Pachygyria with Cerebellar Hypoplasia
C:\Users\HishamMo\Desktop\999_cs\Quantum_Inpired_PSO_Classifcation\MRI_dataset\Pachygyria with Cerebellar Hypoplasia\Pachygyria_with_Cerebellar_Hypoplasia313.jpg,Pachygyria with Cerebellar Hypoplasia
C:\Users\HishamMo\Desktop\999_cs\Quantum_Inpired_PSO_Classifcation\MRI_dataset\Pachygyria with Cerebellar Hypoplasia\Pachygyria_with_Cerebellar_Hypoplasia314.jpg,Pachygyria with Cerebellar Hypoplasia
C:\Users\HishamMo\Desktop\999_cs\Quantum_Inpired_PSO_Classifcation\MRI_dataset\Pachygyria with Cerebellar Hypoplasia\Pachygyria_with_Cerebellar_Hypoplasia315.jpg,Pachygyria with Cerebellar Hypoplasia
C:\Users\HishamMo\Desktop\999_cs\Quantum_Inpired_PSO_Classifcation\MRI_dataset\Pachygyria with Cerebellar Hypoplasia\Pachygyria_with_Cerebellar_Hypoplasia316.jpg,Pachygyria with Cerebellar Hypoplasia
C:\Users\HishamMo\Desktop\999_cs\Quantum_Inpired_PSO_Classifcation\MRI_dataset\Pachygyria with Cerebellar Hypoplasia\Pachygyria_with_Cerebellar_Hypoplasia317.jpg,Pachygyria with Cerebellar Hypoplasia
C:\Users\HishamMo\Desktop\999_cs\Quantum_Inpired_PSO_Classifcation\MRI_dataset\Pachygyria with Cerebellar Hypoplasia\Pachygyria_with_Cerebellar_Hypoplasia318.jpg,Pachygyria with Cerebellar Hypoplasia
C:\Users\HishamMo\Desktop\999_cs\Quantum_Inpired_PSO_Classifcation\MRI_dataset\Pachygyria with Cerebellar Hypoplasia\Pachygyria_with_Cerebellar_Hypoplasia319.jpg,Pachygyria with Cerebellar Hypoplasia
C:\Users\HishamMo\Desktop\999_cs\Quantum_Inpired_PSO_Classifcation\MRI_dataset\Pachygyria with Cerebellar Hypoplasia\Pachygyria_with_Cerebellar_Hypoplasia320.jpg,Pachygyria with Cerebellar Hypoplasia
C:\Users\HishamMo\Desktop\999_cs\Quantum_Inpired_PSO_Classifcation\MRI_dataset\Pachygyria with Cerebellar Hypoplasia\Pachygyria_with_Cerebellar_Hypoplasia321.jpg,Pachygyria with Cerebellar Hypoplasia
C:\Users\HishamMo\Desktop\999_cs\Quantum_Inpired_PSO_Classifcation\MRI_dataset\Pachygyria with Cerebellar Hypoplasia\Pachygyria_with_Cerebellar_Hypoplasia322.jpg,Pachygyria with Cerebellar Hypoplasia
C:\Users\HishamMo\Desktop\999_cs\Quantum_Inpired_PSO_Classifcation\MRI_dataset\Pachygyria with Cerebellar Hypoplasia\Pachygyria_with_Cerebellar_Hypoplasia323.jpg,Pachygyria with Cerebellar Hypoplasia
C:\Users\HishamMo\Desktop\999_cs\Quantum_Inpired_PSO_Classifcation\MRI_dataset\Pachygyria with Cerebellar Hypoplasia\Pachygyria_with_Cerebellar_Hypoplasia324.jpg,Pachygyria with Cerebellar Hypoplasia
C:\Users\HishamMo\Desktop\999_cs\Quantum_Inpired_PSO_Classifcation\MRI_dataset\Pachygyria with Cerebellar Hypoplasia\Pachygyria_with_Cerebellar_Hypoplasia325.jpg,Pachygyria with Cerebellar Hypoplasia
C:\Users\HishamMo\Desktop\999_cs\Quantum_Inpired_PSO_Classifcation\MRI_dataset\Pachygyria with Cerebellar Hypoplasia\Pachygyria_with_Cerebellar_Hypoplasia326.jpg,Pachygyria with Cerebellar Hypoplasia
C:\Users\HishamMo\Desktop\999_cs\Quantum_Inpired_PSO_Classifcation\MRI_dataset\Pachygyria with Cerebellar Hypoplasia\Pachygyria_with_Cerebellar_Hypoplasia327.jpg,Pachygyria with Cerebellar Hypoplasia
C:\Users\HishamMo\Desktop\999_cs\Quantum_Inpired_PSO_Classifcation\MRI_dataset\Pachygyria with Cerebellar Hypoplasia\Pachygyria_with_Cerebellar_Hypoplasia328.jpg,Pachygyria with Cerebellar Hypoplasia
C:\Users\HishamMo\Desktop\999_cs\Quantum_Inpired_PSO_Classifcation\MRI_dataset\Pachygyria with Cerebellar Hypoplasia\Pachygyria_with_Cerebellar_Hypoplasia329.jpg,Pachygyria with Cerebellar Hypoplasia
C:\Users\HishamMo\Desktop\999_cs\Quantum_Inpired_PSO_Classifcation\MRI_dataset\Pachygyria with Cerebellar Hypoplasia\Pachygyria_with_Cerebellar_Hypoplasia330.jpg,Pachygyria with Cerebellar Hypoplasia
C:\Users\HishamMo\Desktop\999_cs\Quantum_Inpired_PSO_Classifcation\MRI_dataset\Pachygyria with Cerebellar Hypoplasia\Pachygyria_with_Cerebellar_Hypoplasia331.jpg,Pachygyria with Cerebellar Hypoplasia
C:\Users\HishamMo\Desktop\999_cs\Quantum_Inpired_PSO_Classifcation\MRI_dataset\Pachygyria with Cerebellar Hypoplasia\Pachygyria_with_Cerebellar_Hypoplasia332.jpg,Pachygyria with Cerebellar Hypoplasia
C:\Users\HishamMo\Desktop\999_cs\Quantum_Inpired_PSO_Classifcation\MRI_dataset\Pachygyria with Cerebellar Hypoplasia\Pachygyria_with_Cerebellar_Hypoplasia333.jpg,Pachygyria with Cerebellar Hypoplasia
C:\Users\HishamMo\Desktop\999_cs\Quantum_Inpired_PSO_Classifcation\MRI_dataset\Pachygyria with Cerebellar Hypoplasia\Pachygyria_with_Cerebellar_Hypoplasia334.jpg,Pachygyria with Cerebellar Hypoplasia
C:\Users\HishamMo\Desktop\999_cs\Quantum_Inpired_PSO_Classifcation\MRI_dataset\Pachygyria with Cerebellar Hypoplasia\Pachygyria_with_Cerebellar_Hypoplasia335.jpg,Pachygyria with Cerebellar Hypoplasia
C:\Users\HishamMo\Desktop\999_cs\Quantum_Inpired_PSO_Classifcation\MRI_dataset\Pachygyria with Cerebellar Hypoplasia\Pachygyria_with_Cerebellar_Hypoplasia336.jpg,Pachygyria with Cerebellar Hypoplasia
C:\Users\HishamMo\Desktop\999_cs\Quantum_Inpired_PSO_Classifcation\MRI_dataset\Pachygyria with Cerebellar Hypoplasia\Pachygyria_with_Cerebellar_Hypoplasia337.jpg,Pachygyria with Cerebellar Hypoplasia
C:\Users\HishamMo\Desktop\999_cs\Quantum_Inpired_PSO_Classifcation\MRI_dataset\Pachygyria with Cerebellar Hypoplasia\Pachygyria_with_Cerebellar_Hypoplasia338.jpg,Pachygyria with Cerebellar Hypoplasia
C:\Users\HishamMo\Desktop\999_cs\Quantum_Inpired_PSO_Classifcation\MRI_dataset\Pachygyria with Cerebellar Hypoplasia\Pachygyria_with_Cerebellar_Hypoplasia339.jpg,Pachygyria with Cerebellar Hypoplasia
C:\Users\HishamMo\Desktop\999_cs\Quantum_Inpired_PSO_Classifcation\MRI_dataset\Pachygyria with Cerebellar Hypoplasia\Pachygyria_with_Cerebellar_Hypoplasia340.jpg,Pachygyria with Cerebellar Hypoplasia
C:\Users\HishamMo\Desktop\999_cs\Quantum_Inpired_PSO_Classifcation\MRI_dataset\Pachygyria with Cerebellar Hypoplasia\Pachygyria_with_Cerebellar_Hypoplasia341.jpg,Pachygyria with Cerebellar Hypoplasia
C:\Users\HishamMo\Desktop\999_cs\Quantum_Inpired_PSO_Classifcation\MRI_dataset\Pachygyria with Cerebellar Hypoplasia\Pachygyria_with_Cerebellar_Hypoplasia342.jpg,Pachygyria with Cerebellar Hypoplasia
C:\Users\HishamMo\Desktop\999_cs\Quantum_Inpired_PSO_Classifcation\MRI_dataset\Pachygyria with Cerebellar Hypoplasia\Pachygyria_with_Cerebellar_Hypoplasia343.jpg,Pachygyria with Cerebellar Hypoplasia
C:\Users\HishamMo\Desktop\999_cs\Quantum_Inpired_PSO_Classifcation\MRI_dataset\Pachygyria with Cerebellar Hypoplasia\Pachygyria_with_Cerebellar_Hypoplasia344.jpg,Pachygyria with Cerebellar Hypoplasia
C:\Users\HishamMo\Desktop\999_cs\Quantum_Inpired_PSO_Classifcation\MRI_dataset\Pachygyria with Cerebellar Hypoplasia\Pachygyria_with_Cerebellar_Hypoplasia345.jpg,Pachygyria with Cerebellar Hypoplasia
C:\Users\HishamMo\Desktop\999_cs\Quantum_Inpired_PSO_Classifcation\MRI_dataset\Pachygyria with Cerebellar Hypoplasia\Pachygyria_with_Cerebellar_Hypoplasia346.jpg,Pachygyria with Cerebellar Hypoplasia
C:\Users\HishamMo\Desktop\999_cs\Quantum_Inpired_PSO_Classifcation\MRI_dataset\Pachygyria with Cerebellar Hypoplasia\Pachygyria_with_Cerebellar_Hypoplasia347.jpg,Pachygyria with Cerebellar Hypoplasia
C:\Users\HishamMo\Desktop\999_cs\Quantum_Inpired_PSO_Classifcation\MRI_dataset\Pachygyria with Cerebellar Hypoplasia\Pachygyria_with_Cerebellar_Hypoplasia348.jpg,Pachygyria with Cerebellar Hypoplasia
C:\Users\HishamMo\Desktop\999_cs\Quantum_Inpired_PSO_Classifcation\MRI_dataset\Pachygyria with Cerebellar Hypoplasia\Pachygyria_with_Cerebellar_Hypoplasia349.jpg,Pachygyria with Cerebellar Hypoplasia
C:\Users\HishamMo\Desktop\999_cs\Quantum_Inpired_PSO_Classifcation\MRI_dataset\Pachygyria with Cerebellar Hypoplasia\Pachygyria_with_Cerebellar_Hypoplasia350.jpg,Pachygyria with Cerebellar Hypoplasia
C:\Users\HishamMo\Desktop\999_cs\Quantum_Inpired_PSO_Classifcation\MRI_dataset\Pachygyria with Cerebellar Hypoplasia\Pachygyria_with_Cerebellar_Hypoplasia351.jpg,Pachygyria with Cerebellar Hypoplasia
C:\Users\HishamMo\Desktop\999_cs\Quantum_Inpired_PSO_Classifcation\MRI_dataset\Pachygyria with Cerebellar Hypoplasia\Pachygyria_with_Cerebellar_Hypoplasia352.jpg,Pachygyria with Cerebellar Hypoplasia
C:\Users\HishamMo\Desktop\999_cs\Quantum_Inpired_PSO_Classifcation\MRI_dataset\Pachygyria with Cerebellar Hypoplasia\Pachygyria_with_Cerebellar_Hypoplasia353.jpg,Pachygyria with Cerebellar Hypoplasia
C:\Users\HishamMo\Desktop\999_cs\Quantum_Inpired_PSO_Classifcation\MRI_dataset\Pachygyria with Cerebellar Hypoplasia\Pachygyria_with_Cerebellar_Hypoplasia354.jpg,Pachygyria with Cerebellar Hypoplasia
C:\Users\HishamMo\Desktop\999_cs\Quantum_Inpired_PSO_Classifcation\MRI_dataset\Pachygyria with Cerebellar Hypoplasia\Pachygyria_with_Cerebellar_Hypoplasia355.jpg,Pachygyria with Cerebellar Hypoplasia
C:\Users\HishamMo\Desktop\999_cs\Quantum_Inpired_PSO_Classifcation\MRI_dataset\Pachygyria with Cerebellar Hypoplasia\Pachygyria_with_Cerebellar_Hypoplasia356.jpg,Pachygyria with Cerebellar Hypoplasia
C:\Users\HishamMo\Desktop\999_cs\Quantum_Inpired_PSO_Classifcation\MRI_dataset\Pachygyria with Cerebellar Hypoplasia\Pachygyria_with_Cerebellar_Hypoplasia357.jpg,Pachygyria with Cerebellar Hypoplasia
C:\Users\HishamMo\Desktop\999_cs\Quantum_Inpired_PSO_Classifcation\MRI_dataset\Pachygyria with Cerebellar Hypoplasia\Pachygyria_with_Cerebellar_Hypoplasia358.jpg,Pachygyria with Cerebellar Hypoplasia
C:\Users\HishamMo\Desktop\999_cs\Quantum_Inpired_PSO_Classifcation\MRI_dataset\Pachygyria with Cerebellar Hypoplasia\Pachygyria_with_Cerebellar_Hypoplasia359.jpg,Pachygyria with Cerebellar Hypoplasia
C:\Users\HishamMo\Desktop\999_cs\Quantum_Inpired_PSO_Classifcation\MRI_dataset\Pachygyria with Cerebellar Hypoplasia\Pachygyria_with_Cerebellar_Hypoplasia360.jpg,Pachygyria with Cerebellar Hypoplasia
C:\Users\HishamMo\Desktop\999_cs\Quantum_Inpired_PSO_Classifcation\MRI_dataset\Pachygyria with Cerebellar Hypoplasia\Pachygyria_with_Cerebellar_Hypoplasia361.jpg,Pachygyria with Cerebellar Hypoplasia
C:\Users\HishamMo\Desktop\999_cs\Quantum_Inpired_PSO_Classifcation\MRI_dataset\Pachygyria with Cerebellar Hypoplasia\Pachygyria_with_Cerebellar_Hypoplasia362.jpg,Pachygyria with Cerebellar Hypoplasia
C:\Users\HishamMo\Desktop\999_cs\Quantum_Inpired_PSO_Classifcation\MRI_dataset\Pachygyria with Cerebellar Hypoplasia\Pachygyria_with_Cerebellar_Hypoplasia363.jpg,Pachygyria with Cerebellar Hypoplasia
C:\Users\HishamMo\Desktop\999_cs\Quantum_Inpired_PSO_Classifcation\MRI_dataset\Pachygyria with Cerebellar Hypoplasia\Pachygyria_with_Cerebellar_Hypoplasia364.jpg,Pachygyria with Cerebellar Hypoplasia
C:\Users\HishamMo\Desktop\999_cs\Quantum_Inpired_PSO_Classifcation\MRI_dataset\Pachygyria with Cerebellar Hypoplasia\Pachygyria_with_Cerebellar_Hypoplasia365.jpg,Pachygyria with Cerebellar Hypoplasia
C:\Users\HishamMo\Desktop\999_cs\Quantum_Inpired_PSO_Classifcation\MRI_dataset\Pachygyria with Cerebellar Hypoplasia\Pachygyria_with_Cerebellar_Hypoplasia366.jpg,Pachygyria with Cerebellar Hypoplasia
C:\Users\HishamMo\Desktop\999_cs\Quantum_Inpired_PSO_Classifcation\MRI_dataset\Pachygyria with Cerebellar Hypoplasia\Pachygyria_with_Cerebellar_Hypoplasia367.jpg,Pachygyria with Cerebellar Hypoplasia
C:\Users\HishamMo\Desktop\999_cs\Quantum_Inpired_PSO_Classifcation\MRI_dataset\Pachygyria with Cerebellar Hypoplasia\Pachygyria_with_Cerebellar_Hypoplasia368.jpg,Pachygyria with Cerebellar Hypoplasia
C:\Users\HishamMo\Desktop\999_cs\Quantum_Inpired_PSO_Classifcation\MRI_dataset\Pachygyria with Cerebellar Hypoplasia\Pachygyria_with_Cerebellar_Hypoplasia369.jpg,Pachygyria with Cerebellar Hypoplasia
C:\Users\HishamMo\Desktop\999_cs\Quantum_Inpired_PSO_Classifcation\MRI_dataset\Pachygyria with Cerebellar Hypoplasia\Pachygyria_with_Cerebellar_Hypoplasia370.jpg,Pachygyria with Cerebellar Hypoplasia
C:\Users\HishamMo\Desktop\999_cs\Quantum_Inpired_PSO_Classifcation\MRI_dataset\Pachygyria with Cerebellar Hypoplasia\Pachygyria_with_Cerebellar_Hypoplasia371.jpg,Pachygyria with Cerebellar Hypoplasia
C:\Users\HishamMo\Desktop\999_cs\Quantum_Inpired_PSO_Classifcation\MRI_dataset\Pachygyria with Cerebellar Hypoplasia\Pachygyria_with_Cerebellar_Hypoplasia372.jpg,Pachygyria with Cerebellar Hypoplasia
C:\Users\HishamMo\Desktop\999_cs\Quantum_Inpired_PSO_Classifcation\MRI_dataset\Pachygyria with Cerebellar Hypoplasia\Pachygyria_with_Cerebellar_Hypoplasia373.jpg,Pachygyria with Cerebellar Hypoplasia
C:\Users\HishamMo\Desktop\999_cs\Quantum_Inpired_PSO_Classifcation\MRI_dataset\Pachygyria with Cerebellar Hypoplasia\Pachygyria_with_Cerebellar_Hypoplasia374.jpg,Pachygyria with Cerebellar Hypoplasia
C:\Users\HishamMo\Desktop\999_cs\Quantum_Inpired_PSO_Classifcation\MRI_dataset\Pachygyria with Cerebellar Hypoplasia\Pachygyria_with_Cerebellar_Hypoplasia375.jpg,Pachygyria with Cerebellar Hypoplasia
C:\Users\HishamMo\Desktop\999_cs\Quantum_Inpired_PSO_Classifcation\MRI_dataset\Pachygyria with Cerebellar Hypoplasia\Pachygyria_with_Cerebellar_Hypoplasia376.jpg,Pachygyria with Cerebellar Hypoplasia
C:\Users\HishamMo\Desktop\999_cs\Quantum_Inpired_PSO_Classifcation\MRI_dataset\Pachygyria with Cerebellar Hypoplasia\Pachygyria_with_Cerebellar_Hypoplasia377.jpg,Pachygyria with Cerebellar Hypoplasia
C:\Users\HishamMo\Desktop\999_cs\Quantum_Inpired_PSO_Classifcation\MRI_dataset\Pachygyria with Cerebellar Hypoplasia\Pachygyria_with_Cerebellar_Hypoplasia378.jpg,Pachygyria with Cerebellar Hypoplasia
C:\Users\HishamMo\Desktop\999_cs\Quantum_Inpired_PSO_Classifcation\MRI_dataset\Pachygyria with Cerebellar Hypoplasia\Pachygyria_with_Cerebellar_Hypoplasia379.jpg,Pachygyria with Cerebellar Hypoplasia
C:\Users\HishamMo\Desktop\999_cs\Quantum_Inpired_PSO_Classifcation\MRI_dataset\Pachygyria with Cerebellar Hypoplasia\Pachygyria_with_Cerebellar_Hypoplasia380.jpg,Pachygyria with Cerebellar Hypoplasia
C:\Users\HishamMo\Desktop\999_cs\Quantum_Inpired_PSO_Classifcation\MRI_dataset\Pachygyria with Cerebellar Hypoplasia\Pachygyria_with_Cerebellar_Hypoplasia381.jpg,Pachygyria with Cerebellar Hypoplasia
C:\Users\HishamMo\Desktop\999_cs\Quantum_Inpired_PSO_Classifcation\MRI_dataset\Pachygyria with Cerebellar Hypoplasia\Pachygyria_with_Cerebellar_Hypoplasia382.jpg,Pachygyria with Cerebellar Hypoplasia
C:\Users\HishamMo\Desktop\999_cs\Quantum_Inpired_PSO_Classifcation\MRI_dataset\Pachygyria with Cerebellar Hypoplasia\Pachygyria_with_Cerebellar_Hypoplasia383.jpg,Pachygyria with Cerebellar Hypoplasia
C:\Users\HishamMo\Desktop\999_cs\Quantum_Inpired_PSO_Classifcation\MRI_dataset\Pachygyria with Cerebellar Hypoplasia\Pachygyria_with_Cerebellar_Hypoplasia384.jpg,Pachygyria with Cerebellar Hypoplasia
C:\Users\HishamMo\Desktop\999_cs\Quantum_Inpired_PSO_Classifcation\MRI_dataset\Pachygyria with Cerebellar Hypoplasia\Pachygyria_with_Cerebellar_Hypoplasia385.jpg,Pachygyria with Cerebellar Hypoplasia
C:\Users\HishamMo\Desktop\999_cs\Quantum_Inpired_PSO_Classifcation\MRI_dataset\Pachygyria with Cerebellar Hypoplasia\Pachygyria_with_Cerebellar_Hypoplasia386.jpg,Pachygyria with Cerebellar Hypoplasia
C:\Users\HishamMo\Desktop\999_cs\Quantum_Inpired_PSO_Classifcation\MRI_dataset\Pachygyria with Cerebellar Hypoplasia\Pachygyria_with_Cerebellar_Hypoplasia387.jpg,Pachygyria with Cerebellar Hypoplasia
C:\Users\HishamMo\Desktop\999_cs\Quantum_Inpired_PSO_Classifcation\MRI_dataset\Pachygyria with Cerebellar Hypoplasia\Pachygyria_with_Cerebellar_Hypoplasia388.jpg,Pachygyria with Cerebellar Hypoplasia
C:\Users\HishamMo\Desktop\999_cs\Quantum_Inpired_PSO_Classifcation\MRI_dataset\Pachygyria with Cerebellar Hypoplasia\Pachygyria_with_Cerebellar_Hypoplasia389.jpg,Pachygyria with Cerebellar Hypoplasia
C:\Users\HishamMo\Desktop\999_cs\Quantum_Inpired_PSO_Classifcation\MRI_dataset\Pachygyria with Cerebellar Hypoplasia\Pachygyria_with_Cerebellar_Hypoplasia390.jpg,Pachygyria with Cerebellar Hypoplasia
C:\Users\HishamMo\Desktop\999_cs\Quantum_Inpired_PSO_Classifcation\MRI_dataset\Pachygyria with Cerebellar Hypoplasia\Pachygyria_with_Cerebellar_Hypoplasia391.jpg,Pachygyria with Cerebellar Hypoplasia
C:\Users\HishamMo\Desktop\999_cs\Quantum_Inpired_PSO_Classifcation\MRI_dataset\Pachygyria with Cerebellar Hypoplasia\Pachygyria_with_Cerebellar_Hypoplasia392.jpg,Pachygyria with Cerebellar Hypoplasia
C:\Users\HishamMo\Desktop\999_cs\Quantum_Inpired_PSO_Classifcation\MRI_dataset\Pachygyria with Cerebellar Hypoplasia\Pachygyria_with_Cerebellar_Hypoplasia393.jpg,Pachygyria with Cerebellar Hypoplasia
C:\Users\HishamMo\Desktop\999_cs\Quantum_Inpired_PSO_Classifcation\MRI_dataset\Pachygyria with Cerebellar Hypoplasia\Pachygyria_with_Cerebellar_Hypoplasia394.jpg,Pachygyria with Cerebellar Hypoplasia
C:\Users\HishamMo\Desktop\999_cs\Quantum_Inpired_PSO_Classifcation\MRI_dataset\Pachygyria with Cerebellar Hypoplasia\Pachygyria_with_Cerebellar_Hypoplasia395.jpg,Pachygyria with Cerebellar Hypoplasia
C:\Users\HishamMo\Desktop\999_cs\Quantum_Inpired_PSO_Classifcation\MRI_dataset\Pachygyria with Cerebellar Hypoplasia\Pachygyria_with_Cerebellar_Hypoplasia396.jpg,Pachygyria with Cerebellar Hypoplasia
C:\Users\HishamMo\Desktop\999_cs\Quantum_Inpired_PSO_Classifcation\MRI_dataset\Pachygyria with Cerebellar Hypoplasia\Pachygyria_with_Cerebellar_Hypoplasia397.jpg,Pachygyria with Cerebellar Hypoplasia
C:\Users\HishamMo\Desktop\999_cs\Quantum_Inpired_PSO_Classifcation\MRI_dataset\Pachygyria with Cerebellar Hypoplasia\Pachygyria_with_Cerebellar_Hypoplasia398.jpg,Pachygyria with Cerebellar Hypoplasia
C:\Users\HishamMo\Desktop\999_cs\Quantum_Inpired_PSO_Classifcation\MRI_dataset\Pachygyria with Cerebellar Hypoplasia\Pachygyria_with_Cerebellar_Hypoplasia399.jpg,Pachygyria with Cerebellar Hypoplasia
C:\Users\HishamMo\Desktop\999_cs\Quantum_Inpired_PSO_Classifcation\MRI_dataset\Pachygyria with Cerebellar Hypoplasia\Pachygyria_with_Cerebellar_Hypoplasia400.jpg,Pachygyria with Cerebellar Hypoplasia
C:\Users\HishamMo\Desktop\999_cs\Quantum_Inpired_PSO_Classifcation\MRI_dataset\Pachygyria with Cerebellar Hypoplasia\Pachygyria_with_Cerebellar_Hypoplasia401.jpg,Pachygyria with Cerebellar Hypoplasia
C:\Users\HishamMo\Desktop\999_cs\Quantum_Inpired_PSO_Classifcation\MRI_dataset\Pachygyria with Cerebellar Hypoplasia\Pachygyria_with_Cerebellar_Hypoplasia402.jpg,Pachygyria with Cerebellar Hypoplasia
C:\Users\HishamMo\Desktop\999_cs\Quantum_Inpired_PSO_Classifcation\MRI_dataset\Pachygyria with Cerebellar Hypoplasia\Pachygyria_with_Cerebellar_Hypoplasia403.jpg,Pachygyria with Cerebellar Hypoplasia
C:\Users\HishamMo\Desktop\999_cs\Quantum_Inpired_PSO_Classifcation\MRI_dataset\Pachygyria with Cerebellar Hypoplasia\Pachygyria_with_Cerebellar_Hypoplasia404.jpg,Pachygyria with Cerebellar Hypoplasia
C:\Users\HishamMo\Desktop\999_cs\Quantum_Inpired_PSO_Classifcation\MRI_dataset\Pachygyria with Cerebellar Hypoplasia\Pachygyria_with_Cerebellar_Hypoplasia405.jpg,Pachygyria with Cerebellar Hypoplasia
C:\Users\HishamMo\Desktop\999_cs\Quantum_Inpired_PSO_Classifcation\MRI_dataset\Pachygyria with Cerebellar Hypoplasia\Pachygyria_with_Cerebellar_Hypoplasia406.jpg,Pachygyria with Cerebellar Hypoplasia
C:\Users\HishamMo\Desktop\999_cs\Quantum_Inpired_PSO_Classifcation\MRI_dataset\Pachygyria with Cerebellar Hypoplasia\Pachygyria_with_Cerebellar_Hypoplasia407.jpg,Pachygyria with Cerebellar Hypoplasia
C:\Users\HishamMo\Desktop\999_cs\Quantum_Inpired_PSO_Classifcation\MRI_dataset\Pachygyria with Cerebellar Hypoplasia\Pachygyria_with_Cerebellar_Hypoplasia408.jpg,Pachygyria with Cerebellar Hypoplasia
C:\Users\HishamMo\Desktop\999_cs\Quantum_Inpired_PSO_Classifcation\MRI_dataset\Pachygyria with Cerebellar Hypoplasia\Pachygyria_with_Cerebellar_Hypoplasia409.jpg,Pachygyria with Cerebellar Hypoplasia
C:\Users\HishamMo\Desktop\999_cs\Quantum_Inpired_PSO_Classifcation\MRI_dataset\Pachygyria with Cerebellar Hypoplasia\Pachygyria_with_Cerebellar_Hypoplasia410.jpg,Pachygyria with Cerebellar Hypoplasia
C:\Users\HishamMo\Desktop\999_cs\Quantum_Inpired_PSO_Classifcation\MRI_dataset\Pachygyria with Cerebellar Hypoplasia\Pachygyria_with_Cerebellar_Hypoplasia411.jpg,Pachygyria with Cerebellar Hypoplasia
C:\Users\HishamMo\Desktop\999_cs\Quantum_Inpired_PSO_Classifcation\MRI_dataset\Pachygyria with Cerebellar Hypoplasia\Pachygyria_with_Cerebellar_Hypoplasia412.jpg,Pachygyria with Cerebellar Hypoplasia
C:\Users\HishamMo\Desktop\999_cs\Quantum_Inpired_PSO_Classifcation\MRI_dataset\Pachygyria with Cerebellar Hypoplasia\Pachygyria_with_Cerebellar_Hypoplasia413.jpg,Pachygyria with Cerebellar Hypoplasia
C:\Users\HishamMo\Desktop\999_cs\Quantum_Inpired_PSO_Classifcation\MRI_dataset\Pachygyria with Cerebellar Hypoplasia\Pachygyria_with_Cerebellar_Hypoplasia414.jpg,Pachygyria with Cerebellar Hypoplasia
C:\Users\HishamMo\Desktop\999_cs\Quantum_Inpired_PSO_Classifcation\MRI_dataset\Pachygyria with Cerebellar Hypoplasia\Pachygyria_with_Cerebellar_Hypoplasia415.jpg,Pachygyria with Cerebellar Hypoplasia
C:\Users\HishamMo\Desktop\999_cs\Quantum_Inpired_PSO_Classifcation\MRI_dataset\Pachygyria with Cerebellar Hypoplasia\Pachygyria_with_Cerebellar_Hypoplasia416.jpg,Pachygyria with Cerebellar Hypoplasia
C:\Users\HishamMo\Desktop\999_cs\Quantum_Inpired_PSO_Classifcation\MRI_dataset\Pachygyria with Cerebellar Hypoplasia\Pachygyria_with_Cerebellar_Hypoplasia417.jpg,Pachygyria with Cerebellar Hypoplasia
C:\Users\HishamMo\Desktop\999_cs\Quantum_Inpired_PSO_Classifcation\MRI_dataset\Pachygyria with Cerebellar Hypoplasia\Pachygyria_with_Cerebellar_Hypoplasia418.jpg,Pachygyria with Cerebellar Hypoplasia
C:\Users\HishamMo\Desktop\999_cs\Quantum_Inpired_PSO_Classifcation\MRI_dataset\Pachygyria with Cerebellar Hypoplasia\Pachygyria_with_Cerebellar_Hypoplasia419.jpg,Pachygyria with Cerebellar Hypoplasia
C:\Users\HishamMo\Desktop\999_cs\Quantum_Inpired_PSO_Classifcation\MRI_dataset\Pachygyria with Cerebellar Hypoplasia\Pachygyria_with_Cerebellar_Hypoplasia420.jpg,Pachygyria with Cerebellar Hypoplasia
C:\Users\HishamMo\Desktop\999_cs\Quantum_Inpired_PSO_Classifcation\MRI_dataset\Pachygyria with Cerebellar Hypoplasia\Pachygyria_with_Cerebellar_Hypoplasia421.jpg,Pachygyria with Cerebellar Hypoplasia
C:\Users\HishamMo\Desktop\999_cs\Quantum_Inpired_PSO_Classifcation\MRI_dataset\Pachygyria with Cerebellar Hypoplasia\Pachygyria_with_Cerebellar_Hypoplasia422.jpg,Pachygyria with Cerebellar Hypoplasia
C:\Users\HishamMo\Desktop\999_cs\Quantum_Inpired_PSO_Classifcation\MRI_dataset\Pachygyria with Cerebellar Hypoplasia\Pachygyria_with_Cerebellar_Hypoplasia423.jpg,Pachygyria with Cerebellar Hypoplasia
C:\Users\HishamMo\Desktop\999_cs\Quantum_Inpired_PSO_Classifcation\MRI_dataset\Pachygyria with Cerebellar Hypoplasia\Pachygyria_with_Cerebellar_Hypoplasia424.jpg,Pachygyria with Cerebellar Hypoplasia
C:\Users\HishamMo\Desktop\999_cs\Quantum_Inpired_PSO_Classifcation\MRI_dataset\Pachygyria with Cerebellar Hypoplasia\Pachygyria_with_Cerebellar_Hypoplasia425.jpg,Pachygyria with Cerebellar Hypoplasia
C:\Users\HishamMo\Desktop\999_cs\Quantum_Inpired_PSO_Classifcation\MRI_dataset\Pachygyria with Cerebellar Hypoplasia\Pachygyria_with_Cerebellar_Hypoplasia426.jpg,Pachygyria with Cerebellar Hypoplasia
C:\Users\HishamMo\Desktop\999_cs\Quantum_Inpired_PSO_Classifcation\MRI_dataset\Pachygyria with Cerebellar Hypoplasia\Pachygyria_with_Cerebellar_Hypoplasia427.jpg,Pachygyria with Cerebellar Hypoplasia
C:\Users\HishamMo\Desktop\999_cs\Quantum_Inpired_PSO_Classifcation\MRI_dataset\Pachygyria with Cerebellar Hypoplasia\Pachygyria_with_Cerebellar_Hypoplasia428.jpg,Pachygyria with Cerebellar Hypoplasia
C:\Users\HishamMo\Desktop\999_cs\Quantum_Inpired_PSO_Classifcation\MRI_dataset\Pachygyria with Cerebellar Hypoplasia\Pachygyria_with_Cerebellar_Hypoplasia429.jpg,Pachygyria with Cerebellar Hypoplasia
C:\Users\HishamMo\Desktop\999_cs\Quantum_Inpired_PSO_Classifcation\MRI_dataset\Pachygyria with Cerebellar Hypoplasia\Pachygyria_with_Cerebellar_Hypoplasia430.jpg,Pachygyria with Cerebellar Hypoplasia
C:\Users\HishamMo\Desktop\999_cs\Quantum_Inpired_PSO_Classifcation\MRI_dataset\Pachygyria with Cerebellar Hypoplasia\Pachygyria_with_Cerebellar_Hypoplasia431.jpg,Pachygyria with Cerebellar Hypoplasia
C:\Users\HishamMo\Desktop\999_cs\Quantum_Inpired_PSO_Classifcation\MRI_dataset\Pachygyria with Cerebellar Hypoplasia\Pachygyria_with_Cerebellar_Hypoplasia432.jpg,Pachygyria with Cerebellar Hypoplasia
C:\Users\HishamMo\Desktop\999_cs\Quantum_Inpired_PSO_Classifcation\MRI_dataset\Pachygyria with Cerebellar Hypoplasia\Pachygyria_with_Cerebellar_Hypoplasia433.jpg,Pachygyria with Cerebellar Hypoplasia
C:\Users\HishamMo\Desktop\999_cs\Quantum_Inpired_PSO_Classifcation\MRI_dataset\Pachygyria with Cerebellar Hypoplasia\Pachygyria_with_Cerebellar_Hypoplasia434.jpg,Pachygyria with Cerebellar Hypoplasia
C:\Users\HishamMo\Desktop\999_cs\Quantum_Inpired_PSO_Classifcation\MRI_dataset\Pachygyria with Cerebellar Hypoplasia\Pachygyria_with_Cerebellar_Hypoplasia435.jpg,Pachygyria with Cerebellar Hypoplasia
C:\Users\HishamMo\Desktop\999_cs\Quantum_Inpired_PSO_Classifcation\MRI_dataset\Pachygyria with Cerebellar Hypoplasia\Pachygyria_with_Cerebellar_Hypoplasia436.jpg,Pachygyria with Cerebellar Hypoplasia
C:\Users\HishamMo\Desktop\999_cs\Quantum_Inpired_PSO_Classifcation\MRI_dataset\Pachygyria with Cerebellar Hypoplasia\Pachygyria_with_Cerebellar_Hypoplasia437.jpg,Pachygyria with Cerebellar Hypoplasia
C:\Users\HishamMo\Desktop\999_cs\Quantum_Inpired_PSO_Classifcation\MRI_dataset\Pachygyria with Cerebellar Hypoplasia\Pachygyria_with_Cerebellar_Hypoplasia438.jpg,Pachygyria with Cerebellar Hypoplasia
C:\Users\HishamMo\Desktop\999_cs\Quantum_Inpired_PSO_Classifcation\MRI_dataset\Pachygyria with Cerebellar Hypoplasia\Pachygyria_with_Cerebellar_Hypoplasia439.jpg,Pachygyria with Cerebellar Hypoplasia
C:\Users\HishamMo\Desktop\999_cs\Quantum_Inpired_PSO_Classifcation\MRI_dataset\Pachygyria with Cerebellar Hypoplasia\Pachygyria_with_Cerebellar_Hypoplasia440.jpg,Pachygyria with Cerebellar Hypoplasia
C:\Users\HishamMo\Desktop\999_cs\Quantum_Inpired_PSO_Classifcation\MRI_dataset\Pachygyria with Cerebellar Hypoplasia\Pachygyria_with_Cerebellar_Hypoplasia441.jpg,Pachygyria with Cerebellar Hypoplasia
C:\Users\HishamMo\Desktop\999_cs\Quantum_Inpired_PSO_Classifcation\MRI_dataset\Pachygyria with Cerebellar Hypoplasia\Pachygyria_with_Cerebellar_Hypoplasia442.jpg,Pachygyria with Cerebellar Hypoplasia
C:\Users\HishamMo\Desktop\999_cs\Quantum_Inpired_PSO_Classifcation\MRI_dataset\Pachygyria with Cerebellar Hypoplasia\Pachygyria_with_Cerebellar_Hypoplasia443.jpg,Pachygyria with Cerebellar Hypoplasia
C:\Users\HishamMo\Desktop\999_cs\Quantum_Inpired_PSO_Classifcation\MRI_dataset\Pachygyria with Cerebellar Hypoplasia\Pachygyria_with_Cerebellar_Hypoplasia444.jpg,Pachygyria with Cerebellar Hypoplasia
C:\Users\HishamMo\Desktop\999_cs\Quantum_Inpired_PSO_Classifcation\MRI_dataset\Pachygyria with Cerebellar Hypoplasia\Pachygyria_with_Cerebellar_Hypoplasia445.jpg,Pachygyria with Cerebellar Hypoplasia
C:\Users\HishamMo\Desktop\999_cs\Quantum_Inpired_PSO_Classifcation\MRI_dataset\Pachygyria with Cerebellar Hypoplasia\Pachygyria_with_Cerebellar_Hypoplasia446.jpg,Pachygyria with Cerebellar Hypoplasia
C:\Users\HishamMo\Desktop\999_cs\Quantum_Inpired_PSO_Classifcation\MRI_dataset\Pachygyria with Cerebellar Hypoplasia\Pachygyria_with_Cerebellar_Hypoplasia447.jpg,Pachygyria with Cerebellar Hypoplasia
C:\Users\HishamMo\Desktop\999_cs\Quantum_Inpired_PSO_Classifcation\MRI_dataset\Pachygyria with Cerebellar Hypoplasia\Pachygyria_with_Cerebellar_Hypoplasia448.jpg,Pachygyria with Cerebellar Hypoplasia
C:\Users\HishamMo\Desktop\999_cs\Quantum_Inpired_PSO_Classifcation\MRI_dataset\Pachygyria with Cerebellar Hypoplasia\Pachygyria_with_Cerebellar_Hypoplasia449.jpg,Pachygyria with Cerebellar Hypoplasia
C:\Users\HishamMo\Desktop\999_cs\Quantum_Inpired_PSO_Classifcation\MRI_dataset\Pachygyria with Cerebellar Hypoplasia\Pachygyria_with_Cerebellar_Hypoplasia450.jpg,Pachygyria with Cerebellar Hypoplasia
C:\Users\HishamMo\Desktop\999_cs\Quantum_Inpired_PSO_Classifcation\MRI_dataset\Pachygyria with Cerebellar Hypoplasia\Pachygyria_with_Cerebellar_Hypoplasia451.jpg,Pachygyria with Cerebellar Hypoplasia
C:\Users\HishamMo\Desktop\999_cs\Quantum_Inpired_PSO_Classifcation\MRI_dataset\Pachygyria with Cerebellar Hypoplasia\Pachygyria_with_Cerebellar_Hypoplasia452.jpg,Pachygyria with Cerebellar Hypoplasia
C:\Users\HishamMo\Desktop\999_cs\Quantum_Inpired_PSO_Classifcation\MRI_dataset\Pachygyria with Cerebellar Hypoplasia\Pachygyria_with_Cerebellar_Hypoplasia453.jpg,Pachygyria with Cerebellar Hypoplasia
C:\Users\HishamMo\Desktop\999_cs\Quantum_Inpired_PSO_Classifcation\MRI_dataset\Pachygyria with Cerebellar Hypoplasia\Pachygyria_with_Cerebellar_Hypoplasia454.jpg,Pachygyria with Cerebellar Hypoplasia
C:\Users\HishamMo\Desktop\999_cs\Quantum_Inpired_PSO_Classifcation\MRI_dataset\Pachygyria with Cerebellar Hypoplasia\Pachygyria_with_Cerebellar_Hypoplasia455.jpg,Pachygyria with Cerebellar Hypoplasia
C:\Users\HishamMo\Desktop\999_cs\Quantum_Inpired_PSO_Classifcation\MRI_dataset\Pachygyria with Cerebellar Hypoplasia\Pachygyria_with_Cerebellar_Hypoplasia456.jpg,Pachygyria with Cerebellar Hypoplasia
C:\Users\HishamMo\Desktop\999_cs\Quantum_Inpired_PSO_Classifcation\MRI_dataset\Pachygyria with Cerebellar Hypoplasia\Pachygyria_with_Cerebellar_Hypoplasia457.jpg,Pachygyria with Cerebellar Hypoplasia
C:\Users\HishamMo\Desktop\999_cs\Quantum_Inpired_PSO_Classifcation\MRI_dataset\Pachygyria with Cerebellar Hypoplasia\Pachygyria_with_Cerebellar_Hypoplasia458.jpg,Pachygyria with Cerebellar Hypoplasia
C:\Users\HishamMo\Desktop\999_cs\Quantum_Inpired_PSO_Classifcation\MRI_dataset\Pachygyria with Cerebellar Hypoplasia\Pachygyria_with_Cerebellar_Hypoplasia459.jpg,Pachygyria with Cerebellar Hypoplasia
C:\Users\HishamMo\Desktop\999_cs\Quantum_Inpired_PSO_Classifcation\MRI_dataset\Pachygyria with Cerebellar Hypoplasia\Pachygyria_with_Cerebellar_Hypoplasia460.jpg,Pachygyria with Cerebellar Hypoplasia
C:\Users\HishamMo\Desktop\999_cs\Quantum_Inpired_PSO_Classifcation\MRI_dataset\Pachygyria with Cerebellar Hypoplasia\Pachygyria_with_Cerebellar_Hypoplasia461.jpg,Pachygyria with Cerebellar Hypoplasia
C:\Users\HishamMo\Desktop\999_cs\Quantum_Inpired_PSO_Classifcation\MRI_dataset\Pachygyria with Cerebellar Hypoplasia\Pachygyria_with_Cerebellar_Hypoplasia462.jpg,Pachygyria with Cerebellar Hypoplasia
C:\Users\HishamMo\Desktop\999_cs\Quantum_Inpired_PSO_Classifcation\MRI_dataset\Pachygyria with Cerebellar Hypoplasia\Pachygyria_with_Cerebellar_Hypoplasia463.jpg,Pachygyria with Cerebellar Hypoplasia
C:\Users\HishamMo\Desktop\999_cs\Quantum_Inpired_PSO_Classifcation\MRI_dataset\Pachygyria with Cerebellar Hypoplasia\Pachygyria_with_Cerebellar_Hypoplasia464.jpg,Pachygyria with Cerebellar Hypoplasia
C:\Users\HishamMo\Desktop\999_cs\Quantum_Inpired_PSO_Classifcation\MRI_dataset\Pachygyria with Cerebellar Hypoplasia\Pachygyria_with_Cerebellar_Hypoplasia465.jpg,Pachygyria with Cerebellar Hypoplasia
C:\Users\HishamMo\Desktop\999_cs\Quantum_Inpired_PSO_Classifcation\MRI_dataset\Pachygyria with Cerebellar Hypoplasia\Pachygyria_with_Cerebellar_Hypoplasia466.jpg,Pachygyria with Cerebellar Hypoplasia
C:\Users\HishamMo\Desktop\999_cs\Quantum_Inpired_PSO_Classifcation\MRI_dataset\Pachygyria with Cerebellar Hypoplasia\Pachygyria_with_Cerebellar_Hypoplasia467.jpg,Pachygyria with Cerebellar Hypoplasia
C:\Users\HishamMo\Desktop\999_cs\Quantum_Inpired_PSO_Classifcation\MRI_dataset\Pachygyria with Cerebellar Hypoplasia\Pachygyria_with_Cerebellar_Hypoplasia468.jpg,Pachygyria with Cerebellar Hypoplasia
C:\Users\HishamMo\Desktop\999_cs\Quantum_Inpired_PSO_Classifcation\MRI_dataset\Pachygyria with Cerebellar Hypoplasia\Pachygyria_with_Cerebellar_Hypoplasia469.jpg,Pachygyria with Cerebellar Hypoplasia
C:\Users\HishamMo\Desktop\999_cs\Quantum_Inpired_PSO_Classifcation\MRI_dataset\Pachygyria with Cerebellar Hypoplasia\Pachygyria_with_Cerebellar_Hypoplasia470.jpg,Pachygyria with Cerebellar Hypoplasia
C:\Users\HishamMo\Desktop\999_cs\Quantum_Inpired_PSO_Classifcation\MRI_dataset\Pachygyria with Cerebellar Hypoplasia\Pachygyria_with_Cerebellar_Hypoplasia471.jpg,Pachygyria with Cerebellar Hypoplasia
C:\Users\HishamMo\Desktop\999_cs\Quantum_Inpired_PSO_Classifcation\MRI_dataset\Pachygyria with Cerebellar Hypoplasia\Pachygyria_with_Cerebellar_Hypoplasia472.jpg,Pachygyria with Cerebellar Hypoplasia
C:\Users\HishamMo\Desktop\999_cs\Quantum_Inpired_PSO_Classifcation\MRI_dataset\Pachygyria with Cerebellar Hypoplasia\Pachygyria_with_Cerebellar_Hypoplasia473.jpg,Pachygyria with Cerebellar Hypoplasia
C:\Users\HishamMo\Desktop\999_cs\Quantum_Inpired_PSO_Classifcation\MRI_dataset\Pachygyria with Cerebellar Hypoplasia\Pachygyria_with_Cerebellar_Hypoplasia474.jpg,Pachygyria with Cerebellar Hypoplasia
C:\Users\HishamMo\Desktop\999_cs\Quantum_Inpired_PSO_Classifcation\MRI_dataset\Pachygyria with Cerebellar Hypoplasia\Pachygyria_with_Cerebellar_Hypoplasia475.jpg,Pachygyria with Cerebellar Hypoplasia
C:\Users\HishamMo\Desktop\999_cs\Quantum_Inpired_PSO_Classifcation\MRI_dataset\Pachygyria with Cerebellar Hypoplasia\Pachygyria_with_Cerebellar_Hypoplasia476.jpg,Pachygyria with Cerebellar Hypoplasia
C:\Users\HishamMo\Desktop\999_cs\Quantum_Inpired_PSO_Classifcation\MRI_dataset\Pachygyria with Cerebellar Hypoplasia\Pachygyria_with_Cerebellar_Hypoplasia477.jpg,Pachygyria with Cerebellar Hypoplasia
C:\Users\HishamMo\Desktop\999_cs\Quantum_Inpired_PSO_Classifcation\MRI_dataset\Pachygyria with Cerebellar Hypoplasia\Pachygyria_with_Cerebellar_Hypoplasia478.jpg,Pachygyria with Cerebellar Hypoplasia
C:\Users\HishamMo\Desktop\999_cs\Quantum_Inpired_PSO_Classifcation\MRI_dataset\Pachygyria with Cerebellar Hypoplasia\Pachygyria_with_Cerebellar_Hypoplasia479.jpg,Pachygyria with Cerebellar Hypoplasia
C:\Users\HishamMo\Desktop\999_cs\Quantum_Inpired_PSO_Classifcation\MRI_dataset\Pachygyria with Cerebellar Hypoplasia\Pachygyria_with_Cerebellar_Hypoplasia480.jpg,Pachygyria with Cerebellar Hypoplasia
C:\Users\HishamMo\Desktop\999_cs\Quantum_Inpired_PSO_Classifcation\MRI_dataset\Pachygyria with Cerebellar Hypoplasia\Pachygyria_with_Cerebellar_Hypoplasia481.jpg,Pachygyria with Cerebellar Hypoplasia
C:\Users\HishamMo\Desktop\999_cs\Quantum_Inpired_PSO_Classifcation\MRI_dataset\Pachygyria with Cerebellar Hypoplasia\Pachygyria_with_Cerebellar_Hypoplasia482.jpg,Pachygyria with Cerebellar Hypoplasia
C:\Users\HishamMo\Desktop\999_cs\Quantum_Inpired_PSO_Classifcation\MRI_dataset\Pachygyria with Cerebellar Hypoplasia\Pachygyria_with_Cerebellar_Hypoplasia483.jpg,Pachygyria with Cerebellar Hypoplasia
C:\Users\HishamMo\Desktop\999_cs\Quantum_Inpired_PSO_Classifcation\MRI_dataset\Pachygyria with Cerebellar Hypoplasia\Pachygyria_with_Cerebellar_Hypoplasia484.jpg,Pachygyria with Cerebellar Hypoplasia
C:\Users\HishamMo\Desktop\999_cs\Quantum_Inpired_PSO_Classifcation\MRI_dataset\Pachygyria with Cerebellar Hypoplasia\Pachygyria_with_Cerebellar_Hypoplasia485.jpg,Pachygyria with Cerebellar Hypoplasia
C:\Users\HishamMo\Desktop\999_cs\Quantum_Inpired_PSO_Classifcation\MRI_dataset\Pachygyria with Cerebellar Hypoplasia\Pachygyria_with_Cerebellar_Hypoplasia486.jpg,Pachygyria with Cerebellar Hypoplasia
C:\Users\HishamMo\Desktop\999_cs\Quantum_Inpired_PSO_Classifcation\MRI_dataset\Pachygyria with Cerebellar Hypoplasia\Pachygyria_with_Cerebellar_Hypoplasia487.jpg,Pachygyria with Cerebellar Hypoplasia
C:\Users\HishamMo\Desktop\999_cs\Quantum_Inpired_PSO_Classifcation\MRI_dataset\Pachygyria with Cerebellar Hypoplasia\Pachygyria_with_Cerebellar_Hypoplasia488.jpg,Pachygyria with Cerebellar Hypoplasia
C:\Users\HishamMo\Desktop\999_cs\Quantum_Inpired_PSO_Classifcation\MRI_dataset\Pachygyria with Cerebellar Hypoplasia\Pachygyria_with_Cerebellar_Hypoplasia489.jpg,Pachygyria with Cerebellar Hypoplasia
C:\Users\HishamMo\Desktop\999_cs\Quantum_Inpired_PSO_Classifcation\MRI_dataset\Pachygyria with Cerebellar Hypoplasia\Pachygyria_with_Cerebellar_Hypoplasia490.jpg,Pachygyria with Cerebellar Hypoplasia
C:\Users\HishamMo\Desktop\999_cs\Quantum_Inpired_PSO_Classifcation\MRI_dataset\Pachygyria with Cerebellar Hypoplasia\Pachygyria_with_Cerebellar_Hypoplasia491.jpg,Pachygyria with Cerebellar Hypoplasia
C:\Users\HishamMo\Desktop\999_cs\Quantum_Inpired_PSO_Classifcation\MRI_dataset\Pachygyria with Cerebellar Hypoplasia\Pachygyria_with_Cerebellar_Hypoplasia492.jpg,Pachygyria with Cerebellar Hypoplasia
C:\Users\HishamMo\Desktop\999_cs\Quantum_Inpired_PSO_Classifcation\MRI_dataset\Pachygyria with Cerebellar Hypoplasia\Pachygyria_with_Cerebellar_Hypoplasia493.jpg,Pachygyria with Cerebellar Hypoplasia
C:\Users\HishamMo\Desktop\999_cs\Quantum_Inpired_PSO_Classifcation\MRI_dataset\Pachygyria with Cerebellar Hypoplasia\Pachygyria_with_Cerebellar_Hypoplasia494.jpg,Pachygyria with Cerebellar Hypoplasia
C:\Users\HishamMo\Desktop\999_cs\Quantum_Inpired_PSO_Classifcation\MRI_dataset\Pachygyria with Cerebellar Hypoplasia\Pachygyria_with_Cerebellar_Hypoplasia495.jpg,Pachygyria with Cerebellar Hypoplasia
C:\Users\HishamMo\Desktop\999_cs\Quantum_Inpired_PSO_Classifcation\MRI_dataset\Pachygyria with Cerebellar Hypoplasia\Pachygyria_with_Cerebellar_Hypoplasia496.jpg,Pachygyria with Cerebellar Hypoplasia
C:\Users\HishamMo\Desktop\999_cs\Quantum_Inpired_PSO_Classifcation\MRI_dataset\Pachygyria with Cerebellar Hypoplasia\Pachygyria_with_Cerebellar_Hypoplasia497.jpg,Pachygyria with Cerebellar Hypoplasia
C:\Users\HishamMo\Desktop\999_cs\Quantum_Inpired_PSO_Classifcation\MRI_dataset\Pachygyria with Cerebellar Hypoplasia\Pachygyria_with_Cerebellar_Hypoplasia498.jpg,Pachygyria with Cerebellar Hypoplasia
C:\Users\HishamMo\Desktop\999_cs\Quantum_Inpired_PSO_Classifcation\MRI_dataset\Pachygyria with Cerebellar Hypoplasia\Pachygyria_with_Cerebellar_Hypoplasia499.jpg,Pachygyria with Cerebellar Hypoplasia
C:\Users\HishamMo\Desktop\999_cs\Quantum_Inpired_PSO_Classifcation\MRI_dataset\Pachygyria with Cerebellar Hypoplasia\Pachygyria_with_Cerebellar_Hypoplasia500.jpg,Pachygyria with Cerebellar Hypoplasia
C:\Users\HishamMo\Desktop\999_cs\Quantum_Inpired_PSO_Classifcation\MRI_dataset\Pachygyria with Cerebellar Hypoplasia\Pachygyria_with_Cerebellar_Hypoplasia501.jpg,Pachygyria with Cerebellar Hypoplasia
C:\Users\HishamMo\Desktop\999_cs\Quantum_Inpired_PSO_Classifcation\MRI_dataset\Pachygyria with Cerebellar Hypoplasia\Pachygyria_with_Cerebellar_Hypoplasia502.jpg,Pachygyria with Cerebellar Hypoplasia
C:\Users\HishamMo\Desktop\999_cs\Quantum_Inpired_PSO_Classifcation\MRI_dataset\Pachygyria with Cerebellar Hypoplasia\Pachygyria_with_Cerebellar_Hypoplasia503.jpg,Pachygyria with Cerebellar Hypoplasia
C:\Users\HishamMo\Desktop\999_cs\Quantum_Inpired_PSO_Classifcation\MRI_dataset\Pachygyria with Cerebellar Hypoplasia\Pachygyria_with_Cerebellar_Hypoplasia504.jpg,Pachygyria with Cerebellar Hypoplasia
C:\Users\HishamMo\Desktop\999_cs\Quantum_Inpired_PSO_Classifcation\MRI_dataset\Pachygyria with Cerebellar Hypoplasia\Pachygyria_with_Cerebellar_Hypoplasia505.jpg,Pachygyria with Cerebellar Hypoplasia
C:\Users\HishamMo\Desktop\999_cs\Quantum_Inpired_PSO_Classifcation\MRI_dataset\Pachygyria with Cerebellar Hypoplasia\Pachygyria_with_Cerebellar_Hypoplasia506.jpg,Pachygyria with Cerebellar Hypoplasia
C:\Users\HishamMo\Desktop\999_cs\Quantum_Inpired_PSO_Classifcation\MRI_dataset\Pachygyria with Cerebellar Hypoplasia\Pachygyria_with_Cerebellar_Hypoplasia507.jpg,Pachygyria with Cerebellar Hypoplasia
C:\Users\HishamMo\Desktop\999_cs\Quantum_Inpired_PSO_Classifcation\MRI_dataset\Pachygyria with Cerebellar Hypoplasia\Pachygyria_with_Cerebellar_Hypoplasia508.jpg,Pachygyria with Cerebellar Hypoplasia
C:\Users\HishamMo\Desktop\999_cs\Quantum_Inpired_PSO_Classifcation\MRI_dataset\Pachygyria with Cerebellar Hypoplasia\Pachygyria_with_Cerebellar_Hypoplasia509.jpg,Pachygyria with Cerebellar Hypoplasia
C:\Users\HishamMo\Desktop\999_cs\Quantum_Inpired_PSO_Classifcation\MRI_dataset\Pachygyria with Cerebellar Hypoplasia\Pachygyria_with_Cerebellar_Hypoplasia510.jpg,Pachygyria with Cerebellar Hypoplasia
C:\Users\HishamMo\Desktop\999_cs\Quantum_Inpired_PSO_Classifcation\MRI_dataset\Pachygyria with Cerebellar Hypoplasia\Pachygyria_with_Cerebellar_Hypoplasia511.jpg,Pachygyria with Cerebellar Hypoplasia
C:\Users\HishamMo\Desktop\999_cs\Quantum_Inpired_PSO_Classifcation\MRI_dataset\Pachygyria with Cerebellar Hypoplasia\Pachygyria_with_Cerebellar_Hypoplasia512.jpg,Pachygyria with Cerebellar Hypoplasia
C:\Users\HishamMo\Desktop\999_cs\Quantum_Inpired_PSO_Classifcation\MRI_dataset\Pachygyria with Cerebellar Hypoplasia\Pachygyria_with_Cerebellar_Hypoplasia513.jpg,Pachygyria with Cerebellar Hypoplasia
C:\Users\HishamMo\Desktop\999_cs\Quantum_Inpired_PSO_Classifcation\MRI_dataset\Pachygyria with Cerebellar Hypoplasia\Pachygyria_with_Cerebellar_Hypoplasia514.jpg,Pachygyria with Cerebellar Hypoplasia
C:\Users\HishamMo\Desktop\999_cs\Quantum_Inpired_PSO_Classifcation\MRI_dataset\Pachygyria with Cerebellar Hypoplasia\Pachygyria_with_Cerebellar_Hypoplasia515.jpg,Pachygyria with Cerebellar Hypoplasia
C:\Users\HishamMo\Desktop\999_cs\Quantum_Inpired_PSO_Classifcation\MRI_dataset\Pachygyria with Cerebellar Hypoplasia\Pachygyria_with_Cerebellar_Hypoplasia516.jpg,Pachygyria with Cerebellar Hypoplasia
C:\Users\HishamMo\Desktop\999_cs\Quantum_Inpired_PSO_Classifcation\MRI_dataset\Pachygyria with Cerebellar Hypoplasia\Pachygyria_with_Cerebellar_Hypoplasia517.jpg,Pachygyria with Cerebellar Hypoplasia
C:\Users\HishamMo\Desktop\999_cs\Quantum_Inpired_PSO_Classifcation\MRI_dataset\Pachygyria with Cerebellar Hypoplasia\Pachygyria_with_Cerebellar_Hypoplasia518.jpg,Pachygyria with Cerebellar Hypoplasia
C:\Users\HishamMo\Desktop\999_cs\Quantum_Inpired_PSO_Classifcation\MRI_dataset\Pachygyria with Cerebellar Hypoplasia\Pachygyria_with_Cerebellar_Hypoplasia519.jpg,Pachygyria with Cerebellar Hypoplasia
C:\Users\HishamMo\Desktop\999_cs\Quantum_Inpired_PSO_Classifcation\MRI_dataset\Pachygyria with Cerebellar Hypoplasia\Pachygyria_with_Cerebellar_Hypoplasia520.jpg,Pachygyria with Cerebellar Hypoplasia
C:\Users\HishamMo\Desktop\999_cs\Quantum_Inpired_PSO_Classifcation\MRI_dataset\Pachygyria with Cerebellar Hypoplasia\Pachygyria_with_Cerebellar_Hypoplasia521.jpg,Pachygyria with Cerebellar Hypoplasia
C:\Users\HishamMo\Desktop\999_cs\Quantum_Inpired_PSO_Classifcation\MRI_dataset\Pachygyria with Cerebellar Hypoplasia\Pachygyria_with_Cerebellar_Hypoplasia522.jpg,Pachygyria with Cerebellar Hypoplasia
C:\Users\HishamMo\Desktop\999_cs\Quantum_Inpired_PSO_Classifcation\MRI_dataset\Pachygyria with Cerebellar Hypoplasia\Pachygyria_with_Cerebellar_Hypoplasia523.jpg,Pachygyria with Cerebellar Hypoplasia
C:\Users\HishamMo\Desktop\999_cs\Quantum_Inpired_PSO_Classifcation\MRI_dataset\Pachygyria with Cerebellar Hypoplasia\Pachygyria_with_Cerebellar_Hypoplasia524.jpg,Pachygyria with Cerebellar Hypoplasia
C:\Users\HishamMo\Desktop\999_cs\Quantum_Inpired_PSO_Classifcation\MRI_dataset\Pachygyria with Cerebellar Hypoplasia\Pachygyria_with_Cerebellar_Hypoplasia525.jpg,Pachygyria with Cerebellar Hypoplasia
C:\Users\HishamMo\Desktop\999_cs\Quantum_Inpired_PSO_Classifcation\MRI_dataset\Pachygyria with Cerebellar Hypoplasia\Pachygyria_with_Cerebellar_Hypoplasia526.jpg,Pachygyria with Cerebellar Hypoplasia
C:\Users\HishamMo\Desktop\999_cs\Quantum_Inpired_PSO_Classifcation\MRI_dataset\Pachygyria with Cerebellar Hypoplasia\Pachygyria_with_Cerebellar_Hypoplasia527.jpg,Pachygyria with Cerebellar Hypoplasia
C:\Users\HishamMo\Desktop\999_cs\Quantum_Inpired_PSO_Classifcation\MRI_dataset\Pachygyria with Cerebellar Hypoplasia\Pachygyria_with_Cerebellar_Hypoplasia528.jpg,Pachygyria with Cerebellar Hypoplasia
C:\Users\HishamMo\Desktop\999_cs\Quantum_Inpired_PSO_Classifcation\MRI_dataset\Pachygyria with Cerebellar Hypoplasia\Pachygyria_with_Cerebellar_Hypoplasia529.jpg,Pachygyria with Cerebellar Hypoplasia
C:\Users\HishamMo\Desktop\999_cs\Quantum_Inpired_PSO_Classifcation\MRI_dataset\Pachygyria with Cerebellar Hypoplasia\Pachygyria_with_Cerebellar_Hypoplasia530.jpg,Pachygyria with Cerebellar Hypoplasia
C:\Users\HishamMo\Desktop\999_cs\Quantum_Inpired_PSO_Classifcation\MRI_dataset\Pachygyria with Cerebellar Hypoplasia\Pachygyria_with_Cerebellar_Hypoplasia531.jpg,Pachygyria with Cerebellar Hypoplasia
C:\Users\HishamMo\Desktop\999_cs\Quantum_Inpired_PSO_Classifcation\MRI_dataset\Pachygyria with Cerebellar Hypoplasia\Pachygyria_with_Cerebellar_Hypoplasia532.jpg,Pachygyria with Cerebellar Hypoplasia
C:\Users\HishamMo\Desktop\999_cs\Quantum_Inpired_PSO_Classifcation\MRI_dataset\Pachygyria with Cerebellar Hypoplasia\Pachygyria_with_Cerebellar_Hypoplasia533.jpg,Pachygyria with Cerebellar Hypoplasia
C:\Users\HishamMo\Desktop\999_cs\Quantum_Inpired_PSO_Classifcation\MRI_dataset\Pachygyria with Cerebellar Hypoplasia\Pachygyria_with_Cerebellar_Hypoplasia534.jpg,Pachygyria with Cerebellar Hypoplasia
C:\Users\HishamMo\Desktop\999_cs\Quantum_Inpired_PSO_Classifcation\MRI_dataset\Pachygyria with Cerebellar Hypoplasia\Pachygyria_with_Cerebellar_Hypoplasia535.jpg,Pachygyria with Cerebellar Hypoplasia
C:\Users\HishamMo\Desktop\999_cs\Quantum_Inpired_PSO_Classifcation\MRI_dataset\Pachygyria with Cerebellar Hypoplasia\Pachygyria_with_Cerebellar_Hypoplasia536.jpg,Pachygyria with Cerebellar Hypoplasia
C:\Users\HishamMo\Desktop\999_cs\Quantum_Inpired_PSO_Classifcation\MRI_dataset\Pachygyria with Cerebellar Hypoplasia\Pachygyria_with_Cerebellar_Hypoplasia537.jpg,Pachygyria with Cerebellar Hypoplasia
C:\Users\HishamMo\Desktop\999_cs\Quantum_Inpired_PSO_Classifcation\MRI_dataset\Pachygyria with Cerebellar Hypoplasia\Pachygyria_with_Cerebellar_Hypoplasia538.jpg,Pachygyria with Cerebellar Hypoplasia
C:\Users\HishamMo\Desktop\999_cs\Quantum_Inpired_PSO_Classifcation\MRI_dataset\Pachygyria with Cerebellar Hypoplasia\Pachygyria_with_Cerebellar_Hypoplasia539.jpg,Pachygyria with Cerebellar Hypoplasia
C:\Users\HishamMo\Desktop\999_cs\Quantum_Inpired_PSO_Classifcation\MRI_dataset\Pachygyria with Cerebellar Hypoplasia\Pachygyria_with_Cerebellar_Hypoplasia540.jpg,Pachygyria with Cerebellar Hypoplasia
C:\Users\HishamMo\Desktop\999_cs\Quantum_Inpired_PSO_Classifcation\MRI_dataset\Pachygyria with Cerebellar Hypoplasia\Pachygyria_with_Cerebellar_Hypoplasia541.jpg,Pachygyria with Cerebellar Hypoplasia
C:\Users\HishamMo\Desktop\999_cs\Quantum_Inpired_PSO_Classifcation\MRI_dataset\Pachygyria with Cerebellar Hypoplasia\Pachygyria_with_Cerebellar_Hypoplasia542.jpg,Pachygyria with Cerebellar Hypoplasia
C:\Users\HishamMo\Desktop\999_cs\Quantum_Inpired_PSO_Classifcation\MRI_dataset\Pachygyria with Cerebellar Hypoplasia\Pachygyria_with_Cerebellar_Hypoplasia543.jpg,Pachygyria with Cerebellar Hypoplasia
C:\Users\HishamMo\Desktop\999_cs\Quantum_Inpired_PSO_Classifcation\MRI_dataset\Pachygyria with Cerebellar Hypoplasia\Pachygyria_with_Cerebellar_Hypoplasia544.jpg,Pachygyria with Cerebellar Hypoplasia
C:\Users\HishamMo\Desktop\999_cs\Quantum_Inpired_PSO_Classifcation\MRI_dataset\Pachygyria with Cerebellar Hypoplasia\Pachygyria_with_Cerebellar_Hypoplasia545.jpg,Pachygyria with Cerebellar Hypoplasia
C:\Users\HishamMo\Desktop\999_cs\Quantum_Inpired_PSO_Classifcation\MRI_dataset\Pachygyria with Cerebellar Hypoplasia\Pachygyria_with_Cerebellar_Hypoplasia546.jpg,Pachygyria with Cerebellar Hypoplasia
C:\Users\HishamMo\Desktop\999_cs\Quantum_Inpired_PSO_Classifcation\MRI_dataset\Pachygyria with Cerebellar Hypoplasia\Pachygyria_with_Cerebellar_Hypoplasia547.jpg,Pachygyria with Cerebellar Hypoplasia
C:\Users\HishamMo\Desktop\999_cs\Quantum_Inpired_PSO_Classifcation\MRI_dataset\Pachygyria with Cerebellar Hypoplasia\Pachygyria_with_Cerebellar_Hypoplasia548.jpg,Pachygyria with Cerebellar Hypoplasia
C:\Users\HishamMo\Desktop\999_cs\Quantum_Inpired_PSO_Classifcation\MRI_dataset\Pachygyria with Cerebellar Hypoplasia\Pachygyria_with_Cerebellar_Hypoplasia549.jpg,Pachygyria with Cerebellar Hypoplasia
C:\Users\HishamMo\Desktop\999_cs\Quantum_Inpired_PSO_Classifcation\MRI_dataset\Pachygyria with Cerebellar Hypoplasia\Pachygyria_with_Cerebellar_Hypoplasia550.jpg,Pachygyria with Cerebellar Hypoplasia
C:\Users\HishamMo\Desktop\999_cs\Quantum_Inpired_PSO_Classifcation\MRI_dataset\Pachygyria with Cerebellar Hypoplasia\Pachygyria_with_Cerebellar_Hypoplasia551.jpg,Pachygyria with Cerebellar Hypoplasia
C:\Users\HishamMo\Desktop\999_cs\Quantum_Inpired_PSO_Classifcation\MRI_dataset\Pachygyria with Cerebellar Hypoplasia\Pachygyria_with_Cerebellar_Hypoplasia552.jpg,Pachygyria with Cerebellar Hypoplasia
C:\Users\HishamMo\Desktop\999_cs\Quantum_Inpired_PSO_Classifcation\MRI_dataset\Pachygyria with Cerebellar Hypoplasia\Pachygyria_with_Cerebellar_Hypoplasia553.jpg,Pachygyria with Cerebellar Hypoplasia
C:\Users\HishamMo\Desktop\999_cs\Quantum_Inpired_PSO_Classifcation\MRI_dataset\Pachygyria with Cerebellar Hypoplasia\Pachygyria_with_Cerebellar_Hypoplasia554.jpg,Pachygyria with Cerebellar Hypoplasia
C:\Users\HishamMo\Desktop\999_cs\Quantum_Inpired_PSO_Classifcation\MRI_dataset\Pachygyria with Cerebellar Hypoplasia\Pachygyria_with_Cerebellar_Hypoplasia555.jpg,Pachygyria with Cerebellar Hypoplasia
C:\Users\HishamMo\Desktop\999_cs\Quantum_Inpired_PSO_Classifcation\MRI_dataset\Pachygyria with Cerebellar Hypoplasia\Pachygyria_with_Cerebellar_Hypoplasia556.jpg,Pachygyria with Cerebellar Hypoplasia
C:\Users\HishamMo\Desktop\999_cs\Quantum_Inpired_PSO_Classifcation\MRI_dataset\Pachygyria with Cerebellar Hypoplasia\Pachygyria_with_Cerebellar_Hypoplasia557.jpg,Pachygyria with Cerebellar Hypoplasia
C:\Users\HishamMo\Desktop\999_cs\Quantum_Inpired_PSO_Classifcation\MRI_dataset\Pachygyria with Cerebellar Hypoplasia\Pachygyria_with_Cerebellar_Hypoplasia558.jpg,Pachygyria with Cerebellar Hypoplasia
C:\Users\HishamMo\Desktop\999_cs\Quantum_Inpired_PSO_Classifcation\MRI_dataset\Pachygyria with Cerebellar Hypoplasia\Pachygyria_with_Cerebellar_Hypoplasia559.jpg,Pachygyria with Cerebellar Hypoplasia
C:\Users\HishamMo\Desktop\999_cs\Quantum_Inpired_PSO_Classifcation\MRI_dataset\Pachygyria with Cerebellar Hypoplasia\Pachygyria_with_Cerebellar_Hypoplasia560.jpg,Pachygyria with Cerebellar Hypoplasia
C:\Users\HishamMo\Desktop\999_cs\Quantum_Inpired_PSO_Classifcation\MRI_dataset\Pachygyria with Cerebellar Hypoplasia\Pachygyria_with_Cerebellar_Hypoplasia561.jpg,Pachygyria with Cerebellar Hypoplasia
C:\Users\HishamMo\Desktop\999_cs\Quantum_Inpired_PSO_Classifcation\MRI_dataset\Pachygyria with Cerebellar Hypoplasia\Pachygyria_with_Cerebellar_Hypoplasia562.jpg,Pachygyria with Cerebellar Hypoplasia
C:\Users\HishamMo\Desktop\999_cs\Quantum_Inpired_PSO_Classifcation\MRI_dataset\Pachygyria with Cerebellar Hypoplasia\Pachygyria_with_Cerebellar_Hypoplasia563.jpg,Pachygyria with Cerebellar Hypoplasia
C:\Users\HishamMo\Desktop\999_cs\Quantum_Inpired_PSO_Classifcation\MRI_dataset\Pachygyria with Cerebellar Hypoplasia\Pachygyria_with_Cerebellar_Hypoplasia564.jpg,Pachygyria with Cerebellar Hypoplasia
C:\Users\HishamMo\Desktop\999_cs\Quantum_Inpired_PSO_Classifcation\MRI_dataset\Pachygyria with Cerebellar Hypoplasia\Pachygyria_with_Cerebellar_Hypoplasia565.jpg,Pachygyria with Cerebellar Hypoplasia
C:\Users\HishamMo\Desktop\999_cs\Quantum_Inpired_PSO_Classifcation\MRI_dataset\Pachygyria with Cerebellar Hypoplasia\Pachygyria_with_Cerebellar_Hypoplasia566.jpg,Pachygyria with Cerebellar Hypoplasia
C:\Users\HishamMo\Desktop\999_cs\Quantum_Inpired_PSO_Classifcation\MRI_dataset\Pachygyria with Cerebellar Hypoplasia\Pachygyria_with_Cerebellar_Hypoplasia567.jpg,Pachygyria with Cerebellar Hypoplasia
C:\Users\HishamMo\Desktop\999_cs\Quantum_Inpired_PSO_Classifcation\MRI_dataset\Pachygyria with Cerebellar Hypoplasia\Pachygyria_with_Cerebellar_Hypoplasia568.jpg,Pachygyria with Cerebellar Hypoplasia
C:\Users\HishamMo\Desktop\999_cs\Quantum_Inpired_PSO_Classifcation\MRI_dataset\Pachygyria with Cerebellar Hypoplasia\Pachygyria_with_Cerebellar_Hypoplasia569.jpg,Pachygyria with Cerebellar Hypoplasia
C:\Users\HishamMo\Desktop\999_cs\Quantum_Inpired_PSO_Classifcation\MRI_dataset\Pachygyria with Cerebellar Hypoplasia\Pachygyria_with_Cerebellar_Hypoplasia570.jpg,Pachygyria with Cerebellar Hypoplasia
C:\Users\HishamMo\Desktop\999_cs\Quantum_Inpired_PSO_Classifcation\MRI_dataset\Pachygyria with Cerebellar Hypoplasia\Pachygyria_with_Cerebellar_Hypoplasia571.jpg,Pachygyria with Cerebellar Hypoplasia
C:\Users\HishamMo\Desktop\999_cs\Quantum_Inpired_PSO_Classifcation\MRI_dataset\Pachygyria with Cerebellar Hypoplasia\Pachygyria_with_Cerebellar_Hypoplasia572.jpg,Pachygyria with Cerebellar Hypoplasia
C:\Users\HishamMo\Desktop\999_cs\Quantum_Inpired_PSO_Classifcation\MRI_dataset\Pachygyria with Cerebellar Hypoplasia\Pachygyria_with_Cerebellar_Hypoplasia573.jpg,Pachygyria with Cerebellar Hypoplasia
C:\Users\HishamMo\Desktop\999_cs\Quantum_Inpired_PSO_Classifcation\MRI_dataset\Pachygyria with Cerebellar Hypoplasia\Pachygyria_with_Cerebellar_Hypoplasia574.jpg,Pachygyria with Cerebellar Hypoplasia
C:\Users\HishamMo\Desktop\999_cs\Quantum_Inpired_PSO_Classifcation\MRI_dataset\Pachygyria with Cerebellar Hypoplasia\Pachygyria_with_Cerebellar_Hypoplasia575.jpg,Pachygyria with Cerebellar Hypoplasia
C:\Users\HishamMo\Desktop\999_cs\Quantum_Inpired_PSO_Classifcation\MRI_dataset\Pachygyria with Cerebellar Hypoplasia\Pachygyria_with_Cerebellar_Hypoplasia576.jpg,Pachygyria with Cerebellar Hypoplasia
C:\Users\HishamMo\Desktop\999_cs\Quantum_Inpired_PSO_Classifcation\MRI_dataset\Pachygyria with Cerebellar Hypoplasia\Pachygyria_with_Cerebellar_Hypoplasia577.jpg,Pachygyria with Cerebellar Hypoplasia
C:\Users\HishamMo\Desktop\999_cs\Quantum_Inpired_PSO_Classifcation\MRI_dataset\Pachygyria with Cerebellar Hypoplasia\Pachygyria_with_Cerebellar_Hypoplasia578.jpg,Pachygyria with Cerebellar Hypoplasia
C:\Users\HishamMo\Desktop\999_cs\Quantum_Inpired_PSO_Classifcation\MRI_dataset\Pachygyria with Cerebellar Hypoplasia\Pachygyria_with_Cerebellar_Hypoplasia579.jpg,Pachygyria with Cerebellar Hypoplasia
C:\Users\HishamMo\Desktop\999_cs\Quantum_Inpired_PSO_Classifcation\MRI_dataset\Pachygyria with Cerebellar Hypoplasia\Pachygyria_with_Cerebellar_Hypoplasia580.jpg,Pachygyria with Cerebellar Hypoplasia
C:\Users\HishamMo\Desktop\999_cs\Quantum_Inpired_PSO_Classifcation\MRI_dataset\Pachygyria with Cerebellar Hypoplasia\Pachygyria_with_Cerebellar_Hypoplasia581.jpg,Pachygyria with Cerebellar Hypoplasia
C:\Users\HishamMo\Desktop\999_cs\Quantum_Inpired_PSO_Classifcation\MRI_dataset\Pachygyria with Cerebellar Hypoplasia\Pachygyria_with_Cerebellar_Hypoplasia582.jpg,Pachygyria with Cerebellar Hypoplasia
C:\Users\HishamMo\Desktop\999_cs\Quantum_Inpired_PSO_Classifcation\MRI_dataset\Pachygyria with Cerebellar Hypoplasia\Pachygyria_with_Cerebellar_Hypoplasia583.jpg,Pachygyria with Cerebellar Hypoplasia
C:\Users\HishamMo\Desktop\999_cs\Quantum_Inpired_PSO_Classifcation\MRI_dataset\Pachygyria with Cerebellar Hypoplasia\Pachygyria_with_Cerebellar_Hypoplasia584.jpg,Pachygyria with Cerebellar Hypoplasia
C:\Users\HishamMo\Desktop\999_cs\Quantum_Inpired_PSO_Classifcation\MRI_dataset\Pachygyria with Cerebellar Hypoplasia\Pachygyria_with_Cerebellar_Hypoplasia585.jpg,Pachygyria with Cerebellar Hypoplasia
C:\Users\HishamMo\Desktop\999_cs\Quantum_Inpired_PSO_Classifcation\MRI_dataset\Pachygyria with Cerebellar Hypoplasia\Pachygyria_with_Cerebellar_Hypoplasia586.jpg,Pachygyria with Cerebellar Hypoplasia
C:\Users\HishamMo\Desktop\999_cs\Quantum_Inpired_PSO_Classifcation\MRI_dataset\Pachygyria with Cerebellar Hypoplasia\Pachygyria_with_Cerebellar_Hypoplasia587.jpg,Pachygyria with Cerebellar Hypoplasia
C:\Users\HishamMo\Desktop\999_cs\Quantum_Inpired_PSO_Classifcation\MRI_dataset\Pachygyria with Cerebellar Hypoplasia\Pachygyria_with_Cerebellar_Hypoplasia588.jpg,Pachygyria with Cerebellar Hypoplasia
C:\Users\HishamMo\Desktop\999_cs\Quantum_Inpired_PSO_Classifcation\MRI_dataset\Pachygyria with Cerebellar Hypoplasia\Pachygyria_with_Cerebellar_Hypoplasia589.jpg,Pachygyria with Cerebellar Hypoplasia
C:\Users\HishamMo\Desktop\999_cs\Quantum_Inpired_PSO_Classifcation\MRI_dataset\Pachygyria with Cerebellar Hypoplasia\Pachygyria_with_Cerebellar_Hypoplasia590.jpg,Pachygyria with Cerebellar Hypoplasia
C:\Users\HishamMo\Desktop\999_cs\Quantum_Inpired_PSO_Classifcation\MRI_dataset\Pachygyria with Cerebellar Hypoplasia\Pachygyria_with_Cerebellar_Hypoplasia591.jpg,Pachygyria with Cerebellar Hypoplasia
C:\Users\HishamMo\Desktop\999_cs\Quantum_Inpired_PSO_Classifcation\MRI_dataset\Pachygyria with Cerebellar Hypoplasia\Pachygyria_with_Cerebellar_Hypoplasia592.jpg,Pachygyria with Cerebellar Hypoplasia
