image_path,label
C:\Users\HishamMo\Desktop\999_cs\Quantum_Inpired_PSO_Classifcation\MRI_dataset\Perisylvian Syndrome\Perisylvian_Syndrome001.jpg,Perisylvian Syndrome
C:\Users\HishamMo\Desktop\999_cs\Quantum_Inpired_PSO_Classifcation\MRI_dataset\Perisylvian Syndrome\Perisylvian_Syndrome002.jpg,Perisylvian Syndrome
C:\Users\HishamMo\Desktop\999_cs\Quantum_Inpired_PSO_Classifcation\MRI_dataset\Perisylvian Syndrome\Perisylvian_Syndrome003.jpg,Perisylvian Syndrome
C:\Users\HishamMo\Desktop\999_cs\Quantum_Inpired_PSO_Classifcation\MRI_dataset\Perisylvian Syndrome\Perisylvian_Syndrome004.jpg,Perisylvian Syndrome
C:\Users\HishamMo\Desktop\999_cs\Quantum_Inpired_PSO_Classifcation\MRI_dataset\Perisylvian Syndrome\Perisylvian_Syndrome005.jpg,Perisylvian Syndrome
C:\Users\HishamMo\Desktop\999_cs\Quantum_Inpired_PSO_Classifcation\MRI_dataset\Perisylvian Syndrome\Perisylvian_Syndrome006.jpg,Perisylvian Syndrome
C:\Users\HishamMo\Desktop\999_cs\Quantum_Inpired_PSO_Classifcation\MRI_dataset\Perisylvian Syndrome\Perisylvian_Syndrome007.jpg,Perisylvian Syndrome
C:\Users\HishamMo\Desktop\999_cs\Quantum_Inpired_PSO_Classifcation\MRI_dataset\Perisylvian Syndrome\Perisylvian_Syndrome008.jpg,Perisylvian Syndrome
C:\Users\HishamMo\Desktop\999_cs\Quantum_Inpired_PSO_Classifcation\MRI_dataset\Perisylvian Syndrome\Perisylvian_Syndrome009.jpg,Perisylvian Syndrome
C:\Users\HishamMo\Desktop\999_cs\Quantum_Inpired_PSO_Classifcation\MRI_dataset\Perisylvian Syndrome\Perisylvian_Syndrome010.jpg,Perisylvian Syndrome
C:\Users\HishamMo\Desktop\999_cs\Quantum_Inpired_PSO_Classifcation\MRI_dataset\Perisylvian Syndrome\Perisylvian_Syndrome011.jpg,Perisylvian Syndrome
C:\Users\HishamMo\Desktop\999_cs\Quantum_Inpired_PSO_Classifcation\MRI_dataset\Perisylvian Syndrome\Perisylvian_Syndrome012.jpg,Perisylvian Syndrome
C:\Users\HishamMo\Desktop\999_cs\Quantum_Inpired_PSO_Classifcation\MRI_dataset\Perisylvian Syndrome\Perisylvian_Syndrome013.jpg,Perisylvian Syndrome
C:\Users\HishamMo\Desktop\999_cs\Quantum_Inpired_PSO_Classifcation\MRI_dataset\Perisylvian Syndrome\Perisylvian_Syndrome014.jpg,Perisylvian Syndrome
C:\Users\HishamMo\Desktop\999_cs\Quantum_Inpired_PSO_Classifcation\MRI_dataset\Perisylvian Syndrome\Perisylvian_Syndrome015.jpg,Perisylvian Syndrome
C:\Users\HishamMo\Desktop\999_cs\Quantum_Inpired_PSO_Classifcation\MRI_dataset\Perisylvian Syndrome\Perisylvian_Syndrome016.jpg,Perisylvian Syndrome
C:\Users\HishamMo\Desktop\999_cs\Quantum_Inpired_PSO_Classifcation\MRI_dataset\Perisylvian Syndrome\Perisylvian_Syndrome017.jpg,Perisylvian Syndrome
C:\Users\HishamMo\Desktop\999_cs\Quantum_Inpired_PSO_Classifcation\MRI_dataset\Perisylvian Syndrome\Perisylvian_Syndrome018.jpg,Perisylvian Syndrome
C:\Users\HishamMo\Desktop\999_cs\Quantum_Inpired_PSO_Classifcation\MRI_dataset\Perisylvian Syndrome\Perisylvian_Syndrome019.jpg,Perisylvian Syndrome
C:\Users\HishamMo\Desktop\999_cs\Quantum_Inpired_PSO_Classifcation\MRI_dataset\Perisylvian Syndrome\Perisylvian_Syndrome020.jpg,Perisylvian Syndrome
C:\Users\HishamMo\Desktop\999_cs\Quantum_Inpired_PSO_Classifcation\MRI_dataset\Perisylvian Syndrome\Perisylvian_Syndrome021.jpg,Perisylvian Syndrome
C:\Users\HishamMo\Desktop\999_cs\Quantum_Inpired_PSO_Classifcation\MRI_dataset\Perisylvian Syndrome\Perisylvian_Syndrome022.jpg,Perisylvian Syndrome
C:\Users\HishamMo\Desktop\999_cs\Quantum_Inpired_PSO_Classifcation\MRI_dataset\Perisylvian Syndrome\Perisylvian_Syndrome023.jpg,Perisylvian Syndrome
C:\Users\HishamMo\Desktop\999_cs\Quantum_Inpired_PSO_Classifcation\MRI_dataset\Perisylvian Syndrome\Perisylvian_Syndrome024.jpg,Perisylvian Syndrome
C:\Users\HishamMo\Desktop\999_cs\Quantum_Inpired_PSO_Classifcation\MRI_dataset\Perisylvian Syndrome\Perisylvian_Syndrome025.jpg,Perisylvian Syndrome
C:\Users\HishamMo\Desktop\999_cs\Quantum_Inpired_PSO_Classifcation\MRI_dataset\Perisylvian Syndrome\Perisylvian_Syndrome026.jpg,Perisylvian Syndrome
C:\Users\HishamMo\Desktop\999_cs\Quantum_Inpired_PSO_Classifcation\MRI_dataset\Perisylvian Syndrome\Perisylvian_Syndrome027.jpg,Perisylvian Syndrome
C:\Users\HishamMo\Desktop\999_cs\Quantum_Inpired_PSO_Classifcation\MRI_dataset\Perisylvian Syndrome\Perisylvian_Syndrome028.jpg,Perisylvian Syndrome
C:\Users\HishamMo\Desktop\999_cs\Quantum_Inpired_PSO_Classifcation\MRI_dataset\Perisylvian Syndrome\Perisylvian_Syndrome029.jpg,Perisylvian Syndrome
C:\Users\HishamMo\Desktop\999_cs\Quantum_Inpired_PSO_Classifcation\MRI_dataset\Perisylvian Syndrome\Perisylvian_Syndrome030.jpg,Perisylvian Syndrome
C:\Users\HishamMo\Desktop\999_cs\Quantum_Inpired_PSO_Classifcation\MRI_dataset\Perisylvian Syndrome\Perisylvian_Syndrome031.jpg,Perisylvian Syndrome
C:\Users\HishamMo\Desktop\999_cs\Quantum_Inpired_PSO_Classifcation\MRI_dataset\Perisylvian Syndrome\Perisylvian_Syndrome032.jpg,Perisylvian Syndrome
C:\Users\HishamMo\Desktop\999_cs\Quantum_Inpired_PSO_Classifcation\MRI_dataset\Perisylvian Syndrome\Perisylvian_Syndrome033.jpg,Perisylvian Syndrome
C:\Users\HishamMo\Desktop\999_cs\Quantum_Inpired_PSO_Classifcation\MRI_dataset\Perisylvian Syndrome\Perisylvian_Syndrome034.jpg,Perisylvian Syndrome
C:\Users\HishamMo\Desktop\999_cs\Quantum_Inpired_PSO_Classifcation\MRI_dataset\Perisylvian Syndrome\Perisylvian_Syndrome035.jpg,Perisylvian Syndrome
C:\Users\HishamMo\Desktop\999_cs\Quantum_Inpired_PSO_Classifcation\MRI_dataset\Perisylvian Syndrome\Perisylvian_Syndrome036.jpg,Perisylvian Syndrome
C:\Users\HishamMo\Desktop\999_cs\Quantum_Inpired_PSO_Classifcation\MRI_dataset\Perisylvian Syndrome\Perisylvian_Syndrome037.jpg,Perisylvian Syndrome
C:\Users\HishamMo\Desktop\999_cs\Quantum_Inpired_PSO_Classifcation\MRI_dataset\Perisylvian Syndrome\Perisylvian_Syndrome038.jpg,Perisylvian Syndrome
C:\Users\HishamMo\Desktop\999_cs\Quantum_Inpired_PSO_Classifcation\MRI_dataset\Perisylvian Syndrome\Perisylvian_Syndrome039.jpg,Perisylvian Syndrome
C:\Users\HishamMo\Desktop\999_cs\Quantum_Inpired_PSO_Classifcation\MRI_dataset\Perisylvian Syndrome\Perisylvian_Syndrome040.jpg,Perisylvian Syndrome
C:\Users\HishamMo\Desktop\999_cs\Quantum_Inpired_PSO_Classifcation\MRI_dataset\Perisylvian Syndrome\Perisylvian_Syndrome041.jpg,Perisylvian Syndrome
C:\Users\HishamMo\Desktop\999_cs\Quantum_Inpired_PSO_Classifcation\MRI_dataset\Perisylvian Syndrome\Perisylvian_Syndrome042.jpg,Perisylvian Syndrome
C:\Users\HishamMo\Desktop\999_cs\Quantum_Inpired_PSO_Classifcation\MRI_dataset\Perisylvian Syndrome\Perisylvian_Syndrome043.jpg,Perisylvian Syndrome
C:\Users\HishamMo\Desktop\999_cs\Quantum_Inpired_PSO_Classifcation\MRI_dataset\Perisylvian Syndrome\Perisylvian_Syndrome044.jpg,Perisylvian Syndrome
C:\Users\HishamMo\Desktop\999_cs\Quantum_Inpired_PSO_Classifcation\MRI_dataset\Perisylvian Syndrome\Perisylvian_Syndrome045.jpg,Perisylvian Syndrome
C:\Users\HishamMo\Desktop\999_cs\Quantum_Inpired_PSO_Classifcation\MRI_dataset\Perisylvian Syndrome\Perisylvian_Syndrome046.jpg,Perisylvian Syndrome
C:\Users\HishamMo\Desktop\999_cs\Quantum_Inpired_PSO_Classifcation\MRI_dataset\Perisylvian Syndrome\Perisylvian_Syndrome047.jpg,Perisylvian Syndrome
C:\Users\HishamMo\Desktop\999_cs\Quantum_Inpired_PSO_Classifcation\MRI_dataset\Perisylvian Syndrome\Perisylvian_Syndrome048.jpg,Perisylvian Syndrome
C:\Users\HishamMo\Desktop\999_cs\Quantum_Inpired_PSO_Classifcation\MRI_dataset\Perisylvian Syndrome\Perisylvian_Syndrome049.jpg,Perisylvian Syndrome
C:\Users\HishamMo\Desktop\999_cs\Quantum_Inpired_PSO_Classifcation\MRI_dataset\Perisylvian Syndrome\Perisylvian_Syndrome050.jpg,Perisylvian Syndrome
C:\Users\HishamMo\Desktop\999_cs\Quantum_Inpired_PSO_Classifcation\MRI_dataset\Perisylvian Syndrome\Perisylvian_Syndrome051.jpg,Perisylvian Syndrome
C:\Users\HishamMo\Desktop\999_cs\Quantum_Inpired_PSO_Classifcation\MRI_dataset\Perisylvian Syndrome\Perisylvian_Syndrome052.jpg,Perisylvian Syndrome
C:\Users\HishamMo\Desktop\999_cs\Quantum_Inpired_PSO_Classifcation\MRI_dataset\Perisylvian Syndrome\Perisylvian_Syndrome053.jpg,Perisylvian Syndrome
C:\Users\HishamMo\Desktop\999_cs\Quantum_Inpired_PSO_Classifcation\MRI_dataset\Perisylvian Syndrome\Perisylvian_Syndrome054.jpg,Perisylvian Syndrome
C:\Users\HishamMo\Desktop\999_cs\Quantum_Inpired_PSO_Classifcation\MRI_dataset\Perisylvian Syndrome\Perisylvian_Syndrome055.jpg,Perisylvian Syndrome
C:\Users\HishamMo\Desktop\999_cs\Quantum_Inpired_PSO_Classifcation\MRI_dataset\Perisylvian Syndrome\Perisylvian_Syndrome056.jpg,Perisylvian Syndrome
C:\Users\HishamMo\Desktop\999_cs\Quantum_Inpired_PSO_Classifcation\MRI_dataset\Perisylvian Syndrome\Perisylvian_Syndrome057.jpg,Perisylvian Syndrome
C:\Users\HishamMo\Desktop\999_cs\Quantum_Inpired_PSO_Classifcation\MRI_dataset\Perisylvian Syndrome\Perisylvian_Syndrome058.jpg,Perisylvian Syndrome
C:\Users\HishamMo\Desktop\999_cs\Quantum_Inpired_PSO_Classifcation\MRI_dataset\Perisylvian Syndrome\Perisylvian_Syndrome059.jpg,Perisylvian Syndrome
C:\Users\HishamMo\Desktop\999_cs\Quantum_Inpired_PSO_Classifcation\MRI_dataset\Perisylvian Syndrome\Perisylvian_Syndrome060.jpg,Perisylvian Syndrome
C:\Users\HishamMo\Desktop\999_cs\Quantum_Inpired_PSO_Classifcation\MRI_dataset\Perisylvian Syndrome\Perisylvian_Syndrome061.jpg,Perisylvian Syndrome
C:\Users\HishamMo\Desktop\999_cs\Quantum_Inpired_PSO_Classifcation\MRI_dataset\Perisylvian Syndrome\Perisylvian_Syndrome062.jpg,Perisylvian Syndrome
C:\Users\HishamMo\Desktop\999_cs\Quantum_Inpired_PSO_Classifcation\MRI_dataset\Perisylvian Syndrome\Perisylvian_Syndrome063.jpg,Perisylvian Syndrome
C:\Users\HishamMo\Desktop\999_cs\Quantum_Inpired_PSO_Classifcation\MRI_dataset\Perisylvian Syndrome\Perisylvian_Syndrome064.jpg,Perisylvian Syndrome
C:\Users\HishamMo\Desktop\999_cs\Quantum_Inpired_PSO_Classifcation\MRI_dataset\Perisylvian Syndrome\Perisylvian_Syndrome065.jpg,Perisylvian Syndrome
C:\Users\HishamMo\Desktop\999_cs\Quantum_Inpired_PSO_Classifcation\MRI_dataset\Perisylvian Syndrome\Perisylvian_Syndrome066.jpg,Perisylvian Syndrome
C:\Users\HishamMo\Desktop\999_cs\Quantum_Inpired_PSO_Classifcation\MRI_dataset\Perisylvian Syndrome\Perisylvian_Syndrome067.jpg,Perisylvian Syndrome
C:\Users\HishamMo\Desktop\999_cs\Quantum_Inpired_PSO_Classifcation\MRI_dataset\Perisylvian Syndrome\Perisylvian_Syndrome068.jpg,Perisylvian Syndrome
C:\Users\HishamMo\Desktop\999_cs\Quantum_Inpired_PSO_Classifcation\MRI_dataset\Perisylvian Syndrome\Perisylvian_Syndrome069.jpg,Perisylvian Syndrome
C:\Users\HishamMo\Desktop\999_cs\Quantum_Inpired_PSO_Classifcation\MRI_dataset\Perisylvian Syndrome\Perisylvian_Syndrome070.jpg,Perisylvian Syndrome
C:\Users\HishamMo\Desktop\999_cs\Quantum_Inpired_PSO_Classifcation\MRI_dataset\Perisylvian Syndrome\Perisylvian_Syndrome071.jpg,Perisylvian Syndrome
C:\Users\HishamMo\Desktop\999_cs\Quantum_Inpired_PSO_Classifcation\MRI_dataset\Perisylvian Syndrome\Perisylvian_Syndrome072.jpg,Perisylvian Syndrome
C:\Users\HishamMo\Desktop\999_cs\Quantum_Inpired_PSO_Classifcation\MRI_dataset\Perisylvian Syndrome\Perisylvian_Syndrome073.jpg,Perisylvian Syndrome
C:\Users\HishamMo\Desktop\999_cs\Quantum_Inpired_PSO_Classifcation\MRI_dataset\Perisylvian Syndrome\Perisylvian_Syndrome074.jpg,Perisylvian Syndrome
C:\Users\HishamMo\Desktop\999_cs\Quantum_Inpired_PSO_Classifcation\MRI_dataset\Perisylvian Syndrome\Perisylvian_Syndrome075.jpg,Perisylvian Syndrome
C:\Users\HishamMo\Desktop\999_cs\Quantum_Inpired_PSO_Classifcation\MRI_dataset\Perisylvian Syndrome\Perisylvian_Syndrome076.jpg,Perisylvian Syndrome
C:\Users\HishamMo\Desktop\999_cs\Quantum_Inpired_PSO_Classifcation\MRI_dataset\Perisylvian Syndrome\Perisylvian_Syndrome077.jpg,Perisylvian Syndrome
C:\Users\HishamMo\Desktop\999_cs\Quantum_Inpired_PSO_Classifcation\MRI_dataset\Perisylvian Syndrome\Perisylvian_Syndrome078.jpg,Perisylvian Syndrome
C:\Users\HishamMo\Desktop\999_cs\Quantum_Inpired_PSO_Classifcation\MRI_dataset\Perisylvian Syndrome\Perisylvian_Syndrome079.jpg,Perisylvian Syndrome
C:\Users\HishamMo\Desktop\999_cs\Quantum_Inpired_PSO_Classifcation\MRI_dataset\Perisylvian Syndrome\Perisylvian_Syndrome080.jpg,Perisylvian Syndrome
C:\Users\HishamMo\Desktop\999_cs\Quantum_Inpired_PSO_Classifcation\MRI_dataset\Perisylvian Syndrome\Perisylvian_Syndrome081.jpg,Perisylvian Syndrome
C:\Users\HishamMo\Desktop\999_cs\Quantum_Inpired_PSO_Classifcation\MRI_dataset\Perisylvian Syndrome\Perisylvian_Syndrome082.jpg,Perisylvian Syndrome
C:\Users\HishamMo\Desktop\999_cs\Quantum_Inpired_PSO_Classifcation\MRI_dataset\Perisylvian Syndrome\Perisylvian_Syndrome083.jpg,Perisylvian Syndrome
C:\Users\HishamMo\Desktop\999_cs\Quantum_Inpired_PSO_Classifcation\MRI_dataset\Perisylvian Syndrome\Perisylvian_Syndrome084.jpg,Perisylvian Syndrome
C:\Users\HishamMo\Desktop\999_cs\Quantum_Inpired_PSO_Classifcation\MRI_dataset\Perisylvian Syndrome\Perisylvian_Syndrome085.jpg,Perisylvian Syndrome
C:\Users\HishamMo\Desktop\999_cs\Quantum_Inpired_PSO_Classifcation\MRI_dataset\Perisylvian Syndrome\Perisylvian_Syndrome086.jpg,Perisylvian Syndrome
C:\Users\HishamMo\Desktop\999_cs\Quantum_Inpired_PSO_Classifcation\MRI_dataset\Perisylvian Syndrome\Perisylvian_Syndrome087.jpg,Perisylvian Syndrome
C:\Users\HishamMo\Desktop\999_cs\Quantum_Inpired_PSO_Classifcation\MRI_dataset\Perisylvian Syndrome\Perisylvian_Syndrome088.jpg,Perisylvian Syndrome
C:\Users\HishamMo\Desktop\999_cs\Quantum_Inpired_PSO_Classifcation\MRI_dataset\Perisylvian Syndrome\Perisylvian_Syndrome089.jpg,Perisylvian Syndrome
C:\Users\HishamMo\Desktop\999_cs\Quantum_Inpired_PSO_Classifcation\MRI_dataset\Perisylvian Syndrome\Perisylvian_Syndrome090.jpg,Perisylvian Syndrome
C:\Users\HishamMo\Desktop\999_cs\Quantum_Inpired_PSO_Classifcation\MRI_dataset\Perisylvian Syndrome\Perisylvian_Syndrome091.jpg,Perisylvian Syndrome
C:\Users\HishamMo\Desktop\999_cs\Quantum_Inpired_PSO_Classifcation\MRI_dataset\Perisylvian Syndrome\Perisylvian_Syndrome092.jpg,Perisylvian Syndrome
C:\Users\HishamMo\Desktop\999_cs\Quantum_Inpired_PSO_Classifcation\MRI_dataset\Perisylvian Syndrome\Perisylvian_Syndrome093.jpg,Perisylvian Syndrome
C:\Users\HishamMo\Desktop\999_cs\Quantum_Inpired_PSO_Classifcation\MRI_dataset\Perisylvian Syndrome\Perisylvian_Syndrome094.jpg,Perisylvian Syndrome
C:\Users\HishamMo\Desktop\999_cs\Quantum_Inpired_PSO_Classifcation\MRI_dataset\Perisylvian Syndrome\Perisylvian_Syndrome095.jpg,Perisylvian Syndrome
C:\Users\HishamMo\Desktop\999_cs\Quantum_Inpired_PSO_Classifcation\MRI_dataset\Perisylvian Syndrome\Perisylvian_Syndrome096.jpg,Perisylvian Syndrome
C:\Users\HishamMo\Desktop\999_cs\Quantum_Inpired_PSO_Classifcation\MRI_dataset\Perisylvian Syndrome\Perisylvian_Syndrome097.jpg,Perisylvian Syndrome
C:\Users\HishamMo\Desktop\999_cs\Quantum_Inpired_PSO_Classifcation\MRI_dataset\Perisylvian Syndrome\Perisylvian_Syndrome098.jpg,Perisylvian Syndrome
C:\Users\HishamMo\Desktop\999_cs\Quantum_Inpired_PSO_Classifcation\MRI_dataset\Perisylvian Syndrome\Perisylvian_Syndrome099.jpg,Perisylvian Syndrome
C:\Users\HishamMo\Desktop\999_cs\Quantum_Inpired_PSO_Classifcation\MRI_dataset\Perisylvian Syndrome\Perisylvian_Syndrome100.jpg,Perisylvian Syndrome
C:\Users\HishamMo\Desktop\999_cs\Quantum_Inpired_PSO_Classifcation\MRI_dataset\Perisylvian Syndrome\Perisylvian_Syndrome1000.jpg,Perisylvian Syndrome
C:\Users\HishamMo\Desktop\999_cs\Quantum_Inpired_PSO_Classifcation\MRI_dataset\Perisylvian Syndrome\Perisylvian_Syndrome1001.jpg,Perisylvian Syndrome
C:\Users\HishamMo\Desktop\999_cs\Quantum_Inpired_PSO_Classifcation\MRI_dataset\Perisylvian Syndrome\Perisylvian_Syndrome1002.jpg,Perisylvian Syndrome
C:\Users\HishamMo\Desktop\999_cs\Quantum_Inpired_PSO_Classifcation\MRI_dataset\Perisylvian Syndrome\Perisylvian_Syndrome1003.jpg,Perisylvian Syndrome
C:\Users\HishamMo\Desktop\999_cs\Quantum_Inpired_PSO_Classifcation\MRI_dataset\Perisylvian Syndrome\Perisylvian_Syndrome1004.jpg,Perisylvian Syndrome
C:\Users\HishamMo\Desktop\999_cs\Quantum_Inpired_PSO_Classifcation\MRI_dataset\Perisylvian Syndrome\Perisylvian_Syndrome1005.jpg,Perisylvian Syndrome
C:\Users\HishamMo\Desktop\999_cs\Quantum_Inpired_PSO_Classifcation\MRI_dataset\Perisylvian Syndrome\Perisylvian_Syndrome1006.jpg,Perisylvian Syndrome
C:\Users\HishamMo\Desktop\999_cs\Quantum_Inpired_PSO_Classifcation\MRI_dataset\Perisylvian Syndrome\Perisylvian_Syndrome1007.jpg,Perisylvian Syndrome
C:\Users\HishamMo\Desktop\999_cs\Quantum_Inpired_PSO_Classifcation\MRI_dataset\Perisylvian Syndrome\Perisylvian_Syndrome1008.jpg,Perisylvian Syndrome
C:\Users\HishamMo\Desktop\999_cs\Quantum_Inpired_PSO_Classifcation\MRI_dataset\Perisylvian Syndrome\Perisylvian_Syndrome1009.jpg,Perisylvian Syndrome
C:\Users\HishamMo\Desktop\999_cs\Quantum_Inpired_PSO_Classifcation\MRI_dataset\Perisylvian Syndrome\Perisylvian_Syndrome101.jpg,Perisylvian Syndrome
C:\Users\HishamMo\Desktop\999_cs\Quantum_Inpired_PSO_Classifcation\MRI_dataset\Perisylvian Syndrome\Perisylvian_Syndrome1010.jpg,Perisylvian Syndrome
C:\Users\HishamMo\Desktop\999_cs\Quantum_Inpired_PSO_Classifcation\MRI_dataset\Perisylvian Syndrome\Perisylvian_Syndrome1011.jpg,Perisylvian Syndrome
C:\Users\HishamMo\Desktop\999_cs\Quantum_Inpired_PSO_Classifcation\MRI_dataset\Perisylvian Syndrome\Perisylvian_Syndrome1012.jpg,Perisylvian Syndrome
C:\Users\HishamMo\Desktop\999_cs\Quantum_Inpired_PSO_Classifcation\MRI_dataset\Perisylvian Syndrome\Perisylvian_Syndrome1013.jpg,Perisylvian Syndrome
C:\Users\HishamMo\Desktop\999_cs\Quantum_Inpired_PSO_Classifcation\MRI_dataset\Perisylvian Syndrome\Perisylvian_Syndrome1014.jpg,Perisylvian Syndrome
C:\Users\HishamMo\Desktop\999_cs\Quantum_Inpired_PSO_Classifcation\MRI_dataset\Perisylvian Syndrome\Perisylvian_Syndrome1015.jpg,Perisylvian Syndrome
C:\Users\HishamMo\Desktop\999_cs\Quantum_Inpired_PSO_Classifcation\MRI_dataset\Perisylvian Syndrome\Perisylvian_Syndrome1016.jpg,Perisylvian Syndrome
C:\Users\HishamMo\Desktop\999_cs\Quantum_Inpired_PSO_Classifcation\MRI_dataset\Perisylvian Syndrome\Perisylvian_Syndrome1017.jpg,Perisylvian Syndrome
C:\Users\HishamMo\Desktop\999_cs\Quantum_Inpired_PSO_Classifcation\MRI_dataset\Perisylvian Syndrome\Perisylvian_Syndrome1018.jpg,Perisylvian Syndrome
C:\Users\HishamMo\Desktop\999_cs\Quantum_Inpired_PSO_Classifcation\MRI_dataset\Perisylvian Syndrome\Perisylvian_Syndrome1019.jpg,Perisylvian Syndrome
C:\Users\HishamMo\Desktop\999_cs\Quantum_Inpired_PSO_Classifcation\MRI_dataset\Perisylvian Syndrome\Perisylvian_Syndrome102.jpg,Perisylvian Syndrome
C:\Users\HishamMo\Desktop\999_cs\Quantum_Inpired_PSO_Classifcation\MRI_dataset\Perisylvian Syndrome\Perisylvian_Syndrome1020.jpg,Perisylvian Syndrome
C:\Users\HishamMo\Desktop\999_cs\Quantum_Inpired_PSO_Classifcation\MRI_dataset\Perisylvian Syndrome\Perisylvian_Syndrome1021.jpg,Perisylvian Syndrome
C:\Users\HishamMo\Desktop\999_cs\Quantum_Inpired_PSO_Classifcation\MRI_dataset\Perisylvian Syndrome\Perisylvian_Syndrome1022.jpg,Perisylvian Syndrome
C:\Users\HishamMo\Desktop\999_cs\Quantum_Inpired_PSO_Classifcation\MRI_dataset\Perisylvian Syndrome\Perisylvian_Syndrome1023.jpg,Perisylvian Syndrome
C:\Users\HishamMo\Desktop\999_cs\Quantum_Inpired_PSO_Classifcation\MRI_dataset\Perisylvian Syndrome\Perisylvian_Syndrome1024.jpg,Perisylvian Syndrome
C:\Users\HishamMo\Desktop\999_cs\Quantum_Inpired_PSO_Classifcation\MRI_dataset\Perisylvian Syndrome\Perisylvian_Syndrome1025.jpg,Perisylvian Syndrome
C:\Users\HishamMo\Desktop\999_cs\Quantum_Inpired_PSO_Classifcation\MRI_dataset\Perisylvian Syndrome\Perisylvian_Syndrome1026.jpg,Perisylvian Syndrome
C:\Users\HishamMo\Desktop\999_cs\Quantum_Inpired_PSO_Classifcation\MRI_dataset\Perisylvian Syndrome\Perisylvian_Syndrome1027.jpg,Perisylvian Syndrome
C:\Users\HishamMo\Desktop\999_cs\Quantum_Inpired_PSO_Classifcation\MRI_dataset\Perisylvian Syndrome\Perisylvian_Syndrome1028.jpg,Perisylvian Syndrome
C:\Users\HishamMo\Desktop\999_cs\Quantum_Inpired_PSO_Classifcation\MRI_dataset\Perisylvian Syndrome\Perisylvian_Syndrome1029.jpg,Perisylvian Syndrome
C:\Users\HishamMo\Desktop\999_cs\Quantum_Inpired_PSO_Classifcation\MRI_dataset\Perisylvian Syndrome\Perisylvian_Syndrome103.jpg,Perisylvian Syndrome
C:\Users\HishamMo\Desktop\999_cs\Quantum_Inpired_PSO_Classifcation\MRI_dataset\Perisylvian Syndrome\Perisylvian_Syndrome1030.jpg,Perisylvian Syndrome
C:\Users\HishamMo\Desktop\999_cs\Quantum_Inpired_PSO_Classifcation\MRI_dataset\Perisylvian Syndrome\Perisylvian_Syndrome1031.jpg,Perisylvian Syndrome
C:\Users\HishamMo\Desktop\999_cs\Quantum_Inpired_PSO_Classifcation\MRI_dataset\Perisylvian Syndrome\Perisylvian_Syndrome1032.jpg,Perisylvian Syndrome
C:\Users\HishamMo\Desktop\999_cs\Quantum_Inpired_PSO_Classifcation\MRI_dataset\Perisylvian Syndrome\Perisylvian_Syndrome1033.jpg,Perisylvian Syndrome
C:\Users\HishamMo\Desktop\999_cs\Quantum_Inpired_PSO_Classifcation\MRI_dataset\Perisylvian Syndrome\Perisylvian_Syndrome1034.jpg,Perisylvian Syndrome
C:\Users\HishamMo\Desktop\999_cs\Quantum_Inpired_PSO_Classifcation\MRI_dataset\Perisylvian Syndrome\Perisylvian_Syndrome1035.jpg,Perisylvian Syndrome
C:\Users\HishamMo\Desktop\999_cs\Quantum_Inpired_PSO_Classifcation\MRI_dataset\Perisylvian Syndrome\Perisylvian_Syndrome1036.jpg,Perisylvian Syndrome
C:\Users\HishamMo\Desktop\999_cs\Quantum_Inpired_PSO_Classifcation\MRI_dataset\Perisylvian Syndrome\Perisylvian_Syndrome1037.jpg,Perisylvian Syndrome
C:\Users\HishamMo\Desktop\999_cs\Quantum_Inpired_PSO_Classifcation\MRI_dataset\Perisylvian Syndrome\Perisylvian_Syndrome1038.jpg,Perisylvian Syndrome
C:\Users\HishamMo\Desktop\999_cs\Quantum_Inpired_PSO_Classifcation\MRI_dataset\Perisylvian Syndrome\Perisylvian_Syndrome1039.jpg,Perisylvian Syndrome
C:\Users\HishamMo\Desktop\999_cs\Quantum_Inpired_PSO_Classifcation\MRI_dataset\Perisylvian Syndrome\Perisylvian_Syndrome104.jpg,Perisylvian Syndrome
C:\Users\HishamMo\Desktop\999_cs\Quantum_Inpired_PSO_Classifcation\MRI_dataset\Perisylvian Syndrome\Perisylvian_Syndrome1040.jpg,Perisylvian Syndrome
C:\Users\HishamMo\Desktop\999_cs\Quantum_Inpired_PSO_Classifcation\MRI_dataset\Perisylvian Syndrome\Perisylvian_Syndrome1041.jpg,Perisylvian Syndrome
C:\Users\HishamMo\Desktop\999_cs\Quantum_Inpired_PSO_Classifcation\MRI_dataset\Perisylvian Syndrome\Perisylvian_Syndrome1042.jpg,Perisylvian Syndrome
C:\Users\HishamMo\Desktop\999_cs\Quantum_Inpired_PSO_Classifcation\MRI_dataset\Perisylvian Syndrome\Perisylvian_Syndrome1043.jpg,Perisylvian Syndrome
C:\Users\HishamMo\Desktop\999_cs\Quantum_Inpired_PSO_Classifcation\MRI_dataset\Perisylvian Syndrome\Perisylvian_Syndrome1044.jpg,Perisylvian Syndrome
C:\Users\HishamMo\Desktop\999_cs\Quantum_Inpired_PSO_Classifcation\MRI_dataset\Perisylvian Syndrome\Perisylvian_Syndrome1045.jpg,Perisylvian Syndrome
C:\Users\HishamMo\Desktop\999_cs\Quantum_Inpired_PSO_Classifcation\MRI_dataset\Perisylvian Syndrome\Perisylvian_Syndrome1046.jpg,Perisylvian Syndrome
C:\Users\HishamMo\Desktop\999_cs\Quantum_Inpired_PSO_Classifcation\MRI_dataset\Perisylvian Syndrome\Perisylvian_Syndrome1047.jpg,Perisylvian Syndrome
C:\Users\HishamMo\Desktop\999_cs\Quantum_Inpired_PSO_Classifcation\MRI_dataset\Perisylvian Syndrome\Perisylvian_Syndrome1048.jpg,Perisylvian Syndrome
C:\Users\HishamMo\Desktop\999_cs\Quantum_Inpired_PSO_Classifcation\MRI_dataset\Perisylvian Syndrome\Perisylvian_Syndrome1049.jpg,Perisylvian Syndrome
C:\Users\HishamMo\Desktop\999_cs\Quantum_Inpired_PSO_Classifcation\MRI_dataset\Perisylvian Syndrome\Perisylvian_Syndrome105.jpg,Perisylvian Syndrome
C:\Users\HishamMo\Desktop\999_cs\Quantum_Inpired_PSO_Classifcation\MRI_dataset\Perisylvian Syndrome\Perisylvian_Syndrome1050.jpg,Perisylvian Syndrome
C:\Users\HishamMo\Desktop\999_cs\Quantum_Inpired_PSO_Classifcation\MRI_dataset\Perisylvian Syndrome\Perisylvian_Syndrome1051.jpg,Perisylvian Syndrome
C:\Users\HishamMo\Desktop\999_cs\Quantum_Inpired_PSO_Classifcation\MRI_dataset\Perisylvian Syndrome\Perisylvian_Syndrome1052.jpg,Perisylvian Syndrome
C:\Users\HishamMo\Desktop\999_cs\Quantum_Inpired_PSO_Classifcation\MRI_dataset\Perisylvian Syndrome\Perisylvian_Syndrome1053.jpg,Perisylvian Syndrome
C:\Users\HishamMo\Desktop\999_cs\Quantum_Inpired_PSO_Classifcation\MRI_dataset\Perisylvian Syndrome\Perisylvian_Syndrome1054.jpg,Perisylvian Syndrome
C:\Users\HishamMo\Desktop\999_cs\Quantum_Inpired_PSO_Classifcation\MRI_dataset\Perisylvian Syndrome\Perisylvian_Syndrome1055.jpg,Perisylvian Syndrome
C:\Users\HishamMo\Desktop\999_cs\Quantum_Inpired_PSO_Classifcation\MRI_dataset\Perisylvian Syndrome\Perisylvian_Syndrome1056.jpg,Perisylvian Syndrome
C:\Users\HishamMo\Desktop\999_cs\Quantum_Inpired_PSO_Classifcation\MRI_dataset\Perisylvian Syndrome\Perisylvian_Syndrome1057.jpg,Perisylvian Syndrome
C:\Users\HishamMo\Desktop\999_cs\Quantum_Inpired_PSO_Classifcation\MRI_dataset\Perisylvian Syndrome\Perisylvian_Syndrome1058.jpg,Perisylvian Syndrome
C:\Users\HishamMo\Desktop\999_cs\Quantum_Inpired_PSO_Classifcation\MRI_dataset\Perisylvian Syndrome\Perisylvian_Syndrome1059.jpg,Perisylvian Syndrome
C:\Users\HishamMo\Desktop\999_cs\Quantum_Inpired_PSO_Classifcation\MRI_dataset\Perisylvian Syndrome\Perisylvian_Syndrome106.jpg,Perisylvian Syndrome
C:\Users\HishamMo\Desktop\999_cs\Quantum_Inpired_PSO_Classifcation\MRI_dataset\Perisylvian Syndrome\Perisylvian_Syndrome1060.jpg,Perisylvian Syndrome
C:\Users\HishamMo\Desktop\999_cs\Quantum_Inpired_PSO_Classifcation\MRI_dataset\Perisylvian Syndrome\Perisylvian_Syndrome1061.jpg,Perisylvian Syndrome
C:\Users\HishamMo\Desktop\999_cs\Quantum_Inpired_PSO_Classifcation\MRI_dataset\Perisylvian Syndrome\Perisylvian_Syndrome1062.jpg,Perisylvian Syndrome
C:\Users\HishamMo\Desktop\999_cs\Quantum_Inpired_PSO_Classifcation\MRI_dataset\Perisylvian Syndrome\Perisylvian_Syndrome1063.jpg,Perisylvian Syndrome
C:\Users\HishamMo\Desktop\999_cs\Quantum_Inpired_PSO_Classifcation\MRI_dataset\Perisylvian Syndrome\Perisylvian_Syndrome1064.jpg,Perisylvian Syndrome
C:\Users\HishamMo\Desktop\999_cs\Quantum_Inpired_PSO_Classifcation\MRI_dataset\Perisylvian Syndrome\Perisylvian_Syndrome1065.jpg,Perisylvian Syndrome
C:\Users\HishamMo\Desktop\999_cs\Quantum_Inpired_PSO_Classifcation\MRI_dataset\Perisylvian Syndrome\Perisylvian_Syndrome1066.jpg,Perisylvian Syndrome
C:\Users\HishamMo\Desktop\999_cs\Quantum_Inpired_PSO_Classifcation\MRI_dataset\Perisylvian Syndrome\Perisylvian_Syndrome1067.jpg,Perisylvian Syndrome
C:\Users\HishamMo\Desktop\999_cs\Quantum_Inpired_PSO_Classifcation\MRI_dataset\Perisylvian Syndrome\Perisylvian_Syndrome1068.jpg,Perisylvian Syndrome
C:\Users\HishamMo\Desktop\999_cs\Quantum_Inpired_PSO_Classifcation\MRI_dataset\Perisylvian Syndrome\Perisylvian_Syndrome1069.jpg,Perisylvian Syndrome
C:\Users\HishamMo\Desktop\999_cs\Quantum_Inpired_PSO_Classifcation\MRI_dataset\Perisylvian Syndrome\Perisylvian_Syndrome107.jpg,Perisylvian Syndrome
C:\Users\HishamMo\Desktop\999_cs\Quantum_Inpired_PSO_Classifcation\MRI_dataset\Perisylvian Syndrome\Perisylvian_Syndrome1070.jpg,Perisylvian Syndrome
C:\Users\HishamMo\Desktop\999_cs\Quantum_Inpired_PSO_Classifcation\MRI_dataset\Perisylvian Syndrome\Perisylvian_Syndrome1071.jpg,Perisylvian Syndrome
C:\Users\HishamMo\Desktop\999_cs\Quantum_Inpired_PSO_Classifcation\MRI_dataset\Perisylvian Syndrome\Perisylvian_Syndrome1072.jpg,Perisylvian Syndrome
C:\Users\HishamMo\Desktop\999_cs\Quantum_Inpired_PSO_Classifcation\MRI_dataset\Perisylvian Syndrome\Perisylvian_Syndrome1073.jpg,Perisylvian Syndrome
C:\Users\HishamMo\Desktop\999_cs\Quantum_Inpired_PSO_Classifcation\MRI_dataset\Perisylvian Syndrome\Perisylvian_Syndrome1074.jpg,Perisylvian Syndrome
C:\Users\HishamMo\Desktop\999_cs\Quantum_Inpired_PSO_Classifcation\MRI_dataset\Perisylvian Syndrome\Perisylvian_Syndrome1075.jpg,Perisylvian Syndrome
C:\Users\HishamMo\Desktop\999_cs\Quantum_Inpired_PSO_Classifcation\MRI_dataset\Perisylvian Syndrome\Perisylvian_Syndrome1076.jpg,Perisylvian Syndrome
C:\Users\HishamMo\Desktop\999_cs\Quantum_Inpired_PSO_Classifcation\MRI_dataset\Perisylvian Syndrome\Perisylvian_Syndrome1077.jpg,Perisylvian Syndrome
C:\Users\HishamMo\Desktop\999_cs\Quantum_Inpired_PSO_Classifcation\MRI_dataset\Perisylvian Syndrome\Perisylvian_Syndrome1078.jpg,Perisylvian Syndrome
C:\Users\HishamMo\Desktop\999_cs\Quantum_Inpired_PSO_Classifcation\MRI_dataset\Perisylvian Syndrome\Perisylvian_Syndrome1079.jpg,Perisylvian Syndrome
C:\Users\HishamMo\Desktop\999_cs\Quantum_Inpired_PSO_Classifcation\MRI_dataset\Perisylvian Syndrome\Perisylvian_Syndrome108.jpg,Perisylvian Syndrome
C:\Users\HishamMo\Desktop\999_cs\Quantum_Inpired_PSO_Classifcation\MRI_dataset\Perisylvian Syndrome\Perisylvian_Syndrome1080.jpg,Perisylvian Syndrome
C:\Users\HishamMo\Desktop\999_cs\Quantum_Inpired_PSO_Classifcation\MRI_dataset\Perisylvian Syndrome\Perisylvian_Syndrome1081.jpg,Perisylvian Syndrome
C:\Users\HishamMo\Desktop\999_cs\Quantum_Inpired_PSO_Classifcation\MRI_dataset\Perisylvian Syndrome\Perisylvian_Syndrome1082.jpg,Perisylvian Syndrome
C:\Users\HishamMo\Desktop\999_cs\Quantum_Inpired_PSO_Classifcation\MRI_dataset\Perisylvian Syndrome\Perisylvian_Syndrome1083.jpg,Perisylvian Syndrome
C:\Users\HishamMo\Desktop\999_cs\Quantum_Inpired_PSO_Classifcation\MRI_dataset\Perisylvian Syndrome\Perisylvian_Syndrome1084.jpg,Perisylvian Syndrome
C:\Users\HishamMo\Desktop\999_cs\Quantum_Inpired_PSO_Classifcation\MRI_dataset\Perisylvian Syndrome\Perisylvian_Syndrome1085.jpg,Perisylvian Syndrome
C:\Users\HishamMo\Desktop\999_cs\Quantum_Inpired_PSO_Classifcation\MRI_dataset\Perisylvian Syndrome\Perisylvian_Syndrome1086.jpg,Perisylvian Syndrome
C:\Users\HishamMo\Desktop\999_cs\Quantum_Inpired_PSO_Classifcation\MRI_dataset\Perisylvian Syndrome\Perisylvian_Syndrome1087.jpg,Perisylvian Syndrome
C:\Users\HishamMo\Desktop\999_cs\Quantum_Inpired_PSO_Classifcation\MRI_dataset\Perisylvian Syndrome\Perisylvian_Syndrome1088.jpg,Perisylvian Syndrome
C:\Users\HishamMo\Desktop\999_cs\Quantum_Inpired_PSO_Classifcation\MRI_dataset\Perisylvian Syndrome\Perisylvian_Syndrome1089.jpg,Perisylvian Syndrome
C:\Users\HishamMo\Desktop\999_cs\Quantum_Inpired_PSO_Classifcation\MRI_dataset\Perisylvian Syndrome\Perisylvian_Syndrome109.jpg,Perisylvian Syndrome
C:\Users\HishamMo\Desktop\999_cs\Quantum_Inpired_PSO_Classifcation\MRI_dataset\Perisylvian Syndrome\Perisylvian_Syndrome1090.jpg,Perisylvian Syndrome
C:\Users\HishamMo\Desktop\999_cs\Quantum_Inpired_PSO_Classifcation\MRI_dataset\Perisylvian Syndrome\Perisylvian_Syndrome1091.jpg,Perisylvian Syndrome
C:\Users\HishamMo\Desktop\999_cs\Quantum_Inpired_PSO_Classifcation\MRI_dataset\Perisylvian Syndrome\Perisylvian_Syndrome1092.jpg,Perisylvian Syndrome
C:\Users\HishamMo\Desktop\999_cs\Quantum_Inpired_PSO_Classifcation\MRI_dataset\Perisylvian Syndrome\Perisylvian_Syndrome1093.jpg,Perisylvian Syndrome
C:\Users\HishamMo\Desktop\999_cs\Quantum_Inpired_PSO_Classifcation\MRI_dataset\Perisylvian Syndrome\Perisylvian_Syndrome1094.jpg,Perisylvian Syndrome
C:\Users\HishamMo\Desktop\999_cs\Quantum_Inpired_PSO_Classifcation\MRI_dataset\Perisylvian Syndrome\Perisylvian_Syndrome1095.jpg,Perisylvian Syndrome
C:\Users\HishamMo\Desktop\999_cs\Quantum_Inpired_PSO_Classifcation\MRI_dataset\Perisylvian Syndrome\Perisylvian_Syndrome1096.jpg,Perisylvian Syndrome
C:\Users\HishamMo\Desktop\999_cs\Quantum_Inpired_PSO_Classifcation\MRI_dataset\Perisylvian Syndrome\Perisylvian_Syndrome1097.jpg,Perisylvian Syndrome
C:\Users\HishamMo\Desktop\999_cs\Quantum_Inpired_PSO_Classifcation\MRI_dataset\Perisylvian Syndrome\Perisylvian_Syndrome1098.jpg,Perisylvian Syndrome
C:\Users\HishamMo\Desktop\999_cs\Quantum_Inpired_PSO_Classifcation\MRI_dataset\Perisylvian Syndrome\Perisylvian_Syndrome1099.jpg,Perisylvian Syndrome
C:\Users\HishamMo\Desktop\999_cs\Quantum_Inpired_PSO_Classifcation\MRI_dataset\Perisylvian Syndrome\Perisylvian_Syndrome110.jpg,Perisylvian Syndrome
C:\Users\HishamMo\Desktop\999_cs\Quantum_Inpired_PSO_Classifcation\MRI_dataset\Perisylvian Syndrome\Perisylvian_Syndrome1100.jpg,Perisylvian Syndrome
C:\Users\HishamMo\Desktop\999_cs\Quantum_Inpired_PSO_Classifcation\MRI_dataset\Perisylvian Syndrome\Perisylvian_Syndrome1101.jpg,Perisylvian Syndrome
C:\Users\HishamMo\Desktop\999_cs\Quantum_Inpired_PSO_Classifcation\MRI_dataset\Perisylvian Syndrome\Perisylvian_Syndrome1102.jpg,Perisylvian Syndrome
C:\Users\HishamMo\Desktop\999_cs\Quantum_Inpired_PSO_Classifcation\MRI_dataset\Perisylvian Syndrome\Perisylvian_Syndrome1103.jpg,Perisylvian Syndrome
C:\Users\HishamMo\Desktop\999_cs\Quantum_Inpired_PSO_Classifcation\MRI_dataset\Perisylvian Syndrome\Perisylvian_Syndrome1104.jpg,Perisylvian Syndrome
C:\Users\HishamMo\Desktop\999_cs\Quantum_Inpired_PSO_Classifcation\MRI_dataset\Perisylvian Syndrome\Perisylvian_Syndrome1105.jpg,Perisylvian Syndrome
C:\Users\HishamMo\Desktop\999_cs\Quantum_Inpired_PSO_Classifcation\MRI_dataset\Perisylvian Syndrome\Perisylvian_Syndrome1106.jpg,Perisylvian Syndrome
C:\Users\HishamMo\Desktop\999_cs\Quantum_Inpired_PSO_Classifcation\MRI_dataset\Perisylvian Syndrome\Perisylvian_Syndrome1107.jpg,Perisylvian Syndrome
C:\Users\HishamMo\Desktop\999_cs\Quantum_Inpired_PSO_Classifcation\MRI_dataset\Perisylvian Syndrome\Perisylvian_Syndrome1108.jpg,Perisylvian Syndrome
C:\Users\HishamMo\Desktop\999_cs\Quantum_Inpired_PSO_Classifcation\MRI_dataset\Perisylvian Syndrome\Perisylvian_Syndrome1109.jpg,Perisylvian Syndrome
C:\Users\HishamMo\Desktop\999_cs\Quantum_Inpired_PSO_Classifcation\MRI_dataset\Perisylvian Syndrome\Perisylvian_Syndrome111.jpg,Perisylvian Syndrome
C:\Users\HishamMo\Desktop\999_cs\Quantum_Inpired_PSO_Classifcation\MRI_dataset\Perisylvian Syndrome\Perisylvian_Syndrome1110.jpg,Perisylvian Syndrome
C:\Users\HishamMo\Desktop\999_cs\Quantum_Inpired_PSO_Classifcation\MRI_dataset\Perisylvian Syndrome\Perisylvian_Syndrome1111.jpg,Perisylvian Syndrome
C:\Users\HishamMo\Desktop\999_cs\Quantum_Inpired_PSO_Classifcation\MRI_dataset\Perisylvian Syndrome\Perisylvian_Syndrome1112.jpg,Perisylvian Syndrome
C:\Users\HishamMo\Desktop\999_cs\Quantum_Inpired_PSO_Classifcation\MRI_dataset\Perisylvian Syndrome\Perisylvian_Syndrome1113.jpg,Perisylvian Syndrome
C:\Users\HishamMo\Desktop\999_cs\Quantum_Inpired_PSO_Classifcation\MRI_dataset\Perisylvian Syndrome\Perisylvian_Syndrome1114.jpg,Perisylvian Syndrome
C:\Users\HishamMo\Desktop\999_cs\Quantum_Inpired_PSO_Classifcation\MRI_dataset\Perisylvian Syndrome\Perisylvian_Syndrome1115.jpg,Perisylvian Syndrome
C:\Users\HishamMo\Desktop\999_cs\Quantum_Inpired_PSO_Classifcation\MRI_dataset\Perisylvian Syndrome\Perisylvian_Syndrome1116.jpg,Perisylvian Syndrome
C:\Users\HishamMo\Desktop\999_cs\Quantum_Inpired_PSO_Classifcation\MRI_dataset\Perisylvian Syndrome\Perisylvian_Syndrome1117.jpg,Perisylvian Syndrome
C:\Users\HishamMo\Desktop\999_cs\Quantum_Inpired_PSO_Classifcation\MRI_dataset\Perisylvian Syndrome\Perisylvian_Syndrome1118.jpg,Perisylvian Syndrome
C:\Users\HishamMo\Desktop\999_cs\Quantum_Inpired_PSO_Classifcation\MRI_dataset\Perisylvian Syndrome\Perisylvian_Syndrome1119.jpg,Perisylvian Syndrome
C:\Users\HishamMo\Desktop\999_cs\Quantum_Inpired_PSO_Classifcation\MRI_dataset\Perisylvian Syndrome\Perisylvian_Syndrome112.jpg,Perisylvian Syndrome
C:\Users\HishamMo\Desktop\999_cs\Quantum_Inpired_PSO_Classifcation\MRI_dataset\Perisylvian Syndrome\Perisylvian_Syndrome1120.jpg,Perisylvian Syndrome
C:\Users\HishamMo\Desktop\999_cs\Quantum_Inpired_PSO_Classifcation\MRI_dataset\Perisylvian Syndrome\Perisylvian_Syndrome1121.jpg,Perisylvian Syndrome
C:\Users\HishamMo\Desktop\999_cs\Quantum_Inpired_PSO_Classifcation\MRI_dataset\Perisylvian Syndrome\Perisylvian_Syndrome1122.jpg,Perisylvian Syndrome
C:\Users\HishamMo\Desktop\999_cs\Quantum_Inpired_PSO_Classifcation\MRI_dataset\Perisylvian Syndrome\Perisylvian_Syndrome1123.jpg,Perisylvian Syndrome
C:\Users\HishamMo\Desktop\999_cs\Quantum_Inpired_PSO_Classifcation\MRI_dataset\Perisylvian Syndrome\Perisylvian_Syndrome1124.jpg,Perisylvian Syndrome
C:\Users\HishamMo\Desktop\999_cs\Quantum_Inpired_PSO_Classifcation\MRI_dataset\Perisylvian Syndrome\Perisylvian_Syndrome1125.jpg,Perisylvian Syndrome
C:\Users\HishamMo\Desktop\999_cs\Quantum_Inpired_PSO_Classifcation\MRI_dataset\Perisylvian Syndrome\Perisylvian_Syndrome1126.jpg,Perisylvian Syndrome
C:\Users\HishamMo\Desktop\999_cs\Quantum_Inpired_PSO_Classifcation\MRI_dataset\Perisylvian Syndrome\Perisylvian_Syndrome1127.jpg,Perisylvian Syndrome
C:\Users\HishamMo\Desktop\999_cs\Quantum_Inpired_PSO_Classifcation\MRI_dataset\Perisylvian Syndrome\Perisylvian_Syndrome1128.jpg,Perisylvian Syndrome
C:\Users\HishamMo\Desktop\999_cs\Quantum_Inpired_PSO_Classifcation\MRI_dataset\Perisylvian Syndrome\Perisylvian_Syndrome1129.jpg,Perisylvian Syndrome
C:\Users\HishamMo\Desktop\999_cs\Quantum_Inpired_PSO_Classifcation\MRI_dataset\Perisylvian Syndrome\Perisylvian_Syndrome113.jpg,Perisylvian Syndrome
C:\Users\HishamMo\Desktop\999_cs\Quantum_Inpired_PSO_Classifcation\MRI_dataset\Perisylvian Syndrome\Perisylvian_Syndrome1130.jpg,Perisylvian Syndrome
C:\Users\HishamMo\Desktop\999_cs\Quantum_Inpired_PSO_Classifcation\MRI_dataset\Perisylvian Syndrome\Perisylvian_Syndrome1131.jpg,Perisylvian Syndrome
C:\Users\HishamMo\Desktop\999_cs\Quantum_Inpired_PSO_Classifcation\MRI_dataset\Perisylvian Syndrome\Perisylvian_Syndrome1132.jpg,Perisylvian Syndrome
C:\Users\HishamMo\Desktop\999_cs\Quantum_Inpired_PSO_Classifcation\MRI_dataset\Perisylvian Syndrome\Perisylvian_Syndrome1133.jpg,Perisylvian Syndrome
C:\Users\HishamMo\Desktop\999_cs\Quantum_Inpired_PSO_Classifcation\MRI_dataset\Perisylvian Syndrome\Perisylvian_Syndrome1134.jpg,Perisylvian Syndrome
C:\Users\HishamMo\Desktop\999_cs\Quantum_Inpired_PSO_Classifcation\MRI_dataset\Perisylvian Syndrome\Perisylvian_Syndrome1135.jpg,Perisylvian Syndrome
C:\Users\HishamMo\Desktop\999_cs\Quantum_Inpired_PSO_Classifcation\MRI_dataset\Perisylvian Syndrome\Perisylvian_Syndrome1136.jpg,Perisylvian Syndrome
C:\Users\HishamMo\Desktop\999_cs\Quantum_Inpired_PSO_Classifcation\MRI_dataset\Perisylvian Syndrome\Perisylvian_Syndrome1137.jpg,Perisylvian Syndrome
C:\Users\HishamMo\Desktop\999_cs\Quantum_Inpired_PSO_Classifcation\MRI_dataset\Perisylvian Syndrome\Perisylvian_Syndrome1138.jpg,Perisylvian Syndrome
C:\Users\HishamMo\Desktop\999_cs\Quantum_Inpired_PSO_Classifcation\MRI_dataset\Perisylvian Syndrome\Perisylvian_Syndrome1139.jpg,Perisylvian Syndrome
C:\Users\HishamMo\Desktop\999_cs\Quantum_Inpired_PSO_Classifcation\MRI_dataset\Perisylvian Syndrome\Perisylvian_Syndrome114.jpg,Perisylvian Syndrome
C:\Users\HishamMo\Desktop\999_cs\Quantum_Inpired_PSO_Classifcation\MRI_dataset\Perisylvian Syndrome\Perisylvian_Syndrome1140.jpg,Perisylvian Syndrome
C:\Users\HishamMo\Desktop\999_cs\Quantum_Inpired_PSO_Classifcation\MRI_dataset\Perisylvian Syndrome\Perisylvian_Syndrome1141.jpg,Perisylvian Syndrome
C:\Users\HishamMo\Desktop\999_cs\Quantum_Inpired_PSO_Classifcation\MRI_dataset\Perisylvian Syndrome\Perisylvian_Syndrome1142.jpg,Perisylvian Syndrome
C:\Users\HishamMo\Desktop\999_cs\Quantum_Inpired_PSO_Classifcation\MRI_dataset\Perisylvian Syndrome\Perisylvian_Syndrome1143.jpg,Perisylvian Syndrome
C:\Users\HishamMo\Desktop\999_cs\Quantum_Inpired_PSO_Classifcation\MRI_dataset\Perisylvian Syndrome\Perisylvian_Syndrome1144.jpg,Perisylvian Syndrome
C:\Users\HishamMo\Desktop\999_cs\Quantum_Inpired_PSO_Classifcation\MRI_dataset\Perisylvian Syndrome\Perisylvian_Syndrome1145.jpg,Perisylvian Syndrome
C:\Users\HishamMo\Desktop\999_cs\Quantum_Inpired_PSO_Classifcation\MRI_dataset\Perisylvian Syndrome\Perisylvian_Syndrome1146.jpg,Perisylvian Syndrome
C:\Users\HishamMo\Desktop\999_cs\Quantum_Inpired_PSO_Classifcation\MRI_dataset\Perisylvian Syndrome\Perisylvian_Syndrome1147.jpg,Perisylvian Syndrome
C:\Users\HishamMo\Desktop\999_cs\Quantum_Inpired_PSO_Classifcation\MRI_dataset\Perisylvian Syndrome\Perisylvian_Syndrome1148.jpg,Perisylvian Syndrome
C:\Users\HishamMo\Desktop\999_cs\Quantum_Inpired_PSO_Classifcation\MRI_dataset\Perisylvian Syndrome\Perisylvian_Syndrome1149.jpg,Perisylvian Syndrome
C:\Users\HishamMo\Desktop\999_cs\Quantum_Inpired_PSO_Classifcation\MRI_dataset\Perisylvian Syndrome\Perisylvian_Syndrome115.jpg,Perisylvian Syndrome
C:\Users\HishamMo\Desktop\999_cs\Quantum_Inpired_PSO_Classifcation\MRI_dataset\Perisylvian Syndrome\Perisylvian_Syndrome1150.jpg,Perisylvian Syndrome
C:\Users\HishamMo\Desktop\999_cs\Quantum_Inpired_PSO_Classifcation\MRI_dataset\Perisylvian Syndrome\Perisylvian_Syndrome1151.jpg,Perisylvian Syndrome
C:\Users\HishamMo\Desktop\999_cs\Quantum_Inpired_PSO_Classifcation\MRI_dataset\Perisylvian Syndrome\Perisylvian_Syndrome1152.jpg,Perisylvian Syndrome
C:\Users\HishamMo\Desktop\999_cs\Quantum_Inpired_PSO_Classifcation\MRI_dataset\Perisylvian Syndrome\Perisylvian_Syndrome1153.jpg,Perisylvian Syndrome
C:\Users\HishamMo\Desktop\999_cs\Quantum_Inpired_PSO_Classifcation\MRI_dataset\Perisylvian Syndrome\Perisylvian_Syndrome1154.jpg,Perisylvian Syndrome
C:\Users\HishamMo\Desktop\999_cs\Quantum_Inpired_PSO_Classifcation\MRI_dataset\Perisylvian Syndrome\Perisylvian_Syndrome1155.jpg,Perisylvian Syndrome
C:\Users\HishamMo\Desktop\999_cs\Quantum_Inpired_PSO_Classifcation\MRI_dataset\Perisylvian Syndrome\Perisylvian_Syndrome1156.jpg,Perisylvian Syndrome
C:\Users\HishamMo\Desktop\999_cs\Quantum_Inpired_PSO_Classifcation\MRI_dataset\Perisylvian Syndrome\Perisylvian_Syndrome1157.jpg,Perisylvian Syndrome
C:\Users\HishamMo\Desktop\999_cs\Quantum_Inpired_PSO_Classifcation\MRI_dataset\Perisylvian Syndrome\Perisylvian_Syndrome1158.jpg,Perisylvian Syndrome
C:\Users\HishamMo\Desktop\999_cs\Quantum_Inpired_PSO_Classifcation\MRI_dataset\Perisylvian Syndrome\Perisylvian_Syndrome1159.jpg,Perisylvian Syndrome
C:\Users\HishamMo\Desktop\999_cs\Quantum_Inpired_PSO_Classifcation\MRI_dataset\Perisylvian Syndrome\Perisylvian_Syndrome116.jpg,Perisylvian Syndrome
C:\Users\HishamMo\Desktop\999_cs\Quantum_Inpired_PSO_Classifcation\MRI_dataset\Perisylvian Syndrome\Perisylvian_Syndrome1160.jpg,Perisylvian Syndrome
C:\Users\HishamMo\Desktop\999_cs\Quantum_Inpired_PSO_Classifcation\MRI_dataset\Perisylvian Syndrome\Perisylvian_Syndrome1161.jpg,Perisylvian Syndrome
C:\Users\HishamMo\Desktop\999_cs\Quantum_Inpired_PSO_Classifcation\MRI_dataset\Perisylvian Syndrome\Perisylvian_Syndrome1162.jpg,Perisylvian Syndrome
C:\Users\HishamMo\Desktop\999_cs\Quantum_Inpired_PSO_Classifcation\MRI_dataset\Perisylvian Syndrome\Perisylvian_Syndrome1163.jpg,Perisylvian Syndrome
C:\Users\HishamMo\Desktop\999_cs\Quantum_Inpired_PSO_Classifcation\MRI_dataset\Perisylvian Syndrome\Perisylvian_Syndrome1164.jpg,Perisylvian Syndrome
C:\Users\HishamMo\Desktop\999_cs\Quantum_Inpired_PSO_Classifcation\MRI_dataset\Perisylvian Syndrome\Perisylvian_Syndrome1165.jpg,Perisylvian Syndrome
C:\Users\HishamMo\Desktop\999_cs\Quantum_Inpired_PSO_Classifcation\MRI_dataset\Perisylvian Syndrome\Perisylvian_Syndrome1166.jpg,Perisylvian Syndrome
C:\Users\HishamMo\Desktop\999_cs\Quantum_Inpired_PSO_Classifcation\MRI_dataset\Perisylvian Syndrome\Perisylvian_Syndrome1167.jpg,Perisylvian Syndrome
C:\Users\HishamMo\Desktop\999_cs\Quantum_Inpired_PSO_Classifcation\MRI_dataset\Perisylvian Syndrome\Perisylvian_Syndrome1168.jpg,Perisylvian Syndrome
C:\Users\HishamMo\Desktop\999_cs\Quantum_Inpired_PSO_Classifcation\MRI_dataset\Perisylvian Syndrome\Perisylvian_Syndrome1169.jpg,Perisylvian Syndrome
C:\Users\HishamMo\Desktop\999_cs\Quantum_Inpired_PSO_Classifcation\MRI_dataset\Perisylvian Syndrome\Perisylvian_Syndrome117.jpg,Perisylvian Syndrome
C:\Users\HishamMo\Desktop\999_cs\Quantum_Inpired_PSO_Classifcation\MRI_dataset\Perisylvian Syndrome\Perisylvian_Syndrome1170.jpg,Perisylvian Syndrome
C:\Users\HishamMo\Desktop\999_cs\Quantum_Inpired_PSO_Classifcation\MRI_dataset\Perisylvian Syndrome\Perisylvian_Syndrome1171.jpg,Perisylvian Syndrome
C:\Users\HishamMo\Desktop\999_cs\Quantum_Inpired_PSO_Classifcation\MRI_dataset\Perisylvian Syndrome\Perisylvian_Syndrome1172.jpg,Perisylvian Syndrome
C:\Users\HishamMo\Desktop\999_cs\Quantum_Inpired_PSO_Classifcation\MRI_dataset\Perisylvian Syndrome\Perisylvian_Syndrome1173.jpg,Perisylvian Syndrome
C:\Users\HishamMo\Desktop\999_cs\Quantum_Inpired_PSO_Classifcation\MRI_dataset\Perisylvian Syndrome\Perisylvian_Syndrome1174.jpg,Perisylvian Syndrome
C:\Users\HishamMo\Desktop\999_cs\Quantum_Inpired_PSO_Classifcation\MRI_dataset\Perisylvian Syndrome\Perisylvian_Syndrome1175.jpg,Perisylvian Syndrome
C:\Users\HishamMo\Desktop\999_cs\Quantum_Inpired_PSO_Classifcation\MRI_dataset\Perisylvian Syndrome\Perisylvian_Syndrome1176.jpg,Perisylvian Syndrome
C:\Users\HishamMo\Desktop\999_cs\Quantum_Inpired_PSO_Classifcation\MRI_dataset\Perisylvian Syndrome\Perisylvian_Syndrome1177.jpg,Perisylvian Syndrome
C:\Users\HishamMo\Desktop\999_cs\Quantum_Inpired_PSO_Classifcation\MRI_dataset\Perisylvian Syndrome\Perisylvian_Syndrome1178.jpg,Perisylvian Syndrome
C:\Users\HishamMo\Desktop\999_cs\Quantum_Inpired_PSO_Classifcation\MRI_dataset\Perisylvian Syndrome\Perisylvian_Syndrome1179.jpg,Perisylvian Syndrome
C:\Users\HishamMo\Desktop\999_cs\Quantum_Inpired_PSO_Classifcation\MRI_dataset\Perisylvian Syndrome\Perisylvian_Syndrome118.jpg,Perisylvian Syndrome
C:\Users\HishamMo\Desktop\999_cs\Quantum_Inpired_PSO_Classifcation\MRI_dataset\Perisylvian Syndrome\Perisylvian_Syndrome1180.jpg,Perisylvian Syndrome
C:\Users\HishamMo\Desktop\999_cs\Quantum_Inpired_PSO_Classifcation\MRI_dataset\Perisylvian Syndrome\Perisylvian_Syndrome1181.jpg,Perisylvian Syndrome
C:\Users\HishamMo\Desktop\999_cs\Quantum_Inpired_PSO_Classifcation\MRI_dataset\Perisylvian Syndrome\Perisylvian_Syndrome1182.jpg,Perisylvian Syndrome
C:\Users\HishamMo\Desktop\999_cs\Quantum_Inpired_PSO_Classifcation\MRI_dataset\Perisylvian Syndrome\Perisylvian_Syndrome1183.jpg,Perisylvian Syndrome
C:\Users\HishamMo\Desktop\999_cs\Quantum_Inpired_PSO_Classifcation\MRI_dataset\Perisylvian Syndrome\Perisylvian_Syndrome1184.jpg,Perisylvian Syndrome
C:\Users\HishamMo\Desktop\999_cs\Quantum_Inpired_PSO_Classifcation\MRI_dataset\Perisylvian Syndrome\Perisylvian_Syndrome1185.jpg,Perisylvian Syndrome
C:\Users\HishamMo\Desktop\999_cs\Quantum_Inpired_PSO_Classifcation\MRI_dataset\Perisylvian Syndrome\Perisylvian_Syndrome1186.jpg,Perisylvian Syndrome
C:\Users\HishamMo\Desktop\999_cs\Quantum_Inpired_PSO_Classifcation\MRI_dataset\Perisylvian Syndrome\Perisylvian_Syndrome1187.jpg,Perisylvian Syndrome
C:\Users\HishamMo\Desktop\999_cs\Quantum_Inpired_PSO_Classifcation\MRI_dataset\Perisylvian Syndrome\Perisylvian_Syndrome1188.jpg,Perisylvian Syndrome
C:\Users\HishamMo\Desktop\999_cs\Quantum_Inpired_PSO_Classifcation\MRI_dataset\Perisylvian Syndrome\Perisylvian_Syndrome1189.jpg,Perisylvian Syndrome
C:\Users\HishamMo\Desktop\999_cs\Quantum_Inpired_PSO_Classifcation\MRI_dataset\Perisylvian Syndrome\Perisylvian_Syndrome119.jpg,Perisylvian Syndrome
C:\Users\HishamMo\Desktop\999_cs\Quantum_Inpired_PSO_Classifcation\MRI_dataset\Perisylvian Syndrome\Perisylvian_Syndrome1190.jpg,Perisylvian Syndrome
C:\Users\HishamMo\Desktop\999_cs\Quantum_Inpired_PSO_Classifcation\MRI_dataset\Perisylvian Syndrome\Perisylvian_Syndrome1191.jpg,Perisylvian Syndrome
C:\Users\HishamMo\Desktop\999_cs\Quantum_Inpired_PSO_Classifcation\MRI_dataset\Perisylvian Syndrome\Perisylvian_Syndrome1192.jpg,Perisylvian Syndrome
C:\Users\HishamMo\Desktop\999_cs\Quantum_Inpired_PSO_Classifcation\MRI_dataset\Perisylvian Syndrome\Perisylvian_Syndrome1193.jpg,Perisylvian Syndrome
C:\Users\HishamMo\Desktop\999_cs\Quantum_Inpired_PSO_Classifcation\MRI_dataset\Perisylvian Syndrome\Perisylvian_Syndrome1194.jpg,Perisylvian Syndrome
C:\Users\HishamMo\Desktop\999_cs\Quantum_Inpired_PSO_Classifcation\MRI_dataset\Perisylvian Syndrome\Perisylvian_Syndrome1195.jpg,Perisylvian Syndrome
C:\Users\HishamMo\Desktop\999_cs\Quantum_Inpired_PSO_Classifcation\MRI_dataset\Perisylvian Syndrome\Perisylvian_Syndrome1196.jpg,Perisylvian Syndrome
C:\Users\HishamMo\Desktop\999_cs\Quantum_Inpired_PSO_Classifcation\MRI_dataset\Perisylvian Syndrome\Perisylvian_Syndrome1197.jpg,Perisylvian Syndrome
C:\Users\HishamMo\Desktop\999_cs\Quantum_Inpired_PSO_Classifcation\MRI_dataset\Perisylvian Syndrome\Perisylvian_Syndrome1198.jpg,Perisylvian Syndrome
C:\Users\HishamMo\Desktop\999_cs\Quantum_Inpired_PSO_Classifcation\MRI_dataset\Perisylvian Syndrome\Perisylvian_Syndrome1199.jpg,Perisylvian Syndrome
C:\Users\HishamMo\Desktop\999_cs\Quantum_Inpired_PSO_Classifcation\MRI_dataset\Perisylvian Syndrome\Perisylvian_Syndrome120.jpg,Perisylvian Syndrome
C:\Users\HishamMo\Desktop\999_cs\Quantum_Inpired_PSO_Classifcation\MRI_dataset\Perisylvian Syndrome\Perisylvian_Syndrome1200.jpg,Perisylvian Syndrome
C:\Users\HishamMo\Desktop\999_cs\Quantum_Inpired_PSO_Classifcation\MRI_dataset\Perisylvian Syndrome\Perisylvian_Syndrome1201.jpg,Perisylvian Syndrome
C:\Users\HishamMo\Desktop\999_cs\Quantum_Inpired_PSO_Classifcation\MRI_dataset\Perisylvian Syndrome\Perisylvian_Syndrome1202.jpg,Perisylvian Syndrome
C:\Users\HishamMo\Desktop\999_cs\Quantum_Inpired_PSO_Classifcation\MRI_dataset\Perisylvian Syndrome\Perisylvian_Syndrome1203.jpg,Perisylvian Syndrome
C:\Users\HishamMo\Desktop\999_cs\Quantum_Inpired_PSO_Classifcation\MRI_dataset\Perisylvian Syndrome\Perisylvian_Syndrome1204.jpg,Perisylvian Syndrome
C:\Users\HishamMo\Desktop\999_cs\Quantum_Inpired_PSO_Classifcation\MRI_dataset\Perisylvian Syndrome\Perisylvian_Syndrome1205.jpg,Perisylvian Syndrome
C:\Users\HishamMo\Desktop\999_cs\Quantum_Inpired_PSO_Classifcation\MRI_dataset\Perisylvian Syndrome\Perisylvian_Syndrome1206.jpg,Perisylvian Syndrome
C:\Users\HishamMo\Desktop\999_cs\Quantum_Inpired_PSO_Classifcation\MRI_dataset\Perisylvian Syndrome\Perisylvian_Syndrome1207.jpg,Perisylvian Syndrome
C:\Users\HishamMo\Desktop\999_cs\Quantum_Inpired_PSO_Classifcation\MRI_dataset\Perisylvian Syndrome\Perisylvian_Syndrome1208.jpg,Perisylvian Syndrome
C:\Users\HishamMo\Desktop\999_cs\Quantum_Inpired_PSO_Classifcation\MRI_dataset\Perisylvian Syndrome\Perisylvian_Syndrome1209.jpg,Perisylvian Syndrome
C:\Users\HishamMo\Desktop\999_cs\Quantum_Inpired_PSO_Classifcation\MRI_dataset\Perisylvian Syndrome\Perisylvian_Syndrome121.jpg,Perisylvian Syndrome
C:\Users\HishamMo\Desktop\999_cs\Quantum_Inpired_PSO_Classifcation\MRI_dataset\Perisylvian Syndrome\Perisylvian_Syndrome1210.jpg,Perisylvian Syndrome
C:\Users\HishamMo\Desktop\999_cs\Quantum_Inpired_PSO_Classifcation\MRI_dataset\Perisylvian Syndrome\Perisylvian_Syndrome1211.jpg,Perisylvian Syndrome
C:\Users\HishamMo\Desktop\999_cs\Quantum_Inpired_PSO_Classifcation\MRI_dataset\Perisylvian Syndrome\Perisylvian_Syndrome1212.jpg,Perisylvian Syndrome
C:\Users\HishamMo\Desktop\999_cs\Quantum_Inpired_PSO_Classifcation\MRI_dataset\Perisylvian Syndrome\Perisylvian_Syndrome1213.jpg,Perisylvian Syndrome
C:\Users\HishamMo\Desktop\999_cs\Quantum_Inpired_PSO_Classifcation\MRI_dataset\Perisylvian Syndrome\Perisylvian_Syndrome1214.jpg,Perisylvian Syndrome
C:\Users\HishamMo\Desktop\999_cs\Quantum_Inpired_PSO_Classifcation\MRI_dataset\Perisylvian Syndrome\Perisylvian_Syndrome1215.jpg,Perisylvian Syndrome
C:\Users\HishamMo\Desktop\999_cs\Quantum_Inpired_PSO_Classifcation\MRI_dataset\Perisylvian Syndrome\Perisylvian_Syndrome1216.jpg,Perisylvian Syndrome
C:\Users\HishamMo\Desktop\999_cs\Quantum_Inpired_PSO_Classifcation\MRI_dataset\Perisylvian Syndrome\Perisylvian_Syndrome1217.jpg,Perisylvian Syndrome
C:\Users\HishamMo\Desktop\999_cs\Quantum_Inpired_PSO_Classifcation\MRI_dataset\Perisylvian Syndrome\Perisylvian_Syndrome1218.jpg,Perisylvian Syndrome
C:\Users\HishamMo\Desktop\999_cs\Quantum_Inpired_PSO_Classifcation\MRI_dataset\Perisylvian Syndrome\Perisylvian_Syndrome1219.jpg,Perisylvian Syndrome
C:\Users\HishamMo\Desktop\999_cs\Quantum_Inpired_PSO_Classifcation\MRI_dataset\Perisylvian Syndrome\Perisylvian_Syndrome122.jpg,Perisylvian Syndrome
C:\Users\HishamMo\Desktop\999_cs\Quantum_Inpired_PSO_Classifcation\MRI_dataset\Perisylvian Syndrome\Perisylvian_Syndrome1220.jpg,Perisylvian Syndrome
C:\Users\HishamMo\Desktop\999_cs\Quantum_Inpired_PSO_Classifcation\MRI_dataset\Perisylvian Syndrome\Perisylvian_Syndrome1221.jpg,Perisylvian Syndrome
C:\Users\HishamMo\Desktop\999_cs\Quantum_Inpired_PSO_Classifcation\MRI_dataset\Perisylvian Syndrome\Perisylvian_Syndrome1222.jpg,Perisylvian Syndrome
C:\Users\HishamMo\Desktop\999_cs\Quantum_Inpired_PSO_Classifcation\MRI_dataset\Perisylvian Syndrome\Perisylvian_Syndrome1223.jpg,Perisylvian Syndrome
C:\Users\HishamMo\Desktop\999_cs\Quantum_Inpired_PSO_Classifcation\MRI_dataset\Perisylvian Syndrome\Perisylvian_Syndrome1224.jpg,Perisylvian Syndrome
C:\Users\HishamMo\Desktop\999_cs\Quantum_Inpired_PSO_Classifcation\MRI_dataset\Perisylvian Syndrome\Perisylvian_Syndrome1225.jpg,Perisylvian Syndrome
C:\Users\HishamMo\Desktop\999_cs\Quantum_Inpired_PSO_Classifcation\MRI_dataset\Perisylvian Syndrome\Perisylvian_Syndrome1226.jpg,Perisylvian Syndrome
C:\Users\HishamMo\Desktop\999_cs\Quantum_Inpired_PSO_Classifcation\MRI_dataset\Perisylvian Syndrome\Perisylvian_Syndrome1227.jpg,Perisylvian Syndrome
C:\Users\HishamMo\Desktop\999_cs\Quantum_Inpired_PSO_Classifcation\MRI_dataset\Perisylvian Syndrome\Perisylvian_Syndrome1228.jpg,Perisylvian Syndrome
C:\Users\HishamMo\Desktop\999_cs\Quantum_Inpired_PSO_Classifcation\MRI_dataset\Perisylvian Syndrome\Perisylvian_Syndrome1229.jpg,Perisylvian Syndrome
C:\Users\HishamMo\Desktop\999_cs\Quantum_Inpired_PSO_Classifcation\MRI_dataset\Perisylvian Syndrome\Perisylvian_Syndrome123.jpg,Perisylvian Syndrome
C:\Users\HishamMo\Desktop\999_cs\Quantum_Inpired_PSO_Classifcation\MRI_dataset\Perisylvian Syndrome\Perisylvian_Syndrome1230.jpg,Perisylvian Syndrome
C:\Users\HishamMo\Desktop\999_cs\Quantum_Inpired_PSO_Classifcation\MRI_dataset\Perisylvian Syndrome\Perisylvian_Syndrome1231.jpg,Perisylvian Syndrome
C:\Users\HishamMo\Desktop\999_cs\Quantum_Inpired_PSO_Classifcation\MRI_dataset\Perisylvian Syndrome\Perisylvian_Syndrome1232.jpg,Perisylvian Syndrome
C:\Users\HishamMo\Desktop\999_cs\Quantum_Inpired_PSO_Classifcation\MRI_dataset\Perisylvian Syndrome\Perisylvian_Syndrome1233.jpg,Perisylvian Syndrome
C:\Users\HishamMo\Desktop\999_cs\Quantum_Inpired_PSO_Classifcation\MRI_dataset\Perisylvian Syndrome\Perisylvian_Syndrome1234.jpg,Perisylvian Syndrome
C:\Users\HishamMo\Desktop\999_cs\Quantum_Inpired_PSO_Classifcation\MRI_dataset\Perisylvian Syndrome\Perisylvian_Syndrome1235.jpg,Perisylvian Syndrome
C:\Users\HishamMo\Desktop\999_cs\Quantum_Inpired_PSO_Classifcation\MRI_dataset\Perisylvian Syndrome\Perisylvian_Syndrome1236.jpg,Perisylvian Syndrome
C:\Users\HishamMo\Desktop\999_cs\Quantum_Inpired_PSO_Classifcation\MRI_dataset\Perisylvian Syndrome\Perisylvian_Syndrome1237.jpg,Perisylvian Syndrome
C:\Users\HishamMo\Desktop\999_cs\Quantum_Inpired_PSO_Classifcation\MRI_dataset\Perisylvian Syndrome\Perisylvian_Syndrome1238.jpg,Perisylvian Syndrome
C:\Users\HishamMo\Desktop\999_cs\Quantum_Inpired_PSO_Classifcation\MRI_dataset\Perisylvian Syndrome\Perisylvian_Syndrome1239.jpg,Perisylvian Syndrome
C:\Users\HishamMo\Desktop\999_cs\Quantum_Inpired_PSO_Classifcation\MRI_dataset\Perisylvian Syndrome\Perisylvian_Syndrome124.jpg,Perisylvian Syndrome
C:\Users\HishamMo\Desktop\999_cs\Quantum_Inpired_PSO_Classifcation\MRI_dataset\Perisylvian Syndrome\Perisylvian_Syndrome1240.jpg,Perisylvian Syndrome
C:\Users\HishamMo\Desktop\999_cs\Quantum_Inpired_PSO_Classifcation\MRI_dataset\Perisylvian Syndrome\Perisylvian_Syndrome1241.jpg,Perisylvian Syndrome
C:\Users\HishamMo\Desktop\999_cs\Quantum_Inpired_PSO_Classifcation\MRI_dataset\Perisylvian Syndrome\Perisylvian_Syndrome1242.jpg,Perisylvian Syndrome
C:\Users\HishamMo\Desktop\999_cs\Quantum_Inpired_PSO_Classifcation\MRI_dataset\Perisylvian Syndrome\Perisylvian_Syndrome1243.jpg,Perisylvian Syndrome
C:\Users\HishamMo\Desktop\999_cs\Quantum_Inpired_PSO_Classifcation\MRI_dataset\Perisylvian Syndrome\Perisylvian_Syndrome1244.jpg,Perisylvian Syndrome
C:\Users\HishamMo\Desktop\999_cs\Quantum_Inpired_PSO_Classifcation\MRI_dataset\Perisylvian Syndrome\Perisylvian_Syndrome1245.jpg,Perisylvian Syndrome
C:\Users\HishamMo\Desktop\999_cs\Quantum_Inpired_PSO_Classifcation\MRI_dataset\Perisylvian Syndrome\Perisylvian_Syndrome1246.jpg,Perisylvian Syndrome
C:\Users\HishamMo\Desktop\999_cs\Quantum_Inpired_PSO_Classifcation\MRI_dataset\Perisylvian Syndrome\Perisylvian_Syndrome1247.jpg,Perisylvian Syndrome
C:\Users\HishamMo\Desktop\999_cs\Quantum_Inpired_PSO_Classifcation\MRI_dataset\Perisylvian Syndrome\Perisylvian_Syndrome1248.jpg,Perisylvian Syndrome
C:\Users\HishamMo\Desktop\999_cs\Quantum_Inpired_PSO_Classifcation\MRI_dataset\Perisylvian Syndrome\Perisylvian_Syndrome1249.jpg,Perisylvian Syndrome
C:\Users\HishamMo\Desktop\999_cs\Quantum_Inpired_PSO_Classifcation\MRI_dataset\Perisylvian Syndrome\Perisylvian_Syndrome125.jpg,Perisylvian Syndrome
C:\Users\HishamMo\Desktop\999_cs\Quantum_Inpired_PSO_Classifcation\MRI_dataset\Perisylvian Syndrome\Perisylvian_Syndrome1250.jpg,Perisylvian Syndrome
C:\Users\HishamMo\Desktop\999_cs\Quantum_Inpired_PSO_Classifcation\MRI_dataset\Perisylvian Syndrome\Perisylvian_Syndrome1251.jpg,Perisylvian Syndrome
C:\Users\HishamMo\Desktop\999_cs\Quantum_Inpired_PSO_Classifcation\MRI_dataset\Perisylvian Syndrome\Perisylvian_Syndrome1252.jpg,Perisylvian Syndrome
C:\Users\HishamMo\Desktop\999_cs\Quantum_Inpired_PSO_Classifcation\MRI_dataset\Perisylvian Syndrome\Perisylvian_Syndrome1253.jpg,Perisylvian Syndrome
C:\Users\HishamMo\Desktop\999_cs\Quantum_Inpired_PSO_Classifcation\MRI_dataset\Perisylvian Syndrome\Perisylvian_Syndrome1254.jpg,Perisylvian Syndrome
C:\Users\HishamMo\Desktop\999_cs\Quantum_Inpired_PSO_Classifcation\MRI_dataset\Perisylvian Syndrome\Perisylvian_Syndrome1255.jpg,Perisylvian Syndrome
C:\Users\HishamMo\Desktop\999_cs\Quantum_Inpired_PSO_Classifcation\MRI_dataset\Perisylvian Syndrome\Perisylvian_Syndrome1256.jpg,Perisylvian Syndrome
C:\Users\HishamMo\Desktop\999_cs\Quantum_Inpired_PSO_Classifcation\MRI_dataset\Perisylvian Syndrome\Perisylvian_Syndrome1257.jpg,Perisylvian Syndrome
C:\Users\HishamMo\Desktop\999_cs\Quantum_Inpired_PSO_Classifcation\MRI_dataset\Perisylvian Syndrome\Perisylvian_Syndrome1258.jpg,Perisylvian Syndrome
C:\Users\HishamMo\Desktop\999_cs\Quantum_Inpired_PSO_Classifcation\MRI_dataset\Perisylvian Syndrome\Perisylvian_Syndrome1259.jpg,Perisylvian Syndrome
C:\Users\HishamMo\Desktop\999_cs\Quantum_Inpired_PSO_Classifcation\MRI_dataset\Perisylvian Syndrome\Perisylvian_Syndrome126.jpg,Perisylvian Syndrome
C:\Users\HishamMo\Desktop\999_cs\Quantum_Inpired_PSO_Classifcation\MRI_dataset\Perisylvian Syndrome\Perisylvian_Syndrome1260.jpg,Perisylvian Syndrome
C:\Users\HishamMo\Desktop\999_cs\Quantum_Inpired_PSO_Classifcation\MRI_dataset\Perisylvian Syndrome\Perisylvian_Syndrome1261.jpg,Perisylvian Syndrome
C:\Users\HishamMo\Desktop\999_cs\Quantum_Inpired_PSO_Classifcation\MRI_dataset\Perisylvian Syndrome\Perisylvian_Syndrome1262.jpg,Perisylvian Syndrome
C:\Users\HishamMo\Desktop\999_cs\Quantum_Inpired_PSO_Classifcation\MRI_dataset\Perisylvian Syndrome\Perisylvian_Syndrome1263.jpg,Perisylvian Syndrome
C:\Users\HishamMo\Desktop\999_cs\Quantum_Inpired_PSO_Classifcation\MRI_dataset\Perisylvian Syndrome\Perisylvian_Syndrome1264.jpg,Perisylvian Syndrome
C:\Users\HishamMo\Desktop\999_cs\Quantum_Inpired_PSO_Classifcation\MRI_dataset\Perisylvian Syndrome\Perisylvian_Syndrome1265.jpg,Perisylvian Syndrome
C:\Users\HishamMo\Desktop\999_cs\Quantum_Inpired_PSO_Classifcation\MRI_dataset\Perisylvian Syndrome\Perisylvian_Syndrome1266.jpg,Perisylvian Syndrome
C:\Users\HishamMo\Desktop\999_cs\Quantum_Inpired_PSO_Classifcation\MRI_dataset\Perisylvian Syndrome\Perisylvian_Syndrome1267.jpg,Perisylvian Syndrome
C:\Users\HishamMo\Desktop\999_cs\Quantum_Inpired_PSO_Classifcation\MRI_dataset\Perisylvian Syndrome\Perisylvian_Syndrome1268.jpg,Perisylvian Syndrome
C:\Users\HishamMo\Desktop\999_cs\Quantum_Inpired_PSO_Classifcation\MRI_dataset\Perisylvian Syndrome\Perisylvian_Syndrome1269.jpg,Perisylvian Syndrome
C:\Users\HishamMo\Desktop\999_cs\Quantum_Inpired_PSO_Classifcation\MRI_dataset\Perisylvian Syndrome\Perisylvian_Syndrome127.jpg,Perisylvian Syndrome
C:\Users\HishamMo\Desktop\999_cs\Quantum_Inpired_PSO_Classifcation\MRI_dataset\Perisylvian Syndrome\Perisylvian_Syndrome1270.jpg,Perisylvian Syndrome
C:\Users\HishamMo\Desktop\999_cs\Quantum_Inpired_PSO_Classifcation\MRI_dataset\Perisylvian Syndrome\Perisylvian_Syndrome1271.jpg,Perisylvian Syndrome
C:\Users\HishamMo\Desktop\999_cs\Quantum_Inpired_PSO_Classifcation\MRI_dataset\Perisylvian Syndrome\Perisylvian_Syndrome1272.jpg,Perisylvian Syndrome
C:\Users\HishamMo\Desktop\999_cs\Quantum_Inpired_PSO_Classifcation\MRI_dataset\Perisylvian Syndrome\Perisylvian_Syndrome1273.jpg,Perisylvian Syndrome
C:\Users\HishamMo\Desktop\999_cs\Quantum_Inpired_PSO_Classifcation\MRI_dataset\Perisylvian Syndrome\Perisylvian_Syndrome1274.jpg,Perisylvian Syndrome
C:\Users\HishamMo\Desktop\999_cs\Quantum_Inpired_PSO_Classifcation\MRI_dataset\Perisylvian Syndrome\Perisylvian_Syndrome1275.jpg,Perisylvian Syndrome
C:\Users\HishamMo\Desktop\999_cs\Quantum_Inpired_PSO_Classifcation\MRI_dataset\Perisylvian Syndrome\Perisylvian_Syndrome1276.jpg,Perisylvian Syndrome
C:\Users\HishamMo\Desktop\999_cs\Quantum_Inpired_PSO_Classifcation\MRI_dataset\Perisylvian Syndrome\Perisylvian_Syndrome1277.jpg,Perisylvian Syndrome
C:\Users\HishamMo\Desktop\999_cs\Quantum_Inpired_PSO_Classifcation\MRI_dataset\Perisylvian Syndrome\Perisylvian_Syndrome1278.jpg,Perisylvian Syndrome
C:\Users\HishamMo\Desktop\999_cs\Quantum_Inpired_PSO_Classifcation\MRI_dataset\Perisylvian Syndrome\Perisylvian_Syndrome1279.jpg,Perisylvian Syndrome
C:\Users\HishamMo\Desktop\999_cs\Quantum_Inpired_PSO_Classifcation\MRI_dataset\Perisylvian Syndrome\Perisylvian_Syndrome128.jpg,Perisylvian Syndrome
C:\Users\HishamMo\Desktop\999_cs\Quantum_Inpired_PSO_Classifcation\MRI_dataset\Perisylvian Syndrome\Perisylvian_Syndrome1280.jpg,Perisylvian Syndrome
C:\Users\HishamMo\Desktop\999_cs\Quantum_Inpired_PSO_Classifcation\MRI_dataset\Perisylvian Syndrome\Perisylvian_Syndrome1281.jpg,Perisylvian Syndrome
C:\Users\HishamMo\Desktop\999_cs\Quantum_Inpired_PSO_Classifcation\MRI_dataset\Perisylvian Syndrome\Perisylvian_Syndrome1282.jpg,Perisylvian Syndrome
C:\Users\HishamMo\Desktop\999_cs\Quantum_Inpired_PSO_Classifcation\MRI_dataset\Perisylvian Syndrome\Perisylvian_Syndrome1283.jpg,Perisylvian Syndrome
C:\Users\HishamMo\Desktop\999_cs\Quantum_Inpired_PSO_Classifcation\MRI_dataset\Perisylvian Syndrome\Perisylvian_Syndrome1284.jpg,Perisylvian Syndrome
C:\Users\HishamMo\Desktop\999_cs\Quantum_Inpired_PSO_Classifcation\MRI_dataset\Perisylvian Syndrome\Perisylvian_Syndrome1285.jpg,Perisylvian Syndrome
C:\Users\HishamMo\Desktop\999_cs\Quantum_Inpired_PSO_Classifcation\MRI_dataset\Perisylvian Syndrome\Perisylvian_Syndrome1286.jpg,Perisylvian Syndrome
C:\Users\HishamMo\Desktop\999_cs\Quantum_Inpired_PSO_Classifcation\MRI_dataset\Perisylvian Syndrome\Perisylvian_Syndrome1287.jpg,Perisylvian Syndrome
C:\Users\HishamMo\Desktop\999_cs\Quantum_Inpired_PSO_Classifcation\MRI_dataset\Perisylvian Syndrome\Perisylvian_Syndrome1288.jpg,Perisylvian Syndrome
C:\Users\HishamMo\Desktop\999_cs\Quantum_Inpired_PSO_Classifcation\MRI_dataset\Perisylvian Syndrome\Perisylvian_Syndrome1289.jpg,Perisylvian Syndrome
C:\Users\HishamMo\Desktop\999_cs\Quantum_Inpired_PSO_Classifcation\MRI_dataset\Perisylvian Syndrome\Perisylvian_Syndrome129.jpg,Perisylvian Syndrome
C:\Users\HishamMo\Desktop\999_cs\Quantum_Inpired_PSO_Classifcation\MRI_dataset\Perisylvian Syndrome\Perisylvian_Syndrome1290.jpg,Perisylvian Syndrome
C:\Users\HishamMo\Desktop\999_cs\Quantum_Inpired_PSO_Classifcation\MRI_dataset\Perisylvian Syndrome\Perisylvian_Syndrome1291.jpg,Perisylvian Syndrome
C:\Users\HishamMo\Desktop\999_cs\Quantum_Inpired_PSO_Classifcation\MRI_dataset\Perisylvian Syndrome\Perisylvian_Syndrome1292.jpg,Perisylvian Syndrome
C:\Users\HishamMo\Desktop\999_cs\Quantum_Inpired_PSO_Classifcation\MRI_dataset\Perisylvian Syndrome\Perisylvian_Syndrome1293.jpg,Perisylvian Syndrome
C:\Users\HishamMo\Desktop\999_cs\Quantum_Inpired_PSO_Classifcation\MRI_dataset\Perisylvian Syndrome\Perisylvian_Syndrome1294.jpg,Perisylvian Syndrome
C:\Users\HishamMo\Desktop\999_cs\Quantum_Inpired_PSO_Classifcation\MRI_dataset\Perisylvian Syndrome\Perisylvian_Syndrome1295.jpg,Perisylvian Syndrome
C:\Users\HishamMo\Desktop\999_cs\Quantum_Inpired_PSO_Classifcation\MRI_dataset\Perisylvian Syndrome\Perisylvian_Syndrome1296.jpg,Perisylvian Syndrome
C:\Users\HishamMo\Desktop\999_cs\Quantum_Inpired_PSO_Classifcation\MRI_dataset\Perisylvian Syndrome\Perisylvian_Syndrome1297.jpg,Perisylvian Syndrome
C:\Users\HishamMo\Desktop\999_cs\Quantum_Inpired_PSO_Classifcation\MRI_dataset\Perisylvian Syndrome\Perisylvian_Syndrome1298.jpg,Perisylvian Syndrome
C:\Users\HishamMo\Desktop\999_cs\Quantum_Inpired_PSO_Classifcation\MRI_dataset\Perisylvian Syndrome\Perisylvian_Syndrome1299.jpg,Perisylvian Syndrome
C:\Users\HishamMo\Desktop\999_cs\Quantum_Inpired_PSO_Classifcation\MRI_dataset\Perisylvian Syndrome\Perisylvian_Syndrome130.jpg,Perisylvian Syndrome
C:\Users\HishamMo\Desktop\999_cs\Quantum_Inpired_PSO_Classifcation\MRI_dataset\Perisylvian Syndrome\Perisylvian_Syndrome1300.jpg,Perisylvian Syndrome
C:\Users\HishamMo\Desktop\999_cs\Quantum_Inpired_PSO_Classifcation\MRI_dataset\Perisylvian Syndrome\Perisylvian_Syndrome1301.jpg,Perisylvian Syndrome
C:\Users\HishamMo\Desktop\999_cs\Quantum_Inpired_PSO_Classifcation\MRI_dataset\Perisylvian Syndrome\Perisylvian_Syndrome1302.jpg,Perisylvian Syndrome
C:\Users\HishamMo\Desktop\999_cs\Quantum_Inpired_PSO_Classifcation\MRI_dataset\Perisylvian Syndrome\Perisylvian_Syndrome1303.jpg,Perisylvian Syndrome
C:\Users\HishamMo\Desktop\999_cs\Quantum_Inpired_PSO_Classifcation\MRI_dataset\Perisylvian Syndrome\Perisylvian_Syndrome1304.jpg,Perisylvian Syndrome
C:\Users\HishamMo\Desktop\999_cs\Quantum_Inpired_PSO_Classifcation\MRI_dataset\Perisylvian Syndrome\Perisylvian_Syndrome131.jpg,Perisylvian Syndrome
C:\Users\HishamMo\Desktop\999_cs\Quantum_Inpired_PSO_Classifcation\MRI_dataset\Perisylvian Syndrome\Perisylvian_Syndrome132.jpg,Perisylvian Syndrome
C:\Users\HishamMo\Desktop\999_cs\Quantum_Inpired_PSO_Classifcation\MRI_dataset\Perisylvian Syndrome\Perisylvian_Syndrome133.jpg,Perisylvian Syndrome
C:\Users\HishamMo\Desktop\999_cs\Quantum_Inpired_PSO_Classifcation\MRI_dataset\Perisylvian Syndrome\Perisylvian_Syndrome134.jpg,Perisylvian Syndrome
C:\Users\HishamMo\Desktop\999_cs\Quantum_Inpired_PSO_Classifcation\MRI_dataset\Perisylvian Syndrome\Perisylvian_Syndrome135.jpg,Perisylvian Syndrome
C:\Users\HishamMo\Desktop\999_cs\Quantum_Inpired_PSO_Classifcation\MRI_dataset\Perisylvian Syndrome\Perisylvian_Syndrome136.jpg,Perisylvian Syndrome
C:\Users\HishamMo\Desktop\999_cs\Quantum_Inpired_PSO_Classifcation\MRI_dataset\Perisylvian Syndrome\Perisylvian_Syndrome137.jpg,Perisylvian Syndrome
C:\Users\HishamMo\Desktop\999_cs\Quantum_Inpired_PSO_Classifcation\MRI_dataset\Perisylvian Syndrome\Perisylvian_Syndrome138.jpg,Perisylvian Syndrome
C:\Users\HishamMo\Desktop\999_cs\Quantum_Inpired_PSO_Classifcation\MRI_dataset\Perisylvian Syndrome\Perisylvian_Syndrome139.jpg,Perisylvian Syndrome
C:\Users\HishamMo\Desktop\999_cs\Quantum_Inpired_PSO_Classifcation\MRI_dataset\Perisylvian Syndrome\Perisylvian_Syndrome140.jpg,Perisylvian Syndrome
C:\Users\HishamMo\Desktop\999_cs\Quantum_Inpired_PSO_Classifcation\MRI_dataset\Perisylvian Syndrome\Perisylvian_Syndrome141.jpg,Perisylvian Syndrome
C:\Users\HishamMo\Desktop\999_cs\Quantum_Inpired_PSO_Classifcation\MRI_dataset\Perisylvian Syndrome\Perisylvian_Syndrome142.jpg,Perisylvian Syndrome
C:\Users\HishamMo\Desktop\999_cs\Quantum_Inpired_PSO_Classifcation\MRI_dataset\Perisylvian Syndrome\Perisylvian_Syndrome143.jpg,Perisylvian Syndrome
C:\Users\HishamMo\Desktop\999_cs\Quantum_Inpired_PSO_Classifcation\MRI_dataset\Perisylvian Syndrome\Perisylvian_Syndrome144.jpg,Perisylvian Syndrome
C:\Users\HishamMo\Desktop\999_cs\Quantum_Inpired_PSO_Classifcation\MRI_dataset\Perisylvian Syndrome\Perisylvian_Syndrome145.jpg,Perisylvian Syndrome
C:\Users\HishamMo\Desktop\999_cs\Quantum_Inpired_PSO_Classifcation\MRI_dataset\Perisylvian Syndrome\Perisylvian_Syndrome146.jpg,Perisylvian Syndrome
C:\Users\HishamMo\Desktop\999_cs\Quantum_Inpired_PSO_Classifcation\MRI_dataset\Perisylvian Syndrome\Perisylvian_Syndrome147.jpg,Perisylvian Syndrome
C:\Users\HishamMo\Desktop\999_cs\Quantum_Inpired_PSO_Classifcation\MRI_dataset\Perisylvian Syndrome\Perisylvian_Syndrome148.jpg,Perisylvian Syndrome
C:\Users\HishamMo\Desktop\999_cs\Quantum_Inpired_PSO_Classifcation\MRI_dataset\Perisylvian Syndrome\Perisylvian_Syndrome149.jpg,Perisylvian Syndrome
C:\Users\HishamMo\Desktop\999_cs\Quantum_Inpired_PSO_Classifcation\MRI_dataset\Perisylvian Syndrome\Perisylvian_Syndrome150.jpg,Perisylvian Syndrome
C:\Users\HishamMo\Desktop\999_cs\Quantum_Inpired_PSO_Classifcation\MRI_dataset\Perisylvian Syndrome\Perisylvian_Syndrome151.jpg,Perisylvian Syndrome
C:\Users\HishamMo\Desktop\999_cs\Quantum_Inpired_PSO_Classifcation\MRI_dataset\Perisylvian Syndrome\Perisylvian_Syndrome152.jpg,Perisylvian Syndrome
C:\Users\HishamMo\Desktop\999_cs\Quantum_Inpired_PSO_Classifcation\MRI_dataset\Perisylvian Syndrome\Perisylvian_Syndrome153.jpg,Perisylvian Syndrome
C:\Users\HishamMo\Desktop\999_cs\Quantum_Inpired_PSO_Classifcation\MRI_dataset\Perisylvian Syndrome\Perisylvian_Syndrome154.jpg,Perisylvian Syndrome
C:\Users\HishamMo\Desktop\999_cs\Quantum_Inpired_PSO_Classifcation\MRI_dataset\Perisylvian Syndrome\Perisylvian_Syndrome155.jpg,Perisylvian Syndrome
C:\Users\HishamMo\Desktop\999_cs\Quantum_Inpired_PSO_Classifcation\MRI_dataset\Perisylvian Syndrome\Perisylvian_Syndrome156.jpg,Perisylvian Syndrome
C:\Users\HishamMo\Desktop\999_cs\Quantum_Inpired_PSO_Classifcation\MRI_dataset\Perisylvian Syndrome\Perisylvian_Syndrome157.jpg,Perisylvian Syndrome
C:\Users\HishamMo\Desktop\999_cs\Quantum_Inpired_PSO_Classifcation\MRI_dataset\Perisylvian Syndrome\Perisylvian_Syndrome158.jpg,Perisylvian Syndrome
C:\Users\HishamMo\Desktop\999_cs\Quantum_Inpired_PSO_Classifcation\MRI_dataset\Perisylvian Syndrome\Perisylvian_Syndrome159.jpg,Perisylvian Syndrome
C:\Users\HishamMo\Desktop\999_cs\Quantum_Inpired_PSO_Classifcation\MRI_dataset\Perisylvian Syndrome\Perisylvian_Syndrome160.jpg,Perisylvian Syndrome
C:\Users\HishamMo\Desktop\999_cs\Quantum_Inpired_PSO_Classifcation\MRI_dataset\Perisylvian Syndrome\Perisylvian_Syndrome161.jpg,Perisylvian Syndrome
C:\Users\HishamMo\Desktop\999_cs\Quantum_Inpired_PSO_Classifcation\MRI_dataset\Perisylvian Syndrome\Perisylvian_Syndrome162.jpg,Perisylvian Syndrome
C:\Users\HishamMo\Desktop\999_cs\Quantum_Inpired_PSO_Classifcation\MRI_dataset\Perisylvian Syndrome\Perisylvian_Syndrome163.jpg,Perisylvian Syndrome
C:\Users\HishamMo\Desktop\999_cs\Quantum_Inpired_PSO_Classifcation\MRI_dataset\Perisylvian Syndrome\Perisylvian_Syndrome164.jpg,Perisylvian Syndrome
C:\Users\HishamMo\Desktop\999_cs\Quantum_Inpired_PSO_Classifcation\MRI_dataset\Perisylvian Syndrome\Perisylvian_Syndrome165.jpg,Perisylvian Syndrome
C:\Users\HishamMo\Desktop\999_cs\Quantum_Inpired_PSO_Classifcation\MRI_dataset\Perisylvian Syndrome\Perisylvian_Syndrome166.jpg,Perisylvian Syndrome
C:\Users\HishamMo\Desktop\999_cs\Quantum_Inpired_PSO_Classifcation\MRI_dataset\Perisylvian Syndrome\Perisylvian_Syndrome167.jpg,Perisylvian Syndrome
C:\Users\HishamMo\Desktop\999_cs\Quantum_Inpired_PSO_Classifcation\MRI_dataset\Perisylvian Syndrome\Perisylvian_Syndrome168.jpg,Perisylvian Syndrome
C:\Users\HishamMo\Desktop\999_cs\Quantum_Inpired_PSO_Classifcation\MRI_dataset\Perisylvian Syndrome\Perisylvian_Syndrome169.jpg,Perisylvian Syndrome
C:\Users\HishamMo\Desktop\999_cs\Quantum_Inpired_PSO_Classifcation\MRI_dataset\Perisylvian Syndrome\Perisylvian_Syndrome170.jpg,Perisylvian Syndrome
C:\Users\HishamMo\Desktop\999_cs\Quantum_Inpired_PSO_Classifcation\MRI_dataset\Perisylvian Syndrome\Perisylvian_Syndrome171.jpg,Perisylvian Syndrome
C:\Users\HishamMo\Desktop\999_cs\Quantum_Inpired_PSO_Classifcation\MRI_dataset\Perisylvian Syndrome\Perisylvian_Syndrome172.jpg,Perisylvian Syndrome
C:\Users\HishamMo\Desktop\999_cs\Quantum_Inpired_PSO_Classifcation\MRI_dataset\Perisylvian Syndrome\Perisylvian_Syndrome173.jpg,Perisylvian Syndrome
C:\Users\HishamMo\Desktop\999_cs\Quantum_Inpired_PSO_Classifcation\MRI_dataset\Perisylvian Syndrome\Perisylvian_Syndrome174.jpg,Perisylvian Syndrome
C:\Users\HishamMo\Desktop\999_cs\Quantum_Inpired_PSO_Classifcation\MRI_dataset\Perisylvian Syndrome\Perisylvian_Syndrome175.jpg,Perisylvian Syndrome
C:\Users\HishamMo\Desktop\999_cs\Quantum_Inpired_PSO_Classifcation\MRI_dataset\Perisylvian Syndrome\Perisylvian_Syndrome176.jpg,Perisylvian Syndrome
C:\Users\HishamMo\Desktop\999_cs\Quantum_Inpired_PSO_Classifcation\MRI_dataset\Perisylvian Syndrome\Perisylvian_Syndrome177.jpg,Perisylvian Syndrome
C:\Users\HishamMo\Desktop\999_cs\Quantum_Inpired_PSO_Classifcation\MRI_dataset\Perisylvian Syndrome\Perisylvian_Syndrome178.jpg,Perisylvian Syndrome
C:\Users\HishamMo\Desktop\999_cs\Quantum_Inpired_PSO_Classifcation\MRI_dataset\Perisylvian Syndrome\Perisylvian_Syndrome179.jpg,Perisylvian Syndrome
C:\Users\HishamMo\Desktop\999_cs\Quantum_Inpired_PSO_Classifcation\MRI_dataset\Perisylvian Syndrome\Perisylvian_Syndrome180.jpg,Perisylvian Syndrome
C:\Users\HishamMo\Desktop\999_cs\Quantum_Inpired_PSO_Classifcation\MRI_dataset\Perisylvian Syndrome\Perisylvian_Syndrome181.jpg,Perisylvian Syndrome
C:\Users\HishamMo\Desktop\999_cs\Quantum_Inpired_PSO_Classifcation\MRI_dataset\Perisylvian Syndrome\Perisylvian_Syndrome182.jpg,Perisylvian Syndrome
C:\Users\HishamMo\Desktop\999_cs\Quantum_Inpired_PSO_Classifcation\MRI_dataset\Perisylvian Syndrome\Perisylvian_Syndrome183.jpg,Perisylvian Syndrome
C:\Users\HishamMo\Desktop\999_cs\Quantum_Inpired_PSO_Classifcation\MRI_dataset\Perisylvian Syndrome\Perisylvian_Syndrome184.jpg,Perisylvian Syndrome
C:\Users\HishamMo\Desktop\999_cs\Quantum_Inpired_PSO_Classifcation\MRI_dataset\Perisylvian Syndrome\Perisylvian_Syndrome185.jpg,Perisylvian Syndrome
C:\Users\HishamMo\Desktop\999_cs\Quantum_Inpired_PSO_Classifcation\MRI_dataset\Perisylvian Syndrome\Perisylvian_Syndrome186.jpg,Perisylvian Syndrome
C:\Users\HishamMo\Desktop\999_cs\Quantum_Inpired_PSO_Classifcation\MRI_dataset\Perisylvian Syndrome\Perisylvian_Syndrome187.jpg,Perisylvian Syndrome
C:\Users\HishamMo\Desktop\999_cs\Quantum_Inpired_PSO_Classifcation\MRI_dataset\Perisylvian Syndrome\Perisylvian_Syndrome188.jpg,Perisylvian Syndrome
C:\Users\HishamMo\Desktop\999_cs\Quantum_Inpired_PSO_Classifcation\MRI_dataset\Perisylvian Syndrome\Perisylvian_Syndrome189.jpg,Perisylvian Syndrome
C:\Users\HishamMo\Desktop\999_cs\Quantum_Inpired_PSO_Classifcation\MRI_dataset\Perisylvian Syndrome\Perisylvian_Syndrome190.jpg,Perisylvian Syndrome
C:\Users\HishamMo\Desktop\999_cs\Quantum_Inpired_PSO_Classifcation\MRI_dataset\Perisylvian Syndrome\Perisylvian_Syndrome191.jpg,Perisylvian Syndrome
C:\Users\HishamMo\Desktop\999_cs\Quantum_Inpired_PSO_Classifcation\MRI_dataset\Perisylvian Syndrome\Perisylvian_Syndrome192.jpg,Perisylvian Syndrome
C:\Users\HishamMo\Desktop\999_cs\Quantum_Inpired_PSO_Classifcation\MRI_dataset\Perisylvian Syndrome\Perisylvian_Syndrome193.jpg,Perisylvian Syndrome
C:\Users\HishamMo\Desktop\999_cs\Quantum_Inpired_PSO_Classifcation\MRI_dataset\Perisylvian Syndrome\Perisylvian_Syndrome194.jpg,Perisylvian Syndrome
C:\Users\HishamMo\Desktop\999_cs\Quantum_Inpired_PSO_Classifcation\MRI_dataset\Perisylvian Syndrome\Perisylvian_Syndrome195.jpg,Perisylvian Syndrome
C:\Users\HishamMo\Desktop\999_cs\Quantum_Inpired_PSO_Classifcation\MRI_dataset\Perisylvian Syndrome\Perisylvian_Syndrome196.jpg,Perisylvian Syndrome
C:\Users\HishamMo\Desktop\999_cs\Quantum_Inpired_PSO_Classifcation\MRI_dataset\Perisylvian Syndrome\Perisylvian_Syndrome197.jpg,Perisylvian Syndrome
C:\Users\HishamMo\Desktop\999_cs\Quantum_Inpired_PSO_Classifcation\MRI_dataset\Perisylvian Syndrome\Perisylvian_Syndrome198.jpg,Perisylvian Syndrome
C:\Users\HishamMo\Desktop\999_cs\Quantum_Inpired_PSO_Classifcation\MRI_dataset\Perisylvian Syndrome\Perisylvian_Syndrome199.jpg,Perisylvian Syndrome
C:\Users\HishamMo\Desktop\999_cs\Quantum_Inpired_PSO_Classifcation\MRI_dataset\Perisylvian Syndrome\Perisylvian_Syndrome200.jpg,Perisylvian Syndrome
C:\Users\HishamMo\Desktop\999_cs\Quantum_Inpired_PSO_Classifcation\MRI_dataset\Perisylvian Syndrome\Perisylvian_Syndrome201.jpg,Perisylvian Syndrome
C:\Users\HishamMo\Desktop\999_cs\Quantum_Inpired_PSO_Classifcation\MRI_dataset\Perisylvian Syndrome\Perisylvian_Syndrome202.jpg,Perisylvian Syndrome
C:\Users\HishamMo\Desktop\999_cs\Quantum_Inpired_PSO_Classifcation\MRI_dataset\Perisylvian Syndrome\Perisylvian_Syndrome203.jpg,Perisylvian Syndrome
C:\Users\HishamMo\Desktop\999_cs\Quantum_Inpired_PSO_Classifcation\MRI_dataset\Perisylvian Syndrome\Perisylvian_Syndrome204.jpg,Perisylvian Syndrome
C:\Users\HishamMo\Desktop\999_cs\Quantum_Inpired_PSO_Classifcation\MRI_dataset\Perisylvian Syndrome\Perisylvian_Syndrome205.jpg,Perisylvian Syndrome
C:\Users\HishamMo\Desktop\999_cs\Quantum_Inpired_PSO_Classifcation\MRI_dataset\Perisylvian Syndrome\Perisylvian_Syndrome206.jpg,Perisylvian Syndrome
C:\Users\HishamMo\Desktop\999_cs\Quantum_Inpired_PSO_Classifcation\MRI_dataset\Perisylvian Syndrome\Perisylvian_Syndrome207.jpg,Perisylvian Syndrome
C:\Users\HishamMo\Desktop\999_cs\Quantum_Inpired_PSO_Classifcation\MRI_dataset\Perisylvian Syndrome\Perisylvian_Syndrome208.jpg,Perisylvian Syndrome
C:\Users\HishamMo\Desktop\999_cs\Quantum_Inpired_PSO_Classifcation\MRI_dataset\Perisylvian Syndrome\Perisylvian_Syndrome209.jpg,Perisylvian Syndrome
C:\Users\HishamMo\Desktop\999_cs\Quantum_Inpired_PSO_Classifcation\MRI_dataset\Perisylvian Syndrome\Perisylvian_Syndrome210.jpg,Perisylvian Syndrome
C:\Users\HishamMo\Desktop\999_cs\Quantum_Inpired_PSO_Classifcation\MRI_dataset\Perisylvian Syndrome\Perisylvian_Syndrome211.jpg,Perisylvian Syndrome
C:\Users\HishamMo\Desktop\999_cs\Quantum_Inpired_PSO_Classifcation\MRI_dataset\Perisylvian Syndrome\Perisylvian_Syndrome212.jpg,Perisylvian Syndrome
C:\Users\HishamMo\Desktop\999_cs\Quantum_Inpired_PSO_Classifcation\MRI_dataset\Perisylvian Syndrome\Perisylvian_Syndrome213.jpg,Perisylvian Syndrome
C:\Users\HishamMo\Desktop\999_cs\Quantum_Inpired_PSO_Classifcation\MRI_dataset\Perisylvian Syndrome\Perisylvian_Syndrome214.jpg,Perisylvian Syndrome
C:\Users\HishamMo\Desktop\999_cs\Quantum_Inpired_PSO_Classifcation\MRI_dataset\Perisylvian Syndrome\Perisylvian_Syndrome215.jpg,Perisylvian Syndrome
C:\Users\HishamMo\Desktop\999_cs\Quantum_Inpired_PSO_Classifcation\MRI_dataset\Perisylvian Syndrome\Perisylvian_Syndrome216.jpg,Perisylvian Syndrome
C:\Users\HishamMo\Desktop\999_cs\Quantum_Inpired_PSO_Classifcation\MRI_dataset\Perisylvian Syndrome\Perisylvian_Syndrome217.jpg,Perisylvian Syndrome
C:\Users\HishamMo\Desktop\999_cs\Quantum_Inpired_PSO_Classifcation\MRI_dataset\Perisylvian Syndrome\Perisylvian_Syndrome218.jpg,Perisylvian Syndrome
C:\Users\HishamMo\Desktop\999_cs\Quantum_Inpired_PSO_Classifcation\MRI_dataset\Perisylvian Syndrome\Perisylvian_Syndrome219.jpg,Perisylvian Syndrome
C:\Users\HishamMo\Desktop\999_cs\Quantum_Inpired_PSO_Classifcation\MRI_dataset\Perisylvian Syndrome\Perisylvian_Syndrome220.jpg,Perisylvian Syndrome
C:\Users\HishamMo\Desktop\999_cs\Quantum_Inpired_PSO_Classifcation\MRI_dataset\Perisylvian Syndrome\Perisylvian_Syndrome221.jpg,Perisylvian Syndrome
C:\Users\HishamMo\Desktop\999_cs\Quantum_Inpired_PSO_Classifcation\MRI_dataset\Perisylvian Syndrome\Perisylvian_Syndrome222.jpg,Perisylvian Syndrome
C:\Users\HishamMo\Desktop\999_cs\Quantum_Inpired_PSO_Classifcation\MRI_dataset\Perisylvian Syndrome\Perisylvian_Syndrome223.jpg,Perisylvian Syndrome
C:\Users\HishamMo\Desktop\999_cs\Quantum_Inpired_PSO_Classifcation\MRI_dataset\Perisylvian Syndrome\Perisylvian_Syndrome224.jpg,Perisylvian Syndrome
C:\Users\HishamMo\Desktop\999_cs\Quantum_Inpired_PSO_Classifcation\MRI_dataset\Perisylvian Syndrome\Perisylvian_Syndrome225.jpg,Perisylvian Syndrome
C:\Users\HishamMo\Desktop\999_cs\Quantum_Inpired_PSO_Classifcation\MRI_dataset\Perisylvian Syndrome\Perisylvian_Syndrome226.jpg,Perisylvian Syndrome
C:\Users\HishamMo\Desktop\999_cs\Quantum_Inpired_PSO_Classifcation\MRI_dataset\Perisylvian Syndrome\Perisylvian_Syndrome227.jpg,Perisylvian Syndrome
C:\Users\HishamMo\Desktop\999_cs\Quantum_Inpired_PSO_Classifcation\MRI_dataset\Perisylvian Syndrome\Perisylvian_Syndrome228.jpg,Perisylvian Syndrome
C:\Users\HishamMo\Desktop\999_cs\Quantum_Inpired_PSO_Classifcation\MRI_dataset\Perisylvian Syndrome\Perisylvian_Syndrome229.jpg,Perisylvian Syndrome
C:\Users\HishamMo\Desktop\999_cs\Quantum_Inpired_PSO_Classifcation\MRI_dataset\Perisylvian Syndrome\Perisylvian_Syndrome230.jpg,Perisylvian Syndrome
C:\Users\HishamMo\Desktop\999_cs\Quantum_Inpired_PSO_Classifcation\MRI_dataset\Perisylvian Syndrome\Perisylvian_Syndrome231.jpg,Perisylvian Syndrome
C:\Users\HishamMo\Desktop\999_cs\Quantum_Inpired_PSO_Classifcation\MRI_dataset\Perisylvian Syndrome\Perisylvian_Syndrome232.jpg,Perisylvian Syndrome
C:\Users\HishamMo\Desktop\999_cs\Quantum_Inpired_PSO_Classifcation\MRI_dataset\Perisylvian Syndrome\Perisylvian_Syndrome233.jpg,Perisylvian Syndrome
C:\Users\HishamMo\Desktop\999_cs\Quantum_Inpired_PSO_Classifcation\MRI_dataset\Perisylvian Syndrome\Perisylvian_Syndrome234.jpg,Perisylvian Syndrome
C:\Users\HishamMo\Desktop\999_cs\Quantum_Inpired_PSO_Classifcation\MRI_dataset\Perisylvian Syndrome\Perisylvian_Syndrome235.jpg,Perisylvian Syndrome
C:\Users\HishamMo\Desktop\999_cs\Quantum_Inpired_PSO_Classifcation\MRI_dataset\Perisylvian Syndrome\Perisylvian_Syndrome236.jpg,Perisylvian Syndrome
C:\Users\HishamMo\Desktop\999_cs\Quantum_Inpired_PSO_Classifcation\MRI_dataset\Perisylvian Syndrome\Perisylvian_Syndrome237.jpg,Perisylvian Syndrome
C:\Users\HishamMo\Desktop\999_cs\Quantum_Inpired_PSO_Classifcation\MRI_dataset\Perisylvian Syndrome\Perisylvian_Syndrome238.jpg,Perisylvian Syndrome
C:\Users\HishamMo\Desktop\999_cs\Quantum_Inpired_PSO_Classifcation\MRI_dataset\Perisylvian Syndrome\Perisylvian_Syndrome239.jpg,Perisylvian Syndrome
C:\Users\HishamMo\Desktop\999_cs\Quantum_Inpired_PSO_Classifcation\MRI_dataset\Perisylvian Syndrome\Perisylvian_Syndrome240.jpg,Perisylvian Syndrome
C:\Users\HishamMo\Desktop\999_cs\Quantum_Inpired_PSO_Classifcation\MRI_dataset\Perisylvian Syndrome\Perisylvian_Syndrome241.jpg,Perisylvian Syndrome
C:\Users\HishamMo\Desktop\999_cs\Quantum_Inpired_PSO_Classifcation\MRI_dataset\Perisylvian Syndrome\Perisylvian_Syndrome242.jpg,Perisylvian Syndrome
C:\Users\HishamMo\Desktop\999_cs\Quantum_Inpired_PSO_Classifcation\MRI_dataset\Perisylvian Syndrome\Perisylvian_Syndrome243.jpg,Perisylvian Syndrome
C:\Users\HishamMo\Desktop\999_cs\Quantum_Inpired_PSO_Classifcation\MRI_dataset\Perisylvian Syndrome\Perisylvian_Syndrome244.jpg,Perisylvian Syndrome
C:\Users\HishamMo\Desktop\999_cs\Quantum_Inpired_PSO_Classifcation\MRI_dataset\Perisylvian Syndrome\Perisylvian_Syndrome245.jpg,Perisylvian Syndrome
C:\Users\HishamMo\Desktop\999_cs\Quantum_Inpired_PSO_Classifcation\MRI_dataset\Perisylvian Syndrome\Perisylvian_Syndrome246.jpg,Perisylvian Syndrome
C:\Users\HishamMo\Desktop\999_cs\Quantum_Inpired_PSO_Classifcation\MRI_dataset\Perisylvian Syndrome\Perisylvian_Syndrome247.jpg,Perisylvian Syndrome
C:\Users\HishamMo\Desktop\999_cs\Quantum_Inpired_PSO_Classifcation\MRI_dataset\Perisylvian Syndrome\Perisylvian_Syndrome248.jpg,Perisylvian Syndrome
C:\Users\HishamMo\Desktop\999_cs\Quantum_Inpired_PSO_Classifcation\MRI_dataset\Perisylvian Syndrome\Perisylvian_Syndrome249.jpg,Perisylvian Syndrome
C:\Users\HishamMo\Desktop\999_cs\Quantum_Inpired_PSO_Classifcation\MRI_dataset\Perisylvian Syndrome\Perisylvian_Syndrome250.jpg,Perisylvian Syndrome
C:\Users\HishamMo\Desktop\999_cs\Quantum_Inpired_PSO_Classifcation\MRI_dataset\Perisylvian Syndrome\Perisylvian_Syndrome251.jpg,Perisylvian Syndrome
C:\Users\HishamMo\Desktop\999_cs\Quantum_Inpired_PSO_Classifcation\MRI_dataset\Perisylvian Syndrome\Perisylvian_Syndrome252.jpg,Perisylvian Syndrome
C:\Users\HishamMo\Desktop\999_cs\Quantum_Inpired_PSO_Classifcation\MRI_dataset\Perisylvian Syndrome\Perisylvian_Syndrome253.jpg,Perisylvian Syndrome
C:\Users\HishamMo\Desktop\999_cs\Quantum_Inpired_PSO_Classifcation\MRI_dataset\Perisylvian Syndrome\Perisylvian_Syndrome254.jpg,Perisylvian Syndrome
C:\Users\HishamMo\Desktop\999_cs\Quantum_Inpired_PSO_Classifcation\MRI_dataset\Perisylvian Syndrome\Perisylvian_Syndrome255.jpg,Perisylvian Syndrome
C:\Users\HishamMo\Desktop\999_cs\Quantum_Inpired_PSO_Classifcation\MRI_dataset\Perisylvian Syndrome\Perisylvian_Syndrome256.jpg,Perisylvian Syndrome
C:\Users\HishamMo\Desktop\999_cs\Quantum_Inpired_PSO_Classifcation\MRI_dataset\Perisylvian Syndrome\Perisylvian_Syndrome257.jpg,Perisylvian Syndrome
C:\Users\HishamMo\Desktop\999_cs\Quantum_Inpired_PSO_Classifcation\MRI_dataset\Perisylvian Syndrome\Perisylvian_Syndrome258.jpg,Perisylvian Syndrome
C:\Users\HishamMo\Desktop\999_cs\Quantum_Inpired_PSO_Classifcation\MRI_dataset\Perisylvian Syndrome\Perisylvian_Syndrome259.jpg,Perisylvian Syndrome
C:\Users\HishamMo\Desktop\999_cs\Quantum_Inpired_PSO_Classifcation\MRI_dataset\Perisylvian Syndrome\Perisylvian_Syndrome260.jpg,Perisylvian Syndrome
C:\Users\HishamMo\Desktop\999_cs\Quantum_Inpired_PSO_Classifcation\MRI_dataset\Perisylvian Syndrome\Perisylvian_Syndrome261.jpg,Perisylvian Syndrome
C:\Users\HishamMo\Desktop\999_cs\Quantum_Inpired_PSO_Classifcation\MRI_dataset\Perisylvian Syndrome\Perisylvian_Syndrome262.jpg,Perisylvian Syndrome
C:\Users\HishamMo\Desktop\999_cs\Quantum_Inpired_PSO_Classifcation\MRI_dataset\Perisylvian Syndrome\Perisylvian_Syndrome263.jpg,Perisylvian Syndrome
C:\Users\HishamMo\Desktop\999_cs\Quantum_Inpired_PSO_Classifcation\MRI_dataset\Perisylvian Syndrome\Perisylvian_Syndrome264.jpg,Perisylvian Syndrome
C:\Users\HishamMo\Desktop\999_cs\Quantum_Inpired_PSO_Classifcation\MRI_dataset\Perisylvian Syndrome\Perisylvian_Syndrome265.jpg,Perisylvian Syndrome
C:\Users\HishamMo\Desktop\999_cs\Quantum_Inpired_PSO_Classifcation\MRI_dataset\Perisylvian Syndrome\Perisylvian_Syndrome266.jpg,Perisylvian Syndrome
C:\Users\HishamMo\Desktop\999_cs\Quantum_Inpired_PSO_Classifcation\MRI_dataset\Perisylvian Syndrome\Perisylvian_Syndrome267.jpg,Perisylvian Syndrome
C:\Users\HishamMo\Desktop\999_cs\Quantum_Inpired_PSO_Classifcation\MRI_dataset\Perisylvian Syndrome\Perisylvian_Syndrome268.jpg,Perisylvian Syndrome
C:\Users\HishamMo\Desktop\999_cs\Quantum_Inpired_PSO_Classifcation\MRI_dataset\Perisylvian Syndrome\Perisylvian_Syndrome269.jpg,Perisylvian Syndrome
C:\Users\HishamMo\Desktop\999_cs\Quantum_Inpired_PSO_Classifcation\MRI_dataset\Perisylvian Syndrome\Perisylvian_Syndrome270.jpg,Perisylvian Syndrome
C:\Users\HishamMo\Desktop\999_cs\Quantum_Inpired_PSO_Classifcation\MRI_dataset\Perisylvian Syndrome\Perisylvian_Syndrome271.jpg,Perisylvian Syndrome
C:\Users\HishamMo\Desktop\999_cs\Quantum_Inpired_PSO_Classifcation\MRI_dataset\Perisylvian Syndrome\Perisylvian_Syndrome272.jpg,Perisylvian Syndrome
C:\Users\HishamMo\Desktop\999_cs\Quantum_Inpired_PSO_Classifcation\MRI_dataset\Perisylvian Syndrome\Perisylvian_Syndrome273.jpg,Perisylvian Syndrome
C:\Users\HishamMo\Desktop\999_cs\Quantum_Inpired_PSO_Classifcation\MRI_dataset\Perisylvian Syndrome\Perisylvian_Syndrome274.jpg,Perisylvian Syndrome
C:\Users\HishamMo\Desktop\999_cs\Quantum_Inpired_PSO_Classifcation\MRI_dataset\Perisylvian Syndrome\Perisylvian_Syndrome275.jpg,Perisylvian Syndrome
C:\Users\HishamMo\Desktop\999_cs\Quantum_Inpired_PSO_Classifcation\MRI_dataset\Perisylvian Syndrome\Perisylvian_Syndrome276.jpg,Perisylvian Syndrome
C:\Users\HishamMo\Desktop\999_cs\Quantum_Inpired_PSO_Classifcation\MRI_dataset\Perisylvian Syndrome\Perisylvian_Syndrome277.jpg,Perisylvian Syndrome
C:\Users\HishamMo\Desktop\999_cs\Quantum_Inpired_PSO_Classifcation\MRI_dataset\Perisylvian Syndrome\Perisylvian_Syndrome278.jpg,Perisylvian Syndrome
C:\Users\HishamMo\Desktop\999_cs\Quantum_Inpired_PSO_Classifcation\MRI_dataset\Perisylvian Syndrome\Perisylvian_Syndrome279.jpg,Perisylvian Syndrome
C:\Users\HishamMo\Desktop\999_cs\Quantum_Inpired_PSO_Classifcation\MRI_dataset\Perisylvian Syndrome\Perisylvian_Syndrome280.jpg,Perisylvian Syndrome
C:\Users\HishamMo\Desktop\999_cs\Quantum_Inpired_PSO_Classifcation\MRI_dataset\Perisylvian Syndrome\Perisylvian_Syndrome281.jpg,Perisylvian Syndrome
C:\Users\HishamMo\Desktop\999_cs\Quantum_Inpired_PSO_Classifcation\MRI_dataset\Perisylvian Syndrome\Perisylvian_Syndrome282.jpg,Perisylvian Syndrome
C:\Users\HishamMo\Desktop\999_cs\Quantum_Inpired_PSO_Classifcation\MRI_dataset\Perisylvian Syndrome\Perisylvian_Syndrome283.jpg,Perisylvian Syndrome
C:\Users\HishamMo\Desktop\999_cs\Quantum_Inpired_PSO_Classifcation\MRI_dataset\Perisylvian Syndrome\Perisylvian_Syndrome284.jpg,Perisylvian Syndrome
C:\Users\HishamMo\Desktop\999_cs\Quantum_Inpired_PSO_Classifcation\MRI_dataset\Perisylvian Syndrome\Perisylvian_Syndrome285.jpg,Perisylvian Syndrome
C:\Users\HishamMo\Desktop\999_cs\Quantum_Inpired_PSO_Classifcation\MRI_dataset\Perisylvian Syndrome\Perisylvian_Syndrome286.jpg,Perisylvian Syndrome
C:\Users\HishamMo\Desktop\999_cs\Quantum_Inpired_PSO_Classifcation\MRI_dataset\Perisylvian Syndrome\Perisylvian_Syndrome287.jpg,Perisylvian Syndrome
C:\Users\HishamMo\Desktop\999_cs\Quantum_Inpired_PSO_Classifcation\MRI_dataset\Perisylvian Syndrome\Perisylvian_Syndrome288.jpg,Perisylvian Syndrome
C:\Users\HishamMo\Desktop\999_cs\Quantum_Inpired_PSO_Classifcation\MRI_dataset\Perisylvian Syndrome\Perisylvian_Syndrome289.jpg,Perisylvian Syndrome
C:\Users\HishamMo\Desktop\999_cs\Quantum_Inpired_PSO_Classifcation\MRI_dataset\Perisylvian Syndrome\Perisylvian_Syndrome290.jpg,Perisylvian Syndrome
C:\Users\HishamMo\Desktop\999_cs\Quantum_Inpired_PSO_Classifcation\MRI_dataset\Perisylvian Syndrome\Perisylvian_Syndrome291.jpg,Perisylvian Syndrome
C:\Users\HishamMo\Desktop\999_cs\Quantum_Inpired_PSO_Classifcation\MRI_dataset\Perisylvian Syndrome\Perisylvian_Syndrome292.jpg,Perisylvian Syndrome
C:\Users\HishamMo\Desktop\999_cs\Quantum_Inpired_PSO_Classifcation\MRI_dataset\Perisylvian Syndrome\Perisylvian_Syndrome293.jpg,Perisylvian Syndrome
C:\Users\HishamMo\Desktop\999_cs\Quantum_Inpired_PSO_Classifcation\MRI_dataset\Perisylvian Syndrome\Perisylvian_Syndrome294.jpg,Perisylvian Syndrome
C:\Users\HishamMo\Desktop\999_cs\Quantum_Inpired_PSO_Classifcation\MRI_dataset\Perisylvian Syndrome\Perisylvian_Syndrome295.jpg,Perisylvian Syndrome
C:\Users\HishamMo\Desktop\999_cs\Quantum_Inpired_PSO_Classifcation\MRI_dataset\Perisylvian Syndrome\Perisylvian_Syndrome296.jpg,Perisylvian Syndrome
C:\Users\HishamMo\Desktop\999_cs\Quantum_Inpired_PSO_Classifcation\MRI_dataset\Perisylvian Syndrome\Perisylvian_Syndrome297.jpg,Perisylvian Syndrome
C:\Users\HishamMo\Desktop\999_cs\Quantum_Inpired_PSO_Classifcation\MRI_dataset\Perisylvian Syndrome\Perisylvian_Syndrome298.jpg,Perisylvian Syndrome
C:\Users\HishamMo\Desktop\999_cs\Quantum_Inpired_PSO_Classifcation\MRI_dataset\Perisylvian Syndrome\Perisylvian_Syndrome299.jpg,Perisylvian Syndrome
C:\Users\HishamMo\Desktop\999_cs\Quantum_Inpired_PSO_Classifcation\MRI_dataset\Perisylvian Syndrome\Perisylvian_Syndrome300.jpg,Perisylvian Syndrome
C:\Users\HishamMo\Desktop\999_cs\Quantum_Inpired_PSO_Classifcation\MRI_dataset\Perisylvian Syndrome\Perisylvian_Syndrome301.jpg,Perisylvian Syndrome
C:\Users\HishamMo\Desktop\999_cs\Quantum_Inpired_PSO_Classifcation\MRI_dataset\Perisylvian Syndrome\Perisylvian_Syndrome302.jpg,Perisylvian Syndrome
C:\Users\HishamMo\Desktop\999_cs\Quantum_Inpired_PSO_Classifcation\MRI_dataset\Perisylvian Syndrome\Perisylvian_Syndrome303.jpg,Perisylvian Syndrome
C:\Users\HishamMo\Desktop\999_cs\Quantum_Inpired_PSO_Classifcation\MRI_dataset\Perisylvian Syndrome\Perisylvian_Syndrome304.jpg,Perisylvian Syndrome
C:\Users\HishamMo\Desktop\999_cs\Quantum_Inpired_PSO_Classifcation\MRI_dataset\Perisylvian Syndrome\Perisylvian_Syndrome305.jpg,Perisylvian Syndrome
C:\Users\HishamMo\Desktop\999_cs\Quantum_Inpired_PSO_Classifcation\MRI_dataset\Perisylvian Syndrome\Perisylvian_Syndrome306.jpg,Perisylvian Syndrome
C:\Users\HishamMo\Desktop\999_cs\Quantum_Inpired_PSO_Classifcation\MRI_dataset\Perisylvian Syndrome\Perisylvian_Syndrome307.jpg,Perisylvian Syndrome
C:\Users\HishamMo\Desktop\999_cs\Quantum_Inpired_PSO_Classifcation\MRI_dataset\Perisylvian Syndrome\Perisylvian_Syndrome308.jpg,Perisylvian Syndrome
C:\Users\HishamMo\Desktop\999_cs\Quantum_Inpired_PSO_Classifcation\MRI_dataset\Perisylvian Syndrome\Perisylvian_Syndrome309.jpg,Perisylvian Syndrome
C:\Users\HishamMo\Desktop\999_cs\Quantum_Inpired_PSO_Classifcation\MRI_dataset\Perisylvian Syndrome\Perisylvian_Syndrome310.jpg,Perisylvian Syndrome
C:\Users\HishamMo\Desktop\999_cs\Quantum_Inpired_PSO_Classifcation\MRI_dataset\Perisylvian Syndrome\Perisylvian_Syndrome311.jpg,Perisylvian Syndrome
C:\Users\HishamMo\Desktop\999_cs\Quantum_Inpired_PSO_Classifcation\MRI_dataset\Perisylvian Syndrome\Perisylvian_Syndrome312.jpg,Perisylvian Syndrome
C:\Users\HishamMo\Desktop\999_cs\Quantum_Inpired_PSO_Classifcation\MRI_dataset\Perisylvian Syndrome\Perisylvian_Syndrome313.jpg,Perisylvian Syndrome
C:\Users\HishamMo\Desktop\999_cs\Quantum_Inpired_PSO_Classifcation\MRI_dataset\Perisylvian Syndrome\Perisylvian_Syndrome314.jpg,Perisylvian Syndrome
C:\Users\HishamMo\Desktop\999_cs\Quantum_Inpired_PSO_Classifcation\MRI_dataset\Perisylvian Syndrome\Perisylvian_Syndrome315.jpg,Perisylvian Syndrome
C:\Users\HishamMo\Desktop\999_cs\Quantum_Inpired_PSO_Classifcation\MRI_dataset\Perisylvian Syndrome\Perisylvian_Syndrome316.jpg,Perisylvian Syndrome
C:\Users\HishamMo\Desktop\999_cs\Quantum_Inpired_PSO_Classifcation\MRI_dataset\Perisylvian Syndrome\Perisylvian_Syndrome317.jpg,Perisylvian Syndrome
C:\Users\HishamMo\Desktop\999_cs\Quantum_Inpired_PSO_Classifcation\MRI_dataset\Perisylvian Syndrome\Perisylvian_Syndrome318.jpg,Perisylvian Syndrome
C:\Users\HishamMo\Desktop\999_cs\Quantum_Inpired_PSO_Classifcation\MRI_dataset\Perisylvian Syndrome\Perisylvian_Syndrome319.jpg,Perisylvian Syndrome
C:\Users\HishamMo\Desktop\999_cs\Quantum_Inpired_PSO_Classifcation\MRI_dataset\Perisylvian Syndrome\Perisylvian_Syndrome320.jpg,Perisylvian Syndrome
C:\Users\HishamMo\Desktop\999_cs\Quantum_Inpired_PSO_Classifcation\MRI_dataset\Perisylvian Syndrome\Perisylvian_Syndrome321.jpg,Perisylvian Syndrome
C:\Users\HishamMo\Desktop\999_cs\Quantum_Inpired_PSO_Classifcation\MRI_dataset\Perisylvian Syndrome\Perisylvian_Syndrome322.jpg,Perisylvian Syndrome
C:\Users\HishamMo\Desktop\999_cs\Quantum_Inpired_PSO_Classifcation\MRI_dataset\Perisylvian Syndrome\Perisylvian_Syndrome323.jpg,Perisylvian Syndrome
C:\Users\HishamMo\Desktop\999_cs\Quantum_Inpired_PSO_Classifcation\MRI_dataset\Perisylvian Syndrome\Perisylvian_Syndrome324.jpg,Perisylvian Syndrome
C:\Users\HishamMo\Desktop\999_cs\Quantum_Inpired_PSO_Classifcation\MRI_dataset\Perisylvian Syndrome\Perisylvian_Syndrome325.jpg,Perisylvian Syndrome
C:\Users\HishamMo\Desktop\999_cs\Quantum_Inpired_PSO_Classifcation\MRI_dataset\Perisylvian Syndrome\Perisylvian_Syndrome326.jpg,Perisylvian Syndrome
C:\Users\HishamMo\Desktop\999_cs\Quantum_Inpired_PSO_Classifcation\MRI_dataset\Perisylvian Syndrome\Perisylvian_Syndrome327.jpg,Perisylvian Syndrome
C:\Users\HishamMo\Desktop\999_cs\Quantum_Inpired_PSO_Classifcation\MRI_dataset\Perisylvian Syndrome\Perisylvian_Syndrome328.jpg,Perisylvian Syndrome
C:\Users\HishamMo\Desktop\999_cs\Quantum_Inpired_PSO_Classifcation\MRI_dataset\Perisylvian Syndrome\Perisylvian_Syndrome329.jpg,Perisylvian Syndrome
C:\Users\HishamMo\Desktop\999_cs\Quantum_Inpired_PSO_Classifcation\MRI_dataset\Perisylvian Syndrome\Perisylvian_Syndrome330.jpg,Perisylvian Syndrome
C:\Users\HishamMo\Desktop\999_cs\Quantum_Inpired_PSO_Classifcation\MRI_dataset\Perisylvian Syndrome\Perisylvian_Syndrome331.jpg,Perisylvian Syndrome
C:\Users\HishamMo\Desktop\999_cs\Quantum_Inpired_PSO_Classifcation\MRI_dataset\Perisylvian Syndrome\Perisylvian_Syndrome332.jpg,Perisylvian Syndrome
C:\Users\HishamMo\Desktop\999_cs\Quantum_Inpired_PSO_Classifcation\MRI_dataset\Perisylvian Syndrome\Perisylvian_Syndrome333.jpg,Perisylvian Syndrome
C:\Users\HishamMo\Desktop\999_cs\Quantum_Inpired_PSO_Classifcation\MRI_dataset\Perisylvian Syndrome\Perisylvian_Syndrome334.jpg,Perisylvian Syndrome
C:\Users\HishamMo\Desktop\999_cs\Quantum_Inpired_PSO_Classifcation\MRI_dataset\Perisylvian Syndrome\Perisylvian_Syndrome335.jpg,Perisylvian Syndrome
C:\Users\HishamMo\Desktop\999_cs\Quantum_Inpired_PSO_Classifcation\MRI_dataset\Perisylvian Syndrome\Perisylvian_Syndrome336.jpg,Perisylvian Syndrome
C:\Users\HishamMo\Desktop\999_cs\Quantum_Inpired_PSO_Classifcation\MRI_dataset\Perisylvian Syndrome\Perisylvian_Syndrome337.jpg,Perisylvian Syndrome
C:\Users\HishamMo\Desktop\999_cs\Quantum_Inpired_PSO_Classifcation\MRI_dataset\Perisylvian Syndrome\Perisylvian_Syndrome338.jpg,Perisylvian Syndrome
C:\Users\HishamMo\Desktop\999_cs\Quantum_Inpired_PSO_Classifcation\MRI_dataset\Perisylvian Syndrome\Perisylvian_Syndrome339.jpg,Perisylvian Syndrome
C:\Users\HishamMo\Desktop\999_cs\Quantum_Inpired_PSO_Classifcation\MRI_dataset\Perisylvian Syndrome\Perisylvian_Syndrome340.jpg,Perisylvian Syndrome
C:\Users\HishamMo\Desktop\999_cs\Quantum_Inpired_PSO_Classifcation\MRI_dataset\Perisylvian Syndrome\Perisylvian_Syndrome341.jpg,Perisylvian Syndrome
C:\Users\HishamMo\Desktop\999_cs\Quantum_Inpired_PSO_Classifcation\MRI_dataset\Perisylvian Syndrome\Perisylvian_Syndrome342.jpg,Perisylvian Syndrome
C:\Users\HishamMo\Desktop\999_cs\Quantum_Inpired_PSO_Classifcation\MRI_dataset\Perisylvian Syndrome\Perisylvian_Syndrome343.jpg,Perisylvian Syndrome
C:\Users\HishamMo\Desktop\999_cs\Quantum_Inpired_PSO_Classifcation\MRI_dataset\Perisylvian Syndrome\Perisylvian_Syndrome344.jpg,Perisylvian Syndrome
C:\Users\HishamMo\Desktop\999_cs\Quantum_Inpired_PSO_Classifcation\MRI_dataset\Perisylvian Syndrome\Perisylvian_Syndrome345.jpg,Perisylvian Syndrome
C:\Users\HishamMo\Desktop\999_cs\Quantum_Inpired_PSO_Classifcation\MRI_dataset\Perisylvian Syndrome\Perisylvian_Syndrome346.jpg,Perisylvian Syndrome
C:\Users\HishamMo\Desktop\999_cs\Quantum_Inpired_PSO_Classifcation\MRI_dataset\Perisylvian Syndrome\Perisylvian_Syndrome347.jpg,Perisylvian Syndrome
C:\Users\HishamMo\Desktop\999_cs\Quantum_Inpired_PSO_Classifcation\MRI_dataset\Perisylvian Syndrome\Perisylvian_Syndrome348.jpg,Perisylvian Syndrome
C:\Users\HishamMo\Desktop\999_cs\Quantum_Inpired_PSO_Classifcation\MRI_dataset\Perisylvian Syndrome\Perisylvian_Syndrome349.jpg,Perisylvian Syndrome
C:\Users\HishamMo\Desktop\999_cs\Quantum_Inpired_PSO_Classifcation\MRI_dataset\Perisylvian Syndrome\Perisylvian_Syndrome350.jpg,Perisylvian Syndrome
C:\Users\HishamMo\Desktop\999_cs\Quantum_Inpired_PSO_Classifcation\MRI_dataset\Perisylvian Syndrome\Perisylvian_Syndrome351.jpg,Perisylvian Syndrome
C:\Users\HishamMo\Desktop\999_cs\Quantum_Inpired_PSO_Classifcation\MRI_dataset\Perisylvian Syndrome\Perisylvian_Syndrome352.jpg,Perisylvian Syndrome
C:\Users\HishamMo\Desktop\999_cs\Quantum_Inpired_PSO_Classifcation\MRI_dataset\Perisylvian Syndrome\Perisylvian_Syndrome353.jpg,Perisylvian Syndrome
C:\Users\HishamMo\Desktop\999_cs\Quantum_Inpired_PSO_Classifcation\MRI_dataset\Perisylvian Syndrome\Perisylvian_Syndrome354.jpg,Perisylvian Syndrome
C:\Users\HishamMo\Desktop\999_cs\Quantum_Inpired_PSO_Classifcation\MRI_dataset\Perisylvian Syndrome\Perisylvian_Syndrome355.jpg,Perisylvian Syndrome
C:\Users\HishamMo\Desktop\999_cs\Quantum_Inpired_PSO_Classifcation\MRI_dataset\Perisylvian Syndrome\Perisylvian_Syndrome356.jpg,Perisylvian Syndrome
C:\Users\HishamMo\Desktop\999_cs\Quantum_Inpired_PSO_Classifcation\MRI_dataset\Perisylvian Syndrome\Perisylvian_Syndrome357.jpg,Perisylvian Syndrome
C:\Users\HishamMo\Desktop\999_cs\Quantum_Inpired_PSO_Classifcation\MRI_dataset\Perisylvian Syndrome\Perisylvian_Syndrome358.jpg,Perisylvian Syndrome
C:\Users\HishamMo\Desktop\999_cs\Quantum_Inpired_PSO_Classifcation\MRI_dataset\Perisylvian Syndrome\Perisylvian_Syndrome359.jpg,Perisylvian Syndrome
C:\Users\HishamMo\Desktop\999_cs\Quantum_Inpired_PSO_Classifcation\MRI_dataset\Perisylvian Syndrome\Perisylvian_Syndrome360.jpg,Perisylvian Syndrome
C:\Users\HishamMo\Desktop\999_cs\Quantum_Inpired_PSO_Classifcation\MRI_dataset\Perisylvian Syndrome\Perisylvian_Syndrome361.jpg,Perisylvian Syndrome
C:\Users\HishamMo\Desktop\999_cs\Quantum_Inpired_PSO_Classifcation\MRI_dataset\Perisylvian Syndrome\Perisylvian_Syndrome362.jpg,Perisylvian Syndrome
C:\Users\HishamMo\Desktop\999_cs\Quantum_Inpired_PSO_Classifcation\MRI_dataset\Perisylvian Syndrome\Perisylvian_Syndrome363.jpg,Perisylvian Syndrome
C:\Users\HishamMo\Desktop\999_cs\Quantum_Inpired_PSO_Classifcation\MRI_dataset\Perisylvian Syndrome\Perisylvian_Syndrome364.jpg,Perisylvian Syndrome
C:\Users\HishamMo\Desktop\999_cs\Quantum_Inpired_PSO_Classifcation\MRI_dataset\Perisylvian Syndrome\Perisylvian_Syndrome365.jpg,Perisylvian Syndrome
C:\Users\HishamMo\Desktop\999_cs\Quantum_Inpired_PSO_Classifcation\MRI_dataset\Perisylvian Syndrome\Perisylvian_Syndrome366.jpg,Perisylvian Syndrome
C:\Users\HishamMo\Desktop\999_cs\Quantum_Inpired_PSO_Classifcation\MRI_dataset\Perisylvian Syndrome\Perisylvian_Syndrome367.jpg,Perisylvian Syndrome
C:\Users\HishamMo\Desktop\999_cs\Quantum_Inpired_PSO_Classifcation\MRI_dataset\Perisylvian Syndrome\Perisylvian_Syndrome368.jpg,Perisylvian Syndrome
C:\Users\HishamMo\Desktop\999_cs\Quantum_Inpired_PSO_Classifcation\MRI_dataset\Perisylvian Syndrome\Perisylvian_Syndrome369.jpg,Perisylvian Syndrome
C:\Users\HishamMo\Desktop\999_cs\Quantum_Inpired_PSO_Classifcation\MRI_dataset\Perisylvian Syndrome\Perisylvian_Syndrome370.jpg,Perisylvian Syndrome
C:\Users\HishamMo\Desktop\999_cs\Quantum_Inpired_PSO_Classifcation\MRI_dataset\Perisylvian Syndrome\Perisylvian_Syndrome371.jpg,Perisylvian Syndrome
C:\Users\HishamMo\Desktop\999_cs\Quantum_Inpired_PSO_Classifcation\MRI_dataset\Perisylvian Syndrome\Perisylvian_Syndrome372.jpg,Perisylvian Syndrome
C:\Users\HishamMo\Desktop\999_cs\Quantum_Inpired_PSO_Classifcation\MRI_dataset\Perisylvian Syndrome\Perisylvian_Syndrome373.jpg,Perisylvian Syndrome
C:\Users\HishamMo\Desktop\999_cs\Quantum_Inpired_PSO_Classifcation\MRI_dataset\Perisylvian Syndrome\Perisylvian_Syndrome374.jpg,Perisylvian Syndrome
C:\Users\HishamMo\Desktop\999_cs\Quantum_Inpired_PSO_Classifcation\MRI_dataset\Perisylvian Syndrome\Perisylvian_Syndrome375.jpg,Perisylvian Syndrome
C:\Users\HishamMo\Desktop\999_cs\Quantum_Inpired_PSO_Classifcation\MRI_dataset\Perisylvian Syndrome\Perisylvian_Syndrome376.jpg,Perisylvian Syndrome
C:\Users\HishamMo\Desktop\999_cs\Quantum_Inpired_PSO_Classifcation\MRI_dataset\Perisylvian Syndrome\Perisylvian_Syndrome377.jpg,Perisylvian Syndrome
C:\Users\HishamMo\Desktop\999_cs\Quantum_Inpired_PSO_Classifcation\MRI_dataset\Perisylvian Syndrome\Perisylvian_Syndrome378.jpg,Perisylvian Syndrome
C:\Users\HishamMo\Desktop\999_cs\Quantum_Inpired_PSO_Classifcation\MRI_dataset\Perisylvian Syndrome\Perisylvian_Syndrome379.jpg,Perisylvian Syndrome
C:\Users\HishamMo\Desktop\999_cs\Quantum_Inpired_PSO_Classifcation\MRI_dataset\Perisylvian Syndrome\Perisylvian_Syndrome380.jpg,Perisylvian Syndrome
C:\Users\HishamMo\Desktop\999_cs\Quantum_Inpired_PSO_Classifcation\MRI_dataset\Perisylvian Syndrome\Perisylvian_Syndrome381.jpg,Perisylvian Syndrome
C:\Users\HishamMo\Desktop\999_cs\Quantum_Inpired_PSO_Classifcation\MRI_dataset\Perisylvian Syndrome\Perisylvian_Syndrome382.jpg,Perisylvian Syndrome
C:\Users\HishamMo\Desktop\999_cs\Quantum_Inpired_PSO_Classifcation\MRI_dataset\Perisylvian Syndrome\Perisylvian_Syndrome383.jpg,Perisylvian Syndrome
C:\Users\HishamMo\Desktop\999_cs\Quantum_Inpired_PSO_Classifcation\MRI_dataset\Perisylvian Syndrome\Perisylvian_Syndrome384.jpg,Perisylvian Syndrome
C:\Users\HishamMo\Desktop\999_cs\Quantum_Inpired_PSO_Classifcation\MRI_dataset\Perisylvian Syndrome\Perisylvian_Syndrome385.jpg,Perisylvian Syndrome
C:\Users\HishamMo\Desktop\999_cs\Quantum_Inpired_PSO_Classifcation\MRI_dataset\Perisylvian Syndrome\Perisylvian_Syndrome386.jpg,Perisylvian Syndrome
C:\Users\HishamMo\Desktop\999_cs\Quantum_Inpired_PSO_Classifcation\MRI_dataset\Perisylvian Syndrome\Perisylvian_Syndrome387.jpg,Perisylvian Syndrome
C:\Users\HishamMo\Desktop\999_cs\Quantum_Inpired_PSO_Classifcation\MRI_dataset\Perisylvian Syndrome\Perisylvian_Syndrome388.jpg,Perisylvian Syndrome
C:\Users\HishamMo\Desktop\999_cs\Quantum_Inpired_PSO_Classifcation\MRI_dataset\Perisylvian Syndrome\Perisylvian_Syndrome389.jpg,Perisylvian Syndrome
C:\Users\HishamMo\Desktop\999_cs\Quantum_Inpired_PSO_Classifcation\MRI_dataset\Perisylvian Syndrome\Perisylvian_Syndrome390.jpg,Perisylvian Syndrome
C:\Users\HishamMo\Desktop\999_cs\Quantum_Inpired_PSO_Classifcation\MRI_dataset\Perisylvian Syndrome\Perisylvian_Syndrome391.jpg,Perisylvian Syndrome
C:\Users\HishamMo\Desktop\999_cs\Quantum_Inpired_PSO_Classifcation\MRI_dataset\Perisylvian Syndrome\Perisylvian_Syndrome392.jpg,Perisylvian Syndrome
C:\Users\HishamMo\Desktop\999_cs\Quantum_Inpired_PSO_Classifcation\MRI_dataset\Perisylvian Syndrome\Perisylvian_Syndrome393.jpg,Perisylvian Syndrome
C:\Users\HishamMo\Desktop\999_cs\Quantum_Inpired_PSO_Classifcation\MRI_dataset\Perisylvian Syndrome\Perisylvian_Syndrome394.jpg,Perisylvian Syndrome
C:\Users\HishamMo\Desktop\999_cs\Quantum_Inpired_PSO_Classifcation\MRI_dataset\Perisylvian Syndrome\Perisylvian_Syndrome395.jpg,Perisylvian Syndrome
C:\Users\HishamMo\Desktop\999_cs\Quantum_Inpired_PSO_Classifcation\MRI_dataset\Perisylvian Syndrome\Perisylvian_Syndrome396.jpg,Perisylvian Syndrome
C:\Users\HishamMo\Desktop\999_cs\Quantum_Inpired_PSO_Classifcation\MRI_dataset\Perisylvian Syndrome\Perisylvian_Syndrome397.jpg,Perisylvian Syndrome
C:\Users\HishamMo\Desktop\999_cs\Quantum_Inpired_PSO_Classifcation\MRI_dataset\Perisylvian Syndrome\Perisylvian_Syndrome398.jpg,Perisylvian Syndrome
C:\Users\HishamMo\Desktop\999_cs\Quantum_Inpired_PSO_Classifcation\MRI_dataset\Perisylvian Syndrome\Perisylvian_Syndrome399.jpg,Perisylvian Syndrome
C:\Users\HishamMo\Desktop\999_cs\Quantum_Inpired_PSO_Classifcation\MRI_dataset\Perisylvian Syndrome\Perisylvian_Syndrome400.jpg,Perisylvian Syndrome
C:\Users\HishamMo\Desktop\999_cs\Quantum_Inpired_PSO_Classifcation\MRI_dataset\Perisylvian Syndrome\Perisylvian_Syndrome401.jpg,Perisylvian Syndrome
C:\Users\HishamMo\Desktop\999_cs\Quantum_Inpired_PSO_Classifcation\MRI_dataset\Perisylvian Syndrome\Perisylvian_Syndrome402.jpg,Perisylvian Syndrome
C:\Users\HishamMo\Desktop\999_cs\Quantum_Inpired_PSO_Classifcation\MRI_dataset\Perisylvian Syndrome\Perisylvian_Syndrome403.jpg,Perisylvian Syndrome
C:\Users\HishamMo\Desktop\999_cs\Quantum_Inpired_PSO_Classifcation\MRI_dataset\Perisylvian Syndrome\Perisylvian_Syndrome404.jpg,Perisylvian Syndrome
C:\Users\HishamMo\Desktop\999_cs\Quantum_Inpired_PSO_Classifcation\MRI_dataset\Perisylvian Syndrome\Perisylvian_Syndrome405.jpg,Perisylvian Syndrome
C:\Users\HishamMo\Desktop\999_cs\Quantum_Inpired_PSO_Classifcation\MRI_dataset\Perisylvian Syndrome\Perisylvian_Syndrome406.jpg,Perisylvian Syndrome
C:\Users\HishamMo\Desktop\999_cs\Quantum_Inpired_PSO_Classifcation\MRI_dataset\Perisylvian Syndrome\Perisylvian_Syndrome407.jpg,Perisylvian Syndrome
C:\Users\HishamMo\Desktop\999_cs\Quantum_Inpired_PSO_Classifcation\MRI_dataset\Perisylvian Syndrome\Perisylvian_Syndrome408.jpg,Perisylvian Syndrome
C:\Users\HishamMo\Desktop\999_cs\Quantum_Inpired_PSO_Classifcation\MRI_dataset\Perisylvian Syndrome\Perisylvian_Syndrome409.jpg,Perisylvian Syndrome
C:\Users\HishamMo\Desktop\999_cs\Quantum_Inpired_PSO_Classifcation\MRI_dataset\Perisylvian Syndrome\Perisylvian_Syndrome410.jpg,Perisylvian Syndrome
C:\Users\HishamMo\Desktop\999_cs\Quantum_Inpired_PSO_Classifcation\MRI_dataset\Perisylvian Syndrome\Perisylvian_Syndrome411.jpg,Perisylvian Syndrome
C:\Users\HishamMo\Desktop\999_cs\Quantum_Inpired_PSO_Classifcation\MRI_dataset\Perisylvian Syndrome\Perisylvian_Syndrome412.jpg,Perisylvian Syndrome
C:\Users\HishamMo\Desktop\999_cs\Quantum_Inpired_PSO_Classifcation\MRI_dataset\Perisylvian Syndrome\Perisylvian_Syndrome413.jpg,Perisylvian Syndrome
C:\Users\HishamMo\Desktop\999_cs\Quantum_Inpired_PSO_Classifcation\MRI_dataset\Perisylvian Syndrome\Perisylvian_Syndrome414.jpg,Perisylvian Syndrome
C:\Users\HishamMo\Desktop\999_cs\Quantum_Inpired_PSO_Classifcation\MRI_dataset\Perisylvian Syndrome\Perisylvian_Syndrome415.jpg,Perisylvian Syndrome
C:\Users\HishamMo\Desktop\999_cs\Quantum_Inpired_PSO_Classifcation\MRI_dataset\Perisylvian Syndrome\Perisylvian_Syndrome416.jpg,Perisylvian Syndrome
C:\Users\HishamMo\Desktop\999_cs\Quantum_Inpired_PSO_Classifcation\MRI_dataset\Perisylvian Syndrome\Perisylvian_Syndrome417.jpg,Perisylvian Syndrome
C:\Users\HishamMo\Desktop\999_cs\Quantum_Inpired_PSO_Classifcation\MRI_dataset\Perisylvian Syndrome\Perisylvian_Syndrome418.jpg,Perisylvian Syndrome
C:\Users\HishamMo\Desktop\999_cs\Quantum_Inpired_PSO_Classifcation\MRI_dataset\Perisylvian Syndrome\Perisylvian_Syndrome419.jpg,Perisylvian Syndrome
C:\Users\HishamMo\Desktop\999_cs\Quantum_Inpired_PSO_Classifcation\MRI_dataset\Perisylvian Syndrome\Perisylvian_Syndrome420.jpg,Perisylvian Syndrome
C:\Users\HishamMo\Desktop\999_cs\Quantum_Inpired_PSO_Classifcation\MRI_dataset\Perisylvian Syndrome\Perisylvian_Syndrome421.jpg,Perisylvian Syndrome
C:\Users\HishamMo\Desktop\999_cs\Quantum_Inpired_PSO_Classifcation\MRI_dataset\Perisylvian Syndrome\Perisylvian_Syndrome422.jpg,Perisylvian Syndrome
C:\Users\HishamMo\Desktop\999_cs\Quantum_Inpired_PSO_Classifcation\MRI_dataset\Perisylvian Syndrome\Perisylvian_Syndrome423.jpg,Perisylvian Syndrome
C:\Users\HishamMo\Desktop\999_cs\Quantum_Inpired_PSO_Classifcation\MRI_dataset\Perisylvian Syndrome\Perisylvian_Syndrome424.jpg,Perisylvian Syndrome
C:\Users\HishamMo\Desktop\999_cs\Quantum_Inpired_PSO_Classifcation\MRI_dataset\Perisylvian Syndrome\Perisylvian_Syndrome425.jpg,Perisylvian Syndrome
C:\Users\HishamMo\Desktop\999_cs\Quantum_Inpired_PSO_Classifcation\MRI_dataset\Perisylvian Syndrome\Perisylvian_Syndrome426.jpg,Perisylvian Syndrome
C:\Users\HishamMo\Desktop\999_cs\Quantum_Inpired_PSO_Classifcation\MRI_dataset\Perisylvian Syndrome\Perisylvian_Syndrome427.jpg,Perisylvian Syndrome
C:\Users\HishamMo\Desktop\999_cs\Quantum_Inpired_PSO_Classifcation\MRI_dataset\Perisylvian Syndrome\Perisylvian_Syndrome428.jpg,Perisylvian Syndrome
C:\Users\HishamMo\Desktop\999_cs\Quantum_Inpired_PSO_Classifcation\MRI_dataset\Perisylvian Syndrome\Perisylvian_Syndrome429.jpg,Perisylvian Syndrome
C:\Users\HishamMo\Desktop\999_cs\Quantum_Inpired_PSO_Classifcation\MRI_dataset\Perisylvian Syndrome\Perisylvian_Syndrome430.jpg,Perisylvian Syndrome
C:\Users\HishamMo\Desktop\999_cs\Quantum_Inpired_PSO_Classifcation\MRI_dataset\Perisylvian Syndrome\Perisylvian_Syndrome431.jpg,Perisylvian Syndrome
C:\Users\HishamMo\Desktop\999_cs\Quantum_Inpired_PSO_Classifcation\MRI_dataset\Perisylvian Syndrome\Perisylvian_Syndrome432.jpg,Perisylvian Syndrome
C:\Users\HishamMo\Desktop\999_cs\Quantum_Inpired_PSO_Classifcation\MRI_dataset\Perisylvian Syndrome\Perisylvian_Syndrome433.jpg,Perisylvian Syndrome
C:\Users\HishamMo\Desktop\999_cs\Quantum_Inpired_PSO_Classifcation\MRI_dataset\Perisylvian Syndrome\Perisylvian_Syndrome434.jpg,Perisylvian Syndrome
C:\Users\HishamMo\Desktop\999_cs\Quantum_Inpired_PSO_Classifcation\MRI_dataset\Perisylvian Syndrome\Perisylvian_Syndrome435.jpg,Perisylvian Syndrome
C:\Users\HishamMo\Desktop\999_cs\Quantum_Inpired_PSO_Classifcation\MRI_dataset\Perisylvian Syndrome\Perisylvian_Syndrome436.jpg,Perisylvian Syndrome
C:\Users\HishamMo\Desktop\999_cs\Quantum_Inpired_PSO_Classifcation\MRI_dataset\Perisylvian Syndrome\Perisylvian_Syndrome437.jpg,Perisylvian Syndrome
C:\Users\HishamMo\Desktop\999_cs\Quantum_Inpired_PSO_Classifcation\MRI_dataset\Perisylvian Syndrome\Perisylvian_Syndrome438.jpg,Perisylvian Syndrome
C:\Users\HishamMo\Desktop\999_cs\Quantum_Inpired_PSO_Classifcation\MRI_dataset\Perisylvian Syndrome\Perisylvian_Syndrome439.jpg,Perisylvian Syndrome
C:\Users\HishamMo\Desktop\999_cs\Quantum_Inpired_PSO_Classifcation\MRI_dataset\Perisylvian Syndrome\Perisylvian_Syndrome440.jpg,Perisylvian Syndrome
C:\Users\HishamMo\Desktop\999_cs\Quantum_Inpired_PSO_Classifcation\MRI_dataset\Perisylvian Syndrome\Perisylvian_Syndrome441.jpg,Perisylvian Syndrome
C:\Users\HishamMo\Desktop\999_cs\Quantum_Inpired_PSO_Classifcation\MRI_dataset\Perisylvian Syndrome\Perisylvian_Syndrome442.jpg,Perisylvian Syndrome
C:\Users\HishamMo\Desktop\999_cs\Quantum_Inpired_PSO_Classifcation\MRI_dataset\Perisylvian Syndrome\Perisylvian_Syndrome443.jpg,Perisylvian Syndrome
C:\Users\HishamMo\Desktop\999_cs\Quantum_Inpired_PSO_Classifcation\MRI_dataset\Perisylvian Syndrome\Perisylvian_Syndrome444.jpg,Perisylvian Syndrome
C:\Users\HishamMo\Desktop\999_cs\Quantum_Inpired_PSO_Classifcation\MRI_dataset\Perisylvian Syndrome\Perisylvian_Syndrome445.jpg,Perisylvian Syndrome
C:\Users\HishamMo\Desktop\999_cs\Quantum_Inpired_PSO_Classifcation\MRI_dataset\Perisylvian Syndrome\Perisylvian_Syndrome446.jpg,Perisylvian Syndrome
C:\Users\HishamMo\Desktop\999_cs\Quantum_Inpired_PSO_Classifcation\MRI_dataset\Perisylvian Syndrome\Perisylvian_Syndrome447.jpg,Perisylvian Syndrome
C:\Users\HishamMo\Desktop\999_cs\Quantum_Inpired_PSO_Classifcation\MRI_dataset\Perisylvian Syndrome\Perisylvian_Syndrome448.jpg,Perisylvian Syndrome
C:\Users\HishamMo\Desktop\999_cs\Quantum_Inpired_PSO_Classifcation\MRI_dataset\Perisylvian Syndrome\Perisylvian_Syndrome449.jpg,Perisylvian Syndrome
C:\Users\HishamMo\Desktop\999_cs\Quantum_Inpired_PSO_Classifcation\MRI_dataset\Perisylvian Syndrome\Perisylvian_Syndrome450.jpg,Perisylvian Syndrome
C:\Users\HishamMo\Desktop\999_cs\Quantum_Inpired_PSO_Classifcation\MRI_dataset\Perisylvian Syndrome\Perisylvian_Syndrome451.jpg,Perisylvian Syndrome
C:\Users\HishamMo\Desktop\999_cs\Quantum_Inpired_PSO_Classifcation\MRI_dataset\Perisylvian Syndrome\Perisylvian_Syndrome452.jpg,Perisylvian Syndrome
C:\Users\HishamMo\Desktop\999_cs\Quantum_Inpired_PSO_Classifcation\MRI_dataset\Perisylvian Syndrome\Perisylvian_Syndrome453.jpg,Perisylvian Syndrome
C:\Users\HishamMo\Desktop\999_cs\Quantum_Inpired_PSO_Classifcation\MRI_dataset\Perisylvian Syndrome\Perisylvian_Syndrome454.jpg,Perisylvian Syndrome
C:\Users\HishamMo\Desktop\999_cs\Quantum_Inpired_PSO_Classifcation\MRI_dataset\Perisylvian Syndrome\Perisylvian_Syndrome455.jpg,Perisylvian Syndrome
C:\Users\HishamMo\Desktop\999_cs\Quantum_Inpired_PSO_Classifcation\MRI_dataset\Perisylvian Syndrome\Perisylvian_Syndrome456.jpg,Perisylvian Syndrome
C:\Users\HishamMo\Desktop\999_cs\Quantum_Inpired_PSO_Classifcation\MRI_dataset\Perisylvian Syndrome\Perisylvian_Syndrome457.jpg,Perisylvian Syndrome
C:\Users\HishamMo\Desktop\999_cs\Quantum_Inpired_PSO_Classifcation\MRI_dataset\Perisylvian Syndrome\Perisylvian_Syndrome458.jpg,Perisylvian Syndrome
C:\Users\HishamMo\Desktop\999_cs\Quantum_Inpired_PSO_Classifcation\MRI_dataset\Perisylvian Syndrome\Perisylvian_Syndrome459.jpg,Perisylvian Syndrome
C:\Users\HishamMo\Desktop\999_cs\Quantum_Inpired_PSO_Classifcation\MRI_dataset\Perisylvian Syndrome\Perisylvian_Syndrome460.jpg,Perisylvian Syndrome
C:\Users\HishamMo\Desktop\999_cs\Quantum_Inpired_PSO_Classifcation\MRI_dataset\Perisylvian Syndrome\Perisylvian_Syndrome461.jpg,Perisylvian Syndrome
C:\Users\HishamMo\Desktop\999_cs\Quantum_Inpired_PSO_Classifcation\MRI_dataset\Perisylvian Syndrome\Perisylvian_Syndrome462.jpg,Perisylvian Syndrome
C:\Users\HishamMo\Desktop\999_cs\Quantum_Inpired_PSO_Classifcation\MRI_dataset\Perisylvian Syndrome\Perisylvian_Syndrome463.jpg,Perisylvian Syndrome
C:\Users\HishamMo\Desktop\999_cs\Quantum_Inpired_PSO_Classifcation\MRI_dataset\Perisylvian Syndrome\Perisylvian_Syndrome464.jpg,Perisylvian Syndrome
C:\Users\HishamMo\Desktop\999_cs\Quantum_Inpired_PSO_Classifcation\MRI_dataset\Perisylvian Syndrome\Perisylvian_Syndrome465.jpg,Perisylvian Syndrome
C:\Users\HishamMo\Desktop\999_cs\Quantum_Inpired_PSO_Classifcation\MRI_dataset\Perisylvian Syndrome\Perisylvian_Syndrome466.jpg,Perisylvian Syndrome
C:\Users\HishamMo\Desktop\999_cs\Quantum_Inpired_PSO_Classifcation\MRI_dataset\Perisylvian Syndrome\Perisylvian_Syndrome467.jpg,Perisylvian Syndrome
C:\Users\HishamMo\Desktop\999_cs\Quantum_Inpired_PSO_Classifcation\MRI_dataset\Perisylvian Syndrome\Perisylvian_Syndrome468.jpg,Perisylvian Syndrome
C:\Users\HishamMo\Desktop\999_cs\Quantum_Inpired_PSO_Classifcation\MRI_dataset\Perisylvian Syndrome\Perisylvian_Syndrome469.jpg,Perisylvian Syndrome
C:\Users\HishamMo\Desktop\999_cs\Quantum_Inpired_PSO_Classifcation\MRI_dataset\Perisylvian Syndrome\Perisylvian_Syndrome470.jpg,Perisylvian Syndrome
C:\Users\HishamMo\Desktop\999_cs\Quantum_Inpired_PSO_Classifcation\MRI_dataset\Perisylvian Syndrome\Perisylvian_Syndrome471.jpg,Perisylvian Syndrome
C:\Users\HishamMo\Desktop\999_cs\Quantum_Inpired_PSO_Classifcation\MRI_dataset\Perisylvian Syndrome\Perisylvian_Syndrome472.jpg,Perisylvian Syndrome
C:\Users\HishamMo\Desktop\999_cs\Quantum_Inpired_PSO_Classifcation\MRI_dataset\Perisylvian Syndrome\Perisylvian_Syndrome473.jpg,Perisylvian Syndrome
C:\Users\HishamMo\Desktop\999_cs\Quantum_Inpired_PSO_Classifcation\MRI_dataset\Perisylvian Syndrome\Perisylvian_Syndrome474.jpg,Perisylvian Syndrome
C:\Users\HishamMo\Desktop\999_cs\Quantum_Inpired_PSO_Classifcation\MRI_dataset\Perisylvian Syndrome\Perisylvian_Syndrome475.jpg,Perisylvian Syndrome
C:\Users\HishamMo\Desktop\999_cs\Quantum_Inpired_PSO_Classifcation\MRI_dataset\Perisylvian Syndrome\Perisylvian_Syndrome476.jpg,Perisylvian Syndrome
C:\Users\HishamMo\Desktop\999_cs\Quantum_Inpired_PSO_Classifcation\MRI_dataset\Perisylvian Syndrome\Perisylvian_Syndrome477.jpg,Perisylvian Syndrome
C:\Users\HishamMo\Desktop\999_cs\Quantum_Inpired_PSO_Classifcation\MRI_dataset\Perisylvian Syndrome\Perisylvian_Syndrome478.jpg,Perisylvian Syndrome
C:\Users\HishamMo\Desktop\999_cs\Quantum_Inpired_PSO_Classifcation\MRI_dataset\Perisylvian Syndrome\Perisylvian_Syndrome479.jpg,Perisylvian Syndrome
C:\Users\HishamMo\Desktop\999_cs\Quantum_Inpired_PSO_Classifcation\MRI_dataset\Perisylvian Syndrome\Perisylvian_Syndrome480.jpg,Perisylvian Syndrome
C:\Users\HishamMo\Desktop\999_cs\Quantum_Inpired_PSO_Classifcation\MRI_dataset\Perisylvian Syndrome\Perisylvian_Syndrome481.jpg,Perisylvian Syndrome
C:\Users\HishamMo\Desktop\999_cs\Quantum_Inpired_PSO_Classifcation\MRI_dataset\Perisylvian Syndrome\Perisylvian_Syndrome482.jpg,Perisylvian Syndrome
C:\Users\HishamMo\Desktop\999_cs\Quantum_Inpired_PSO_Classifcation\MRI_dataset\Perisylvian Syndrome\Perisylvian_Syndrome483.jpg,Perisylvian Syndrome
C:\Users\HishamMo\Desktop\999_cs\Quantum_Inpired_PSO_Classifcation\MRI_dataset\Perisylvian Syndrome\Perisylvian_Syndrome484.jpg,Perisylvian Syndrome
C:\Users\HishamMo\Desktop\999_cs\Quantum_Inpired_PSO_Classifcation\MRI_dataset\Perisylvian Syndrome\Perisylvian_Syndrome485.jpg,Perisylvian Syndrome
C:\Users\HishamMo\Desktop\999_cs\Quantum_Inpired_PSO_Classifcation\MRI_dataset\Perisylvian Syndrome\Perisylvian_Syndrome486.jpg,Perisylvian Syndrome
C:\Users\HishamMo\Desktop\999_cs\Quantum_Inpired_PSO_Classifcation\MRI_dataset\Perisylvian Syndrome\Perisylvian_Syndrome487.jpg,Perisylvian Syndrome
C:\Users\HishamMo\Desktop\999_cs\Quantum_Inpired_PSO_Classifcation\MRI_dataset\Perisylvian Syndrome\Perisylvian_Syndrome488.jpg,Perisylvian Syndrome
C:\Users\HishamMo\Desktop\999_cs\Quantum_Inpired_PSO_Classifcation\MRI_dataset\Perisylvian Syndrome\Perisylvian_Syndrome489.jpg,Perisylvian Syndrome
C:\Users\HishamMo\Desktop\999_cs\Quantum_Inpired_PSO_Classifcation\MRI_dataset\Perisylvian Syndrome\Perisylvian_Syndrome490.jpg,Perisylvian Syndrome
C:\Users\HishamMo\Desktop\999_cs\Quantum_Inpired_PSO_Classifcation\MRI_dataset\Perisylvian Syndrome\Perisylvian_Syndrome491.jpg,Perisylvian Syndrome
C:\Users\HishamMo\Desktop\999_cs\Quantum_Inpired_PSO_Classifcation\MRI_dataset\Perisylvian Syndrome\Perisylvian_Syndrome492.jpg,Perisylvian Syndrome
C:\Users\HishamMo\Desktop\999_cs\Quantum_Inpired_PSO_Classifcation\MRI_dataset\Perisylvian Syndrome\Perisylvian_Syndrome493.jpg,Perisylvian Syndrome
C:\Users\HishamMo\Desktop\999_cs\Quantum_Inpired_PSO_Classifcation\MRI_dataset\Perisylvian Syndrome\Perisylvian_Syndrome494.jpg,Perisylvian Syndrome
C:\Users\HishamMo\Desktop\999_cs\Quantum_Inpired_PSO_Classifcation\MRI_dataset\Perisylvian Syndrome\Perisylvian_Syndrome495.jpg,Perisylvian Syndrome
C:\Users\HishamMo\Desktop\999_cs\Quantum_Inpired_PSO_Classifcation\MRI_dataset\Perisylvian Syndrome\Perisylvian_Syndrome496.jpg,Perisylvian Syndrome
C:\Users\HishamMo\Desktop\999_cs\Quantum_Inpired_PSO_Classifcation\MRI_dataset\Perisylvian Syndrome\Perisylvian_Syndrome497.jpg,Perisylvian Syndrome
C:\Users\HishamMo\Desktop\999_cs\Quantum_Inpired_PSO_Classifcation\MRI_dataset\Perisylvian Syndrome\Perisylvian_Syndrome498.jpg,Perisylvian Syndrome
C:\Users\HishamMo\Desktop\999_cs\Quantum_Inpired_PSO_Classifcation\MRI_dataset\Perisylvian Syndrome\Perisylvian_Syndrome499.jpg,Perisylvian Syndrome
C:\Users\HishamMo\Desktop\999_cs\Quantum_Inpired_PSO_Classifcation\MRI_dataset\Perisylvian Syndrome\Perisylvian_Syndrome500.jpg,Perisylvian Syndrome
C:\Users\HishamMo\Desktop\999_cs\Quantum_Inpired_PSO_Classifcation\MRI_dataset\Perisylvian Syndrome\Perisylvian_Syndrome501.jpg,Perisylvian Syndrome
C:\Users\HishamMo\Desktop\999_cs\Quantum_Inpired_PSO_Classifcation\MRI_dataset\Perisylvian Syndrome\Perisylvian_Syndrome502.jpg,Perisylvian Syndrome
C:\Users\HishamMo\Desktop\999_cs\Quantum_Inpired_PSO_Classifcation\MRI_dataset\Perisylvian Syndrome\Perisylvian_Syndrome503.jpg,Perisylvian Syndrome
C:\Users\HishamMo\Desktop\999_cs\Quantum_Inpired_PSO_Classifcation\MRI_dataset\Perisylvian Syndrome\Perisylvian_Syndrome504.jpg,Perisylvian Syndrome
C:\Users\HishamMo\Desktop\999_cs\Quantum_Inpired_PSO_Classifcation\MRI_dataset\Perisylvian Syndrome\Perisylvian_Syndrome505.jpg,Perisylvian Syndrome
C:\Users\HishamMo\Desktop\999_cs\Quantum_Inpired_PSO_Classifcation\MRI_dataset\Perisylvian Syndrome\Perisylvian_Syndrome506.jpg,Perisylvian Syndrome
C:\Users\HishamMo\Desktop\999_cs\Quantum_Inpired_PSO_Classifcation\MRI_dataset\Perisylvian Syndrome\Perisylvian_Syndrome507.jpg,Perisylvian Syndrome
C:\Users\HishamMo\Desktop\999_cs\Quantum_Inpired_PSO_Classifcation\MRI_dataset\Perisylvian Syndrome\Perisylvian_Syndrome508.jpg,Perisylvian Syndrome
C:\Users\HishamMo\Desktop\999_cs\Quantum_Inpired_PSO_Classifcation\MRI_dataset\Perisylvian Syndrome\Perisylvian_Syndrome509.jpg,Perisylvian Syndrome
C:\Users\HishamMo\Desktop\999_cs\Quantum_Inpired_PSO_Classifcation\MRI_dataset\Perisylvian Syndrome\Perisylvian_Syndrome510.jpg,Perisylvian Syndrome
C:\Users\HishamMo\Desktop\999_cs\Quantum_Inpired_PSO_Classifcation\MRI_dataset\Perisylvian Syndrome\Perisylvian_Syndrome511.jpg,Perisylvian Syndrome
C:\Users\HishamMo\Desktop\999_cs\Quantum_Inpired_PSO_Classifcation\MRI_dataset\Perisylvian Syndrome\Perisylvian_Syndrome512.jpg,Perisylvian Syndrome
C:\Users\HishamMo\Desktop\999_cs\Quantum_Inpired_PSO_Classifcation\MRI_dataset\Perisylvian Syndrome\Perisylvian_Syndrome513.jpg,Perisylvian Syndrome
C:\Users\HishamMo\Desktop\999_cs\Quantum_Inpired_PSO_Classifcation\MRI_dataset\Perisylvian Syndrome\Perisylvian_Syndrome514.jpg,Perisylvian Syndrome
C:\Users\HishamMo\Desktop\999_cs\Quantum_Inpired_PSO_Classifcation\MRI_dataset\Perisylvian Syndrome\Perisylvian_Syndrome515.jpg,Perisylvian Syndrome
C:\Users\HishamMo\Desktop\999_cs\Quantum_Inpired_PSO_Classifcation\MRI_dataset\Perisylvian Syndrome\Perisylvian_Syndrome516.jpg,Perisylvian Syndrome
C:\Users\HishamMo\Desktop\999_cs\Quantum_Inpired_PSO_Classifcation\MRI_dataset\Perisylvian Syndrome\Perisylvian_Syndrome517.jpg,Perisylvian Syndrome
C:\Users\HishamMo\Desktop\999_cs\Quantum_Inpired_PSO_Classifcation\MRI_dataset\Perisylvian Syndrome\Perisylvian_Syndrome518.jpg,Perisylvian Syndrome
C:\Users\HishamMo\Desktop\999_cs\Quantum_Inpired_PSO_Classifcation\MRI_dataset\Perisylvian Syndrome\Perisylvian_Syndrome519.jpg,Perisylvian Syndrome
C:\Users\HishamMo\Desktop\999_cs\Quantum_Inpired_PSO_Classifcation\MRI_dataset\Perisylvian Syndrome\Perisylvian_Syndrome520.jpg,Perisylvian Syndrome
C:\Users\HishamMo\Desktop\999_cs\Quantum_Inpired_PSO_Classifcation\MRI_dataset\Perisylvian Syndrome\Perisylvian_Syndrome521.jpg,Perisylvian Syndrome
C:\Users\HishamMo\Desktop\999_cs\Quantum_Inpired_PSO_Classifcation\MRI_dataset\Perisylvian Syndrome\Perisylvian_Syndrome522.jpg,Perisylvian Syndrome
C:\Users\HishamMo\Desktop\999_cs\Quantum_Inpired_PSO_Classifcation\MRI_dataset\Perisylvian Syndrome\Perisylvian_Syndrome523.jpg,Perisylvian Syndrome
C:\Users\HishamMo\Desktop\999_cs\Quantum_Inpired_PSO_Classifcation\MRI_dataset\Perisylvian Syndrome\Perisylvian_Syndrome524.jpg,Perisylvian Syndrome
C:\Users\HishamMo\Desktop\999_cs\Quantum_Inpired_PSO_Classifcation\MRI_dataset\Perisylvian Syndrome\Perisylvian_Syndrome525.jpg,Perisylvian Syndrome
C:\Users\HishamMo\Desktop\999_cs\Quantum_Inpired_PSO_Classifcation\MRI_dataset\Perisylvian Syndrome\Perisylvian_Syndrome526.jpg,Perisylvian Syndrome
C:\Users\HishamMo\Desktop\999_cs\Quantum_Inpired_PSO_Classifcation\MRI_dataset\Perisylvian Syndrome\Perisylvian_Syndrome527.jpg,Perisylvian Syndrome
C:\Users\HishamMo\Desktop\999_cs\Quantum_Inpired_PSO_Classifcation\MRI_dataset\Perisylvian Syndrome\Perisylvian_Syndrome528.jpg,Perisylvian Syndrome
C:\Users\HishamMo\Desktop\999_cs\Quantum_Inpired_PSO_Classifcation\MRI_dataset\Perisylvian Syndrome\Perisylvian_Syndrome529.jpg,Perisylvian Syndrome
C:\Users\HishamMo\Desktop\999_cs\Quantum_Inpired_PSO_Classifcation\MRI_dataset\Perisylvian Syndrome\Perisylvian_Syndrome530.jpg,Perisylvian Syndrome
C:\Users\HishamMo\Desktop\999_cs\Quantum_Inpired_PSO_Classifcation\MRI_dataset\Perisylvian Syndrome\Perisylvian_Syndrome531.jpg,Perisylvian Syndrome
C:\Users\HishamMo\Desktop\999_cs\Quantum_Inpired_PSO_Classifcation\MRI_dataset\Perisylvian Syndrome\Perisylvian_Syndrome532.jpg,Perisylvian Syndrome
C:\Users\HishamMo\Desktop\999_cs\Quantum_Inpired_PSO_Classifcation\MRI_dataset\Perisylvian Syndrome\Perisylvian_Syndrome533.jpg,Perisylvian Syndrome
C:\Users\HishamMo\Desktop\999_cs\Quantum_Inpired_PSO_Classifcation\MRI_dataset\Perisylvian Syndrome\Perisylvian_Syndrome534.jpg,Perisylvian Syndrome
C:\Users\HishamMo\Desktop\999_cs\Quantum_Inpired_PSO_Classifcation\MRI_dataset\Perisylvian Syndrome\Perisylvian_Syndrome535.jpg,Perisylvian Syndrome
C:\Users\HishamMo\Desktop\999_cs\Quantum_Inpired_PSO_Classifcation\MRI_dataset\Perisylvian Syndrome\Perisylvian_Syndrome536.jpg,Perisylvian Syndrome
C:\Users\HishamMo\Desktop\999_cs\Quantum_Inpired_PSO_Classifcation\MRI_dataset\Perisylvian Syndrome\Perisylvian_Syndrome537.jpg,Perisylvian Syndrome
C:\Users\HishamMo\Desktop\999_cs\Quantum_Inpired_PSO_Classifcation\MRI_dataset\Perisylvian Syndrome\Perisylvian_Syndrome538.jpg,Perisylvian Syndrome
C:\Users\HishamMo\Desktop\999_cs\Quantum_Inpired_PSO_Classifcation\MRI_dataset\Perisylvian Syndrome\Perisylvian_Syndrome539.jpg,Perisylvian Syndrome
C:\Users\HishamMo\Desktop\999_cs\Quantum_Inpired_PSO_Classifcation\MRI_dataset\Perisylvian Syndrome\Perisylvian_Syndrome540.jpg,Perisylvian Syndrome
C:\Users\HishamMo\Desktop\999_cs\Quantum_Inpired_PSO_Classifcation\MRI_dataset\Perisylvian Syndrome\Perisylvian_Syndrome541.jpg,Perisylvian Syndrome
C:\Users\HishamMo\Desktop\999_cs\Quantum_Inpired_PSO_Classifcation\MRI_dataset\Perisylvian Syndrome\Perisylvian_Syndrome542.jpg,Perisylvian Syndrome
C:\Users\HishamMo\Desktop\999_cs\Quantum_Inpired_PSO_Classifcation\MRI_dataset\Perisylvian Syndrome\Perisylvian_Syndrome543.jpg,Perisylvian Syndrome
C:\Users\HishamMo\Desktop\999_cs\Quantum_Inpired_PSO_Classifcation\MRI_dataset\Perisylvian Syndrome\Perisylvian_Syndrome544.jpg,Perisylvian Syndrome
C:\Users\HishamMo\Desktop\999_cs\Quantum_Inpired_PSO_Classifcation\MRI_dataset\Perisylvian Syndrome\Perisylvian_Syndrome545.jpg,Perisylvian Syndrome
C:\Users\HishamMo\Desktop\999_cs\Quantum_Inpired_PSO_Classifcation\MRI_dataset\Perisylvian Syndrome\Perisylvian_Syndrome546.jpg,Perisylvian Syndrome
C:\Users\HishamMo\Desktop\999_cs\Quantum_Inpired_PSO_Classifcation\MRI_dataset\Perisylvian Syndrome\Perisylvian_Syndrome547.jpg,Perisylvian Syndrome
C:\Users\HishamMo\Desktop\999_cs\Quantum_Inpired_PSO_Classifcation\MRI_dataset\Perisylvian Syndrome\Perisylvian_Syndrome548.jpg,Perisylvian Syndrome
C:\Users\HishamMo\Desktop\999_cs\Quantum_Inpired_PSO_Classifcation\MRI_dataset\Perisylvian Syndrome\Perisylvian_Syndrome549.jpg,Perisylvian Syndrome
C:\Users\HishamMo\Desktop\999_cs\Quantum_Inpired_PSO_Classifcation\MRI_dataset\Perisylvian Syndrome\Perisylvian_Syndrome550.jpg,Perisylvian Syndrome
C:\Users\HishamMo\Desktop\999_cs\Quantum_Inpired_PSO_Classifcation\MRI_dataset\Perisylvian Syndrome\Perisylvian_Syndrome551.jpg,Perisylvian Syndrome
C:\Users\HishamMo\Desktop\999_cs\Quantum_Inpired_PSO_Classifcation\MRI_dataset\Perisylvian Syndrome\Perisylvian_Syndrome552.jpg,Perisylvian Syndrome
C:\Users\HishamMo\Desktop\999_cs\Quantum_Inpired_PSO_Classifcation\MRI_dataset\Perisylvian Syndrome\Perisylvian_Syndrome553.jpg,Perisylvian Syndrome
C:\Users\HishamMo\Desktop\999_cs\Quantum_Inpired_PSO_Classifcation\MRI_dataset\Perisylvian Syndrome\Perisylvian_Syndrome554.jpg,Perisylvian Syndrome
C:\Users\HishamMo\Desktop\999_cs\Quantum_Inpired_PSO_Classifcation\MRI_dataset\Perisylvian Syndrome\Perisylvian_Syndrome555.jpg,Perisylvian Syndrome
C:\Users\HishamMo\Desktop\999_cs\Quantum_Inpired_PSO_Classifcation\MRI_dataset\Perisylvian Syndrome\Perisylvian_Syndrome556.jpg,Perisylvian Syndrome
C:\Users\HishamMo\Desktop\999_cs\Quantum_Inpired_PSO_Classifcation\MRI_dataset\Perisylvian Syndrome\Perisylvian_Syndrome557.jpg,Perisylvian Syndrome
C:\Users\HishamMo\Desktop\999_cs\Quantum_Inpired_PSO_Classifcation\MRI_dataset\Perisylvian Syndrome\Perisylvian_Syndrome558.jpg,Perisylvian Syndrome
C:\Users\HishamMo\Desktop\999_cs\Quantum_Inpired_PSO_Classifcation\MRI_dataset\Perisylvian Syndrome\Perisylvian_Syndrome559.jpg,Perisylvian Syndrome
C:\Users\HishamMo\Desktop\999_cs\Quantum_Inpired_PSO_Classifcation\MRI_dataset\Perisylvian Syndrome\Perisylvian_Syndrome560.jpg,Perisylvian Syndrome
C:\Users\HishamMo\Desktop\999_cs\Quantum_Inpired_PSO_Classifcation\MRI_dataset\Perisylvian Syndrome\Perisylvian_Syndrome561.jpg,Perisylvian Syndrome
C:\Users\HishamMo\Desktop\999_cs\Quantum_Inpired_PSO_Classifcation\MRI_dataset\Perisylvian Syndrome\Perisylvian_Syndrome562.jpg,Perisylvian Syndrome
C:\Users\HishamMo\Desktop\999_cs\Quantum_Inpired_PSO_Classifcation\MRI_dataset\Perisylvian Syndrome\Perisylvian_Syndrome563.jpg,Perisylvian Syndrome
C:\Users\HishamMo\Desktop\999_cs\Quantum_Inpired_PSO_Classifcation\MRI_dataset\Perisylvian Syndrome\Perisylvian_Syndrome564.jpg,Perisylvian Syndrome
C:\Users\HishamMo\Desktop\999_cs\Quantum_Inpired_PSO_Classifcation\MRI_dataset\Perisylvian Syndrome\Perisylvian_Syndrome565.jpg,Perisylvian Syndrome
C:\Users\HishamMo\Desktop\999_cs\Quantum_Inpired_PSO_Classifcation\MRI_dataset\Perisylvian Syndrome\Perisylvian_Syndrome566.jpg,Perisylvian Syndrome
C:\Users\HishamMo\Desktop\999_cs\Quantum_Inpired_PSO_Classifcation\MRI_dataset\Perisylvian Syndrome\Perisylvian_Syndrome567.jpg,Perisylvian Syndrome
C:\Users\HishamMo\Desktop\999_cs\Quantum_Inpired_PSO_Classifcation\MRI_dataset\Perisylvian Syndrome\Perisylvian_Syndrome568.jpg,Perisylvian Syndrome
C:\Users\HishamMo\Desktop\999_cs\Quantum_Inpired_PSO_Classifcation\MRI_dataset\Perisylvian Syndrome\Perisylvian_Syndrome569.jpg,Perisylvian Syndrome
C:\Users\HishamMo\Desktop\999_cs\Quantum_Inpired_PSO_Classifcation\MRI_dataset\Perisylvian Syndrome\Perisylvian_Syndrome570.jpg,Perisylvian Syndrome
C:\Users\HishamMo\Desktop\999_cs\Quantum_Inpired_PSO_Classifcation\MRI_dataset\Perisylvian Syndrome\Perisylvian_Syndrome571.jpg,Perisylvian Syndrome
C:\Users\HishamMo\Desktop\999_cs\Quantum_Inpired_PSO_Classifcation\MRI_dataset\Perisylvian Syndrome\Perisylvian_Syndrome572.jpg,Perisylvian Syndrome
C:\Users\HishamMo\Desktop\999_cs\Quantum_Inpired_PSO_Classifcation\MRI_dataset\Perisylvian Syndrome\Perisylvian_Syndrome573.jpg,Perisylvian Syndrome
C:\Users\HishamMo\Desktop\999_cs\Quantum_Inpired_PSO_Classifcation\MRI_dataset\Perisylvian Syndrome\Perisylvian_Syndrome574.jpg,Perisylvian Syndrome
C:\Users\HishamMo\Desktop\999_cs\Quantum_Inpired_PSO_Classifcation\MRI_dataset\Perisylvian Syndrome\Perisylvian_Syndrome575.jpg,Perisylvian Syndrome
C:\Users\HishamMo\Desktop\999_cs\Quantum_Inpired_PSO_Classifcation\MRI_dataset\Perisylvian Syndrome\Perisylvian_Syndrome576.jpg,Perisylvian Syndrome
C:\Users\HishamMo\Desktop\999_cs\Quantum_Inpired_PSO_Classifcation\MRI_dataset\Perisylvian Syndrome\Perisylvian_Syndrome577.jpg,Perisylvian Syndrome
C:\Users\HishamMo\Desktop\999_cs\Quantum_Inpired_PSO_Classifcation\MRI_dataset\Perisylvian Syndrome\Perisylvian_Syndrome578.jpg,Perisylvian Syndrome
C:\Users\HishamMo\Desktop\999_cs\Quantum_Inpired_PSO_Classifcation\MRI_dataset\Perisylvian Syndrome\Perisylvian_Syndrome579.jpg,Perisylvian Syndrome
C:\Users\HishamMo\Desktop\999_cs\Quantum_Inpired_PSO_Classifcation\MRI_dataset\Perisylvian Syndrome\Perisylvian_Syndrome580.jpg,Perisylvian Syndrome
C:\Users\HishamMo\Desktop\999_cs\Quantum_Inpired_PSO_Classifcation\MRI_dataset\Perisylvian Syndrome\Perisylvian_Syndrome581.jpg,Perisylvian Syndrome
C:\Users\HishamMo\Desktop\999_cs\Quantum_Inpired_PSO_Classifcation\MRI_dataset\Perisylvian Syndrome\Perisylvian_Syndrome582.jpg,Perisylvian Syndrome
C:\Users\HishamMo\Desktop\999_cs\Quantum_Inpired_PSO_Classifcation\MRI_dataset\Perisylvian Syndrome\Perisylvian_Syndrome583.jpg,Perisylvian Syndrome
C:\Users\HishamMo\Desktop\999_cs\Quantum_Inpired_PSO_Classifcation\MRI_dataset\Perisylvian Syndrome\Perisylvian_Syndrome584.jpg,Perisylvian Syndrome
C:\Users\HishamMo\Desktop\999_cs\Quantum_Inpired_PSO_Classifcation\MRI_dataset\Perisylvian Syndrome\Perisylvian_Syndrome585.jpg,Perisylvian Syndrome
C:\Users\HishamMo\Desktop\999_cs\Quantum_Inpired_PSO_Classifcation\MRI_dataset\Perisylvian Syndrome\Perisylvian_Syndrome586.jpg,Perisylvian Syndrome
C:\Users\HishamMo\Desktop\999_cs\Quantum_Inpired_PSO_Classifcation\MRI_dataset\Perisylvian Syndrome\Perisylvian_Syndrome587.jpg,Perisylvian Syndrome
C:\Users\HishamMo\Desktop\999_cs\Quantum_Inpired_PSO_Classifcation\MRI_dataset\Perisylvian Syndrome\Perisylvian_Syndrome588.jpg,Perisylvian Syndrome
C:\Users\HishamMo\Desktop\999_cs\Quantum_Inpired_PSO_Classifcation\MRI_dataset\Perisylvian Syndrome\Perisylvian_Syndrome589.jpg,Perisylvian Syndrome
C:\Users\HishamMo\Desktop\999_cs\Quantum_Inpired_PSO_Classifcation\MRI_dataset\Perisylvian Syndrome\Perisylvian_Syndrome590.jpg,Perisylvian Syndrome
C:\Users\HishamMo\Desktop\999_cs\Quantum_Inpired_PSO_Classifcation\MRI_dataset\Perisylvian Syndrome\Perisylvian_Syndrome591.jpg,Perisylvian Syndrome
C:\Users\HishamMo\Desktop\999_cs\Quantum_Inpired_PSO_Classifcation\MRI_dataset\Perisylvian Syndrome\Perisylvian_Syndrome592.jpg,Perisylvian Syndrome
C:\Users\HishamMo\Desktop\999_cs\Quantum_Inpired_PSO_Classifcation\MRI_dataset\Perisylvian Syndrome\Perisylvian_Syndrome593.jpg,Perisylvian Syndrome
C:\Users\HishamMo\Desktop\999_cs\Quantum_Inpired_PSO_Classifcation\MRI_dataset\Perisylvian Syndrome\Perisylvian_Syndrome594.jpg,Perisylvian Syndrome
C:\Users\HishamMo\Desktop\999_cs\Quantum_Inpired_PSO_Classifcation\MRI_dataset\Perisylvian Syndrome\Perisylvian_Syndrome595.jpg,Perisylvian Syndrome
C:\Users\HishamMo\Desktop\999_cs\Quantum_Inpired_PSO_Classifcation\MRI_dataset\Perisylvian Syndrome\Perisylvian_Syndrome596.jpg,Perisylvian Syndrome
C:\Users\HishamMo\Desktop\999_cs\Quantum_Inpired_PSO_Classifcation\MRI_dataset\Perisylvian Syndrome\Perisylvian_Syndrome597.jpg,Perisylvian Syndrome
C:\Users\HishamMo\Desktop\999_cs\Quantum_Inpired_PSO_Classifcation\MRI_dataset\Perisylvian Syndrome\Perisylvian_Syndrome598.jpg,Perisylvian Syndrome
C:\Users\HishamMo\Desktop\999_cs\Quantum_Inpired_PSO_Classifcation\MRI_dataset\Perisylvian Syndrome\Perisylvian_Syndrome599.jpg,Perisylvian Syndrome
C:\Users\HishamMo\Desktop\999_cs\Quantum_Inpired_PSO_Classifcation\MRI_dataset\Perisylvian Syndrome\Perisylvian_Syndrome600.jpg,Perisylvian Syndrome
C:\Users\HishamMo\Desktop\999_cs\Quantum_Inpired_PSO_Classifcation\MRI_dataset\Perisylvian Syndrome\Perisylvian_Syndrome601.jpg,Perisylvian Syndrome
C:\Users\HishamMo\Desktop\999_cs\Quantum_Inpired_PSO_Classifcation\MRI_dataset\Perisylvian Syndrome\Perisylvian_Syndrome602.jpg,Perisylvian Syndrome
C:\Users\HishamMo\Desktop\999_cs\Quantum_Inpired_PSO_Classifcation\MRI_dataset\Perisylvian Syndrome\Perisylvian_Syndrome603.jpg,Perisylvian Syndrome
C:\Users\HishamMo\Desktop\999_cs\Quantum_Inpired_PSO_Classifcation\MRI_dataset\Perisylvian Syndrome\Perisylvian_Syndrome604.jpg,Perisylvian Syndrome
C:\Users\HishamMo\Desktop\999_cs\Quantum_Inpired_PSO_Classifcation\MRI_dataset\Perisylvian Syndrome\Perisylvian_Syndrome605.jpg,Perisylvian Syndrome
C:\Users\HishamMo\Desktop\999_cs\Quantum_Inpired_PSO_Classifcation\MRI_dataset\Perisylvian Syndrome\Perisylvian_Syndrome606.jpg,Perisylvian Syndrome
C:\Users\HishamMo\Desktop\999_cs\Quantum_Inpired_PSO_Classifcation\MRI_dataset\Perisylvian Syndrome\Perisylvian_Syndrome607.jpg,Perisylvian Syndrome
C:\Users\HishamMo\Desktop\999_cs\Quantum_Inpired_PSO_Classifcation\MRI_dataset\Perisylvian Syndrome\Perisylvian_Syndrome608.jpg,Perisylvian Syndrome
C:\Users\HishamMo\Desktop\999_cs\Quantum_Inpired_PSO_Classifcation\MRI_dataset\Perisylvian Syndrome\Perisylvian_Syndrome609.jpg,Perisylvian Syndrome
C:\Users\HishamMo\Desktop\999_cs\Quantum_Inpired_PSO_Classifcation\MRI_dataset\Perisylvian Syndrome\Perisylvian_Syndrome610.jpg,Perisylvian Syndrome
C:\Users\HishamMo\Desktop\999_cs\Quantum_Inpired_PSO_Classifcation\MRI_dataset\Perisylvian Syndrome\Perisylvian_Syndrome611.jpg,Perisylvian Syndrome
C:\Users\HishamMo\Desktop\999_cs\Quantum_Inpired_PSO_Classifcation\MRI_dataset\Perisylvian Syndrome\Perisylvian_Syndrome612.jpg,Perisylvian Syndrome
C:\Users\HishamMo\Desktop\999_cs\Quantum_Inpired_PSO_Classifcation\MRI_dataset\Perisylvian Syndrome\Perisylvian_Syndrome613.jpg,Perisylvian Syndrome
C:\Users\HishamMo\Desktop\999_cs\Quantum_Inpired_PSO_Classifcation\MRI_dataset\Perisylvian Syndrome\Perisylvian_Syndrome614.jpg,Perisylvian Syndrome
C:\Users\HishamMo\Desktop\999_cs\Quantum_Inpired_PSO_Classifcation\MRI_dataset\Perisylvian Syndrome\Perisylvian_Syndrome615.jpg,Perisylvian Syndrome
C:\Users\HishamMo\Desktop\999_cs\Quantum_Inpired_PSO_Classifcation\MRI_dataset\Perisylvian Syndrome\Perisylvian_Syndrome616.jpg,Perisylvian Syndrome
C:\Users\HishamMo\Desktop\999_cs\Quantum_Inpired_PSO_Classifcation\MRI_dataset\Perisylvian Syndrome\Perisylvian_Syndrome617.jpg,Perisylvian Syndrome
C:\Users\HishamMo\Desktop\999_cs\Quantum_Inpired_PSO_Classifcation\MRI_dataset\Perisylvian Syndrome\Perisylvian_Syndrome618.jpg,Perisylvian Syndrome
C:\Users\HishamMo\Desktop\999_cs\Quantum_Inpired_PSO_Classifcation\MRI_dataset\Perisylvian Syndrome\Perisylvian_Syndrome619.jpg,Perisylvian Syndrome
C:\Users\HishamMo\Desktop\999_cs\Quantum_Inpired_PSO_Classifcation\MRI_dataset\Perisylvian Syndrome\Perisylvian_Syndrome620.jpg,Perisylvian Syndrome
C:\Users\HishamMo\Desktop\999_cs\Quantum_Inpired_PSO_Classifcation\MRI_dataset\Perisylvian Syndrome\Perisylvian_Syndrome621.jpg,Perisylvian Syndrome
C:\Users\HishamMo\Desktop\999_cs\Quantum_Inpired_PSO_Classifcation\MRI_dataset\Perisylvian Syndrome\Perisylvian_Syndrome622.jpg,Perisylvian Syndrome
C:\Users\HishamMo\Desktop\999_cs\Quantum_Inpired_PSO_Classifcation\MRI_dataset\Perisylvian Syndrome\Perisylvian_Syndrome623.jpg,Perisylvian Syndrome
C:\Users\HishamMo\Desktop\999_cs\Quantum_Inpired_PSO_Classifcation\MRI_dataset\Perisylvian Syndrome\Perisylvian_Syndrome624.jpg,Perisylvian Syndrome
C:\Users\HishamMo\Desktop\999_cs\Quantum_Inpired_PSO_Classifcation\MRI_dataset\Perisylvian Syndrome\Perisylvian_Syndrome625.jpg,Perisylvian Syndrome
C:\Users\HishamMo\Desktop\999_cs\Quantum_Inpired_PSO_Classifcation\MRI_dataset\Perisylvian Syndrome\Perisylvian_Syndrome626.jpg,Perisylvian Syndrome
C:\Users\HishamMo\Desktop\999_cs\Quantum_Inpired_PSO_Classifcation\MRI_dataset\Perisylvian Syndrome\Perisylvian_Syndrome627.jpg,Perisylvian Syndrome
C:\Users\HishamMo\Desktop\999_cs\Quantum_Inpired_PSO_Classifcation\MRI_dataset\Perisylvian Syndrome\Perisylvian_Syndrome628.jpg,Perisylvian Syndrome
C:\Users\HishamMo\Desktop\999_cs\Quantum_Inpired_PSO_Classifcation\MRI_dataset\Perisylvian Syndrome\Perisylvian_Syndrome629.jpg,Perisylvian Syndrome
C:\Users\HishamMo\Desktop\999_cs\Quantum_Inpired_PSO_Classifcation\MRI_dataset\Perisylvian Syndrome\Perisylvian_Syndrome630.jpg,Perisylvian Syndrome
C:\Users\HishamMo\Desktop\999_cs\Quantum_Inpired_PSO_Classifcation\MRI_dataset\Perisylvian Syndrome\Perisylvian_Syndrome631.jpg,Perisylvian Syndrome
C:\Users\HishamMo\Desktop\999_cs\Quantum_Inpired_PSO_Classifcation\MRI_dataset\Perisylvian Syndrome\Perisylvian_Syndrome632.jpg,Perisylvian Syndrome
C:\Users\HishamMo\Desktop\999_cs\Quantum_Inpired_PSO_Classifcation\MRI_dataset\Perisylvian Syndrome\Perisylvian_Syndrome633.jpg,Perisylvian Syndrome
C:\Users\HishamMo\Desktop\999_cs\Quantum_Inpired_PSO_Classifcation\MRI_dataset\Perisylvian Syndrome\Perisylvian_Syndrome634.jpg,Perisylvian Syndrome
C:\Users\HishamMo\Desktop\999_cs\Quantum_Inpired_PSO_Classifcation\MRI_dataset\Perisylvian Syndrome\Perisylvian_Syndrome635.jpg,Perisylvian Syndrome
C:\Users\HishamMo\Desktop\999_cs\Quantum_Inpired_PSO_Classifcation\MRI_dataset\Perisylvian Syndrome\Perisylvian_Syndrome636.jpg,Perisylvian Syndrome
C:\Users\HishamMo\Desktop\999_cs\Quantum_Inpired_PSO_Classifcation\MRI_dataset\Perisylvian Syndrome\Perisylvian_Syndrome637.jpg,Perisylvian Syndrome
C:\Users\HishamMo\Desktop\999_cs\Quantum_Inpired_PSO_Classifcation\MRI_dataset\Perisylvian Syndrome\Perisylvian_Syndrome638.jpg,Perisylvian Syndrome
C:\Users\HishamMo\Desktop\999_cs\Quantum_Inpired_PSO_Classifcation\MRI_dataset\Perisylvian Syndrome\Perisylvian_Syndrome639.jpg,Perisylvian Syndrome
C:\Users\HishamMo\Desktop\999_cs\Quantum_Inpired_PSO_Classifcation\MRI_dataset\Perisylvian Syndrome\Perisylvian_Syndrome640.jpg,Perisylvian Syndrome
C:\Users\HishamMo\Desktop\999_cs\Quantum_Inpired_PSO_Classifcation\MRI_dataset\Perisylvian Syndrome\Perisylvian_Syndrome641.jpg,Perisylvian Syndrome
C:\Users\HishamMo\Desktop\999_cs\Quantum_Inpired_PSO_Classifcation\MRI_dataset\Perisylvian Syndrome\Perisylvian_Syndrome642.jpg,Perisylvian Syndrome
C:\Users\HishamMo\Desktop\999_cs\Quantum_Inpired_PSO_Classifcation\MRI_dataset\Perisylvian Syndrome\Perisylvian_Syndrome643.jpg,Perisylvian Syndrome
C:\Users\HishamMo\Desktop\999_cs\Quantum_Inpired_PSO_Classifcation\MRI_dataset\Perisylvian Syndrome\Perisylvian_Syndrome644.jpg,Perisylvian Syndrome
C:\Users\HishamMo\Desktop\999_cs\Quantum_Inpired_PSO_Classifcation\MRI_dataset\Perisylvian Syndrome\Perisylvian_Syndrome645.jpg,Perisylvian Syndrome
C:\Users\HishamMo\Desktop\999_cs\Quantum_Inpired_PSO_Classifcation\MRI_dataset\Perisylvian Syndrome\Perisylvian_Syndrome646.jpg,Perisylvian Syndrome
C:\Users\HishamMo\Desktop\999_cs\Quantum_Inpired_PSO_Classifcation\MRI_dataset\Perisylvian Syndrome\Perisylvian_Syndrome647.jpg,Perisylvian Syndrome
C:\Users\HishamMo\Desktop\999_cs\Quantum_Inpired_PSO_Classifcation\MRI_dataset\Perisylvian Syndrome\Perisylvian_Syndrome648.jpg,Perisylvian Syndrome
C:\Users\HishamMo\Desktop\999_cs\Quantum_Inpired_PSO_Classifcation\MRI_dataset\Perisylvian Syndrome\Perisylvian_Syndrome649.jpg,Perisylvian Syndrome
C:\Users\HishamMo\Desktop\999_cs\Quantum_Inpired_PSO_Classifcation\MRI_dataset\Perisylvian Syndrome\Perisylvian_Syndrome650.jpg,Perisylvian Syndrome
C:\Users\HishamMo\Desktop\999_cs\Quantum_Inpired_PSO_Classifcation\MRI_dataset\Perisylvian Syndrome\Perisylvian_Syndrome651.jpg,Perisylvian Syndrome
C:\Users\HishamMo\Desktop\999_cs\Quantum_Inpired_PSO_Classifcation\MRI_dataset\Perisylvian Syndrome\Perisylvian_Syndrome652.jpg,Perisylvian Syndrome
C:\Users\HishamMo\Desktop\999_cs\Quantum_Inpired_PSO_Classifcation\MRI_dataset\Perisylvian Syndrome\Perisylvian_Syndrome653.jpg,Perisylvian Syndrome
C:\Users\HishamMo\Desktop\999_cs\Quantum_Inpired_PSO_Classifcation\MRI_dataset\Perisylvian Syndrome\Perisylvian_Syndrome654.jpg,Perisylvian Syndrome
C:\Users\HishamMo\Desktop\999_cs\Quantum_Inpired_PSO_Classifcation\MRI_dataset\Perisylvian Syndrome\Perisylvian_Syndrome655.jpg,Perisylvian Syndrome
C:\Users\HishamMo\Desktop\999_cs\Quantum_Inpired_PSO_Classifcation\MRI_dataset\Perisylvian Syndrome\Perisylvian_Syndrome656.jpg,Perisylvian Syndrome
C:\Users\HishamMo\Desktop\999_cs\Quantum_Inpired_PSO_Classifcation\MRI_dataset\Perisylvian Syndrome\Perisylvian_Syndrome657.jpg,Perisylvian Syndrome
C:\Users\HishamMo\Desktop\999_cs\Quantum_Inpired_PSO_Classifcation\MRI_dataset\Perisylvian Syndrome\Perisylvian_Syndrome658.jpg,Perisylvian Syndrome
C:\Users\HishamMo\Desktop\999_cs\Quantum_Inpired_PSO_Classifcation\MRI_dataset\Perisylvian Syndrome\Perisylvian_Syndrome659.jpg,Perisylvian Syndrome
C:\Users\HishamMo\Desktop\999_cs\Quantum_Inpired_PSO_Classifcation\MRI_dataset\Perisylvian Syndrome\Perisylvian_Syndrome660.jpg,Perisylvian Syndrome
C:\Users\HishamMo\Desktop\999_cs\Quantum_Inpired_PSO_Classifcation\MRI_dataset\Perisylvian Syndrome\Perisylvian_Syndrome661.jpg,Perisylvian Syndrome
C:\Users\HishamMo\Desktop\999_cs\Quantum_Inpired_PSO_Classifcation\MRI_dataset\Perisylvian Syndrome\Perisylvian_Syndrome662.jpg,Perisylvian Syndrome
C:\Users\HishamMo\Desktop\999_cs\Quantum_Inpired_PSO_Classifcation\MRI_dataset\Perisylvian Syndrome\Perisylvian_Syndrome663.jpg,Perisylvian Syndrome
C:\Users\HishamMo\Desktop\999_cs\Quantum_Inpired_PSO_Classifcation\MRI_dataset\Perisylvian Syndrome\Perisylvian_Syndrome664.jpg,Perisylvian Syndrome
C:\Users\HishamMo\Desktop\999_cs\Quantum_Inpired_PSO_Classifcation\MRI_dataset\Perisylvian Syndrome\Perisylvian_Syndrome665.jpg,Perisylvian Syndrome
C:\Users\HishamMo\Desktop\999_cs\Quantum_Inpired_PSO_Classifcation\MRI_dataset\Perisylvian Syndrome\Perisylvian_Syndrome666.jpg,Perisylvian Syndrome
C:\Users\HishamMo\Desktop\999_cs\Quantum_Inpired_PSO_Classifcation\MRI_dataset\Perisylvian Syndrome\Perisylvian_Syndrome667.jpg,Perisylvian Syndrome
C:\Users\HishamMo\Desktop\999_cs\Quantum_Inpired_PSO_Classifcation\MRI_dataset\Perisylvian Syndrome\Perisylvian_Syndrome668.jpg,Perisylvian Syndrome
C:\Users\HishamMo\Desktop\999_cs\Quantum_Inpired_PSO_Classifcation\MRI_dataset\Perisylvian Syndrome\Perisylvian_Syndrome669.jpg,Perisylvian Syndrome
C:\Users\HishamMo\Desktop\999_cs\Quantum_Inpired_PSO_Classifcation\MRI_dataset\Perisylvian Syndrome\Perisylvian_Syndrome670.jpg,Perisylvian Syndrome
C:\Users\HishamMo\Desktop\999_cs\Quantum_Inpired_PSO_Classifcation\MRI_dataset\Perisylvian Syndrome\Perisylvian_Syndrome671.jpg,Perisylvian Syndrome
C:\Users\HishamMo\Desktop\999_cs\Quantum_Inpired_PSO_Classifcation\MRI_dataset\Perisylvian Syndrome\Perisylvian_Syndrome672.jpg,Perisylvian Syndrome
C:\Users\HishamMo\Desktop\999_cs\Quantum_Inpired_PSO_Classifcation\MRI_dataset\Perisylvian Syndrome\Perisylvian_Syndrome673.jpg,Perisylvian Syndrome
C:\Users\HishamMo\Desktop\999_cs\Quantum_Inpired_PSO_Classifcation\MRI_dataset\Perisylvian Syndrome\Perisylvian_Syndrome674.jpg,Perisylvian Syndrome
C:\Users\HishamMo\Desktop\999_cs\Quantum_Inpired_PSO_Classifcation\MRI_dataset\Perisylvian Syndrome\Perisylvian_Syndrome675.jpg,Perisylvian Syndrome
C:\Users\HishamMo\Desktop\999_cs\Quantum_Inpired_PSO_Classifcation\MRI_dataset\Perisylvian Syndrome\Perisylvian_Syndrome676.jpg,Perisylvian Syndrome
C:\Users\HishamMo\Desktop\999_cs\Quantum_Inpired_PSO_Classifcation\MRI_dataset\Perisylvian Syndrome\Perisylvian_Syndrome677.jpg,Perisylvian Syndrome
C:\Users\HishamMo\Desktop\999_cs\Quantum_Inpired_PSO_Classifcation\MRI_dataset\Perisylvian Syndrome\Perisylvian_Syndrome678.jpg,Perisylvian Syndrome
C:\Users\HishamMo\Desktop\999_cs\Quantum_Inpired_PSO_Classifcation\MRI_dataset\Perisylvian Syndrome\Perisylvian_Syndrome679.jpg,Perisylvian Syndrome
C:\Users\HishamMo\Desktop\999_cs\Quantum_Inpired_PSO_Classifcation\MRI_dataset\Perisylvian Syndrome\Perisylvian_Syndrome680.jpg,Perisylvian Syndrome
C:\Users\HishamMo\Desktop\999_cs\Quantum_Inpired_PSO_Classifcation\MRI_dataset\Perisylvian Syndrome\Perisylvian_Syndrome681.jpg,Perisylvian Syndrome
C:\Users\HishamMo\Desktop\999_cs\Quantum_Inpired_PSO_Classifcation\MRI_dataset\Perisylvian Syndrome\Perisylvian_Syndrome682.jpg,Perisylvian Syndrome
C:\Users\HishamMo\Desktop\999_cs\Quantum_Inpired_PSO_Classifcation\MRI_dataset\Perisylvian Syndrome\Perisylvian_Syndrome683.jpg,Perisylvian Syndrome
C:\Users\HishamMo\Desktop\999_cs\Quantum_Inpired_PSO_Classifcation\MRI_dataset\Perisylvian Syndrome\Perisylvian_Syndrome684.jpg,Perisylvian Syndrome
C:\Users\HishamMo\Desktop\999_cs\Quantum_Inpired_PSO_Classifcation\MRI_dataset\Perisylvian Syndrome\Perisylvian_Syndrome685.jpg,Perisylvian Syndrome
C:\Users\HishamMo\Desktop\999_cs\Quantum_Inpired_PSO_Classifcation\MRI_dataset\Perisylvian Syndrome\Perisylvian_Syndrome686.jpg,Perisylvian Syndrome
C:\Users\HishamMo\Desktop\999_cs\Quantum_Inpired_PSO_Classifcation\MRI_dataset\Perisylvian Syndrome\Perisylvian_Syndrome687.jpg,Perisylvian Syndrome
C:\Users\HishamMo\Desktop\999_cs\Quantum_Inpired_PSO_Classifcation\MRI_dataset\Perisylvian Syndrome\Perisylvian_Syndrome688.jpg,Perisylvian Syndrome
C:\Users\HishamMo\Desktop\999_cs\Quantum_Inpired_PSO_Classifcation\MRI_dataset\Perisylvian Syndrome\Perisylvian_Syndrome689.jpg,Perisylvian Syndrome
C:\Users\HishamMo\Desktop\999_cs\Quantum_Inpired_PSO_Classifcation\MRI_dataset\Perisylvian Syndrome\Perisylvian_Syndrome690.jpg,Perisylvian Syndrome
C:\Users\HishamMo\Desktop\999_cs\Quantum_Inpired_PSO_Classifcation\MRI_dataset\Perisylvian Syndrome\Perisylvian_Syndrome691.jpg,Perisylvian Syndrome
C:\Users\HishamMo\Desktop\999_cs\Quantum_Inpired_PSO_Classifcation\MRI_dataset\Perisylvian Syndrome\Perisylvian_Syndrome692.jpg,Perisylvian Syndrome
C:\Users\HishamMo\Desktop\999_cs\Quantum_Inpired_PSO_Classifcation\MRI_dataset\Perisylvian Syndrome\Perisylvian_Syndrome693.jpg,Perisylvian Syndrome
C:\Users\HishamMo\Desktop\999_cs\Quantum_Inpired_PSO_Classifcation\MRI_dataset\Perisylvian Syndrome\Perisylvian_Syndrome694.jpg,Perisylvian Syndrome
C:\Users\HishamMo\Desktop\999_cs\Quantum_Inpired_PSO_Classifcation\MRI_dataset\Perisylvian Syndrome\Perisylvian_Syndrome695.jpg,Perisylvian Syndrome
C:\Users\HishamMo\Desktop\999_cs\Quantum_Inpired_PSO_Classifcation\MRI_dataset\Perisylvian Syndrome\Perisylvian_Syndrome696.jpg,Perisylvian Syndrome
C:\Users\HishamMo\Desktop\999_cs\Quantum_Inpired_PSO_Classifcation\MRI_dataset\Perisylvian Syndrome\Perisylvian_Syndrome697.jpg,Perisylvian Syndrome
C:\Users\HishamMo\Desktop\999_cs\Quantum_Inpired_PSO_Classifcation\MRI_dataset\Perisylvian Syndrome\Perisylvian_Syndrome698.jpg,Perisylvian Syndrome
C:\Users\HishamMo\Desktop\999_cs\Quantum_Inpired_PSO_Classifcation\MRI_dataset\Perisylvian Syndrome\Perisylvian_Syndrome699.jpg,Perisylvian Syndrome
C:\Users\HishamMo\Desktop\999_cs\Quantum_Inpired_PSO_Classifcation\MRI_dataset\Perisylvian Syndrome\Perisylvian_Syndrome700.jpg,Perisylvian Syndrome
C:\Users\HishamMo\Desktop\999_cs\Quantum_Inpired_PSO_Classifcation\MRI_dataset\Perisylvian Syndrome\Perisylvian_Syndrome701.jpg,Perisylvian Syndrome
C:\Users\HishamMo\Desktop\999_cs\Quantum_Inpired_PSO_Classifcation\MRI_dataset\Perisylvian Syndrome\Perisylvian_Syndrome702.jpg,Perisylvian Syndrome
C:\Users\HishamMo\Desktop\999_cs\Quantum_Inpired_PSO_Classifcation\MRI_dataset\Perisylvian Syndrome\Perisylvian_Syndrome703.jpg,Perisylvian Syndrome
C:\Users\HishamMo\Desktop\999_cs\Quantum_Inpired_PSO_Classifcation\MRI_dataset\Perisylvian Syndrome\Perisylvian_Syndrome704.jpg,Perisylvian Syndrome
C:\Users\HishamMo\Desktop\999_cs\Quantum_Inpired_PSO_Classifcation\MRI_dataset\Perisylvian Syndrome\Perisylvian_Syndrome705.jpg,Perisylvian Syndrome
C:\Users\HishamMo\Desktop\999_cs\Quantum_Inpired_PSO_Classifcation\MRI_dataset\Perisylvian Syndrome\Perisylvian_Syndrome706.jpg,Perisylvian Syndrome
C:\Users\HishamMo\Desktop\999_cs\Quantum_Inpired_PSO_Classifcation\MRI_dataset\Perisylvian Syndrome\Perisylvian_Syndrome707.jpg,Perisylvian Syndrome
C:\Users\HishamMo\Desktop\999_cs\Quantum_Inpired_PSO_Classifcation\MRI_dataset\Perisylvian Syndrome\Perisylvian_Syndrome708.jpg,Perisylvian Syndrome
C:\Users\HishamMo\Desktop\999_cs\Quantum_Inpired_PSO_Classifcation\MRI_dataset\Perisylvian Syndrome\Perisylvian_Syndrome709.jpg,Perisylvian Syndrome
C:\Users\HishamMo\Desktop\999_cs\Quantum_Inpired_PSO_Classifcation\MRI_dataset\Perisylvian Syndrome\Perisylvian_Syndrome710.jpg,Perisylvian Syndrome
C:\Users\HishamMo\Desktop\999_cs\Quantum_Inpired_PSO_Classifcation\MRI_dataset\Perisylvian Syndrome\Perisylvian_Syndrome711.jpg,Perisylvian Syndrome
C:\Users\HishamMo\Desktop\999_cs\Quantum_Inpired_PSO_Classifcation\MRI_dataset\Perisylvian Syndrome\Perisylvian_Syndrome712.jpg,Perisylvian Syndrome
C:\Users\HishamMo\Desktop\999_cs\Quantum_Inpired_PSO_Classifcation\MRI_dataset\Perisylvian Syndrome\Perisylvian_Syndrome713.jpg,Perisylvian Syndrome
C:\Users\HishamMo\Desktop\999_cs\Quantum_Inpired_PSO_Classifcation\MRI_dataset\Perisylvian Syndrome\Perisylvian_Syndrome714.jpg,Perisylvian Syndrome
C:\Users\HishamMo\Desktop\999_cs\Quantum_Inpired_PSO_Classifcation\MRI_dataset\Perisylvian Syndrome\Perisylvian_Syndrome715.jpg,Perisylvian Syndrome
C:\Users\HishamMo\Desktop\999_cs\Quantum_Inpired_PSO_Classifcation\MRI_dataset\Perisylvian Syndrome\Perisylvian_Syndrome716.jpg,Perisylvian Syndrome
C:\Users\HishamMo\Desktop\999_cs\Quantum_Inpired_PSO_Classifcation\MRI_dataset\Perisylvian Syndrome\Perisylvian_Syndrome717.jpg,Perisylvian Syndrome
C:\Users\HishamMo\Desktop\999_cs\Quantum_Inpired_PSO_Classifcation\MRI_dataset\Perisylvian Syndrome\Perisylvian_Syndrome718.jpg,Perisylvian Syndrome
C:\Users\HishamMo\Desktop\999_cs\Quantum_Inpired_PSO_Classifcation\MRI_dataset\Perisylvian Syndrome\Perisylvian_Syndrome719.jpg,Perisylvian Syndrome
C:\Users\HishamMo\Desktop\999_cs\Quantum_Inpired_PSO_Classifcation\MRI_dataset\Perisylvian Syndrome\Perisylvian_Syndrome720.jpg,Perisylvian Syndrome
C:\Users\HishamMo\Desktop\999_cs\Quantum_Inpired_PSO_Classifcation\MRI_dataset\Perisylvian Syndrome\Perisylvian_Syndrome721.jpg,Perisylvian Syndrome
C:\Users\HishamMo\Desktop\999_cs\Quantum_Inpired_PSO_Classifcation\MRI_dataset\Perisylvian Syndrome\Perisylvian_Syndrome722.jpg,Perisylvian Syndrome
C:\Users\HishamMo\Desktop\999_cs\Quantum_Inpired_PSO_Classifcation\MRI_dataset\Perisylvian Syndrome\Perisylvian_Syndrome723.jpg,Perisylvian Syndrome
C:\Users\HishamMo\Desktop\999_cs\Quantum_Inpired_PSO_Classifcation\MRI_dataset\Perisylvian Syndrome\Perisylvian_Syndrome724.jpg,Perisylvian Syndrome
C:\Users\HishamMo\Desktop\999_cs\Quantum_Inpired_PSO_Classifcation\MRI_dataset\Perisylvian Syndrome\Perisylvian_Syndrome725.jpg,Perisylvian Syndrome
C:\Users\HishamMo\Desktop\999_cs\Quantum_Inpired_PSO_Classifcation\MRI_dataset\Perisylvian Syndrome\Perisylvian_Syndrome726.jpg,Perisylvian Syndrome
C:\Users\HishamMo\Desktop\999_cs\Quantum_Inpired_PSO_Classifcation\MRI_dataset\Perisylvian Syndrome\Perisylvian_Syndrome727.jpg,Perisylvian Syndrome
C:\Users\HishamMo\Desktop\999_cs\Quantum_Inpired_PSO_Classifcation\MRI_dataset\Perisylvian Syndrome\Perisylvian_Syndrome728.jpg,Perisylvian Syndrome
C:\Users\HishamMo\Desktop\999_cs\Quantum_Inpired_PSO_Classifcation\MRI_dataset\Perisylvian Syndrome\Perisylvian_Syndrome729.jpg,Perisylvian Syndrome
C:\Users\HishamMo\Desktop\999_cs\Quantum_Inpired_PSO_Classifcation\MRI_dataset\Perisylvian Syndrome\Perisylvian_Syndrome730.jpg,Perisylvian Syndrome
C:\Users\HishamMo\Desktop\999_cs\Quantum_Inpired_PSO_Classifcation\MRI_dataset\Perisylvian Syndrome\Perisylvian_Syndrome731.jpg,Perisylvian Syndrome
C:\Users\HishamMo\Desktop\999_cs\Quantum_Inpired_PSO_Classifcation\MRI_dataset\Perisylvian Syndrome\Perisylvian_Syndrome732.jpg,Perisylvian Syndrome
C:\Users\HishamMo\Desktop\999_cs\Quantum_Inpired_PSO_Classifcation\MRI_dataset\Perisylvian Syndrome\Perisylvian_Syndrome733.jpg,Perisylvian Syndrome
C:\Users\HishamMo\Desktop\999_cs\Quantum_Inpired_PSO_Classifcation\MRI_dataset\Perisylvian Syndrome\Perisylvian_Syndrome734.jpg,Perisylvian Syndrome
C:\Users\HishamMo\Desktop\999_cs\Quantum_Inpired_PSO_Classifcation\MRI_dataset\Perisylvian Syndrome\Perisylvian_Syndrome735.jpg,Perisylvian Syndrome
C:\Users\HishamMo\Desktop\999_cs\Quantum_Inpired_PSO_Classifcation\MRI_dataset\Perisylvian Syndrome\Perisylvian_Syndrome736.jpg,Perisylvian Syndrome
C:\Users\HishamMo\Desktop\999_cs\Quantum_Inpired_PSO_Classifcation\MRI_dataset\Perisylvian Syndrome\Perisylvian_Syndrome737.jpg,Perisylvian Syndrome
C:\Users\HishamMo\Desktop\999_cs\Quantum_Inpired_PSO_Classifcation\MRI_dataset\Perisylvian Syndrome\Perisylvian_Syndrome738.jpg,Perisylvian Syndrome
C:\Users\HishamMo\Desktop\999_cs\Quantum_Inpired_PSO_Classifcation\MRI_dataset\Perisylvian Syndrome\Perisylvian_Syndrome739.jpg,Perisylvian Syndrome
C:\Users\HishamMo\Desktop\999_cs\Quantum_Inpired_PSO_Classifcation\MRI_dataset\Perisylvian Syndrome\Perisylvian_Syndrome740.jpg,Perisylvian Syndrome
C:\Users\HishamMo\Desktop\999_cs\Quantum_Inpired_PSO_Classifcation\MRI_dataset\Perisylvian Syndrome\Perisylvian_Syndrome741.jpg,Perisylvian Syndrome
C:\Users\HishamMo\Desktop\999_cs\Quantum_Inpired_PSO_Classifcation\MRI_dataset\Perisylvian Syndrome\Perisylvian_Syndrome742.jpg,Perisylvian Syndrome
C:\Users\HishamMo\Desktop\999_cs\Quantum_Inpired_PSO_Classifcation\MRI_dataset\Perisylvian Syndrome\Perisylvian_Syndrome743.jpg,Perisylvian Syndrome
C:\Users\HishamMo\Desktop\999_cs\Quantum_Inpired_PSO_Classifcation\MRI_dataset\Perisylvian Syndrome\Perisylvian_Syndrome744.jpg,Perisylvian Syndrome
C:\Users\HishamMo\Desktop\999_cs\Quantum_Inpired_PSO_Classifcation\MRI_dataset\Perisylvian Syndrome\Perisylvian_Syndrome745.jpg,Perisylvian Syndrome
C:\Users\HishamMo\Desktop\999_cs\Quantum_Inpired_PSO_Classifcation\MRI_dataset\Perisylvian Syndrome\Perisylvian_Syndrome746.jpg,Perisylvian Syndrome
C:\Users\HishamMo\Desktop\999_cs\Quantum_Inpired_PSO_Classifcation\MRI_dataset\Perisylvian Syndrome\Perisylvian_Syndrome747.jpg,Perisylvian Syndrome
C:\Users\HishamMo\Desktop\999_cs\Quantum_Inpired_PSO_Classifcation\MRI_dataset\Perisylvian Syndrome\Perisylvian_Syndrome748.jpg,Perisylvian Syndrome
C:\Users\HishamMo\Desktop\999_cs\Quantum_Inpired_PSO_Classifcation\MRI_dataset\Perisylvian Syndrome\Perisylvian_Syndrome749.jpg,Perisylvian Syndrome
C:\Users\HishamMo\Desktop\999_cs\Quantum_Inpired_PSO_Classifcation\MRI_dataset\Perisylvian Syndrome\Perisylvian_Syndrome750.jpg,Perisylvian Syndrome
C:\Users\HishamMo\Desktop\999_cs\Quantum_Inpired_PSO_Classifcation\MRI_dataset\Perisylvian Syndrome\Perisylvian_Syndrome751.jpg,Perisylvian Syndrome
C:\Users\HishamMo\Desktop\999_cs\Quantum_Inpired_PSO_Classifcation\MRI_dataset\Perisylvian Syndrome\Perisylvian_Syndrome752.jpg,Perisylvian Syndrome
C:\Users\HishamMo\Desktop\999_cs\Quantum_Inpired_PSO_Classifcation\MRI_dataset\Perisylvian Syndrome\Perisylvian_Syndrome753.jpg,Perisylvian Syndrome
C:\Users\HishamMo\Desktop\999_cs\Quantum_Inpired_PSO_Classifcation\MRI_dataset\Perisylvian Syndrome\Perisylvian_Syndrome754.jpg,Perisylvian Syndrome
C:\Users\HishamMo\Desktop\999_cs\Quantum_Inpired_PSO_Classifcation\MRI_dataset\Perisylvian Syndrome\Perisylvian_Syndrome755.jpg,Perisylvian Syndrome
C:\Users\HishamMo\Desktop\999_cs\Quantum_Inpired_PSO_Classifcation\MRI_dataset\Perisylvian Syndrome\Perisylvian_Syndrome756.jpg,Perisylvian Syndrome
C:\Users\HishamMo\Desktop\999_cs\Quantum_Inpired_PSO_Classifcation\MRI_dataset\Perisylvian Syndrome\Perisylvian_Syndrome757.jpg,Perisylvian Syndrome
C:\Users\HishamMo\Desktop\999_cs\Quantum_Inpired_PSO_Classifcation\MRI_dataset\Perisylvian Syndrome\Perisylvian_Syndrome758.jpg,Perisylvian Syndrome
C:\Users\HishamMo\Desktop\999_cs\Quantum_Inpired_PSO_Classifcation\MRI_dataset\Perisylvian Syndrome\Perisylvian_Syndrome759.jpg,Perisylvian Syndrome
C:\Users\HishamMo\Desktop\999_cs\Quantum_Inpired_PSO_Classifcation\MRI_dataset\Perisylvian Syndrome\Perisylvian_Syndrome760.jpg,Perisylvian Syndrome
C:\Users\HishamMo\Desktop\999_cs\Quantum_Inpired_PSO_Classifcation\MRI_dataset\Perisylvian Syndrome\Perisylvian_Syndrome761.jpg,Perisylvian Syndrome
C:\Users\HishamMo\Desktop\999_cs\Quantum_Inpired_PSO_Classifcation\MRI_dataset\Perisylvian Syndrome\Perisylvian_Syndrome762.jpg,Perisylvian Syndrome
C:\Users\HishamMo\Desktop\999_cs\Quantum_Inpired_PSO_Classifcation\MRI_dataset\Perisylvian Syndrome\Perisylvian_Syndrome763.jpg,Perisylvian Syndrome
C:\Users\HishamMo\Desktop\999_cs\Quantum_Inpired_PSO_Classifcation\MRI_dataset\Perisylvian Syndrome\Perisylvian_Syndrome764.jpg,Perisylvian Syndrome
C:\Users\HishamMo\Desktop\999_cs\Quantum_Inpired_PSO_Classifcation\MRI_dataset\Perisylvian Syndrome\Perisylvian_Syndrome765.jpg,Perisylvian Syndrome
C:\Users\HishamMo\Desktop\999_cs\Quantum_Inpired_PSO_Classifcation\MRI_dataset\Perisylvian Syndrome\Perisylvian_Syndrome766.jpg,Perisylvian Syndrome
C:\Users\HishamMo\Desktop\999_cs\Quantum_Inpired_PSO_Classifcation\MRI_dataset\Perisylvian Syndrome\Perisylvian_Syndrome767.jpg,Perisylvian Syndrome
C:\Users\HishamMo\Desktop\999_cs\Quantum_Inpired_PSO_Classifcation\MRI_dataset\Perisylvian Syndrome\Perisylvian_Syndrome768.jpg,Perisylvian Syndrome
C:\Users\HishamMo\Desktop\999_cs\Quantum_Inpired_PSO_Classifcation\MRI_dataset\Perisylvian Syndrome\Perisylvian_Syndrome769.jpg,Perisylvian Syndrome
C:\Users\HishamMo\Desktop\999_cs\Quantum_Inpired_PSO_Classifcation\MRI_dataset\Perisylvian Syndrome\Perisylvian_Syndrome770.jpg,Perisylvian Syndrome
C:\Users\HishamMo\Desktop\999_cs\Quantum_Inpired_PSO_Classifcation\MRI_dataset\Perisylvian Syndrome\Perisylvian_Syndrome771.jpg,Perisylvian Syndrome
C:\Users\HishamMo\Desktop\999_cs\Quantum_Inpired_PSO_Classifcation\MRI_dataset\Perisylvian Syndrome\Perisylvian_Syndrome772.jpg,Perisylvian Syndrome
C:\Users\HishamMo\Desktop\999_cs\Quantum_Inpired_PSO_Classifcation\MRI_dataset\Perisylvian Syndrome\Perisylvian_Syndrome773.jpg,Perisylvian Syndrome
C:\Users\HishamMo\Desktop\999_cs\Quantum_Inpired_PSO_Classifcation\MRI_dataset\Perisylvian Syndrome\Perisylvian_Syndrome774.jpg,Perisylvian Syndrome
C:\Users\HishamMo\Desktop\999_cs\Quantum_Inpired_PSO_Classifcation\MRI_dataset\Perisylvian Syndrome\Perisylvian_Syndrome775.jpg,Perisylvian Syndrome
C:\Users\HishamMo\Desktop\999_cs\Quantum_Inpired_PSO_Classifcation\MRI_dataset\Perisylvian Syndrome\Perisylvian_Syndrome776.jpg,Perisylvian Syndrome
C:\Users\HishamMo\Desktop\999_cs\Quantum_Inpired_PSO_Classifcation\MRI_dataset\Perisylvian Syndrome\Perisylvian_Syndrome777.jpg,Perisylvian Syndrome
C:\Users\HishamMo\Desktop\999_cs\Quantum_Inpired_PSO_Classifcation\MRI_dataset\Perisylvian Syndrome\Perisylvian_Syndrome778.jpg,Perisylvian Syndrome
C:\Users\HishamMo\Desktop\999_cs\Quantum_Inpired_PSO_Classifcation\MRI_dataset\Perisylvian Syndrome\Perisylvian_Syndrome779.jpg,Perisylvian Syndrome
C:\Users\HishamMo\Desktop\999_cs\Quantum_Inpired_PSO_Classifcation\MRI_dataset\Perisylvian Syndrome\Perisylvian_Syndrome780.jpg,Perisylvian Syndrome
C:\Users\HishamMo\Desktop\999_cs\Quantum_Inpired_PSO_Classifcation\MRI_dataset\Perisylvian Syndrome\Perisylvian_Syndrome781.jpg,Perisylvian Syndrome
C:\Users\HishamMo\Desktop\999_cs\Quantum_Inpired_PSO_Classifcation\MRI_dataset\Perisylvian Syndrome\Perisylvian_Syndrome782.jpg,Perisylvian Syndrome
C:\Users\HishamMo\Desktop\999_cs\Quantum_Inpired_PSO_Classifcation\MRI_dataset\Perisylvian Syndrome\Perisylvian_Syndrome783.jpg,Perisylvian Syndrome
C:\Users\HishamMo\Desktop\999_cs\Quantum_Inpired_PSO_Classifcation\MRI_dataset\Perisylvian Syndrome\Perisylvian_Syndrome784.jpg,Perisylvian Syndrome
C:\Users\HishamMo\Desktop\999_cs\Quantum_Inpired_PSO_Classifcation\MRI_dataset\Perisylvian Syndrome\Perisylvian_Syndrome785.jpg,Perisylvian Syndrome
C:\Users\HishamMo\Desktop\999_cs\Quantum_Inpired_PSO_Classifcation\MRI_dataset\Perisylvian Syndrome\Perisylvian_Syndrome786.jpg,Perisylvian Syndrome
C:\Users\HishamMo\Desktop\999_cs\Quantum_Inpired_PSO_Classifcation\MRI_dataset\Perisylvian Syndrome\Perisylvian_Syndrome787.jpg,Perisylvian Syndrome
C:\Users\HishamMo\Desktop\999_cs\Quantum_Inpired_PSO_Classifcation\MRI_dataset\Perisylvian Syndrome\Perisylvian_Syndrome788.jpg,Perisylvian Syndrome
C:\Users\HishamMo\Desktop\999_cs\Quantum_Inpired_PSO_Classifcation\MRI_dataset\Perisylvian Syndrome\Perisylvian_Syndrome789.jpg,Perisylvian Syndrome
C:\Users\HishamMo\Desktop\999_cs\Quantum_Inpired_PSO_Classifcation\MRI_dataset\Perisylvian Syndrome\Perisylvian_Syndrome790.jpg,Perisylvian Syndrome
C:\Users\HishamMo\Desktop\999_cs\Quantum_Inpired_PSO_Classifcation\MRI_dataset\Perisylvian Syndrome\Perisylvian_Syndrome791.jpg,Perisylvian Syndrome
C:\Users\HishamMo\Desktop\999_cs\Quantum_Inpired_PSO_Classifcation\MRI_dataset\Perisylvian Syndrome\Perisylvian_Syndrome792.jpg,Perisylvian Syndrome
C:\Users\HishamMo\Desktop\999_cs\Quantum_Inpired_PSO_Classifcation\MRI_dataset\Perisylvian Syndrome\Perisylvian_Syndrome793.jpg,Perisylvian Syndrome
C:\Users\HishamMo\Desktop\999_cs\Quantum_Inpired_PSO_Classifcation\MRI_dataset\Perisylvian Syndrome\Perisylvian_Syndrome794.jpg,Perisylvian Syndrome
C:\Users\HishamMo\Desktop\999_cs\Quantum_Inpired_PSO_Classifcation\MRI_dataset\Perisylvian Syndrome\Perisylvian_Syndrome795.jpg,Perisylvian Syndrome
C:\Users\HishamMo\Desktop\999_cs\Quantum_Inpired_PSO_Classifcation\MRI_dataset\Perisylvian Syndrome\Perisylvian_Syndrome796.jpg,Perisylvian Syndrome
C:\Users\HishamMo\Desktop\999_cs\Quantum_Inpired_PSO_Classifcation\MRI_dataset\Perisylvian Syndrome\Perisylvian_Syndrome797.jpg,Perisylvian Syndrome
C:\Users\HishamMo\Desktop\999_cs\Quantum_Inpired_PSO_Classifcation\MRI_dataset\Perisylvian Syndrome\Perisylvian_Syndrome798.jpg,Perisylvian Syndrome
C:\Users\HishamMo\Desktop\999_cs\Quantum_Inpired_PSO_Classifcation\MRI_dataset\Perisylvian Syndrome\Perisylvian_Syndrome799.jpg,Perisylvian Syndrome
C:\Users\HishamMo\Desktop\999_cs\Quantum_Inpired_PSO_Classifcation\MRI_dataset\Perisylvian Syndrome\Perisylvian_Syndrome800.jpg,Perisylvian Syndrome
C:\Users\HishamMo\Desktop\999_cs\Quantum_Inpired_PSO_Classifcation\MRI_dataset\Perisylvian Syndrome\Perisylvian_Syndrome801.jpg,Perisylvian Syndrome
C:\Users\HishamMo\Desktop\999_cs\Quantum_Inpired_PSO_Classifcation\MRI_dataset\Perisylvian Syndrome\Perisylvian_Syndrome802.jpg,Perisylvian Syndrome
C:\Users\HishamMo\Desktop\999_cs\Quantum_Inpired_PSO_Classifcation\MRI_dataset\Perisylvian Syndrome\Perisylvian_Syndrome803.jpg,Perisylvian Syndrome
C:\Users\HishamMo\Desktop\999_cs\Quantum_Inpired_PSO_Classifcation\MRI_dataset\Perisylvian Syndrome\Perisylvian_Syndrome804.jpg,Perisylvian Syndrome
C:\Users\HishamMo\Desktop\999_cs\Quantum_Inpired_PSO_Classifcation\MRI_dataset\Perisylvian Syndrome\Perisylvian_Syndrome805.jpg,Perisylvian Syndrome
C:\Users\HishamMo\Desktop\999_cs\Quantum_Inpired_PSO_Classifcation\MRI_dataset\Perisylvian Syndrome\Perisylvian_Syndrome806.jpg,Perisylvian Syndrome
C:\Users\HishamMo\Desktop\999_cs\Quantum_Inpired_PSO_Classifcation\MRI_dataset\Perisylvian Syndrome\Perisylvian_Syndrome807.jpg,Perisylvian Syndrome
C:\Users\HishamMo\Desktop\999_cs\Quantum_Inpired_PSO_Classifcation\MRI_dataset\Perisylvian Syndrome\Perisylvian_Syndrome808.jpg,Perisylvian Syndrome
C:\Users\HishamMo\Desktop\999_cs\Quantum_Inpired_PSO_Classifcation\MRI_dataset\Perisylvian Syndrome\Perisylvian_Syndrome809.jpg,Perisylvian Syndrome
C:\Users\HishamMo\Desktop\999_cs\Quantum_Inpired_PSO_Classifcation\MRI_dataset\Perisylvian Syndrome\Perisylvian_Syndrome810.jpg,Perisylvian Syndrome
C:\Users\HishamMo\Desktop\999_cs\Quantum_Inpired_PSO_Classifcation\MRI_dataset\Perisylvian Syndrome\Perisylvian_Syndrome811.jpg,Perisylvian Syndrome
C:\Users\HishamMo\Desktop\999_cs\Quantum_Inpired_PSO_Classifcation\MRI_dataset\Perisylvian Syndrome\Perisylvian_Syndrome812.jpg,Perisylvian Syndrome
C:\Users\HishamMo\Desktop\999_cs\Quantum_Inpired_PSO_Classifcation\MRI_dataset\Perisylvian Syndrome\Perisylvian_Syndrome813.jpg,Perisylvian Syndrome
C:\Users\HishamMo\Desktop\999_cs\Quantum_Inpired_PSO_Classifcation\MRI_dataset\Perisylvian Syndrome\Perisylvian_Syndrome814.jpg,Perisylvian Syndrome
C:\Users\HishamMo\Desktop\999_cs\Quantum_Inpired_PSO_Classifcation\MRI_dataset\Perisylvian Syndrome\Perisylvian_Syndrome815.jpg,Perisylvian Syndrome
C:\Users\HishamMo\Desktop\999_cs\Quantum_Inpired_PSO_Classifcation\MRI_dataset\Perisylvian Syndrome\Perisylvian_Syndrome816.jpg,Perisylvian Syndrome
C:\Users\HishamMo\Desktop\999_cs\Quantum_Inpired_PSO_Classifcation\MRI_dataset\Perisylvian Syndrome\Perisylvian_Syndrome817.jpg,Perisylvian Syndrome
C:\Users\HishamMo\Desktop\999_cs\Quantum_Inpired_PSO_Classifcation\MRI_dataset\Perisylvian Syndrome\Perisylvian_Syndrome818.jpg,Perisylvian Syndrome
C:\Users\HishamMo\Desktop\999_cs\Quantum_Inpired_PSO_Classifcation\MRI_dataset\Perisylvian Syndrome\Perisylvian_Syndrome819.jpg,Perisylvian Syndrome
C:\Users\HishamMo\Desktop\999_cs\Quantum_Inpired_PSO_Classifcation\MRI_dataset\Perisylvian Syndrome\Perisylvian_Syndrome820.jpg,Perisylvian Syndrome
C:\Users\HishamMo\Desktop\999_cs\Quantum_Inpired_PSO_Classifcation\MRI_dataset\Perisylvian Syndrome\Perisylvian_Syndrome821.jpg,Perisylvian Syndrome
C:\Users\HishamMo\Desktop\999_cs\Quantum_Inpired_PSO_Classifcation\MRI_dataset\Perisylvian Syndrome\Perisylvian_Syndrome822.jpg,Perisylvian Syndrome
C:\Users\HishamMo\Desktop\999_cs\Quantum_Inpired_PSO_Classifcation\MRI_dataset\Perisylvian Syndrome\Perisylvian_Syndrome823.jpg,Perisylvian Syndrome
C:\Users\HishamMo\Desktop\999_cs\Quantum_Inpired_PSO_Classifcation\MRI_dataset\Perisylvian Syndrome\Perisylvian_Syndrome824.jpg,Perisylvian Syndrome
C:\Users\HishamMo\Desktop\999_cs\Quantum_Inpired_PSO_Classifcation\MRI_dataset\Perisylvian Syndrome\Perisylvian_Syndrome825.jpg,Perisylvian Syndrome
C:\Users\HishamMo\Desktop\999_cs\Quantum_Inpired_PSO_Classifcation\MRI_dataset\Perisylvian Syndrome\Perisylvian_Syndrome826.jpg,Perisylvian Syndrome
C:\Users\HishamMo\Desktop\999_cs\Quantum_Inpired_PSO_Classifcation\MRI_dataset\Perisylvian Syndrome\Perisylvian_Syndrome827.jpg,Perisylvian Syndrome
C:\Users\HishamMo\Desktop\999_cs\Quantum_Inpired_PSO_Classifcation\MRI_dataset\Perisylvian Syndrome\Perisylvian_Syndrome828.jpg,Perisylvian Syndrome
C:\Users\HishamMo\Desktop\999_cs\Quantum_Inpired_PSO_Classifcation\MRI_dataset\Perisylvian Syndrome\Perisylvian_Syndrome829.jpg,Perisylvian Syndrome
C:\Users\HishamMo\Desktop\999_cs\Quantum_Inpired_PSO_Classifcation\MRI_dataset\Perisylvian Syndrome\Perisylvian_Syndrome830.jpg,Perisylvian Syndrome
C:\Users\HishamMo\Desktop\999_cs\Quantum_Inpired_PSO_Classifcation\MRI_dataset\Perisylvian Syndrome\Perisylvian_Syndrome831.jpg,Perisylvian Syndrome
C:\Users\HishamMo\Desktop\999_cs\Quantum_Inpired_PSO_Classifcation\MRI_dataset\Perisylvian Syndrome\Perisylvian_Syndrome832.jpg,Perisylvian Syndrome
C:\Users\HishamMo\Desktop\999_cs\Quantum_Inpired_PSO_Classifcation\MRI_dataset\Perisylvian Syndrome\Perisylvian_Syndrome833.jpg,Perisylvian Syndrome
C:\Users\HishamMo\Desktop\999_cs\Quantum_Inpired_PSO_Classifcation\MRI_dataset\Perisylvian Syndrome\Perisylvian_Syndrome834.jpg,Perisylvian Syndrome
C:\Users\HishamMo\Desktop\999_cs\Quantum_Inpired_PSO_Classifcation\MRI_dataset\Perisylvian Syndrome\Perisylvian_Syndrome835.jpg,Perisylvian Syndrome
C:\Users\HishamMo\Desktop\999_cs\Quantum_Inpired_PSO_Classifcation\MRI_dataset\Perisylvian Syndrome\Perisylvian_Syndrome836.jpg,Perisylvian Syndrome
C:\Users\HishamMo\Desktop\999_cs\Quantum_Inpired_PSO_Classifcation\MRI_dataset\Perisylvian Syndrome\Perisylvian_Syndrome837.jpg,Perisylvian Syndrome
C:\Users\HishamMo\Desktop\999_cs\Quantum_Inpired_PSO_Classifcation\MRI_dataset\Perisylvian Syndrome\Perisylvian_Syndrome838.jpg,Perisylvian Syndrome
C:\Users\HishamMo\Desktop\999_cs\Quantum_Inpired_PSO_Classifcation\MRI_dataset\Perisylvian Syndrome\Perisylvian_Syndrome839.jpg,Perisylvian Syndrome
C:\Users\HishamMo\Desktop\999_cs\Quantum_Inpired_PSO_Classifcation\MRI_dataset\Perisylvian Syndrome\Perisylvian_Syndrome840.jpg,Perisylvian Syndrome
C:\Users\HishamMo\Desktop\999_cs\Quantum_Inpired_PSO_Classifcation\MRI_dataset\Perisylvian Syndrome\Perisylvian_Syndrome841.jpg,Perisylvian Syndrome
C:\Users\HishamMo\Desktop\999_cs\Quantum_Inpired_PSO_Classifcation\MRI_dataset\Perisylvian Syndrome\Perisylvian_Syndrome842.jpg,Perisylvian Syndrome
C:\Users\HishamMo\Desktop\999_cs\Quantum_Inpired_PSO_Classifcation\MRI_dataset\Perisylvian Syndrome\Perisylvian_Syndrome843.jpg,Perisylvian Syndrome
C:\Users\HishamMo\Desktop\999_cs\Quantum_Inpired_PSO_Classifcation\MRI_dataset\Perisylvian Syndrome\Perisylvian_Syndrome844.jpg,Perisylvian Syndrome
C:\Users\HishamMo\Desktop\999_cs\Quantum_Inpired_PSO_Classifcation\MRI_dataset\Perisylvian Syndrome\Perisylvian_Syndrome845.jpg,Perisylvian Syndrome
C:\Users\HishamMo\Desktop\999_cs\Quantum_Inpired_PSO_Classifcation\MRI_dataset\Perisylvian Syndrome\Perisylvian_Syndrome846.jpg,Perisylvian Syndrome
C:\Users\HishamMo\Desktop\999_cs\Quantum_Inpired_PSO_Classifcation\MRI_dataset\Perisylvian Syndrome\Perisylvian_Syndrome847.jpg,Perisylvian Syndrome
C:\Users\HishamMo\Desktop\999_cs\Quantum_Inpired_PSO_Classifcation\MRI_dataset\Perisylvian Syndrome\Perisylvian_Syndrome848.jpg,Perisylvian Syndrome
C:\Users\HishamMo\Desktop\999_cs\Quantum_Inpired_PSO_Classifcation\MRI_dataset\Perisylvian Syndrome\Perisylvian_Syndrome849.jpg,Perisylvian Syndrome
C:\Users\HishamMo\Desktop\999_cs\Quantum_Inpired_PSO_Classifcation\MRI_dataset\Perisylvian Syndrome\Perisylvian_Syndrome850.jpg,Perisylvian Syndrome
C:\Users\HishamMo\Desktop\999_cs\Quantum_Inpired_PSO_Classifcation\MRI_dataset\Perisylvian Syndrome\Perisylvian_Syndrome851.jpg,Perisylvian Syndrome
C:\Users\HishamMo\Desktop\999_cs\Quantum_Inpired_PSO_Classifcation\MRI_dataset\Perisylvian Syndrome\Perisylvian_Syndrome852.jpg,Perisylvian Syndrome
C:\Users\HishamMo\Desktop\999_cs\Quantum_Inpired_PSO_Classifcation\MRI_dataset\Perisylvian Syndrome\Perisylvian_Syndrome853.jpg,Perisylvian Syndrome
C:\Users\HishamMo\Desktop\999_cs\Quantum_Inpired_PSO_Classifcation\MRI_dataset\Perisylvian Syndrome\Perisylvian_Syndrome854.jpg,Perisylvian Syndrome
C:\Users\HishamMo\Desktop\999_cs\Quantum_Inpired_PSO_Classifcation\MRI_dataset\Perisylvian Syndrome\Perisylvian_Syndrome855.jpg,Perisylvian Syndrome
C:\Users\HishamMo\Desktop\999_cs\Quantum_Inpired_PSO_Classifcation\MRI_dataset\Perisylvian Syndrome\Perisylvian_Syndrome856.jpg,Perisylvian Syndrome
C:\Users\HishamMo\Desktop\999_cs\Quantum_Inpired_PSO_Classifcation\MRI_dataset\Perisylvian Syndrome\Perisylvian_Syndrome857.jpg,Perisylvian Syndrome
C:\Users\HishamMo\Desktop\999_cs\Quantum_Inpired_PSO_Classifcation\MRI_dataset\Perisylvian Syndrome\Perisylvian_Syndrome858.jpg,Perisylvian Syndrome
C:\Users\HishamMo\Desktop\999_cs\Quantum_Inpired_PSO_Classifcation\MRI_dataset\Perisylvian Syndrome\Perisylvian_Syndrome859.jpg,Perisylvian Syndrome
C:\Users\HishamMo\Desktop\999_cs\Quantum_Inpired_PSO_Classifcation\MRI_dataset\Perisylvian Syndrome\Perisylvian_Syndrome860.jpg,Perisylvian Syndrome
C:\Users\HishamMo\Desktop\999_cs\Quantum_Inpired_PSO_Classifcation\MRI_dataset\Perisylvian Syndrome\Perisylvian_Syndrome861.jpg,Perisylvian Syndrome
C:\Users\HishamMo\Desktop\999_cs\Quantum_Inpired_PSO_Classifcation\MRI_dataset\Perisylvian Syndrome\Perisylvian_Syndrome862.jpg,Perisylvian Syndrome
C:\Users\HishamMo\Desktop\999_cs\Quantum_Inpired_PSO_Classifcation\MRI_dataset\Perisylvian Syndrome\Perisylvian_Syndrome863.jpg,Perisylvian Syndrome
C:\Users\HishamMo\Desktop\999_cs\Quantum_Inpired_PSO_Classifcation\MRI_dataset\Perisylvian Syndrome\Perisylvian_Syndrome864.jpg,Perisylvian Syndrome
C:\Users\HishamMo\Desktop\999_cs\Quantum_Inpired_PSO_Classifcation\MRI_dataset\Perisylvian Syndrome\Perisylvian_Syndrome865.jpg,Perisylvian Syndrome
C:\Users\HishamMo\Desktop\999_cs\Quantum_Inpired_PSO_Classifcation\MRI_dataset\Perisylvian Syndrome\Perisylvian_Syndrome866.jpg,Perisylvian Syndrome
C:\Users\HishamMo\Desktop\999_cs\Quantum_Inpired_PSO_Classifcation\MRI_dataset\Perisylvian Syndrome\Perisylvian_Syndrome867.jpg,Perisylvian Syndrome
C:\Users\HishamMo\Desktop\999_cs\Quantum_Inpired_PSO_Classifcation\MRI_dataset\Perisylvian Syndrome\Perisylvian_Syndrome868.jpg,Perisylvian Syndrome
C:\Users\HishamMo\Desktop\999_cs\Quantum_Inpired_PSO_Classifcation\MRI_dataset\Perisylvian Syndrome\Perisylvian_Syndrome869.jpg,Perisylvian Syndrome
C:\Users\HishamMo\Desktop\999_cs\Quantum_Inpired_PSO_Classifcation\MRI_dataset\Perisylvian Syndrome\Perisylvian_Syndrome870.jpg,Perisylvian Syndrome
C:\Users\HishamMo\Desktop\999_cs\Quantum_Inpired_PSO_Classifcation\MRI_dataset\Perisylvian Syndrome\Perisylvian_Syndrome871.jpg,Perisylvian Syndrome
C:\Users\HishamMo\Desktop\999_cs\Quantum_Inpired_PSO_Classifcation\MRI_dataset\Perisylvian Syndrome\Perisylvian_Syndrome872.jpg,Perisylvian Syndrome
C:\Users\HishamMo\Desktop\999_cs\Quantum_Inpired_PSO_Classifcation\MRI_dataset\Perisylvian Syndrome\Perisylvian_Syndrome873.jpg,Perisylvian Syndrome
C:\Users\HishamMo\Desktop\999_cs\Quantum_Inpired_PSO_Classifcation\MRI_dataset\Perisylvian Syndrome\Perisylvian_Syndrome874.jpg,Perisylvian Syndrome
C:\Users\HishamMo\Desktop\999_cs\Quantum_Inpired_PSO_Classifcation\MRI_dataset\Perisylvian Syndrome\Perisylvian_Syndrome875.jpg,Perisylvian Syndrome
C:\Users\HishamMo\Desktop\999_cs\Quantum_Inpired_PSO_Classifcation\MRI_dataset\Perisylvian Syndrome\Perisylvian_Syndrome876.jpg,Perisylvian Syndrome
C:\Users\HishamMo\Desktop\999_cs\Quantum_Inpired_PSO_Classifcation\MRI_dataset\Perisylvian Syndrome\Perisylvian_Syndrome877.jpg,Perisylvian Syndrome
C:\Users\HishamMo\Desktop\999_cs\Quantum_Inpired_PSO_Classifcation\MRI_dataset\Perisylvian Syndrome\Perisylvian_Syndrome878.jpg,Perisylvian Syndrome
C:\Users\HishamMo\Desktop\999_cs\Quantum_Inpired_PSO_Classifcation\MRI_dataset\Perisylvian Syndrome\Perisylvian_Syndrome879.jpg,Perisylvian Syndrome
C:\Users\HishamMo\Desktop\999_cs\Quantum_Inpired_PSO_Classifcation\MRI_dataset\Perisylvian Syndrome\Perisylvian_Syndrome880.jpg,Perisylvian Syndrome
C:\Users\HishamMo\Desktop\999_cs\Quantum_Inpired_PSO_Classifcation\MRI_dataset\Perisylvian Syndrome\Perisylvian_Syndrome881.jpg,Perisylvian Syndrome
C:\Users\HishamMo\Desktop\999_cs\Quantum_Inpired_PSO_Classifcation\MRI_dataset\Perisylvian Syndrome\Perisylvian_Syndrome882.jpg,Perisylvian Syndrome
C:\Users\HishamMo\Desktop\999_cs\Quantum_Inpired_PSO_Classifcation\MRI_dataset\Perisylvian Syndrome\Perisylvian_Syndrome883.jpg,Perisylvian Syndrome
C:\Users\HishamMo\Desktop\999_cs\Quantum_Inpired_PSO_Classifcation\MRI_dataset\Perisylvian Syndrome\Perisylvian_Syndrome884.jpg,Perisylvian Syndrome
C:\Users\HishamMo\Desktop\999_cs\Quantum_Inpired_PSO_Classifcation\MRI_dataset\Perisylvian Syndrome\Perisylvian_Syndrome885.jpg,Perisylvian Syndrome
C:\Users\HishamMo\Desktop\999_cs\Quantum_Inpired_PSO_Classifcation\MRI_dataset\Perisylvian Syndrome\Perisylvian_Syndrome886.jpg,Perisylvian Syndrome
C:\Users\HishamMo\Desktop\999_cs\Quantum_Inpired_PSO_Classifcation\MRI_dataset\Perisylvian Syndrome\Perisylvian_Syndrome887.jpg,Perisylvian Syndrome
C:\Users\HishamMo\Desktop\999_cs\Quantum_Inpired_PSO_Classifcation\MRI_dataset\Perisylvian Syndrome\Perisylvian_Syndrome888.jpg,Perisylvian Syndrome
C:\Users\HishamMo\Desktop\999_cs\Quantum_Inpired_PSO_Classifcation\MRI_dataset\Perisylvian Syndrome\Perisylvian_Syndrome889.jpg,Perisylvian Syndrome
C:\Users\HishamMo\Desktop\999_cs\Quantum_Inpired_PSO_Classifcation\MRI_dataset\Perisylvian Syndrome\Perisylvian_Syndrome890.jpg,Perisylvian Syndrome
C:\Users\HishamMo\Desktop\999_cs\Quantum_Inpired_PSO_Classifcation\MRI_dataset\Perisylvian Syndrome\Perisylvian_Syndrome891.jpg,Perisylvian Syndrome
C:\Users\HishamMo\Desktop\999_cs\Quantum_Inpired_PSO_Classifcation\MRI_dataset\Perisylvian Syndrome\Perisylvian_Syndrome892.jpg,Perisylvian Syndrome
C:\Users\HishamMo\Desktop\999_cs\Quantum_Inpired_PSO_Classifcation\MRI_dataset\Perisylvian Syndrome\Perisylvian_Syndrome893.jpg,Perisylvian Syndrome
C:\Users\HishamMo\Desktop\999_cs\Quantum_Inpired_PSO_Classifcation\MRI_dataset\Perisylvian Syndrome\Perisylvian_Syndrome894.jpg,Perisylvian Syndrome
C:\Users\HishamMo\Desktop\999_cs\Quantum_Inpired_PSO_Classifcation\MRI_dataset\Perisylvian Syndrome\Perisylvian_Syndrome895.jpg,Perisylvian Syndrome
C:\Users\HishamMo\Desktop\999_cs\Quantum_Inpired_PSO_Classifcation\MRI_dataset\Perisylvian Syndrome\Perisylvian_Syndrome896.jpg,Perisylvian Syndrome
C:\Users\HishamMo\Desktop\999_cs\Quantum_Inpired_PSO_Classifcation\MRI_dataset\Perisylvian Syndrome\Perisylvian_Syndrome897.jpg,Perisylvian Syndrome
C:\Users\HishamMo\Desktop\999_cs\Quantum_Inpired_PSO_Classifcation\MRI_dataset\Perisylvian Syndrome\Perisylvian_Syndrome898.jpg,Perisylvian Syndrome
C:\Users\HishamMo\Desktop\999_cs\Quantum_Inpired_PSO_Classifcation\MRI_dataset\Perisylvian Syndrome\Perisylvian_Syndrome899.jpg,Perisylvian Syndrome
C:\Users\HishamMo\Desktop\999_cs\Quantum_Inpired_PSO_Classifcation\MRI_dataset\Perisylvian Syndrome\Perisylvian_Syndrome900.jpg,Perisylvian Syndrome
C:\Users\HishamMo\Desktop\999_cs\Quantum_Inpired_PSO_Classifcation\MRI_dataset\Perisylvian Syndrome\Perisylvian_Syndrome901.jpg,Perisylvian Syndrome
C:\Users\HishamMo\Desktop\999_cs\Quantum_Inpired_PSO_Classifcation\MRI_dataset\Perisylvian Syndrome\Perisylvian_Syndrome902.jpg,Perisylvian Syndrome
C:\Users\HishamMo\Desktop\999_cs\Quantum_Inpired_PSO_Classifcation\MRI_dataset\Perisylvian Syndrome\Perisylvian_Syndrome903.jpg,Perisylvian Syndrome
C:\Users\HishamMo\Desktop\999_cs\Quantum_Inpired_PSO_Classifcation\MRI_dataset\Perisylvian Syndrome\Perisylvian_Syndrome904.jpg,Perisylvian Syndrome
C:\Users\HishamMo\Desktop\999_cs\Quantum_Inpired_PSO_Classifcation\MRI_dataset\Perisylvian Syndrome\Perisylvian_Syndrome905.jpg,Perisylvian Syndrome
C:\Users\HishamMo\Desktop\999_cs\Quantum_Inpired_PSO_Classifcation\MRI_dataset\Perisylvian Syndrome\Perisylvian_Syndrome906.jpg,Perisylvian Syndrome
C:\Users\HishamMo\Desktop\999_cs\Quantum_Inpired_PSO_Classifcation\MRI_dataset\Perisylvian Syndrome\Perisylvian_Syndrome907.jpg,Perisylvian Syndrome
C:\Users\HishamMo\Desktop\999_cs\Quantum_Inpired_PSO_Classifcation\MRI_dataset\Perisylvian Syndrome\Perisylvian_Syndrome908.jpg,Perisylvian Syndrome
C:\Users\HishamMo\Desktop\999_cs\Quantum_Inpired_PSO_Classifcation\MRI_dataset\Perisylvian Syndrome\Perisylvian_Syndrome909.jpg,Perisylvian Syndrome
C:\Users\HishamMo\Desktop\999_cs\Quantum_Inpired_PSO_Classifcation\MRI_dataset\Perisylvian Syndrome\Perisylvian_Syndrome910.jpg,Perisylvian Syndrome
C:\Users\HishamMo\Desktop\999_cs\Quantum_Inpired_PSO_Classifcation\MRI_dataset\Perisylvian Syndrome\Perisylvian_Syndrome911.jpg,Perisylvian Syndrome
C:\Users\HishamMo\Desktop\999_cs\Quantum_Inpired_PSO_Classifcation\MRI_dataset\Perisylvian Syndrome\Perisylvian_Syndrome912.jpg,Perisylvian Syndrome
C:\Users\HishamMo\Desktop\999_cs\Quantum_Inpired_PSO_Classifcation\MRI_dataset\Perisylvian Syndrome\Perisylvian_Syndrome913.jpg,Perisylvian Syndrome
C:\Users\HishamMo\Desktop\999_cs\Quantum_Inpired_PSO_Classifcation\MRI_dataset\Perisylvian Syndrome\Perisylvian_Syndrome914.jpg,Perisylvian Syndrome
C:\Users\HishamMo\Desktop\999_cs\Quantum_Inpired_PSO_Classifcation\MRI_dataset\Perisylvian Syndrome\Perisylvian_Syndrome915.jpg,Perisylvian Syndrome
C:\Users\HishamMo\Desktop\999_cs\Quantum_Inpired_PSO_Classifcation\MRI_dataset\Perisylvian Syndrome\Perisylvian_Syndrome916.jpg,Perisylvian Syndrome
C:\Users\HishamMo\Desktop\999_cs\Quantum_Inpired_PSO_Classifcation\MRI_dataset\Perisylvian Syndrome\Perisylvian_Syndrome917.jpg,Perisylvian Syndrome
C:\Users\HishamMo\Desktop\999_cs\Quantum_Inpired_PSO_Classifcation\MRI_dataset\Perisylvian Syndrome\Perisylvian_Syndrome918.jpg,Perisylvian Syndrome
C:\Users\HishamMo\Desktop\999_cs\Quantum_Inpired_PSO_Classifcation\MRI_dataset\Perisylvian Syndrome\Perisylvian_Syndrome919.jpg,Perisylvian Syndrome
C:\Users\HishamMo\Desktop\999_cs\Quantum_Inpired_PSO_Classifcation\MRI_dataset\Perisylvian Syndrome\Perisylvian_Syndrome920.jpg,Perisylvian Syndrome
C:\Users\HishamMo\Desktop\999_cs\Quantum_Inpired_PSO_Classifcation\MRI_dataset\Perisylvian Syndrome\Perisylvian_Syndrome921.jpg,Perisylvian Syndrome
C:\Users\HishamMo\Desktop\999_cs\Quantum_Inpired_PSO_Classifcation\MRI_dataset\Perisylvian Syndrome\Perisylvian_Syndrome922.jpg,Perisylvian Syndrome
C:\Users\HishamMo\Desktop\999_cs\Quantum_Inpired_PSO_Classifcation\MRI_dataset\Perisylvian Syndrome\Perisylvian_Syndrome923.jpg,Perisylvian Syndrome
C:\Users\HishamMo\Desktop\999_cs\Quantum_Inpired_PSO_Classifcation\MRI_dataset\Perisylvian Syndrome\Perisylvian_Syndrome924.jpg,Perisylvian Syndrome
C:\Users\HishamMo\Desktop\999_cs\Quantum_Inpired_PSO_Classifcation\MRI_dataset\Perisylvian Syndrome\Perisylvian_Syndrome925.jpg,Perisylvian Syndrome
C:\Users\HishamMo\Desktop\999_cs\Quantum_Inpired_PSO_Classifcation\MRI_dataset\Perisylvian Syndrome\Perisylvian_Syndrome926.jpg,Perisylvian Syndrome
C:\Users\HishamMo\Desktop\999_cs\Quantum_Inpired_PSO_Classifcation\MRI_dataset\Perisylvian Syndrome\Perisylvian_Syndrome927.jpg,Perisylvian Syndrome
C:\Users\HishamMo\Desktop\999_cs\Quantum_Inpired_PSO_Classifcation\MRI_dataset\Perisylvian Syndrome\Perisylvian_Syndrome928.jpg,Perisylvian Syndrome
C:\Users\HishamMo\Desktop\999_cs\Quantum_Inpired_PSO_Classifcation\MRI_dataset\Perisylvian Syndrome\Perisylvian_Syndrome929.jpg,Perisylvian Syndrome
C:\Users\HishamMo\Desktop\999_cs\Quantum_Inpired_PSO_Classifcation\MRI_dataset\Perisylvian Syndrome\Perisylvian_Syndrome930.jpg,Perisylvian Syndrome
C:\Users\HishamMo\Desktop\999_cs\Quantum_Inpired_PSO_Classifcation\MRI_dataset\Perisylvian Syndrome\Perisylvian_Syndrome931.jpg,Perisylvian Syndrome
C:\Users\HishamMo\Desktop\999_cs\Quantum_Inpired_PSO_Classifcation\MRI_dataset\Perisylvian Syndrome\Perisylvian_Syndrome932.jpg,Perisylvian Syndrome
C:\Users\HishamMo\Desktop\999_cs\Quantum_Inpired_PSO_Classifcation\MRI_dataset\Perisylvian Syndrome\Perisylvian_Syndrome933.jpg,Perisylvian Syndrome
C:\Users\HishamMo\Desktop\999_cs\Quantum_Inpired_PSO_Classifcation\MRI_dataset\Perisylvian Syndrome\Perisylvian_Syndrome934.jpg,Perisylvian Syndrome
C:\Users\HishamMo\Desktop\999_cs\Quantum_Inpired_PSO_Classifcation\MRI_dataset\Perisylvian Syndrome\Perisylvian_Syndrome935.jpg,Perisylvian Syndrome
C:\Users\HishamMo\Desktop\999_cs\Quantum_Inpired_PSO_Classifcation\MRI_dataset\Perisylvian Syndrome\Perisylvian_Syndrome936.jpg,Perisylvian Syndrome
C:\Users\HishamMo\Desktop\999_cs\Quantum_Inpired_PSO_Classifcation\MRI_dataset\Perisylvian Syndrome\Perisylvian_Syndrome937.jpg,Perisylvian Syndrome
C:\Users\HishamMo\Desktop\999_cs\Quantum_Inpired_PSO_Classifcation\MRI_dataset\Perisylvian Syndrome\Perisylvian_Syndrome938.jpg,Perisylvian Syndrome
C:\Users\HishamMo\Desktop\999_cs\Quantum_Inpired_PSO_Classifcation\MRI_dataset\Perisylvian Syndrome\Perisylvian_Syndrome939.jpg,Perisylvian Syndrome
C:\Users\HishamMo\Desktop\999_cs\Quantum_Inpired_PSO_Classifcation\MRI_dataset\Perisylvian Syndrome\Perisylvian_Syndrome940.jpg,Perisylvian Syndrome
C:\Users\HishamMo\Desktop\999_cs\Quantum_Inpired_PSO_Classifcation\MRI_dataset\Perisylvian Syndrome\Perisylvian_Syndrome941.jpg,Perisylvian Syndrome
C:\Users\HishamMo\Desktop\999_cs\Quantum_Inpired_PSO_Classifcation\MRI_dataset\Perisylvian Syndrome\Perisylvian_Syndrome942.jpg,Perisylvian Syndrome
C:\Users\HishamMo\Desktop\999_cs\Quantum_Inpired_PSO_Classifcation\MRI_dataset\Perisylvian Syndrome\Perisylvian_Syndrome943.jpg,Perisylvian Syndrome
C:\Users\HishamMo\Desktop\999_cs\Quantum_Inpired_PSO_Classifcation\MRI_dataset\Perisylvian Syndrome\Perisylvian_Syndrome944.jpg,Perisylvian Syndrome
C:\Users\HishamMo\Desktop\999_cs\Quantum_Inpired_PSO_Classifcation\MRI_dataset\Perisylvian Syndrome\Perisylvian_Syndrome945.jpg,Perisylvian Syndrome
C:\Users\HishamMo\Desktop\999_cs\Quantum_Inpired_PSO_Classifcation\MRI_dataset\Perisylvian Syndrome\Perisylvian_Syndrome946.jpg,Perisylvian Syndrome
C:\Users\HishamMo\Desktop\999_cs\Quantum_Inpired_PSO_Classifcation\MRI_dataset\Perisylvian Syndrome\Perisylvian_Syndrome947.jpg,Perisylvian Syndrome
C:\Users\HishamMo\Desktop\999_cs\Quantum_Inpired_PSO_Classifcation\MRI_dataset\Perisylvian Syndrome\Perisylvian_Syndrome948.jpg,Perisylvian Syndrome
C:\Users\HishamMo\Desktop\999_cs\Quantum_Inpired_PSO_Classifcation\MRI_dataset\Perisylvian Syndrome\Perisylvian_Syndrome949.jpg,Perisylvian Syndrome
C:\Users\HishamMo\Desktop\999_cs\Quantum_Inpired_PSO_Classifcation\MRI_dataset\Perisylvian Syndrome\Perisylvian_Syndrome950.jpg,Perisylvian Syndrome
C:\Users\HishamMo\Desktop\999_cs\Quantum_Inpired_PSO_Classifcation\MRI_dataset\Perisylvian Syndrome\Perisylvian_Syndrome951.jpg,Perisylvian Syndrome
C:\Users\HishamMo\Desktop\999_cs\Quantum_Inpired_PSO_Classifcation\MRI_dataset\Perisylvian Syndrome\Perisylvian_Syndrome952.jpg,Perisylvian Syndrome
C:\Users\HishamMo\Desktop\999_cs\Quantum_Inpired_PSO_Classifcation\MRI_dataset\Perisylvian Syndrome\Perisylvian_Syndrome953.jpg,Perisylvian Syndrome
C:\Users\HishamMo\Desktop\999_cs\Quantum_Inpired_PSO_Classifcation\MRI_dataset\Perisylvian Syndrome\Perisylvian_Syndrome954.jpg,Perisylvian Syndrome
C:\Users\HishamMo\Desktop\999_cs\Quantum_Inpired_PSO_Classifcation\MRI_dataset\Perisylvian Syndrome\Perisylvian_Syndrome955.jpg,Perisylvian Syndrome
C:\Users\HishamMo\Desktop\999_cs\Quantum_Inpired_PSO_Classifcation\MRI_dataset\Perisylvian Syndrome\Perisylvian_Syndrome956.jpg,Perisylvian Syndrome
C:\Users\HishamMo\Desktop\999_cs\Quantum_Inpired_PSO_Classifcation\MRI_dataset\Perisylvian Syndrome\Perisylvian_Syndrome957.jpg,Perisylvian Syndrome
C:\Users\HishamMo\Desktop\999_cs\Quantum_Inpired_PSO_Classifcation\MRI_dataset\Perisylvian Syndrome\Perisylvian_Syndrome958.jpg,Perisylvian Syndrome
C:\Users\HishamMo\Desktop\999_cs\Quantum_Inpired_PSO_Classifcation\MRI_dataset\Perisylvian Syndrome\Perisylvian_Syndrome959.jpg,Perisylvian Syndrome
C:\Users\HishamMo\Desktop\999_cs\Quantum_Inpired_PSO_Classifcation\MRI_dataset\Perisylvian Syndrome\Perisylvian_Syndrome960.jpg,Perisylvian Syndrome
C:\Users\HishamMo\Desktop\999_cs\Quantum_Inpired_PSO_Classifcation\MRI_dataset\Perisylvian Syndrome\Perisylvian_Syndrome961.jpg,Perisylvian Syndrome
C:\Users\HishamMo\Desktop\999_cs\Quantum_Inpired_PSO_Classifcation\MRI_dataset\Perisylvian Syndrome\Perisylvian_Syndrome962.jpg,Perisylvian Syndrome
C:\Users\HishamMo\Desktop\999_cs\Quantum_Inpired_PSO_Classifcation\MRI_dataset\Perisylvian Syndrome\Perisylvian_Syndrome963.jpg,Perisylvian Syndrome
C:\Users\HishamMo\Desktop\999_cs\Quantum_Inpired_PSO_Classifcation\MRI_dataset\Perisylvian Syndrome\Perisylvian_Syndrome964.jpg,Perisylvian Syndrome
C:\Users\HishamMo\Desktop\999_cs\Quantum_Inpired_PSO_Classifcation\MRI_dataset\Perisylvian Syndrome\Perisylvian_Syndrome965.jpg,Perisylvian Syndrome
C:\Users\HishamMo\Desktop\999_cs\Quantum_Inpired_PSO_Classifcation\MRI_dataset\Perisylvian Syndrome\Perisylvian_Syndrome966.jpg,Perisylvian Syndrome
C:\Users\HishamMo\Desktop\999_cs\Quantum_Inpired_PSO_Classifcation\MRI_dataset\Perisylvian Syndrome\Perisylvian_Syndrome967.jpg,Perisylvian Syndrome
C:\Users\HishamMo\Desktop\999_cs\Quantum_Inpired_PSO_Classifcation\MRI_dataset\Perisylvian Syndrome\Perisylvian_Syndrome968.jpg,Perisylvian Syndrome
C:\Users\HishamMo\Desktop\999_cs\Quantum_Inpired_PSO_Classifcation\MRI_dataset\Perisylvian Syndrome\Perisylvian_Syndrome969.jpg,Perisylvian Syndrome
C:\Users\HishamMo\Desktop\999_cs\Quantum_Inpired_PSO_Classifcation\MRI_dataset\Perisylvian Syndrome\Perisylvian_Syndrome970.jpg,Perisylvian Syndrome
C:\Users\HishamMo\Desktop\999_cs\Quantum_Inpired_PSO_Classifcation\MRI_dataset\Perisylvian Syndrome\Perisylvian_Syndrome971.jpg,Perisylvian Syndrome
C:\Users\HishamMo\Desktop\999_cs\Quantum_Inpired_PSO_Classifcation\MRI_dataset\Perisylvian Syndrome\Perisylvian_Syndrome972.jpg,Perisylvian Syndrome
C:\Users\HishamMo\Desktop\999_cs\Quantum_Inpired_PSO_Classifcation\MRI_dataset\Perisylvian Syndrome\Perisylvian_Syndrome973.jpg,Perisylvian Syndrome
C:\Users\HishamMo\Desktop\999_cs\Quantum_Inpired_PSO_Classifcation\MRI_dataset\Perisylvian Syndrome\Perisylvian_Syndrome974.jpg,Perisylvian Syndrome
C:\Users\HishamMo\Desktop\999_cs\Quantum_Inpired_PSO_Classifcation\MRI_dataset\Perisylvian Syndrome\Perisylvian_Syndrome975.jpg,Perisylvian Syndrome
C:\Users\HishamMo\Desktop\999_cs\Quantum_Inpired_PSO_Classifcation\MRI_dataset\Perisylvian Syndrome\Perisylvian_Syndrome976.jpg,Perisylvian Syndrome
C:\Users\HishamMo\Desktop\999_cs\Quantum_Inpired_PSO_Classifcation\MRI_dataset\Perisylvian Syndrome\Perisylvian_Syndrome977.jpg,Perisylvian Syndrome
C:\Users\HishamMo\Desktop\999_cs\Quantum_Inpired_PSO_Classifcation\MRI_dataset\Perisylvian Syndrome\Perisylvian_Syndrome978.jpg,Perisylvian Syndrome
C:\Users\HishamMo\Desktop\999_cs\Quantum_Inpired_PSO_Classifcation\MRI_dataset\Perisylvian Syndrome\Perisylvian_Syndrome979.jpg,Perisylvian Syndrome
C:\Users\HishamMo\Desktop\999_cs\Quantum_Inpired_PSO_Classifcation\MRI_dataset\Perisylvian Syndrome\Perisylvian_Syndrome980.jpg,Perisylvian Syndrome
C:\Users\HishamMo\Desktop\999_cs\Quantum_Inpired_PSO_Classifcation\MRI_dataset\Perisylvian Syndrome\Perisylvian_Syndrome981.jpg,Perisylvian Syndrome
C:\Users\HishamMo\Desktop\999_cs\Quantum_Inpired_PSO_Classifcation\MRI_dataset\Perisylvian Syndrome\Perisylvian_Syndrome982.jpg,Perisylvian Syndrome
C:\Users\HishamMo\Desktop\999_cs\Quantum_Inpired_PSO_Classifcation\MRI_dataset\Perisylvian Syndrome\Perisylvian_Syndrome983.jpg,Perisylvian Syndrome
C:\Users\HishamMo\Desktop\999_cs\Quantum_Inpired_PSO_Classifcation\MRI_dataset\Perisylvian Syndrome\Perisylvian_Syndrome984.jpg,Perisylvian Syndrome
C:\Users\HishamMo\Desktop\999_cs\Quantum_Inpired_PSO_Classifcation\MRI_dataset\Perisylvian Syndrome\Perisylvian_Syndrome985.jpg,Perisylvian Syndrome
C:\Users\HishamMo\Desktop\999_cs\Quantum_Inpired_PSO_Classifcation\MRI_dataset\Perisylvian Syndrome\Perisylvian_Syndrome986.jpg,Perisylvian Syndrome
C:\Users\HishamMo\Desktop\999_cs\Quantum_Inpired_PSO_Classifcation\MRI_dataset\Perisylvian Syndrome\Perisylvian_Syndrome987.jpg,Perisylvian Syndrome
C:\Users\HishamMo\Desktop\999_cs\Quantum_Inpired_PSO_Classifcation\MRI_dataset\Perisylvian Syndrome\Perisylvian_Syndrome988.jpg,Perisylvian Syndrome
C:\Users\HishamMo\Desktop\999_cs\Quantum_Inpired_PSO_Classifcation\MRI_dataset\Perisylvian Syndrome\Perisylvian_Syndrome989.jpg,Perisylvian Syndrome
C:\Users\HishamMo\Desktop\999_cs\Quantum_Inpired_PSO_Classifcation\MRI_dataset\Perisylvian Syndrome\Perisylvian_Syndrome990.jpg,Perisylvian Syndrome
C:\Users\HishamMo\Desktop\999_cs\Quantum_Inpired_PSO_Classifcation\MRI_dataset\Perisylvian Syndrome\Perisylvian_Syndrome991.jpg,Perisylvian Syndrome
C:\Users\HishamMo\Desktop\999_cs\Quantum_Inpired_PSO_Classifcation\MRI_dataset\Perisylvian Syndrome\Perisylvian_Syndrome992.jpg,Perisylvian Syndrome
C:\Users\HishamMo\Desktop\999_cs\Quantum_Inpired_PSO_Classifcation\MRI_dataset\Perisylvian Syndrome\Perisylvian_Syndrome993.jpg,Perisylvian Syndrome
C:\Users\HishamMo\Desktop\999_cs\Quantum_Inpired_PSO_Classifcation\MRI_dataset\Perisylvian Syndrome\Perisylvian_Syndrome994.jpg,Perisylvian Syndrome
C:\Users\HishamMo\Desktop\999_cs\Quantum_Inpired_PSO_Classifcation\MRI_dataset\Perisylvian Syndrome\Perisylvian_Syndrome995.jpg,Perisylvian Syndrome
C:\Users\HishamMo\Desktop\999_cs\Quantum_Inpired_PSO_Classifcation\MRI_dataset\Perisylvian Syndrome\Perisylvian_Syndrome996.jpg,Perisylvian Syndrome
C:\Users\HishamMo\Desktop\999_cs\Quantum_Inpired_PSO_Classifcation\MRI_dataset\Perisylvian Syndrome\Perisylvian_Syndrome997.jpg,Perisylvian Syndrome
C:\Users\HishamMo\Desktop\999_cs\Quantum_Inpired_PSO_Classifcation\MRI_dataset\Perisylvian Syndrome\Perisylvian_Syndrome998.jpg,Perisylvian Syndrome
C:\Users\HishamMo\Desktop\999_cs\Quantum_Inpired_PSO_Classifcation\MRI_dataset\Perisylvian Syndrome\Perisylvian_Syndrome999.jpg,Perisylvian Syndrome
