image_path,label
C:\Users\HishamMo\Desktop\999_cs\Quantum_Inpired_PSO_Classifcation\MRI_dataset\Plexiform Neurofibroma with Sphenoid Wing Absence\Plexiform_Neurofibroma_with_Sphenoid_Wing_Absence001.jpg,Plexiform Neurofibroma with Sphenoid Wing Absence
C:\Users\HishamMo\Desktop\999_cs\Quantum_Inpired_PSO_Classifcation\MRI_dataset\Plexiform Neurofibroma with Sphenoid Wing Absence\Plexiform_Neurofibroma_with_Sphenoid_Wing_Absence002.jpg,Plexiform Neurofibroma with Sphenoid Wing Absence
C:\Users\HishamMo\Desktop\999_cs\Quantum_Inpired_PSO_Classifcation\MRI_dataset\Plexiform Neurofibroma with Sphenoid Wing Absence\Plexiform_Neurofibroma_with_Sphenoid_Wing_Absence003.jpg,Plexiform Neurofibroma with Sphenoid Wing Absence
C:\Users\HishamMo\Desktop\999_cs\Quantum_Inpired_PSO_Classifcation\MRI_dataset\Plexiform Neurofibroma with Sphenoid Wing Absence\Plexiform_Neurofibroma_with_Sphenoid_Wing_Absence004.jpg,Plexiform Neurofibroma with Sphenoid Wing Absence
C:\Users\HishamMo\Desktop\999_cs\Quantum_Inpired_PSO_Classifcation\MRI_dataset\Plexiform Neurofibroma with Sphenoid Wing Absence\Plexiform_Neurofibroma_with_Sphenoid_Wing_Absence005.jpg,Plexiform Neurofibroma with Sphenoid Wing Absence
C:\Users\HishamMo\Desktop\999_cs\Quantum_Inpired_PSO_Classifcation\MRI_dataset\Plexiform Neurofibroma with Sphenoid Wing Absence\Plexiform_Neurofibroma_with_Sphenoid_Wing_Absence006.jpg,Plexiform Neurofibroma with Sphenoid Wing Absence
C:\Users\HishamMo\Desktop\999_cs\Quantum_Inpired_PSO_Classifcation\MRI_dataset\Plexiform Neurofibroma with Sphenoid Wing Absence\Plexiform_Neurofibroma_with_Sphenoid_Wing_Absence007.jpg,Plexiform Neurofibroma with Sphenoid Wing Absence
C:\Users\HishamMo\Desktop\999_cs\Quantum_Inpired_PSO_Classifcation\MRI_dataset\Plexiform Neurofibroma with Sphenoid Wing Absence\Plexiform_Neurofibroma_with_Sphenoid_Wing_Absence008.jpg,Plexiform Neurofibroma with Sphenoid Wing Absence
C:\Users\HishamMo\Desktop\999_cs\Quantum_Inpired_PSO_Classifcation\MRI_dataset\Plexiform Neurofibroma with Sphenoid Wing Absence\Plexiform_Neurofibroma_with_Sphenoid_Wing_Absence009.jpg,Plexiform Neurofibroma with Sphenoid Wing Absence
C:\Users\HishamMo\Desktop\999_cs\Quantum_Inpired_PSO_Classifcation\MRI_dataset\Plexiform Neurofibroma with Sphenoid Wing Absence\Plexiform_Neurofibroma_with_Sphenoid_Wing_Absence010.jpg,Plexiform Neurofibroma with Sphenoid Wing Absence
C:\Users\HishamMo\Desktop\999_cs\Quantum_Inpired_PSO_Classifcation\MRI_dataset\Plexiform Neurofibroma with Sphenoid Wing Absence\Plexiform_Neurofibroma_with_Sphenoid_Wing_Absence011.jpg,Plexiform Neurofibroma with Sphenoid Wing Absence
C:\Users\HishamMo\Desktop\999_cs\Quantum_Inpired_PSO_Classifcation\MRI_dataset\Plexiform Neurofibroma with Sphenoid Wing Absence\Plexiform_Neurofibroma_with_Sphenoid_Wing_Absence012.jpg,Plexiform Neurofibroma with Sphenoid Wing Absence
C:\Users\HishamMo\Desktop\999_cs\Quantum_Inpired_PSO_Classifcation\MRI_dataset\Plexiform Neurofibroma with Sphenoid Wing Absence\Plexiform_Neurofibroma_with_Sphenoid_Wing_Absence013.jpg,Plexiform Neurofibroma with Sphenoid Wing Absence
C:\Users\HishamMo\Desktop\999_cs\Quantum_Inpired_PSO_Classifcation\MRI_dataset\Plexiform Neurofibroma with Sphenoid Wing Absence\Plexiform_Neurofibroma_with_Sphenoid_Wing_Absence014.jpg,Plexiform Neurofibroma with Sphenoid Wing Absence
C:\Users\HishamMo\Desktop\999_cs\Quantum_Inpired_PSO_Classifcation\MRI_dataset\Plexiform Neurofibroma with Sphenoid Wing Absence\Plexiform_Neurofibroma_with_Sphenoid_Wing_Absence015.jpg,Plexiform Neurofibroma with Sphenoid Wing Absence
C:\Users\HishamMo\Desktop\999_cs\Quantum_Inpired_PSO_Classifcation\MRI_dataset\Plexiform Neurofibroma with Sphenoid Wing Absence\Plexiform_Neurofibroma_with_Sphenoid_Wing_Absence016.jpg,Plexiform Neurofibroma with Sphenoid Wing Absence
C:\Users\HishamMo\Desktop\999_cs\Quantum_Inpired_PSO_Classifcation\MRI_dataset\Plexiform Neurofibroma with Sphenoid Wing Absence\Plexiform_Neurofibroma_with_Sphenoid_Wing_Absence017.jpg,Plexiform Neurofibroma with Sphenoid Wing Absence
C:\Users\HishamMo\Desktop\999_cs\Quantum_Inpired_PSO_Classifcation\MRI_dataset\Plexiform Neurofibroma with Sphenoid Wing Absence\Plexiform_Neurofibroma_with_Sphenoid_Wing_Absence018.jpg,Plexiform Neurofibroma with Sphenoid Wing Absence
C:\Users\HishamMo\Desktop\999_cs\Quantum_Inpired_PSO_Classifcation\MRI_dataset\Plexiform Neurofibroma with Sphenoid Wing Absence\Plexiform_Neurofibroma_with_Sphenoid_Wing_Absence019.jpg,Plexiform Neurofibroma with Sphenoid Wing Absence
C:\Users\HishamMo\Desktop\999_cs\Quantum_Inpired_PSO_Classifcation\MRI_dataset\Plexiform Neurofibroma with Sphenoid Wing Absence\Plexiform_Neurofibroma_with_Sphenoid_Wing_Absence020.jpg,Plexiform Neurofibroma with Sphenoid Wing Absence
C:\Users\HishamMo\Desktop\999_cs\Quantum_Inpired_PSO_Classifcation\MRI_dataset\Plexiform Neurofibroma with Sphenoid Wing Absence\Plexiform_Neurofibroma_with_Sphenoid_Wing_Absence021.jpg,Plexiform Neurofibroma with Sphenoid Wing Absence
C:\Users\HishamMo\Desktop\999_cs\Quantum_Inpired_PSO_Classifcation\MRI_dataset\Plexiform Neurofibroma with Sphenoid Wing Absence\Plexiform_Neurofibroma_with_Sphenoid_Wing_Absence022.jpg,Plexiform Neurofibroma with Sphenoid Wing Absence
C:\Users\HishamMo\Desktop\999_cs\Quantum_Inpired_PSO_Classifcation\MRI_dataset\Plexiform Neurofibroma with Sphenoid Wing Absence\Plexiform_Neurofibroma_with_Sphenoid_Wing_Absence023.jpg,Plexiform Neurofibroma with Sphenoid Wing Absence
C:\Users\HishamMo\Desktop\999_cs\Quantum_Inpired_PSO_Classifcation\MRI_dataset\Plexiform Neurofibroma with Sphenoid Wing Absence\Plexiform_Neurofibroma_with_Sphenoid_Wing_Absence024.jpg,Plexiform Neurofibroma with Sphenoid Wing Absence
C:\Users\HishamMo\Desktop\999_cs\Quantum_Inpired_PSO_Classifcation\MRI_dataset\Plexiform Neurofibroma with Sphenoid Wing Absence\Plexiform_Neurofibroma_with_Sphenoid_Wing_Absence025.jpg,Plexiform Neurofibroma with Sphenoid Wing Absence
C:\Users\HishamMo\Desktop\999_cs\Quantum_Inpired_PSO_Classifcation\MRI_dataset\Plexiform Neurofibroma with Sphenoid Wing Absence\Plexiform_Neurofibroma_with_Sphenoid_Wing_Absence026.jpg,Plexiform Neurofibroma with Sphenoid Wing Absence
C:\Users\HishamMo\Desktop\999_cs\Quantum_Inpired_PSO_Classifcation\MRI_dataset\Plexiform Neurofibroma with Sphenoid Wing Absence\Plexiform_Neurofibroma_with_Sphenoid_Wing_Absence027.jpg,Plexiform Neurofibroma with Sphenoid Wing Absence
C:\Users\HishamMo\Desktop\999_cs\Quantum_Inpired_PSO_Classifcation\MRI_dataset\Plexiform Neurofibroma with Sphenoid Wing Absence\Plexiform_Neurofibroma_with_Sphenoid_Wing_Absence028.jpg,Plexiform Neurofibroma with Sphenoid Wing Absence
C:\Users\HishamMo\Desktop\999_cs\Quantum_Inpired_PSO_Classifcation\MRI_dataset\Plexiform Neurofibroma with Sphenoid Wing Absence\Plexiform_Neurofibroma_with_Sphenoid_Wing_Absence029.jpg,Plexiform Neurofibroma with Sphenoid Wing Absence
C:\Users\HishamMo\Desktop\999_cs\Quantum_Inpired_PSO_Classifcation\MRI_dataset\Plexiform Neurofibroma with Sphenoid Wing Absence\Plexiform_Neurofibroma_with_Sphenoid_Wing_Absence030.jpg,Plexiform Neurofibroma with Sphenoid Wing Absence
C:\Users\HishamMo\Desktop\999_cs\Quantum_Inpired_PSO_Classifcation\MRI_dataset\Plexiform Neurofibroma with Sphenoid Wing Absence\Plexiform_Neurofibroma_with_Sphenoid_Wing_Absence031.jpg,Plexiform Neurofibroma with Sphenoid Wing Absence
C:\Users\HishamMo\Desktop\999_cs\Quantum_Inpired_PSO_Classifcation\MRI_dataset\Plexiform Neurofibroma with Sphenoid Wing Absence\Plexiform_Neurofibroma_with_Sphenoid_Wing_Absence032.jpg,Plexiform Neurofibroma with Sphenoid Wing Absence
C:\Users\HishamMo\Desktop\999_cs\Quantum_Inpired_PSO_Classifcation\MRI_dataset\Plexiform Neurofibroma with Sphenoid Wing Absence\Plexiform_Neurofibroma_with_Sphenoid_Wing_Absence033.jpg,Plexiform Neurofibroma with Sphenoid Wing Absence
C:\Users\HishamMo\Desktop\999_cs\Quantum_Inpired_PSO_Classifcation\MRI_dataset\Plexiform Neurofibroma with Sphenoid Wing Absence\Plexiform_Neurofibroma_with_Sphenoid_Wing_Absence034.jpg,Plexiform Neurofibroma with Sphenoid Wing Absence
C:\Users\HishamMo\Desktop\999_cs\Quantum_Inpired_PSO_Classifcation\MRI_dataset\Plexiform Neurofibroma with Sphenoid Wing Absence\Plexiform_Neurofibroma_with_Sphenoid_Wing_Absence035.jpg,Plexiform Neurofibroma with Sphenoid Wing Absence
C:\Users\HishamMo\Desktop\999_cs\Quantum_Inpired_PSO_Classifcation\MRI_dataset\Plexiform Neurofibroma with Sphenoid Wing Absence\Plexiform_Neurofibroma_with_Sphenoid_Wing_Absence036.jpg,Plexiform Neurofibroma with Sphenoid Wing Absence
C:\Users\HishamMo\Desktop\999_cs\Quantum_Inpired_PSO_Classifcation\MRI_dataset\Plexiform Neurofibroma with Sphenoid Wing Absence\Plexiform_Neurofibroma_with_Sphenoid_Wing_Absence037.jpg,Plexiform Neurofibroma with Sphenoid Wing Absence
C:\Users\HishamMo\Desktop\999_cs\Quantum_Inpired_PSO_Classifcation\MRI_dataset\Plexiform Neurofibroma with Sphenoid Wing Absence\Plexiform_Neurofibroma_with_Sphenoid_Wing_Absence038.jpg,Plexiform Neurofibroma with Sphenoid Wing Absence
C:\Users\HishamMo\Desktop\999_cs\Quantum_Inpired_PSO_Classifcation\MRI_dataset\Plexiform Neurofibroma with Sphenoid Wing Absence\Plexiform_Neurofibroma_with_Sphenoid_Wing_Absence039.jpg,Plexiform Neurofibroma with Sphenoid Wing Absence
C:\Users\HishamMo\Desktop\999_cs\Quantum_Inpired_PSO_Classifcation\MRI_dataset\Plexiform Neurofibroma with Sphenoid Wing Absence\Plexiform_Neurofibroma_with_Sphenoid_Wing_Absence040.jpg,Plexiform Neurofibroma with Sphenoid Wing Absence
C:\Users\HishamMo\Desktop\999_cs\Quantum_Inpired_PSO_Classifcation\MRI_dataset\Plexiform Neurofibroma with Sphenoid Wing Absence\Plexiform_Neurofibroma_with_Sphenoid_Wing_Absence041.jpg,Plexiform Neurofibroma with Sphenoid Wing Absence
C:\Users\HishamMo\Desktop\999_cs\Quantum_Inpired_PSO_Classifcation\MRI_dataset\Plexiform Neurofibroma with Sphenoid Wing Absence\Plexiform_Neurofibroma_with_Sphenoid_Wing_Absence042.jpg,Plexiform Neurofibroma with Sphenoid Wing Absence
C:\Users\HishamMo\Desktop\999_cs\Quantum_Inpired_PSO_Classifcation\MRI_dataset\Plexiform Neurofibroma with Sphenoid Wing Absence\Plexiform_Neurofibroma_with_Sphenoid_Wing_Absence043.jpg,Plexiform Neurofibroma with Sphenoid Wing Absence
C:\Users\HishamMo\Desktop\999_cs\Quantum_Inpired_PSO_Classifcation\MRI_dataset\Plexiform Neurofibroma with Sphenoid Wing Absence\Plexiform_Neurofibroma_with_Sphenoid_Wing_Absence044.jpg,Plexiform Neurofibroma with Sphenoid Wing Absence
C:\Users\HishamMo\Desktop\999_cs\Quantum_Inpired_PSO_Classifcation\MRI_dataset\Plexiform Neurofibroma with Sphenoid Wing Absence\Plexiform_Neurofibroma_with_Sphenoid_Wing_Absence045.jpg,Plexiform Neurofibroma with Sphenoid Wing Absence
C:\Users\HishamMo\Desktop\999_cs\Quantum_Inpired_PSO_Classifcation\MRI_dataset\Plexiform Neurofibroma with Sphenoid Wing Absence\Plexiform_Neurofibroma_with_Sphenoid_Wing_Absence046.jpg,Plexiform Neurofibroma with Sphenoid Wing Absence
C:\Users\HishamMo\Desktop\999_cs\Quantum_Inpired_PSO_Classifcation\MRI_dataset\Plexiform Neurofibroma with Sphenoid Wing Absence\Plexiform_Neurofibroma_with_Sphenoid_Wing_Absence047.jpg,Plexiform Neurofibroma with Sphenoid Wing Absence
C:\Users\HishamMo\Desktop\999_cs\Quantum_Inpired_PSO_Classifcation\MRI_dataset\Plexiform Neurofibroma with Sphenoid Wing Absence\Plexiform_Neurofibroma_with_Sphenoid_Wing_Absence048.jpg,Plexiform Neurofibroma with Sphenoid Wing Absence
C:\Users\HishamMo\Desktop\999_cs\Quantum_Inpired_PSO_Classifcation\MRI_dataset\Plexiform Neurofibroma with Sphenoid Wing Absence\Plexiform_Neurofibroma_with_Sphenoid_Wing_Absence049.jpg,Plexiform Neurofibroma with Sphenoid Wing Absence
C:\Users\HishamMo\Desktop\999_cs\Quantum_Inpired_PSO_Classifcation\MRI_dataset\Plexiform Neurofibroma with Sphenoid Wing Absence\Plexiform_Neurofibroma_with_Sphenoid_Wing_Absence050.jpg,Plexiform Neurofibroma with Sphenoid Wing Absence
C:\Users\HishamMo\Desktop\999_cs\Quantum_Inpired_PSO_Classifcation\MRI_dataset\Plexiform Neurofibroma with Sphenoid Wing Absence\Plexiform_Neurofibroma_with_Sphenoid_Wing_Absence051.jpg,Plexiform Neurofibroma with Sphenoid Wing Absence
C:\Users\HishamMo\Desktop\999_cs\Quantum_Inpired_PSO_Classifcation\MRI_dataset\Plexiform Neurofibroma with Sphenoid Wing Absence\Plexiform_Neurofibroma_with_Sphenoid_Wing_Absence052.jpg,Plexiform Neurofibroma with Sphenoid Wing Absence
C:\Users\HishamMo\Desktop\999_cs\Quantum_Inpired_PSO_Classifcation\MRI_dataset\Plexiform Neurofibroma with Sphenoid Wing Absence\Plexiform_Neurofibroma_with_Sphenoid_Wing_Absence053.jpg,Plexiform Neurofibroma with Sphenoid Wing Absence
C:\Users\HishamMo\Desktop\999_cs\Quantum_Inpired_PSO_Classifcation\MRI_dataset\Plexiform Neurofibroma with Sphenoid Wing Absence\Plexiform_Neurofibroma_with_Sphenoid_Wing_Absence054.jpg,Plexiform Neurofibroma with Sphenoid Wing Absence
C:\Users\HishamMo\Desktop\999_cs\Quantum_Inpired_PSO_Classifcation\MRI_dataset\Plexiform Neurofibroma with Sphenoid Wing Absence\Plexiform_Neurofibroma_with_Sphenoid_Wing_Absence055.jpg,Plexiform Neurofibroma with Sphenoid Wing Absence
C:\Users\HishamMo\Desktop\999_cs\Quantum_Inpired_PSO_Classifcation\MRI_dataset\Plexiform Neurofibroma with Sphenoid Wing Absence\Plexiform_Neurofibroma_with_Sphenoid_Wing_Absence056.jpg,Plexiform Neurofibroma with Sphenoid Wing Absence
C:\Users\HishamMo\Desktop\999_cs\Quantum_Inpired_PSO_Classifcation\MRI_dataset\Plexiform Neurofibroma with Sphenoid Wing Absence\Plexiform_Neurofibroma_with_Sphenoid_Wing_Absence057.jpg,Plexiform Neurofibroma with Sphenoid Wing Absence
C:\Users\HishamMo\Desktop\999_cs\Quantum_Inpired_PSO_Classifcation\MRI_dataset\Plexiform Neurofibroma with Sphenoid Wing Absence\Plexiform_Neurofibroma_with_Sphenoid_Wing_Absence058.jpg,Plexiform Neurofibroma with Sphenoid Wing Absence
C:\Users\HishamMo\Desktop\999_cs\Quantum_Inpired_PSO_Classifcation\MRI_dataset\Plexiform Neurofibroma with Sphenoid Wing Absence\Plexiform_Neurofibroma_with_Sphenoid_Wing_Absence059.jpg,Plexiform Neurofibroma with Sphenoid Wing Absence
C:\Users\HishamMo\Desktop\999_cs\Quantum_Inpired_PSO_Classifcation\MRI_dataset\Plexiform Neurofibroma with Sphenoid Wing Absence\Plexiform_Neurofibroma_with_Sphenoid_Wing_Absence060.jpg,Plexiform Neurofibroma with Sphenoid Wing Absence
C:\Users\HishamMo\Desktop\999_cs\Quantum_Inpired_PSO_Classifcation\MRI_dataset\Plexiform Neurofibroma with Sphenoid Wing Absence\Plexiform_Neurofibroma_with_Sphenoid_Wing_Absence061.jpg,Plexiform Neurofibroma with Sphenoid Wing Absence
C:\Users\HishamMo\Desktop\999_cs\Quantum_Inpired_PSO_Classifcation\MRI_dataset\Plexiform Neurofibroma with Sphenoid Wing Absence\Plexiform_Neurofibroma_with_Sphenoid_Wing_Absence062.jpg,Plexiform Neurofibroma with Sphenoid Wing Absence
C:\Users\HishamMo\Desktop\999_cs\Quantum_Inpired_PSO_Classifcation\MRI_dataset\Plexiform Neurofibroma with Sphenoid Wing Absence\Plexiform_Neurofibroma_with_Sphenoid_Wing_Absence063.jpg,Plexiform Neurofibroma with Sphenoid Wing Absence
C:\Users\HishamMo\Desktop\999_cs\Quantum_Inpired_PSO_Classifcation\MRI_dataset\Plexiform Neurofibroma with Sphenoid Wing Absence\Plexiform_Neurofibroma_with_Sphenoid_Wing_Absence064.jpg,Plexiform Neurofibroma with Sphenoid Wing Absence
C:\Users\HishamMo\Desktop\999_cs\Quantum_Inpired_PSO_Classifcation\MRI_dataset\Plexiform Neurofibroma with Sphenoid Wing Absence\Plexiform_Neurofibroma_with_Sphenoid_Wing_Absence065.jpg,Plexiform Neurofibroma with Sphenoid Wing Absence
C:\Users\HishamMo\Desktop\999_cs\Quantum_Inpired_PSO_Classifcation\MRI_dataset\Plexiform Neurofibroma with Sphenoid Wing Absence\Plexiform_Neurofibroma_with_Sphenoid_Wing_Absence066.jpg,Plexiform Neurofibroma with Sphenoid Wing Absence
C:\Users\HishamMo\Desktop\999_cs\Quantum_Inpired_PSO_Classifcation\MRI_dataset\Plexiform Neurofibroma with Sphenoid Wing Absence\Plexiform_Neurofibroma_with_Sphenoid_Wing_Absence067.jpg,Plexiform Neurofibroma with Sphenoid Wing Absence
C:\Users\HishamMo\Desktop\999_cs\Quantum_Inpired_PSO_Classifcation\MRI_dataset\Plexiform Neurofibroma with Sphenoid Wing Absence\Plexiform_Neurofibroma_with_Sphenoid_Wing_Absence068.jpg,Plexiform Neurofibroma with Sphenoid Wing Absence
C:\Users\HishamMo\Desktop\999_cs\Quantum_Inpired_PSO_Classifcation\MRI_dataset\Plexiform Neurofibroma with Sphenoid Wing Absence\Plexiform_Neurofibroma_with_Sphenoid_Wing_Absence069.jpg,Plexiform Neurofibroma with Sphenoid Wing Absence
C:\Users\HishamMo\Desktop\999_cs\Quantum_Inpired_PSO_Classifcation\MRI_dataset\Plexiform Neurofibroma with Sphenoid Wing Absence\Plexiform_Neurofibroma_with_Sphenoid_Wing_Absence070.jpg,Plexiform Neurofibroma with Sphenoid Wing Absence
C:\Users\HishamMo\Desktop\999_cs\Quantum_Inpired_PSO_Classifcation\MRI_dataset\Plexiform Neurofibroma with Sphenoid Wing Absence\Plexiform_Neurofibroma_with_Sphenoid_Wing_Absence071.jpg,Plexiform Neurofibroma with Sphenoid Wing Absence
C:\Users\HishamMo\Desktop\999_cs\Quantum_Inpired_PSO_Classifcation\MRI_dataset\Plexiform Neurofibroma with Sphenoid Wing Absence\Plexiform_Neurofibroma_with_Sphenoid_Wing_Absence072.jpg,Plexiform Neurofibroma with Sphenoid Wing Absence
C:\Users\HishamMo\Desktop\999_cs\Quantum_Inpired_PSO_Classifcation\MRI_dataset\Plexiform Neurofibroma with Sphenoid Wing Absence\Plexiform_Neurofibroma_with_Sphenoid_Wing_Absence073.jpg,Plexiform Neurofibroma with Sphenoid Wing Absence
C:\Users\HishamMo\Desktop\999_cs\Quantum_Inpired_PSO_Classifcation\MRI_dataset\Plexiform Neurofibroma with Sphenoid Wing Absence\Plexiform_Neurofibroma_with_Sphenoid_Wing_Absence074.jpg,Plexiform Neurofibroma with Sphenoid Wing Absence
C:\Users\HishamMo\Desktop\999_cs\Quantum_Inpired_PSO_Classifcation\MRI_dataset\Plexiform Neurofibroma with Sphenoid Wing Absence\Plexiform_Neurofibroma_with_Sphenoid_Wing_Absence075.jpg,Plexiform Neurofibroma with Sphenoid Wing Absence
C:\Users\HishamMo\Desktop\999_cs\Quantum_Inpired_PSO_Classifcation\MRI_dataset\Plexiform Neurofibroma with Sphenoid Wing Absence\Plexiform_Neurofibroma_with_Sphenoid_Wing_Absence076.jpg,Plexiform Neurofibroma with Sphenoid Wing Absence
C:\Users\HishamMo\Desktop\999_cs\Quantum_Inpired_PSO_Classifcation\MRI_dataset\Plexiform Neurofibroma with Sphenoid Wing Absence\Plexiform_Neurofibroma_with_Sphenoid_Wing_Absence077.jpg,Plexiform Neurofibroma with Sphenoid Wing Absence
C:\Users\HishamMo\Desktop\999_cs\Quantum_Inpired_PSO_Classifcation\MRI_dataset\Plexiform Neurofibroma with Sphenoid Wing Absence\Plexiform_Neurofibroma_with_Sphenoid_Wing_Absence078.jpg,Plexiform Neurofibroma with Sphenoid Wing Absence
C:\Users\HishamMo\Desktop\999_cs\Quantum_Inpired_PSO_Classifcation\MRI_dataset\Plexiform Neurofibroma with Sphenoid Wing Absence\Plexiform_Neurofibroma_with_Sphenoid_Wing_Absence079.jpg,Plexiform Neurofibroma with Sphenoid Wing Absence
C:\Users\HishamMo\Desktop\999_cs\Quantum_Inpired_PSO_Classifcation\MRI_dataset\Plexiform Neurofibroma with Sphenoid Wing Absence\Plexiform_Neurofibroma_with_Sphenoid_Wing_Absence080.jpg,Plexiform Neurofibroma with Sphenoid Wing Absence
C:\Users\HishamMo\Desktop\999_cs\Quantum_Inpired_PSO_Classifcation\MRI_dataset\Plexiform Neurofibroma with Sphenoid Wing Absence\Plexiform_Neurofibroma_with_Sphenoid_Wing_Absence081.jpg,Plexiform Neurofibroma with Sphenoid Wing Absence
C:\Users\HishamMo\Desktop\999_cs\Quantum_Inpired_PSO_Classifcation\MRI_dataset\Plexiform Neurofibroma with Sphenoid Wing Absence\Plexiform_Neurofibroma_with_Sphenoid_Wing_Absence082.jpg,Plexiform Neurofibroma with Sphenoid Wing Absence
C:\Users\HishamMo\Desktop\999_cs\Quantum_Inpired_PSO_Classifcation\MRI_dataset\Plexiform Neurofibroma with Sphenoid Wing Absence\Plexiform_Neurofibroma_with_Sphenoid_Wing_Absence083.jpg,Plexiform Neurofibroma with Sphenoid Wing Absence
C:\Users\HishamMo\Desktop\999_cs\Quantum_Inpired_PSO_Classifcation\MRI_dataset\Plexiform Neurofibroma with Sphenoid Wing Absence\Plexiform_Neurofibroma_with_Sphenoid_Wing_Absence084.jpg,Plexiform Neurofibroma with Sphenoid Wing Absence
C:\Users\HishamMo\Desktop\999_cs\Quantum_Inpired_PSO_Classifcation\MRI_dataset\Plexiform Neurofibroma with Sphenoid Wing Absence\Plexiform_Neurofibroma_with_Sphenoid_Wing_Absence085.jpg,Plexiform Neurofibroma with Sphenoid Wing Absence
C:\Users\HishamMo\Desktop\999_cs\Quantum_Inpired_PSO_Classifcation\MRI_dataset\Plexiform Neurofibroma with Sphenoid Wing Absence\Plexiform_Neurofibroma_with_Sphenoid_Wing_Absence086.jpg,Plexiform Neurofibroma with Sphenoid Wing Absence
C:\Users\HishamMo\Desktop\999_cs\Quantum_Inpired_PSO_Classifcation\MRI_dataset\Plexiform Neurofibroma with Sphenoid Wing Absence\Plexiform_Neurofibroma_with_Sphenoid_Wing_Absence087.jpg,Plexiform Neurofibroma with Sphenoid Wing Absence
C:\Users\HishamMo\Desktop\999_cs\Quantum_Inpired_PSO_Classifcation\MRI_dataset\Plexiform Neurofibroma with Sphenoid Wing Absence\Plexiform_Neurofibroma_with_Sphenoid_Wing_Absence088.jpg,Plexiform Neurofibroma with Sphenoid Wing Absence
C:\Users\HishamMo\Desktop\999_cs\Quantum_Inpired_PSO_Classifcation\MRI_dataset\Plexiform Neurofibroma with Sphenoid Wing Absence\Plexiform_Neurofibroma_with_Sphenoid_Wing_Absence089.jpg,Plexiform Neurofibroma with Sphenoid Wing Absence
C:\Users\HishamMo\Desktop\999_cs\Quantum_Inpired_PSO_Classifcation\MRI_dataset\Plexiform Neurofibroma with Sphenoid Wing Absence\Plexiform_Neurofibroma_with_Sphenoid_Wing_Absence090.jpg,Plexiform Neurofibroma with Sphenoid Wing Absence
C:\Users\HishamMo\Desktop\999_cs\Quantum_Inpired_PSO_Classifcation\MRI_dataset\Plexiform Neurofibroma with Sphenoid Wing Absence\Plexiform_Neurofibroma_with_Sphenoid_Wing_Absence091.jpg,Plexiform Neurofibroma with Sphenoid Wing Absence
C:\Users\HishamMo\Desktop\999_cs\Quantum_Inpired_PSO_Classifcation\MRI_dataset\Plexiform Neurofibroma with Sphenoid Wing Absence\Plexiform_Neurofibroma_with_Sphenoid_Wing_Absence092.jpg,Plexiform Neurofibroma with Sphenoid Wing Absence
C:\Users\HishamMo\Desktop\999_cs\Quantum_Inpired_PSO_Classifcation\MRI_dataset\Plexiform Neurofibroma with Sphenoid Wing Absence\Plexiform_Neurofibroma_with_Sphenoid_Wing_Absence093.jpg,Plexiform Neurofibroma with Sphenoid Wing Absence
C:\Users\HishamMo\Desktop\999_cs\Quantum_Inpired_PSO_Classifcation\MRI_dataset\Plexiform Neurofibroma with Sphenoid Wing Absence\Plexiform_Neurofibroma_with_Sphenoid_Wing_Absence094.jpg,Plexiform Neurofibroma with Sphenoid Wing Absence
C:\Users\HishamMo\Desktop\999_cs\Quantum_Inpired_PSO_Classifcation\MRI_dataset\Plexiform Neurofibroma with Sphenoid Wing Absence\Plexiform_Neurofibroma_with_Sphenoid_Wing_Absence095.jpg,Plexiform Neurofibroma with Sphenoid Wing Absence
C:\Users\HishamMo\Desktop\999_cs\Quantum_Inpired_PSO_Classifcation\MRI_dataset\Plexiform Neurofibroma with Sphenoid Wing Absence\Plexiform_Neurofibroma_with_Sphenoid_Wing_Absence096.jpg,Plexiform Neurofibroma with Sphenoid Wing Absence
C:\Users\HishamMo\Desktop\999_cs\Quantum_Inpired_PSO_Classifcation\MRI_dataset\Plexiform Neurofibroma with Sphenoid Wing Absence\Plexiform_Neurofibroma_with_Sphenoid_Wing_Absence097.jpg,Plexiform Neurofibroma with Sphenoid Wing Absence
C:\Users\HishamMo\Desktop\999_cs\Quantum_Inpired_PSO_Classifcation\MRI_dataset\Plexiform Neurofibroma with Sphenoid Wing Absence\Plexiform_Neurofibroma_with_Sphenoid_Wing_Absence098.jpg,Plexiform Neurofibroma with Sphenoid Wing Absence
C:\Users\HishamMo\Desktop\999_cs\Quantum_Inpired_PSO_Classifcation\MRI_dataset\Plexiform Neurofibroma with Sphenoid Wing Absence\Plexiform_Neurofibroma_with_Sphenoid_Wing_Absence099.jpg,Plexiform Neurofibroma with Sphenoid Wing Absence
C:\Users\HishamMo\Desktop\999_cs\Quantum_Inpired_PSO_Classifcation\MRI_dataset\Plexiform Neurofibroma with Sphenoid Wing Absence\Plexiform_Neurofibroma_with_Sphenoid_Wing_Absence100.jpg,Plexiform Neurofibroma with Sphenoid Wing Absence
C:\Users\HishamMo\Desktop\999_cs\Quantum_Inpired_PSO_Classifcation\MRI_dataset\Plexiform Neurofibroma with Sphenoid Wing Absence\Plexiform_Neurofibroma_with_Sphenoid_Wing_Absence1000.jpg,Plexiform Neurofibroma with Sphenoid Wing Absence
C:\Users\HishamMo\Desktop\999_cs\Quantum_Inpired_PSO_Classifcation\MRI_dataset\Plexiform Neurofibroma with Sphenoid Wing Absence\Plexiform_Neurofibroma_with_Sphenoid_Wing_Absence1001.jpg,Plexiform Neurofibroma with Sphenoid Wing Absence
C:\Users\HishamMo\Desktop\999_cs\Quantum_Inpired_PSO_Classifcation\MRI_dataset\Plexiform Neurofibroma with Sphenoid Wing Absence\Plexiform_Neurofibroma_with_Sphenoid_Wing_Absence1002.jpg,Plexiform Neurofibroma with Sphenoid Wing Absence
C:\Users\HishamMo\Desktop\999_cs\Quantum_Inpired_PSO_Classifcation\MRI_dataset\Plexiform Neurofibroma with Sphenoid Wing Absence\Plexiform_Neurofibroma_with_Sphenoid_Wing_Absence1003.jpg,Plexiform Neurofibroma with Sphenoid Wing Absence
C:\Users\HishamMo\Desktop\999_cs\Quantum_Inpired_PSO_Classifcation\MRI_dataset\Plexiform Neurofibroma with Sphenoid Wing Absence\Plexiform_Neurofibroma_with_Sphenoid_Wing_Absence1004.jpg,Plexiform Neurofibroma with Sphenoid Wing Absence
C:\Users\HishamMo\Desktop\999_cs\Quantum_Inpired_PSO_Classifcation\MRI_dataset\Plexiform Neurofibroma with Sphenoid Wing Absence\Plexiform_Neurofibroma_with_Sphenoid_Wing_Absence1005.jpg,Plexiform Neurofibroma with Sphenoid Wing Absence
C:\Users\HishamMo\Desktop\999_cs\Quantum_Inpired_PSO_Classifcation\MRI_dataset\Plexiform Neurofibroma with Sphenoid Wing Absence\Plexiform_Neurofibroma_with_Sphenoid_Wing_Absence1006.jpg,Plexiform Neurofibroma with Sphenoid Wing Absence
C:\Users\HishamMo\Desktop\999_cs\Quantum_Inpired_PSO_Classifcation\MRI_dataset\Plexiform Neurofibroma with Sphenoid Wing Absence\Plexiform_Neurofibroma_with_Sphenoid_Wing_Absence1007.jpg,Plexiform Neurofibroma with Sphenoid Wing Absence
C:\Users\HishamMo\Desktop\999_cs\Quantum_Inpired_PSO_Classifcation\MRI_dataset\Plexiform Neurofibroma with Sphenoid Wing Absence\Plexiform_Neurofibroma_with_Sphenoid_Wing_Absence1008.jpg,Plexiform Neurofibroma with Sphenoid Wing Absence
C:\Users\HishamMo\Desktop\999_cs\Quantum_Inpired_PSO_Classifcation\MRI_dataset\Plexiform Neurofibroma with Sphenoid Wing Absence\Plexiform_Neurofibroma_with_Sphenoid_Wing_Absence1009.jpg,Plexiform Neurofibroma with Sphenoid Wing Absence
C:\Users\HishamMo\Desktop\999_cs\Quantum_Inpired_PSO_Classifcation\MRI_dataset\Plexiform Neurofibroma with Sphenoid Wing Absence\Plexiform_Neurofibroma_with_Sphenoid_Wing_Absence101.jpg,Plexiform Neurofibroma with Sphenoid Wing Absence
C:\Users\HishamMo\Desktop\999_cs\Quantum_Inpired_PSO_Classifcation\MRI_dataset\Plexiform Neurofibroma with Sphenoid Wing Absence\Plexiform_Neurofibroma_with_Sphenoid_Wing_Absence1010.jpg,Plexiform Neurofibroma with Sphenoid Wing Absence
C:\Users\HishamMo\Desktop\999_cs\Quantum_Inpired_PSO_Classifcation\MRI_dataset\Plexiform Neurofibroma with Sphenoid Wing Absence\Plexiform_Neurofibroma_with_Sphenoid_Wing_Absence1011.jpg,Plexiform Neurofibroma with Sphenoid Wing Absence
C:\Users\HishamMo\Desktop\999_cs\Quantum_Inpired_PSO_Classifcation\MRI_dataset\Plexiform Neurofibroma with Sphenoid Wing Absence\Plexiform_Neurofibroma_with_Sphenoid_Wing_Absence1012.jpg,Plexiform Neurofibroma with Sphenoid Wing Absence
C:\Users\HishamMo\Desktop\999_cs\Quantum_Inpired_PSO_Classifcation\MRI_dataset\Plexiform Neurofibroma with Sphenoid Wing Absence\Plexiform_Neurofibroma_with_Sphenoid_Wing_Absence1013.jpg,Plexiform Neurofibroma with Sphenoid Wing Absence
C:\Users\HishamMo\Desktop\999_cs\Quantum_Inpired_PSO_Classifcation\MRI_dataset\Plexiform Neurofibroma with Sphenoid Wing Absence\Plexiform_Neurofibroma_with_Sphenoid_Wing_Absence1014.jpg,Plexiform Neurofibroma with Sphenoid Wing Absence
C:\Users\HishamMo\Desktop\999_cs\Quantum_Inpired_PSO_Classifcation\MRI_dataset\Plexiform Neurofibroma with Sphenoid Wing Absence\Plexiform_Neurofibroma_with_Sphenoid_Wing_Absence1015.jpg,Plexiform Neurofibroma with Sphenoid Wing Absence
C:\Users\HishamMo\Desktop\999_cs\Quantum_Inpired_PSO_Classifcation\MRI_dataset\Plexiform Neurofibroma with Sphenoid Wing Absence\Plexiform_Neurofibroma_with_Sphenoid_Wing_Absence1016.jpg,Plexiform Neurofibroma with Sphenoid Wing Absence
C:\Users\HishamMo\Desktop\999_cs\Quantum_Inpired_PSO_Classifcation\MRI_dataset\Plexiform Neurofibroma with Sphenoid Wing Absence\Plexiform_Neurofibroma_with_Sphenoid_Wing_Absence1017.jpg,Plexiform Neurofibroma with Sphenoid Wing Absence
C:\Users\HishamMo\Desktop\999_cs\Quantum_Inpired_PSO_Classifcation\MRI_dataset\Plexiform Neurofibroma with Sphenoid Wing Absence\Plexiform_Neurofibroma_with_Sphenoid_Wing_Absence1018.jpg,Plexiform Neurofibroma with Sphenoid Wing Absence
C:\Users\HishamMo\Desktop\999_cs\Quantum_Inpired_PSO_Classifcation\MRI_dataset\Plexiform Neurofibroma with Sphenoid Wing Absence\Plexiform_Neurofibroma_with_Sphenoid_Wing_Absence1019.jpg,Plexiform Neurofibroma with Sphenoid Wing Absence
C:\Users\HishamMo\Desktop\999_cs\Quantum_Inpired_PSO_Classifcation\MRI_dataset\Plexiform Neurofibroma with Sphenoid Wing Absence\Plexiform_Neurofibroma_with_Sphenoid_Wing_Absence102.jpg,Plexiform Neurofibroma with Sphenoid Wing Absence
C:\Users\HishamMo\Desktop\999_cs\Quantum_Inpired_PSO_Classifcation\MRI_dataset\Plexiform Neurofibroma with Sphenoid Wing Absence\Plexiform_Neurofibroma_with_Sphenoid_Wing_Absence1020.jpg,Plexiform Neurofibroma with Sphenoid Wing Absence
C:\Users\HishamMo\Desktop\999_cs\Quantum_Inpired_PSO_Classifcation\MRI_dataset\Plexiform Neurofibroma with Sphenoid Wing Absence\Plexiform_Neurofibroma_with_Sphenoid_Wing_Absence1021.jpg,Plexiform Neurofibroma with Sphenoid Wing Absence
C:\Users\HishamMo\Desktop\999_cs\Quantum_Inpired_PSO_Classifcation\MRI_dataset\Plexiform Neurofibroma with Sphenoid Wing Absence\Plexiform_Neurofibroma_with_Sphenoid_Wing_Absence1022.jpg,Plexiform Neurofibroma with Sphenoid Wing Absence
C:\Users\HishamMo\Desktop\999_cs\Quantum_Inpired_PSO_Classifcation\MRI_dataset\Plexiform Neurofibroma with Sphenoid Wing Absence\Plexiform_Neurofibroma_with_Sphenoid_Wing_Absence1023.jpg,Plexiform Neurofibroma with Sphenoid Wing Absence
C:\Users\HishamMo\Desktop\999_cs\Quantum_Inpired_PSO_Classifcation\MRI_dataset\Plexiform Neurofibroma with Sphenoid Wing Absence\Plexiform_Neurofibroma_with_Sphenoid_Wing_Absence1024.jpg,Plexiform Neurofibroma with Sphenoid Wing Absence
C:\Users\HishamMo\Desktop\999_cs\Quantum_Inpired_PSO_Classifcation\MRI_dataset\Plexiform Neurofibroma with Sphenoid Wing Absence\Plexiform_Neurofibroma_with_Sphenoid_Wing_Absence1025.jpg,Plexiform Neurofibroma with Sphenoid Wing Absence
C:\Users\HishamMo\Desktop\999_cs\Quantum_Inpired_PSO_Classifcation\MRI_dataset\Plexiform Neurofibroma with Sphenoid Wing Absence\Plexiform_Neurofibroma_with_Sphenoid_Wing_Absence1026.jpg,Plexiform Neurofibroma with Sphenoid Wing Absence
C:\Users\HishamMo\Desktop\999_cs\Quantum_Inpired_PSO_Classifcation\MRI_dataset\Plexiform Neurofibroma with Sphenoid Wing Absence\Plexiform_Neurofibroma_with_Sphenoid_Wing_Absence1027.jpg,Plexiform Neurofibroma with Sphenoid Wing Absence
C:\Users\HishamMo\Desktop\999_cs\Quantum_Inpired_PSO_Classifcation\MRI_dataset\Plexiform Neurofibroma with Sphenoid Wing Absence\Plexiform_Neurofibroma_with_Sphenoid_Wing_Absence1028.jpg,Plexiform Neurofibroma with Sphenoid Wing Absence
C:\Users\HishamMo\Desktop\999_cs\Quantum_Inpired_PSO_Classifcation\MRI_dataset\Plexiform Neurofibroma with Sphenoid Wing Absence\Plexiform_Neurofibroma_with_Sphenoid_Wing_Absence1029.jpg,Plexiform Neurofibroma with Sphenoid Wing Absence
C:\Users\HishamMo\Desktop\999_cs\Quantum_Inpired_PSO_Classifcation\MRI_dataset\Plexiform Neurofibroma with Sphenoid Wing Absence\Plexiform_Neurofibroma_with_Sphenoid_Wing_Absence103.jpg,Plexiform Neurofibroma with Sphenoid Wing Absence
C:\Users\HishamMo\Desktop\999_cs\Quantum_Inpired_PSO_Classifcation\MRI_dataset\Plexiform Neurofibroma with Sphenoid Wing Absence\Plexiform_Neurofibroma_with_Sphenoid_Wing_Absence1030.jpg,Plexiform Neurofibroma with Sphenoid Wing Absence
C:\Users\HishamMo\Desktop\999_cs\Quantum_Inpired_PSO_Classifcation\MRI_dataset\Plexiform Neurofibroma with Sphenoid Wing Absence\Plexiform_Neurofibroma_with_Sphenoid_Wing_Absence1031.jpg,Plexiform Neurofibroma with Sphenoid Wing Absence
C:\Users\HishamMo\Desktop\999_cs\Quantum_Inpired_PSO_Classifcation\MRI_dataset\Plexiform Neurofibroma with Sphenoid Wing Absence\Plexiform_Neurofibroma_with_Sphenoid_Wing_Absence1032.jpg,Plexiform Neurofibroma with Sphenoid Wing Absence
C:\Users\HishamMo\Desktop\999_cs\Quantum_Inpired_PSO_Classifcation\MRI_dataset\Plexiform Neurofibroma with Sphenoid Wing Absence\Plexiform_Neurofibroma_with_Sphenoid_Wing_Absence1033.jpg,Plexiform Neurofibroma with Sphenoid Wing Absence
C:\Users\HishamMo\Desktop\999_cs\Quantum_Inpired_PSO_Classifcation\MRI_dataset\Plexiform Neurofibroma with Sphenoid Wing Absence\Plexiform_Neurofibroma_with_Sphenoid_Wing_Absence1034.jpg,Plexiform Neurofibroma with Sphenoid Wing Absence
C:\Users\HishamMo\Desktop\999_cs\Quantum_Inpired_PSO_Classifcation\MRI_dataset\Plexiform Neurofibroma with Sphenoid Wing Absence\Plexiform_Neurofibroma_with_Sphenoid_Wing_Absence1035.jpg,Plexiform Neurofibroma with Sphenoid Wing Absence
C:\Users\HishamMo\Desktop\999_cs\Quantum_Inpired_PSO_Classifcation\MRI_dataset\Plexiform Neurofibroma with Sphenoid Wing Absence\Plexiform_Neurofibroma_with_Sphenoid_Wing_Absence1036.jpg,Plexiform Neurofibroma with Sphenoid Wing Absence
C:\Users\HishamMo\Desktop\999_cs\Quantum_Inpired_PSO_Classifcation\MRI_dataset\Plexiform Neurofibroma with Sphenoid Wing Absence\Plexiform_Neurofibroma_with_Sphenoid_Wing_Absence1037.jpg,Plexiform Neurofibroma with Sphenoid Wing Absence
C:\Users\HishamMo\Desktop\999_cs\Quantum_Inpired_PSO_Classifcation\MRI_dataset\Plexiform Neurofibroma with Sphenoid Wing Absence\Plexiform_Neurofibroma_with_Sphenoid_Wing_Absence1038.jpg,Plexiform Neurofibroma with Sphenoid Wing Absence
C:\Users\HishamMo\Desktop\999_cs\Quantum_Inpired_PSO_Classifcation\MRI_dataset\Plexiform Neurofibroma with Sphenoid Wing Absence\Plexiform_Neurofibroma_with_Sphenoid_Wing_Absence1039.jpg,Plexiform Neurofibroma with Sphenoid Wing Absence
C:\Users\HishamMo\Desktop\999_cs\Quantum_Inpired_PSO_Classifcation\MRI_dataset\Plexiform Neurofibroma with Sphenoid Wing Absence\Plexiform_Neurofibroma_with_Sphenoid_Wing_Absence104.jpg,Plexiform Neurofibroma with Sphenoid Wing Absence
C:\Users\HishamMo\Desktop\999_cs\Quantum_Inpired_PSO_Classifcation\MRI_dataset\Plexiform Neurofibroma with Sphenoid Wing Absence\Plexiform_Neurofibroma_with_Sphenoid_Wing_Absence1040.jpg,Plexiform Neurofibroma with Sphenoid Wing Absence
C:\Users\HishamMo\Desktop\999_cs\Quantum_Inpired_PSO_Classifcation\MRI_dataset\Plexiform Neurofibroma with Sphenoid Wing Absence\Plexiform_Neurofibroma_with_Sphenoid_Wing_Absence1041.jpg,Plexiform Neurofibroma with Sphenoid Wing Absence
C:\Users\HishamMo\Desktop\999_cs\Quantum_Inpired_PSO_Classifcation\MRI_dataset\Plexiform Neurofibroma with Sphenoid Wing Absence\Plexiform_Neurofibroma_with_Sphenoid_Wing_Absence1042.jpg,Plexiform Neurofibroma with Sphenoid Wing Absence
C:\Users\HishamMo\Desktop\999_cs\Quantum_Inpired_PSO_Classifcation\MRI_dataset\Plexiform Neurofibroma with Sphenoid Wing Absence\Plexiform_Neurofibroma_with_Sphenoid_Wing_Absence1043.jpg,Plexiform Neurofibroma with Sphenoid Wing Absence
C:\Users\HishamMo\Desktop\999_cs\Quantum_Inpired_PSO_Classifcation\MRI_dataset\Plexiform Neurofibroma with Sphenoid Wing Absence\Plexiform_Neurofibroma_with_Sphenoid_Wing_Absence1044.jpg,Plexiform Neurofibroma with Sphenoid Wing Absence
C:\Users\HishamMo\Desktop\999_cs\Quantum_Inpired_PSO_Classifcation\MRI_dataset\Plexiform Neurofibroma with Sphenoid Wing Absence\Plexiform_Neurofibroma_with_Sphenoid_Wing_Absence1045.jpg,Plexiform Neurofibroma with Sphenoid Wing Absence
C:\Users\HishamMo\Desktop\999_cs\Quantum_Inpired_PSO_Classifcation\MRI_dataset\Plexiform Neurofibroma with Sphenoid Wing Absence\Plexiform_Neurofibroma_with_Sphenoid_Wing_Absence1046.jpg,Plexiform Neurofibroma with Sphenoid Wing Absence
C:\Users\HishamMo\Desktop\999_cs\Quantum_Inpired_PSO_Classifcation\MRI_dataset\Plexiform Neurofibroma with Sphenoid Wing Absence\Plexiform_Neurofibroma_with_Sphenoid_Wing_Absence1047.jpg,Plexiform Neurofibroma with Sphenoid Wing Absence
C:\Users\HishamMo\Desktop\999_cs\Quantum_Inpired_PSO_Classifcation\MRI_dataset\Plexiform Neurofibroma with Sphenoid Wing Absence\Plexiform_Neurofibroma_with_Sphenoid_Wing_Absence1048.jpg,Plexiform Neurofibroma with Sphenoid Wing Absence
C:\Users\HishamMo\Desktop\999_cs\Quantum_Inpired_PSO_Classifcation\MRI_dataset\Plexiform Neurofibroma with Sphenoid Wing Absence\Plexiform_Neurofibroma_with_Sphenoid_Wing_Absence105.jpg,Plexiform Neurofibroma with Sphenoid Wing Absence
C:\Users\HishamMo\Desktop\999_cs\Quantum_Inpired_PSO_Classifcation\MRI_dataset\Plexiform Neurofibroma with Sphenoid Wing Absence\Plexiform_Neurofibroma_with_Sphenoid_Wing_Absence106.jpg,Plexiform Neurofibroma with Sphenoid Wing Absence
C:\Users\HishamMo\Desktop\999_cs\Quantum_Inpired_PSO_Classifcation\MRI_dataset\Plexiform Neurofibroma with Sphenoid Wing Absence\Plexiform_Neurofibroma_with_Sphenoid_Wing_Absence107.jpg,Plexiform Neurofibroma with Sphenoid Wing Absence
C:\Users\HishamMo\Desktop\999_cs\Quantum_Inpired_PSO_Classifcation\MRI_dataset\Plexiform Neurofibroma with Sphenoid Wing Absence\Plexiform_Neurofibroma_with_Sphenoid_Wing_Absence108.jpg,Plexiform Neurofibroma with Sphenoid Wing Absence
C:\Users\HishamMo\Desktop\999_cs\Quantum_Inpired_PSO_Classifcation\MRI_dataset\Plexiform Neurofibroma with Sphenoid Wing Absence\Plexiform_Neurofibroma_with_Sphenoid_Wing_Absence109.jpg,Plexiform Neurofibroma with Sphenoid Wing Absence
C:\Users\HishamMo\Desktop\999_cs\Quantum_Inpired_PSO_Classifcation\MRI_dataset\Plexiform Neurofibroma with Sphenoid Wing Absence\Plexiform_Neurofibroma_with_Sphenoid_Wing_Absence110.jpg,Plexiform Neurofibroma with Sphenoid Wing Absence
C:\Users\HishamMo\Desktop\999_cs\Quantum_Inpired_PSO_Classifcation\MRI_dataset\Plexiform Neurofibroma with Sphenoid Wing Absence\Plexiform_Neurofibroma_with_Sphenoid_Wing_Absence111.jpg,Plexiform Neurofibroma with Sphenoid Wing Absence
C:\Users\HishamMo\Desktop\999_cs\Quantum_Inpired_PSO_Classifcation\MRI_dataset\Plexiform Neurofibroma with Sphenoid Wing Absence\Plexiform_Neurofibroma_with_Sphenoid_Wing_Absence112.jpg,Plexiform Neurofibroma with Sphenoid Wing Absence
C:\Users\HishamMo\Desktop\999_cs\Quantum_Inpired_PSO_Classifcation\MRI_dataset\Plexiform Neurofibroma with Sphenoid Wing Absence\Plexiform_Neurofibroma_with_Sphenoid_Wing_Absence113.jpg,Plexiform Neurofibroma with Sphenoid Wing Absence
C:\Users\HishamMo\Desktop\999_cs\Quantum_Inpired_PSO_Classifcation\MRI_dataset\Plexiform Neurofibroma with Sphenoid Wing Absence\Plexiform_Neurofibroma_with_Sphenoid_Wing_Absence114.jpg,Plexiform Neurofibroma with Sphenoid Wing Absence
C:\Users\HishamMo\Desktop\999_cs\Quantum_Inpired_PSO_Classifcation\MRI_dataset\Plexiform Neurofibroma with Sphenoid Wing Absence\Plexiform_Neurofibroma_with_Sphenoid_Wing_Absence115.jpg,Plexiform Neurofibroma with Sphenoid Wing Absence
C:\Users\HishamMo\Desktop\999_cs\Quantum_Inpired_PSO_Classifcation\MRI_dataset\Plexiform Neurofibroma with Sphenoid Wing Absence\Plexiform_Neurofibroma_with_Sphenoid_Wing_Absence116.jpg,Plexiform Neurofibroma with Sphenoid Wing Absence
C:\Users\HishamMo\Desktop\999_cs\Quantum_Inpired_PSO_Classifcation\MRI_dataset\Plexiform Neurofibroma with Sphenoid Wing Absence\Plexiform_Neurofibroma_with_Sphenoid_Wing_Absence117.jpg,Plexiform Neurofibroma with Sphenoid Wing Absence
C:\Users\HishamMo\Desktop\999_cs\Quantum_Inpired_PSO_Classifcation\MRI_dataset\Plexiform Neurofibroma with Sphenoid Wing Absence\Plexiform_Neurofibroma_with_Sphenoid_Wing_Absence118.jpg,Plexiform Neurofibroma with Sphenoid Wing Absence
C:\Users\HishamMo\Desktop\999_cs\Quantum_Inpired_PSO_Classifcation\MRI_dataset\Plexiform Neurofibroma with Sphenoid Wing Absence\Plexiform_Neurofibroma_with_Sphenoid_Wing_Absence119.jpg,Plexiform Neurofibroma with Sphenoid Wing Absence
C:\Users\HishamMo\Desktop\999_cs\Quantum_Inpired_PSO_Classifcation\MRI_dataset\Plexiform Neurofibroma with Sphenoid Wing Absence\Plexiform_Neurofibroma_with_Sphenoid_Wing_Absence120.jpg,Plexiform Neurofibroma with Sphenoid Wing Absence
C:\Users\HishamMo\Desktop\999_cs\Quantum_Inpired_PSO_Classifcation\MRI_dataset\Plexiform Neurofibroma with Sphenoid Wing Absence\Plexiform_Neurofibroma_with_Sphenoid_Wing_Absence121.jpg,Plexiform Neurofibroma with Sphenoid Wing Absence
C:\Users\HishamMo\Desktop\999_cs\Quantum_Inpired_PSO_Classifcation\MRI_dataset\Plexiform Neurofibroma with Sphenoid Wing Absence\Plexiform_Neurofibroma_with_Sphenoid_Wing_Absence122.jpg,Plexiform Neurofibroma with Sphenoid Wing Absence
C:\Users\HishamMo\Desktop\999_cs\Quantum_Inpired_PSO_Classifcation\MRI_dataset\Plexiform Neurofibroma with Sphenoid Wing Absence\Plexiform_Neurofibroma_with_Sphenoid_Wing_Absence123.jpg,Plexiform Neurofibroma with Sphenoid Wing Absence
C:\Users\HishamMo\Desktop\999_cs\Quantum_Inpired_PSO_Classifcation\MRI_dataset\Plexiform Neurofibroma with Sphenoid Wing Absence\Plexiform_Neurofibroma_with_Sphenoid_Wing_Absence124.jpg,Plexiform Neurofibroma with Sphenoid Wing Absence
C:\Users\HishamMo\Desktop\999_cs\Quantum_Inpired_PSO_Classifcation\MRI_dataset\Plexiform Neurofibroma with Sphenoid Wing Absence\Plexiform_Neurofibroma_with_Sphenoid_Wing_Absence125.jpg,Plexiform Neurofibroma with Sphenoid Wing Absence
C:\Users\HishamMo\Desktop\999_cs\Quantum_Inpired_PSO_Classifcation\MRI_dataset\Plexiform Neurofibroma with Sphenoid Wing Absence\Plexiform_Neurofibroma_with_Sphenoid_Wing_Absence126.jpg,Plexiform Neurofibroma with Sphenoid Wing Absence
C:\Users\HishamMo\Desktop\999_cs\Quantum_Inpired_PSO_Classifcation\MRI_dataset\Plexiform Neurofibroma with Sphenoid Wing Absence\Plexiform_Neurofibroma_with_Sphenoid_Wing_Absence127.jpg,Plexiform Neurofibroma with Sphenoid Wing Absence
C:\Users\HishamMo\Desktop\999_cs\Quantum_Inpired_PSO_Classifcation\MRI_dataset\Plexiform Neurofibroma with Sphenoid Wing Absence\Plexiform_Neurofibroma_with_Sphenoid_Wing_Absence128.jpg,Plexiform Neurofibroma with Sphenoid Wing Absence
C:\Users\HishamMo\Desktop\999_cs\Quantum_Inpired_PSO_Classifcation\MRI_dataset\Plexiform Neurofibroma with Sphenoid Wing Absence\Plexiform_Neurofibroma_with_Sphenoid_Wing_Absence129.jpg,Plexiform Neurofibroma with Sphenoid Wing Absence
C:\Users\HishamMo\Desktop\999_cs\Quantum_Inpired_PSO_Classifcation\MRI_dataset\Plexiform Neurofibroma with Sphenoid Wing Absence\Plexiform_Neurofibroma_with_Sphenoid_Wing_Absence130.jpg,Plexiform Neurofibroma with Sphenoid Wing Absence
C:\Users\HishamMo\Desktop\999_cs\Quantum_Inpired_PSO_Classifcation\MRI_dataset\Plexiform Neurofibroma with Sphenoid Wing Absence\Plexiform_Neurofibroma_with_Sphenoid_Wing_Absence131.jpg,Plexiform Neurofibroma with Sphenoid Wing Absence
C:\Users\HishamMo\Desktop\999_cs\Quantum_Inpired_PSO_Classifcation\MRI_dataset\Plexiform Neurofibroma with Sphenoid Wing Absence\Plexiform_Neurofibroma_with_Sphenoid_Wing_Absence132.jpg,Plexiform Neurofibroma with Sphenoid Wing Absence
C:\Users\HishamMo\Desktop\999_cs\Quantum_Inpired_PSO_Classifcation\MRI_dataset\Plexiform Neurofibroma with Sphenoid Wing Absence\Plexiform_Neurofibroma_with_Sphenoid_Wing_Absence133.jpg,Plexiform Neurofibroma with Sphenoid Wing Absence
C:\Users\HishamMo\Desktop\999_cs\Quantum_Inpired_PSO_Classifcation\MRI_dataset\Plexiform Neurofibroma with Sphenoid Wing Absence\Plexiform_Neurofibroma_with_Sphenoid_Wing_Absence134.jpg,Plexiform Neurofibroma with Sphenoid Wing Absence
C:\Users\HishamMo\Desktop\999_cs\Quantum_Inpired_PSO_Classifcation\MRI_dataset\Plexiform Neurofibroma with Sphenoid Wing Absence\Plexiform_Neurofibroma_with_Sphenoid_Wing_Absence135.jpg,Plexiform Neurofibroma with Sphenoid Wing Absence
C:\Users\HishamMo\Desktop\999_cs\Quantum_Inpired_PSO_Classifcation\MRI_dataset\Plexiform Neurofibroma with Sphenoid Wing Absence\Plexiform_Neurofibroma_with_Sphenoid_Wing_Absence136.jpg,Plexiform Neurofibroma with Sphenoid Wing Absence
C:\Users\HishamMo\Desktop\999_cs\Quantum_Inpired_PSO_Classifcation\MRI_dataset\Plexiform Neurofibroma with Sphenoid Wing Absence\Plexiform_Neurofibroma_with_Sphenoid_Wing_Absence137.jpg,Plexiform Neurofibroma with Sphenoid Wing Absence
C:\Users\HishamMo\Desktop\999_cs\Quantum_Inpired_PSO_Classifcation\MRI_dataset\Plexiform Neurofibroma with Sphenoid Wing Absence\Plexiform_Neurofibroma_with_Sphenoid_Wing_Absence138.jpg,Plexiform Neurofibroma with Sphenoid Wing Absence
C:\Users\HishamMo\Desktop\999_cs\Quantum_Inpired_PSO_Classifcation\MRI_dataset\Plexiform Neurofibroma with Sphenoid Wing Absence\Plexiform_Neurofibroma_with_Sphenoid_Wing_Absence139.jpg,Plexiform Neurofibroma with Sphenoid Wing Absence
C:\Users\HishamMo\Desktop\999_cs\Quantum_Inpired_PSO_Classifcation\MRI_dataset\Plexiform Neurofibroma with Sphenoid Wing Absence\Plexiform_Neurofibroma_with_Sphenoid_Wing_Absence140.jpg,Plexiform Neurofibroma with Sphenoid Wing Absence
C:\Users\HishamMo\Desktop\999_cs\Quantum_Inpired_PSO_Classifcation\MRI_dataset\Plexiform Neurofibroma with Sphenoid Wing Absence\Plexiform_Neurofibroma_with_Sphenoid_Wing_Absence141.jpg,Plexiform Neurofibroma with Sphenoid Wing Absence
C:\Users\HishamMo\Desktop\999_cs\Quantum_Inpired_PSO_Classifcation\MRI_dataset\Plexiform Neurofibroma with Sphenoid Wing Absence\Plexiform_Neurofibroma_with_Sphenoid_Wing_Absence142.jpg,Plexiform Neurofibroma with Sphenoid Wing Absence
C:\Users\HishamMo\Desktop\999_cs\Quantum_Inpired_PSO_Classifcation\MRI_dataset\Plexiform Neurofibroma with Sphenoid Wing Absence\Plexiform_Neurofibroma_with_Sphenoid_Wing_Absence143.jpg,Plexiform Neurofibroma with Sphenoid Wing Absence
C:\Users\HishamMo\Desktop\999_cs\Quantum_Inpired_PSO_Classifcation\MRI_dataset\Plexiform Neurofibroma with Sphenoid Wing Absence\Plexiform_Neurofibroma_with_Sphenoid_Wing_Absence144.jpg,Plexiform Neurofibroma with Sphenoid Wing Absence
C:\Users\HishamMo\Desktop\999_cs\Quantum_Inpired_PSO_Classifcation\MRI_dataset\Plexiform Neurofibroma with Sphenoid Wing Absence\Plexiform_Neurofibroma_with_Sphenoid_Wing_Absence145.jpg,Plexiform Neurofibroma with Sphenoid Wing Absence
C:\Users\HishamMo\Desktop\999_cs\Quantum_Inpired_PSO_Classifcation\MRI_dataset\Plexiform Neurofibroma with Sphenoid Wing Absence\Plexiform_Neurofibroma_with_Sphenoid_Wing_Absence146.jpg,Plexiform Neurofibroma with Sphenoid Wing Absence
C:\Users\HishamMo\Desktop\999_cs\Quantum_Inpired_PSO_Classifcation\MRI_dataset\Plexiform Neurofibroma with Sphenoid Wing Absence\Plexiform_Neurofibroma_with_Sphenoid_Wing_Absence147.jpg,Plexiform Neurofibroma with Sphenoid Wing Absence
C:\Users\HishamMo\Desktop\999_cs\Quantum_Inpired_PSO_Classifcation\MRI_dataset\Plexiform Neurofibroma with Sphenoid Wing Absence\Plexiform_Neurofibroma_with_Sphenoid_Wing_Absence148.jpg,Plexiform Neurofibroma with Sphenoid Wing Absence
C:\Users\HishamMo\Desktop\999_cs\Quantum_Inpired_PSO_Classifcation\MRI_dataset\Plexiform Neurofibroma with Sphenoid Wing Absence\Plexiform_Neurofibroma_with_Sphenoid_Wing_Absence149.jpg,Plexiform Neurofibroma with Sphenoid Wing Absence
C:\Users\HishamMo\Desktop\999_cs\Quantum_Inpired_PSO_Classifcation\MRI_dataset\Plexiform Neurofibroma with Sphenoid Wing Absence\Plexiform_Neurofibroma_with_Sphenoid_Wing_Absence150.jpg,Plexiform Neurofibroma with Sphenoid Wing Absence
C:\Users\HishamMo\Desktop\999_cs\Quantum_Inpired_PSO_Classifcation\MRI_dataset\Plexiform Neurofibroma with Sphenoid Wing Absence\Plexiform_Neurofibroma_with_Sphenoid_Wing_Absence151.jpg,Plexiform Neurofibroma with Sphenoid Wing Absence
C:\Users\HishamMo\Desktop\999_cs\Quantum_Inpired_PSO_Classifcation\MRI_dataset\Plexiform Neurofibroma with Sphenoid Wing Absence\Plexiform_Neurofibroma_with_Sphenoid_Wing_Absence152.jpg,Plexiform Neurofibroma with Sphenoid Wing Absence
C:\Users\HishamMo\Desktop\999_cs\Quantum_Inpired_PSO_Classifcation\MRI_dataset\Plexiform Neurofibroma with Sphenoid Wing Absence\Plexiform_Neurofibroma_with_Sphenoid_Wing_Absence153.jpg,Plexiform Neurofibroma with Sphenoid Wing Absence
C:\Users\HishamMo\Desktop\999_cs\Quantum_Inpired_PSO_Classifcation\MRI_dataset\Plexiform Neurofibroma with Sphenoid Wing Absence\Plexiform_Neurofibroma_with_Sphenoid_Wing_Absence154.jpg,Plexiform Neurofibroma with Sphenoid Wing Absence
C:\Users\HishamMo\Desktop\999_cs\Quantum_Inpired_PSO_Classifcation\MRI_dataset\Plexiform Neurofibroma with Sphenoid Wing Absence\Plexiform_Neurofibroma_with_Sphenoid_Wing_Absence155.jpg,Plexiform Neurofibroma with Sphenoid Wing Absence
C:\Users\HishamMo\Desktop\999_cs\Quantum_Inpired_PSO_Classifcation\MRI_dataset\Plexiform Neurofibroma with Sphenoid Wing Absence\Plexiform_Neurofibroma_with_Sphenoid_Wing_Absence156.jpg,Plexiform Neurofibroma with Sphenoid Wing Absence
C:\Users\HishamMo\Desktop\999_cs\Quantum_Inpired_PSO_Classifcation\MRI_dataset\Plexiform Neurofibroma with Sphenoid Wing Absence\Plexiform_Neurofibroma_with_Sphenoid_Wing_Absence157.jpg,Plexiform Neurofibroma with Sphenoid Wing Absence
C:\Users\HishamMo\Desktop\999_cs\Quantum_Inpired_PSO_Classifcation\MRI_dataset\Plexiform Neurofibroma with Sphenoid Wing Absence\Plexiform_Neurofibroma_with_Sphenoid_Wing_Absence158.jpg,Plexiform Neurofibroma with Sphenoid Wing Absence
C:\Users\HishamMo\Desktop\999_cs\Quantum_Inpired_PSO_Classifcation\MRI_dataset\Plexiform Neurofibroma with Sphenoid Wing Absence\Plexiform_Neurofibroma_with_Sphenoid_Wing_Absence159.jpg,Plexiform Neurofibroma with Sphenoid Wing Absence
C:\Users\HishamMo\Desktop\999_cs\Quantum_Inpired_PSO_Classifcation\MRI_dataset\Plexiform Neurofibroma with Sphenoid Wing Absence\Plexiform_Neurofibroma_with_Sphenoid_Wing_Absence160.jpg,Plexiform Neurofibroma with Sphenoid Wing Absence
C:\Users\HishamMo\Desktop\999_cs\Quantum_Inpired_PSO_Classifcation\MRI_dataset\Plexiform Neurofibroma with Sphenoid Wing Absence\Plexiform_Neurofibroma_with_Sphenoid_Wing_Absence161.jpg,Plexiform Neurofibroma with Sphenoid Wing Absence
C:\Users\HishamMo\Desktop\999_cs\Quantum_Inpired_PSO_Classifcation\MRI_dataset\Plexiform Neurofibroma with Sphenoid Wing Absence\Plexiform_Neurofibroma_with_Sphenoid_Wing_Absence162.jpg,Plexiform Neurofibroma with Sphenoid Wing Absence
C:\Users\HishamMo\Desktop\999_cs\Quantum_Inpired_PSO_Classifcation\MRI_dataset\Plexiform Neurofibroma with Sphenoid Wing Absence\Plexiform_Neurofibroma_with_Sphenoid_Wing_Absence163.jpg,Plexiform Neurofibroma with Sphenoid Wing Absence
C:\Users\HishamMo\Desktop\999_cs\Quantum_Inpired_PSO_Classifcation\MRI_dataset\Plexiform Neurofibroma with Sphenoid Wing Absence\Plexiform_Neurofibroma_with_Sphenoid_Wing_Absence164.jpg,Plexiform Neurofibroma with Sphenoid Wing Absence
C:\Users\HishamMo\Desktop\999_cs\Quantum_Inpired_PSO_Classifcation\MRI_dataset\Plexiform Neurofibroma with Sphenoid Wing Absence\Plexiform_Neurofibroma_with_Sphenoid_Wing_Absence165.jpg,Plexiform Neurofibroma with Sphenoid Wing Absence
C:\Users\HishamMo\Desktop\999_cs\Quantum_Inpired_PSO_Classifcation\MRI_dataset\Plexiform Neurofibroma with Sphenoid Wing Absence\Plexiform_Neurofibroma_with_Sphenoid_Wing_Absence166.jpg,Plexiform Neurofibroma with Sphenoid Wing Absence
C:\Users\HishamMo\Desktop\999_cs\Quantum_Inpired_PSO_Classifcation\MRI_dataset\Plexiform Neurofibroma with Sphenoid Wing Absence\Plexiform_Neurofibroma_with_Sphenoid_Wing_Absence167.jpg,Plexiform Neurofibroma with Sphenoid Wing Absence
C:\Users\HishamMo\Desktop\999_cs\Quantum_Inpired_PSO_Classifcation\MRI_dataset\Plexiform Neurofibroma with Sphenoid Wing Absence\Plexiform_Neurofibroma_with_Sphenoid_Wing_Absence168.jpg,Plexiform Neurofibroma with Sphenoid Wing Absence
C:\Users\HishamMo\Desktop\999_cs\Quantum_Inpired_PSO_Classifcation\MRI_dataset\Plexiform Neurofibroma with Sphenoid Wing Absence\Plexiform_Neurofibroma_with_Sphenoid_Wing_Absence169.jpg,Plexiform Neurofibroma with Sphenoid Wing Absence
C:\Users\HishamMo\Desktop\999_cs\Quantum_Inpired_PSO_Classifcation\MRI_dataset\Plexiform Neurofibroma with Sphenoid Wing Absence\Plexiform_Neurofibroma_with_Sphenoid_Wing_Absence170.jpg,Plexiform Neurofibroma with Sphenoid Wing Absence
C:\Users\HishamMo\Desktop\999_cs\Quantum_Inpired_PSO_Classifcation\MRI_dataset\Plexiform Neurofibroma with Sphenoid Wing Absence\Plexiform_Neurofibroma_with_Sphenoid_Wing_Absence171.jpg,Plexiform Neurofibroma with Sphenoid Wing Absence
C:\Users\HishamMo\Desktop\999_cs\Quantum_Inpired_PSO_Classifcation\MRI_dataset\Plexiform Neurofibroma with Sphenoid Wing Absence\Plexiform_Neurofibroma_with_Sphenoid_Wing_Absence172.jpg,Plexiform Neurofibroma with Sphenoid Wing Absence
C:\Users\HishamMo\Desktop\999_cs\Quantum_Inpired_PSO_Classifcation\MRI_dataset\Plexiform Neurofibroma with Sphenoid Wing Absence\Plexiform_Neurofibroma_with_Sphenoid_Wing_Absence173.jpg,Plexiform Neurofibroma with Sphenoid Wing Absence
C:\Users\HishamMo\Desktop\999_cs\Quantum_Inpired_PSO_Classifcation\MRI_dataset\Plexiform Neurofibroma with Sphenoid Wing Absence\Plexiform_Neurofibroma_with_Sphenoid_Wing_Absence174.jpg,Plexiform Neurofibroma with Sphenoid Wing Absence
C:\Users\HishamMo\Desktop\999_cs\Quantum_Inpired_PSO_Classifcation\MRI_dataset\Plexiform Neurofibroma with Sphenoid Wing Absence\Plexiform_Neurofibroma_with_Sphenoid_Wing_Absence175.jpg,Plexiform Neurofibroma with Sphenoid Wing Absence
C:\Users\HishamMo\Desktop\999_cs\Quantum_Inpired_PSO_Classifcation\MRI_dataset\Plexiform Neurofibroma with Sphenoid Wing Absence\Plexiform_Neurofibroma_with_Sphenoid_Wing_Absence176.jpg,Plexiform Neurofibroma with Sphenoid Wing Absence
C:\Users\HishamMo\Desktop\999_cs\Quantum_Inpired_PSO_Classifcation\MRI_dataset\Plexiform Neurofibroma with Sphenoid Wing Absence\Plexiform_Neurofibroma_with_Sphenoid_Wing_Absence177.jpg,Plexiform Neurofibroma with Sphenoid Wing Absence
C:\Users\HishamMo\Desktop\999_cs\Quantum_Inpired_PSO_Classifcation\MRI_dataset\Plexiform Neurofibroma with Sphenoid Wing Absence\Plexiform_Neurofibroma_with_Sphenoid_Wing_Absence178.jpg,Plexiform Neurofibroma with Sphenoid Wing Absence
C:\Users\HishamMo\Desktop\999_cs\Quantum_Inpired_PSO_Classifcation\MRI_dataset\Plexiform Neurofibroma with Sphenoid Wing Absence\Plexiform_Neurofibroma_with_Sphenoid_Wing_Absence179.jpg,Plexiform Neurofibroma with Sphenoid Wing Absence
C:\Users\HishamMo\Desktop\999_cs\Quantum_Inpired_PSO_Classifcation\MRI_dataset\Plexiform Neurofibroma with Sphenoid Wing Absence\Plexiform_Neurofibroma_with_Sphenoid_Wing_Absence180.jpg,Plexiform Neurofibroma with Sphenoid Wing Absence
C:\Users\HishamMo\Desktop\999_cs\Quantum_Inpired_PSO_Classifcation\MRI_dataset\Plexiform Neurofibroma with Sphenoid Wing Absence\Plexiform_Neurofibroma_with_Sphenoid_Wing_Absence181.jpg,Plexiform Neurofibroma with Sphenoid Wing Absence
C:\Users\HishamMo\Desktop\999_cs\Quantum_Inpired_PSO_Classifcation\MRI_dataset\Plexiform Neurofibroma with Sphenoid Wing Absence\Plexiform_Neurofibroma_with_Sphenoid_Wing_Absence182.jpg,Plexiform Neurofibroma with Sphenoid Wing Absence
C:\Users\HishamMo\Desktop\999_cs\Quantum_Inpired_PSO_Classifcation\MRI_dataset\Plexiform Neurofibroma with Sphenoid Wing Absence\Plexiform_Neurofibroma_with_Sphenoid_Wing_Absence183.jpg,Plexiform Neurofibroma with Sphenoid Wing Absence
C:\Users\HishamMo\Desktop\999_cs\Quantum_Inpired_PSO_Classifcation\MRI_dataset\Plexiform Neurofibroma with Sphenoid Wing Absence\Plexiform_Neurofibroma_with_Sphenoid_Wing_Absence184.jpg,Plexiform Neurofibroma with Sphenoid Wing Absence
C:\Users\HishamMo\Desktop\999_cs\Quantum_Inpired_PSO_Classifcation\MRI_dataset\Plexiform Neurofibroma with Sphenoid Wing Absence\Plexiform_Neurofibroma_with_Sphenoid_Wing_Absence185.jpg,Plexiform Neurofibroma with Sphenoid Wing Absence
C:\Users\HishamMo\Desktop\999_cs\Quantum_Inpired_PSO_Classifcation\MRI_dataset\Plexiform Neurofibroma with Sphenoid Wing Absence\Plexiform_Neurofibroma_with_Sphenoid_Wing_Absence186.jpg,Plexiform Neurofibroma with Sphenoid Wing Absence
C:\Users\HishamMo\Desktop\999_cs\Quantum_Inpired_PSO_Classifcation\MRI_dataset\Plexiform Neurofibroma with Sphenoid Wing Absence\Plexiform_Neurofibroma_with_Sphenoid_Wing_Absence187.jpg,Plexiform Neurofibroma with Sphenoid Wing Absence
C:\Users\HishamMo\Desktop\999_cs\Quantum_Inpired_PSO_Classifcation\MRI_dataset\Plexiform Neurofibroma with Sphenoid Wing Absence\Plexiform_Neurofibroma_with_Sphenoid_Wing_Absence188.jpg,Plexiform Neurofibroma with Sphenoid Wing Absence
C:\Users\HishamMo\Desktop\999_cs\Quantum_Inpired_PSO_Classifcation\MRI_dataset\Plexiform Neurofibroma with Sphenoid Wing Absence\Plexiform_Neurofibroma_with_Sphenoid_Wing_Absence189.jpg,Plexiform Neurofibroma with Sphenoid Wing Absence
C:\Users\HishamMo\Desktop\999_cs\Quantum_Inpired_PSO_Classifcation\MRI_dataset\Plexiform Neurofibroma with Sphenoid Wing Absence\Plexiform_Neurofibroma_with_Sphenoid_Wing_Absence190.jpg,Plexiform Neurofibroma with Sphenoid Wing Absence
C:\Users\HishamMo\Desktop\999_cs\Quantum_Inpired_PSO_Classifcation\MRI_dataset\Plexiform Neurofibroma with Sphenoid Wing Absence\Plexiform_Neurofibroma_with_Sphenoid_Wing_Absence191.jpg,Plexiform Neurofibroma with Sphenoid Wing Absence
C:\Users\HishamMo\Desktop\999_cs\Quantum_Inpired_PSO_Classifcation\MRI_dataset\Plexiform Neurofibroma with Sphenoid Wing Absence\Plexiform_Neurofibroma_with_Sphenoid_Wing_Absence192.jpg,Plexiform Neurofibroma with Sphenoid Wing Absence
C:\Users\HishamMo\Desktop\999_cs\Quantum_Inpired_PSO_Classifcation\MRI_dataset\Plexiform Neurofibroma with Sphenoid Wing Absence\Plexiform_Neurofibroma_with_Sphenoid_Wing_Absence193.jpg,Plexiform Neurofibroma with Sphenoid Wing Absence
C:\Users\HishamMo\Desktop\999_cs\Quantum_Inpired_PSO_Classifcation\MRI_dataset\Plexiform Neurofibroma with Sphenoid Wing Absence\Plexiform_Neurofibroma_with_Sphenoid_Wing_Absence194.jpg,Plexiform Neurofibroma with Sphenoid Wing Absence
C:\Users\HishamMo\Desktop\999_cs\Quantum_Inpired_PSO_Classifcation\MRI_dataset\Plexiform Neurofibroma with Sphenoid Wing Absence\Plexiform_Neurofibroma_with_Sphenoid_Wing_Absence195.jpg,Plexiform Neurofibroma with Sphenoid Wing Absence
C:\Users\HishamMo\Desktop\999_cs\Quantum_Inpired_PSO_Classifcation\MRI_dataset\Plexiform Neurofibroma with Sphenoid Wing Absence\Plexiform_Neurofibroma_with_Sphenoid_Wing_Absence196.jpg,Plexiform Neurofibroma with Sphenoid Wing Absence
C:\Users\HishamMo\Desktop\999_cs\Quantum_Inpired_PSO_Classifcation\MRI_dataset\Plexiform Neurofibroma with Sphenoid Wing Absence\Plexiform_Neurofibroma_with_Sphenoid_Wing_Absence197.jpg,Plexiform Neurofibroma with Sphenoid Wing Absence
C:\Users\HishamMo\Desktop\999_cs\Quantum_Inpired_PSO_Classifcation\MRI_dataset\Plexiform Neurofibroma with Sphenoid Wing Absence\Plexiform_Neurofibroma_with_Sphenoid_Wing_Absence198.jpg,Plexiform Neurofibroma with Sphenoid Wing Absence
C:\Users\HishamMo\Desktop\999_cs\Quantum_Inpired_PSO_Classifcation\MRI_dataset\Plexiform Neurofibroma with Sphenoid Wing Absence\Plexiform_Neurofibroma_with_Sphenoid_Wing_Absence199.jpg,Plexiform Neurofibroma with Sphenoid Wing Absence
C:\Users\HishamMo\Desktop\999_cs\Quantum_Inpired_PSO_Classifcation\MRI_dataset\Plexiform Neurofibroma with Sphenoid Wing Absence\Plexiform_Neurofibroma_with_Sphenoid_Wing_Absence200.jpg,Plexiform Neurofibroma with Sphenoid Wing Absence
C:\Users\HishamMo\Desktop\999_cs\Quantum_Inpired_PSO_Classifcation\MRI_dataset\Plexiform Neurofibroma with Sphenoid Wing Absence\Plexiform_Neurofibroma_with_Sphenoid_Wing_Absence201.jpg,Plexiform Neurofibroma with Sphenoid Wing Absence
C:\Users\HishamMo\Desktop\999_cs\Quantum_Inpired_PSO_Classifcation\MRI_dataset\Plexiform Neurofibroma with Sphenoid Wing Absence\Plexiform_Neurofibroma_with_Sphenoid_Wing_Absence202.jpg,Plexiform Neurofibroma with Sphenoid Wing Absence
C:\Users\HishamMo\Desktop\999_cs\Quantum_Inpired_PSO_Classifcation\MRI_dataset\Plexiform Neurofibroma with Sphenoid Wing Absence\Plexiform_Neurofibroma_with_Sphenoid_Wing_Absence203.jpg,Plexiform Neurofibroma with Sphenoid Wing Absence
C:\Users\HishamMo\Desktop\999_cs\Quantum_Inpired_PSO_Classifcation\MRI_dataset\Plexiform Neurofibroma with Sphenoid Wing Absence\Plexiform_Neurofibroma_with_Sphenoid_Wing_Absence204.jpg,Plexiform Neurofibroma with Sphenoid Wing Absence
C:\Users\HishamMo\Desktop\999_cs\Quantum_Inpired_PSO_Classifcation\MRI_dataset\Plexiform Neurofibroma with Sphenoid Wing Absence\Plexiform_Neurofibroma_with_Sphenoid_Wing_Absence205.jpg,Plexiform Neurofibroma with Sphenoid Wing Absence
C:\Users\HishamMo\Desktop\999_cs\Quantum_Inpired_PSO_Classifcation\MRI_dataset\Plexiform Neurofibroma with Sphenoid Wing Absence\Plexiform_Neurofibroma_with_Sphenoid_Wing_Absence206.jpg,Plexiform Neurofibroma with Sphenoid Wing Absence
C:\Users\HishamMo\Desktop\999_cs\Quantum_Inpired_PSO_Classifcation\MRI_dataset\Plexiform Neurofibroma with Sphenoid Wing Absence\Plexiform_Neurofibroma_with_Sphenoid_Wing_Absence207.jpg,Plexiform Neurofibroma with Sphenoid Wing Absence
C:\Users\HishamMo\Desktop\999_cs\Quantum_Inpired_PSO_Classifcation\MRI_dataset\Plexiform Neurofibroma with Sphenoid Wing Absence\Plexiform_Neurofibroma_with_Sphenoid_Wing_Absence208.jpg,Plexiform Neurofibroma with Sphenoid Wing Absence
C:\Users\HishamMo\Desktop\999_cs\Quantum_Inpired_PSO_Classifcation\MRI_dataset\Plexiform Neurofibroma with Sphenoid Wing Absence\Plexiform_Neurofibroma_with_Sphenoid_Wing_Absence209.jpg,Plexiform Neurofibroma with Sphenoid Wing Absence
C:\Users\HishamMo\Desktop\999_cs\Quantum_Inpired_PSO_Classifcation\MRI_dataset\Plexiform Neurofibroma with Sphenoid Wing Absence\Plexiform_Neurofibroma_with_Sphenoid_Wing_Absence210.jpg,Plexiform Neurofibroma with Sphenoid Wing Absence
C:\Users\HishamMo\Desktop\999_cs\Quantum_Inpired_PSO_Classifcation\MRI_dataset\Plexiform Neurofibroma with Sphenoid Wing Absence\Plexiform_Neurofibroma_with_Sphenoid_Wing_Absence211.jpg,Plexiform Neurofibroma with Sphenoid Wing Absence
C:\Users\HishamMo\Desktop\999_cs\Quantum_Inpired_PSO_Classifcation\MRI_dataset\Plexiform Neurofibroma with Sphenoid Wing Absence\Plexiform_Neurofibroma_with_Sphenoid_Wing_Absence212.jpg,Plexiform Neurofibroma with Sphenoid Wing Absence
C:\Users\HishamMo\Desktop\999_cs\Quantum_Inpired_PSO_Classifcation\MRI_dataset\Plexiform Neurofibroma with Sphenoid Wing Absence\Plexiform_Neurofibroma_with_Sphenoid_Wing_Absence213.jpg,Plexiform Neurofibroma with Sphenoid Wing Absence
C:\Users\HishamMo\Desktop\999_cs\Quantum_Inpired_PSO_Classifcation\MRI_dataset\Plexiform Neurofibroma with Sphenoid Wing Absence\Plexiform_Neurofibroma_with_Sphenoid_Wing_Absence214.jpg,Plexiform Neurofibroma with Sphenoid Wing Absence
C:\Users\HishamMo\Desktop\999_cs\Quantum_Inpired_PSO_Classifcation\MRI_dataset\Plexiform Neurofibroma with Sphenoid Wing Absence\Plexiform_Neurofibroma_with_Sphenoid_Wing_Absence215.jpg,Plexiform Neurofibroma with Sphenoid Wing Absence
C:\Users\HishamMo\Desktop\999_cs\Quantum_Inpired_PSO_Classifcation\MRI_dataset\Plexiform Neurofibroma with Sphenoid Wing Absence\Plexiform_Neurofibroma_with_Sphenoid_Wing_Absence216.jpg,Plexiform Neurofibroma with Sphenoid Wing Absence
C:\Users\HishamMo\Desktop\999_cs\Quantum_Inpired_PSO_Classifcation\MRI_dataset\Plexiform Neurofibroma with Sphenoid Wing Absence\Plexiform_Neurofibroma_with_Sphenoid_Wing_Absence217.jpg,Plexiform Neurofibroma with Sphenoid Wing Absence
C:\Users\HishamMo\Desktop\999_cs\Quantum_Inpired_PSO_Classifcation\MRI_dataset\Plexiform Neurofibroma with Sphenoid Wing Absence\Plexiform_Neurofibroma_with_Sphenoid_Wing_Absence218.jpg,Plexiform Neurofibroma with Sphenoid Wing Absence
C:\Users\HishamMo\Desktop\999_cs\Quantum_Inpired_PSO_Classifcation\MRI_dataset\Plexiform Neurofibroma with Sphenoid Wing Absence\Plexiform_Neurofibroma_with_Sphenoid_Wing_Absence219.jpg,Plexiform Neurofibroma with Sphenoid Wing Absence
C:\Users\HishamMo\Desktop\999_cs\Quantum_Inpired_PSO_Classifcation\MRI_dataset\Plexiform Neurofibroma with Sphenoid Wing Absence\Plexiform_Neurofibroma_with_Sphenoid_Wing_Absence220.jpg,Plexiform Neurofibroma with Sphenoid Wing Absence
C:\Users\HishamMo\Desktop\999_cs\Quantum_Inpired_PSO_Classifcation\MRI_dataset\Plexiform Neurofibroma with Sphenoid Wing Absence\Plexiform_Neurofibroma_with_Sphenoid_Wing_Absence221.jpg,Plexiform Neurofibroma with Sphenoid Wing Absence
C:\Users\HishamMo\Desktop\999_cs\Quantum_Inpired_PSO_Classifcation\MRI_dataset\Plexiform Neurofibroma with Sphenoid Wing Absence\Plexiform_Neurofibroma_with_Sphenoid_Wing_Absence222.jpg,Plexiform Neurofibroma with Sphenoid Wing Absence
C:\Users\HishamMo\Desktop\999_cs\Quantum_Inpired_PSO_Classifcation\MRI_dataset\Plexiform Neurofibroma with Sphenoid Wing Absence\Plexiform_Neurofibroma_with_Sphenoid_Wing_Absence223.jpg,Plexiform Neurofibroma with Sphenoid Wing Absence
C:\Users\HishamMo\Desktop\999_cs\Quantum_Inpired_PSO_Classifcation\MRI_dataset\Plexiform Neurofibroma with Sphenoid Wing Absence\Plexiform_Neurofibroma_with_Sphenoid_Wing_Absence224.jpg,Plexiform Neurofibroma with Sphenoid Wing Absence
C:\Users\HishamMo\Desktop\999_cs\Quantum_Inpired_PSO_Classifcation\MRI_dataset\Plexiform Neurofibroma with Sphenoid Wing Absence\Plexiform_Neurofibroma_with_Sphenoid_Wing_Absence225.jpg,Plexiform Neurofibroma with Sphenoid Wing Absence
C:\Users\HishamMo\Desktop\999_cs\Quantum_Inpired_PSO_Classifcation\MRI_dataset\Plexiform Neurofibroma with Sphenoid Wing Absence\Plexiform_Neurofibroma_with_Sphenoid_Wing_Absence226.jpg,Plexiform Neurofibroma with Sphenoid Wing Absence
C:\Users\HishamMo\Desktop\999_cs\Quantum_Inpired_PSO_Classifcation\MRI_dataset\Plexiform Neurofibroma with Sphenoid Wing Absence\Plexiform_Neurofibroma_with_Sphenoid_Wing_Absence227.jpg,Plexiform Neurofibroma with Sphenoid Wing Absence
C:\Users\HishamMo\Desktop\999_cs\Quantum_Inpired_PSO_Classifcation\MRI_dataset\Plexiform Neurofibroma with Sphenoid Wing Absence\Plexiform_Neurofibroma_with_Sphenoid_Wing_Absence228.jpg,Plexiform Neurofibroma with Sphenoid Wing Absence
C:\Users\HishamMo\Desktop\999_cs\Quantum_Inpired_PSO_Classifcation\MRI_dataset\Plexiform Neurofibroma with Sphenoid Wing Absence\Plexiform_Neurofibroma_with_Sphenoid_Wing_Absence229.jpg,Plexiform Neurofibroma with Sphenoid Wing Absence
C:\Users\HishamMo\Desktop\999_cs\Quantum_Inpired_PSO_Classifcation\MRI_dataset\Plexiform Neurofibroma with Sphenoid Wing Absence\Plexiform_Neurofibroma_with_Sphenoid_Wing_Absence230.jpg,Plexiform Neurofibroma with Sphenoid Wing Absence
C:\Users\HishamMo\Desktop\999_cs\Quantum_Inpired_PSO_Classifcation\MRI_dataset\Plexiform Neurofibroma with Sphenoid Wing Absence\Plexiform_Neurofibroma_with_Sphenoid_Wing_Absence231.jpg,Plexiform Neurofibroma with Sphenoid Wing Absence
C:\Users\HishamMo\Desktop\999_cs\Quantum_Inpired_PSO_Classifcation\MRI_dataset\Plexiform Neurofibroma with Sphenoid Wing Absence\Plexiform_Neurofibroma_with_Sphenoid_Wing_Absence232.jpg,Plexiform Neurofibroma with Sphenoid Wing Absence
C:\Users\HishamMo\Desktop\999_cs\Quantum_Inpired_PSO_Classifcation\MRI_dataset\Plexiform Neurofibroma with Sphenoid Wing Absence\Plexiform_Neurofibroma_with_Sphenoid_Wing_Absence233.jpg,Plexiform Neurofibroma with Sphenoid Wing Absence
C:\Users\HishamMo\Desktop\999_cs\Quantum_Inpired_PSO_Classifcation\MRI_dataset\Plexiform Neurofibroma with Sphenoid Wing Absence\Plexiform_Neurofibroma_with_Sphenoid_Wing_Absence234.jpg,Plexiform Neurofibroma with Sphenoid Wing Absence
C:\Users\HishamMo\Desktop\999_cs\Quantum_Inpired_PSO_Classifcation\MRI_dataset\Plexiform Neurofibroma with Sphenoid Wing Absence\Plexiform_Neurofibroma_with_Sphenoid_Wing_Absence235.jpg,Plexiform Neurofibroma with Sphenoid Wing Absence
C:\Users\HishamMo\Desktop\999_cs\Quantum_Inpired_PSO_Classifcation\MRI_dataset\Plexiform Neurofibroma with Sphenoid Wing Absence\Plexiform_Neurofibroma_with_Sphenoid_Wing_Absence236.jpg,Plexiform Neurofibroma with Sphenoid Wing Absence
C:\Users\HishamMo\Desktop\999_cs\Quantum_Inpired_PSO_Classifcation\MRI_dataset\Plexiform Neurofibroma with Sphenoid Wing Absence\Plexiform_Neurofibroma_with_Sphenoid_Wing_Absence237.jpg,Plexiform Neurofibroma with Sphenoid Wing Absence
C:\Users\HishamMo\Desktop\999_cs\Quantum_Inpired_PSO_Classifcation\MRI_dataset\Plexiform Neurofibroma with Sphenoid Wing Absence\Plexiform_Neurofibroma_with_Sphenoid_Wing_Absence238.jpg,Plexiform Neurofibroma with Sphenoid Wing Absence
C:\Users\HishamMo\Desktop\999_cs\Quantum_Inpired_PSO_Classifcation\MRI_dataset\Plexiform Neurofibroma with Sphenoid Wing Absence\Plexiform_Neurofibroma_with_Sphenoid_Wing_Absence239.jpg,Plexiform Neurofibroma with Sphenoid Wing Absence
C:\Users\HishamMo\Desktop\999_cs\Quantum_Inpired_PSO_Classifcation\MRI_dataset\Plexiform Neurofibroma with Sphenoid Wing Absence\Plexiform_Neurofibroma_with_Sphenoid_Wing_Absence240.jpg,Plexiform Neurofibroma with Sphenoid Wing Absence
C:\Users\HishamMo\Desktop\999_cs\Quantum_Inpired_PSO_Classifcation\MRI_dataset\Plexiform Neurofibroma with Sphenoid Wing Absence\Plexiform_Neurofibroma_with_Sphenoid_Wing_Absence241.jpg,Plexiform Neurofibroma with Sphenoid Wing Absence
C:\Users\HishamMo\Desktop\999_cs\Quantum_Inpired_PSO_Classifcation\MRI_dataset\Plexiform Neurofibroma with Sphenoid Wing Absence\Plexiform_Neurofibroma_with_Sphenoid_Wing_Absence242.jpg,Plexiform Neurofibroma with Sphenoid Wing Absence
C:\Users\HishamMo\Desktop\999_cs\Quantum_Inpired_PSO_Classifcation\MRI_dataset\Plexiform Neurofibroma with Sphenoid Wing Absence\Plexiform_Neurofibroma_with_Sphenoid_Wing_Absence243.jpg,Plexiform Neurofibroma with Sphenoid Wing Absence
C:\Users\HishamMo\Desktop\999_cs\Quantum_Inpired_PSO_Classifcation\MRI_dataset\Plexiform Neurofibroma with Sphenoid Wing Absence\Plexiform_Neurofibroma_with_Sphenoid_Wing_Absence244.jpg,Plexiform Neurofibroma with Sphenoid Wing Absence
C:\Users\HishamMo\Desktop\999_cs\Quantum_Inpired_PSO_Classifcation\MRI_dataset\Plexiform Neurofibroma with Sphenoid Wing Absence\Plexiform_Neurofibroma_with_Sphenoid_Wing_Absence245.jpg,Plexiform Neurofibroma with Sphenoid Wing Absence
C:\Users\HishamMo\Desktop\999_cs\Quantum_Inpired_PSO_Classifcation\MRI_dataset\Plexiform Neurofibroma with Sphenoid Wing Absence\Plexiform_Neurofibroma_with_Sphenoid_Wing_Absence246.jpg,Plexiform Neurofibroma with Sphenoid Wing Absence
C:\Users\HishamMo\Desktop\999_cs\Quantum_Inpired_PSO_Classifcation\MRI_dataset\Plexiform Neurofibroma with Sphenoid Wing Absence\Plexiform_Neurofibroma_with_Sphenoid_Wing_Absence247.jpg,Plexiform Neurofibroma with Sphenoid Wing Absence
C:\Users\HishamMo\Desktop\999_cs\Quantum_Inpired_PSO_Classifcation\MRI_dataset\Plexiform Neurofibroma with Sphenoid Wing Absence\Plexiform_Neurofibroma_with_Sphenoid_Wing_Absence248.jpg,Plexiform Neurofibroma with Sphenoid Wing Absence
C:\Users\HishamMo\Desktop\999_cs\Quantum_Inpired_PSO_Classifcation\MRI_dataset\Plexiform Neurofibroma with Sphenoid Wing Absence\Plexiform_Neurofibroma_with_Sphenoid_Wing_Absence249.jpg,Plexiform Neurofibroma with Sphenoid Wing Absence
C:\Users\HishamMo\Desktop\999_cs\Quantum_Inpired_PSO_Classifcation\MRI_dataset\Plexiform Neurofibroma with Sphenoid Wing Absence\Plexiform_Neurofibroma_with_Sphenoid_Wing_Absence250.jpg,Plexiform Neurofibroma with Sphenoid Wing Absence
C:\Users\HishamMo\Desktop\999_cs\Quantum_Inpired_PSO_Classifcation\MRI_dataset\Plexiform Neurofibroma with Sphenoid Wing Absence\Plexiform_Neurofibroma_with_Sphenoid_Wing_Absence251.jpg,Plexiform Neurofibroma with Sphenoid Wing Absence
C:\Users\HishamMo\Desktop\999_cs\Quantum_Inpired_PSO_Classifcation\MRI_dataset\Plexiform Neurofibroma with Sphenoid Wing Absence\Plexiform_Neurofibroma_with_Sphenoid_Wing_Absence252.jpg,Plexiform Neurofibroma with Sphenoid Wing Absence
C:\Users\HishamMo\Desktop\999_cs\Quantum_Inpired_PSO_Classifcation\MRI_dataset\Plexiform Neurofibroma with Sphenoid Wing Absence\Plexiform_Neurofibroma_with_Sphenoid_Wing_Absence253.jpg,Plexiform Neurofibroma with Sphenoid Wing Absence
C:\Users\HishamMo\Desktop\999_cs\Quantum_Inpired_PSO_Classifcation\MRI_dataset\Plexiform Neurofibroma with Sphenoid Wing Absence\Plexiform_Neurofibroma_with_Sphenoid_Wing_Absence254.jpg,Plexiform Neurofibroma with Sphenoid Wing Absence
C:\Users\HishamMo\Desktop\999_cs\Quantum_Inpired_PSO_Classifcation\MRI_dataset\Plexiform Neurofibroma with Sphenoid Wing Absence\Plexiform_Neurofibroma_with_Sphenoid_Wing_Absence255.jpg,Plexiform Neurofibroma with Sphenoid Wing Absence
C:\Users\HishamMo\Desktop\999_cs\Quantum_Inpired_PSO_Classifcation\MRI_dataset\Plexiform Neurofibroma with Sphenoid Wing Absence\Plexiform_Neurofibroma_with_Sphenoid_Wing_Absence256.jpg,Plexiform Neurofibroma with Sphenoid Wing Absence
C:\Users\HishamMo\Desktop\999_cs\Quantum_Inpired_PSO_Classifcation\MRI_dataset\Plexiform Neurofibroma with Sphenoid Wing Absence\Plexiform_Neurofibroma_with_Sphenoid_Wing_Absence257.jpg,Plexiform Neurofibroma with Sphenoid Wing Absence
C:\Users\HishamMo\Desktop\999_cs\Quantum_Inpired_PSO_Classifcation\MRI_dataset\Plexiform Neurofibroma with Sphenoid Wing Absence\Plexiform_Neurofibroma_with_Sphenoid_Wing_Absence258.jpg,Plexiform Neurofibroma with Sphenoid Wing Absence
C:\Users\HishamMo\Desktop\999_cs\Quantum_Inpired_PSO_Classifcation\MRI_dataset\Plexiform Neurofibroma with Sphenoid Wing Absence\Plexiform_Neurofibroma_with_Sphenoid_Wing_Absence259.jpg,Plexiform Neurofibroma with Sphenoid Wing Absence
C:\Users\HishamMo\Desktop\999_cs\Quantum_Inpired_PSO_Classifcation\MRI_dataset\Plexiform Neurofibroma with Sphenoid Wing Absence\Plexiform_Neurofibroma_with_Sphenoid_Wing_Absence260.jpg,Plexiform Neurofibroma with Sphenoid Wing Absence
C:\Users\HishamMo\Desktop\999_cs\Quantum_Inpired_PSO_Classifcation\MRI_dataset\Plexiform Neurofibroma with Sphenoid Wing Absence\Plexiform_Neurofibroma_with_Sphenoid_Wing_Absence261.jpg,Plexiform Neurofibroma with Sphenoid Wing Absence
C:\Users\HishamMo\Desktop\999_cs\Quantum_Inpired_PSO_Classifcation\MRI_dataset\Plexiform Neurofibroma with Sphenoid Wing Absence\Plexiform_Neurofibroma_with_Sphenoid_Wing_Absence262.jpg,Plexiform Neurofibroma with Sphenoid Wing Absence
C:\Users\HishamMo\Desktop\999_cs\Quantum_Inpired_PSO_Classifcation\MRI_dataset\Plexiform Neurofibroma with Sphenoid Wing Absence\Plexiform_Neurofibroma_with_Sphenoid_Wing_Absence263.jpg,Plexiform Neurofibroma with Sphenoid Wing Absence
C:\Users\HishamMo\Desktop\999_cs\Quantum_Inpired_PSO_Classifcation\MRI_dataset\Plexiform Neurofibroma with Sphenoid Wing Absence\Plexiform_Neurofibroma_with_Sphenoid_Wing_Absence264.jpg,Plexiform Neurofibroma with Sphenoid Wing Absence
C:\Users\HishamMo\Desktop\999_cs\Quantum_Inpired_PSO_Classifcation\MRI_dataset\Plexiform Neurofibroma with Sphenoid Wing Absence\Plexiform_Neurofibroma_with_Sphenoid_Wing_Absence265.jpg,Plexiform Neurofibroma with Sphenoid Wing Absence
C:\Users\HishamMo\Desktop\999_cs\Quantum_Inpired_PSO_Classifcation\MRI_dataset\Plexiform Neurofibroma with Sphenoid Wing Absence\Plexiform_Neurofibroma_with_Sphenoid_Wing_Absence266.jpg,Plexiform Neurofibroma with Sphenoid Wing Absence
C:\Users\HishamMo\Desktop\999_cs\Quantum_Inpired_PSO_Classifcation\MRI_dataset\Plexiform Neurofibroma with Sphenoid Wing Absence\Plexiform_Neurofibroma_with_Sphenoid_Wing_Absence267.jpg,Plexiform Neurofibroma with Sphenoid Wing Absence
C:\Users\HishamMo\Desktop\999_cs\Quantum_Inpired_PSO_Classifcation\MRI_dataset\Plexiform Neurofibroma with Sphenoid Wing Absence\Plexiform_Neurofibroma_with_Sphenoid_Wing_Absence268.jpg,Plexiform Neurofibroma with Sphenoid Wing Absence
C:\Users\HishamMo\Desktop\999_cs\Quantum_Inpired_PSO_Classifcation\MRI_dataset\Plexiform Neurofibroma with Sphenoid Wing Absence\Plexiform_Neurofibroma_with_Sphenoid_Wing_Absence269.jpg,Plexiform Neurofibroma with Sphenoid Wing Absence
C:\Users\HishamMo\Desktop\999_cs\Quantum_Inpired_PSO_Classifcation\MRI_dataset\Plexiform Neurofibroma with Sphenoid Wing Absence\Plexiform_Neurofibroma_with_Sphenoid_Wing_Absence270.jpg,Plexiform Neurofibroma with Sphenoid Wing Absence
C:\Users\HishamMo\Desktop\999_cs\Quantum_Inpired_PSO_Classifcation\MRI_dataset\Plexiform Neurofibroma with Sphenoid Wing Absence\Plexiform_Neurofibroma_with_Sphenoid_Wing_Absence271.jpg,Plexiform Neurofibroma with Sphenoid Wing Absence
C:\Users\HishamMo\Desktop\999_cs\Quantum_Inpired_PSO_Classifcation\MRI_dataset\Plexiform Neurofibroma with Sphenoid Wing Absence\Plexiform_Neurofibroma_with_Sphenoid_Wing_Absence272.jpg,Plexiform Neurofibroma with Sphenoid Wing Absence
C:\Users\HishamMo\Desktop\999_cs\Quantum_Inpired_PSO_Classifcation\MRI_dataset\Plexiform Neurofibroma with Sphenoid Wing Absence\Plexiform_Neurofibroma_with_Sphenoid_Wing_Absence273.jpg,Plexiform Neurofibroma with Sphenoid Wing Absence
C:\Users\HishamMo\Desktop\999_cs\Quantum_Inpired_PSO_Classifcation\MRI_dataset\Plexiform Neurofibroma with Sphenoid Wing Absence\Plexiform_Neurofibroma_with_Sphenoid_Wing_Absence274.jpg,Plexiform Neurofibroma with Sphenoid Wing Absence
C:\Users\HishamMo\Desktop\999_cs\Quantum_Inpired_PSO_Classifcation\MRI_dataset\Plexiform Neurofibroma with Sphenoid Wing Absence\Plexiform_Neurofibroma_with_Sphenoid_Wing_Absence275.jpg,Plexiform Neurofibroma with Sphenoid Wing Absence
C:\Users\HishamMo\Desktop\999_cs\Quantum_Inpired_PSO_Classifcation\MRI_dataset\Plexiform Neurofibroma with Sphenoid Wing Absence\Plexiform_Neurofibroma_with_Sphenoid_Wing_Absence276.jpg,Plexiform Neurofibroma with Sphenoid Wing Absence
C:\Users\HishamMo\Desktop\999_cs\Quantum_Inpired_PSO_Classifcation\MRI_dataset\Plexiform Neurofibroma with Sphenoid Wing Absence\Plexiform_Neurofibroma_with_Sphenoid_Wing_Absence277.jpg,Plexiform Neurofibroma with Sphenoid Wing Absence
C:\Users\HishamMo\Desktop\999_cs\Quantum_Inpired_PSO_Classifcation\MRI_dataset\Plexiform Neurofibroma with Sphenoid Wing Absence\Plexiform_Neurofibroma_with_Sphenoid_Wing_Absence278.jpg,Plexiform Neurofibroma with Sphenoid Wing Absence
C:\Users\HishamMo\Desktop\999_cs\Quantum_Inpired_PSO_Classifcation\MRI_dataset\Plexiform Neurofibroma with Sphenoid Wing Absence\Plexiform_Neurofibroma_with_Sphenoid_Wing_Absence279.jpg,Plexiform Neurofibroma with Sphenoid Wing Absence
C:\Users\HishamMo\Desktop\999_cs\Quantum_Inpired_PSO_Classifcation\MRI_dataset\Plexiform Neurofibroma with Sphenoid Wing Absence\Plexiform_Neurofibroma_with_Sphenoid_Wing_Absence280.jpg,Plexiform Neurofibroma with Sphenoid Wing Absence
C:\Users\HishamMo\Desktop\999_cs\Quantum_Inpired_PSO_Classifcation\MRI_dataset\Plexiform Neurofibroma with Sphenoid Wing Absence\Plexiform_Neurofibroma_with_Sphenoid_Wing_Absence281.jpg,Plexiform Neurofibroma with Sphenoid Wing Absence
C:\Users\HishamMo\Desktop\999_cs\Quantum_Inpired_PSO_Classifcation\MRI_dataset\Plexiform Neurofibroma with Sphenoid Wing Absence\Plexiform_Neurofibroma_with_Sphenoid_Wing_Absence282.jpg,Plexiform Neurofibroma with Sphenoid Wing Absence
C:\Users\HishamMo\Desktop\999_cs\Quantum_Inpired_PSO_Classifcation\MRI_dataset\Plexiform Neurofibroma with Sphenoid Wing Absence\Plexiform_Neurofibroma_with_Sphenoid_Wing_Absence283.jpg,Plexiform Neurofibroma with Sphenoid Wing Absence
C:\Users\HishamMo\Desktop\999_cs\Quantum_Inpired_PSO_Classifcation\MRI_dataset\Plexiform Neurofibroma with Sphenoid Wing Absence\Plexiform_Neurofibroma_with_Sphenoid_Wing_Absence284.jpg,Plexiform Neurofibroma with Sphenoid Wing Absence
C:\Users\HishamMo\Desktop\999_cs\Quantum_Inpired_PSO_Classifcation\MRI_dataset\Plexiform Neurofibroma with Sphenoid Wing Absence\Plexiform_Neurofibroma_with_Sphenoid_Wing_Absence285.jpg,Plexiform Neurofibroma with Sphenoid Wing Absence
C:\Users\HishamMo\Desktop\999_cs\Quantum_Inpired_PSO_Classifcation\MRI_dataset\Plexiform Neurofibroma with Sphenoid Wing Absence\Plexiform_Neurofibroma_with_Sphenoid_Wing_Absence286.jpg,Plexiform Neurofibroma with Sphenoid Wing Absence
C:\Users\HishamMo\Desktop\999_cs\Quantum_Inpired_PSO_Classifcation\MRI_dataset\Plexiform Neurofibroma with Sphenoid Wing Absence\Plexiform_Neurofibroma_with_Sphenoid_Wing_Absence287.jpg,Plexiform Neurofibroma with Sphenoid Wing Absence
C:\Users\HishamMo\Desktop\999_cs\Quantum_Inpired_PSO_Classifcation\MRI_dataset\Plexiform Neurofibroma with Sphenoid Wing Absence\Plexiform_Neurofibroma_with_Sphenoid_Wing_Absence288.jpg,Plexiform Neurofibroma with Sphenoid Wing Absence
C:\Users\HishamMo\Desktop\999_cs\Quantum_Inpired_PSO_Classifcation\MRI_dataset\Plexiform Neurofibroma with Sphenoid Wing Absence\Plexiform_Neurofibroma_with_Sphenoid_Wing_Absence289.jpg,Plexiform Neurofibroma with Sphenoid Wing Absence
C:\Users\HishamMo\Desktop\999_cs\Quantum_Inpired_PSO_Classifcation\MRI_dataset\Plexiform Neurofibroma with Sphenoid Wing Absence\Plexiform_Neurofibroma_with_Sphenoid_Wing_Absence290.jpg,Plexiform Neurofibroma with Sphenoid Wing Absence
C:\Users\HishamMo\Desktop\999_cs\Quantum_Inpired_PSO_Classifcation\MRI_dataset\Plexiform Neurofibroma with Sphenoid Wing Absence\Plexiform_Neurofibroma_with_Sphenoid_Wing_Absence291.jpg,Plexiform Neurofibroma with Sphenoid Wing Absence
C:\Users\HishamMo\Desktop\999_cs\Quantum_Inpired_PSO_Classifcation\MRI_dataset\Plexiform Neurofibroma with Sphenoid Wing Absence\Plexiform_Neurofibroma_with_Sphenoid_Wing_Absence292.jpg,Plexiform Neurofibroma with Sphenoid Wing Absence
C:\Users\HishamMo\Desktop\999_cs\Quantum_Inpired_PSO_Classifcation\MRI_dataset\Plexiform Neurofibroma with Sphenoid Wing Absence\Plexiform_Neurofibroma_with_Sphenoid_Wing_Absence293.jpg,Plexiform Neurofibroma with Sphenoid Wing Absence
C:\Users\HishamMo\Desktop\999_cs\Quantum_Inpired_PSO_Classifcation\MRI_dataset\Plexiform Neurofibroma with Sphenoid Wing Absence\Plexiform_Neurofibroma_with_Sphenoid_Wing_Absence294.jpg,Plexiform Neurofibroma with Sphenoid Wing Absence
C:\Users\HishamMo\Desktop\999_cs\Quantum_Inpired_PSO_Classifcation\MRI_dataset\Plexiform Neurofibroma with Sphenoid Wing Absence\Plexiform_Neurofibroma_with_Sphenoid_Wing_Absence295.jpg,Plexiform Neurofibroma with Sphenoid Wing Absence
C:\Users\HishamMo\Desktop\999_cs\Quantum_Inpired_PSO_Classifcation\MRI_dataset\Plexiform Neurofibroma with Sphenoid Wing Absence\Plexiform_Neurofibroma_with_Sphenoid_Wing_Absence296.jpg,Plexiform Neurofibroma with Sphenoid Wing Absence
C:\Users\HishamMo\Desktop\999_cs\Quantum_Inpired_PSO_Classifcation\MRI_dataset\Plexiform Neurofibroma with Sphenoid Wing Absence\Plexiform_Neurofibroma_with_Sphenoid_Wing_Absence297.jpg,Plexiform Neurofibroma with Sphenoid Wing Absence
C:\Users\HishamMo\Desktop\999_cs\Quantum_Inpired_PSO_Classifcation\MRI_dataset\Plexiform Neurofibroma with Sphenoid Wing Absence\Plexiform_Neurofibroma_with_Sphenoid_Wing_Absence298.jpg,Plexiform Neurofibroma with Sphenoid Wing Absence
C:\Users\HishamMo\Desktop\999_cs\Quantum_Inpired_PSO_Classifcation\MRI_dataset\Plexiform Neurofibroma with Sphenoid Wing Absence\Plexiform_Neurofibroma_with_Sphenoid_Wing_Absence299.jpg,Plexiform Neurofibroma with Sphenoid Wing Absence
C:\Users\HishamMo\Desktop\999_cs\Quantum_Inpired_PSO_Classifcation\MRI_dataset\Plexiform Neurofibroma with Sphenoid Wing Absence\Plexiform_Neurofibroma_with_Sphenoid_Wing_Absence300.jpg,Plexiform Neurofibroma with Sphenoid Wing Absence
C:\Users\HishamMo\Desktop\999_cs\Quantum_Inpired_PSO_Classifcation\MRI_dataset\Plexiform Neurofibroma with Sphenoid Wing Absence\Plexiform_Neurofibroma_with_Sphenoid_Wing_Absence301.jpg,Plexiform Neurofibroma with Sphenoid Wing Absence
C:\Users\HishamMo\Desktop\999_cs\Quantum_Inpired_PSO_Classifcation\MRI_dataset\Plexiform Neurofibroma with Sphenoid Wing Absence\Plexiform_Neurofibroma_with_Sphenoid_Wing_Absence302.jpg,Plexiform Neurofibroma with Sphenoid Wing Absence
C:\Users\HishamMo\Desktop\999_cs\Quantum_Inpired_PSO_Classifcation\MRI_dataset\Plexiform Neurofibroma with Sphenoid Wing Absence\Plexiform_Neurofibroma_with_Sphenoid_Wing_Absence303.jpg,Plexiform Neurofibroma with Sphenoid Wing Absence
C:\Users\HishamMo\Desktop\999_cs\Quantum_Inpired_PSO_Classifcation\MRI_dataset\Plexiform Neurofibroma with Sphenoid Wing Absence\Plexiform_Neurofibroma_with_Sphenoid_Wing_Absence304.jpg,Plexiform Neurofibroma with Sphenoid Wing Absence
C:\Users\HishamMo\Desktop\999_cs\Quantum_Inpired_PSO_Classifcation\MRI_dataset\Plexiform Neurofibroma with Sphenoid Wing Absence\Plexiform_Neurofibroma_with_Sphenoid_Wing_Absence305.jpg,Plexiform Neurofibroma with Sphenoid Wing Absence
C:\Users\HishamMo\Desktop\999_cs\Quantum_Inpired_PSO_Classifcation\MRI_dataset\Plexiform Neurofibroma with Sphenoid Wing Absence\Plexiform_Neurofibroma_with_Sphenoid_Wing_Absence306.jpg,Plexiform Neurofibroma with Sphenoid Wing Absence
C:\Users\HishamMo\Desktop\999_cs\Quantum_Inpired_PSO_Classifcation\MRI_dataset\Plexiform Neurofibroma with Sphenoid Wing Absence\Plexiform_Neurofibroma_with_Sphenoid_Wing_Absence307.jpg,Plexiform Neurofibroma with Sphenoid Wing Absence
C:\Users\HishamMo\Desktop\999_cs\Quantum_Inpired_PSO_Classifcation\MRI_dataset\Plexiform Neurofibroma with Sphenoid Wing Absence\Plexiform_Neurofibroma_with_Sphenoid_Wing_Absence308.jpg,Plexiform Neurofibroma with Sphenoid Wing Absence
C:\Users\HishamMo\Desktop\999_cs\Quantum_Inpired_PSO_Classifcation\MRI_dataset\Plexiform Neurofibroma with Sphenoid Wing Absence\Plexiform_Neurofibroma_with_Sphenoid_Wing_Absence309.jpg,Plexiform Neurofibroma with Sphenoid Wing Absence
C:\Users\HishamMo\Desktop\999_cs\Quantum_Inpired_PSO_Classifcation\MRI_dataset\Plexiform Neurofibroma with Sphenoid Wing Absence\Plexiform_Neurofibroma_with_Sphenoid_Wing_Absence310.jpg,Plexiform Neurofibroma with Sphenoid Wing Absence
C:\Users\HishamMo\Desktop\999_cs\Quantum_Inpired_PSO_Classifcation\MRI_dataset\Plexiform Neurofibroma with Sphenoid Wing Absence\Plexiform_Neurofibroma_with_Sphenoid_Wing_Absence311.jpg,Plexiform Neurofibroma with Sphenoid Wing Absence
C:\Users\HishamMo\Desktop\999_cs\Quantum_Inpired_PSO_Classifcation\MRI_dataset\Plexiform Neurofibroma with Sphenoid Wing Absence\Plexiform_Neurofibroma_with_Sphenoid_Wing_Absence312.jpg,Plexiform Neurofibroma with Sphenoid Wing Absence
C:\Users\HishamMo\Desktop\999_cs\Quantum_Inpired_PSO_Classifcation\MRI_dataset\Plexiform Neurofibroma with Sphenoid Wing Absence\Plexiform_Neurofibroma_with_Sphenoid_Wing_Absence313.jpg,Plexiform Neurofibroma with Sphenoid Wing Absence
C:\Users\HishamMo\Desktop\999_cs\Quantum_Inpired_PSO_Classifcation\MRI_dataset\Plexiform Neurofibroma with Sphenoid Wing Absence\Plexiform_Neurofibroma_with_Sphenoid_Wing_Absence314.jpg,Plexiform Neurofibroma with Sphenoid Wing Absence
C:\Users\HishamMo\Desktop\999_cs\Quantum_Inpired_PSO_Classifcation\MRI_dataset\Plexiform Neurofibroma with Sphenoid Wing Absence\Plexiform_Neurofibroma_with_Sphenoid_Wing_Absence315.jpg,Plexiform Neurofibroma with Sphenoid Wing Absence
C:\Users\HishamMo\Desktop\999_cs\Quantum_Inpired_PSO_Classifcation\MRI_dataset\Plexiform Neurofibroma with Sphenoid Wing Absence\Plexiform_Neurofibroma_with_Sphenoid_Wing_Absence316.jpg,Plexiform Neurofibroma with Sphenoid Wing Absence
C:\Users\HishamMo\Desktop\999_cs\Quantum_Inpired_PSO_Classifcation\MRI_dataset\Plexiform Neurofibroma with Sphenoid Wing Absence\Plexiform_Neurofibroma_with_Sphenoid_Wing_Absence317.jpg,Plexiform Neurofibroma with Sphenoid Wing Absence
C:\Users\HishamMo\Desktop\999_cs\Quantum_Inpired_PSO_Classifcation\MRI_dataset\Plexiform Neurofibroma with Sphenoid Wing Absence\Plexiform_Neurofibroma_with_Sphenoid_Wing_Absence318.jpg,Plexiform Neurofibroma with Sphenoid Wing Absence
C:\Users\HishamMo\Desktop\999_cs\Quantum_Inpired_PSO_Classifcation\MRI_dataset\Plexiform Neurofibroma with Sphenoid Wing Absence\Plexiform_Neurofibroma_with_Sphenoid_Wing_Absence319.jpg,Plexiform Neurofibroma with Sphenoid Wing Absence
C:\Users\HishamMo\Desktop\999_cs\Quantum_Inpired_PSO_Classifcation\MRI_dataset\Plexiform Neurofibroma with Sphenoid Wing Absence\Plexiform_Neurofibroma_with_Sphenoid_Wing_Absence320.jpg,Plexiform Neurofibroma with Sphenoid Wing Absence
C:\Users\HishamMo\Desktop\999_cs\Quantum_Inpired_PSO_Classifcation\MRI_dataset\Plexiform Neurofibroma with Sphenoid Wing Absence\Plexiform_Neurofibroma_with_Sphenoid_Wing_Absence321.jpg,Plexiform Neurofibroma with Sphenoid Wing Absence
C:\Users\HishamMo\Desktop\999_cs\Quantum_Inpired_PSO_Classifcation\MRI_dataset\Plexiform Neurofibroma with Sphenoid Wing Absence\Plexiform_Neurofibroma_with_Sphenoid_Wing_Absence322.jpg,Plexiform Neurofibroma with Sphenoid Wing Absence
C:\Users\HishamMo\Desktop\999_cs\Quantum_Inpired_PSO_Classifcation\MRI_dataset\Plexiform Neurofibroma with Sphenoid Wing Absence\Plexiform_Neurofibroma_with_Sphenoid_Wing_Absence323.jpg,Plexiform Neurofibroma with Sphenoid Wing Absence
C:\Users\HishamMo\Desktop\999_cs\Quantum_Inpired_PSO_Classifcation\MRI_dataset\Plexiform Neurofibroma with Sphenoid Wing Absence\Plexiform_Neurofibroma_with_Sphenoid_Wing_Absence324.jpg,Plexiform Neurofibroma with Sphenoid Wing Absence
C:\Users\HishamMo\Desktop\999_cs\Quantum_Inpired_PSO_Classifcation\MRI_dataset\Plexiform Neurofibroma with Sphenoid Wing Absence\Plexiform_Neurofibroma_with_Sphenoid_Wing_Absence325.jpg,Plexiform Neurofibroma with Sphenoid Wing Absence
C:\Users\HishamMo\Desktop\999_cs\Quantum_Inpired_PSO_Classifcation\MRI_dataset\Plexiform Neurofibroma with Sphenoid Wing Absence\Plexiform_Neurofibroma_with_Sphenoid_Wing_Absence326.jpg,Plexiform Neurofibroma with Sphenoid Wing Absence
C:\Users\HishamMo\Desktop\999_cs\Quantum_Inpired_PSO_Classifcation\MRI_dataset\Plexiform Neurofibroma with Sphenoid Wing Absence\Plexiform_Neurofibroma_with_Sphenoid_Wing_Absence327.jpg,Plexiform Neurofibroma with Sphenoid Wing Absence
C:\Users\HishamMo\Desktop\999_cs\Quantum_Inpired_PSO_Classifcation\MRI_dataset\Plexiform Neurofibroma with Sphenoid Wing Absence\Plexiform_Neurofibroma_with_Sphenoid_Wing_Absence328.jpg,Plexiform Neurofibroma with Sphenoid Wing Absence
C:\Users\HishamMo\Desktop\999_cs\Quantum_Inpired_PSO_Classifcation\MRI_dataset\Plexiform Neurofibroma with Sphenoid Wing Absence\Plexiform_Neurofibroma_with_Sphenoid_Wing_Absence329.jpg,Plexiform Neurofibroma with Sphenoid Wing Absence
C:\Users\HishamMo\Desktop\999_cs\Quantum_Inpired_PSO_Classifcation\MRI_dataset\Plexiform Neurofibroma with Sphenoid Wing Absence\Plexiform_Neurofibroma_with_Sphenoid_Wing_Absence330.jpg,Plexiform Neurofibroma with Sphenoid Wing Absence
C:\Users\HishamMo\Desktop\999_cs\Quantum_Inpired_PSO_Classifcation\MRI_dataset\Plexiform Neurofibroma with Sphenoid Wing Absence\Plexiform_Neurofibroma_with_Sphenoid_Wing_Absence331.jpg,Plexiform Neurofibroma with Sphenoid Wing Absence
C:\Users\HishamMo\Desktop\999_cs\Quantum_Inpired_PSO_Classifcation\MRI_dataset\Plexiform Neurofibroma with Sphenoid Wing Absence\Plexiform_Neurofibroma_with_Sphenoid_Wing_Absence332.jpg,Plexiform Neurofibroma with Sphenoid Wing Absence
C:\Users\HishamMo\Desktop\999_cs\Quantum_Inpired_PSO_Classifcation\MRI_dataset\Plexiform Neurofibroma with Sphenoid Wing Absence\Plexiform_Neurofibroma_with_Sphenoid_Wing_Absence333.jpg,Plexiform Neurofibroma with Sphenoid Wing Absence
C:\Users\HishamMo\Desktop\999_cs\Quantum_Inpired_PSO_Classifcation\MRI_dataset\Plexiform Neurofibroma with Sphenoid Wing Absence\Plexiform_Neurofibroma_with_Sphenoid_Wing_Absence334.jpg,Plexiform Neurofibroma with Sphenoid Wing Absence
C:\Users\HishamMo\Desktop\999_cs\Quantum_Inpired_PSO_Classifcation\MRI_dataset\Plexiform Neurofibroma with Sphenoid Wing Absence\Plexiform_Neurofibroma_with_Sphenoid_Wing_Absence335.jpg,Plexiform Neurofibroma with Sphenoid Wing Absence
C:\Users\HishamMo\Desktop\999_cs\Quantum_Inpired_PSO_Classifcation\MRI_dataset\Plexiform Neurofibroma with Sphenoid Wing Absence\Plexiform_Neurofibroma_with_Sphenoid_Wing_Absence336.jpg,Plexiform Neurofibroma with Sphenoid Wing Absence
C:\Users\HishamMo\Desktop\999_cs\Quantum_Inpired_PSO_Classifcation\MRI_dataset\Plexiform Neurofibroma with Sphenoid Wing Absence\Plexiform_Neurofibroma_with_Sphenoid_Wing_Absence337.jpg,Plexiform Neurofibroma with Sphenoid Wing Absence
C:\Users\HishamMo\Desktop\999_cs\Quantum_Inpired_PSO_Classifcation\MRI_dataset\Plexiform Neurofibroma with Sphenoid Wing Absence\Plexiform_Neurofibroma_with_Sphenoid_Wing_Absence338.jpg,Plexiform Neurofibroma with Sphenoid Wing Absence
C:\Users\HishamMo\Desktop\999_cs\Quantum_Inpired_PSO_Classifcation\MRI_dataset\Plexiform Neurofibroma with Sphenoid Wing Absence\Plexiform_Neurofibroma_with_Sphenoid_Wing_Absence339.jpg,Plexiform Neurofibroma with Sphenoid Wing Absence
C:\Users\HishamMo\Desktop\999_cs\Quantum_Inpired_PSO_Classifcation\MRI_dataset\Plexiform Neurofibroma with Sphenoid Wing Absence\Plexiform_Neurofibroma_with_Sphenoid_Wing_Absence340.jpg,Plexiform Neurofibroma with Sphenoid Wing Absence
C:\Users\HishamMo\Desktop\999_cs\Quantum_Inpired_PSO_Classifcation\MRI_dataset\Plexiform Neurofibroma with Sphenoid Wing Absence\Plexiform_Neurofibroma_with_Sphenoid_Wing_Absence341.jpg,Plexiform Neurofibroma with Sphenoid Wing Absence
C:\Users\HishamMo\Desktop\999_cs\Quantum_Inpired_PSO_Classifcation\MRI_dataset\Plexiform Neurofibroma with Sphenoid Wing Absence\Plexiform_Neurofibroma_with_Sphenoid_Wing_Absence342.jpg,Plexiform Neurofibroma with Sphenoid Wing Absence
C:\Users\HishamMo\Desktop\999_cs\Quantum_Inpired_PSO_Classifcation\MRI_dataset\Plexiform Neurofibroma with Sphenoid Wing Absence\Plexiform_Neurofibroma_with_Sphenoid_Wing_Absence343.jpg,Plexiform Neurofibroma with Sphenoid Wing Absence
C:\Users\HishamMo\Desktop\999_cs\Quantum_Inpired_PSO_Classifcation\MRI_dataset\Plexiform Neurofibroma with Sphenoid Wing Absence\Plexiform_Neurofibroma_with_Sphenoid_Wing_Absence344.jpg,Plexiform Neurofibroma with Sphenoid Wing Absence
C:\Users\HishamMo\Desktop\999_cs\Quantum_Inpired_PSO_Classifcation\MRI_dataset\Plexiform Neurofibroma with Sphenoid Wing Absence\Plexiform_Neurofibroma_with_Sphenoid_Wing_Absence345.jpg,Plexiform Neurofibroma with Sphenoid Wing Absence
C:\Users\HishamMo\Desktop\999_cs\Quantum_Inpired_PSO_Classifcation\MRI_dataset\Plexiform Neurofibroma with Sphenoid Wing Absence\Plexiform_Neurofibroma_with_Sphenoid_Wing_Absence346.jpg,Plexiform Neurofibroma with Sphenoid Wing Absence
C:\Users\HishamMo\Desktop\999_cs\Quantum_Inpired_PSO_Classifcation\MRI_dataset\Plexiform Neurofibroma with Sphenoid Wing Absence\Plexiform_Neurofibroma_with_Sphenoid_Wing_Absence347.jpg,Plexiform Neurofibroma with Sphenoid Wing Absence
C:\Users\HishamMo\Desktop\999_cs\Quantum_Inpired_PSO_Classifcation\MRI_dataset\Plexiform Neurofibroma with Sphenoid Wing Absence\Plexiform_Neurofibroma_with_Sphenoid_Wing_Absence348.jpg,Plexiform Neurofibroma with Sphenoid Wing Absence
C:\Users\HishamMo\Desktop\999_cs\Quantum_Inpired_PSO_Classifcation\MRI_dataset\Plexiform Neurofibroma with Sphenoid Wing Absence\Plexiform_Neurofibroma_with_Sphenoid_Wing_Absence349.jpg,Plexiform Neurofibroma with Sphenoid Wing Absence
C:\Users\HishamMo\Desktop\999_cs\Quantum_Inpired_PSO_Classifcation\MRI_dataset\Plexiform Neurofibroma with Sphenoid Wing Absence\Plexiform_Neurofibroma_with_Sphenoid_Wing_Absence350.jpg,Plexiform Neurofibroma with Sphenoid Wing Absence
C:\Users\HishamMo\Desktop\999_cs\Quantum_Inpired_PSO_Classifcation\MRI_dataset\Plexiform Neurofibroma with Sphenoid Wing Absence\Plexiform_Neurofibroma_with_Sphenoid_Wing_Absence351.jpg,Plexiform Neurofibroma with Sphenoid Wing Absence
C:\Users\HishamMo\Desktop\999_cs\Quantum_Inpired_PSO_Classifcation\MRI_dataset\Plexiform Neurofibroma with Sphenoid Wing Absence\Plexiform_Neurofibroma_with_Sphenoid_Wing_Absence352.jpg,Plexiform Neurofibroma with Sphenoid Wing Absence
C:\Users\HishamMo\Desktop\999_cs\Quantum_Inpired_PSO_Classifcation\MRI_dataset\Plexiform Neurofibroma with Sphenoid Wing Absence\Plexiform_Neurofibroma_with_Sphenoid_Wing_Absence353.jpg,Plexiform Neurofibroma with Sphenoid Wing Absence
C:\Users\HishamMo\Desktop\999_cs\Quantum_Inpired_PSO_Classifcation\MRI_dataset\Plexiform Neurofibroma with Sphenoid Wing Absence\Plexiform_Neurofibroma_with_Sphenoid_Wing_Absence354.jpg,Plexiform Neurofibroma with Sphenoid Wing Absence
C:\Users\HishamMo\Desktop\999_cs\Quantum_Inpired_PSO_Classifcation\MRI_dataset\Plexiform Neurofibroma with Sphenoid Wing Absence\Plexiform_Neurofibroma_with_Sphenoid_Wing_Absence355.jpg,Plexiform Neurofibroma with Sphenoid Wing Absence
C:\Users\HishamMo\Desktop\999_cs\Quantum_Inpired_PSO_Classifcation\MRI_dataset\Plexiform Neurofibroma with Sphenoid Wing Absence\Plexiform_Neurofibroma_with_Sphenoid_Wing_Absence356.jpg,Plexiform Neurofibroma with Sphenoid Wing Absence
C:\Users\HishamMo\Desktop\999_cs\Quantum_Inpired_PSO_Classifcation\MRI_dataset\Plexiform Neurofibroma with Sphenoid Wing Absence\Plexiform_Neurofibroma_with_Sphenoid_Wing_Absence357.jpg,Plexiform Neurofibroma with Sphenoid Wing Absence
C:\Users\HishamMo\Desktop\999_cs\Quantum_Inpired_PSO_Classifcation\MRI_dataset\Plexiform Neurofibroma with Sphenoid Wing Absence\Plexiform_Neurofibroma_with_Sphenoid_Wing_Absence358.jpg,Plexiform Neurofibroma with Sphenoid Wing Absence
C:\Users\HishamMo\Desktop\999_cs\Quantum_Inpired_PSO_Classifcation\MRI_dataset\Plexiform Neurofibroma with Sphenoid Wing Absence\Plexiform_Neurofibroma_with_Sphenoid_Wing_Absence359.jpg,Plexiform Neurofibroma with Sphenoid Wing Absence
C:\Users\HishamMo\Desktop\999_cs\Quantum_Inpired_PSO_Classifcation\MRI_dataset\Plexiform Neurofibroma with Sphenoid Wing Absence\Plexiform_Neurofibroma_with_Sphenoid_Wing_Absence360.jpg,Plexiform Neurofibroma with Sphenoid Wing Absence
C:\Users\HishamMo\Desktop\999_cs\Quantum_Inpired_PSO_Classifcation\MRI_dataset\Plexiform Neurofibroma with Sphenoid Wing Absence\Plexiform_Neurofibroma_with_Sphenoid_Wing_Absence361.jpg,Plexiform Neurofibroma with Sphenoid Wing Absence
C:\Users\HishamMo\Desktop\999_cs\Quantum_Inpired_PSO_Classifcation\MRI_dataset\Plexiform Neurofibroma with Sphenoid Wing Absence\Plexiform_Neurofibroma_with_Sphenoid_Wing_Absence362.jpg,Plexiform Neurofibroma with Sphenoid Wing Absence
C:\Users\HishamMo\Desktop\999_cs\Quantum_Inpired_PSO_Classifcation\MRI_dataset\Plexiform Neurofibroma with Sphenoid Wing Absence\Plexiform_Neurofibroma_with_Sphenoid_Wing_Absence363.jpg,Plexiform Neurofibroma with Sphenoid Wing Absence
C:\Users\HishamMo\Desktop\999_cs\Quantum_Inpired_PSO_Classifcation\MRI_dataset\Plexiform Neurofibroma with Sphenoid Wing Absence\Plexiform_Neurofibroma_with_Sphenoid_Wing_Absence364.jpg,Plexiform Neurofibroma with Sphenoid Wing Absence
C:\Users\HishamMo\Desktop\999_cs\Quantum_Inpired_PSO_Classifcation\MRI_dataset\Plexiform Neurofibroma with Sphenoid Wing Absence\Plexiform_Neurofibroma_with_Sphenoid_Wing_Absence365.jpg,Plexiform Neurofibroma with Sphenoid Wing Absence
C:\Users\HishamMo\Desktop\999_cs\Quantum_Inpired_PSO_Classifcation\MRI_dataset\Plexiform Neurofibroma with Sphenoid Wing Absence\Plexiform_Neurofibroma_with_Sphenoid_Wing_Absence366.jpg,Plexiform Neurofibroma with Sphenoid Wing Absence
C:\Users\HishamMo\Desktop\999_cs\Quantum_Inpired_PSO_Classifcation\MRI_dataset\Plexiform Neurofibroma with Sphenoid Wing Absence\Plexiform_Neurofibroma_with_Sphenoid_Wing_Absence367.jpg,Plexiform Neurofibroma with Sphenoid Wing Absence
C:\Users\HishamMo\Desktop\999_cs\Quantum_Inpired_PSO_Classifcation\MRI_dataset\Plexiform Neurofibroma with Sphenoid Wing Absence\Plexiform_Neurofibroma_with_Sphenoid_Wing_Absence368.jpg,Plexiform Neurofibroma with Sphenoid Wing Absence
C:\Users\HishamMo\Desktop\999_cs\Quantum_Inpired_PSO_Classifcation\MRI_dataset\Plexiform Neurofibroma with Sphenoid Wing Absence\Plexiform_Neurofibroma_with_Sphenoid_Wing_Absence369.jpg,Plexiform Neurofibroma with Sphenoid Wing Absence
C:\Users\HishamMo\Desktop\999_cs\Quantum_Inpired_PSO_Classifcation\MRI_dataset\Plexiform Neurofibroma with Sphenoid Wing Absence\Plexiform_Neurofibroma_with_Sphenoid_Wing_Absence370.jpg,Plexiform Neurofibroma with Sphenoid Wing Absence
C:\Users\HishamMo\Desktop\999_cs\Quantum_Inpired_PSO_Classifcation\MRI_dataset\Plexiform Neurofibroma with Sphenoid Wing Absence\Plexiform_Neurofibroma_with_Sphenoid_Wing_Absence371.jpg,Plexiform Neurofibroma with Sphenoid Wing Absence
C:\Users\HishamMo\Desktop\999_cs\Quantum_Inpired_PSO_Classifcation\MRI_dataset\Plexiform Neurofibroma with Sphenoid Wing Absence\Plexiform_Neurofibroma_with_Sphenoid_Wing_Absence372.jpg,Plexiform Neurofibroma with Sphenoid Wing Absence
C:\Users\HishamMo\Desktop\999_cs\Quantum_Inpired_PSO_Classifcation\MRI_dataset\Plexiform Neurofibroma with Sphenoid Wing Absence\Plexiform_Neurofibroma_with_Sphenoid_Wing_Absence373.jpg,Plexiform Neurofibroma with Sphenoid Wing Absence
C:\Users\HishamMo\Desktop\999_cs\Quantum_Inpired_PSO_Classifcation\MRI_dataset\Plexiform Neurofibroma with Sphenoid Wing Absence\Plexiform_Neurofibroma_with_Sphenoid_Wing_Absence374.jpg,Plexiform Neurofibroma with Sphenoid Wing Absence
C:\Users\HishamMo\Desktop\999_cs\Quantum_Inpired_PSO_Classifcation\MRI_dataset\Plexiform Neurofibroma with Sphenoid Wing Absence\Plexiform_Neurofibroma_with_Sphenoid_Wing_Absence375.jpg,Plexiform Neurofibroma with Sphenoid Wing Absence
C:\Users\HishamMo\Desktop\999_cs\Quantum_Inpired_PSO_Classifcation\MRI_dataset\Plexiform Neurofibroma with Sphenoid Wing Absence\Plexiform_Neurofibroma_with_Sphenoid_Wing_Absence376.jpg,Plexiform Neurofibroma with Sphenoid Wing Absence
C:\Users\HishamMo\Desktop\999_cs\Quantum_Inpired_PSO_Classifcation\MRI_dataset\Plexiform Neurofibroma with Sphenoid Wing Absence\Plexiform_Neurofibroma_with_Sphenoid_Wing_Absence377.jpg,Plexiform Neurofibroma with Sphenoid Wing Absence
C:\Users\HishamMo\Desktop\999_cs\Quantum_Inpired_PSO_Classifcation\MRI_dataset\Plexiform Neurofibroma with Sphenoid Wing Absence\Plexiform_Neurofibroma_with_Sphenoid_Wing_Absence378.jpg,Plexiform Neurofibroma with Sphenoid Wing Absence
C:\Users\HishamMo\Desktop\999_cs\Quantum_Inpired_PSO_Classifcation\MRI_dataset\Plexiform Neurofibroma with Sphenoid Wing Absence\Plexiform_Neurofibroma_with_Sphenoid_Wing_Absence379.jpg,Plexiform Neurofibroma with Sphenoid Wing Absence
C:\Users\HishamMo\Desktop\999_cs\Quantum_Inpired_PSO_Classifcation\MRI_dataset\Plexiform Neurofibroma with Sphenoid Wing Absence\Plexiform_Neurofibroma_with_Sphenoid_Wing_Absence380.jpg,Plexiform Neurofibroma with Sphenoid Wing Absence
C:\Users\HishamMo\Desktop\999_cs\Quantum_Inpired_PSO_Classifcation\MRI_dataset\Plexiform Neurofibroma with Sphenoid Wing Absence\Plexiform_Neurofibroma_with_Sphenoid_Wing_Absence381.jpg,Plexiform Neurofibroma with Sphenoid Wing Absence
C:\Users\HishamMo\Desktop\999_cs\Quantum_Inpired_PSO_Classifcation\MRI_dataset\Plexiform Neurofibroma with Sphenoid Wing Absence\Plexiform_Neurofibroma_with_Sphenoid_Wing_Absence382.jpg,Plexiform Neurofibroma with Sphenoid Wing Absence
C:\Users\HishamMo\Desktop\999_cs\Quantum_Inpired_PSO_Classifcation\MRI_dataset\Plexiform Neurofibroma with Sphenoid Wing Absence\Plexiform_Neurofibroma_with_Sphenoid_Wing_Absence383.jpg,Plexiform Neurofibroma with Sphenoid Wing Absence
C:\Users\HishamMo\Desktop\999_cs\Quantum_Inpired_PSO_Classifcation\MRI_dataset\Plexiform Neurofibroma with Sphenoid Wing Absence\Plexiform_Neurofibroma_with_Sphenoid_Wing_Absence384.jpg,Plexiform Neurofibroma with Sphenoid Wing Absence
C:\Users\HishamMo\Desktop\999_cs\Quantum_Inpired_PSO_Classifcation\MRI_dataset\Plexiform Neurofibroma with Sphenoid Wing Absence\Plexiform_Neurofibroma_with_Sphenoid_Wing_Absence385.jpg,Plexiform Neurofibroma with Sphenoid Wing Absence
C:\Users\HishamMo\Desktop\999_cs\Quantum_Inpired_PSO_Classifcation\MRI_dataset\Plexiform Neurofibroma with Sphenoid Wing Absence\Plexiform_Neurofibroma_with_Sphenoid_Wing_Absence386.jpg,Plexiform Neurofibroma with Sphenoid Wing Absence
C:\Users\HishamMo\Desktop\999_cs\Quantum_Inpired_PSO_Classifcation\MRI_dataset\Plexiform Neurofibroma with Sphenoid Wing Absence\Plexiform_Neurofibroma_with_Sphenoid_Wing_Absence387.jpg,Plexiform Neurofibroma with Sphenoid Wing Absence
C:\Users\HishamMo\Desktop\999_cs\Quantum_Inpired_PSO_Classifcation\MRI_dataset\Plexiform Neurofibroma with Sphenoid Wing Absence\Plexiform_Neurofibroma_with_Sphenoid_Wing_Absence388.jpg,Plexiform Neurofibroma with Sphenoid Wing Absence
C:\Users\HishamMo\Desktop\999_cs\Quantum_Inpired_PSO_Classifcation\MRI_dataset\Plexiform Neurofibroma with Sphenoid Wing Absence\Plexiform_Neurofibroma_with_Sphenoid_Wing_Absence389.jpg,Plexiform Neurofibroma with Sphenoid Wing Absence
C:\Users\HishamMo\Desktop\999_cs\Quantum_Inpired_PSO_Classifcation\MRI_dataset\Plexiform Neurofibroma with Sphenoid Wing Absence\Plexiform_Neurofibroma_with_Sphenoid_Wing_Absence390.jpg,Plexiform Neurofibroma with Sphenoid Wing Absence
C:\Users\HishamMo\Desktop\999_cs\Quantum_Inpired_PSO_Classifcation\MRI_dataset\Plexiform Neurofibroma with Sphenoid Wing Absence\Plexiform_Neurofibroma_with_Sphenoid_Wing_Absence391.jpg,Plexiform Neurofibroma with Sphenoid Wing Absence
C:\Users\HishamMo\Desktop\999_cs\Quantum_Inpired_PSO_Classifcation\MRI_dataset\Plexiform Neurofibroma with Sphenoid Wing Absence\Plexiform_Neurofibroma_with_Sphenoid_Wing_Absence392.jpg,Plexiform Neurofibroma with Sphenoid Wing Absence
C:\Users\HishamMo\Desktop\999_cs\Quantum_Inpired_PSO_Classifcation\MRI_dataset\Plexiform Neurofibroma with Sphenoid Wing Absence\Plexiform_Neurofibroma_with_Sphenoid_Wing_Absence393.jpg,Plexiform Neurofibroma with Sphenoid Wing Absence
C:\Users\HishamMo\Desktop\999_cs\Quantum_Inpired_PSO_Classifcation\MRI_dataset\Plexiform Neurofibroma with Sphenoid Wing Absence\Plexiform_Neurofibroma_with_Sphenoid_Wing_Absence394.jpg,Plexiform Neurofibroma with Sphenoid Wing Absence
C:\Users\HishamMo\Desktop\999_cs\Quantum_Inpired_PSO_Classifcation\MRI_dataset\Plexiform Neurofibroma with Sphenoid Wing Absence\Plexiform_Neurofibroma_with_Sphenoid_Wing_Absence395.jpg,Plexiform Neurofibroma with Sphenoid Wing Absence
C:\Users\HishamMo\Desktop\999_cs\Quantum_Inpired_PSO_Classifcation\MRI_dataset\Plexiform Neurofibroma with Sphenoid Wing Absence\Plexiform_Neurofibroma_with_Sphenoid_Wing_Absence396.jpg,Plexiform Neurofibroma with Sphenoid Wing Absence
C:\Users\HishamMo\Desktop\999_cs\Quantum_Inpired_PSO_Classifcation\MRI_dataset\Plexiform Neurofibroma with Sphenoid Wing Absence\Plexiform_Neurofibroma_with_Sphenoid_Wing_Absence397.jpg,Plexiform Neurofibroma with Sphenoid Wing Absence
C:\Users\HishamMo\Desktop\999_cs\Quantum_Inpired_PSO_Classifcation\MRI_dataset\Plexiform Neurofibroma with Sphenoid Wing Absence\Plexiform_Neurofibroma_with_Sphenoid_Wing_Absence398.jpg,Plexiform Neurofibroma with Sphenoid Wing Absence
C:\Users\HishamMo\Desktop\999_cs\Quantum_Inpired_PSO_Classifcation\MRI_dataset\Plexiform Neurofibroma with Sphenoid Wing Absence\Plexiform_Neurofibroma_with_Sphenoid_Wing_Absence399.jpg,Plexiform Neurofibroma with Sphenoid Wing Absence
C:\Users\HishamMo\Desktop\999_cs\Quantum_Inpired_PSO_Classifcation\MRI_dataset\Plexiform Neurofibroma with Sphenoid Wing Absence\Plexiform_Neurofibroma_with_Sphenoid_Wing_Absence400.jpg,Plexiform Neurofibroma with Sphenoid Wing Absence
C:\Users\HishamMo\Desktop\999_cs\Quantum_Inpired_PSO_Classifcation\MRI_dataset\Plexiform Neurofibroma with Sphenoid Wing Absence\Plexiform_Neurofibroma_with_Sphenoid_Wing_Absence401.jpg,Plexiform Neurofibroma with Sphenoid Wing Absence
C:\Users\HishamMo\Desktop\999_cs\Quantum_Inpired_PSO_Classifcation\MRI_dataset\Plexiform Neurofibroma with Sphenoid Wing Absence\Plexiform_Neurofibroma_with_Sphenoid_Wing_Absence402.jpg,Plexiform Neurofibroma with Sphenoid Wing Absence
C:\Users\HishamMo\Desktop\999_cs\Quantum_Inpired_PSO_Classifcation\MRI_dataset\Plexiform Neurofibroma with Sphenoid Wing Absence\Plexiform_Neurofibroma_with_Sphenoid_Wing_Absence403.jpg,Plexiform Neurofibroma with Sphenoid Wing Absence
C:\Users\HishamMo\Desktop\999_cs\Quantum_Inpired_PSO_Classifcation\MRI_dataset\Plexiform Neurofibroma with Sphenoid Wing Absence\Plexiform_Neurofibroma_with_Sphenoid_Wing_Absence404.jpg,Plexiform Neurofibroma with Sphenoid Wing Absence
C:\Users\HishamMo\Desktop\999_cs\Quantum_Inpired_PSO_Classifcation\MRI_dataset\Plexiform Neurofibroma with Sphenoid Wing Absence\Plexiform_Neurofibroma_with_Sphenoid_Wing_Absence405.jpg,Plexiform Neurofibroma with Sphenoid Wing Absence
C:\Users\HishamMo\Desktop\999_cs\Quantum_Inpired_PSO_Classifcation\MRI_dataset\Plexiform Neurofibroma with Sphenoid Wing Absence\Plexiform_Neurofibroma_with_Sphenoid_Wing_Absence406.jpg,Plexiform Neurofibroma with Sphenoid Wing Absence
C:\Users\HishamMo\Desktop\999_cs\Quantum_Inpired_PSO_Classifcation\MRI_dataset\Plexiform Neurofibroma with Sphenoid Wing Absence\Plexiform_Neurofibroma_with_Sphenoid_Wing_Absence407.jpg,Plexiform Neurofibroma with Sphenoid Wing Absence
C:\Users\HishamMo\Desktop\999_cs\Quantum_Inpired_PSO_Classifcation\MRI_dataset\Plexiform Neurofibroma with Sphenoid Wing Absence\Plexiform_Neurofibroma_with_Sphenoid_Wing_Absence408.jpg,Plexiform Neurofibroma with Sphenoid Wing Absence
C:\Users\HishamMo\Desktop\999_cs\Quantum_Inpired_PSO_Classifcation\MRI_dataset\Plexiform Neurofibroma with Sphenoid Wing Absence\Plexiform_Neurofibroma_with_Sphenoid_Wing_Absence409.jpg,Plexiform Neurofibroma with Sphenoid Wing Absence
C:\Users\HishamMo\Desktop\999_cs\Quantum_Inpired_PSO_Classifcation\MRI_dataset\Plexiform Neurofibroma with Sphenoid Wing Absence\Plexiform_Neurofibroma_with_Sphenoid_Wing_Absence410.jpg,Plexiform Neurofibroma with Sphenoid Wing Absence
C:\Users\HishamMo\Desktop\999_cs\Quantum_Inpired_PSO_Classifcation\MRI_dataset\Plexiform Neurofibroma with Sphenoid Wing Absence\Plexiform_Neurofibroma_with_Sphenoid_Wing_Absence411.jpg,Plexiform Neurofibroma with Sphenoid Wing Absence
C:\Users\HishamMo\Desktop\999_cs\Quantum_Inpired_PSO_Classifcation\MRI_dataset\Plexiform Neurofibroma with Sphenoid Wing Absence\Plexiform_Neurofibroma_with_Sphenoid_Wing_Absence412.jpg,Plexiform Neurofibroma with Sphenoid Wing Absence
C:\Users\HishamMo\Desktop\999_cs\Quantum_Inpired_PSO_Classifcation\MRI_dataset\Plexiform Neurofibroma with Sphenoid Wing Absence\Plexiform_Neurofibroma_with_Sphenoid_Wing_Absence413.jpg,Plexiform Neurofibroma with Sphenoid Wing Absence
C:\Users\HishamMo\Desktop\999_cs\Quantum_Inpired_PSO_Classifcation\MRI_dataset\Plexiform Neurofibroma with Sphenoid Wing Absence\Plexiform_Neurofibroma_with_Sphenoid_Wing_Absence414.jpg,Plexiform Neurofibroma with Sphenoid Wing Absence
C:\Users\HishamMo\Desktop\999_cs\Quantum_Inpired_PSO_Classifcation\MRI_dataset\Plexiform Neurofibroma with Sphenoid Wing Absence\Plexiform_Neurofibroma_with_Sphenoid_Wing_Absence415.jpg,Plexiform Neurofibroma with Sphenoid Wing Absence
C:\Users\HishamMo\Desktop\999_cs\Quantum_Inpired_PSO_Classifcation\MRI_dataset\Plexiform Neurofibroma with Sphenoid Wing Absence\Plexiform_Neurofibroma_with_Sphenoid_Wing_Absence416.jpg,Plexiform Neurofibroma with Sphenoid Wing Absence
C:\Users\HishamMo\Desktop\999_cs\Quantum_Inpired_PSO_Classifcation\MRI_dataset\Plexiform Neurofibroma with Sphenoid Wing Absence\Plexiform_Neurofibroma_with_Sphenoid_Wing_Absence417.jpg,Plexiform Neurofibroma with Sphenoid Wing Absence
C:\Users\HishamMo\Desktop\999_cs\Quantum_Inpired_PSO_Classifcation\MRI_dataset\Plexiform Neurofibroma with Sphenoid Wing Absence\Plexiform_Neurofibroma_with_Sphenoid_Wing_Absence418.jpg,Plexiform Neurofibroma with Sphenoid Wing Absence
C:\Users\HishamMo\Desktop\999_cs\Quantum_Inpired_PSO_Classifcation\MRI_dataset\Plexiform Neurofibroma with Sphenoid Wing Absence\Plexiform_Neurofibroma_with_Sphenoid_Wing_Absence419.jpg,Plexiform Neurofibroma with Sphenoid Wing Absence
C:\Users\HishamMo\Desktop\999_cs\Quantum_Inpired_PSO_Classifcation\MRI_dataset\Plexiform Neurofibroma with Sphenoid Wing Absence\Plexiform_Neurofibroma_with_Sphenoid_Wing_Absence420.jpg,Plexiform Neurofibroma with Sphenoid Wing Absence
C:\Users\HishamMo\Desktop\999_cs\Quantum_Inpired_PSO_Classifcation\MRI_dataset\Plexiform Neurofibroma with Sphenoid Wing Absence\Plexiform_Neurofibroma_with_Sphenoid_Wing_Absence421.jpg,Plexiform Neurofibroma with Sphenoid Wing Absence
C:\Users\HishamMo\Desktop\999_cs\Quantum_Inpired_PSO_Classifcation\MRI_dataset\Plexiform Neurofibroma with Sphenoid Wing Absence\Plexiform_Neurofibroma_with_Sphenoid_Wing_Absence422.jpg,Plexiform Neurofibroma with Sphenoid Wing Absence
C:\Users\HishamMo\Desktop\999_cs\Quantum_Inpired_PSO_Classifcation\MRI_dataset\Plexiform Neurofibroma with Sphenoid Wing Absence\Plexiform_Neurofibroma_with_Sphenoid_Wing_Absence423.jpg,Plexiform Neurofibroma with Sphenoid Wing Absence
C:\Users\HishamMo\Desktop\999_cs\Quantum_Inpired_PSO_Classifcation\MRI_dataset\Plexiform Neurofibroma with Sphenoid Wing Absence\Plexiform_Neurofibroma_with_Sphenoid_Wing_Absence424.jpg,Plexiform Neurofibroma with Sphenoid Wing Absence
C:\Users\HishamMo\Desktop\999_cs\Quantum_Inpired_PSO_Classifcation\MRI_dataset\Plexiform Neurofibroma with Sphenoid Wing Absence\Plexiform_Neurofibroma_with_Sphenoid_Wing_Absence425.jpg,Plexiform Neurofibroma with Sphenoid Wing Absence
C:\Users\HishamMo\Desktop\999_cs\Quantum_Inpired_PSO_Classifcation\MRI_dataset\Plexiform Neurofibroma with Sphenoid Wing Absence\Plexiform_Neurofibroma_with_Sphenoid_Wing_Absence426.jpg,Plexiform Neurofibroma with Sphenoid Wing Absence
C:\Users\HishamMo\Desktop\999_cs\Quantum_Inpired_PSO_Classifcation\MRI_dataset\Plexiform Neurofibroma with Sphenoid Wing Absence\Plexiform_Neurofibroma_with_Sphenoid_Wing_Absence427.jpg,Plexiform Neurofibroma with Sphenoid Wing Absence
C:\Users\HishamMo\Desktop\999_cs\Quantum_Inpired_PSO_Classifcation\MRI_dataset\Plexiform Neurofibroma with Sphenoid Wing Absence\Plexiform_Neurofibroma_with_Sphenoid_Wing_Absence428.jpg,Plexiform Neurofibroma with Sphenoid Wing Absence
C:\Users\HishamMo\Desktop\999_cs\Quantum_Inpired_PSO_Classifcation\MRI_dataset\Plexiform Neurofibroma with Sphenoid Wing Absence\Plexiform_Neurofibroma_with_Sphenoid_Wing_Absence429.jpg,Plexiform Neurofibroma with Sphenoid Wing Absence
C:\Users\HishamMo\Desktop\999_cs\Quantum_Inpired_PSO_Classifcation\MRI_dataset\Plexiform Neurofibroma with Sphenoid Wing Absence\Plexiform_Neurofibroma_with_Sphenoid_Wing_Absence430.jpg,Plexiform Neurofibroma with Sphenoid Wing Absence
C:\Users\HishamMo\Desktop\999_cs\Quantum_Inpired_PSO_Classifcation\MRI_dataset\Plexiform Neurofibroma with Sphenoid Wing Absence\Plexiform_Neurofibroma_with_Sphenoid_Wing_Absence431.jpg,Plexiform Neurofibroma with Sphenoid Wing Absence
C:\Users\HishamMo\Desktop\999_cs\Quantum_Inpired_PSO_Classifcation\MRI_dataset\Plexiform Neurofibroma with Sphenoid Wing Absence\Plexiform_Neurofibroma_with_Sphenoid_Wing_Absence432.jpg,Plexiform Neurofibroma with Sphenoid Wing Absence
C:\Users\HishamMo\Desktop\999_cs\Quantum_Inpired_PSO_Classifcation\MRI_dataset\Plexiform Neurofibroma with Sphenoid Wing Absence\Plexiform_Neurofibroma_with_Sphenoid_Wing_Absence433.jpg,Plexiform Neurofibroma with Sphenoid Wing Absence
C:\Users\HishamMo\Desktop\999_cs\Quantum_Inpired_PSO_Classifcation\MRI_dataset\Plexiform Neurofibroma with Sphenoid Wing Absence\Plexiform_Neurofibroma_with_Sphenoid_Wing_Absence434.jpg,Plexiform Neurofibroma with Sphenoid Wing Absence
C:\Users\HishamMo\Desktop\999_cs\Quantum_Inpired_PSO_Classifcation\MRI_dataset\Plexiform Neurofibroma with Sphenoid Wing Absence\Plexiform_Neurofibroma_with_Sphenoid_Wing_Absence435.jpg,Plexiform Neurofibroma with Sphenoid Wing Absence
C:\Users\HishamMo\Desktop\999_cs\Quantum_Inpired_PSO_Classifcation\MRI_dataset\Plexiform Neurofibroma with Sphenoid Wing Absence\Plexiform_Neurofibroma_with_Sphenoid_Wing_Absence436.jpg,Plexiform Neurofibroma with Sphenoid Wing Absence
C:\Users\HishamMo\Desktop\999_cs\Quantum_Inpired_PSO_Classifcation\MRI_dataset\Plexiform Neurofibroma with Sphenoid Wing Absence\Plexiform_Neurofibroma_with_Sphenoid_Wing_Absence437.jpg,Plexiform Neurofibroma with Sphenoid Wing Absence
C:\Users\HishamMo\Desktop\999_cs\Quantum_Inpired_PSO_Classifcation\MRI_dataset\Plexiform Neurofibroma with Sphenoid Wing Absence\Plexiform_Neurofibroma_with_Sphenoid_Wing_Absence438.jpg,Plexiform Neurofibroma with Sphenoid Wing Absence
C:\Users\HishamMo\Desktop\999_cs\Quantum_Inpired_PSO_Classifcation\MRI_dataset\Plexiform Neurofibroma with Sphenoid Wing Absence\Plexiform_Neurofibroma_with_Sphenoid_Wing_Absence439.jpg,Plexiform Neurofibroma with Sphenoid Wing Absence
C:\Users\HishamMo\Desktop\999_cs\Quantum_Inpired_PSO_Classifcation\MRI_dataset\Plexiform Neurofibroma with Sphenoid Wing Absence\Plexiform_Neurofibroma_with_Sphenoid_Wing_Absence440.jpg,Plexiform Neurofibroma with Sphenoid Wing Absence
C:\Users\HishamMo\Desktop\999_cs\Quantum_Inpired_PSO_Classifcation\MRI_dataset\Plexiform Neurofibroma with Sphenoid Wing Absence\Plexiform_Neurofibroma_with_Sphenoid_Wing_Absence441.jpg,Plexiform Neurofibroma with Sphenoid Wing Absence
C:\Users\HishamMo\Desktop\999_cs\Quantum_Inpired_PSO_Classifcation\MRI_dataset\Plexiform Neurofibroma with Sphenoid Wing Absence\Plexiform_Neurofibroma_with_Sphenoid_Wing_Absence442.jpg,Plexiform Neurofibroma with Sphenoid Wing Absence
C:\Users\HishamMo\Desktop\999_cs\Quantum_Inpired_PSO_Classifcation\MRI_dataset\Plexiform Neurofibroma with Sphenoid Wing Absence\Plexiform_Neurofibroma_with_Sphenoid_Wing_Absence443.jpg,Plexiform Neurofibroma with Sphenoid Wing Absence
C:\Users\HishamMo\Desktop\999_cs\Quantum_Inpired_PSO_Classifcation\MRI_dataset\Plexiform Neurofibroma with Sphenoid Wing Absence\Plexiform_Neurofibroma_with_Sphenoid_Wing_Absence444.jpg,Plexiform Neurofibroma with Sphenoid Wing Absence
C:\Users\HishamMo\Desktop\999_cs\Quantum_Inpired_PSO_Classifcation\MRI_dataset\Plexiform Neurofibroma with Sphenoid Wing Absence\Plexiform_Neurofibroma_with_Sphenoid_Wing_Absence445.jpg,Plexiform Neurofibroma with Sphenoid Wing Absence
C:\Users\HishamMo\Desktop\999_cs\Quantum_Inpired_PSO_Classifcation\MRI_dataset\Plexiform Neurofibroma with Sphenoid Wing Absence\Plexiform_Neurofibroma_with_Sphenoid_Wing_Absence446.jpg,Plexiform Neurofibroma with Sphenoid Wing Absence
C:\Users\HishamMo\Desktop\999_cs\Quantum_Inpired_PSO_Classifcation\MRI_dataset\Plexiform Neurofibroma with Sphenoid Wing Absence\Plexiform_Neurofibroma_with_Sphenoid_Wing_Absence447.jpg,Plexiform Neurofibroma with Sphenoid Wing Absence
C:\Users\HishamMo\Desktop\999_cs\Quantum_Inpired_PSO_Classifcation\MRI_dataset\Plexiform Neurofibroma with Sphenoid Wing Absence\Plexiform_Neurofibroma_with_Sphenoid_Wing_Absence448.jpg,Plexiform Neurofibroma with Sphenoid Wing Absence
C:\Users\HishamMo\Desktop\999_cs\Quantum_Inpired_PSO_Classifcation\MRI_dataset\Plexiform Neurofibroma with Sphenoid Wing Absence\Plexiform_Neurofibroma_with_Sphenoid_Wing_Absence449.jpg,Plexiform Neurofibroma with Sphenoid Wing Absence
C:\Users\HishamMo\Desktop\999_cs\Quantum_Inpired_PSO_Classifcation\MRI_dataset\Plexiform Neurofibroma with Sphenoid Wing Absence\Plexiform_Neurofibroma_with_Sphenoid_Wing_Absence450.jpg,Plexiform Neurofibroma with Sphenoid Wing Absence
C:\Users\HishamMo\Desktop\999_cs\Quantum_Inpired_PSO_Classifcation\MRI_dataset\Plexiform Neurofibroma with Sphenoid Wing Absence\Plexiform_Neurofibroma_with_Sphenoid_Wing_Absence451.jpg,Plexiform Neurofibroma with Sphenoid Wing Absence
C:\Users\HishamMo\Desktop\999_cs\Quantum_Inpired_PSO_Classifcation\MRI_dataset\Plexiform Neurofibroma with Sphenoid Wing Absence\Plexiform_Neurofibroma_with_Sphenoid_Wing_Absence452.jpg,Plexiform Neurofibroma with Sphenoid Wing Absence
C:\Users\HishamMo\Desktop\999_cs\Quantum_Inpired_PSO_Classifcation\MRI_dataset\Plexiform Neurofibroma with Sphenoid Wing Absence\Plexiform_Neurofibroma_with_Sphenoid_Wing_Absence453.jpg,Plexiform Neurofibroma with Sphenoid Wing Absence
C:\Users\HishamMo\Desktop\999_cs\Quantum_Inpired_PSO_Classifcation\MRI_dataset\Plexiform Neurofibroma with Sphenoid Wing Absence\Plexiform_Neurofibroma_with_Sphenoid_Wing_Absence454.jpg,Plexiform Neurofibroma with Sphenoid Wing Absence
C:\Users\HishamMo\Desktop\999_cs\Quantum_Inpired_PSO_Classifcation\MRI_dataset\Plexiform Neurofibroma with Sphenoid Wing Absence\Plexiform_Neurofibroma_with_Sphenoid_Wing_Absence455.jpg,Plexiform Neurofibroma with Sphenoid Wing Absence
C:\Users\HishamMo\Desktop\999_cs\Quantum_Inpired_PSO_Classifcation\MRI_dataset\Plexiform Neurofibroma with Sphenoid Wing Absence\Plexiform_Neurofibroma_with_Sphenoid_Wing_Absence456.jpg,Plexiform Neurofibroma with Sphenoid Wing Absence
C:\Users\HishamMo\Desktop\999_cs\Quantum_Inpired_PSO_Classifcation\MRI_dataset\Plexiform Neurofibroma with Sphenoid Wing Absence\Plexiform_Neurofibroma_with_Sphenoid_Wing_Absence457.jpg,Plexiform Neurofibroma with Sphenoid Wing Absence
C:\Users\HishamMo\Desktop\999_cs\Quantum_Inpired_PSO_Classifcation\MRI_dataset\Plexiform Neurofibroma with Sphenoid Wing Absence\Plexiform_Neurofibroma_with_Sphenoid_Wing_Absence458.jpg,Plexiform Neurofibroma with Sphenoid Wing Absence
C:\Users\HishamMo\Desktop\999_cs\Quantum_Inpired_PSO_Classifcation\MRI_dataset\Plexiform Neurofibroma with Sphenoid Wing Absence\Plexiform_Neurofibroma_with_Sphenoid_Wing_Absence459.jpg,Plexiform Neurofibroma with Sphenoid Wing Absence
C:\Users\HishamMo\Desktop\999_cs\Quantum_Inpired_PSO_Classifcation\MRI_dataset\Plexiform Neurofibroma with Sphenoid Wing Absence\Plexiform_Neurofibroma_with_Sphenoid_Wing_Absence460.jpg,Plexiform Neurofibroma with Sphenoid Wing Absence
C:\Users\HishamMo\Desktop\999_cs\Quantum_Inpired_PSO_Classifcation\MRI_dataset\Plexiform Neurofibroma with Sphenoid Wing Absence\Plexiform_Neurofibroma_with_Sphenoid_Wing_Absence461.jpg,Plexiform Neurofibroma with Sphenoid Wing Absence
C:\Users\HishamMo\Desktop\999_cs\Quantum_Inpired_PSO_Classifcation\MRI_dataset\Plexiform Neurofibroma with Sphenoid Wing Absence\Plexiform_Neurofibroma_with_Sphenoid_Wing_Absence462.jpg,Plexiform Neurofibroma with Sphenoid Wing Absence
C:\Users\HishamMo\Desktop\999_cs\Quantum_Inpired_PSO_Classifcation\MRI_dataset\Plexiform Neurofibroma with Sphenoid Wing Absence\Plexiform_Neurofibroma_with_Sphenoid_Wing_Absence463.jpg,Plexiform Neurofibroma with Sphenoid Wing Absence
C:\Users\HishamMo\Desktop\999_cs\Quantum_Inpired_PSO_Classifcation\MRI_dataset\Plexiform Neurofibroma with Sphenoid Wing Absence\Plexiform_Neurofibroma_with_Sphenoid_Wing_Absence464.jpg,Plexiform Neurofibroma with Sphenoid Wing Absence
C:\Users\HishamMo\Desktop\999_cs\Quantum_Inpired_PSO_Classifcation\MRI_dataset\Plexiform Neurofibroma with Sphenoid Wing Absence\Plexiform_Neurofibroma_with_Sphenoid_Wing_Absence465.jpg,Plexiform Neurofibroma with Sphenoid Wing Absence
C:\Users\HishamMo\Desktop\999_cs\Quantum_Inpired_PSO_Classifcation\MRI_dataset\Plexiform Neurofibroma with Sphenoid Wing Absence\Plexiform_Neurofibroma_with_Sphenoid_Wing_Absence466.jpg,Plexiform Neurofibroma with Sphenoid Wing Absence
C:\Users\HishamMo\Desktop\999_cs\Quantum_Inpired_PSO_Classifcation\MRI_dataset\Plexiform Neurofibroma with Sphenoid Wing Absence\Plexiform_Neurofibroma_with_Sphenoid_Wing_Absence467.jpg,Plexiform Neurofibroma with Sphenoid Wing Absence
C:\Users\HishamMo\Desktop\999_cs\Quantum_Inpired_PSO_Classifcation\MRI_dataset\Plexiform Neurofibroma with Sphenoid Wing Absence\Plexiform_Neurofibroma_with_Sphenoid_Wing_Absence468.jpg,Plexiform Neurofibroma with Sphenoid Wing Absence
C:\Users\HishamMo\Desktop\999_cs\Quantum_Inpired_PSO_Classifcation\MRI_dataset\Plexiform Neurofibroma with Sphenoid Wing Absence\Plexiform_Neurofibroma_with_Sphenoid_Wing_Absence469.jpg,Plexiform Neurofibroma with Sphenoid Wing Absence
C:\Users\HishamMo\Desktop\999_cs\Quantum_Inpired_PSO_Classifcation\MRI_dataset\Plexiform Neurofibroma with Sphenoid Wing Absence\Plexiform_Neurofibroma_with_Sphenoid_Wing_Absence470.jpg,Plexiform Neurofibroma with Sphenoid Wing Absence
C:\Users\HishamMo\Desktop\999_cs\Quantum_Inpired_PSO_Classifcation\MRI_dataset\Plexiform Neurofibroma with Sphenoid Wing Absence\Plexiform_Neurofibroma_with_Sphenoid_Wing_Absence471.jpg,Plexiform Neurofibroma with Sphenoid Wing Absence
C:\Users\HishamMo\Desktop\999_cs\Quantum_Inpired_PSO_Classifcation\MRI_dataset\Plexiform Neurofibroma with Sphenoid Wing Absence\Plexiform_Neurofibroma_with_Sphenoid_Wing_Absence472.jpg,Plexiform Neurofibroma with Sphenoid Wing Absence
C:\Users\HishamMo\Desktop\999_cs\Quantum_Inpired_PSO_Classifcation\MRI_dataset\Plexiform Neurofibroma with Sphenoid Wing Absence\Plexiform_Neurofibroma_with_Sphenoid_Wing_Absence473.jpg,Plexiform Neurofibroma with Sphenoid Wing Absence
C:\Users\HishamMo\Desktop\999_cs\Quantum_Inpired_PSO_Classifcation\MRI_dataset\Plexiform Neurofibroma with Sphenoid Wing Absence\Plexiform_Neurofibroma_with_Sphenoid_Wing_Absence474.jpg,Plexiform Neurofibroma with Sphenoid Wing Absence
C:\Users\HishamMo\Desktop\999_cs\Quantum_Inpired_PSO_Classifcation\MRI_dataset\Plexiform Neurofibroma with Sphenoid Wing Absence\Plexiform_Neurofibroma_with_Sphenoid_Wing_Absence475.jpg,Plexiform Neurofibroma with Sphenoid Wing Absence
C:\Users\HishamMo\Desktop\999_cs\Quantum_Inpired_PSO_Classifcation\MRI_dataset\Plexiform Neurofibroma with Sphenoid Wing Absence\Plexiform_Neurofibroma_with_Sphenoid_Wing_Absence476.jpg,Plexiform Neurofibroma with Sphenoid Wing Absence
C:\Users\HishamMo\Desktop\999_cs\Quantum_Inpired_PSO_Classifcation\MRI_dataset\Plexiform Neurofibroma with Sphenoid Wing Absence\Plexiform_Neurofibroma_with_Sphenoid_Wing_Absence477.jpg,Plexiform Neurofibroma with Sphenoid Wing Absence
C:\Users\HishamMo\Desktop\999_cs\Quantum_Inpired_PSO_Classifcation\MRI_dataset\Plexiform Neurofibroma with Sphenoid Wing Absence\Plexiform_Neurofibroma_with_Sphenoid_Wing_Absence478.jpg,Plexiform Neurofibroma with Sphenoid Wing Absence
C:\Users\HishamMo\Desktop\999_cs\Quantum_Inpired_PSO_Classifcation\MRI_dataset\Plexiform Neurofibroma with Sphenoid Wing Absence\Plexiform_Neurofibroma_with_Sphenoid_Wing_Absence479.jpg,Plexiform Neurofibroma with Sphenoid Wing Absence
C:\Users\HishamMo\Desktop\999_cs\Quantum_Inpired_PSO_Classifcation\MRI_dataset\Plexiform Neurofibroma with Sphenoid Wing Absence\Plexiform_Neurofibroma_with_Sphenoid_Wing_Absence480.jpg,Plexiform Neurofibroma with Sphenoid Wing Absence
C:\Users\HishamMo\Desktop\999_cs\Quantum_Inpired_PSO_Classifcation\MRI_dataset\Plexiform Neurofibroma with Sphenoid Wing Absence\Plexiform_Neurofibroma_with_Sphenoid_Wing_Absence481.jpg,Plexiform Neurofibroma with Sphenoid Wing Absence
C:\Users\HishamMo\Desktop\999_cs\Quantum_Inpired_PSO_Classifcation\MRI_dataset\Plexiform Neurofibroma with Sphenoid Wing Absence\Plexiform_Neurofibroma_with_Sphenoid_Wing_Absence482.jpg,Plexiform Neurofibroma with Sphenoid Wing Absence
C:\Users\HishamMo\Desktop\999_cs\Quantum_Inpired_PSO_Classifcation\MRI_dataset\Plexiform Neurofibroma with Sphenoid Wing Absence\Plexiform_Neurofibroma_with_Sphenoid_Wing_Absence483.jpg,Plexiform Neurofibroma with Sphenoid Wing Absence
C:\Users\HishamMo\Desktop\999_cs\Quantum_Inpired_PSO_Classifcation\MRI_dataset\Plexiform Neurofibroma with Sphenoid Wing Absence\Plexiform_Neurofibroma_with_Sphenoid_Wing_Absence484.jpg,Plexiform Neurofibroma with Sphenoid Wing Absence
C:\Users\HishamMo\Desktop\999_cs\Quantum_Inpired_PSO_Classifcation\MRI_dataset\Plexiform Neurofibroma with Sphenoid Wing Absence\Plexiform_Neurofibroma_with_Sphenoid_Wing_Absence485.jpg,Plexiform Neurofibroma with Sphenoid Wing Absence
C:\Users\HishamMo\Desktop\999_cs\Quantum_Inpired_PSO_Classifcation\MRI_dataset\Plexiform Neurofibroma with Sphenoid Wing Absence\Plexiform_Neurofibroma_with_Sphenoid_Wing_Absence486.jpg,Plexiform Neurofibroma with Sphenoid Wing Absence
C:\Users\HishamMo\Desktop\999_cs\Quantum_Inpired_PSO_Classifcation\MRI_dataset\Plexiform Neurofibroma with Sphenoid Wing Absence\Plexiform_Neurofibroma_with_Sphenoid_Wing_Absence487.jpg,Plexiform Neurofibroma with Sphenoid Wing Absence
C:\Users\HishamMo\Desktop\999_cs\Quantum_Inpired_PSO_Classifcation\MRI_dataset\Plexiform Neurofibroma with Sphenoid Wing Absence\Plexiform_Neurofibroma_with_Sphenoid_Wing_Absence488.jpg,Plexiform Neurofibroma with Sphenoid Wing Absence
C:\Users\HishamMo\Desktop\999_cs\Quantum_Inpired_PSO_Classifcation\MRI_dataset\Plexiform Neurofibroma with Sphenoid Wing Absence\Plexiform_Neurofibroma_with_Sphenoid_Wing_Absence489.jpg,Plexiform Neurofibroma with Sphenoid Wing Absence
C:\Users\HishamMo\Desktop\999_cs\Quantum_Inpired_PSO_Classifcation\MRI_dataset\Plexiform Neurofibroma with Sphenoid Wing Absence\Plexiform_Neurofibroma_with_Sphenoid_Wing_Absence490.jpg,Plexiform Neurofibroma with Sphenoid Wing Absence
C:\Users\HishamMo\Desktop\999_cs\Quantum_Inpired_PSO_Classifcation\MRI_dataset\Plexiform Neurofibroma with Sphenoid Wing Absence\Plexiform_Neurofibroma_with_Sphenoid_Wing_Absence491.jpg,Plexiform Neurofibroma with Sphenoid Wing Absence
C:\Users\HishamMo\Desktop\999_cs\Quantum_Inpired_PSO_Classifcation\MRI_dataset\Plexiform Neurofibroma with Sphenoid Wing Absence\Plexiform_Neurofibroma_with_Sphenoid_Wing_Absence492.jpg,Plexiform Neurofibroma with Sphenoid Wing Absence
C:\Users\HishamMo\Desktop\999_cs\Quantum_Inpired_PSO_Classifcation\MRI_dataset\Plexiform Neurofibroma with Sphenoid Wing Absence\Plexiform_Neurofibroma_with_Sphenoid_Wing_Absence493.jpg,Plexiform Neurofibroma with Sphenoid Wing Absence
C:\Users\HishamMo\Desktop\999_cs\Quantum_Inpired_PSO_Classifcation\MRI_dataset\Plexiform Neurofibroma with Sphenoid Wing Absence\Plexiform_Neurofibroma_with_Sphenoid_Wing_Absence494.jpg,Plexiform Neurofibroma with Sphenoid Wing Absence
C:\Users\HishamMo\Desktop\999_cs\Quantum_Inpired_PSO_Classifcation\MRI_dataset\Plexiform Neurofibroma with Sphenoid Wing Absence\Plexiform_Neurofibroma_with_Sphenoid_Wing_Absence495.jpg,Plexiform Neurofibroma with Sphenoid Wing Absence
C:\Users\HishamMo\Desktop\999_cs\Quantum_Inpired_PSO_Classifcation\MRI_dataset\Plexiform Neurofibroma with Sphenoid Wing Absence\Plexiform_Neurofibroma_with_Sphenoid_Wing_Absence496.jpg,Plexiform Neurofibroma with Sphenoid Wing Absence
C:\Users\HishamMo\Desktop\999_cs\Quantum_Inpired_PSO_Classifcation\MRI_dataset\Plexiform Neurofibroma with Sphenoid Wing Absence\Plexiform_Neurofibroma_with_Sphenoid_Wing_Absence497.jpg,Plexiform Neurofibroma with Sphenoid Wing Absence
C:\Users\HishamMo\Desktop\999_cs\Quantum_Inpired_PSO_Classifcation\MRI_dataset\Plexiform Neurofibroma with Sphenoid Wing Absence\Plexiform_Neurofibroma_with_Sphenoid_Wing_Absence498.jpg,Plexiform Neurofibroma with Sphenoid Wing Absence
C:\Users\HishamMo\Desktop\999_cs\Quantum_Inpired_PSO_Classifcation\MRI_dataset\Plexiform Neurofibroma with Sphenoid Wing Absence\Plexiform_Neurofibroma_with_Sphenoid_Wing_Absence499.jpg,Plexiform Neurofibroma with Sphenoid Wing Absence
C:\Users\HishamMo\Desktop\999_cs\Quantum_Inpired_PSO_Classifcation\MRI_dataset\Plexiform Neurofibroma with Sphenoid Wing Absence\Plexiform_Neurofibroma_with_Sphenoid_Wing_Absence500.jpg,Plexiform Neurofibroma with Sphenoid Wing Absence
C:\Users\HishamMo\Desktop\999_cs\Quantum_Inpired_PSO_Classifcation\MRI_dataset\Plexiform Neurofibroma with Sphenoid Wing Absence\Plexiform_Neurofibroma_with_Sphenoid_Wing_Absence501.jpg,Plexiform Neurofibroma with Sphenoid Wing Absence
C:\Users\HishamMo\Desktop\999_cs\Quantum_Inpired_PSO_Classifcation\MRI_dataset\Plexiform Neurofibroma with Sphenoid Wing Absence\Plexiform_Neurofibroma_with_Sphenoid_Wing_Absence502.jpg,Plexiform Neurofibroma with Sphenoid Wing Absence
C:\Users\HishamMo\Desktop\999_cs\Quantum_Inpired_PSO_Classifcation\MRI_dataset\Plexiform Neurofibroma with Sphenoid Wing Absence\Plexiform_Neurofibroma_with_Sphenoid_Wing_Absence503.jpg,Plexiform Neurofibroma with Sphenoid Wing Absence
C:\Users\HishamMo\Desktop\999_cs\Quantum_Inpired_PSO_Classifcation\MRI_dataset\Plexiform Neurofibroma with Sphenoid Wing Absence\Plexiform_Neurofibroma_with_Sphenoid_Wing_Absence504.jpg,Plexiform Neurofibroma with Sphenoid Wing Absence
C:\Users\HishamMo\Desktop\999_cs\Quantum_Inpired_PSO_Classifcation\MRI_dataset\Plexiform Neurofibroma with Sphenoid Wing Absence\Plexiform_Neurofibroma_with_Sphenoid_Wing_Absence505.jpg,Plexiform Neurofibroma with Sphenoid Wing Absence
C:\Users\HishamMo\Desktop\999_cs\Quantum_Inpired_PSO_Classifcation\MRI_dataset\Plexiform Neurofibroma with Sphenoid Wing Absence\Plexiform_Neurofibroma_with_Sphenoid_Wing_Absence506.jpg,Plexiform Neurofibroma with Sphenoid Wing Absence
C:\Users\HishamMo\Desktop\999_cs\Quantum_Inpired_PSO_Classifcation\MRI_dataset\Plexiform Neurofibroma with Sphenoid Wing Absence\Plexiform_Neurofibroma_with_Sphenoid_Wing_Absence507.jpg,Plexiform Neurofibroma with Sphenoid Wing Absence
C:\Users\HishamMo\Desktop\999_cs\Quantum_Inpired_PSO_Classifcation\MRI_dataset\Plexiform Neurofibroma with Sphenoid Wing Absence\Plexiform_Neurofibroma_with_Sphenoid_Wing_Absence508.jpg,Plexiform Neurofibroma with Sphenoid Wing Absence
C:\Users\HishamMo\Desktop\999_cs\Quantum_Inpired_PSO_Classifcation\MRI_dataset\Plexiform Neurofibroma with Sphenoid Wing Absence\Plexiform_Neurofibroma_with_Sphenoid_Wing_Absence509.jpg,Plexiform Neurofibroma with Sphenoid Wing Absence
C:\Users\HishamMo\Desktop\999_cs\Quantum_Inpired_PSO_Classifcation\MRI_dataset\Plexiform Neurofibroma with Sphenoid Wing Absence\Plexiform_Neurofibroma_with_Sphenoid_Wing_Absence510.jpg,Plexiform Neurofibroma with Sphenoid Wing Absence
C:\Users\HishamMo\Desktop\999_cs\Quantum_Inpired_PSO_Classifcation\MRI_dataset\Plexiform Neurofibroma with Sphenoid Wing Absence\Plexiform_Neurofibroma_with_Sphenoid_Wing_Absence511.jpg,Plexiform Neurofibroma with Sphenoid Wing Absence
C:\Users\HishamMo\Desktop\999_cs\Quantum_Inpired_PSO_Classifcation\MRI_dataset\Plexiform Neurofibroma with Sphenoid Wing Absence\Plexiform_Neurofibroma_with_Sphenoid_Wing_Absence512.jpg,Plexiform Neurofibroma with Sphenoid Wing Absence
C:\Users\HishamMo\Desktop\999_cs\Quantum_Inpired_PSO_Classifcation\MRI_dataset\Plexiform Neurofibroma with Sphenoid Wing Absence\Plexiform_Neurofibroma_with_Sphenoid_Wing_Absence513.jpg,Plexiform Neurofibroma with Sphenoid Wing Absence
C:\Users\HishamMo\Desktop\999_cs\Quantum_Inpired_PSO_Classifcation\MRI_dataset\Plexiform Neurofibroma with Sphenoid Wing Absence\Plexiform_Neurofibroma_with_Sphenoid_Wing_Absence514.jpg,Plexiform Neurofibroma with Sphenoid Wing Absence
C:\Users\HishamMo\Desktop\999_cs\Quantum_Inpired_PSO_Classifcation\MRI_dataset\Plexiform Neurofibroma with Sphenoid Wing Absence\Plexiform_Neurofibroma_with_Sphenoid_Wing_Absence515.jpg,Plexiform Neurofibroma with Sphenoid Wing Absence
C:\Users\HishamMo\Desktop\999_cs\Quantum_Inpired_PSO_Classifcation\MRI_dataset\Plexiform Neurofibroma with Sphenoid Wing Absence\Plexiform_Neurofibroma_with_Sphenoid_Wing_Absence516.jpg,Plexiform Neurofibroma with Sphenoid Wing Absence
C:\Users\HishamMo\Desktop\999_cs\Quantum_Inpired_PSO_Classifcation\MRI_dataset\Plexiform Neurofibroma with Sphenoid Wing Absence\Plexiform_Neurofibroma_with_Sphenoid_Wing_Absence517.jpg,Plexiform Neurofibroma with Sphenoid Wing Absence
C:\Users\HishamMo\Desktop\999_cs\Quantum_Inpired_PSO_Classifcation\MRI_dataset\Plexiform Neurofibroma with Sphenoid Wing Absence\Plexiform_Neurofibroma_with_Sphenoid_Wing_Absence518.jpg,Plexiform Neurofibroma with Sphenoid Wing Absence
C:\Users\HishamMo\Desktop\999_cs\Quantum_Inpired_PSO_Classifcation\MRI_dataset\Plexiform Neurofibroma with Sphenoid Wing Absence\Plexiform_Neurofibroma_with_Sphenoid_Wing_Absence519.jpg,Plexiform Neurofibroma with Sphenoid Wing Absence
C:\Users\HishamMo\Desktop\999_cs\Quantum_Inpired_PSO_Classifcation\MRI_dataset\Plexiform Neurofibroma with Sphenoid Wing Absence\Plexiform_Neurofibroma_with_Sphenoid_Wing_Absence520.jpg,Plexiform Neurofibroma with Sphenoid Wing Absence
C:\Users\HishamMo\Desktop\999_cs\Quantum_Inpired_PSO_Classifcation\MRI_dataset\Plexiform Neurofibroma with Sphenoid Wing Absence\Plexiform_Neurofibroma_with_Sphenoid_Wing_Absence521.jpg,Plexiform Neurofibroma with Sphenoid Wing Absence
C:\Users\HishamMo\Desktop\999_cs\Quantum_Inpired_PSO_Classifcation\MRI_dataset\Plexiform Neurofibroma with Sphenoid Wing Absence\Plexiform_Neurofibroma_with_Sphenoid_Wing_Absence522.jpg,Plexiform Neurofibroma with Sphenoid Wing Absence
C:\Users\HishamMo\Desktop\999_cs\Quantum_Inpired_PSO_Classifcation\MRI_dataset\Plexiform Neurofibroma with Sphenoid Wing Absence\Plexiform_Neurofibroma_with_Sphenoid_Wing_Absence523.jpg,Plexiform Neurofibroma with Sphenoid Wing Absence
C:\Users\HishamMo\Desktop\999_cs\Quantum_Inpired_PSO_Classifcation\MRI_dataset\Plexiform Neurofibroma with Sphenoid Wing Absence\Plexiform_Neurofibroma_with_Sphenoid_Wing_Absence524.jpg,Plexiform Neurofibroma with Sphenoid Wing Absence
C:\Users\HishamMo\Desktop\999_cs\Quantum_Inpired_PSO_Classifcation\MRI_dataset\Plexiform Neurofibroma with Sphenoid Wing Absence\Plexiform_Neurofibroma_with_Sphenoid_Wing_Absence525.jpg,Plexiform Neurofibroma with Sphenoid Wing Absence
C:\Users\HishamMo\Desktop\999_cs\Quantum_Inpired_PSO_Classifcation\MRI_dataset\Plexiform Neurofibroma with Sphenoid Wing Absence\Plexiform_Neurofibroma_with_Sphenoid_Wing_Absence526.jpg,Plexiform Neurofibroma with Sphenoid Wing Absence
C:\Users\HishamMo\Desktop\999_cs\Quantum_Inpired_PSO_Classifcation\MRI_dataset\Plexiform Neurofibroma with Sphenoid Wing Absence\Plexiform_Neurofibroma_with_Sphenoid_Wing_Absence527.jpg,Plexiform Neurofibroma with Sphenoid Wing Absence
C:\Users\HishamMo\Desktop\999_cs\Quantum_Inpired_PSO_Classifcation\MRI_dataset\Plexiform Neurofibroma with Sphenoid Wing Absence\Plexiform_Neurofibroma_with_Sphenoid_Wing_Absence528.jpg,Plexiform Neurofibroma with Sphenoid Wing Absence
C:\Users\HishamMo\Desktop\999_cs\Quantum_Inpired_PSO_Classifcation\MRI_dataset\Plexiform Neurofibroma with Sphenoid Wing Absence\Plexiform_Neurofibroma_with_Sphenoid_Wing_Absence529.jpg,Plexiform Neurofibroma with Sphenoid Wing Absence
C:\Users\HishamMo\Desktop\999_cs\Quantum_Inpired_PSO_Classifcation\MRI_dataset\Plexiform Neurofibroma with Sphenoid Wing Absence\Plexiform_Neurofibroma_with_Sphenoid_Wing_Absence530.jpg,Plexiform Neurofibroma with Sphenoid Wing Absence
C:\Users\HishamMo\Desktop\999_cs\Quantum_Inpired_PSO_Classifcation\MRI_dataset\Plexiform Neurofibroma with Sphenoid Wing Absence\Plexiform_Neurofibroma_with_Sphenoid_Wing_Absence531.jpg,Plexiform Neurofibroma with Sphenoid Wing Absence
C:\Users\HishamMo\Desktop\999_cs\Quantum_Inpired_PSO_Classifcation\MRI_dataset\Plexiform Neurofibroma with Sphenoid Wing Absence\Plexiform_Neurofibroma_with_Sphenoid_Wing_Absence532.jpg,Plexiform Neurofibroma with Sphenoid Wing Absence
C:\Users\HishamMo\Desktop\999_cs\Quantum_Inpired_PSO_Classifcation\MRI_dataset\Plexiform Neurofibroma with Sphenoid Wing Absence\Plexiform_Neurofibroma_with_Sphenoid_Wing_Absence533.jpg,Plexiform Neurofibroma with Sphenoid Wing Absence
C:\Users\HishamMo\Desktop\999_cs\Quantum_Inpired_PSO_Classifcation\MRI_dataset\Plexiform Neurofibroma with Sphenoid Wing Absence\Plexiform_Neurofibroma_with_Sphenoid_Wing_Absence534.jpg,Plexiform Neurofibroma with Sphenoid Wing Absence
C:\Users\HishamMo\Desktop\999_cs\Quantum_Inpired_PSO_Classifcation\MRI_dataset\Plexiform Neurofibroma with Sphenoid Wing Absence\Plexiform_Neurofibroma_with_Sphenoid_Wing_Absence535.jpg,Plexiform Neurofibroma with Sphenoid Wing Absence
C:\Users\HishamMo\Desktop\999_cs\Quantum_Inpired_PSO_Classifcation\MRI_dataset\Plexiform Neurofibroma with Sphenoid Wing Absence\Plexiform_Neurofibroma_with_Sphenoid_Wing_Absence536.jpg,Plexiform Neurofibroma with Sphenoid Wing Absence
C:\Users\HishamMo\Desktop\999_cs\Quantum_Inpired_PSO_Classifcation\MRI_dataset\Plexiform Neurofibroma with Sphenoid Wing Absence\Plexiform_Neurofibroma_with_Sphenoid_Wing_Absence537.jpg,Plexiform Neurofibroma with Sphenoid Wing Absence
C:\Users\HishamMo\Desktop\999_cs\Quantum_Inpired_PSO_Classifcation\MRI_dataset\Plexiform Neurofibroma with Sphenoid Wing Absence\Plexiform_Neurofibroma_with_Sphenoid_Wing_Absence538.jpg,Plexiform Neurofibroma with Sphenoid Wing Absence
C:\Users\HishamMo\Desktop\999_cs\Quantum_Inpired_PSO_Classifcation\MRI_dataset\Plexiform Neurofibroma with Sphenoid Wing Absence\Plexiform_Neurofibroma_with_Sphenoid_Wing_Absence539.jpg,Plexiform Neurofibroma with Sphenoid Wing Absence
C:\Users\HishamMo\Desktop\999_cs\Quantum_Inpired_PSO_Classifcation\MRI_dataset\Plexiform Neurofibroma with Sphenoid Wing Absence\Plexiform_Neurofibroma_with_Sphenoid_Wing_Absence540.jpg,Plexiform Neurofibroma with Sphenoid Wing Absence
C:\Users\HishamMo\Desktop\999_cs\Quantum_Inpired_PSO_Classifcation\MRI_dataset\Plexiform Neurofibroma with Sphenoid Wing Absence\Plexiform_Neurofibroma_with_Sphenoid_Wing_Absence541.jpg,Plexiform Neurofibroma with Sphenoid Wing Absence
C:\Users\HishamMo\Desktop\999_cs\Quantum_Inpired_PSO_Classifcation\MRI_dataset\Plexiform Neurofibroma with Sphenoid Wing Absence\Plexiform_Neurofibroma_with_Sphenoid_Wing_Absence542.jpg,Plexiform Neurofibroma with Sphenoid Wing Absence
C:\Users\HishamMo\Desktop\999_cs\Quantum_Inpired_PSO_Classifcation\MRI_dataset\Plexiform Neurofibroma with Sphenoid Wing Absence\Plexiform_Neurofibroma_with_Sphenoid_Wing_Absence543.jpg,Plexiform Neurofibroma with Sphenoid Wing Absence
C:\Users\HishamMo\Desktop\999_cs\Quantum_Inpired_PSO_Classifcation\MRI_dataset\Plexiform Neurofibroma with Sphenoid Wing Absence\Plexiform_Neurofibroma_with_Sphenoid_Wing_Absence544.jpg,Plexiform Neurofibroma with Sphenoid Wing Absence
C:\Users\HishamMo\Desktop\999_cs\Quantum_Inpired_PSO_Classifcation\MRI_dataset\Plexiform Neurofibroma with Sphenoid Wing Absence\Plexiform_Neurofibroma_with_Sphenoid_Wing_Absence545.jpg,Plexiform Neurofibroma with Sphenoid Wing Absence
C:\Users\HishamMo\Desktop\999_cs\Quantum_Inpired_PSO_Classifcation\MRI_dataset\Plexiform Neurofibroma with Sphenoid Wing Absence\Plexiform_Neurofibroma_with_Sphenoid_Wing_Absence546.jpg,Plexiform Neurofibroma with Sphenoid Wing Absence
C:\Users\HishamMo\Desktop\999_cs\Quantum_Inpired_PSO_Classifcation\MRI_dataset\Plexiform Neurofibroma with Sphenoid Wing Absence\Plexiform_Neurofibroma_with_Sphenoid_Wing_Absence547.jpg,Plexiform Neurofibroma with Sphenoid Wing Absence
C:\Users\HishamMo\Desktop\999_cs\Quantum_Inpired_PSO_Classifcation\MRI_dataset\Plexiform Neurofibroma with Sphenoid Wing Absence\Plexiform_Neurofibroma_with_Sphenoid_Wing_Absence548.jpg,Plexiform Neurofibroma with Sphenoid Wing Absence
C:\Users\HishamMo\Desktop\999_cs\Quantum_Inpired_PSO_Classifcation\MRI_dataset\Plexiform Neurofibroma with Sphenoid Wing Absence\Plexiform_Neurofibroma_with_Sphenoid_Wing_Absence549.jpg,Plexiform Neurofibroma with Sphenoid Wing Absence
C:\Users\HishamMo\Desktop\999_cs\Quantum_Inpired_PSO_Classifcation\MRI_dataset\Plexiform Neurofibroma with Sphenoid Wing Absence\Plexiform_Neurofibroma_with_Sphenoid_Wing_Absence550.jpg,Plexiform Neurofibroma with Sphenoid Wing Absence
C:\Users\HishamMo\Desktop\999_cs\Quantum_Inpired_PSO_Classifcation\MRI_dataset\Plexiform Neurofibroma with Sphenoid Wing Absence\Plexiform_Neurofibroma_with_Sphenoid_Wing_Absence551.jpg,Plexiform Neurofibroma with Sphenoid Wing Absence
C:\Users\HishamMo\Desktop\999_cs\Quantum_Inpired_PSO_Classifcation\MRI_dataset\Plexiform Neurofibroma with Sphenoid Wing Absence\Plexiform_Neurofibroma_with_Sphenoid_Wing_Absence552.jpg,Plexiform Neurofibroma with Sphenoid Wing Absence
C:\Users\HishamMo\Desktop\999_cs\Quantum_Inpired_PSO_Classifcation\MRI_dataset\Plexiform Neurofibroma with Sphenoid Wing Absence\Plexiform_Neurofibroma_with_Sphenoid_Wing_Absence553.jpg,Plexiform Neurofibroma with Sphenoid Wing Absence
C:\Users\HishamMo\Desktop\999_cs\Quantum_Inpired_PSO_Classifcation\MRI_dataset\Plexiform Neurofibroma with Sphenoid Wing Absence\Plexiform_Neurofibroma_with_Sphenoid_Wing_Absence554.jpg,Plexiform Neurofibroma with Sphenoid Wing Absence
C:\Users\HishamMo\Desktop\999_cs\Quantum_Inpired_PSO_Classifcation\MRI_dataset\Plexiform Neurofibroma with Sphenoid Wing Absence\Plexiform_Neurofibroma_with_Sphenoid_Wing_Absence555.jpg,Plexiform Neurofibroma with Sphenoid Wing Absence
C:\Users\HishamMo\Desktop\999_cs\Quantum_Inpired_PSO_Classifcation\MRI_dataset\Plexiform Neurofibroma with Sphenoid Wing Absence\Plexiform_Neurofibroma_with_Sphenoid_Wing_Absence556.jpg,Plexiform Neurofibroma with Sphenoid Wing Absence
C:\Users\HishamMo\Desktop\999_cs\Quantum_Inpired_PSO_Classifcation\MRI_dataset\Plexiform Neurofibroma with Sphenoid Wing Absence\Plexiform_Neurofibroma_with_Sphenoid_Wing_Absence557.jpg,Plexiform Neurofibroma with Sphenoid Wing Absence
C:\Users\HishamMo\Desktop\999_cs\Quantum_Inpired_PSO_Classifcation\MRI_dataset\Plexiform Neurofibroma with Sphenoid Wing Absence\Plexiform_Neurofibroma_with_Sphenoid_Wing_Absence558.jpg,Plexiform Neurofibroma with Sphenoid Wing Absence
C:\Users\HishamMo\Desktop\999_cs\Quantum_Inpired_PSO_Classifcation\MRI_dataset\Plexiform Neurofibroma with Sphenoid Wing Absence\Plexiform_Neurofibroma_with_Sphenoid_Wing_Absence559.jpg,Plexiform Neurofibroma with Sphenoid Wing Absence
C:\Users\HishamMo\Desktop\999_cs\Quantum_Inpired_PSO_Classifcation\MRI_dataset\Plexiform Neurofibroma with Sphenoid Wing Absence\Plexiform_Neurofibroma_with_Sphenoid_Wing_Absence560.jpg,Plexiform Neurofibroma with Sphenoid Wing Absence
C:\Users\HishamMo\Desktop\999_cs\Quantum_Inpired_PSO_Classifcation\MRI_dataset\Plexiform Neurofibroma with Sphenoid Wing Absence\Plexiform_Neurofibroma_with_Sphenoid_Wing_Absence561.jpg,Plexiform Neurofibroma with Sphenoid Wing Absence
C:\Users\HishamMo\Desktop\999_cs\Quantum_Inpired_PSO_Classifcation\MRI_dataset\Plexiform Neurofibroma with Sphenoid Wing Absence\Plexiform_Neurofibroma_with_Sphenoid_Wing_Absence562.jpg,Plexiform Neurofibroma with Sphenoid Wing Absence
C:\Users\HishamMo\Desktop\999_cs\Quantum_Inpired_PSO_Classifcation\MRI_dataset\Plexiform Neurofibroma with Sphenoid Wing Absence\Plexiform_Neurofibroma_with_Sphenoid_Wing_Absence563.jpg,Plexiform Neurofibroma with Sphenoid Wing Absence
C:\Users\HishamMo\Desktop\999_cs\Quantum_Inpired_PSO_Classifcation\MRI_dataset\Plexiform Neurofibroma with Sphenoid Wing Absence\Plexiform_Neurofibroma_with_Sphenoid_Wing_Absence564.jpg,Plexiform Neurofibroma with Sphenoid Wing Absence
C:\Users\HishamMo\Desktop\999_cs\Quantum_Inpired_PSO_Classifcation\MRI_dataset\Plexiform Neurofibroma with Sphenoid Wing Absence\Plexiform_Neurofibroma_with_Sphenoid_Wing_Absence565.jpg,Plexiform Neurofibroma with Sphenoid Wing Absence
C:\Users\HishamMo\Desktop\999_cs\Quantum_Inpired_PSO_Classifcation\MRI_dataset\Plexiform Neurofibroma with Sphenoid Wing Absence\Plexiform_Neurofibroma_with_Sphenoid_Wing_Absence566.jpg,Plexiform Neurofibroma with Sphenoid Wing Absence
C:\Users\HishamMo\Desktop\999_cs\Quantum_Inpired_PSO_Classifcation\MRI_dataset\Plexiform Neurofibroma with Sphenoid Wing Absence\Plexiform_Neurofibroma_with_Sphenoid_Wing_Absence567.jpg,Plexiform Neurofibroma with Sphenoid Wing Absence
C:\Users\HishamMo\Desktop\999_cs\Quantum_Inpired_PSO_Classifcation\MRI_dataset\Plexiform Neurofibroma with Sphenoid Wing Absence\Plexiform_Neurofibroma_with_Sphenoid_Wing_Absence568.jpg,Plexiform Neurofibroma with Sphenoid Wing Absence
C:\Users\HishamMo\Desktop\999_cs\Quantum_Inpired_PSO_Classifcation\MRI_dataset\Plexiform Neurofibroma with Sphenoid Wing Absence\Plexiform_Neurofibroma_with_Sphenoid_Wing_Absence569.jpg,Plexiform Neurofibroma with Sphenoid Wing Absence
C:\Users\HishamMo\Desktop\999_cs\Quantum_Inpired_PSO_Classifcation\MRI_dataset\Plexiform Neurofibroma with Sphenoid Wing Absence\Plexiform_Neurofibroma_with_Sphenoid_Wing_Absence570.jpg,Plexiform Neurofibroma with Sphenoid Wing Absence
C:\Users\HishamMo\Desktop\999_cs\Quantum_Inpired_PSO_Classifcation\MRI_dataset\Plexiform Neurofibroma with Sphenoid Wing Absence\Plexiform_Neurofibroma_with_Sphenoid_Wing_Absence571.jpg,Plexiform Neurofibroma with Sphenoid Wing Absence
C:\Users\HishamMo\Desktop\999_cs\Quantum_Inpired_PSO_Classifcation\MRI_dataset\Plexiform Neurofibroma with Sphenoid Wing Absence\Plexiform_Neurofibroma_with_Sphenoid_Wing_Absence572.jpg,Plexiform Neurofibroma with Sphenoid Wing Absence
C:\Users\HishamMo\Desktop\999_cs\Quantum_Inpired_PSO_Classifcation\MRI_dataset\Plexiform Neurofibroma with Sphenoid Wing Absence\Plexiform_Neurofibroma_with_Sphenoid_Wing_Absence573.jpg,Plexiform Neurofibroma with Sphenoid Wing Absence
C:\Users\HishamMo\Desktop\999_cs\Quantum_Inpired_PSO_Classifcation\MRI_dataset\Plexiform Neurofibroma with Sphenoid Wing Absence\Plexiform_Neurofibroma_with_Sphenoid_Wing_Absence574.jpg,Plexiform Neurofibroma with Sphenoid Wing Absence
C:\Users\HishamMo\Desktop\999_cs\Quantum_Inpired_PSO_Classifcation\MRI_dataset\Plexiform Neurofibroma with Sphenoid Wing Absence\Plexiform_Neurofibroma_with_Sphenoid_Wing_Absence575.jpg,Plexiform Neurofibroma with Sphenoid Wing Absence
C:\Users\HishamMo\Desktop\999_cs\Quantum_Inpired_PSO_Classifcation\MRI_dataset\Plexiform Neurofibroma with Sphenoid Wing Absence\Plexiform_Neurofibroma_with_Sphenoid_Wing_Absence576.jpg,Plexiform Neurofibroma with Sphenoid Wing Absence
C:\Users\HishamMo\Desktop\999_cs\Quantum_Inpired_PSO_Classifcation\MRI_dataset\Plexiform Neurofibroma with Sphenoid Wing Absence\Plexiform_Neurofibroma_with_Sphenoid_Wing_Absence577.jpg,Plexiform Neurofibroma with Sphenoid Wing Absence
C:\Users\HishamMo\Desktop\999_cs\Quantum_Inpired_PSO_Classifcation\MRI_dataset\Plexiform Neurofibroma with Sphenoid Wing Absence\Plexiform_Neurofibroma_with_Sphenoid_Wing_Absence578.jpg,Plexiform Neurofibroma with Sphenoid Wing Absence
C:\Users\HishamMo\Desktop\999_cs\Quantum_Inpired_PSO_Classifcation\MRI_dataset\Plexiform Neurofibroma with Sphenoid Wing Absence\Plexiform_Neurofibroma_with_Sphenoid_Wing_Absence579.jpg,Plexiform Neurofibroma with Sphenoid Wing Absence
C:\Users\HishamMo\Desktop\999_cs\Quantum_Inpired_PSO_Classifcation\MRI_dataset\Plexiform Neurofibroma with Sphenoid Wing Absence\Plexiform_Neurofibroma_with_Sphenoid_Wing_Absence580.jpg,Plexiform Neurofibroma with Sphenoid Wing Absence
C:\Users\HishamMo\Desktop\999_cs\Quantum_Inpired_PSO_Classifcation\MRI_dataset\Plexiform Neurofibroma with Sphenoid Wing Absence\Plexiform_Neurofibroma_with_Sphenoid_Wing_Absence581.jpg,Plexiform Neurofibroma with Sphenoid Wing Absence
C:\Users\HishamMo\Desktop\999_cs\Quantum_Inpired_PSO_Classifcation\MRI_dataset\Plexiform Neurofibroma with Sphenoid Wing Absence\Plexiform_Neurofibroma_with_Sphenoid_Wing_Absence582.jpg,Plexiform Neurofibroma with Sphenoid Wing Absence
C:\Users\HishamMo\Desktop\999_cs\Quantum_Inpired_PSO_Classifcation\MRI_dataset\Plexiform Neurofibroma with Sphenoid Wing Absence\Plexiform_Neurofibroma_with_Sphenoid_Wing_Absence583.jpg,Plexiform Neurofibroma with Sphenoid Wing Absence
C:\Users\HishamMo\Desktop\999_cs\Quantum_Inpired_PSO_Classifcation\MRI_dataset\Plexiform Neurofibroma with Sphenoid Wing Absence\Plexiform_Neurofibroma_with_Sphenoid_Wing_Absence584.jpg,Plexiform Neurofibroma with Sphenoid Wing Absence
C:\Users\HishamMo\Desktop\999_cs\Quantum_Inpired_PSO_Classifcation\MRI_dataset\Plexiform Neurofibroma with Sphenoid Wing Absence\Plexiform_Neurofibroma_with_Sphenoid_Wing_Absence585.jpg,Plexiform Neurofibroma with Sphenoid Wing Absence
C:\Users\HishamMo\Desktop\999_cs\Quantum_Inpired_PSO_Classifcation\MRI_dataset\Plexiform Neurofibroma with Sphenoid Wing Absence\Plexiform_Neurofibroma_with_Sphenoid_Wing_Absence586.jpg,Plexiform Neurofibroma with Sphenoid Wing Absence
C:\Users\HishamMo\Desktop\999_cs\Quantum_Inpired_PSO_Classifcation\MRI_dataset\Plexiform Neurofibroma with Sphenoid Wing Absence\Plexiform_Neurofibroma_with_Sphenoid_Wing_Absence587.jpg,Plexiform Neurofibroma with Sphenoid Wing Absence
C:\Users\HishamMo\Desktop\999_cs\Quantum_Inpired_PSO_Classifcation\MRI_dataset\Plexiform Neurofibroma with Sphenoid Wing Absence\Plexiform_Neurofibroma_with_Sphenoid_Wing_Absence588.jpg,Plexiform Neurofibroma with Sphenoid Wing Absence
C:\Users\HishamMo\Desktop\999_cs\Quantum_Inpired_PSO_Classifcation\MRI_dataset\Plexiform Neurofibroma with Sphenoid Wing Absence\Plexiform_Neurofibroma_with_Sphenoid_Wing_Absence589.jpg,Plexiform Neurofibroma with Sphenoid Wing Absence
C:\Users\HishamMo\Desktop\999_cs\Quantum_Inpired_PSO_Classifcation\MRI_dataset\Plexiform Neurofibroma with Sphenoid Wing Absence\Plexiform_Neurofibroma_with_Sphenoid_Wing_Absence590.jpg,Plexiform Neurofibroma with Sphenoid Wing Absence
C:\Users\HishamMo\Desktop\999_cs\Quantum_Inpired_PSO_Classifcation\MRI_dataset\Plexiform Neurofibroma with Sphenoid Wing Absence\Plexiform_Neurofibroma_with_Sphenoid_Wing_Absence591.jpg,Plexiform Neurofibroma with Sphenoid Wing Absence
C:\Users\HishamMo\Desktop\999_cs\Quantum_Inpired_PSO_Classifcation\MRI_dataset\Plexiform Neurofibroma with Sphenoid Wing Absence\Plexiform_Neurofibroma_with_Sphenoid_Wing_Absence592.jpg,Plexiform Neurofibroma with Sphenoid Wing Absence
C:\Users\HishamMo\Desktop\999_cs\Quantum_Inpired_PSO_Classifcation\MRI_dataset\Plexiform Neurofibroma with Sphenoid Wing Absence\Plexiform_Neurofibroma_with_Sphenoid_Wing_Absence593.jpg,Plexiform Neurofibroma with Sphenoid Wing Absence
C:\Users\HishamMo\Desktop\999_cs\Quantum_Inpired_PSO_Classifcation\MRI_dataset\Plexiform Neurofibroma with Sphenoid Wing Absence\Plexiform_Neurofibroma_with_Sphenoid_Wing_Absence594.jpg,Plexiform Neurofibroma with Sphenoid Wing Absence
C:\Users\HishamMo\Desktop\999_cs\Quantum_Inpired_PSO_Classifcation\MRI_dataset\Plexiform Neurofibroma with Sphenoid Wing Absence\Plexiform_Neurofibroma_with_Sphenoid_Wing_Absence595.jpg,Plexiform Neurofibroma with Sphenoid Wing Absence
C:\Users\HishamMo\Desktop\999_cs\Quantum_Inpired_PSO_Classifcation\MRI_dataset\Plexiform Neurofibroma with Sphenoid Wing Absence\Plexiform_Neurofibroma_with_Sphenoid_Wing_Absence596.jpg,Plexiform Neurofibroma with Sphenoid Wing Absence
C:\Users\HishamMo\Desktop\999_cs\Quantum_Inpired_PSO_Classifcation\MRI_dataset\Plexiform Neurofibroma with Sphenoid Wing Absence\Plexiform_Neurofibroma_with_Sphenoid_Wing_Absence597.jpg,Plexiform Neurofibroma with Sphenoid Wing Absence
C:\Users\HishamMo\Desktop\999_cs\Quantum_Inpired_PSO_Classifcation\MRI_dataset\Plexiform Neurofibroma with Sphenoid Wing Absence\Plexiform_Neurofibroma_with_Sphenoid_Wing_Absence598.jpg,Plexiform Neurofibroma with Sphenoid Wing Absence
C:\Users\HishamMo\Desktop\999_cs\Quantum_Inpired_PSO_Classifcation\MRI_dataset\Plexiform Neurofibroma with Sphenoid Wing Absence\Plexiform_Neurofibroma_with_Sphenoid_Wing_Absence599.jpg,Plexiform Neurofibroma with Sphenoid Wing Absence
C:\Users\HishamMo\Desktop\999_cs\Quantum_Inpired_PSO_Classifcation\MRI_dataset\Plexiform Neurofibroma with Sphenoid Wing Absence\Plexiform_Neurofibroma_with_Sphenoid_Wing_Absence600.jpg,Plexiform Neurofibroma with Sphenoid Wing Absence
C:\Users\HishamMo\Desktop\999_cs\Quantum_Inpired_PSO_Classifcation\MRI_dataset\Plexiform Neurofibroma with Sphenoid Wing Absence\Plexiform_Neurofibroma_with_Sphenoid_Wing_Absence601.jpg,Plexiform Neurofibroma with Sphenoid Wing Absence
C:\Users\HishamMo\Desktop\999_cs\Quantum_Inpired_PSO_Classifcation\MRI_dataset\Plexiform Neurofibroma with Sphenoid Wing Absence\Plexiform_Neurofibroma_with_Sphenoid_Wing_Absence602.jpg,Plexiform Neurofibroma with Sphenoid Wing Absence
C:\Users\HishamMo\Desktop\999_cs\Quantum_Inpired_PSO_Classifcation\MRI_dataset\Plexiform Neurofibroma with Sphenoid Wing Absence\Plexiform_Neurofibroma_with_Sphenoid_Wing_Absence603.jpg,Plexiform Neurofibroma with Sphenoid Wing Absence
C:\Users\HishamMo\Desktop\999_cs\Quantum_Inpired_PSO_Classifcation\MRI_dataset\Plexiform Neurofibroma with Sphenoid Wing Absence\Plexiform_Neurofibroma_with_Sphenoid_Wing_Absence604.jpg,Plexiform Neurofibroma with Sphenoid Wing Absence
C:\Users\HishamMo\Desktop\999_cs\Quantum_Inpired_PSO_Classifcation\MRI_dataset\Plexiform Neurofibroma with Sphenoid Wing Absence\Plexiform_Neurofibroma_with_Sphenoid_Wing_Absence605.jpg,Plexiform Neurofibroma with Sphenoid Wing Absence
C:\Users\HishamMo\Desktop\999_cs\Quantum_Inpired_PSO_Classifcation\MRI_dataset\Plexiform Neurofibroma with Sphenoid Wing Absence\Plexiform_Neurofibroma_with_Sphenoid_Wing_Absence606.jpg,Plexiform Neurofibroma with Sphenoid Wing Absence
C:\Users\HishamMo\Desktop\999_cs\Quantum_Inpired_PSO_Classifcation\MRI_dataset\Plexiform Neurofibroma with Sphenoid Wing Absence\Plexiform_Neurofibroma_with_Sphenoid_Wing_Absence607.jpg,Plexiform Neurofibroma with Sphenoid Wing Absence
C:\Users\HishamMo\Desktop\999_cs\Quantum_Inpired_PSO_Classifcation\MRI_dataset\Plexiform Neurofibroma with Sphenoid Wing Absence\Plexiform_Neurofibroma_with_Sphenoid_Wing_Absence608.jpg,Plexiform Neurofibroma with Sphenoid Wing Absence
C:\Users\HishamMo\Desktop\999_cs\Quantum_Inpired_PSO_Classifcation\MRI_dataset\Plexiform Neurofibroma with Sphenoid Wing Absence\Plexiform_Neurofibroma_with_Sphenoid_Wing_Absence609.jpg,Plexiform Neurofibroma with Sphenoid Wing Absence
C:\Users\HishamMo\Desktop\999_cs\Quantum_Inpired_PSO_Classifcation\MRI_dataset\Plexiform Neurofibroma with Sphenoid Wing Absence\Plexiform_Neurofibroma_with_Sphenoid_Wing_Absence610.jpg,Plexiform Neurofibroma with Sphenoid Wing Absence
C:\Users\HishamMo\Desktop\999_cs\Quantum_Inpired_PSO_Classifcation\MRI_dataset\Plexiform Neurofibroma with Sphenoid Wing Absence\Plexiform_Neurofibroma_with_Sphenoid_Wing_Absence611.jpg,Plexiform Neurofibroma with Sphenoid Wing Absence
C:\Users\HishamMo\Desktop\999_cs\Quantum_Inpired_PSO_Classifcation\MRI_dataset\Plexiform Neurofibroma with Sphenoid Wing Absence\Plexiform_Neurofibroma_with_Sphenoid_Wing_Absence612.jpg,Plexiform Neurofibroma with Sphenoid Wing Absence
C:\Users\HishamMo\Desktop\999_cs\Quantum_Inpired_PSO_Classifcation\MRI_dataset\Plexiform Neurofibroma with Sphenoid Wing Absence\Plexiform_Neurofibroma_with_Sphenoid_Wing_Absence613.jpg,Plexiform Neurofibroma with Sphenoid Wing Absence
C:\Users\HishamMo\Desktop\999_cs\Quantum_Inpired_PSO_Classifcation\MRI_dataset\Plexiform Neurofibroma with Sphenoid Wing Absence\Plexiform_Neurofibroma_with_Sphenoid_Wing_Absence614.jpg,Plexiform Neurofibroma with Sphenoid Wing Absence
C:\Users\HishamMo\Desktop\999_cs\Quantum_Inpired_PSO_Classifcation\MRI_dataset\Plexiform Neurofibroma with Sphenoid Wing Absence\Plexiform_Neurofibroma_with_Sphenoid_Wing_Absence615.jpg,Plexiform Neurofibroma with Sphenoid Wing Absence
C:\Users\HishamMo\Desktop\999_cs\Quantum_Inpired_PSO_Classifcation\MRI_dataset\Plexiform Neurofibroma with Sphenoid Wing Absence\Plexiform_Neurofibroma_with_Sphenoid_Wing_Absence616.jpg,Plexiform Neurofibroma with Sphenoid Wing Absence
C:\Users\HishamMo\Desktop\999_cs\Quantum_Inpired_PSO_Classifcation\MRI_dataset\Plexiform Neurofibroma with Sphenoid Wing Absence\Plexiform_Neurofibroma_with_Sphenoid_Wing_Absence617.jpg,Plexiform Neurofibroma with Sphenoid Wing Absence
C:\Users\HishamMo\Desktop\999_cs\Quantum_Inpired_PSO_Classifcation\MRI_dataset\Plexiform Neurofibroma with Sphenoid Wing Absence\Plexiform_Neurofibroma_with_Sphenoid_Wing_Absence618.jpg,Plexiform Neurofibroma with Sphenoid Wing Absence
C:\Users\HishamMo\Desktop\999_cs\Quantum_Inpired_PSO_Classifcation\MRI_dataset\Plexiform Neurofibroma with Sphenoid Wing Absence\Plexiform_Neurofibroma_with_Sphenoid_Wing_Absence619.jpg,Plexiform Neurofibroma with Sphenoid Wing Absence
C:\Users\HishamMo\Desktop\999_cs\Quantum_Inpired_PSO_Classifcation\MRI_dataset\Plexiform Neurofibroma with Sphenoid Wing Absence\Plexiform_Neurofibroma_with_Sphenoid_Wing_Absence620.jpg,Plexiform Neurofibroma with Sphenoid Wing Absence
C:\Users\HishamMo\Desktop\999_cs\Quantum_Inpired_PSO_Classifcation\MRI_dataset\Plexiform Neurofibroma with Sphenoid Wing Absence\Plexiform_Neurofibroma_with_Sphenoid_Wing_Absence621.jpg,Plexiform Neurofibroma with Sphenoid Wing Absence
C:\Users\HishamMo\Desktop\999_cs\Quantum_Inpired_PSO_Classifcation\MRI_dataset\Plexiform Neurofibroma with Sphenoid Wing Absence\Plexiform_Neurofibroma_with_Sphenoid_Wing_Absence622.jpg,Plexiform Neurofibroma with Sphenoid Wing Absence
C:\Users\HishamMo\Desktop\999_cs\Quantum_Inpired_PSO_Classifcation\MRI_dataset\Plexiform Neurofibroma with Sphenoid Wing Absence\Plexiform_Neurofibroma_with_Sphenoid_Wing_Absence623.jpg,Plexiform Neurofibroma with Sphenoid Wing Absence
C:\Users\HishamMo\Desktop\999_cs\Quantum_Inpired_PSO_Classifcation\MRI_dataset\Plexiform Neurofibroma with Sphenoid Wing Absence\Plexiform_Neurofibroma_with_Sphenoid_Wing_Absence624.jpg,Plexiform Neurofibroma with Sphenoid Wing Absence
C:\Users\HishamMo\Desktop\999_cs\Quantum_Inpired_PSO_Classifcation\MRI_dataset\Plexiform Neurofibroma with Sphenoid Wing Absence\Plexiform_Neurofibroma_with_Sphenoid_Wing_Absence625.jpg,Plexiform Neurofibroma with Sphenoid Wing Absence
C:\Users\HishamMo\Desktop\999_cs\Quantum_Inpired_PSO_Classifcation\MRI_dataset\Plexiform Neurofibroma with Sphenoid Wing Absence\Plexiform_Neurofibroma_with_Sphenoid_Wing_Absence626.jpg,Plexiform Neurofibroma with Sphenoid Wing Absence
C:\Users\HishamMo\Desktop\999_cs\Quantum_Inpired_PSO_Classifcation\MRI_dataset\Plexiform Neurofibroma with Sphenoid Wing Absence\Plexiform_Neurofibroma_with_Sphenoid_Wing_Absence627.jpg,Plexiform Neurofibroma with Sphenoid Wing Absence
C:\Users\HishamMo\Desktop\999_cs\Quantum_Inpired_PSO_Classifcation\MRI_dataset\Plexiform Neurofibroma with Sphenoid Wing Absence\Plexiform_Neurofibroma_with_Sphenoid_Wing_Absence628.jpg,Plexiform Neurofibroma with Sphenoid Wing Absence
C:\Users\HishamMo\Desktop\999_cs\Quantum_Inpired_PSO_Classifcation\MRI_dataset\Plexiform Neurofibroma with Sphenoid Wing Absence\Plexiform_Neurofibroma_with_Sphenoid_Wing_Absence629.jpg,Plexiform Neurofibroma with Sphenoid Wing Absence
C:\Users\HishamMo\Desktop\999_cs\Quantum_Inpired_PSO_Classifcation\MRI_dataset\Plexiform Neurofibroma with Sphenoid Wing Absence\Plexiform_Neurofibroma_with_Sphenoid_Wing_Absence630.jpg,Plexiform Neurofibroma with Sphenoid Wing Absence
C:\Users\HishamMo\Desktop\999_cs\Quantum_Inpired_PSO_Classifcation\MRI_dataset\Plexiform Neurofibroma with Sphenoid Wing Absence\Plexiform_Neurofibroma_with_Sphenoid_Wing_Absence631.jpg,Plexiform Neurofibroma with Sphenoid Wing Absence
C:\Users\HishamMo\Desktop\999_cs\Quantum_Inpired_PSO_Classifcation\MRI_dataset\Plexiform Neurofibroma with Sphenoid Wing Absence\Plexiform_Neurofibroma_with_Sphenoid_Wing_Absence632.jpg,Plexiform Neurofibroma with Sphenoid Wing Absence
C:\Users\HishamMo\Desktop\999_cs\Quantum_Inpired_PSO_Classifcation\MRI_dataset\Plexiform Neurofibroma with Sphenoid Wing Absence\Plexiform_Neurofibroma_with_Sphenoid_Wing_Absence633.jpg,Plexiform Neurofibroma with Sphenoid Wing Absence
C:\Users\HishamMo\Desktop\999_cs\Quantum_Inpired_PSO_Classifcation\MRI_dataset\Plexiform Neurofibroma with Sphenoid Wing Absence\Plexiform_Neurofibroma_with_Sphenoid_Wing_Absence634.jpg,Plexiform Neurofibroma with Sphenoid Wing Absence
C:\Users\HishamMo\Desktop\999_cs\Quantum_Inpired_PSO_Classifcation\MRI_dataset\Plexiform Neurofibroma with Sphenoid Wing Absence\Plexiform_Neurofibroma_with_Sphenoid_Wing_Absence635.jpg,Plexiform Neurofibroma with Sphenoid Wing Absence
C:\Users\HishamMo\Desktop\999_cs\Quantum_Inpired_PSO_Classifcation\MRI_dataset\Plexiform Neurofibroma with Sphenoid Wing Absence\Plexiform_Neurofibroma_with_Sphenoid_Wing_Absence636.jpg,Plexiform Neurofibroma with Sphenoid Wing Absence
C:\Users\HishamMo\Desktop\999_cs\Quantum_Inpired_PSO_Classifcation\MRI_dataset\Plexiform Neurofibroma with Sphenoid Wing Absence\Plexiform_Neurofibroma_with_Sphenoid_Wing_Absence637.jpg,Plexiform Neurofibroma with Sphenoid Wing Absence
C:\Users\HishamMo\Desktop\999_cs\Quantum_Inpired_PSO_Classifcation\MRI_dataset\Plexiform Neurofibroma with Sphenoid Wing Absence\Plexiform_Neurofibroma_with_Sphenoid_Wing_Absence638.jpg,Plexiform Neurofibroma with Sphenoid Wing Absence
C:\Users\HishamMo\Desktop\999_cs\Quantum_Inpired_PSO_Classifcation\MRI_dataset\Plexiform Neurofibroma with Sphenoid Wing Absence\Plexiform_Neurofibroma_with_Sphenoid_Wing_Absence639.jpg,Plexiform Neurofibroma with Sphenoid Wing Absence
C:\Users\HishamMo\Desktop\999_cs\Quantum_Inpired_PSO_Classifcation\MRI_dataset\Plexiform Neurofibroma with Sphenoid Wing Absence\Plexiform_Neurofibroma_with_Sphenoid_Wing_Absence640.jpg,Plexiform Neurofibroma with Sphenoid Wing Absence
C:\Users\HishamMo\Desktop\999_cs\Quantum_Inpired_PSO_Classifcation\MRI_dataset\Plexiform Neurofibroma with Sphenoid Wing Absence\Plexiform_Neurofibroma_with_Sphenoid_Wing_Absence641.jpg,Plexiform Neurofibroma with Sphenoid Wing Absence
C:\Users\HishamMo\Desktop\999_cs\Quantum_Inpired_PSO_Classifcation\MRI_dataset\Plexiform Neurofibroma with Sphenoid Wing Absence\Plexiform_Neurofibroma_with_Sphenoid_Wing_Absence642.jpg,Plexiform Neurofibroma with Sphenoid Wing Absence
C:\Users\HishamMo\Desktop\999_cs\Quantum_Inpired_PSO_Classifcation\MRI_dataset\Plexiform Neurofibroma with Sphenoid Wing Absence\Plexiform_Neurofibroma_with_Sphenoid_Wing_Absence643.jpg,Plexiform Neurofibroma with Sphenoid Wing Absence
C:\Users\HishamMo\Desktop\999_cs\Quantum_Inpired_PSO_Classifcation\MRI_dataset\Plexiform Neurofibroma with Sphenoid Wing Absence\Plexiform_Neurofibroma_with_Sphenoid_Wing_Absence644.jpg,Plexiform Neurofibroma with Sphenoid Wing Absence
C:\Users\HishamMo\Desktop\999_cs\Quantum_Inpired_PSO_Classifcation\MRI_dataset\Plexiform Neurofibroma with Sphenoid Wing Absence\Plexiform_Neurofibroma_with_Sphenoid_Wing_Absence645.jpg,Plexiform Neurofibroma with Sphenoid Wing Absence
C:\Users\HishamMo\Desktop\999_cs\Quantum_Inpired_PSO_Classifcation\MRI_dataset\Plexiform Neurofibroma with Sphenoid Wing Absence\Plexiform_Neurofibroma_with_Sphenoid_Wing_Absence646.jpg,Plexiform Neurofibroma with Sphenoid Wing Absence
C:\Users\HishamMo\Desktop\999_cs\Quantum_Inpired_PSO_Classifcation\MRI_dataset\Plexiform Neurofibroma with Sphenoid Wing Absence\Plexiform_Neurofibroma_with_Sphenoid_Wing_Absence647.jpg,Plexiform Neurofibroma with Sphenoid Wing Absence
C:\Users\HishamMo\Desktop\999_cs\Quantum_Inpired_PSO_Classifcation\MRI_dataset\Plexiform Neurofibroma with Sphenoid Wing Absence\Plexiform_Neurofibroma_with_Sphenoid_Wing_Absence648.jpg,Plexiform Neurofibroma with Sphenoid Wing Absence
C:\Users\HishamMo\Desktop\999_cs\Quantum_Inpired_PSO_Classifcation\MRI_dataset\Plexiform Neurofibroma with Sphenoid Wing Absence\Plexiform_Neurofibroma_with_Sphenoid_Wing_Absence649.jpg,Plexiform Neurofibroma with Sphenoid Wing Absence
C:\Users\HishamMo\Desktop\999_cs\Quantum_Inpired_PSO_Classifcation\MRI_dataset\Plexiform Neurofibroma with Sphenoid Wing Absence\Plexiform_Neurofibroma_with_Sphenoid_Wing_Absence650.jpg,Plexiform Neurofibroma with Sphenoid Wing Absence
C:\Users\HishamMo\Desktop\999_cs\Quantum_Inpired_PSO_Classifcation\MRI_dataset\Plexiform Neurofibroma with Sphenoid Wing Absence\Plexiform_Neurofibroma_with_Sphenoid_Wing_Absence651.jpg,Plexiform Neurofibroma with Sphenoid Wing Absence
C:\Users\HishamMo\Desktop\999_cs\Quantum_Inpired_PSO_Classifcation\MRI_dataset\Plexiform Neurofibroma with Sphenoid Wing Absence\Plexiform_Neurofibroma_with_Sphenoid_Wing_Absence652.jpg,Plexiform Neurofibroma with Sphenoid Wing Absence
C:\Users\HishamMo\Desktop\999_cs\Quantum_Inpired_PSO_Classifcation\MRI_dataset\Plexiform Neurofibroma with Sphenoid Wing Absence\Plexiform_Neurofibroma_with_Sphenoid_Wing_Absence653.jpg,Plexiform Neurofibroma with Sphenoid Wing Absence
C:\Users\HishamMo\Desktop\999_cs\Quantum_Inpired_PSO_Classifcation\MRI_dataset\Plexiform Neurofibroma with Sphenoid Wing Absence\Plexiform_Neurofibroma_with_Sphenoid_Wing_Absence654.jpg,Plexiform Neurofibroma with Sphenoid Wing Absence
C:\Users\HishamMo\Desktop\999_cs\Quantum_Inpired_PSO_Classifcation\MRI_dataset\Plexiform Neurofibroma with Sphenoid Wing Absence\Plexiform_Neurofibroma_with_Sphenoid_Wing_Absence655.jpg,Plexiform Neurofibroma with Sphenoid Wing Absence
C:\Users\HishamMo\Desktop\999_cs\Quantum_Inpired_PSO_Classifcation\MRI_dataset\Plexiform Neurofibroma with Sphenoid Wing Absence\Plexiform_Neurofibroma_with_Sphenoid_Wing_Absence656.jpg,Plexiform Neurofibroma with Sphenoid Wing Absence
C:\Users\HishamMo\Desktop\999_cs\Quantum_Inpired_PSO_Classifcation\MRI_dataset\Plexiform Neurofibroma with Sphenoid Wing Absence\Plexiform_Neurofibroma_with_Sphenoid_Wing_Absence657.jpg,Plexiform Neurofibroma with Sphenoid Wing Absence
C:\Users\HishamMo\Desktop\999_cs\Quantum_Inpired_PSO_Classifcation\MRI_dataset\Plexiform Neurofibroma with Sphenoid Wing Absence\Plexiform_Neurofibroma_with_Sphenoid_Wing_Absence658.jpg,Plexiform Neurofibroma with Sphenoid Wing Absence
C:\Users\HishamMo\Desktop\999_cs\Quantum_Inpired_PSO_Classifcation\MRI_dataset\Plexiform Neurofibroma with Sphenoid Wing Absence\Plexiform_Neurofibroma_with_Sphenoid_Wing_Absence659.jpg,Plexiform Neurofibroma with Sphenoid Wing Absence
C:\Users\HishamMo\Desktop\999_cs\Quantum_Inpired_PSO_Classifcation\MRI_dataset\Plexiform Neurofibroma with Sphenoid Wing Absence\Plexiform_Neurofibroma_with_Sphenoid_Wing_Absence660.jpg,Plexiform Neurofibroma with Sphenoid Wing Absence
C:\Users\HishamMo\Desktop\999_cs\Quantum_Inpired_PSO_Classifcation\MRI_dataset\Plexiform Neurofibroma with Sphenoid Wing Absence\Plexiform_Neurofibroma_with_Sphenoid_Wing_Absence661.jpg,Plexiform Neurofibroma with Sphenoid Wing Absence
C:\Users\HishamMo\Desktop\999_cs\Quantum_Inpired_PSO_Classifcation\MRI_dataset\Plexiform Neurofibroma with Sphenoid Wing Absence\Plexiform_Neurofibroma_with_Sphenoid_Wing_Absence662.jpg,Plexiform Neurofibroma with Sphenoid Wing Absence
C:\Users\HishamMo\Desktop\999_cs\Quantum_Inpired_PSO_Classifcation\MRI_dataset\Plexiform Neurofibroma with Sphenoid Wing Absence\Plexiform_Neurofibroma_with_Sphenoid_Wing_Absence663.jpg,Plexiform Neurofibroma with Sphenoid Wing Absence
C:\Users\HishamMo\Desktop\999_cs\Quantum_Inpired_PSO_Classifcation\MRI_dataset\Plexiform Neurofibroma with Sphenoid Wing Absence\Plexiform_Neurofibroma_with_Sphenoid_Wing_Absence664.jpg,Plexiform Neurofibroma with Sphenoid Wing Absence
C:\Users\HishamMo\Desktop\999_cs\Quantum_Inpired_PSO_Classifcation\MRI_dataset\Plexiform Neurofibroma with Sphenoid Wing Absence\Plexiform_Neurofibroma_with_Sphenoid_Wing_Absence665.jpg,Plexiform Neurofibroma with Sphenoid Wing Absence
C:\Users\HishamMo\Desktop\999_cs\Quantum_Inpired_PSO_Classifcation\MRI_dataset\Plexiform Neurofibroma with Sphenoid Wing Absence\Plexiform_Neurofibroma_with_Sphenoid_Wing_Absence666.jpg,Plexiform Neurofibroma with Sphenoid Wing Absence
C:\Users\HishamMo\Desktop\999_cs\Quantum_Inpired_PSO_Classifcation\MRI_dataset\Plexiform Neurofibroma with Sphenoid Wing Absence\Plexiform_Neurofibroma_with_Sphenoid_Wing_Absence667.jpg,Plexiform Neurofibroma with Sphenoid Wing Absence
C:\Users\HishamMo\Desktop\999_cs\Quantum_Inpired_PSO_Classifcation\MRI_dataset\Plexiform Neurofibroma with Sphenoid Wing Absence\Plexiform_Neurofibroma_with_Sphenoid_Wing_Absence668.jpg,Plexiform Neurofibroma with Sphenoid Wing Absence
C:\Users\HishamMo\Desktop\999_cs\Quantum_Inpired_PSO_Classifcation\MRI_dataset\Plexiform Neurofibroma with Sphenoid Wing Absence\Plexiform_Neurofibroma_with_Sphenoid_Wing_Absence669.jpg,Plexiform Neurofibroma with Sphenoid Wing Absence
C:\Users\HishamMo\Desktop\999_cs\Quantum_Inpired_PSO_Classifcation\MRI_dataset\Plexiform Neurofibroma with Sphenoid Wing Absence\Plexiform_Neurofibroma_with_Sphenoid_Wing_Absence670.jpg,Plexiform Neurofibroma with Sphenoid Wing Absence
C:\Users\HishamMo\Desktop\999_cs\Quantum_Inpired_PSO_Classifcation\MRI_dataset\Plexiform Neurofibroma with Sphenoid Wing Absence\Plexiform_Neurofibroma_with_Sphenoid_Wing_Absence671.jpg,Plexiform Neurofibroma with Sphenoid Wing Absence
C:\Users\HishamMo\Desktop\999_cs\Quantum_Inpired_PSO_Classifcation\MRI_dataset\Plexiform Neurofibroma with Sphenoid Wing Absence\Plexiform_Neurofibroma_with_Sphenoid_Wing_Absence672.jpg,Plexiform Neurofibroma with Sphenoid Wing Absence
C:\Users\HishamMo\Desktop\999_cs\Quantum_Inpired_PSO_Classifcation\MRI_dataset\Plexiform Neurofibroma with Sphenoid Wing Absence\Plexiform_Neurofibroma_with_Sphenoid_Wing_Absence673.jpg,Plexiform Neurofibroma with Sphenoid Wing Absence
C:\Users\HishamMo\Desktop\999_cs\Quantum_Inpired_PSO_Classifcation\MRI_dataset\Plexiform Neurofibroma with Sphenoid Wing Absence\Plexiform_Neurofibroma_with_Sphenoid_Wing_Absence674.jpg,Plexiform Neurofibroma with Sphenoid Wing Absence
C:\Users\HishamMo\Desktop\999_cs\Quantum_Inpired_PSO_Classifcation\MRI_dataset\Plexiform Neurofibroma with Sphenoid Wing Absence\Plexiform_Neurofibroma_with_Sphenoid_Wing_Absence675.jpg,Plexiform Neurofibroma with Sphenoid Wing Absence
C:\Users\HishamMo\Desktop\999_cs\Quantum_Inpired_PSO_Classifcation\MRI_dataset\Plexiform Neurofibroma with Sphenoid Wing Absence\Plexiform_Neurofibroma_with_Sphenoid_Wing_Absence676.jpg,Plexiform Neurofibroma with Sphenoid Wing Absence
C:\Users\HishamMo\Desktop\999_cs\Quantum_Inpired_PSO_Classifcation\MRI_dataset\Plexiform Neurofibroma with Sphenoid Wing Absence\Plexiform_Neurofibroma_with_Sphenoid_Wing_Absence677.jpg,Plexiform Neurofibroma with Sphenoid Wing Absence
C:\Users\HishamMo\Desktop\999_cs\Quantum_Inpired_PSO_Classifcation\MRI_dataset\Plexiform Neurofibroma with Sphenoid Wing Absence\Plexiform_Neurofibroma_with_Sphenoid_Wing_Absence678.jpg,Plexiform Neurofibroma with Sphenoid Wing Absence
C:\Users\HishamMo\Desktop\999_cs\Quantum_Inpired_PSO_Classifcation\MRI_dataset\Plexiform Neurofibroma with Sphenoid Wing Absence\Plexiform_Neurofibroma_with_Sphenoid_Wing_Absence679.jpg,Plexiform Neurofibroma with Sphenoid Wing Absence
C:\Users\HishamMo\Desktop\999_cs\Quantum_Inpired_PSO_Classifcation\MRI_dataset\Plexiform Neurofibroma with Sphenoid Wing Absence\Plexiform_Neurofibroma_with_Sphenoid_Wing_Absence680.jpg,Plexiform Neurofibroma with Sphenoid Wing Absence
C:\Users\HishamMo\Desktop\999_cs\Quantum_Inpired_PSO_Classifcation\MRI_dataset\Plexiform Neurofibroma with Sphenoid Wing Absence\Plexiform_Neurofibroma_with_Sphenoid_Wing_Absence681.jpg,Plexiform Neurofibroma with Sphenoid Wing Absence
C:\Users\HishamMo\Desktop\999_cs\Quantum_Inpired_PSO_Classifcation\MRI_dataset\Plexiform Neurofibroma with Sphenoid Wing Absence\Plexiform_Neurofibroma_with_Sphenoid_Wing_Absence682.jpg,Plexiform Neurofibroma with Sphenoid Wing Absence
C:\Users\HishamMo\Desktop\999_cs\Quantum_Inpired_PSO_Classifcation\MRI_dataset\Plexiform Neurofibroma with Sphenoid Wing Absence\Plexiform_Neurofibroma_with_Sphenoid_Wing_Absence683.jpg,Plexiform Neurofibroma with Sphenoid Wing Absence
C:\Users\HishamMo\Desktop\999_cs\Quantum_Inpired_PSO_Classifcation\MRI_dataset\Plexiform Neurofibroma with Sphenoid Wing Absence\Plexiform_Neurofibroma_with_Sphenoid_Wing_Absence684.jpg,Plexiform Neurofibroma with Sphenoid Wing Absence
C:\Users\HishamMo\Desktop\999_cs\Quantum_Inpired_PSO_Classifcation\MRI_dataset\Plexiform Neurofibroma with Sphenoid Wing Absence\Plexiform_Neurofibroma_with_Sphenoid_Wing_Absence685.jpg,Plexiform Neurofibroma with Sphenoid Wing Absence
C:\Users\HishamMo\Desktop\999_cs\Quantum_Inpired_PSO_Classifcation\MRI_dataset\Plexiform Neurofibroma with Sphenoid Wing Absence\Plexiform_Neurofibroma_with_Sphenoid_Wing_Absence686.jpg,Plexiform Neurofibroma with Sphenoid Wing Absence
C:\Users\HishamMo\Desktop\999_cs\Quantum_Inpired_PSO_Classifcation\MRI_dataset\Plexiform Neurofibroma with Sphenoid Wing Absence\Plexiform_Neurofibroma_with_Sphenoid_Wing_Absence687.jpg,Plexiform Neurofibroma with Sphenoid Wing Absence
C:\Users\HishamMo\Desktop\999_cs\Quantum_Inpired_PSO_Classifcation\MRI_dataset\Plexiform Neurofibroma with Sphenoid Wing Absence\Plexiform_Neurofibroma_with_Sphenoid_Wing_Absence688.jpg,Plexiform Neurofibroma with Sphenoid Wing Absence
C:\Users\HishamMo\Desktop\999_cs\Quantum_Inpired_PSO_Classifcation\MRI_dataset\Plexiform Neurofibroma with Sphenoid Wing Absence\Plexiform_Neurofibroma_with_Sphenoid_Wing_Absence689.jpg,Plexiform Neurofibroma with Sphenoid Wing Absence
C:\Users\HishamMo\Desktop\999_cs\Quantum_Inpired_PSO_Classifcation\MRI_dataset\Plexiform Neurofibroma with Sphenoid Wing Absence\Plexiform_Neurofibroma_with_Sphenoid_Wing_Absence690.jpg,Plexiform Neurofibroma with Sphenoid Wing Absence
C:\Users\HishamMo\Desktop\999_cs\Quantum_Inpired_PSO_Classifcation\MRI_dataset\Plexiform Neurofibroma with Sphenoid Wing Absence\Plexiform_Neurofibroma_with_Sphenoid_Wing_Absence691.jpg,Plexiform Neurofibroma with Sphenoid Wing Absence
C:\Users\HishamMo\Desktop\999_cs\Quantum_Inpired_PSO_Classifcation\MRI_dataset\Plexiform Neurofibroma with Sphenoid Wing Absence\Plexiform_Neurofibroma_with_Sphenoid_Wing_Absence692.jpg,Plexiform Neurofibroma with Sphenoid Wing Absence
C:\Users\HishamMo\Desktop\999_cs\Quantum_Inpired_PSO_Classifcation\MRI_dataset\Plexiform Neurofibroma with Sphenoid Wing Absence\Plexiform_Neurofibroma_with_Sphenoid_Wing_Absence693.jpg,Plexiform Neurofibroma with Sphenoid Wing Absence
C:\Users\HishamMo\Desktop\999_cs\Quantum_Inpired_PSO_Classifcation\MRI_dataset\Plexiform Neurofibroma with Sphenoid Wing Absence\Plexiform_Neurofibroma_with_Sphenoid_Wing_Absence694.jpg,Plexiform Neurofibroma with Sphenoid Wing Absence
C:\Users\HishamMo\Desktop\999_cs\Quantum_Inpired_PSO_Classifcation\MRI_dataset\Plexiform Neurofibroma with Sphenoid Wing Absence\Plexiform_Neurofibroma_with_Sphenoid_Wing_Absence695.jpg,Plexiform Neurofibroma with Sphenoid Wing Absence
C:\Users\HishamMo\Desktop\999_cs\Quantum_Inpired_PSO_Classifcation\MRI_dataset\Plexiform Neurofibroma with Sphenoid Wing Absence\Plexiform_Neurofibroma_with_Sphenoid_Wing_Absence696.jpg,Plexiform Neurofibroma with Sphenoid Wing Absence
C:\Users\HishamMo\Desktop\999_cs\Quantum_Inpired_PSO_Classifcation\MRI_dataset\Plexiform Neurofibroma with Sphenoid Wing Absence\Plexiform_Neurofibroma_with_Sphenoid_Wing_Absence697.jpg,Plexiform Neurofibroma with Sphenoid Wing Absence
C:\Users\HishamMo\Desktop\999_cs\Quantum_Inpired_PSO_Classifcation\MRI_dataset\Plexiform Neurofibroma with Sphenoid Wing Absence\Plexiform_Neurofibroma_with_Sphenoid_Wing_Absence698.jpg,Plexiform Neurofibroma with Sphenoid Wing Absence
C:\Users\HishamMo\Desktop\999_cs\Quantum_Inpired_PSO_Classifcation\MRI_dataset\Plexiform Neurofibroma with Sphenoid Wing Absence\Plexiform_Neurofibroma_with_Sphenoid_Wing_Absence699.jpg,Plexiform Neurofibroma with Sphenoid Wing Absence
C:\Users\HishamMo\Desktop\999_cs\Quantum_Inpired_PSO_Classifcation\MRI_dataset\Plexiform Neurofibroma with Sphenoid Wing Absence\Plexiform_Neurofibroma_with_Sphenoid_Wing_Absence700.jpg,Plexiform Neurofibroma with Sphenoid Wing Absence
C:\Users\HishamMo\Desktop\999_cs\Quantum_Inpired_PSO_Classifcation\MRI_dataset\Plexiform Neurofibroma with Sphenoid Wing Absence\Plexiform_Neurofibroma_with_Sphenoid_Wing_Absence701.jpg,Plexiform Neurofibroma with Sphenoid Wing Absence
C:\Users\HishamMo\Desktop\999_cs\Quantum_Inpired_PSO_Classifcation\MRI_dataset\Plexiform Neurofibroma with Sphenoid Wing Absence\Plexiform_Neurofibroma_with_Sphenoid_Wing_Absence702.jpg,Plexiform Neurofibroma with Sphenoid Wing Absence
C:\Users\HishamMo\Desktop\999_cs\Quantum_Inpired_PSO_Classifcation\MRI_dataset\Plexiform Neurofibroma with Sphenoid Wing Absence\Plexiform_Neurofibroma_with_Sphenoid_Wing_Absence703.jpg,Plexiform Neurofibroma with Sphenoid Wing Absence
C:\Users\HishamMo\Desktop\999_cs\Quantum_Inpired_PSO_Classifcation\MRI_dataset\Plexiform Neurofibroma with Sphenoid Wing Absence\Plexiform_Neurofibroma_with_Sphenoid_Wing_Absence704.jpg,Plexiform Neurofibroma with Sphenoid Wing Absence
C:\Users\HishamMo\Desktop\999_cs\Quantum_Inpired_PSO_Classifcation\MRI_dataset\Plexiform Neurofibroma with Sphenoid Wing Absence\Plexiform_Neurofibroma_with_Sphenoid_Wing_Absence705.jpg,Plexiform Neurofibroma with Sphenoid Wing Absence
C:\Users\HishamMo\Desktop\999_cs\Quantum_Inpired_PSO_Classifcation\MRI_dataset\Plexiform Neurofibroma with Sphenoid Wing Absence\Plexiform_Neurofibroma_with_Sphenoid_Wing_Absence706.jpg,Plexiform Neurofibroma with Sphenoid Wing Absence
C:\Users\HishamMo\Desktop\999_cs\Quantum_Inpired_PSO_Classifcation\MRI_dataset\Plexiform Neurofibroma with Sphenoid Wing Absence\Plexiform_Neurofibroma_with_Sphenoid_Wing_Absence707.jpg,Plexiform Neurofibroma with Sphenoid Wing Absence
C:\Users\HishamMo\Desktop\999_cs\Quantum_Inpired_PSO_Classifcation\MRI_dataset\Plexiform Neurofibroma with Sphenoid Wing Absence\Plexiform_Neurofibroma_with_Sphenoid_Wing_Absence708.jpg,Plexiform Neurofibroma with Sphenoid Wing Absence
C:\Users\HishamMo\Desktop\999_cs\Quantum_Inpired_PSO_Classifcation\MRI_dataset\Plexiform Neurofibroma with Sphenoid Wing Absence\Plexiform_Neurofibroma_with_Sphenoid_Wing_Absence709.jpg,Plexiform Neurofibroma with Sphenoid Wing Absence
C:\Users\HishamMo\Desktop\999_cs\Quantum_Inpired_PSO_Classifcation\MRI_dataset\Plexiform Neurofibroma with Sphenoid Wing Absence\Plexiform_Neurofibroma_with_Sphenoid_Wing_Absence710.jpg,Plexiform Neurofibroma with Sphenoid Wing Absence
C:\Users\HishamMo\Desktop\999_cs\Quantum_Inpired_PSO_Classifcation\MRI_dataset\Plexiform Neurofibroma with Sphenoid Wing Absence\Plexiform_Neurofibroma_with_Sphenoid_Wing_Absence711.jpg,Plexiform Neurofibroma with Sphenoid Wing Absence
C:\Users\HishamMo\Desktop\999_cs\Quantum_Inpired_PSO_Classifcation\MRI_dataset\Plexiform Neurofibroma with Sphenoid Wing Absence\Plexiform_Neurofibroma_with_Sphenoid_Wing_Absence712.jpg,Plexiform Neurofibroma with Sphenoid Wing Absence
C:\Users\HishamMo\Desktop\999_cs\Quantum_Inpired_PSO_Classifcation\MRI_dataset\Plexiform Neurofibroma with Sphenoid Wing Absence\Plexiform_Neurofibroma_with_Sphenoid_Wing_Absence713.jpg,Plexiform Neurofibroma with Sphenoid Wing Absence
C:\Users\HishamMo\Desktop\999_cs\Quantum_Inpired_PSO_Classifcation\MRI_dataset\Plexiform Neurofibroma with Sphenoid Wing Absence\Plexiform_Neurofibroma_with_Sphenoid_Wing_Absence714.jpg,Plexiform Neurofibroma with Sphenoid Wing Absence
C:\Users\HishamMo\Desktop\999_cs\Quantum_Inpired_PSO_Classifcation\MRI_dataset\Plexiform Neurofibroma with Sphenoid Wing Absence\Plexiform_Neurofibroma_with_Sphenoid_Wing_Absence715.jpg,Plexiform Neurofibroma with Sphenoid Wing Absence
C:\Users\HishamMo\Desktop\999_cs\Quantum_Inpired_PSO_Classifcation\MRI_dataset\Plexiform Neurofibroma with Sphenoid Wing Absence\Plexiform_Neurofibroma_with_Sphenoid_Wing_Absence716.jpg,Plexiform Neurofibroma with Sphenoid Wing Absence
C:\Users\HishamMo\Desktop\999_cs\Quantum_Inpired_PSO_Classifcation\MRI_dataset\Plexiform Neurofibroma with Sphenoid Wing Absence\Plexiform_Neurofibroma_with_Sphenoid_Wing_Absence717.jpg,Plexiform Neurofibroma with Sphenoid Wing Absence
C:\Users\HishamMo\Desktop\999_cs\Quantum_Inpired_PSO_Classifcation\MRI_dataset\Plexiform Neurofibroma with Sphenoid Wing Absence\Plexiform_Neurofibroma_with_Sphenoid_Wing_Absence718.jpg,Plexiform Neurofibroma with Sphenoid Wing Absence
C:\Users\HishamMo\Desktop\999_cs\Quantum_Inpired_PSO_Classifcation\MRI_dataset\Plexiform Neurofibroma with Sphenoid Wing Absence\Plexiform_Neurofibroma_with_Sphenoid_Wing_Absence719.jpg,Plexiform Neurofibroma with Sphenoid Wing Absence
C:\Users\HishamMo\Desktop\999_cs\Quantum_Inpired_PSO_Classifcation\MRI_dataset\Plexiform Neurofibroma with Sphenoid Wing Absence\Plexiform_Neurofibroma_with_Sphenoid_Wing_Absence720.jpg,Plexiform Neurofibroma with Sphenoid Wing Absence
C:\Users\HishamMo\Desktop\999_cs\Quantum_Inpired_PSO_Classifcation\MRI_dataset\Plexiform Neurofibroma with Sphenoid Wing Absence\Plexiform_Neurofibroma_with_Sphenoid_Wing_Absence721.jpg,Plexiform Neurofibroma with Sphenoid Wing Absence
C:\Users\HishamMo\Desktop\999_cs\Quantum_Inpired_PSO_Classifcation\MRI_dataset\Plexiform Neurofibroma with Sphenoid Wing Absence\Plexiform_Neurofibroma_with_Sphenoid_Wing_Absence722.jpg,Plexiform Neurofibroma with Sphenoid Wing Absence
C:\Users\HishamMo\Desktop\999_cs\Quantum_Inpired_PSO_Classifcation\MRI_dataset\Plexiform Neurofibroma with Sphenoid Wing Absence\Plexiform_Neurofibroma_with_Sphenoid_Wing_Absence723.jpg,Plexiform Neurofibroma with Sphenoid Wing Absence
C:\Users\HishamMo\Desktop\999_cs\Quantum_Inpired_PSO_Classifcation\MRI_dataset\Plexiform Neurofibroma with Sphenoid Wing Absence\Plexiform_Neurofibroma_with_Sphenoid_Wing_Absence724.jpg,Plexiform Neurofibroma with Sphenoid Wing Absence
C:\Users\HishamMo\Desktop\999_cs\Quantum_Inpired_PSO_Classifcation\MRI_dataset\Plexiform Neurofibroma with Sphenoid Wing Absence\Plexiform_Neurofibroma_with_Sphenoid_Wing_Absence725.jpg,Plexiform Neurofibroma with Sphenoid Wing Absence
C:\Users\HishamMo\Desktop\999_cs\Quantum_Inpired_PSO_Classifcation\MRI_dataset\Plexiform Neurofibroma with Sphenoid Wing Absence\Plexiform_Neurofibroma_with_Sphenoid_Wing_Absence726.jpg,Plexiform Neurofibroma with Sphenoid Wing Absence
C:\Users\HishamMo\Desktop\999_cs\Quantum_Inpired_PSO_Classifcation\MRI_dataset\Plexiform Neurofibroma with Sphenoid Wing Absence\Plexiform_Neurofibroma_with_Sphenoid_Wing_Absence727.jpg,Plexiform Neurofibroma with Sphenoid Wing Absence
C:\Users\HishamMo\Desktop\999_cs\Quantum_Inpired_PSO_Classifcation\MRI_dataset\Plexiform Neurofibroma with Sphenoid Wing Absence\Plexiform_Neurofibroma_with_Sphenoid_Wing_Absence728.jpg,Plexiform Neurofibroma with Sphenoid Wing Absence
C:\Users\HishamMo\Desktop\999_cs\Quantum_Inpired_PSO_Classifcation\MRI_dataset\Plexiform Neurofibroma with Sphenoid Wing Absence\Plexiform_Neurofibroma_with_Sphenoid_Wing_Absence729.jpg,Plexiform Neurofibroma with Sphenoid Wing Absence
C:\Users\HishamMo\Desktop\999_cs\Quantum_Inpired_PSO_Classifcation\MRI_dataset\Plexiform Neurofibroma with Sphenoid Wing Absence\Plexiform_Neurofibroma_with_Sphenoid_Wing_Absence730.jpg,Plexiform Neurofibroma with Sphenoid Wing Absence
C:\Users\HishamMo\Desktop\999_cs\Quantum_Inpired_PSO_Classifcation\MRI_dataset\Plexiform Neurofibroma with Sphenoid Wing Absence\Plexiform_Neurofibroma_with_Sphenoid_Wing_Absence731.jpg,Plexiform Neurofibroma with Sphenoid Wing Absence
C:\Users\HishamMo\Desktop\999_cs\Quantum_Inpired_PSO_Classifcation\MRI_dataset\Plexiform Neurofibroma with Sphenoid Wing Absence\Plexiform_Neurofibroma_with_Sphenoid_Wing_Absence732.jpg,Plexiform Neurofibroma with Sphenoid Wing Absence
C:\Users\HishamMo\Desktop\999_cs\Quantum_Inpired_PSO_Classifcation\MRI_dataset\Plexiform Neurofibroma with Sphenoid Wing Absence\Plexiform_Neurofibroma_with_Sphenoid_Wing_Absence733.jpg,Plexiform Neurofibroma with Sphenoid Wing Absence
C:\Users\HishamMo\Desktop\999_cs\Quantum_Inpired_PSO_Classifcation\MRI_dataset\Plexiform Neurofibroma with Sphenoid Wing Absence\Plexiform_Neurofibroma_with_Sphenoid_Wing_Absence734.jpg,Plexiform Neurofibroma with Sphenoid Wing Absence
C:\Users\HishamMo\Desktop\999_cs\Quantum_Inpired_PSO_Classifcation\MRI_dataset\Plexiform Neurofibroma with Sphenoid Wing Absence\Plexiform_Neurofibroma_with_Sphenoid_Wing_Absence735.jpg,Plexiform Neurofibroma with Sphenoid Wing Absence
C:\Users\HishamMo\Desktop\999_cs\Quantum_Inpired_PSO_Classifcation\MRI_dataset\Plexiform Neurofibroma with Sphenoid Wing Absence\Plexiform_Neurofibroma_with_Sphenoid_Wing_Absence736.jpg,Plexiform Neurofibroma with Sphenoid Wing Absence
C:\Users\HishamMo\Desktop\999_cs\Quantum_Inpired_PSO_Classifcation\MRI_dataset\Plexiform Neurofibroma with Sphenoid Wing Absence\Plexiform_Neurofibroma_with_Sphenoid_Wing_Absence737.jpg,Plexiform Neurofibroma with Sphenoid Wing Absence
C:\Users\HishamMo\Desktop\999_cs\Quantum_Inpired_PSO_Classifcation\MRI_dataset\Plexiform Neurofibroma with Sphenoid Wing Absence\Plexiform_Neurofibroma_with_Sphenoid_Wing_Absence738.jpg,Plexiform Neurofibroma with Sphenoid Wing Absence
C:\Users\HishamMo\Desktop\999_cs\Quantum_Inpired_PSO_Classifcation\MRI_dataset\Plexiform Neurofibroma with Sphenoid Wing Absence\Plexiform_Neurofibroma_with_Sphenoid_Wing_Absence739.jpg,Plexiform Neurofibroma with Sphenoid Wing Absence
C:\Users\HishamMo\Desktop\999_cs\Quantum_Inpired_PSO_Classifcation\MRI_dataset\Plexiform Neurofibroma with Sphenoid Wing Absence\Plexiform_Neurofibroma_with_Sphenoid_Wing_Absence740.jpg,Plexiform Neurofibroma with Sphenoid Wing Absence
C:\Users\HishamMo\Desktop\999_cs\Quantum_Inpired_PSO_Classifcation\MRI_dataset\Plexiform Neurofibroma with Sphenoid Wing Absence\Plexiform_Neurofibroma_with_Sphenoid_Wing_Absence741.jpg,Plexiform Neurofibroma with Sphenoid Wing Absence
C:\Users\HishamMo\Desktop\999_cs\Quantum_Inpired_PSO_Classifcation\MRI_dataset\Plexiform Neurofibroma with Sphenoid Wing Absence\Plexiform_Neurofibroma_with_Sphenoid_Wing_Absence742.jpg,Plexiform Neurofibroma with Sphenoid Wing Absence
C:\Users\HishamMo\Desktop\999_cs\Quantum_Inpired_PSO_Classifcation\MRI_dataset\Plexiform Neurofibroma with Sphenoid Wing Absence\Plexiform_Neurofibroma_with_Sphenoid_Wing_Absence743.jpg,Plexiform Neurofibroma with Sphenoid Wing Absence
C:\Users\HishamMo\Desktop\999_cs\Quantum_Inpired_PSO_Classifcation\MRI_dataset\Plexiform Neurofibroma with Sphenoid Wing Absence\Plexiform_Neurofibroma_with_Sphenoid_Wing_Absence744.jpg,Plexiform Neurofibroma with Sphenoid Wing Absence
C:\Users\HishamMo\Desktop\999_cs\Quantum_Inpired_PSO_Classifcation\MRI_dataset\Plexiform Neurofibroma with Sphenoid Wing Absence\Plexiform_Neurofibroma_with_Sphenoid_Wing_Absence745.jpg,Plexiform Neurofibroma with Sphenoid Wing Absence
C:\Users\HishamMo\Desktop\999_cs\Quantum_Inpired_PSO_Classifcation\MRI_dataset\Plexiform Neurofibroma with Sphenoid Wing Absence\Plexiform_Neurofibroma_with_Sphenoid_Wing_Absence746.jpg,Plexiform Neurofibroma with Sphenoid Wing Absence
C:\Users\HishamMo\Desktop\999_cs\Quantum_Inpired_PSO_Classifcation\MRI_dataset\Plexiform Neurofibroma with Sphenoid Wing Absence\Plexiform_Neurofibroma_with_Sphenoid_Wing_Absence747.jpg,Plexiform Neurofibroma with Sphenoid Wing Absence
C:\Users\HishamMo\Desktop\999_cs\Quantum_Inpired_PSO_Classifcation\MRI_dataset\Plexiform Neurofibroma with Sphenoid Wing Absence\Plexiform_Neurofibroma_with_Sphenoid_Wing_Absence748.jpg,Plexiform Neurofibroma with Sphenoid Wing Absence
C:\Users\HishamMo\Desktop\999_cs\Quantum_Inpired_PSO_Classifcation\MRI_dataset\Plexiform Neurofibroma with Sphenoid Wing Absence\Plexiform_Neurofibroma_with_Sphenoid_Wing_Absence749.jpg,Plexiform Neurofibroma with Sphenoid Wing Absence
C:\Users\HishamMo\Desktop\999_cs\Quantum_Inpired_PSO_Classifcation\MRI_dataset\Plexiform Neurofibroma with Sphenoid Wing Absence\Plexiform_Neurofibroma_with_Sphenoid_Wing_Absence750.jpg,Plexiform Neurofibroma with Sphenoid Wing Absence
C:\Users\HishamMo\Desktop\999_cs\Quantum_Inpired_PSO_Classifcation\MRI_dataset\Plexiform Neurofibroma with Sphenoid Wing Absence\Plexiform_Neurofibroma_with_Sphenoid_Wing_Absence751.jpg,Plexiform Neurofibroma with Sphenoid Wing Absence
C:\Users\HishamMo\Desktop\999_cs\Quantum_Inpired_PSO_Classifcation\MRI_dataset\Plexiform Neurofibroma with Sphenoid Wing Absence\Plexiform_Neurofibroma_with_Sphenoid_Wing_Absence752.jpg,Plexiform Neurofibroma with Sphenoid Wing Absence
C:\Users\HishamMo\Desktop\999_cs\Quantum_Inpired_PSO_Classifcation\MRI_dataset\Plexiform Neurofibroma with Sphenoid Wing Absence\Plexiform_Neurofibroma_with_Sphenoid_Wing_Absence753.jpg,Plexiform Neurofibroma with Sphenoid Wing Absence
C:\Users\HishamMo\Desktop\999_cs\Quantum_Inpired_PSO_Classifcation\MRI_dataset\Plexiform Neurofibroma with Sphenoid Wing Absence\Plexiform_Neurofibroma_with_Sphenoid_Wing_Absence754.jpg,Plexiform Neurofibroma with Sphenoid Wing Absence
C:\Users\HishamMo\Desktop\999_cs\Quantum_Inpired_PSO_Classifcation\MRI_dataset\Plexiform Neurofibroma with Sphenoid Wing Absence\Plexiform_Neurofibroma_with_Sphenoid_Wing_Absence755.jpg,Plexiform Neurofibroma with Sphenoid Wing Absence
C:\Users\HishamMo\Desktop\999_cs\Quantum_Inpired_PSO_Classifcation\MRI_dataset\Plexiform Neurofibroma with Sphenoid Wing Absence\Plexiform_Neurofibroma_with_Sphenoid_Wing_Absence756.jpg,Plexiform Neurofibroma with Sphenoid Wing Absence
C:\Users\HishamMo\Desktop\999_cs\Quantum_Inpired_PSO_Classifcation\MRI_dataset\Plexiform Neurofibroma with Sphenoid Wing Absence\Plexiform_Neurofibroma_with_Sphenoid_Wing_Absence757.jpg,Plexiform Neurofibroma with Sphenoid Wing Absence
C:\Users\HishamMo\Desktop\999_cs\Quantum_Inpired_PSO_Classifcation\MRI_dataset\Plexiform Neurofibroma with Sphenoid Wing Absence\Plexiform_Neurofibroma_with_Sphenoid_Wing_Absence758.jpg,Plexiform Neurofibroma with Sphenoid Wing Absence
C:\Users\HishamMo\Desktop\999_cs\Quantum_Inpired_PSO_Classifcation\MRI_dataset\Plexiform Neurofibroma with Sphenoid Wing Absence\Plexiform_Neurofibroma_with_Sphenoid_Wing_Absence759.jpg,Plexiform Neurofibroma with Sphenoid Wing Absence
C:\Users\HishamMo\Desktop\999_cs\Quantum_Inpired_PSO_Classifcation\MRI_dataset\Plexiform Neurofibroma with Sphenoid Wing Absence\Plexiform_Neurofibroma_with_Sphenoid_Wing_Absence760.jpg,Plexiform Neurofibroma with Sphenoid Wing Absence
C:\Users\HishamMo\Desktop\999_cs\Quantum_Inpired_PSO_Classifcation\MRI_dataset\Plexiform Neurofibroma with Sphenoid Wing Absence\Plexiform_Neurofibroma_with_Sphenoid_Wing_Absence761.jpg,Plexiform Neurofibroma with Sphenoid Wing Absence
C:\Users\HishamMo\Desktop\999_cs\Quantum_Inpired_PSO_Classifcation\MRI_dataset\Plexiform Neurofibroma with Sphenoid Wing Absence\Plexiform_Neurofibroma_with_Sphenoid_Wing_Absence762.jpg,Plexiform Neurofibroma with Sphenoid Wing Absence
C:\Users\HishamMo\Desktop\999_cs\Quantum_Inpired_PSO_Classifcation\MRI_dataset\Plexiform Neurofibroma with Sphenoid Wing Absence\Plexiform_Neurofibroma_with_Sphenoid_Wing_Absence763.jpg,Plexiform Neurofibroma with Sphenoid Wing Absence
C:\Users\HishamMo\Desktop\999_cs\Quantum_Inpired_PSO_Classifcation\MRI_dataset\Plexiform Neurofibroma with Sphenoid Wing Absence\Plexiform_Neurofibroma_with_Sphenoid_Wing_Absence764.jpg,Plexiform Neurofibroma with Sphenoid Wing Absence
C:\Users\HishamMo\Desktop\999_cs\Quantum_Inpired_PSO_Classifcation\MRI_dataset\Plexiform Neurofibroma with Sphenoid Wing Absence\Plexiform_Neurofibroma_with_Sphenoid_Wing_Absence765.jpg,Plexiform Neurofibroma with Sphenoid Wing Absence
C:\Users\HishamMo\Desktop\999_cs\Quantum_Inpired_PSO_Classifcation\MRI_dataset\Plexiform Neurofibroma with Sphenoid Wing Absence\Plexiform_Neurofibroma_with_Sphenoid_Wing_Absence766.jpg,Plexiform Neurofibroma with Sphenoid Wing Absence
C:\Users\HishamMo\Desktop\999_cs\Quantum_Inpired_PSO_Classifcation\MRI_dataset\Plexiform Neurofibroma with Sphenoid Wing Absence\Plexiform_Neurofibroma_with_Sphenoid_Wing_Absence767.jpg,Plexiform Neurofibroma with Sphenoid Wing Absence
C:\Users\HishamMo\Desktop\999_cs\Quantum_Inpired_PSO_Classifcation\MRI_dataset\Plexiform Neurofibroma with Sphenoid Wing Absence\Plexiform_Neurofibroma_with_Sphenoid_Wing_Absence768.jpg,Plexiform Neurofibroma with Sphenoid Wing Absence
C:\Users\HishamMo\Desktop\999_cs\Quantum_Inpired_PSO_Classifcation\MRI_dataset\Plexiform Neurofibroma with Sphenoid Wing Absence\Plexiform_Neurofibroma_with_Sphenoid_Wing_Absence769.jpg,Plexiform Neurofibroma with Sphenoid Wing Absence
C:\Users\HishamMo\Desktop\999_cs\Quantum_Inpired_PSO_Classifcation\MRI_dataset\Plexiform Neurofibroma with Sphenoid Wing Absence\Plexiform_Neurofibroma_with_Sphenoid_Wing_Absence770.jpg,Plexiform Neurofibroma with Sphenoid Wing Absence
C:\Users\HishamMo\Desktop\999_cs\Quantum_Inpired_PSO_Classifcation\MRI_dataset\Plexiform Neurofibroma with Sphenoid Wing Absence\Plexiform_Neurofibroma_with_Sphenoid_Wing_Absence771.jpg,Plexiform Neurofibroma with Sphenoid Wing Absence
C:\Users\HishamMo\Desktop\999_cs\Quantum_Inpired_PSO_Classifcation\MRI_dataset\Plexiform Neurofibroma with Sphenoid Wing Absence\Plexiform_Neurofibroma_with_Sphenoid_Wing_Absence772.jpg,Plexiform Neurofibroma with Sphenoid Wing Absence
C:\Users\HishamMo\Desktop\999_cs\Quantum_Inpired_PSO_Classifcation\MRI_dataset\Plexiform Neurofibroma with Sphenoid Wing Absence\Plexiform_Neurofibroma_with_Sphenoid_Wing_Absence773.jpg,Plexiform Neurofibroma with Sphenoid Wing Absence
C:\Users\HishamMo\Desktop\999_cs\Quantum_Inpired_PSO_Classifcation\MRI_dataset\Plexiform Neurofibroma with Sphenoid Wing Absence\Plexiform_Neurofibroma_with_Sphenoid_Wing_Absence774.jpg,Plexiform Neurofibroma with Sphenoid Wing Absence
C:\Users\HishamMo\Desktop\999_cs\Quantum_Inpired_PSO_Classifcation\MRI_dataset\Plexiform Neurofibroma with Sphenoid Wing Absence\Plexiform_Neurofibroma_with_Sphenoid_Wing_Absence775.jpg,Plexiform Neurofibroma with Sphenoid Wing Absence
C:\Users\HishamMo\Desktop\999_cs\Quantum_Inpired_PSO_Classifcation\MRI_dataset\Plexiform Neurofibroma with Sphenoid Wing Absence\Plexiform_Neurofibroma_with_Sphenoid_Wing_Absence776.jpg,Plexiform Neurofibroma with Sphenoid Wing Absence
C:\Users\HishamMo\Desktop\999_cs\Quantum_Inpired_PSO_Classifcation\MRI_dataset\Plexiform Neurofibroma with Sphenoid Wing Absence\Plexiform_Neurofibroma_with_Sphenoid_Wing_Absence777.jpg,Plexiform Neurofibroma with Sphenoid Wing Absence
C:\Users\HishamMo\Desktop\999_cs\Quantum_Inpired_PSO_Classifcation\MRI_dataset\Plexiform Neurofibroma with Sphenoid Wing Absence\Plexiform_Neurofibroma_with_Sphenoid_Wing_Absence778.jpg,Plexiform Neurofibroma with Sphenoid Wing Absence
C:\Users\HishamMo\Desktop\999_cs\Quantum_Inpired_PSO_Classifcation\MRI_dataset\Plexiform Neurofibroma with Sphenoid Wing Absence\Plexiform_Neurofibroma_with_Sphenoid_Wing_Absence779.jpg,Plexiform Neurofibroma with Sphenoid Wing Absence
C:\Users\HishamMo\Desktop\999_cs\Quantum_Inpired_PSO_Classifcation\MRI_dataset\Plexiform Neurofibroma with Sphenoid Wing Absence\Plexiform_Neurofibroma_with_Sphenoid_Wing_Absence780.jpg,Plexiform Neurofibroma with Sphenoid Wing Absence
C:\Users\HishamMo\Desktop\999_cs\Quantum_Inpired_PSO_Classifcation\MRI_dataset\Plexiform Neurofibroma with Sphenoid Wing Absence\Plexiform_Neurofibroma_with_Sphenoid_Wing_Absence781.jpg,Plexiform Neurofibroma with Sphenoid Wing Absence
C:\Users\HishamMo\Desktop\999_cs\Quantum_Inpired_PSO_Classifcation\MRI_dataset\Plexiform Neurofibroma with Sphenoid Wing Absence\Plexiform_Neurofibroma_with_Sphenoid_Wing_Absence782.jpg,Plexiform Neurofibroma with Sphenoid Wing Absence
C:\Users\HishamMo\Desktop\999_cs\Quantum_Inpired_PSO_Classifcation\MRI_dataset\Plexiform Neurofibroma with Sphenoid Wing Absence\Plexiform_Neurofibroma_with_Sphenoid_Wing_Absence783.jpg,Plexiform Neurofibroma with Sphenoid Wing Absence
C:\Users\HishamMo\Desktop\999_cs\Quantum_Inpired_PSO_Classifcation\MRI_dataset\Plexiform Neurofibroma with Sphenoid Wing Absence\Plexiform_Neurofibroma_with_Sphenoid_Wing_Absence784.jpg,Plexiform Neurofibroma with Sphenoid Wing Absence
C:\Users\HishamMo\Desktop\999_cs\Quantum_Inpired_PSO_Classifcation\MRI_dataset\Plexiform Neurofibroma with Sphenoid Wing Absence\Plexiform_Neurofibroma_with_Sphenoid_Wing_Absence785.jpg,Plexiform Neurofibroma with Sphenoid Wing Absence
C:\Users\HishamMo\Desktop\999_cs\Quantum_Inpired_PSO_Classifcation\MRI_dataset\Plexiform Neurofibroma with Sphenoid Wing Absence\Plexiform_Neurofibroma_with_Sphenoid_Wing_Absence786.jpg,Plexiform Neurofibroma with Sphenoid Wing Absence
C:\Users\HishamMo\Desktop\999_cs\Quantum_Inpired_PSO_Classifcation\MRI_dataset\Plexiform Neurofibroma with Sphenoid Wing Absence\Plexiform_Neurofibroma_with_Sphenoid_Wing_Absence787.jpg,Plexiform Neurofibroma with Sphenoid Wing Absence
C:\Users\HishamMo\Desktop\999_cs\Quantum_Inpired_PSO_Classifcation\MRI_dataset\Plexiform Neurofibroma with Sphenoid Wing Absence\Plexiform_Neurofibroma_with_Sphenoid_Wing_Absence788.jpg,Plexiform Neurofibroma with Sphenoid Wing Absence
C:\Users\HishamMo\Desktop\999_cs\Quantum_Inpired_PSO_Classifcation\MRI_dataset\Plexiform Neurofibroma with Sphenoid Wing Absence\Plexiform_Neurofibroma_with_Sphenoid_Wing_Absence789.jpg,Plexiform Neurofibroma with Sphenoid Wing Absence
C:\Users\HishamMo\Desktop\999_cs\Quantum_Inpired_PSO_Classifcation\MRI_dataset\Plexiform Neurofibroma with Sphenoid Wing Absence\Plexiform_Neurofibroma_with_Sphenoid_Wing_Absence790.jpg,Plexiform Neurofibroma with Sphenoid Wing Absence
C:\Users\HishamMo\Desktop\999_cs\Quantum_Inpired_PSO_Classifcation\MRI_dataset\Plexiform Neurofibroma with Sphenoid Wing Absence\Plexiform_Neurofibroma_with_Sphenoid_Wing_Absence791.jpg,Plexiform Neurofibroma with Sphenoid Wing Absence
C:\Users\HishamMo\Desktop\999_cs\Quantum_Inpired_PSO_Classifcation\MRI_dataset\Plexiform Neurofibroma with Sphenoid Wing Absence\Plexiform_Neurofibroma_with_Sphenoid_Wing_Absence792.jpg,Plexiform Neurofibroma with Sphenoid Wing Absence
C:\Users\HishamMo\Desktop\999_cs\Quantum_Inpired_PSO_Classifcation\MRI_dataset\Plexiform Neurofibroma with Sphenoid Wing Absence\Plexiform_Neurofibroma_with_Sphenoid_Wing_Absence793.jpg,Plexiform Neurofibroma with Sphenoid Wing Absence
C:\Users\HishamMo\Desktop\999_cs\Quantum_Inpired_PSO_Classifcation\MRI_dataset\Plexiform Neurofibroma with Sphenoid Wing Absence\Plexiform_Neurofibroma_with_Sphenoid_Wing_Absence794.jpg,Plexiform Neurofibroma with Sphenoid Wing Absence
C:\Users\HishamMo\Desktop\999_cs\Quantum_Inpired_PSO_Classifcation\MRI_dataset\Plexiform Neurofibroma with Sphenoid Wing Absence\Plexiform_Neurofibroma_with_Sphenoid_Wing_Absence795.jpg,Plexiform Neurofibroma with Sphenoid Wing Absence
C:\Users\HishamMo\Desktop\999_cs\Quantum_Inpired_PSO_Classifcation\MRI_dataset\Plexiform Neurofibroma with Sphenoid Wing Absence\Plexiform_Neurofibroma_with_Sphenoid_Wing_Absence796.jpg,Plexiform Neurofibroma with Sphenoid Wing Absence
C:\Users\HishamMo\Desktop\999_cs\Quantum_Inpired_PSO_Classifcation\MRI_dataset\Plexiform Neurofibroma with Sphenoid Wing Absence\Plexiform_Neurofibroma_with_Sphenoid_Wing_Absence797.jpg,Plexiform Neurofibroma with Sphenoid Wing Absence
C:\Users\HishamMo\Desktop\999_cs\Quantum_Inpired_PSO_Classifcation\MRI_dataset\Plexiform Neurofibroma with Sphenoid Wing Absence\Plexiform_Neurofibroma_with_Sphenoid_Wing_Absence798.jpg,Plexiform Neurofibroma with Sphenoid Wing Absence
C:\Users\HishamMo\Desktop\999_cs\Quantum_Inpired_PSO_Classifcation\MRI_dataset\Plexiform Neurofibroma with Sphenoid Wing Absence\Plexiform_Neurofibroma_with_Sphenoid_Wing_Absence799.jpg,Plexiform Neurofibroma with Sphenoid Wing Absence
C:\Users\HishamMo\Desktop\999_cs\Quantum_Inpired_PSO_Classifcation\MRI_dataset\Plexiform Neurofibroma with Sphenoid Wing Absence\Plexiform_Neurofibroma_with_Sphenoid_Wing_Absence800.jpg,Plexiform Neurofibroma with Sphenoid Wing Absence
C:\Users\HishamMo\Desktop\999_cs\Quantum_Inpired_PSO_Classifcation\MRI_dataset\Plexiform Neurofibroma with Sphenoid Wing Absence\Plexiform_Neurofibroma_with_Sphenoid_Wing_Absence801.jpg,Plexiform Neurofibroma with Sphenoid Wing Absence
C:\Users\HishamMo\Desktop\999_cs\Quantum_Inpired_PSO_Classifcation\MRI_dataset\Plexiform Neurofibroma with Sphenoid Wing Absence\Plexiform_Neurofibroma_with_Sphenoid_Wing_Absence802.jpg,Plexiform Neurofibroma with Sphenoid Wing Absence
C:\Users\HishamMo\Desktop\999_cs\Quantum_Inpired_PSO_Classifcation\MRI_dataset\Plexiform Neurofibroma with Sphenoid Wing Absence\Plexiform_Neurofibroma_with_Sphenoid_Wing_Absence803.jpg,Plexiform Neurofibroma with Sphenoid Wing Absence
C:\Users\HishamMo\Desktop\999_cs\Quantum_Inpired_PSO_Classifcation\MRI_dataset\Plexiform Neurofibroma with Sphenoid Wing Absence\Plexiform_Neurofibroma_with_Sphenoid_Wing_Absence804.jpg,Plexiform Neurofibroma with Sphenoid Wing Absence
C:\Users\HishamMo\Desktop\999_cs\Quantum_Inpired_PSO_Classifcation\MRI_dataset\Plexiform Neurofibroma with Sphenoid Wing Absence\Plexiform_Neurofibroma_with_Sphenoid_Wing_Absence805.jpg,Plexiform Neurofibroma with Sphenoid Wing Absence
C:\Users\HishamMo\Desktop\999_cs\Quantum_Inpired_PSO_Classifcation\MRI_dataset\Plexiform Neurofibroma with Sphenoid Wing Absence\Plexiform_Neurofibroma_with_Sphenoid_Wing_Absence806.jpg,Plexiform Neurofibroma with Sphenoid Wing Absence
C:\Users\HishamMo\Desktop\999_cs\Quantum_Inpired_PSO_Classifcation\MRI_dataset\Plexiform Neurofibroma with Sphenoid Wing Absence\Plexiform_Neurofibroma_with_Sphenoid_Wing_Absence807.jpg,Plexiform Neurofibroma with Sphenoid Wing Absence
C:\Users\HishamMo\Desktop\999_cs\Quantum_Inpired_PSO_Classifcation\MRI_dataset\Plexiform Neurofibroma with Sphenoid Wing Absence\Plexiform_Neurofibroma_with_Sphenoid_Wing_Absence808.jpg,Plexiform Neurofibroma with Sphenoid Wing Absence
C:\Users\HishamMo\Desktop\999_cs\Quantum_Inpired_PSO_Classifcation\MRI_dataset\Plexiform Neurofibroma with Sphenoid Wing Absence\Plexiform_Neurofibroma_with_Sphenoid_Wing_Absence809.jpg,Plexiform Neurofibroma with Sphenoid Wing Absence
C:\Users\HishamMo\Desktop\999_cs\Quantum_Inpired_PSO_Classifcation\MRI_dataset\Plexiform Neurofibroma with Sphenoid Wing Absence\Plexiform_Neurofibroma_with_Sphenoid_Wing_Absence810.jpg,Plexiform Neurofibroma with Sphenoid Wing Absence
C:\Users\HishamMo\Desktop\999_cs\Quantum_Inpired_PSO_Classifcation\MRI_dataset\Plexiform Neurofibroma with Sphenoid Wing Absence\Plexiform_Neurofibroma_with_Sphenoid_Wing_Absence811.jpg,Plexiform Neurofibroma with Sphenoid Wing Absence
C:\Users\HishamMo\Desktop\999_cs\Quantum_Inpired_PSO_Classifcation\MRI_dataset\Plexiform Neurofibroma with Sphenoid Wing Absence\Plexiform_Neurofibroma_with_Sphenoid_Wing_Absence812.jpg,Plexiform Neurofibroma with Sphenoid Wing Absence
C:\Users\HishamMo\Desktop\999_cs\Quantum_Inpired_PSO_Classifcation\MRI_dataset\Plexiform Neurofibroma with Sphenoid Wing Absence\Plexiform_Neurofibroma_with_Sphenoid_Wing_Absence813.jpg,Plexiform Neurofibroma with Sphenoid Wing Absence
C:\Users\HishamMo\Desktop\999_cs\Quantum_Inpired_PSO_Classifcation\MRI_dataset\Plexiform Neurofibroma with Sphenoid Wing Absence\Plexiform_Neurofibroma_with_Sphenoid_Wing_Absence814.jpg,Plexiform Neurofibroma with Sphenoid Wing Absence
C:\Users\HishamMo\Desktop\999_cs\Quantum_Inpired_PSO_Classifcation\MRI_dataset\Plexiform Neurofibroma with Sphenoid Wing Absence\Plexiform_Neurofibroma_with_Sphenoid_Wing_Absence815.jpg,Plexiform Neurofibroma with Sphenoid Wing Absence
C:\Users\HishamMo\Desktop\999_cs\Quantum_Inpired_PSO_Classifcation\MRI_dataset\Plexiform Neurofibroma with Sphenoid Wing Absence\Plexiform_Neurofibroma_with_Sphenoid_Wing_Absence816.jpg,Plexiform Neurofibroma with Sphenoid Wing Absence
C:\Users\HishamMo\Desktop\999_cs\Quantum_Inpired_PSO_Classifcation\MRI_dataset\Plexiform Neurofibroma with Sphenoid Wing Absence\Plexiform_Neurofibroma_with_Sphenoid_Wing_Absence817.jpg,Plexiform Neurofibroma with Sphenoid Wing Absence
C:\Users\HishamMo\Desktop\999_cs\Quantum_Inpired_PSO_Classifcation\MRI_dataset\Plexiform Neurofibroma with Sphenoid Wing Absence\Plexiform_Neurofibroma_with_Sphenoid_Wing_Absence818.jpg,Plexiform Neurofibroma with Sphenoid Wing Absence
C:\Users\HishamMo\Desktop\999_cs\Quantum_Inpired_PSO_Classifcation\MRI_dataset\Plexiform Neurofibroma with Sphenoid Wing Absence\Plexiform_Neurofibroma_with_Sphenoid_Wing_Absence819.jpg,Plexiform Neurofibroma with Sphenoid Wing Absence
C:\Users\HishamMo\Desktop\999_cs\Quantum_Inpired_PSO_Classifcation\MRI_dataset\Plexiform Neurofibroma with Sphenoid Wing Absence\Plexiform_Neurofibroma_with_Sphenoid_Wing_Absence820.jpg,Plexiform Neurofibroma with Sphenoid Wing Absence
C:\Users\HishamMo\Desktop\999_cs\Quantum_Inpired_PSO_Classifcation\MRI_dataset\Plexiform Neurofibroma with Sphenoid Wing Absence\Plexiform_Neurofibroma_with_Sphenoid_Wing_Absence821.jpg,Plexiform Neurofibroma with Sphenoid Wing Absence
C:\Users\HishamMo\Desktop\999_cs\Quantum_Inpired_PSO_Classifcation\MRI_dataset\Plexiform Neurofibroma with Sphenoid Wing Absence\Plexiform_Neurofibroma_with_Sphenoid_Wing_Absence822.jpg,Plexiform Neurofibroma with Sphenoid Wing Absence
C:\Users\HishamMo\Desktop\999_cs\Quantum_Inpired_PSO_Classifcation\MRI_dataset\Plexiform Neurofibroma with Sphenoid Wing Absence\Plexiform_Neurofibroma_with_Sphenoid_Wing_Absence823.jpg,Plexiform Neurofibroma with Sphenoid Wing Absence
C:\Users\HishamMo\Desktop\999_cs\Quantum_Inpired_PSO_Classifcation\MRI_dataset\Plexiform Neurofibroma with Sphenoid Wing Absence\Plexiform_Neurofibroma_with_Sphenoid_Wing_Absence824.jpg,Plexiform Neurofibroma with Sphenoid Wing Absence
C:\Users\HishamMo\Desktop\999_cs\Quantum_Inpired_PSO_Classifcation\MRI_dataset\Plexiform Neurofibroma with Sphenoid Wing Absence\Plexiform_Neurofibroma_with_Sphenoid_Wing_Absence825.jpg,Plexiform Neurofibroma with Sphenoid Wing Absence
C:\Users\HishamMo\Desktop\999_cs\Quantum_Inpired_PSO_Classifcation\MRI_dataset\Plexiform Neurofibroma with Sphenoid Wing Absence\Plexiform_Neurofibroma_with_Sphenoid_Wing_Absence826.jpg,Plexiform Neurofibroma with Sphenoid Wing Absence
C:\Users\HishamMo\Desktop\999_cs\Quantum_Inpired_PSO_Classifcation\MRI_dataset\Plexiform Neurofibroma with Sphenoid Wing Absence\Plexiform_Neurofibroma_with_Sphenoid_Wing_Absence827.jpg,Plexiform Neurofibroma with Sphenoid Wing Absence
C:\Users\HishamMo\Desktop\999_cs\Quantum_Inpired_PSO_Classifcation\MRI_dataset\Plexiform Neurofibroma with Sphenoid Wing Absence\Plexiform_Neurofibroma_with_Sphenoid_Wing_Absence828.jpg,Plexiform Neurofibroma with Sphenoid Wing Absence
C:\Users\HishamMo\Desktop\999_cs\Quantum_Inpired_PSO_Classifcation\MRI_dataset\Plexiform Neurofibroma with Sphenoid Wing Absence\Plexiform_Neurofibroma_with_Sphenoid_Wing_Absence829.jpg,Plexiform Neurofibroma with Sphenoid Wing Absence
C:\Users\HishamMo\Desktop\999_cs\Quantum_Inpired_PSO_Classifcation\MRI_dataset\Plexiform Neurofibroma with Sphenoid Wing Absence\Plexiform_Neurofibroma_with_Sphenoid_Wing_Absence830.jpg,Plexiform Neurofibroma with Sphenoid Wing Absence
C:\Users\HishamMo\Desktop\999_cs\Quantum_Inpired_PSO_Classifcation\MRI_dataset\Plexiform Neurofibroma with Sphenoid Wing Absence\Plexiform_Neurofibroma_with_Sphenoid_Wing_Absence831.jpg,Plexiform Neurofibroma with Sphenoid Wing Absence
C:\Users\HishamMo\Desktop\999_cs\Quantum_Inpired_PSO_Classifcation\MRI_dataset\Plexiform Neurofibroma with Sphenoid Wing Absence\Plexiform_Neurofibroma_with_Sphenoid_Wing_Absence832.jpg,Plexiform Neurofibroma with Sphenoid Wing Absence
C:\Users\HishamMo\Desktop\999_cs\Quantum_Inpired_PSO_Classifcation\MRI_dataset\Plexiform Neurofibroma with Sphenoid Wing Absence\Plexiform_Neurofibroma_with_Sphenoid_Wing_Absence833.jpg,Plexiform Neurofibroma with Sphenoid Wing Absence
C:\Users\HishamMo\Desktop\999_cs\Quantum_Inpired_PSO_Classifcation\MRI_dataset\Plexiform Neurofibroma with Sphenoid Wing Absence\Plexiform_Neurofibroma_with_Sphenoid_Wing_Absence834.jpg,Plexiform Neurofibroma with Sphenoid Wing Absence
C:\Users\HishamMo\Desktop\999_cs\Quantum_Inpired_PSO_Classifcation\MRI_dataset\Plexiform Neurofibroma with Sphenoid Wing Absence\Plexiform_Neurofibroma_with_Sphenoid_Wing_Absence835.jpg,Plexiform Neurofibroma with Sphenoid Wing Absence
C:\Users\HishamMo\Desktop\999_cs\Quantum_Inpired_PSO_Classifcation\MRI_dataset\Plexiform Neurofibroma with Sphenoid Wing Absence\Plexiform_Neurofibroma_with_Sphenoid_Wing_Absence836.jpg,Plexiform Neurofibroma with Sphenoid Wing Absence
C:\Users\HishamMo\Desktop\999_cs\Quantum_Inpired_PSO_Classifcation\MRI_dataset\Plexiform Neurofibroma with Sphenoid Wing Absence\Plexiform_Neurofibroma_with_Sphenoid_Wing_Absence837.jpg,Plexiform Neurofibroma with Sphenoid Wing Absence
C:\Users\HishamMo\Desktop\999_cs\Quantum_Inpired_PSO_Classifcation\MRI_dataset\Plexiform Neurofibroma with Sphenoid Wing Absence\Plexiform_Neurofibroma_with_Sphenoid_Wing_Absence838.jpg,Plexiform Neurofibroma with Sphenoid Wing Absence
C:\Users\HishamMo\Desktop\999_cs\Quantum_Inpired_PSO_Classifcation\MRI_dataset\Plexiform Neurofibroma with Sphenoid Wing Absence\Plexiform_Neurofibroma_with_Sphenoid_Wing_Absence839.jpg,Plexiform Neurofibroma with Sphenoid Wing Absence
C:\Users\HishamMo\Desktop\999_cs\Quantum_Inpired_PSO_Classifcation\MRI_dataset\Plexiform Neurofibroma with Sphenoid Wing Absence\Plexiform_Neurofibroma_with_Sphenoid_Wing_Absence840.jpg,Plexiform Neurofibroma with Sphenoid Wing Absence
C:\Users\HishamMo\Desktop\999_cs\Quantum_Inpired_PSO_Classifcation\MRI_dataset\Plexiform Neurofibroma with Sphenoid Wing Absence\Plexiform_Neurofibroma_with_Sphenoid_Wing_Absence841.jpg,Plexiform Neurofibroma with Sphenoid Wing Absence
C:\Users\HishamMo\Desktop\999_cs\Quantum_Inpired_PSO_Classifcation\MRI_dataset\Plexiform Neurofibroma with Sphenoid Wing Absence\Plexiform_Neurofibroma_with_Sphenoid_Wing_Absence842.jpg,Plexiform Neurofibroma with Sphenoid Wing Absence
C:\Users\HishamMo\Desktop\999_cs\Quantum_Inpired_PSO_Classifcation\MRI_dataset\Plexiform Neurofibroma with Sphenoid Wing Absence\Plexiform_Neurofibroma_with_Sphenoid_Wing_Absence843.jpg,Plexiform Neurofibroma with Sphenoid Wing Absence
C:\Users\HishamMo\Desktop\999_cs\Quantum_Inpired_PSO_Classifcation\MRI_dataset\Plexiform Neurofibroma with Sphenoid Wing Absence\Plexiform_Neurofibroma_with_Sphenoid_Wing_Absence844.jpg,Plexiform Neurofibroma with Sphenoid Wing Absence
C:\Users\HishamMo\Desktop\999_cs\Quantum_Inpired_PSO_Classifcation\MRI_dataset\Plexiform Neurofibroma with Sphenoid Wing Absence\Plexiform_Neurofibroma_with_Sphenoid_Wing_Absence845.jpg,Plexiform Neurofibroma with Sphenoid Wing Absence
C:\Users\HishamMo\Desktop\999_cs\Quantum_Inpired_PSO_Classifcation\MRI_dataset\Plexiform Neurofibroma with Sphenoid Wing Absence\Plexiform_Neurofibroma_with_Sphenoid_Wing_Absence846.jpg,Plexiform Neurofibroma with Sphenoid Wing Absence
C:\Users\HishamMo\Desktop\999_cs\Quantum_Inpired_PSO_Classifcation\MRI_dataset\Plexiform Neurofibroma with Sphenoid Wing Absence\Plexiform_Neurofibroma_with_Sphenoid_Wing_Absence847.jpg,Plexiform Neurofibroma with Sphenoid Wing Absence
C:\Users\HishamMo\Desktop\999_cs\Quantum_Inpired_PSO_Classifcation\MRI_dataset\Plexiform Neurofibroma with Sphenoid Wing Absence\Plexiform_Neurofibroma_with_Sphenoid_Wing_Absence848.jpg,Plexiform Neurofibroma with Sphenoid Wing Absence
C:\Users\HishamMo\Desktop\999_cs\Quantum_Inpired_PSO_Classifcation\MRI_dataset\Plexiform Neurofibroma with Sphenoid Wing Absence\Plexiform_Neurofibroma_with_Sphenoid_Wing_Absence849.jpg,Plexiform Neurofibroma with Sphenoid Wing Absence
C:\Users\HishamMo\Desktop\999_cs\Quantum_Inpired_PSO_Classifcation\MRI_dataset\Plexiform Neurofibroma with Sphenoid Wing Absence\Plexiform_Neurofibroma_with_Sphenoid_Wing_Absence850.jpg,Plexiform Neurofibroma with Sphenoid Wing Absence
C:\Users\HishamMo\Desktop\999_cs\Quantum_Inpired_PSO_Classifcation\MRI_dataset\Plexiform Neurofibroma with Sphenoid Wing Absence\Plexiform_Neurofibroma_with_Sphenoid_Wing_Absence851.jpg,Plexiform Neurofibroma with Sphenoid Wing Absence
C:\Users\HishamMo\Desktop\999_cs\Quantum_Inpired_PSO_Classifcation\MRI_dataset\Plexiform Neurofibroma with Sphenoid Wing Absence\Plexiform_Neurofibroma_with_Sphenoid_Wing_Absence852.jpg,Plexiform Neurofibroma with Sphenoid Wing Absence
C:\Users\HishamMo\Desktop\999_cs\Quantum_Inpired_PSO_Classifcation\MRI_dataset\Plexiform Neurofibroma with Sphenoid Wing Absence\Plexiform_Neurofibroma_with_Sphenoid_Wing_Absence853.jpg,Plexiform Neurofibroma with Sphenoid Wing Absence
C:\Users\HishamMo\Desktop\999_cs\Quantum_Inpired_PSO_Classifcation\MRI_dataset\Plexiform Neurofibroma with Sphenoid Wing Absence\Plexiform_Neurofibroma_with_Sphenoid_Wing_Absence854.jpg,Plexiform Neurofibroma with Sphenoid Wing Absence
C:\Users\HishamMo\Desktop\999_cs\Quantum_Inpired_PSO_Classifcation\MRI_dataset\Plexiform Neurofibroma with Sphenoid Wing Absence\Plexiform_Neurofibroma_with_Sphenoid_Wing_Absence855.jpg,Plexiform Neurofibroma with Sphenoid Wing Absence
C:\Users\HishamMo\Desktop\999_cs\Quantum_Inpired_PSO_Classifcation\MRI_dataset\Plexiform Neurofibroma with Sphenoid Wing Absence\Plexiform_Neurofibroma_with_Sphenoid_Wing_Absence856.jpg,Plexiform Neurofibroma with Sphenoid Wing Absence
C:\Users\HishamMo\Desktop\999_cs\Quantum_Inpired_PSO_Classifcation\MRI_dataset\Plexiform Neurofibroma with Sphenoid Wing Absence\Plexiform_Neurofibroma_with_Sphenoid_Wing_Absence857.jpg,Plexiform Neurofibroma with Sphenoid Wing Absence
C:\Users\HishamMo\Desktop\999_cs\Quantum_Inpired_PSO_Classifcation\MRI_dataset\Plexiform Neurofibroma with Sphenoid Wing Absence\Plexiform_Neurofibroma_with_Sphenoid_Wing_Absence858.jpg,Plexiform Neurofibroma with Sphenoid Wing Absence
C:\Users\HishamMo\Desktop\999_cs\Quantum_Inpired_PSO_Classifcation\MRI_dataset\Plexiform Neurofibroma with Sphenoid Wing Absence\Plexiform_Neurofibroma_with_Sphenoid_Wing_Absence859.jpg,Plexiform Neurofibroma with Sphenoid Wing Absence
C:\Users\HishamMo\Desktop\999_cs\Quantum_Inpired_PSO_Classifcation\MRI_dataset\Plexiform Neurofibroma with Sphenoid Wing Absence\Plexiform_Neurofibroma_with_Sphenoid_Wing_Absence860.jpg,Plexiform Neurofibroma with Sphenoid Wing Absence
C:\Users\HishamMo\Desktop\999_cs\Quantum_Inpired_PSO_Classifcation\MRI_dataset\Plexiform Neurofibroma with Sphenoid Wing Absence\Plexiform_Neurofibroma_with_Sphenoid_Wing_Absence861.jpg,Plexiform Neurofibroma with Sphenoid Wing Absence
C:\Users\HishamMo\Desktop\999_cs\Quantum_Inpired_PSO_Classifcation\MRI_dataset\Plexiform Neurofibroma with Sphenoid Wing Absence\Plexiform_Neurofibroma_with_Sphenoid_Wing_Absence862.jpg,Plexiform Neurofibroma with Sphenoid Wing Absence
C:\Users\HishamMo\Desktop\999_cs\Quantum_Inpired_PSO_Classifcation\MRI_dataset\Plexiform Neurofibroma with Sphenoid Wing Absence\Plexiform_Neurofibroma_with_Sphenoid_Wing_Absence863.jpg,Plexiform Neurofibroma with Sphenoid Wing Absence
C:\Users\HishamMo\Desktop\999_cs\Quantum_Inpired_PSO_Classifcation\MRI_dataset\Plexiform Neurofibroma with Sphenoid Wing Absence\Plexiform_Neurofibroma_with_Sphenoid_Wing_Absence864.jpg,Plexiform Neurofibroma with Sphenoid Wing Absence
C:\Users\HishamMo\Desktop\999_cs\Quantum_Inpired_PSO_Classifcation\MRI_dataset\Plexiform Neurofibroma with Sphenoid Wing Absence\Plexiform_Neurofibroma_with_Sphenoid_Wing_Absence865.jpg,Plexiform Neurofibroma with Sphenoid Wing Absence
C:\Users\HishamMo\Desktop\999_cs\Quantum_Inpired_PSO_Classifcation\MRI_dataset\Plexiform Neurofibroma with Sphenoid Wing Absence\Plexiform_Neurofibroma_with_Sphenoid_Wing_Absence866.jpg,Plexiform Neurofibroma with Sphenoid Wing Absence
C:\Users\HishamMo\Desktop\999_cs\Quantum_Inpired_PSO_Classifcation\MRI_dataset\Plexiform Neurofibroma with Sphenoid Wing Absence\Plexiform_Neurofibroma_with_Sphenoid_Wing_Absence867.jpg,Plexiform Neurofibroma with Sphenoid Wing Absence
C:\Users\HishamMo\Desktop\999_cs\Quantum_Inpired_PSO_Classifcation\MRI_dataset\Plexiform Neurofibroma with Sphenoid Wing Absence\Plexiform_Neurofibroma_with_Sphenoid_Wing_Absence868.jpg,Plexiform Neurofibroma with Sphenoid Wing Absence
C:\Users\HishamMo\Desktop\999_cs\Quantum_Inpired_PSO_Classifcation\MRI_dataset\Plexiform Neurofibroma with Sphenoid Wing Absence\Plexiform_Neurofibroma_with_Sphenoid_Wing_Absence869.jpg,Plexiform Neurofibroma with Sphenoid Wing Absence
C:\Users\HishamMo\Desktop\999_cs\Quantum_Inpired_PSO_Classifcation\MRI_dataset\Plexiform Neurofibroma with Sphenoid Wing Absence\Plexiform_Neurofibroma_with_Sphenoid_Wing_Absence870.jpg,Plexiform Neurofibroma with Sphenoid Wing Absence
C:\Users\HishamMo\Desktop\999_cs\Quantum_Inpired_PSO_Classifcation\MRI_dataset\Plexiform Neurofibroma with Sphenoid Wing Absence\Plexiform_Neurofibroma_with_Sphenoid_Wing_Absence871.jpg,Plexiform Neurofibroma with Sphenoid Wing Absence
C:\Users\HishamMo\Desktop\999_cs\Quantum_Inpired_PSO_Classifcation\MRI_dataset\Plexiform Neurofibroma with Sphenoid Wing Absence\Plexiform_Neurofibroma_with_Sphenoid_Wing_Absence872.jpg,Plexiform Neurofibroma with Sphenoid Wing Absence
C:\Users\HishamMo\Desktop\999_cs\Quantum_Inpired_PSO_Classifcation\MRI_dataset\Plexiform Neurofibroma with Sphenoid Wing Absence\Plexiform_Neurofibroma_with_Sphenoid_Wing_Absence873.jpg,Plexiform Neurofibroma with Sphenoid Wing Absence
C:\Users\HishamMo\Desktop\999_cs\Quantum_Inpired_PSO_Classifcation\MRI_dataset\Plexiform Neurofibroma with Sphenoid Wing Absence\Plexiform_Neurofibroma_with_Sphenoid_Wing_Absence874.jpg,Plexiform Neurofibroma with Sphenoid Wing Absence
C:\Users\HishamMo\Desktop\999_cs\Quantum_Inpired_PSO_Classifcation\MRI_dataset\Plexiform Neurofibroma with Sphenoid Wing Absence\Plexiform_Neurofibroma_with_Sphenoid_Wing_Absence875.jpg,Plexiform Neurofibroma with Sphenoid Wing Absence
C:\Users\HishamMo\Desktop\999_cs\Quantum_Inpired_PSO_Classifcation\MRI_dataset\Plexiform Neurofibroma with Sphenoid Wing Absence\Plexiform_Neurofibroma_with_Sphenoid_Wing_Absence876.jpg,Plexiform Neurofibroma with Sphenoid Wing Absence
C:\Users\HishamMo\Desktop\999_cs\Quantum_Inpired_PSO_Classifcation\MRI_dataset\Plexiform Neurofibroma with Sphenoid Wing Absence\Plexiform_Neurofibroma_with_Sphenoid_Wing_Absence877.jpg,Plexiform Neurofibroma with Sphenoid Wing Absence
C:\Users\HishamMo\Desktop\999_cs\Quantum_Inpired_PSO_Classifcation\MRI_dataset\Plexiform Neurofibroma with Sphenoid Wing Absence\Plexiform_Neurofibroma_with_Sphenoid_Wing_Absence878.jpg,Plexiform Neurofibroma with Sphenoid Wing Absence
C:\Users\HishamMo\Desktop\999_cs\Quantum_Inpired_PSO_Classifcation\MRI_dataset\Plexiform Neurofibroma with Sphenoid Wing Absence\Plexiform_Neurofibroma_with_Sphenoid_Wing_Absence879.jpg,Plexiform Neurofibroma with Sphenoid Wing Absence
C:\Users\HishamMo\Desktop\999_cs\Quantum_Inpired_PSO_Classifcation\MRI_dataset\Plexiform Neurofibroma with Sphenoid Wing Absence\Plexiform_Neurofibroma_with_Sphenoid_Wing_Absence880.jpg,Plexiform Neurofibroma with Sphenoid Wing Absence
C:\Users\HishamMo\Desktop\999_cs\Quantum_Inpired_PSO_Classifcation\MRI_dataset\Plexiform Neurofibroma with Sphenoid Wing Absence\Plexiform_Neurofibroma_with_Sphenoid_Wing_Absence881.jpg,Plexiform Neurofibroma with Sphenoid Wing Absence
C:\Users\HishamMo\Desktop\999_cs\Quantum_Inpired_PSO_Classifcation\MRI_dataset\Plexiform Neurofibroma with Sphenoid Wing Absence\Plexiform_Neurofibroma_with_Sphenoid_Wing_Absence882.jpg,Plexiform Neurofibroma with Sphenoid Wing Absence
C:\Users\HishamMo\Desktop\999_cs\Quantum_Inpired_PSO_Classifcation\MRI_dataset\Plexiform Neurofibroma with Sphenoid Wing Absence\Plexiform_Neurofibroma_with_Sphenoid_Wing_Absence883.jpg,Plexiform Neurofibroma with Sphenoid Wing Absence
C:\Users\HishamMo\Desktop\999_cs\Quantum_Inpired_PSO_Classifcation\MRI_dataset\Plexiform Neurofibroma with Sphenoid Wing Absence\Plexiform_Neurofibroma_with_Sphenoid_Wing_Absence884.jpg,Plexiform Neurofibroma with Sphenoid Wing Absence
C:\Users\HishamMo\Desktop\999_cs\Quantum_Inpired_PSO_Classifcation\MRI_dataset\Plexiform Neurofibroma with Sphenoid Wing Absence\Plexiform_Neurofibroma_with_Sphenoid_Wing_Absence885.jpg,Plexiform Neurofibroma with Sphenoid Wing Absence
C:\Users\HishamMo\Desktop\999_cs\Quantum_Inpired_PSO_Classifcation\MRI_dataset\Plexiform Neurofibroma with Sphenoid Wing Absence\Plexiform_Neurofibroma_with_Sphenoid_Wing_Absence886.jpg,Plexiform Neurofibroma with Sphenoid Wing Absence
C:\Users\HishamMo\Desktop\999_cs\Quantum_Inpired_PSO_Classifcation\MRI_dataset\Plexiform Neurofibroma with Sphenoid Wing Absence\Plexiform_Neurofibroma_with_Sphenoid_Wing_Absence887.jpg,Plexiform Neurofibroma with Sphenoid Wing Absence
C:\Users\HishamMo\Desktop\999_cs\Quantum_Inpired_PSO_Classifcation\MRI_dataset\Plexiform Neurofibroma with Sphenoid Wing Absence\Plexiform_Neurofibroma_with_Sphenoid_Wing_Absence888.jpg,Plexiform Neurofibroma with Sphenoid Wing Absence
C:\Users\HishamMo\Desktop\999_cs\Quantum_Inpired_PSO_Classifcation\MRI_dataset\Plexiform Neurofibroma with Sphenoid Wing Absence\Plexiform_Neurofibroma_with_Sphenoid_Wing_Absence889.jpg,Plexiform Neurofibroma with Sphenoid Wing Absence
C:\Users\HishamMo\Desktop\999_cs\Quantum_Inpired_PSO_Classifcation\MRI_dataset\Plexiform Neurofibroma with Sphenoid Wing Absence\Plexiform_Neurofibroma_with_Sphenoid_Wing_Absence890.jpg,Plexiform Neurofibroma with Sphenoid Wing Absence
C:\Users\HishamMo\Desktop\999_cs\Quantum_Inpired_PSO_Classifcation\MRI_dataset\Plexiform Neurofibroma with Sphenoid Wing Absence\Plexiform_Neurofibroma_with_Sphenoid_Wing_Absence891.jpg,Plexiform Neurofibroma with Sphenoid Wing Absence
C:\Users\HishamMo\Desktop\999_cs\Quantum_Inpired_PSO_Classifcation\MRI_dataset\Plexiform Neurofibroma with Sphenoid Wing Absence\Plexiform_Neurofibroma_with_Sphenoid_Wing_Absence892.jpg,Plexiform Neurofibroma with Sphenoid Wing Absence
C:\Users\HishamMo\Desktop\999_cs\Quantum_Inpired_PSO_Classifcation\MRI_dataset\Plexiform Neurofibroma with Sphenoid Wing Absence\Plexiform_Neurofibroma_with_Sphenoid_Wing_Absence893.jpg,Plexiform Neurofibroma with Sphenoid Wing Absence
C:\Users\HishamMo\Desktop\999_cs\Quantum_Inpired_PSO_Classifcation\MRI_dataset\Plexiform Neurofibroma with Sphenoid Wing Absence\Plexiform_Neurofibroma_with_Sphenoid_Wing_Absence894.jpg,Plexiform Neurofibroma with Sphenoid Wing Absence
C:\Users\HishamMo\Desktop\999_cs\Quantum_Inpired_PSO_Classifcation\MRI_dataset\Plexiform Neurofibroma with Sphenoid Wing Absence\Plexiform_Neurofibroma_with_Sphenoid_Wing_Absence895.jpg,Plexiform Neurofibroma with Sphenoid Wing Absence
C:\Users\HishamMo\Desktop\999_cs\Quantum_Inpired_PSO_Classifcation\MRI_dataset\Plexiform Neurofibroma with Sphenoid Wing Absence\Plexiform_Neurofibroma_with_Sphenoid_Wing_Absence896.jpg,Plexiform Neurofibroma with Sphenoid Wing Absence
C:\Users\HishamMo\Desktop\999_cs\Quantum_Inpired_PSO_Classifcation\MRI_dataset\Plexiform Neurofibroma with Sphenoid Wing Absence\Plexiform_Neurofibroma_with_Sphenoid_Wing_Absence897.jpg,Plexiform Neurofibroma with Sphenoid Wing Absence
C:\Users\HishamMo\Desktop\999_cs\Quantum_Inpired_PSO_Classifcation\MRI_dataset\Plexiform Neurofibroma with Sphenoid Wing Absence\Plexiform_Neurofibroma_with_Sphenoid_Wing_Absence898.jpg,Plexiform Neurofibroma with Sphenoid Wing Absence
C:\Users\HishamMo\Desktop\999_cs\Quantum_Inpired_PSO_Classifcation\MRI_dataset\Plexiform Neurofibroma with Sphenoid Wing Absence\Plexiform_Neurofibroma_with_Sphenoid_Wing_Absence899.jpg,Plexiform Neurofibroma with Sphenoid Wing Absence
C:\Users\HishamMo\Desktop\999_cs\Quantum_Inpired_PSO_Classifcation\MRI_dataset\Plexiform Neurofibroma with Sphenoid Wing Absence\Plexiform_Neurofibroma_with_Sphenoid_Wing_Absence900.jpg,Plexiform Neurofibroma with Sphenoid Wing Absence
C:\Users\HishamMo\Desktop\999_cs\Quantum_Inpired_PSO_Classifcation\MRI_dataset\Plexiform Neurofibroma with Sphenoid Wing Absence\Plexiform_Neurofibroma_with_Sphenoid_Wing_Absence901.jpg,Plexiform Neurofibroma with Sphenoid Wing Absence
C:\Users\HishamMo\Desktop\999_cs\Quantum_Inpired_PSO_Classifcation\MRI_dataset\Plexiform Neurofibroma with Sphenoid Wing Absence\Plexiform_Neurofibroma_with_Sphenoid_Wing_Absence902.jpg,Plexiform Neurofibroma with Sphenoid Wing Absence
C:\Users\HishamMo\Desktop\999_cs\Quantum_Inpired_PSO_Classifcation\MRI_dataset\Plexiform Neurofibroma with Sphenoid Wing Absence\Plexiform_Neurofibroma_with_Sphenoid_Wing_Absence903.jpg,Plexiform Neurofibroma with Sphenoid Wing Absence
C:\Users\HishamMo\Desktop\999_cs\Quantum_Inpired_PSO_Classifcation\MRI_dataset\Plexiform Neurofibroma with Sphenoid Wing Absence\Plexiform_Neurofibroma_with_Sphenoid_Wing_Absence904.jpg,Plexiform Neurofibroma with Sphenoid Wing Absence
C:\Users\HishamMo\Desktop\999_cs\Quantum_Inpired_PSO_Classifcation\MRI_dataset\Plexiform Neurofibroma with Sphenoid Wing Absence\Plexiform_Neurofibroma_with_Sphenoid_Wing_Absence905.jpg,Plexiform Neurofibroma with Sphenoid Wing Absence
C:\Users\HishamMo\Desktop\999_cs\Quantum_Inpired_PSO_Classifcation\MRI_dataset\Plexiform Neurofibroma with Sphenoid Wing Absence\Plexiform_Neurofibroma_with_Sphenoid_Wing_Absence906.jpg,Plexiform Neurofibroma with Sphenoid Wing Absence
C:\Users\HishamMo\Desktop\999_cs\Quantum_Inpired_PSO_Classifcation\MRI_dataset\Plexiform Neurofibroma with Sphenoid Wing Absence\Plexiform_Neurofibroma_with_Sphenoid_Wing_Absence907.jpg,Plexiform Neurofibroma with Sphenoid Wing Absence
C:\Users\HishamMo\Desktop\999_cs\Quantum_Inpired_PSO_Classifcation\MRI_dataset\Plexiform Neurofibroma with Sphenoid Wing Absence\Plexiform_Neurofibroma_with_Sphenoid_Wing_Absence908.jpg,Plexiform Neurofibroma with Sphenoid Wing Absence
C:\Users\HishamMo\Desktop\999_cs\Quantum_Inpired_PSO_Classifcation\MRI_dataset\Plexiform Neurofibroma with Sphenoid Wing Absence\Plexiform_Neurofibroma_with_Sphenoid_Wing_Absence909.jpg,Plexiform Neurofibroma with Sphenoid Wing Absence
C:\Users\HishamMo\Desktop\999_cs\Quantum_Inpired_PSO_Classifcation\MRI_dataset\Plexiform Neurofibroma with Sphenoid Wing Absence\Plexiform_Neurofibroma_with_Sphenoid_Wing_Absence910.jpg,Plexiform Neurofibroma with Sphenoid Wing Absence
C:\Users\HishamMo\Desktop\999_cs\Quantum_Inpired_PSO_Classifcation\MRI_dataset\Plexiform Neurofibroma with Sphenoid Wing Absence\Plexiform_Neurofibroma_with_Sphenoid_Wing_Absence911.jpg,Plexiform Neurofibroma with Sphenoid Wing Absence
C:\Users\HishamMo\Desktop\999_cs\Quantum_Inpired_PSO_Classifcation\MRI_dataset\Plexiform Neurofibroma with Sphenoid Wing Absence\Plexiform_Neurofibroma_with_Sphenoid_Wing_Absence912.jpg,Plexiform Neurofibroma with Sphenoid Wing Absence
C:\Users\HishamMo\Desktop\999_cs\Quantum_Inpired_PSO_Classifcation\MRI_dataset\Plexiform Neurofibroma with Sphenoid Wing Absence\Plexiform_Neurofibroma_with_Sphenoid_Wing_Absence913.jpg,Plexiform Neurofibroma with Sphenoid Wing Absence
C:\Users\HishamMo\Desktop\999_cs\Quantum_Inpired_PSO_Classifcation\MRI_dataset\Plexiform Neurofibroma with Sphenoid Wing Absence\Plexiform_Neurofibroma_with_Sphenoid_Wing_Absence914.jpg,Plexiform Neurofibroma with Sphenoid Wing Absence
C:\Users\HishamMo\Desktop\999_cs\Quantum_Inpired_PSO_Classifcation\MRI_dataset\Plexiform Neurofibroma with Sphenoid Wing Absence\Plexiform_Neurofibroma_with_Sphenoid_Wing_Absence915.jpg,Plexiform Neurofibroma with Sphenoid Wing Absence
C:\Users\HishamMo\Desktop\999_cs\Quantum_Inpired_PSO_Classifcation\MRI_dataset\Plexiform Neurofibroma with Sphenoid Wing Absence\Plexiform_Neurofibroma_with_Sphenoid_Wing_Absence916.jpg,Plexiform Neurofibroma with Sphenoid Wing Absence
C:\Users\HishamMo\Desktop\999_cs\Quantum_Inpired_PSO_Classifcation\MRI_dataset\Plexiform Neurofibroma with Sphenoid Wing Absence\Plexiform_Neurofibroma_with_Sphenoid_Wing_Absence917.jpg,Plexiform Neurofibroma with Sphenoid Wing Absence
C:\Users\HishamMo\Desktop\999_cs\Quantum_Inpired_PSO_Classifcation\MRI_dataset\Plexiform Neurofibroma with Sphenoid Wing Absence\Plexiform_Neurofibroma_with_Sphenoid_Wing_Absence918.jpg,Plexiform Neurofibroma with Sphenoid Wing Absence
C:\Users\HishamMo\Desktop\999_cs\Quantum_Inpired_PSO_Classifcation\MRI_dataset\Plexiform Neurofibroma with Sphenoid Wing Absence\Plexiform_Neurofibroma_with_Sphenoid_Wing_Absence919.jpg,Plexiform Neurofibroma with Sphenoid Wing Absence
C:\Users\HishamMo\Desktop\999_cs\Quantum_Inpired_PSO_Classifcation\MRI_dataset\Plexiform Neurofibroma with Sphenoid Wing Absence\Plexiform_Neurofibroma_with_Sphenoid_Wing_Absence920.jpg,Plexiform Neurofibroma with Sphenoid Wing Absence
C:\Users\HishamMo\Desktop\999_cs\Quantum_Inpired_PSO_Classifcation\MRI_dataset\Plexiform Neurofibroma with Sphenoid Wing Absence\Plexiform_Neurofibroma_with_Sphenoid_Wing_Absence921.jpg,Plexiform Neurofibroma with Sphenoid Wing Absence
C:\Users\HishamMo\Desktop\999_cs\Quantum_Inpired_PSO_Classifcation\MRI_dataset\Plexiform Neurofibroma with Sphenoid Wing Absence\Plexiform_Neurofibroma_with_Sphenoid_Wing_Absence922.jpg,Plexiform Neurofibroma with Sphenoid Wing Absence
C:\Users\HishamMo\Desktop\999_cs\Quantum_Inpired_PSO_Classifcation\MRI_dataset\Plexiform Neurofibroma with Sphenoid Wing Absence\Plexiform_Neurofibroma_with_Sphenoid_Wing_Absence923.jpg,Plexiform Neurofibroma with Sphenoid Wing Absence
C:\Users\HishamMo\Desktop\999_cs\Quantum_Inpired_PSO_Classifcation\MRI_dataset\Plexiform Neurofibroma with Sphenoid Wing Absence\Plexiform_Neurofibroma_with_Sphenoid_Wing_Absence924.jpg,Plexiform Neurofibroma with Sphenoid Wing Absence
C:\Users\HishamMo\Desktop\999_cs\Quantum_Inpired_PSO_Classifcation\MRI_dataset\Plexiform Neurofibroma with Sphenoid Wing Absence\Plexiform_Neurofibroma_with_Sphenoid_Wing_Absence925.jpg,Plexiform Neurofibroma with Sphenoid Wing Absence
C:\Users\HishamMo\Desktop\999_cs\Quantum_Inpired_PSO_Classifcation\MRI_dataset\Plexiform Neurofibroma with Sphenoid Wing Absence\Plexiform_Neurofibroma_with_Sphenoid_Wing_Absence926.jpg,Plexiform Neurofibroma with Sphenoid Wing Absence
C:\Users\HishamMo\Desktop\999_cs\Quantum_Inpired_PSO_Classifcation\MRI_dataset\Plexiform Neurofibroma with Sphenoid Wing Absence\Plexiform_Neurofibroma_with_Sphenoid_Wing_Absence927.jpg,Plexiform Neurofibroma with Sphenoid Wing Absence
C:\Users\HishamMo\Desktop\999_cs\Quantum_Inpired_PSO_Classifcation\MRI_dataset\Plexiform Neurofibroma with Sphenoid Wing Absence\Plexiform_Neurofibroma_with_Sphenoid_Wing_Absence928.jpg,Plexiform Neurofibroma with Sphenoid Wing Absence
C:\Users\HishamMo\Desktop\999_cs\Quantum_Inpired_PSO_Classifcation\MRI_dataset\Plexiform Neurofibroma with Sphenoid Wing Absence\Plexiform_Neurofibroma_with_Sphenoid_Wing_Absence929.jpg,Plexiform Neurofibroma with Sphenoid Wing Absence
C:\Users\HishamMo\Desktop\999_cs\Quantum_Inpired_PSO_Classifcation\MRI_dataset\Plexiform Neurofibroma with Sphenoid Wing Absence\Plexiform_Neurofibroma_with_Sphenoid_Wing_Absence930.jpg,Plexiform Neurofibroma with Sphenoid Wing Absence
C:\Users\HishamMo\Desktop\999_cs\Quantum_Inpired_PSO_Classifcation\MRI_dataset\Plexiform Neurofibroma with Sphenoid Wing Absence\Plexiform_Neurofibroma_with_Sphenoid_Wing_Absence931.jpg,Plexiform Neurofibroma with Sphenoid Wing Absence
C:\Users\HishamMo\Desktop\999_cs\Quantum_Inpired_PSO_Classifcation\MRI_dataset\Plexiform Neurofibroma with Sphenoid Wing Absence\Plexiform_Neurofibroma_with_Sphenoid_Wing_Absence932.jpg,Plexiform Neurofibroma with Sphenoid Wing Absence
C:\Users\HishamMo\Desktop\999_cs\Quantum_Inpired_PSO_Classifcation\MRI_dataset\Plexiform Neurofibroma with Sphenoid Wing Absence\Plexiform_Neurofibroma_with_Sphenoid_Wing_Absence933.jpg,Plexiform Neurofibroma with Sphenoid Wing Absence
C:\Users\HishamMo\Desktop\999_cs\Quantum_Inpired_PSO_Classifcation\MRI_dataset\Plexiform Neurofibroma with Sphenoid Wing Absence\Plexiform_Neurofibroma_with_Sphenoid_Wing_Absence934.jpg,Plexiform Neurofibroma with Sphenoid Wing Absence
C:\Users\HishamMo\Desktop\999_cs\Quantum_Inpired_PSO_Classifcation\MRI_dataset\Plexiform Neurofibroma with Sphenoid Wing Absence\Plexiform_Neurofibroma_with_Sphenoid_Wing_Absence935.jpg,Plexiform Neurofibroma with Sphenoid Wing Absence
C:\Users\HishamMo\Desktop\999_cs\Quantum_Inpired_PSO_Classifcation\MRI_dataset\Plexiform Neurofibroma with Sphenoid Wing Absence\Plexiform_Neurofibroma_with_Sphenoid_Wing_Absence936.jpg,Plexiform Neurofibroma with Sphenoid Wing Absence
C:\Users\HishamMo\Desktop\999_cs\Quantum_Inpired_PSO_Classifcation\MRI_dataset\Plexiform Neurofibroma with Sphenoid Wing Absence\Plexiform_Neurofibroma_with_Sphenoid_Wing_Absence937.jpg,Plexiform Neurofibroma with Sphenoid Wing Absence
C:\Users\HishamMo\Desktop\999_cs\Quantum_Inpired_PSO_Classifcation\MRI_dataset\Plexiform Neurofibroma with Sphenoid Wing Absence\Plexiform_Neurofibroma_with_Sphenoid_Wing_Absence938.jpg,Plexiform Neurofibroma with Sphenoid Wing Absence
C:\Users\HishamMo\Desktop\999_cs\Quantum_Inpired_PSO_Classifcation\MRI_dataset\Plexiform Neurofibroma with Sphenoid Wing Absence\Plexiform_Neurofibroma_with_Sphenoid_Wing_Absence939.jpg,Plexiform Neurofibroma with Sphenoid Wing Absence
C:\Users\HishamMo\Desktop\999_cs\Quantum_Inpired_PSO_Classifcation\MRI_dataset\Plexiform Neurofibroma with Sphenoid Wing Absence\Plexiform_Neurofibroma_with_Sphenoid_Wing_Absence940.jpg,Plexiform Neurofibroma with Sphenoid Wing Absence
C:\Users\HishamMo\Desktop\999_cs\Quantum_Inpired_PSO_Classifcation\MRI_dataset\Plexiform Neurofibroma with Sphenoid Wing Absence\Plexiform_Neurofibroma_with_Sphenoid_Wing_Absence941.jpg,Plexiform Neurofibroma with Sphenoid Wing Absence
C:\Users\HishamMo\Desktop\999_cs\Quantum_Inpired_PSO_Classifcation\MRI_dataset\Plexiform Neurofibroma with Sphenoid Wing Absence\Plexiform_Neurofibroma_with_Sphenoid_Wing_Absence942.jpg,Plexiform Neurofibroma with Sphenoid Wing Absence
C:\Users\HishamMo\Desktop\999_cs\Quantum_Inpired_PSO_Classifcation\MRI_dataset\Plexiform Neurofibroma with Sphenoid Wing Absence\Plexiform_Neurofibroma_with_Sphenoid_Wing_Absence943.jpg,Plexiform Neurofibroma with Sphenoid Wing Absence
C:\Users\HishamMo\Desktop\999_cs\Quantum_Inpired_PSO_Classifcation\MRI_dataset\Plexiform Neurofibroma with Sphenoid Wing Absence\Plexiform_Neurofibroma_with_Sphenoid_Wing_Absence944.jpg,Plexiform Neurofibroma with Sphenoid Wing Absence
C:\Users\HishamMo\Desktop\999_cs\Quantum_Inpired_PSO_Classifcation\MRI_dataset\Plexiform Neurofibroma with Sphenoid Wing Absence\Plexiform_Neurofibroma_with_Sphenoid_Wing_Absence945.jpg,Plexiform Neurofibroma with Sphenoid Wing Absence
C:\Users\HishamMo\Desktop\999_cs\Quantum_Inpired_PSO_Classifcation\MRI_dataset\Plexiform Neurofibroma with Sphenoid Wing Absence\Plexiform_Neurofibroma_with_Sphenoid_Wing_Absence946.jpg,Plexiform Neurofibroma with Sphenoid Wing Absence
C:\Users\HishamMo\Desktop\999_cs\Quantum_Inpired_PSO_Classifcation\MRI_dataset\Plexiform Neurofibroma with Sphenoid Wing Absence\Plexiform_Neurofibroma_with_Sphenoid_Wing_Absence947.jpg,Plexiform Neurofibroma with Sphenoid Wing Absence
C:\Users\HishamMo\Desktop\999_cs\Quantum_Inpired_PSO_Classifcation\MRI_dataset\Plexiform Neurofibroma with Sphenoid Wing Absence\Plexiform_Neurofibroma_with_Sphenoid_Wing_Absence948.jpg,Plexiform Neurofibroma with Sphenoid Wing Absence
C:\Users\HishamMo\Desktop\999_cs\Quantum_Inpired_PSO_Classifcation\MRI_dataset\Plexiform Neurofibroma with Sphenoid Wing Absence\Plexiform_Neurofibroma_with_Sphenoid_Wing_Absence949.jpg,Plexiform Neurofibroma with Sphenoid Wing Absence
C:\Users\HishamMo\Desktop\999_cs\Quantum_Inpired_PSO_Classifcation\MRI_dataset\Plexiform Neurofibroma with Sphenoid Wing Absence\Plexiform_Neurofibroma_with_Sphenoid_Wing_Absence950.jpg,Plexiform Neurofibroma with Sphenoid Wing Absence
C:\Users\HishamMo\Desktop\999_cs\Quantum_Inpired_PSO_Classifcation\MRI_dataset\Plexiform Neurofibroma with Sphenoid Wing Absence\Plexiform_Neurofibroma_with_Sphenoid_Wing_Absence951.jpg,Plexiform Neurofibroma with Sphenoid Wing Absence
C:\Users\HishamMo\Desktop\999_cs\Quantum_Inpired_PSO_Classifcation\MRI_dataset\Plexiform Neurofibroma with Sphenoid Wing Absence\Plexiform_Neurofibroma_with_Sphenoid_Wing_Absence952.jpg,Plexiform Neurofibroma with Sphenoid Wing Absence
C:\Users\HishamMo\Desktop\999_cs\Quantum_Inpired_PSO_Classifcation\MRI_dataset\Plexiform Neurofibroma with Sphenoid Wing Absence\Plexiform_Neurofibroma_with_Sphenoid_Wing_Absence953.jpg,Plexiform Neurofibroma with Sphenoid Wing Absence
C:\Users\HishamMo\Desktop\999_cs\Quantum_Inpired_PSO_Classifcation\MRI_dataset\Plexiform Neurofibroma with Sphenoid Wing Absence\Plexiform_Neurofibroma_with_Sphenoid_Wing_Absence954.jpg,Plexiform Neurofibroma with Sphenoid Wing Absence
C:\Users\HishamMo\Desktop\999_cs\Quantum_Inpired_PSO_Classifcation\MRI_dataset\Plexiform Neurofibroma with Sphenoid Wing Absence\Plexiform_Neurofibroma_with_Sphenoid_Wing_Absence955.jpg,Plexiform Neurofibroma with Sphenoid Wing Absence
C:\Users\HishamMo\Desktop\999_cs\Quantum_Inpired_PSO_Classifcation\MRI_dataset\Plexiform Neurofibroma with Sphenoid Wing Absence\Plexiform_Neurofibroma_with_Sphenoid_Wing_Absence956.jpg,Plexiform Neurofibroma with Sphenoid Wing Absence
C:\Users\HishamMo\Desktop\999_cs\Quantum_Inpired_PSO_Classifcation\MRI_dataset\Plexiform Neurofibroma with Sphenoid Wing Absence\Plexiform_Neurofibroma_with_Sphenoid_Wing_Absence957.jpg,Plexiform Neurofibroma with Sphenoid Wing Absence
C:\Users\HishamMo\Desktop\999_cs\Quantum_Inpired_PSO_Classifcation\MRI_dataset\Plexiform Neurofibroma with Sphenoid Wing Absence\Plexiform_Neurofibroma_with_Sphenoid_Wing_Absence958.jpg,Plexiform Neurofibroma with Sphenoid Wing Absence
C:\Users\HishamMo\Desktop\999_cs\Quantum_Inpired_PSO_Classifcation\MRI_dataset\Plexiform Neurofibroma with Sphenoid Wing Absence\Plexiform_Neurofibroma_with_Sphenoid_Wing_Absence959.jpg,Plexiform Neurofibroma with Sphenoid Wing Absence
C:\Users\HishamMo\Desktop\999_cs\Quantum_Inpired_PSO_Classifcation\MRI_dataset\Plexiform Neurofibroma with Sphenoid Wing Absence\Plexiform_Neurofibroma_with_Sphenoid_Wing_Absence960.jpg,Plexiform Neurofibroma with Sphenoid Wing Absence
C:\Users\HishamMo\Desktop\999_cs\Quantum_Inpired_PSO_Classifcation\MRI_dataset\Plexiform Neurofibroma with Sphenoid Wing Absence\Plexiform_Neurofibroma_with_Sphenoid_Wing_Absence961.jpg,Plexiform Neurofibroma with Sphenoid Wing Absence
C:\Users\HishamMo\Desktop\999_cs\Quantum_Inpired_PSO_Classifcation\MRI_dataset\Plexiform Neurofibroma with Sphenoid Wing Absence\Plexiform_Neurofibroma_with_Sphenoid_Wing_Absence962.jpg,Plexiform Neurofibroma with Sphenoid Wing Absence
C:\Users\HishamMo\Desktop\999_cs\Quantum_Inpired_PSO_Classifcation\MRI_dataset\Plexiform Neurofibroma with Sphenoid Wing Absence\Plexiform_Neurofibroma_with_Sphenoid_Wing_Absence963.jpg,Plexiform Neurofibroma with Sphenoid Wing Absence
C:\Users\HishamMo\Desktop\999_cs\Quantum_Inpired_PSO_Classifcation\MRI_dataset\Plexiform Neurofibroma with Sphenoid Wing Absence\Plexiform_Neurofibroma_with_Sphenoid_Wing_Absence964.jpg,Plexiform Neurofibroma with Sphenoid Wing Absence
C:\Users\HishamMo\Desktop\999_cs\Quantum_Inpired_PSO_Classifcation\MRI_dataset\Plexiform Neurofibroma with Sphenoid Wing Absence\Plexiform_Neurofibroma_with_Sphenoid_Wing_Absence965.jpg,Plexiform Neurofibroma with Sphenoid Wing Absence
C:\Users\HishamMo\Desktop\999_cs\Quantum_Inpired_PSO_Classifcation\MRI_dataset\Plexiform Neurofibroma with Sphenoid Wing Absence\Plexiform_Neurofibroma_with_Sphenoid_Wing_Absence966.jpg,Plexiform Neurofibroma with Sphenoid Wing Absence
C:\Users\HishamMo\Desktop\999_cs\Quantum_Inpired_PSO_Classifcation\MRI_dataset\Plexiform Neurofibroma with Sphenoid Wing Absence\Plexiform_Neurofibroma_with_Sphenoid_Wing_Absence967.jpg,Plexiform Neurofibroma with Sphenoid Wing Absence
C:\Users\HishamMo\Desktop\999_cs\Quantum_Inpired_PSO_Classifcation\MRI_dataset\Plexiform Neurofibroma with Sphenoid Wing Absence\Plexiform_Neurofibroma_with_Sphenoid_Wing_Absence968.jpg,Plexiform Neurofibroma with Sphenoid Wing Absence
C:\Users\HishamMo\Desktop\999_cs\Quantum_Inpired_PSO_Classifcation\MRI_dataset\Plexiform Neurofibroma with Sphenoid Wing Absence\Plexiform_Neurofibroma_with_Sphenoid_Wing_Absence969.jpg,Plexiform Neurofibroma with Sphenoid Wing Absence
C:\Users\HishamMo\Desktop\999_cs\Quantum_Inpired_PSO_Classifcation\MRI_dataset\Plexiform Neurofibroma with Sphenoid Wing Absence\Plexiform_Neurofibroma_with_Sphenoid_Wing_Absence970.jpg,Plexiform Neurofibroma with Sphenoid Wing Absence
C:\Users\HishamMo\Desktop\999_cs\Quantum_Inpired_PSO_Classifcation\MRI_dataset\Plexiform Neurofibroma with Sphenoid Wing Absence\Plexiform_Neurofibroma_with_Sphenoid_Wing_Absence971.jpg,Plexiform Neurofibroma with Sphenoid Wing Absence
C:\Users\HishamMo\Desktop\999_cs\Quantum_Inpired_PSO_Classifcation\MRI_dataset\Plexiform Neurofibroma with Sphenoid Wing Absence\Plexiform_Neurofibroma_with_Sphenoid_Wing_Absence972.jpg,Plexiform Neurofibroma with Sphenoid Wing Absence
C:\Users\HishamMo\Desktop\999_cs\Quantum_Inpired_PSO_Classifcation\MRI_dataset\Plexiform Neurofibroma with Sphenoid Wing Absence\Plexiform_Neurofibroma_with_Sphenoid_Wing_Absence973.jpg,Plexiform Neurofibroma with Sphenoid Wing Absence
C:\Users\HishamMo\Desktop\999_cs\Quantum_Inpired_PSO_Classifcation\MRI_dataset\Plexiform Neurofibroma with Sphenoid Wing Absence\Plexiform_Neurofibroma_with_Sphenoid_Wing_Absence974.jpg,Plexiform Neurofibroma with Sphenoid Wing Absence
C:\Users\HishamMo\Desktop\999_cs\Quantum_Inpired_PSO_Classifcation\MRI_dataset\Plexiform Neurofibroma with Sphenoid Wing Absence\Plexiform_Neurofibroma_with_Sphenoid_Wing_Absence975.jpg,Plexiform Neurofibroma with Sphenoid Wing Absence
C:\Users\HishamMo\Desktop\999_cs\Quantum_Inpired_PSO_Classifcation\MRI_dataset\Plexiform Neurofibroma with Sphenoid Wing Absence\Plexiform_Neurofibroma_with_Sphenoid_Wing_Absence976.jpg,Plexiform Neurofibroma with Sphenoid Wing Absence
C:\Users\HishamMo\Desktop\999_cs\Quantum_Inpired_PSO_Classifcation\MRI_dataset\Plexiform Neurofibroma with Sphenoid Wing Absence\Plexiform_Neurofibroma_with_Sphenoid_Wing_Absence977.jpg,Plexiform Neurofibroma with Sphenoid Wing Absence
C:\Users\HishamMo\Desktop\999_cs\Quantum_Inpired_PSO_Classifcation\MRI_dataset\Plexiform Neurofibroma with Sphenoid Wing Absence\Plexiform_Neurofibroma_with_Sphenoid_Wing_Absence978.jpg,Plexiform Neurofibroma with Sphenoid Wing Absence
C:\Users\HishamMo\Desktop\999_cs\Quantum_Inpired_PSO_Classifcation\MRI_dataset\Plexiform Neurofibroma with Sphenoid Wing Absence\Plexiform_Neurofibroma_with_Sphenoid_Wing_Absence979.jpg,Plexiform Neurofibroma with Sphenoid Wing Absence
C:\Users\HishamMo\Desktop\999_cs\Quantum_Inpired_PSO_Classifcation\MRI_dataset\Plexiform Neurofibroma with Sphenoid Wing Absence\Plexiform_Neurofibroma_with_Sphenoid_Wing_Absence980.jpg,Plexiform Neurofibroma with Sphenoid Wing Absence
C:\Users\HishamMo\Desktop\999_cs\Quantum_Inpired_PSO_Classifcation\MRI_dataset\Plexiform Neurofibroma with Sphenoid Wing Absence\Plexiform_Neurofibroma_with_Sphenoid_Wing_Absence981.jpg,Plexiform Neurofibroma with Sphenoid Wing Absence
C:\Users\HishamMo\Desktop\999_cs\Quantum_Inpired_PSO_Classifcation\MRI_dataset\Plexiform Neurofibroma with Sphenoid Wing Absence\Plexiform_Neurofibroma_with_Sphenoid_Wing_Absence982.jpg,Plexiform Neurofibroma with Sphenoid Wing Absence
C:\Users\HishamMo\Desktop\999_cs\Quantum_Inpired_PSO_Classifcation\MRI_dataset\Plexiform Neurofibroma with Sphenoid Wing Absence\Plexiform_Neurofibroma_with_Sphenoid_Wing_Absence983.jpg,Plexiform Neurofibroma with Sphenoid Wing Absence
C:\Users\HishamMo\Desktop\999_cs\Quantum_Inpired_PSO_Classifcation\MRI_dataset\Plexiform Neurofibroma with Sphenoid Wing Absence\Plexiform_Neurofibroma_with_Sphenoid_Wing_Absence984.jpg,Plexiform Neurofibroma with Sphenoid Wing Absence
C:\Users\HishamMo\Desktop\999_cs\Quantum_Inpired_PSO_Classifcation\MRI_dataset\Plexiform Neurofibroma with Sphenoid Wing Absence\Plexiform_Neurofibroma_with_Sphenoid_Wing_Absence985.jpg,Plexiform Neurofibroma with Sphenoid Wing Absence
C:\Users\HishamMo\Desktop\999_cs\Quantum_Inpired_PSO_Classifcation\MRI_dataset\Plexiform Neurofibroma with Sphenoid Wing Absence\Plexiform_Neurofibroma_with_Sphenoid_Wing_Absence986.jpg,Plexiform Neurofibroma with Sphenoid Wing Absence
C:\Users\HishamMo\Desktop\999_cs\Quantum_Inpired_PSO_Classifcation\MRI_dataset\Plexiform Neurofibroma with Sphenoid Wing Absence\Plexiform_Neurofibroma_with_Sphenoid_Wing_Absence987.jpg,Plexiform Neurofibroma with Sphenoid Wing Absence
C:\Users\HishamMo\Desktop\999_cs\Quantum_Inpired_PSO_Classifcation\MRI_dataset\Plexiform Neurofibroma with Sphenoid Wing Absence\Plexiform_Neurofibroma_with_Sphenoid_Wing_Absence988.jpg,Plexiform Neurofibroma with Sphenoid Wing Absence
C:\Users\HishamMo\Desktop\999_cs\Quantum_Inpired_PSO_Classifcation\MRI_dataset\Plexiform Neurofibroma with Sphenoid Wing Absence\Plexiform_Neurofibroma_with_Sphenoid_Wing_Absence989.jpg,Plexiform Neurofibroma with Sphenoid Wing Absence
C:\Users\HishamMo\Desktop\999_cs\Quantum_Inpired_PSO_Classifcation\MRI_dataset\Plexiform Neurofibroma with Sphenoid Wing Absence\Plexiform_Neurofibroma_with_Sphenoid_Wing_Absence990.jpg,Plexiform Neurofibroma with Sphenoid Wing Absence
C:\Users\HishamMo\Desktop\999_cs\Quantum_Inpired_PSO_Classifcation\MRI_dataset\Plexiform Neurofibroma with Sphenoid Wing Absence\Plexiform_Neurofibroma_with_Sphenoid_Wing_Absence991.jpg,Plexiform Neurofibroma with Sphenoid Wing Absence
C:\Users\HishamMo\Desktop\999_cs\Quantum_Inpired_PSO_Classifcation\MRI_dataset\Plexiform Neurofibroma with Sphenoid Wing Absence\Plexiform_Neurofibroma_with_Sphenoid_Wing_Absence992.jpg,Plexiform Neurofibroma with Sphenoid Wing Absence
C:\Users\HishamMo\Desktop\999_cs\Quantum_Inpired_PSO_Classifcation\MRI_dataset\Plexiform Neurofibroma with Sphenoid Wing Absence\Plexiform_Neurofibroma_with_Sphenoid_Wing_Absence993.jpg,Plexiform Neurofibroma with Sphenoid Wing Absence
C:\Users\HishamMo\Desktop\999_cs\Quantum_Inpired_PSO_Classifcation\MRI_dataset\Plexiform Neurofibroma with Sphenoid Wing Absence\Plexiform_Neurofibroma_with_Sphenoid_Wing_Absence994.jpg,Plexiform Neurofibroma with Sphenoid Wing Absence
C:\Users\HishamMo\Desktop\999_cs\Quantum_Inpired_PSO_Classifcation\MRI_dataset\Plexiform Neurofibroma with Sphenoid Wing Absence\Plexiform_Neurofibroma_with_Sphenoid_Wing_Absence995.jpg,Plexiform Neurofibroma with Sphenoid Wing Absence
C:\Users\HishamMo\Desktop\999_cs\Quantum_Inpired_PSO_Classifcation\MRI_dataset\Plexiform Neurofibroma with Sphenoid Wing Absence\Plexiform_Neurofibroma_with_Sphenoid_Wing_Absence996.jpg,Plexiform Neurofibroma with Sphenoid Wing Absence
C:\Users\HishamMo\Desktop\999_cs\Quantum_Inpired_PSO_Classifcation\MRI_dataset\Plexiform Neurofibroma with Sphenoid Wing Absence\Plexiform_Neurofibroma_with_Sphenoid_Wing_Absence997.jpg,Plexiform Neurofibroma with Sphenoid Wing Absence
C:\Users\HishamMo\Desktop\999_cs\Quantum_Inpired_PSO_Classifcation\MRI_dataset\Plexiform Neurofibroma with Sphenoid Wing Absence\Plexiform_Neurofibroma_with_Sphenoid_Wing_Absence998.jpg,Plexiform Neurofibroma with Sphenoid Wing Absence
C:\Users\HishamMo\Desktop\999_cs\Quantum_Inpired_PSO_Classifcation\MRI_dataset\Plexiform Neurofibroma with Sphenoid Wing Absence\Plexiform_Neurofibroma_with_Sphenoid_Wing_Absence999.jpg,Plexiform Neurofibroma with Sphenoid Wing Absence
