image_path,label
C:\Users\HishamMo\Desktop\999_cs\Quantum_Inpired_PSO_Classifcation\MRI_dataset\Right Brachial Plexitis\Right_Brachial_Plexitis001.jpg,Right Brachial Plexitis
C:\Users\HishamMo\Desktop\999_cs\Quantum_Inpired_PSO_Classifcation\MRI_dataset\Right Brachial Plexitis\Right_Brachial_Plexitis002.jpg,Right Brachial Plexitis
C:\Users\HishamMo\Desktop\999_cs\Quantum_Inpired_PSO_Classifcation\MRI_dataset\Right Brachial Plexitis\Right_Brachial_Plexitis003.jpg,Right Brachial Plexitis
C:\Users\HishamMo\Desktop\999_cs\Quantum_Inpired_PSO_Classifcation\MRI_dataset\Right Brachial Plexitis\Right_Brachial_Plexitis004.jpg,Right Brachial Plexitis
C:\Users\HishamMo\Desktop\999_cs\Quantum_Inpired_PSO_Classifcation\MRI_dataset\Right Brachial Plexitis\Right_Brachial_Plexitis005.jpg,Right Brachial Plexitis
C:\Users\HishamMo\Desktop\999_cs\Quantum_Inpired_PSO_Classifcation\MRI_dataset\Right Brachial Plexitis\Right_Brachial_Plexitis006.jpg,Right Brachial Plexitis
C:\Users\HishamMo\Desktop\999_cs\Quantum_Inpired_PSO_Classifcation\MRI_dataset\Right Brachial Plexitis\Right_Brachial_Plexitis007.jpg,Right Brachial Plexitis
C:\Users\HishamMo\Desktop\999_cs\Quantum_Inpired_PSO_Classifcation\MRI_dataset\Right Brachial Plexitis\Right_Brachial_Plexitis008.jpg,Right Brachial Plexitis
C:\Users\HishamMo\Desktop\999_cs\Quantum_Inpired_PSO_Classifcation\MRI_dataset\Right Brachial Plexitis\Right_Brachial_Plexitis009.jpg,Right Brachial Plexitis
C:\Users\HishamMo\Desktop\999_cs\Quantum_Inpired_PSO_Classifcation\MRI_dataset\Right Brachial Plexitis\Right_Brachial_Plexitis010.jpg,Right Brachial Plexitis
C:\Users\HishamMo\Desktop\999_cs\Quantum_Inpired_PSO_Classifcation\MRI_dataset\Right Brachial Plexitis\Right_Brachial_Plexitis011.jpg,Right Brachial Plexitis
C:\Users\HishamMo\Desktop\999_cs\Quantum_Inpired_PSO_Classifcation\MRI_dataset\Right Brachial Plexitis\Right_Brachial_Plexitis012.jpg,Right Brachial Plexitis
C:\Users\HishamMo\Desktop\999_cs\Quantum_Inpired_PSO_Classifcation\MRI_dataset\Right Brachial Plexitis\Right_Brachial_Plexitis013.jpg,Right Brachial Plexitis
C:\Users\HishamMo\Desktop\999_cs\Quantum_Inpired_PSO_Classifcation\MRI_dataset\Right Brachial Plexitis\Right_Brachial_Plexitis014.jpg,Right Brachial Plexitis
C:\Users\HishamMo\Desktop\999_cs\Quantum_Inpired_PSO_Classifcation\MRI_dataset\Right Brachial Plexitis\Right_Brachial_Plexitis015.jpg,Right Brachial Plexitis
C:\Users\HishamMo\Desktop\999_cs\Quantum_Inpired_PSO_Classifcation\MRI_dataset\Right Brachial Plexitis\Right_Brachial_Plexitis016.jpg,Right Brachial Plexitis
C:\Users\HishamMo\Desktop\999_cs\Quantum_Inpired_PSO_Classifcation\MRI_dataset\Right Brachial Plexitis\Right_Brachial_Plexitis017.jpg,Right Brachial Plexitis
C:\Users\HishamMo\Desktop\999_cs\Quantum_Inpired_PSO_Classifcation\MRI_dataset\Right Brachial Plexitis\Right_Brachial_Plexitis018.jpg,Right Brachial Plexitis
C:\Users\HishamMo\Desktop\999_cs\Quantum_Inpired_PSO_Classifcation\MRI_dataset\Right Brachial Plexitis\Right_Brachial_Plexitis019.jpg,Right Brachial Plexitis
C:\Users\HishamMo\Desktop\999_cs\Quantum_Inpired_PSO_Classifcation\MRI_dataset\Right Brachial Plexitis\Right_Brachial_Plexitis020.jpg,Right Brachial Plexitis
C:\Users\HishamMo\Desktop\999_cs\Quantum_Inpired_PSO_Classifcation\MRI_dataset\Right Brachial Plexitis\Right_Brachial_Plexitis021.jpg,Right Brachial Plexitis
C:\Users\HishamMo\Desktop\999_cs\Quantum_Inpired_PSO_Classifcation\MRI_dataset\Right Brachial Plexitis\Right_Brachial_Plexitis022.jpg,Right Brachial Plexitis
C:\Users\HishamMo\Desktop\999_cs\Quantum_Inpired_PSO_Classifcation\MRI_dataset\Right Brachial Plexitis\Right_Brachial_Plexitis023.jpg,Right Brachial Plexitis
C:\Users\HishamMo\Desktop\999_cs\Quantum_Inpired_PSO_Classifcation\MRI_dataset\Right Brachial Plexitis\Right_Brachial_Plexitis024.jpg,Right Brachial Plexitis
C:\Users\HishamMo\Desktop\999_cs\Quantum_Inpired_PSO_Classifcation\MRI_dataset\Right Brachial Plexitis\Right_Brachial_Plexitis025.jpg,Right Brachial Plexitis
C:\Users\HishamMo\Desktop\999_cs\Quantum_Inpired_PSO_Classifcation\MRI_dataset\Right Brachial Plexitis\Right_Brachial_Plexitis026.jpg,Right Brachial Plexitis
C:\Users\HishamMo\Desktop\999_cs\Quantum_Inpired_PSO_Classifcation\MRI_dataset\Right Brachial Plexitis\Right_Brachial_Plexitis027.jpg,Right Brachial Plexitis
C:\Users\HishamMo\Desktop\999_cs\Quantum_Inpired_PSO_Classifcation\MRI_dataset\Right Brachial Plexitis\Right_Brachial_Plexitis028.jpg,Right Brachial Plexitis
C:\Users\HishamMo\Desktop\999_cs\Quantum_Inpired_PSO_Classifcation\MRI_dataset\Right Brachial Plexitis\Right_Brachial_Plexitis029.jpg,Right Brachial Plexitis
C:\Users\HishamMo\Desktop\999_cs\Quantum_Inpired_PSO_Classifcation\MRI_dataset\Right Brachial Plexitis\Right_Brachial_Plexitis030.jpg,Right Brachial Plexitis
C:\Users\HishamMo\Desktop\999_cs\Quantum_Inpired_PSO_Classifcation\MRI_dataset\Right Brachial Plexitis\Right_Brachial_Plexitis031.jpg,Right Brachial Plexitis
C:\Users\HishamMo\Desktop\999_cs\Quantum_Inpired_PSO_Classifcation\MRI_dataset\Right Brachial Plexitis\Right_Brachial_Plexitis032.jpg,Right Brachial Plexitis
C:\Users\HishamMo\Desktop\999_cs\Quantum_Inpired_PSO_Classifcation\MRI_dataset\Right Brachial Plexitis\Right_Brachial_Plexitis033.jpg,Right Brachial Plexitis
C:\Users\HishamMo\Desktop\999_cs\Quantum_Inpired_PSO_Classifcation\MRI_dataset\Right Brachial Plexitis\Right_Brachial_Plexitis034.jpg,Right Brachial Plexitis
C:\Users\HishamMo\Desktop\999_cs\Quantum_Inpired_PSO_Classifcation\MRI_dataset\Right Brachial Plexitis\Right_Brachial_Plexitis035.jpg,Right Brachial Plexitis
C:\Users\HishamMo\Desktop\999_cs\Quantum_Inpired_PSO_Classifcation\MRI_dataset\Right Brachial Plexitis\Right_Brachial_Plexitis036.jpg,Right Brachial Plexitis
C:\Users\HishamMo\Desktop\999_cs\Quantum_Inpired_PSO_Classifcation\MRI_dataset\Right Brachial Plexitis\Right_Brachial_Plexitis037.jpg,Right Brachial Plexitis
C:\Users\HishamMo\Desktop\999_cs\Quantum_Inpired_PSO_Classifcation\MRI_dataset\Right Brachial Plexitis\Right_Brachial_Plexitis038.jpg,Right Brachial Plexitis
C:\Users\HishamMo\Desktop\999_cs\Quantum_Inpired_PSO_Classifcation\MRI_dataset\Right Brachial Plexitis\Right_Brachial_Plexitis039.jpg,Right Brachial Plexitis
C:\Users\HishamMo\Desktop\999_cs\Quantum_Inpired_PSO_Classifcation\MRI_dataset\Right Brachial Plexitis\Right_Brachial_Plexitis040.jpg,Right Brachial Plexitis
C:\Users\HishamMo\Desktop\999_cs\Quantum_Inpired_PSO_Classifcation\MRI_dataset\Right Brachial Plexitis\Right_Brachial_Plexitis041.jpg,Right Brachial Plexitis
C:\Users\HishamMo\Desktop\999_cs\Quantum_Inpired_PSO_Classifcation\MRI_dataset\Right Brachial Plexitis\Right_Brachial_Plexitis042.jpg,Right Brachial Plexitis
C:\Users\HishamMo\Desktop\999_cs\Quantum_Inpired_PSO_Classifcation\MRI_dataset\Right Brachial Plexitis\Right_Brachial_Plexitis043.jpg,Right Brachial Plexitis
C:\Users\HishamMo\Desktop\999_cs\Quantum_Inpired_PSO_Classifcation\MRI_dataset\Right Brachial Plexitis\Right_Brachial_Plexitis044.jpg,Right Brachial Plexitis
C:\Users\HishamMo\Desktop\999_cs\Quantum_Inpired_PSO_Classifcation\MRI_dataset\Right Brachial Plexitis\Right_Brachial_Plexitis045.jpg,Right Brachial Plexitis
C:\Users\HishamMo\Desktop\999_cs\Quantum_Inpired_PSO_Classifcation\MRI_dataset\Right Brachial Plexitis\Right_Brachial_Plexitis046.jpg,Right Brachial Plexitis
C:\Users\HishamMo\Desktop\999_cs\Quantum_Inpired_PSO_Classifcation\MRI_dataset\Right Brachial Plexitis\Right_Brachial_Plexitis047.jpg,Right Brachial Plexitis
C:\Users\HishamMo\Desktop\999_cs\Quantum_Inpired_PSO_Classifcation\MRI_dataset\Right Brachial Plexitis\Right_Brachial_Plexitis048.jpg,Right Brachial Plexitis
C:\Users\HishamMo\Desktop\999_cs\Quantum_Inpired_PSO_Classifcation\MRI_dataset\Right Brachial Plexitis\Right_Brachial_Plexitis049.jpg,Right Brachial Plexitis
C:\Users\HishamMo\Desktop\999_cs\Quantum_Inpired_PSO_Classifcation\MRI_dataset\Right Brachial Plexitis\Right_Brachial_Plexitis050.jpg,Right Brachial Plexitis
C:\Users\HishamMo\Desktop\999_cs\Quantum_Inpired_PSO_Classifcation\MRI_dataset\Right Brachial Plexitis\Right_Brachial_Plexitis051.jpg,Right Brachial Plexitis
C:\Users\HishamMo\Desktop\999_cs\Quantum_Inpired_PSO_Classifcation\MRI_dataset\Right Brachial Plexitis\Right_Brachial_Plexitis052.jpg,Right Brachial Plexitis
C:\Users\HishamMo\Desktop\999_cs\Quantum_Inpired_PSO_Classifcation\MRI_dataset\Right Brachial Plexitis\Right_Brachial_Plexitis053.jpg,Right Brachial Plexitis
C:\Users\HishamMo\Desktop\999_cs\Quantum_Inpired_PSO_Classifcation\MRI_dataset\Right Brachial Plexitis\Right_Brachial_Plexitis054.jpg,Right Brachial Plexitis
C:\Users\HishamMo\Desktop\999_cs\Quantum_Inpired_PSO_Classifcation\MRI_dataset\Right Brachial Plexitis\Right_Brachial_Plexitis055.jpg,Right Brachial Plexitis
C:\Users\HishamMo\Desktop\999_cs\Quantum_Inpired_PSO_Classifcation\MRI_dataset\Right Brachial Plexitis\Right_Brachial_Plexitis056.jpg,Right Brachial Plexitis
C:\Users\HishamMo\Desktop\999_cs\Quantum_Inpired_PSO_Classifcation\MRI_dataset\Right Brachial Plexitis\Right_Brachial_Plexitis057.jpg,Right Brachial Plexitis
C:\Users\HishamMo\Desktop\999_cs\Quantum_Inpired_PSO_Classifcation\MRI_dataset\Right Brachial Plexitis\Right_Brachial_Plexitis058.jpg,Right Brachial Plexitis
C:\Users\HishamMo\Desktop\999_cs\Quantum_Inpired_PSO_Classifcation\MRI_dataset\Right Brachial Plexitis\Right_Brachial_Plexitis059.jpg,Right Brachial Plexitis
C:\Users\HishamMo\Desktop\999_cs\Quantum_Inpired_PSO_Classifcation\MRI_dataset\Right Brachial Plexitis\Right_Brachial_Plexitis060.jpg,Right Brachial Plexitis
C:\Users\HishamMo\Desktop\999_cs\Quantum_Inpired_PSO_Classifcation\MRI_dataset\Right Brachial Plexitis\Right_Brachial_Plexitis061.jpg,Right Brachial Plexitis
C:\Users\HishamMo\Desktop\999_cs\Quantum_Inpired_PSO_Classifcation\MRI_dataset\Right Brachial Plexitis\Right_Brachial_Plexitis062.jpg,Right Brachial Plexitis
C:\Users\HishamMo\Desktop\999_cs\Quantum_Inpired_PSO_Classifcation\MRI_dataset\Right Brachial Plexitis\Right_Brachial_Plexitis063.jpg,Right Brachial Plexitis
C:\Users\HishamMo\Desktop\999_cs\Quantum_Inpired_PSO_Classifcation\MRI_dataset\Right Brachial Plexitis\Right_Brachial_Plexitis064.jpg,Right Brachial Plexitis
C:\Users\HishamMo\Desktop\999_cs\Quantum_Inpired_PSO_Classifcation\MRI_dataset\Right Brachial Plexitis\Right_Brachial_Plexitis065.jpg,Right Brachial Plexitis
C:\Users\HishamMo\Desktop\999_cs\Quantum_Inpired_PSO_Classifcation\MRI_dataset\Right Brachial Plexitis\Right_Brachial_Plexitis066.jpg,Right Brachial Plexitis
C:\Users\HishamMo\Desktop\999_cs\Quantum_Inpired_PSO_Classifcation\MRI_dataset\Right Brachial Plexitis\Right_Brachial_Plexitis067.jpg,Right Brachial Plexitis
C:\Users\HishamMo\Desktop\999_cs\Quantum_Inpired_PSO_Classifcation\MRI_dataset\Right Brachial Plexitis\Right_Brachial_Plexitis068.jpg,Right Brachial Plexitis
C:\Users\HishamMo\Desktop\999_cs\Quantum_Inpired_PSO_Classifcation\MRI_dataset\Right Brachial Plexitis\Right_Brachial_Plexitis069.jpg,Right Brachial Plexitis
C:\Users\HishamMo\Desktop\999_cs\Quantum_Inpired_PSO_Classifcation\MRI_dataset\Right Brachial Plexitis\Right_Brachial_Plexitis070.jpg,Right Brachial Plexitis
C:\Users\HishamMo\Desktop\999_cs\Quantum_Inpired_PSO_Classifcation\MRI_dataset\Right Brachial Plexitis\Right_Brachial_Plexitis071.jpg,Right Brachial Plexitis
C:\Users\HishamMo\Desktop\999_cs\Quantum_Inpired_PSO_Classifcation\MRI_dataset\Right Brachial Plexitis\Right_Brachial_Plexitis072.jpg,Right Brachial Plexitis
C:\Users\HishamMo\Desktop\999_cs\Quantum_Inpired_PSO_Classifcation\MRI_dataset\Right Brachial Plexitis\Right_Brachial_Plexitis073.jpg,Right Brachial Plexitis
C:\Users\HishamMo\Desktop\999_cs\Quantum_Inpired_PSO_Classifcation\MRI_dataset\Right Brachial Plexitis\Right_Brachial_Plexitis074.jpg,Right Brachial Plexitis
C:\Users\HishamMo\Desktop\999_cs\Quantum_Inpired_PSO_Classifcation\MRI_dataset\Right Brachial Plexitis\Right_Brachial_Plexitis075.jpg,Right Brachial Plexitis
C:\Users\HishamMo\Desktop\999_cs\Quantum_Inpired_PSO_Classifcation\MRI_dataset\Right Brachial Plexitis\Right_Brachial_Plexitis076.jpg,Right Brachial Plexitis
C:\Users\HishamMo\Desktop\999_cs\Quantum_Inpired_PSO_Classifcation\MRI_dataset\Right Brachial Plexitis\Right_Brachial_Plexitis077.jpg,Right Brachial Plexitis
C:\Users\HishamMo\Desktop\999_cs\Quantum_Inpired_PSO_Classifcation\MRI_dataset\Right Brachial Plexitis\Right_Brachial_Plexitis078.jpg,Right Brachial Plexitis
C:\Users\HishamMo\Desktop\999_cs\Quantum_Inpired_PSO_Classifcation\MRI_dataset\Right Brachial Plexitis\Right_Brachial_Plexitis079.jpg,Right Brachial Plexitis
C:\Users\HishamMo\Desktop\999_cs\Quantum_Inpired_PSO_Classifcation\MRI_dataset\Right Brachial Plexitis\Right_Brachial_Plexitis080.jpg,Right Brachial Plexitis
C:\Users\HishamMo\Desktop\999_cs\Quantum_Inpired_PSO_Classifcation\MRI_dataset\Right Brachial Plexitis\Right_Brachial_Plexitis081.jpg,Right Brachial Plexitis
C:\Users\HishamMo\Desktop\999_cs\Quantum_Inpired_PSO_Classifcation\MRI_dataset\Right Brachial Plexitis\Right_Brachial_Plexitis082.jpg,Right Brachial Plexitis
C:\Users\HishamMo\Desktop\999_cs\Quantum_Inpired_PSO_Classifcation\MRI_dataset\Right Brachial Plexitis\Right_Brachial_Plexitis083.jpg,Right Brachial Plexitis
C:\Users\HishamMo\Desktop\999_cs\Quantum_Inpired_PSO_Classifcation\MRI_dataset\Right Brachial Plexitis\Right_Brachial_Plexitis084.jpg,Right Brachial Plexitis
C:\Users\HishamMo\Desktop\999_cs\Quantum_Inpired_PSO_Classifcation\MRI_dataset\Right Brachial Plexitis\Right_Brachial_Plexitis085.jpg,Right Brachial Plexitis
C:\Users\HishamMo\Desktop\999_cs\Quantum_Inpired_PSO_Classifcation\MRI_dataset\Right Brachial Plexitis\Right_Brachial_Plexitis086.jpg,Right Brachial Plexitis
C:\Users\HishamMo\Desktop\999_cs\Quantum_Inpired_PSO_Classifcation\MRI_dataset\Right Brachial Plexitis\Right_Brachial_Plexitis087.jpg,Right Brachial Plexitis
C:\Users\HishamMo\Desktop\999_cs\Quantum_Inpired_PSO_Classifcation\MRI_dataset\Right Brachial Plexitis\Right_Brachial_Plexitis088.jpg,Right Brachial Plexitis
C:\Users\HishamMo\Desktop\999_cs\Quantum_Inpired_PSO_Classifcation\MRI_dataset\Right Brachial Plexitis\Right_Brachial_Plexitis089.jpg,Right Brachial Plexitis
C:\Users\HishamMo\Desktop\999_cs\Quantum_Inpired_PSO_Classifcation\MRI_dataset\Right Brachial Plexitis\Right_Brachial_Plexitis090.jpg,Right Brachial Plexitis
C:\Users\HishamMo\Desktop\999_cs\Quantum_Inpired_PSO_Classifcation\MRI_dataset\Right Brachial Plexitis\Right_Brachial_Plexitis091.jpg,Right Brachial Plexitis
C:\Users\HishamMo\Desktop\999_cs\Quantum_Inpired_PSO_Classifcation\MRI_dataset\Right Brachial Plexitis\Right_Brachial_Plexitis092.jpg,Right Brachial Plexitis
C:\Users\HishamMo\Desktop\999_cs\Quantum_Inpired_PSO_Classifcation\MRI_dataset\Right Brachial Plexitis\Right_Brachial_Plexitis093.jpg,Right Brachial Plexitis
C:\Users\HishamMo\Desktop\999_cs\Quantum_Inpired_PSO_Classifcation\MRI_dataset\Right Brachial Plexitis\Right_Brachial_Plexitis094.jpg,Right Brachial Plexitis
C:\Users\HishamMo\Desktop\999_cs\Quantum_Inpired_PSO_Classifcation\MRI_dataset\Right Brachial Plexitis\Right_Brachial_Plexitis095.jpg,Right Brachial Plexitis
C:\Users\HishamMo\Desktop\999_cs\Quantum_Inpired_PSO_Classifcation\MRI_dataset\Right Brachial Plexitis\Right_Brachial_Plexitis096.jpg,Right Brachial Plexitis
C:\Users\HishamMo\Desktop\999_cs\Quantum_Inpired_PSO_Classifcation\MRI_dataset\Right Brachial Plexitis\Right_Brachial_Plexitis097.jpg,Right Brachial Plexitis
C:\Users\HishamMo\Desktop\999_cs\Quantum_Inpired_PSO_Classifcation\MRI_dataset\Right Brachial Plexitis\Right_Brachial_Plexitis098.jpg,Right Brachial Plexitis
C:\Users\HishamMo\Desktop\999_cs\Quantum_Inpired_PSO_Classifcation\MRI_dataset\Right Brachial Plexitis\Right_Brachial_Plexitis099.jpg,Right Brachial Plexitis
C:\Users\HishamMo\Desktop\999_cs\Quantum_Inpired_PSO_Classifcation\MRI_dataset\Right Brachial Plexitis\Right_Brachial_Plexitis100.jpg,Right Brachial Plexitis
C:\Users\HishamMo\Desktop\999_cs\Quantum_Inpired_PSO_Classifcation\MRI_dataset\Right Brachial Plexitis\Right_Brachial_Plexitis101.jpg,Right Brachial Plexitis
C:\Users\HishamMo\Desktop\999_cs\Quantum_Inpired_PSO_Classifcation\MRI_dataset\Right Brachial Plexitis\Right_Brachial_Plexitis102.jpg,Right Brachial Plexitis
C:\Users\HishamMo\Desktop\999_cs\Quantum_Inpired_PSO_Classifcation\MRI_dataset\Right Brachial Plexitis\Right_Brachial_Plexitis103.jpg,Right Brachial Plexitis
C:\Users\HishamMo\Desktop\999_cs\Quantum_Inpired_PSO_Classifcation\MRI_dataset\Right Brachial Plexitis\Right_Brachial_Plexitis104.jpg,Right Brachial Plexitis
C:\Users\HishamMo\Desktop\999_cs\Quantum_Inpired_PSO_Classifcation\MRI_dataset\Right Brachial Plexitis\Right_Brachial_Plexitis105.jpg,Right Brachial Plexitis
C:\Users\HishamMo\Desktop\999_cs\Quantum_Inpired_PSO_Classifcation\MRI_dataset\Right Brachial Plexitis\Right_Brachial_Plexitis106.jpg,Right Brachial Plexitis
C:\Users\HishamMo\Desktop\999_cs\Quantum_Inpired_PSO_Classifcation\MRI_dataset\Right Brachial Plexitis\Right_Brachial_Plexitis107.jpg,Right Brachial Plexitis
C:\Users\HishamMo\Desktop\999_cs\Quantum_Inpired_PSO_Classifcation\MRI_dataset\Right Brachial Plexitis\Right_Brachial_Plexitis108.jpg,Right Brachial Plexitis
C:\Users\HishamMo\Desktop\999_cs\Quantum_Inpired_PSO_Classifcation\MRI_dataset\Right Brachial Plexitis\Right_Brachial_Plexitis109.jpg,Right Brachial Plexitis
C:\Users\HishamMo\Desktop\999_cs\Quantum_Inpired_PSO_Classifcation\MRI_dataset\Right Brachial Plexitis\Right_Brachial_Plexitis110.jpg,Right Brachial Plexitis
C:\Users\HishamMo\Desktop\999_cs\Quantum_Inpired_PSO_Classifcation\MRI_dataset\Right Brachial Plexitis\Right_Brachial_Plexitis111.jpg,Right Brachial Plexitis
C:\Users\HishamMo\Desktop\999_cs\Quantum_Inpired_PSO_Classifcation\MRI_dataset\Right Brachial Plexitis\Right_Brachial_Plexitis112.jpg,Right Brachial Plexitis
C:\Users\HishamMo\Desktop\999_cs\Quantum_Inpired_PSO_Classifcation\MRI_dataset\Right Brachial Plexitis\Right_Brachial_Plexitis113.jpg,Right Brachial Plexitis
C:\Users\HishamMo\Desktop\999_cs\Quantum_Inpired_PSO_Classifcation\MRI_dataset\Right Brachial Plexitis\Right_Brachial_Plexitis114.jpg,Right Brachial Plexitis
C:\Users\HishamMo\Desktop\999_cs\Quantum_Inpired_PSO_Classifcation\MRI_dataset\Right Brachial Plexitis\Right_Brachial_Plexitis115.jpg,Right Brachial Plexitis
C:\Users\HishamMo\Desktop\999_cs\Quantum_Inpired_PSO_Classifcation\MRI_dataset\Right Brachial Plexitis\Right_Brachial_Plexitis116.jpg,Right Brachial Plexitis
C:\Users\HishamMo\Desktop\999_cs\Quantum_Inpired_PSO_Classifcation\MRI_dataset\Right Brachial Plexitis\Right_Brachial_Plexitis117.jpg,Right Brachial Plexitis
C:\Users\HishamMo\Desktop\999_cs\Quantum_Inpired_PSO_Classifcation\MRI_dataset\Right Brachial Plexitis\Right_Brachial_Plexitis118.jpg,Right Brachial Plexitis
C:\Users\HishamMo\Desktop\999_cs\Quantum_Inpired_PSO_Classifcation\MRI_dataset\Right Brachial Plexitis\Right_Brachial_Plexitis119.jpg,Right Brachial Plexitis
C:\Users\HishamMo\Desktop\999_cs\Quantum_Inpired_PSO_Classifcation\MRI_dataset\Right Brachial Plexitis\Right_Brachial_Plexitis120.jpg,Right Brachial Plexitis
C:\Users\HishamMo\Desktop\999_cs\Quantum_Inpired_PSO_Classifcation\MRI_dataset\Right Brachial Plexitis\Right_Brachial_Plexitis121.jpg,Right Brachial Plexitis
C:\Users\HishamMo\Desktop\999_cs\Quantum_Inpired_PSO_Classifcation\MRI_dataset\Right Brachial Plexitis\Right_Brachial_Plexitis122.jpg,Right Brachial Plexitis
C:\Users\HishamMo\Desktop\999_cs\Quantum_Inpired_PSO_Classifcation\MRI_dataset\Right Brachial Plexitis\Right_Brachial_Plexitis123.jpg,Right Brachial Plexitis
C:\Users\HishamMo\Desktop\999_cs\Quantum_Inpired_PSO_Classifcation\MRI_dataset\Right Brachial Plexitis\Right_Brachial_Plexitis124.jpg,Right Brachial Plexitis
C:\Users\HishamMo\Desktop\999_cs\Quantum_Inpired_PSO_Classifcation\MRI_dataset\Right Brachial Plexitis\Right_Brachial_Plexitis125.jpg,Right Brachial Plexitis
C:\Users\HishamMo\Desktop\999_cs\Quantum_Inpired_PSO_Classifcation\MRI_dataset\Right Brachial Plexitis\Right_Brachial_Plexitis126.jpg,Right Brachial Plexitis
C:\Users\HishamMo\Desktop\999_cs\Quantum_Inpired_PSO_Classifcation\MRI_dataset\Right Brachial Plexitis\Right_Brachial_Plexitis127.jpg,Right Brachial Plexitis
C:\Users\HishamMo\Desktop\999_cs\Quantum_Inpired_PSO_Classifcation\MRI_dataset\Right Brachial Plexitis\Right_Brachial_Plexitis128.jpg,Right Brachial Plexitis
C:\Users\HishamMo\Desktop\999_cs\Quantum_Inpired_PSO_Classifcation\MRI_dataset\Right Brachial Plexitis\Right_Brachial_Plexitis129.jpg,Right Brachial Plexitis
C:\Users\HishamMo\Desktop\999_cs\Quantum_Inpired_PSO_Classifcation\MRI_dataset\Right Brachial Plexitis\Right_Brachial_Plexitis130.jpg,Right Brachial Plexitis
C:\Users\HishamMo\Desktop\999_cs\Quantum_Inpired_PSO_Classifcation\MRI_dataset\Right Brachial Plexitis\Right_Brachial_Plexitis131.jpg,Right Brachial Plexitis
C:\Users\HishamMo\Desktop\999_cs\Quantum_Inpired_PSO_Classifcation\MRI_dataset\Right Brachial Plexitis\Right_Brachial_Plexitis132.jpg,Right Brachial Plexitis
C:\Users\HishamMo\Desktop\999_cs\Quantum_Inpired_PSO_Classifcation\MRI_dataset\Right Brachial Plexitis\Right_Brachial_Plexitis133.jpg,Right Brachial Plexitis
C:\Users\HishamMo\Desktop\999_cs\Quantum_Inpired_PSO_Classifcation\MRI_dataset\Right Brachial Plexitis\Right_Brachial_Plexitis134.jpg,Right Brachial Plexitis
C:\Users\HishamMo\Desktop\999_cs\Quantum_Inpired_PSO_Classifcation\MRI_dataset\Right Brachial Plexitis\Right_Brachial_Plexitis135.jpg,Right Brachial Plexitis
C:\Users\HishamMo\Desktop\999_cs\Quantum_Inpired_PSO_Classifcation\MRI_dataset\Right Brachial Plexitis\Right_Brachial_Plexitis136.jpg,Right Brachial Plexitis
C:\Users\HishamMo\Desktop\999_cs\Quantum_Inpired_PSO_Classifcation\MRI_dataset\Right Brachial Plexitis\Right_Brachial_Plexitis137.jpg,Right Brachial Plexitis
C:\Users\HishamMo\Desktop\999_cs\Quantum_Inpired_PSO_Classifcation\MRI_dataset\Right Brachial Plexitis\Right_Brachial_Plexitis138.jpg,Right Brachial Plexitis
C:\Users\HishamMo\Desktop\999_cs\Quantum_Inpired_PSO_Classifcation\MRI_dataset\Right Brachial Plexitis\Right_Brachial_Plexitis139.jpg,Right Brachial Plexitis
C:\Users\HishamMo\Desktop\999_cs\Quantum_Inpired_PSO_Classifcation\MRI_dataset\Right Brachial Plexitis\Right_Brachial_Plexitis140.jpg,Right Brachial Plexitis
C:\Users\HishamMo\Desktop\999_cs\Quantum_Inpired_PSO_Classifcation\MRI_dataset\Right Brachial Plexitis\Right_Brachial_Plexitis141.jpg,Right Brachial Plexitis
C:\Users\HishamMo\Desktop\999_cs\Quantum_Inpired_PSO_Classifcation\MRI_dataset\Right Brachial Plexitis\Right_Brachial_Plexitis142.jpg,Right Brachial Plexitis
C:\Users\HishamMo\Desktop\999_cs\Quantum_Inpired_PSO_Classifcation\MRI_dataset\Right Brachial Plexitis\Right_Brachial_Plexitis143.jpg,Right Brachial Plexitis
C:\Users\HishamMo\Desktop\999_cs\Quantum_Inpired_PSO_Classifcation\MRI_dataset\Right Brachial Plexitis\Right_Brachial_Plexitis144.jpg,Right Brachial Plexitis
C:\Users\HishamMo\Desktop\999_cs\Quantum_Inpired_PSO_Classifcation\MRI_dataset\Right Brachial Plexitis\Right_Brachial_Plexitis145.jpg,Right Brachial Plexitis
C:\Users\HishamMo\Desktop\999_cs\Quantum_Inpired_PSO_Classifcation\MRI_dataset\Right Brachial Plexitis\Right_Brachial_Plexitis146.jpg,Right Brachial Plexitis
C:\Users\HishamMo\Desktop\999_cs\Quantum_Inpired_PSO_Classifcation\MRI_dataset\Right Brachial Plexitis\Right_Brachial_Plexitis147.jpg,Right Brachial Plexitis
C:\Users\HishamMo\Desktop\999_cs\Quantum_Inpired_PSO_Classifcation\MRI_dataset\Right Brachial Plexitis\Right_Brachial_Plexitis148.jpg,Right Brachial Plexitis
C:\Users\HishamMo\Desktop\999_cs\Quantum_Inpired_PSO_Classifcation\MRI_dataset\Right Brachial Plexitis\Right_Brachial_Plexitis149.jpg,Right Brachial Plexitis
C:\Users\HishamMo\Desktop\999_cs\Quantum_Inpired_PSO_Classifcation\MRI_dataset\Right Brachial Plexitis\Right_Brachial_Plexitis150.jpg,Right Brachial Plexitis
C:\Users\HishamMo\Desktop\999_cs\Quantum_Inpired_PSO_Classifcation\MRI_dataset\Right Brachial Plexitis\Right_Brachial_Plexitis151.jpg,Right Brachial Plexitis
C:\Users\HishamMo\Desktop\999_cs\Quantum_Inpired_PSO_Classifcation\MRI_dataset\Right Brachial Plexitis\Right_Brachial_Plexitis152.jpg,Right Brachial Plexitis
C:\Users\HishamMo\Desktop\999_cs\Quantum_Inpired_PSO_Classifcation\MRI_dataset\Right Brachial Plexitis\Right_Brachial_Plexitis153.jpg,Right Brachial Plexitis
C:\Users\HishamMo\Desktop\999_cs\Quantum_Inpired_PSO_Classifcation\MRI_dataset\Right Brachial Plexitis\Right_Brachial_Plexitis154.jpg,Right Brachial Plexitis
C:\Users\HishamMo\Desktop\999_cs\Quantum_Inpired_PSO_Classifcation\MRI_dataset\Right Brachial Plexitis\Right_Brachial_Plexitis155.jpg,Right Brachial Plexitis
C:\Users\HishamMo\Desktop\999_cs\Quantum_Inpired_PSO_Classifcation\MRI_dataset\Right Brachial Plexitis\Right_Brachial_Plexitis156.jpg,Right Brachial Plexitis
C:\Users\HishamMo\Desktop\999_cs\Quantum_Inpired_PSO_Classifcation\MRI_dataset\Right Brachial Plexitis\Right_Brachial_Plexitis157.jpg,Right Brachial Plexitis
C:\Users\HishamMo\Desktop\999_cs\Quantum_Inpired_PSO_Classifcation\MRI_dataset\Right Brachial Plexitis\Right_Brachial_Plexitis158.jpg,Right Brachial Plexitis
C:\Users\HishamMo\Desktop\999_cs\Quantum_Inpired_PSO_Classifcation\MRI_dataset\Right Brachial Plexitis\Right_Brachial_Plexitis159.jpg,Right Brachial Plexitis
C:\Users\HishamMo\Desktop\999_cs\Quantum_Inpired_PSO_Classifcation\MRI_dataset\Right Brachial Plexitis\Right_Brachial_Plexitis160.jpg,Right Brachial Plexitis
C:\Users\HishamMo\Desktop\999_cs\Quantum_Inpired_PSO_Classifcation\MRI_dataset\Right Brachial Plexitis\Right_Brachial_Plexitis161.jpg,Right Brachial Plexitis
C:\Users\HishamMo\Desktop\999_cs\Quantum_Inpired_PSO_Classifcation\MRI_dataset\Right Brachial Plexitis\Right_Brachial_Plexitis162.jpg,Right Brachial Plexitis
C:\Users\HishamMo\Desktop\999_cs\Quantum_Inpired_PSO_Classifcation\MRI_dataset\Right Brachial Plexitis\Right_Brachial_Plexitis163.jpg,Right Brachial Plexitis
C:\Users\HishamMo\Desktop\999_cs\Quantum_Inpired_PSO_Classifcation\MRI_dataset\Right Brachial Plexitis\Right_Brachial_Plexitis164.jpg,Right Brachial Plexitis
C:\Users\HishamMo\Desktop\999_cs\Quantum_Inpired_PSO_Classifcation\MRI_dataset\Right Brachial Plexitis\Right_Brachial_Plexitis165.jpg,Right Brachial Plexitis
C:\Users\HishamMo\Desktop\999_cs\Quantum_Inpired_PSO_Classifcation\MRI_dataset\Right Brachial Plexitis\Right_Brachial_Plexitis166.jpg,Right Brachial Plexitis
C:\Users\HishamMo\Desktop\999_cs\Quantum_Inpired_PSO_Classifcation\MRI_dataset\Right Brachial Plexitis\Right_Brachial_Plexitis167.jpg,Right Brachial Plexitis
C:\Users\HishamMo\Desktop\999_cs\Quantum_Inpired_PSO_Classifcation\MRI_dataset\Right Brachial Plexitis\Right_Brachial_Plexitis168.jpg,Right Brachial Plexitis
C:\Users\HishamMo\Desktop\999_cs\Quantum_Inpired_PSO_Classifcation\MRI_dataset\Right Brachial Plexitis\Right_Brachial_Plexitis169.jpg,Right Brachial Plexitis
C:\Users\HishamMo\Desktop\999_cs\Quantum_Inpired_PSO_Classifcation\MRI_dataset\Right Brachial Plexitis\Right_Brachial_Plexitis170.jpg,Right Brachial Plexitis
C:\Users\HishamMo\Desktop\999_cs\Quantum_Inpired_PSO_Classifcation\MRI_dataset\Right Brachial Plexitis\Right_Brachial_Plexitis171.jpg,Right Brachial Plexitis
C:\Users\HishamMo\Desktop\999_cs\Quantum_Inpired_PSO_Classifcation\MRI_dataset\Right Brachial Plexitis\Right_Brachial_Plexitis172.jpg,Right Brachial Plexitis
C:\Users\HishamMo\Desktop\999_cs\Quantum_Inpired_PSO_Classifcation\MRI_dataset\Right Brachial Plexitis\Right_Brachial_Plexitis173.jpg,Right Brachial Plexitis
C:\Users\HishamMo\Desktop\999_cs\Quantum_Inpired_PSO_Classifcation\MRI_dataset\Right Brachial Plexitis\Right_Brachial_Plexitis174.jpg,Right Brachial Plexitis
C:\Users\HishamMo\Desktop\999_cs\Quantum_Inpired_PSO_Classifcation\MRI_dataset\Right Brachial Plexitis\Right_Brachial_Plexitis175.jpg,Right Brachial Plexitis
C:\Users\HishamMo\Desktop\999_cs\Quantum_Inpired_PSO_Classifcation\MRI_dataset\Right Brachial Plexitis\Right_Brachial_Plexitis176.jpg,Right Brachial Plexitis
C:\Users\HishamMo\Desktop\999_cs\Quantum_Inpired_PSO_Classifcation\MRI_dataset\Right Brachial Plexitis\Right_Brachial_Plexitis177.jpg,Right Brachial Plexitis
C:\Users\HishamMo\Desktop\999_cs\Quantum_Inpired_PSO_Classifcation\MRI_dataset\Right Brachial Plexitis\Right_Brachial_Plexitis178.jpg,Right Brachial Plexitis
C:\Users\HishamMo\Desktop\999_cs\Quantum_Inpired_PSO_Classifcation\MRI_dataset\Right Brachial Plexitis\Right_Brachial_Plexitis179.jpg,Right Brachial Plexitis
C:\Users\HishamMo\Desktop\999_cs\Quantum_Inpired_PSO_Classifcation\MRI_dataset\Right Brachial Plexitis\Right_Brachial_Plexitis180.jpg,Right Brachial Plexitis
C:\Users\HishamMo\Desktop\999_cs\Quantum_Inpired_PSO_Classifcation\MRI_dataset\Right Brachial Plexitis\Right_Brachial_Plexitis181.jpg,Right Brachial Plexitis
C:\Users\HishamMo\Desktop\999_cs\Quantum_Inpired_PSO_Classifcation\MRI_dataset\Right Brachial Plexitis\Right_Brachial_Plexitis182.jpg,Right Brachial Plexitis
C:\Users\HishamMo\Desktop\999_cs\Quantum_Inpired_PSO_Classifcation\MRI_dataset\Right Brachial Plexitis\Right_Brachial_Plexitis183.jpg,Right Brachial Plexitis
C:\Users\HishamMo\Desktop\999_cs\Quantum_Inpired_PSO_Classifcation\MRI_dataset\Right Brachial Plexitis\Right_Brachial_Plexitis184.jpg,Right Brachial Plexitis
C:\Users\HishamMo\Desktop\999_cs\Quantum_Inpired_PSO_Classifcation\MRI_dataset\Right Brachial Plexitis\Right_Brachial_Plexitis185.jpg,Right Brachial Plexitis
C:\Users\HishamMo\Desktop\999_cs\Quantum_Inpired_PSO_Classifcation\MRI_dataset\Right Brachial Plexitis\Right_Brachial_Plexitis186.jpg,Right Brachial Plexitis
C:\Users\HishamMo\Desktop\999_cs\Quantum_Inpired_PSO_Classifcation\MRI_dataset\Right Brachial Plexitis\Right_Brachial_Plexitis187.jpg,Right Brachial Plexitis
C:\Users\HishamMo\Desktop\999_cs\Quantum_Inpired_PSO_Classifcation\MRI_dataset\Right Brachial Plexitis\Right_Brachial_Plexitis188.jpg,Right Brachial Plexitis
C:\Users\HishamMo\Desktop\999_cs\Quantum_Inpired_PSO_Classifcation\MRI_dataset\Right Brachial Plexitis\Right_Brachial_Plexitis189.jpg,Right Brachial Plexitis
C:\Users\HishamMo\Desktop\999_cs\Quantum_Inpired_PSO_Classifcation\MRI_dataset\Right Brachial Plexitis\Right_Brachial_Plexitis190.jpg,Right Brachial Plexitis
C:\Users\HishamMo\Desktop\999_cs\Quantum_Inpired_PSO_Classifcation\MRI_dataset\Right Brachial Plexitis\Right_Brachial_Plexitis191.jpg,Right Brachial Plexitis
C:\Users\HishamMo\Desktop\999_cs\Quantum_Inpired_PSO_Classifcation\MRI_dataset\Right Brachial Plexitis\Right_Brachial_Plexitis192.jpg,Right Brachial Plexitis
C:\Users\HishamMo\Desktop\999_cs\Quantum_Inpired_PSO_Classifcation\MRI_dataset\Right Brachial Plexitis\Right_Brachial_Plexitis193.jpg,Right Brachial Plexitis
C:\Users\HishamMo\Desktop\999_cs\Quantum_Inpired_PSO_Classifcation\MRI_dataset\Right Brachial Plexitis\Right_Brachial_Plexitis194.jpg,Right Brachial Plexitis
C:\Users\HishamMo\Desktop\999_cs\Quantum_Inpired_PSO_Classifcation\MRI_dataset\Right Brachial Plexitis\Right_Brachial_Plexitis195.jpg,Right Brachial Plexitis
C:\Users\HishamMo\Desktop\999_cs\Quantum_Inpired_PSO_Classifcation\MRI_dataset\Right Brachial Plexitis\Right_Brachial_Plexitis196.jpg,Right Brachial Plexitis
C:\Users\HishamMo\Desktop\999_cs\Quantum_Inpired_PSO_Classifcation\MRI_dataset\Right Brachial Plexitis\Right_Brachial_Plexitis197.jpg,Right Brachial Plexitis
C:\Users\HishamMo\Desktop\999_cs\Quantum_Inpired_PSO_Classifcation\MRI_dataset\Right Brachial Plexitis\Right_Brachial_Plexitis198.jpg,Right Brachial Plexitis
C:\Users\HishamMo\Desktop\999_cs\Quantum_Inpired_PSO_Classifcation\MRI_dataset\Right Brachial Plexitis\Right_Brachial_Plexitis199.jpg,Right Brachial Plexitis
C:\Users\HishamMo\Desktop\999_cs\Quantum_Inpired_PSO_Classifcation\MRI_dataset\Right Brachial Plexitis\Right_Brachial_Plexitis200.jpg,Right Brachial Plexitis
C:\Users\HishamMo\Desktop\999_cs\Quantum_Inpired_PSO_Classifcation\MRI_dataset\Right Brachial Plexitis\Right_Brachial_Plexitis201.jpg,Right Brachial Plexitis
C:\Users\HishamMo\Desktop\999_cs\Quantum_Inpired_PSO_Classifcation\MRI_dataset\Right Brachial Plexitis\Right_Brachial_Plexitis202.jpg,Right Brachial Plexitis
C:\Users\HishamMo\Desktop\999_cs\Quantum_Inpired_PSO_Classifcation\MRI_dataset\Right Brachial Plexitis\Right_Brachial_Plexitis203.jpg,Right Brachial Plexitis
C:\Users\HishamMo\Desktop\999_cs\Quantum_Inpired_PSO_Classifcation\MRI_dataset\Right Brachial Plexitis\Right_Brachial_Plexitis204.jpg,Right Brachial Plexitis
C:\Users\HishamMo\Desktop\999_cs\Quantum_Inpired_PSO_Classifcation\MRI_dataset\Right Brachial Plexitis\Right_Brachial_Plexitis205.jpg,Right Brachial Plexitis
C:\Users\HishamMo\Desktop\999_cs\Quantum_Inpired_PSO_Classifcation\MRI_dataset\Right Brachial Plexitis\Right_Brachial_Plexitis206.jpg,Right Brachial Plexitis
C:\Users\HishamMo\Desktop\999_cs\Quantum_Inpired_PSO_Classifcation\MRI_dataset\Right Brachial Plexitis\Right_Brachial_Plexitis207.jpg,Right Brachial Plexitis
C:\Users\HishamMo\Desktop\999_cs\Quantum_Inpired_PSO_Classifcation\MRI_dataset\Right Brachial Plexitis\Right_Brachial_Plexitis208.jpg,Right Brachial Plexitis
C:\Users\HishamMo\Desktop\999_cs\Quantum_Inpired_PSO_Classifcation\MRI_dataset\Right Brachial Plexitis\Right_Brachial_Plexitis209.jpg,Right Brachial Plexitis
C:\Users\HishamMo\Desktop\999_cs\Quantum_Inpired_PSO_Classifcation\MRI_dataset\Right Brachial Plexitis\Right_Brachial_Plexitis210.jpg,Right Brachial Plexitis
C:\Users\HishamMo\Desktop\999_cs\Quantum_Inpired_PSO_Classifcation\MRI_dataset\Right Brachial Plexitis\Right_Brachial_Plexitis211.jpg,Right Brachial Plexitis
C:\Users\HishamMo\Desktop\999_cs\Quantum_Inpired_PSO_Classifcation\MRI_dataset\Right Brachial Plexitis\Right_Brachial_Plexitis212.jpg,Right Brachial Plexitis
C:\Users\HishamMo\Desktop\999_cs\Quantum_Inpired_PSO_Classifcation\MRI_dataset\Right Brachial Plexitis\Right_Brachial_Plexitis213.jpg,Right Brachial Plexitis
C:\Users\HishamMo\Desktop\999_cs\Quantum_Inpired_PSO_Classifcation\MRI_dataset\Right Brachial Plexitis\Right_Brachial_Plexitis214.jpg,Right Brachial Plexitis
C:\Users\HishamMo\Desktop\999_cs\Quantum_Inpired_PSO_Classifcation\MRI_dataset\Right Brachial Plexitis\Right_Brachial_Plexitis215.jpg,Right Brachial Plexitis
C:\Users\HishamMo\Desktop\999_cs\Quantum_Inpired_PSO_Classifcation\MRI_dataset\Right Brachial Plexitis\Right_Brachial_Plexitis216.jpg,Right Brachial Plexitis
C:\Users\HishamMo\Desktop\999_cs\Quantum_Inpired_PSO_Classifcation\MRI_dataset\Right Brachial Plexitis\Right_Brachial_Plexitis217.jpg,Right Brachial Plexitis
C:\Users\HishamMo\Desktop\999_cs\Quantum_Inpired_PSO_Classifcation\MRI_dataset\Right Brachial Plexitis\Right_Brachial_Plexitis218.jpg,Right Brachial Plexitis
C:\Users\HishamMo\Desktop\999_cs\Quantum_Inpired_PSO_Classifcation\MRI_dataset\Right Brachial Plexitis\Right_Brachial_Plexitis219.jpg,Right Brachial Plexitis
C:\Users\HishamMo\Desktop\999_cs\Quantum_Inpired_PSO_Classifcation\MRI_dataset\Right Brachial Plexitis\Right_Brachial_Plexitis220.jpg,Right Brachial Plexitis
C:\Users\HishamMo\Desktop\999_cs\Quantum_Inpired_PSO_Classifcation\MRI_dataset\Right Brachial Plexitis\Right_Brachial_Plexitis221.jpg,Right Brachial Plexitis
C:\Users\HishamMo\Desktop\999_cs\Quantum_Inpired_PSO_Classifcation\MRI_dataset\Right Brachial Plexitis\Right_Brachial_Plexitis222.jpg,Right Brachial Plexitis
C:\Users\HishamMo\Desktop\999_cs\Quantum_Inpired_PSO_Classifcation\MRI_dataset\Right Brachial Plexitis\Right_Brachial_Plexitis223.jpg,Right Brachial Plexitis
C:\Users\HishamMo\Desktop\999_cs\Quantum_Inpired_PSO_Classifcation\MRI_dataset\Right Brachial Plexitis\Right_Brachial_Plexitis224.jpg,Right Brachial Plexitis
C:\Users\HishamMo\Desktop\999_cs\Quantum_Inpired_PSO_Classifcation\MRI_dataset\Right Brachial Plexitis\Right_Brachial_Plexitis225.jpg,Right Brachial Plexitis
C:\Users\HishamMo\Desktop\999_cs\Quantum_Inpired_PSO_Classifcation\MRI_dataset\Right Brachial Plexitis\Right_Brachial_Plexitis226.jpg,Right Brachial Plexitis
C:\Users\HishamMo\Desktop\999_cs\Quantum_Inpired_PSO_Classifcation\MRI_dataset\Right Brachial Plexitis\Right_Brachial_Plexitis227.jpg,Right Brachial Plexitis
C:\Users\HishamMo\Desktop\999_cs\Quantum_Inpired_PSO_Classifcation\MRI_dataset\Right Brachial Plexitis\Right_Brachial_Plexitis228.jpg,Right Brachial Plexitis
C:\Users\HishamMo\Desktop\999_cs\Quantum_Inpired_PSO_Classifcation\MRI_dataset\Right Brachial Plexitis\Right_Brachial_Plexitis229.jpg,Right Brachial Plexitis
C:\Users\HishamMo\Desktop\999_cs\Quantum_Inpired_PSO_Classifcation\MRI_dataset\Right Brachial Plexitis\Right_Brachial_Plexitis230.jpg,Right Brachial Plexitis
C:\Users\HishamMo\Desktop\999_cs\Quantum_Inpired_PSO_Classifcation\MRI_dataset\Right Brachial Plexitis\Right_Brachial_Plexitis231.jpg,Right Brachial Plexitis
C:\Users\HishamMo\Desktop\999_cs\Quantum_Inpired_PSO_Classifcation\MRI_dataset\Right Brachial Plexitis\Right_Brachial_Plexitis232.jpg,Right Brachial Plexitis
C:\Users\HishamMo\Desktop\999_cs\Quantum_Inpired_PSO_Classifcation\MRI_dataset\Right Brachial Plexitis\Right_Brachial_Plexitis233.jpg,Right Brachial Plexitis
C:\Users\HishamMo\Desktop\999_cs\Quantum_Inpired_PSO_Classifcation\MRI_dataset\Right Brachial Plexitis\Right_Brachial_Plexitis234.jpg,Right Brachial Plexitis
C:\Users\HishamMo\Desktop\999_cs\Quantum_Inpired_PSO_Classifcation\MRI_dataset\Right Brachial Plexitis\Right_Brachial_Plexitis235.jpg,Right Brachial Plexitis
C:\Users\HishamMo\Desktop\999_cs\Quantum_Inpired_PSO_Classifcation\MRI_dataset\Right Brachial Plexitis\Right_Brachial_Plexitis236.jpg,Right Brachial Plexitis
C:\Users\HishamMo\Desktop\999_cs\Quantum_Inpired_PSO_Classifcation\MRI_dataset\Right Brachial Plexitis\Right_Brachial_Plexitis237.jpg,Right Brachial Plexitis
C:\Users\HishamMo\Desktop\999_cs\Quantum_Inpired_PSO_Classifcation\MRI_dataset\Right Brachial Plexitis\Right_Brachial_Plexitis238.jpg,Right Brachial Plexitis
C:\Users\HishamMo\Desktop\999_cs\Quantum_Inpired_PSO_Classifcation\MRI_dataset\Right Brachial Plexitis\Right_Brachial_Plexitis239.jpg,Right Brachial Plexitis
C:\Users\HishamMo\Desktop\999_cs\Quantum_Inpired_PSO_Classifcation\MRI_dataset\Right Brachial Plexitis\Right_Brachial_Plexitis240.jpg,Right Brachial Plexitis
C:\Users\HishamMo\Desktop\999_cs\Quantum_Inpired_PSO_Classifcation\MRI_dataset\Right Brachial Plexitis\Right_Brachial_Plexitis241.jpg,Right Brachial Plexitis
C:\Users\HishamMo\Desktop\999_cs\Quantum_Inpired_PSO_Classifcation\MRI_dataset\Right Brachial Plexitis\Right_Brachial_Plexitis242.jpg,Right Brachial Plexitis
C:\Users\HishamMo\Desktop\999_cs\Quantum_Inpired_PSO_Classifcation\MRI_dataset\Right Brachial Plexitis\Right_Brachial_Plexitis243.jpg,Right Brachial Plexitis
C:\Users\HishamMo\Desktop\999_cs\Quantum_Inpired_PSO_Classifcation\MRI_dataset\Right Brachial Plexitis\Right_Brachial_Plexitis244.jpg,Right Brachial Plexitis
C:\Users\HishamMo\Desktop\999_cs\Quantum_Inpired_PSO_Classifcation\MRI_dataset\Right Brachial Plexitis\Right_Brachial_Plexitis245.jpg,Right Brachial Plexitis
C:\Users\HishamMo\Desktop\999_cs\Quantum_Inpired_PSO_Classifcation\MRI_dataset\Right Brachial Plexitis\Right_Brachial_Plexitis246.jpg,Right Brachial Plexitis
C:\Users\HishamMo\Desktop\999_cs\Quantum_Inpired_PSO_Classifcation\MRI_dataset\Right Brachial Plexitis\Right_Brachial_Plexitis247.jpg,Right Brachial Plexitis
C:\Users\HishamMo\Desktop\999_cs\Quantum_Inpired_PSO_Classifcation\MRI_dataset\Right Brachial Plexitis\Right_Brachial_Plexitis248.jpg,Right Brachial Plexitis
C:\Users\HishamMo\Desktop\999_cs\Quantum_Inpired_PSO_Classifcation\MRI_dataset\Right Brachial Plexitis\Right_Brachial_Plexitis249.jpg,Right Brachial Plexitis
C:\Users\HishamMo\Desktop\999_cs\Quantum_Inpired_PSO_Classifcation\MRI_dataset\Right Brachial Plexitis\Right_Brachial_Plexitis250.jpg,Right Brachial Plexitis
C:\Users\HishamMo\Desktop\999_cs\Quantum_Inpired_PSO_Classifcation\MRI_dataset\Right Brachial Plexitis\Right_Brachial_Plexitis251.jpg,Right Brachial Plexitis
C:\Users\HishamMo\Desktop\999_cs\Quantum_Inpired_PSO_Classifcation\MRI_dataset\Right Brachial Plexitis\Right_Brachial_Plexitis252.jpg,Right Brachial Plexitis
C:\Users\HishamMo\Desktop\999_cs\Quantum_Inpired_PSO_Classifcation\MRI_dataset\Right Brachial Plexitis\Right_Brachial_Plexitis253.jpg,Right Brachial Plexitis
C:\Users\HishamMo\Desktop\999_cs\Quantum_Inpired_PSO_Classifcation\MRI_dataset\Right Brachial Plexitis\Right_Brachial_Plexitis254.jpg,Right Brachial Plexitis
C:\Users\HishamMo\Desktop\999_cs\Quantum_Inpired_PSO_Classifcation\MRI_dataset\Right Brachial Plexitis\Right_Brachial_Plexitis255.jpg,Right Brachial Plexitis
C:\Users\HishamMo\Desktop\999_cs\Quantum_Inpired_PSO_Classifcation\MRI_dataset\Right Brachial Plexitis\Right_Brachial_Plexitis256.jpg,Right Brachial Plexitis
C:\Users\HishamMo\Desktop\999_cs\Quantum_Inpired_PSO_Classifcation\MRI_dataset\Right Brachial Plexitis\Right_Brachial_Plexitis257.jpg,Right Brachial Plexitis
C:\Users\HishamMo\Desktop\999_cs\Quantum_Inpired_PSO_Classifcation\MRI_dataset\Right Brachial Plexitis\Right_Brachial_Plexitis258.jpg,Right Brachial Plexitis
C:\Users\HishamMo\Desktop\999_cs\Quantum_Inpired_PSO_Classifcation\MRI_dataset\Right Brachial Plexitis\Right_Brachial_Plexitis259.jpg,Right Brachial Plexitis
C:\Users\HishamMo\Desktop\999_cs\Quantum_Inpired_PSO_Classifcation\MRI_dataset\Right Brachial Plexitis\Right_Brachial_Plexitis260.jpg,Right Brachial Plexitis
C:\Users\HishamMo\Desktop\999_cs\Quantum_Inpired_PSO_Classifcation\MRI_dataset\Right Brachial Plexitis\Right_Brachial_Plexitis261.jpg,Right Brachial Plexitis
C:\Users\HishamMo\Desktop\999_cs\Quantum_Inpired_PSO_Classifcation\MRI_dataset\Right Brachial Plexitis\Right_Brachial_Plexitis262.jpg,Right Brachial Plexitis
C:\Users\HishamMo\Desktop\999_cs\Quantum_Inpired_PSO_Classifcation\MRI_dataset\Right Brachial Plexitis\Right_Brachial_Plexitis263.jpg,Right Brachial Plexitis
C:\Users\HishamMo\Desktop\999_cs\Quantum_Inpired_PSO_Classifcation\MRI_dataset\Right Brachial Plexitis\Right_Brachial_Plexitis264.jpg,Right Brachial Plexitis
C:\Users\HishamMo\Desktop\999_cs\Quantum_Inpired_PSO_Classifcation\MRI_dataset\Right Brachial Plexitis\Right_Brachial_Plexitis265.jpg,Right Brachial Plexitis
C:\Users\HishamMo\Desktop\999_cs\Quantum_Inpired_PSO_Classifcation\MRI_dataset\Right Brachial Plexitis\Right_Brachial_Plexitis266.jpg,Right Brachial Plexitis
C:\Users\HishamMo\Desktop\999_cs\Quantum_Inpired_PSO_Classifcation\MRI_dataset\Right Brachial Plexitis\Right_Brachial_Plexitis267.jpg,Right Brachial Plexitis
C:\Users\HishamMo\Desktop\999_cs\Quantum_Inpired_PSO_Classifcation\MRI_dataset\Right Brachial Plexitis\Right_Brachial_Plexitis268.jpg,Right Brachial Plexitis
C:\Users\HishamMo\Desktop\999_cs\Quantum_Inpired_PSO_Classifcation\MRI_dataset\Right Brachial Plexitis\Right_Brachial_Plexitis269.jpg,Right Brachial Plexitis
C:\Users\HishamMo\Desktop\999_cs\Quantum_Inpired_PSO_Classifcation\MRI_dataset\Right Brachial Plexitis\Right_Brachial_Plexitis270.jpg,Right Brachial Plexitis
C:\Users\HishamMo\Desktop\999_cs\Quantum_Inpired_PSO_Classifcation\MRI_dataset\Right Brachial Plexitis\Right_Brachial_Plexitis271.jpg,Right Brachial Plexitis
C:\Users\HishamMo\Desktop\999_cs\Quantum_Inpired_PSO_Classifcation\MRI_dataset\Right Brachial Plexitis\Right_Brachial_Plexitis272.jpg,Right Brachial Plexitis
C:\Users\HishamMo\Desktop\999_cs\Quantum_Inpired_PSO_Classifcation\MRI_dataset\Right Brachial Plexitis\Right_Brachial_Plexitis273.jpg,Right Brachial Plexitis
C:\Users\HishamMo\Desktop\999_cs\Quantum_Inpired_PSO_Classifcation\MRI_dataset\Right Brachial Plexitis\Right_Brachial_Plexitis274.jpg,Right Brachial Plexitis
C:\Users\HishamMo\Desktop\999_cs\Quantum_Inpired_PSO_Classifcation\MRI_dataset\Right Brachial Plexitis\Right_Brachial_Plexitis275.jpg,Right Brachial Plexitis
C:\Users\HishamMo\Desktop\999_cs\Quantum_Inpired_PSO_Classifcation\MRI_dataset\Right Brachial Plexitis\Right_Brachial_Plexitis276.jpg,Right Brachial Plexitis
C:\Users\HishamMo\Desktop\999_cs\Quantum_Inpired_PSO_Classifcation\MRI_dataset\Right Brachial Plexitis\Right_Brachial_Plexitis277.jpg,Right Brachial Plexitis
C:\Users\HishamMo\Desktop\999_cs\Quantum_Inpired_PSO_Classifcation\MRI_dataset\Right Brachial Plexitis\Right_Brachial_Plexitis278.jpg,Right Brachial Plexitis
C:\Users\HishamMo\Desktop\999_cs\Quantum_Inpired_PSO_Classifcation\MRI_dataset\Right Brachial Plexitis\Right_Brachial_Plexitis279.jpg,Right Brachial Plexitis
C:\Users\HishamMo\Desktop\999_cs\Quantum_Inpired_PSO_Classifcation\MRI_dataset\Right Brachial Plexitis\Right_Brachial_Plexitis280.jpg,Right Brachial Plexitis
C:\Users\HishamMo\Desktop\999_cs\Quantum_Inpired_PSO_Classifcation\MRI_dataset\Right Brachial Plexitis\Right_Brachial_Plexitis281.jpg,Right Brachial Plexitis
C:\Users\HishamMo\Desktop\999_cs\Quantum_Inpired_PSO_Classifcation\MRI_dataset\Right Brachial Plexitis\Right_Brachial_Plexitis282.jpg,Right Brachial Plexitis
C:\Users\HishamMo\Desktop\999_cs\Quantum_Inpired_PSO_Classifcation\MRI_dataset\Right Brachial Plexitis\Right_Brachial_Plexitis283.jpg,Right Brachial Plexitis
C:\Users\HishamMo\Desktop\999_cs\Quantum_Inpired_PSO_Classifcation\MRI_dataset\Right Brachial Plexitis\Right_Brachial_Plexitis284.jpg,Right Brachial Plexitis
C:\Users\HishamMo\Desktop\999_cs\Quantum_Inpired_PSO_Classifcation\MRI_dataset\Right Brachial Plexitis\Right_Brachial_Plexitis285.jpg,Right Brachial Plexitis
C:\Users\HishamMo\Desktop\999_cs\Quantum_Inpired_PSO_Classifcation\MRI_dataset\Right Brachial Plexitis\Right_Brachial_Plexitis286.jpg,Right Brachial Plexitis
C:\Users\HishamMo\Desktop\999_cs\Quantum_Inpired_PSO_Classifcation\MRI_dataset\Right Brachial Plexitis\Right_Brachial_Plexitis287.jpg,Right Brachial Plexitis
C:\Users\HishamMo\Desktop\999_cs\Quantum_Inpired_PSO_Classifcation\MRI_dataset\Right Brachial Plexitis\Right_Brachial_Plexitis288.jpg,Right Brachial Plexitis
C:\Users\HishamMo\Desktop\999_cs\Quantum_Inpired_PSO_Classifcation\MRI_dataset\Right Brachial Plexitis\Right_Brachial_Plexitis289.jpg,Right Brachial Plexitis
C:\Users\HishamMo\Desktop\999_cs\Quantum_Inpired_PSO_Classifcation\MRI_dataset\Right Brachial Plexitis\Right_Brachial_Plexitis290.jpg,Right Brachial Plexitis
C:\Users\HishamMo\Desktop\999_cs\Quantum_Inpired_PSO_Classifcation\MRI_dataset\Right Brachial Plexitis\Right_Brachial_Plexitis291.jpg,Right Brachial Plexitis
C:\Users\HishamMo\Desktop\999_cs\Quantum_Inpired_PSO_Classifcation\MRI_dataset\Right Brachial Plexitis\Right_Brachial_Plexitis292.jpg,Right Brachial Plexitis
C:\Users\HishamMo\Desktop\999_cs\Quantum_Inpired_PSO_Classifcation\MRI_dataset\Right Brachial Plexitis\Right_Brachial_Plexitis293.jpg,Right Brachial Plexitis
C:\Users\HishamMo\Desktop\999_cs\Quantum_Inpired_PSO_Classifcation\MRI_dataset\Right Brachial Plexitis\Right_Brachial_Plexitis294.jpg,Right Brachial Plexitis
C:\Users\HishamMo\Desktop\999_cs\Quantum_Inpired_PSO_Classifcation\MRI_dataset\Right Brachial Plexitis\Right_Brachial_Plexitis295.jpg,Right Brachial Plexitis
C:\Users\HishamMo\Desktop\999_cs\Quantum_Inpired_PSO_Classifcation\MRI_dataset\Right Brachial Plexitis\Right_Brachial_Plexitis296.jpg,Right Brachial Plexitis
C:\Users\HishamMo\Desktop\999_cs\Quantum_Inpired_PSO_Classifcation\MRI_dataset\Right Brachial Plexitis\Right_Brachial_Plexitis297.jpg,Right Brachial Plexitis
C:\Users\HishamMo\Desktop\999_cs\Quantum_Inpired_PSO_Classifcation\MRI_dataset\Right Brachial Plexitis\Right_Brachial_Plexitis298.jpg,Right Brachial Plexitis
C:\Users\HishamMo\Desktop\999_cs\Quantum_Inpired_PSO_Classifcation\MRI_dataset\Right Brachial Plexitis\Right_Brachial_Plexitis299.jpg,Right Brachial Plexitis
C:\Users\HishamMo\Desktop\999_cs\Quantum_Inpired_PSO_Classifcation\MRI_dataset\Right Brachial Plexitis\Right_Brachial_Plexitis300.jpg,Right Brachial Plexitis
C:\Users\HishamMo\Desktop\999_cs\Quantum_Inpired_PSO_Classifcation\MRI_dataset\Right Brachial Plexitis\Right_Brachial_Plexitis301.jpg,Right Brachial Plexitis
C:\Users\HishamMo\Desktop\999_cs\Quantum_Inpired_PSO_Classifcation\MRI_dataset\Right Brachial Plexitis\Right_Brachial_Plexitis302.jpg,Right Brachial Plexitis
C:\Users\HishamMo\Desktop\999_cs\Quantum_Inpired_PSO_Classifcation\MRI_dataset\Right Brachial Plexitis\Right_Brachial_Plexitis303.jpg,Right Brachial Plexitis
C:\Users\HishamMo\Desktop\999_cs\Quantum_Inpired_PSO_Classifcation\MRI_dataset\Right Brachial Plexitis\Right_Brachial_Plexitis304.jpg,Right Brachial Plexitis
C:\Users\HishamMo\Desktop\999_cs\Quantum_Inpired_PSO_Classifcation\MRI_dataset\Right Brachial Plexitis\Right_Brachial_Plexitis305.jpg,Right Brachial Plexitis
C:\Users\HishamMo\Desktop\999_cs\Quantum_Inpired_PSO_Classifcation\MRI_dataset\Right Brachial Plexitis\Right_Brachial_Plexitis306.jpg,Right Brachial Plexitis
C:\Users\HishamMo\Desktop\999_cs\Quantum_Inpired_PSO_Classifcation\MRI_dataset\Right Brachial Plexitis\Right_Brachial_Plexitis307.jpg,Right Brachial Plexitis
C:\Users\HishamMo\Desktop\999_cs\Quantum_Inpired_PSO_Classifcation\MRI_dataset\Right Brachial Plexitis\Right_Brachial_Plexitis308.jpg,Right Brachial Plexitis
C:\Users\HishamMo\Desktop\999_cs\Quantum_Inpired_PSO_Classifcation\MRI_dataset\Right Brachial Plexitis\Right_Brachial_Plexitis309.jpg,Right Brachial Plexitis
C:\Users\HishamMo\Desktop\999_cs\Quantum_Inpired_PSO_Classifcation\MRI_dataset\Right Brachial Plexitis\Right_Brachial_Plexitis310.jpg,Right Brachial Plexitis
C:\Users\HishamMo\Desktop\999_cs\Quantum_Inpired_PSO_Classifcation\MRI_dataset\Right Brachial Plexitis\Right_Brachial_Plexitis311.jpg,Right Brachial Plexitis
C:\Users\HishamMo\Desktop\999_cs\Quantum_Inpired_PSO_Classifcation\MRI_dataset\Right Brachial Plexitis\Right_Brachial_Plexitis312.jpg,Right Brachial Plexitis
C:\Users\HishamMo\Desktop\999_cs\Quantum_Inpired_PSO_Classifcation\MRI_dataset\Right Brachial Plexitis\Right_Brachial_Plexitis313.jpg,Right Brachial Plexitis
C:\Users\HishamMo\Desktop\999_cs\Quantum_Inpired_PSO_Classifcation\MRI_dataset\Right Brachial Plexitis\Right_Brachial_Plexitis314.jpg,Right Brachial Plexitis
C:\Users\HishamMo\Desktop\999_cs\Quantum_Inpired_PSO_Classifcation\MRI_dataset\Right Brachial Plexitis\Right_Brachial_Plexitis315.jpg,Right Brachial Plexitis
C:\Users\HishamMo\Desktop\999_cs\Quantum_Inpired_PSO_Classifcation\MRI_dataset\Right Brachial Plexitis\Right_Brachial_Plexitis316.jpg,Right Brachial Plexitis
C:\Users\HishamMo\Desktop\999_cs\Quantum_Inpired_PSO_Classifcation\MRI_dataset\Right Brachial Plexitis\Right_Brachial_Plexitis317.jpg,Right Brachial Plexitis
C:\Users\HishamMo\Desktop\999_cs\Quantum_Inpired_PSO_Classifcation\MRI_dataset\Right Brachial Plexitis\Right_Brachial_Plexitis318.jpg,Right Brachial Plexitis
C:\Users\HishamMo\Desktop\999_cs\Quantum_Inpired_PSO_Classifcation\MRI_dataset\Right Brachial Plexitis\Right_Brachial_Plexitis319.jpg,Right Brachial Plexitis
C:\Users\HishamMo\Desktop\999_cs\Quantum_Inpired_PSO_Classifcation\MRI_dataset\Right Brachial Plexitis\Right_Brachial_Plexitis320.jpg,Right Brachial Plexitis
C:\Users\HishamMo\Desktop\999_cs\Quantum_Inpired_PSO_Classifcation\MRI_dataset\Right Brachial Plexitis\Right_Brachial_Plexitis321.jpg,Right Brachial Plexitis
C:\Users\HishamMo\Desktop\999_cs\Quantum_Inpired_PSO_Classifcation\MRI_dataset\Right Brachial Plexitis\Right_Brachial_Plexitis322.jpg,Right Brachial Plexitis
C:\Users\HishamMo\Desktop\999_cs\Quantum_Inpired_PSO_Classifcation\MRI_dataset\Right Brachial Plexitis\Right_Brachial_Plexitis323.jpg,Right Brachial Plexitis
C:\Users\HishamMo\Desktop\999_cs\Quantum_Inpired_PSO_Classifcation\MRI_dataset\Right Brachial Plexitis\Right_Brachial_Plexitis324.jpg,Right Brachial Plexitis
C:\Users\HishamMo\Desktop\999_cs\Quantum_Inpired_PSO_Classifcation\MRI_dataset\Right Brachial Plexitis\Right_Brachial_Plexitis325.jpg,Right Brachial Plexitis
C:\Users\HishamMo\Desktop\999_cs\Quantum_Inpired_PSO_Classifcation\MRI_dataset\Right Brachial Plexitis\Right_Brachial_Plexitis326.jpg,Right Brachial Plexitis
C:\Users\HishamMo\Desktop\999_cs\Quantum_Inpired_PSO_Classifcation\MRI_dataset\Right Brachial Plexitis\Right_Brachial_Plexitis327.jpg,Right Brachial Plexitis
C:\Users\HishamMo\Desktop\999_cs\Quantum_Inpired_PSO_Classifcation\MRI_dataset\Right Brachial Plexitis\Right_Brachial_Plexitis328.jpg,Right Brachial Plexitis
C:\Users\HishamMo\Desktop\999_cs\Quantum_Inpired_PSO_Classifcation\MRI_dataset\Right Brachial Plexitis\Right_Brachial_Plexitis329.jpg,Right Brachial Plexitis
C:\Users\HishamMo\Desktop\999_cs\Quantum_Inpired_PSO_Classifcation\MRI_dataset\Right Brachial Plexitis\Right_Brachial_Plexitis330.jpg,Right Brachial Plexitis
C:\Users\HishamMo\Desktop\999_cs\Quantum_Inpired_PSO_Classifcation\MRI_dataset\Right Brachial Plexitis\Right_Brachial_Plexitis331.jpg,Right Brachial Plexitis
C:\Users\HishamMo\Desktop\999_cs\Quantum_Inpired_PSO_Classifcation\MRI_dataset\Right Brachial Plexitis\Right_Brachial_Plexitis332.jpg,Right Brachial Plexitis
C:\Users\HishamMo\Desktop\999_cs\Quantum_Inpired_PSO_Classifcation\MRI_dataset\Right Brachial Plexitis\Right_Brachial_Plexitis333.jpg,Right Brachial Plexitis
C:\Users\HishamMo\Desktop\999_cs\Quantum_Inpired_PSO_Classifcation\MRI_dataset\Right Brachial Plexitis\Right_Brachial_Plexitis334.jpg,Right Brachial Plexitis
C:\Users\HishamMo\Desktop\999_cs\Quantum_Inpired_PSO_Classifcation\MRI_dataset\Right Brachial Plexitis\Right_Brachial_Plexitis335.jpg,Right Brachial Plexitis
C:\Users\HishamMo\Desktop\999_cs\Quantum_Inpired_PSO_Classifcation\MRI_dataset\Right Brachial Plexitis\Right_Brachial_Plexitis336.jpg,Right Brachial Plexitis
C:\Users\HishamMo\Desktop\999_cs\Quantum_Inpired_PSO_Classifcation\MRI_dataset\Right Brachial Plexitis\Right_Brachial_Plexitis337.jpg,Right Brachial Plexitis
C:\Users\HishamMo\Desktop\999_cs\Quantum_Inpired_PSO_Classifcation\MRI_dataset\Right Brachial Plexitis\Right_Brachial_Plexitis338.jpg,Right Brachial Plexitis
C:\Users\HishamMo\Desktop\999_cs\Quantum_Inpired_PSO_Classifcation\MRI_dataset\Right Brachial Plexitis\Right_Brachial_Plexitis339.jpg,Right Brachial Plexitis
C:\Users\HishamMo\Desktop\999_cs\Quantum_Inpired_PSO_Classifcation\MRI_dataset\Right Brachial Plexitis\Right_Brachial_Plexitis340.jpg,Right Brachial Plexitis
C:\Users\HishamMo\Desktop\999_cs\Quantum_Inpired_PSO_Classifcation\MRI_dataset\Right Brachial Plexitis\Right_Brachial_Plexitis341.jpg,Right Brachial Plexitis
C:\Users\HishamMo\Desktop\999_cs\Quantum_Inpired_PSO_Classifcation\MRI_dataset\Right Brachial Plexitis\Right_Brachial_Plexitis342.jpg,Right Brachial Plexitis
C:\Users\HishamMo\Desktop\999_cs\Quantum_Inpired_PSO_Classifcation\MRI_dataset\Right Brachial Plexitis\Right_Brachial_Plexitis343.jpg,Right Brachial Plexitis
C:\Users\HishamMo\Desktop\999_cs\Quantum_Inpired_PSO_Classifcation\MRI_dataset\Right Brachial Plexitis\Right_Brachial_Plexitis344.jpg,Right Brachial Plexitis
C:\Users\HishamMo\Desktop\999_cs\Quantum_Inpired_PSO_Classifcation\MRI_dataset\Right Brachial Plexitis\Right_Brachial_Plexitis345.jpg,Right Brachial Plexitis
C:\Users\HishamMo\Desktop\999_cs\Quantum_Inpired_PSO_Classifcation\MRI_dataset\Right Brachial Plexitis\Right_Brachial_Plexitis346.jpg,Right Brachial Plexitis
C:\Users\HishamMo\Desktop\999_cs\Quantum_Inpired_PSO_Classifcation\MRI_dataset\Right Brachial Plexitis\Right_Brachial_Plexitis347.jpg,Right Brachial Plexitis
C:\Users\HishamMo\Desktop\999_cs\Quantum_Inpired_PSO_Classifcation\MRI_dataset\Right Brachial Plexitis\Right_Brachial_Plexitis348.jpg,Right Brachial Plexitis
C:\Users\HishamMo\Desktop\999_cs\Quantum_Inpired_PSO_Classifcation\MRI_dataset\Right Brachial Plexitis\Right_Brachial_Plexitis349.jpg,Right Brachial Plexitis
C:\Users\HishamMo\Desktop\999_cs\Quantum_Inpired_PSO_Classifcation\MRI_dataset\Right Brachial Plexitis\Right_Brachial_Plexitis350.jpg,Right Brachial Plexitis
C:\Users\HishamMo\Desktop\999_cs\Quantum_Inpired_PSO_Classifcation\MRI_dataset\Right Brachial Plexitis\Right_Brachial_Plexitis351.jpg,Right Brachial Plexitis
C:\Users\HishamMo\Desktop\999_cs\Quantum_Inpired_PSO_Classifcation\MRI_dataset\Right Brachial Plexitis\Right_Brachial_Plexitis352.jpg,Right Brachial Plexitis
C:\Users\HishamMo\Desktop\999_cs\Quantum_Inpired_PSO_Classifcation\MRI_dataset\Right Brachial Plexitis\Right_Brachial_Plexitis353.jpg,Right Brachial Plexitis
C:\Users\HishamMo\Desktop\999_cs\Quantum_Inpired_PSO_Classifcation\MRI_dataset\Right Brachial Plexitis\Right_Brachial_Plexitis354.jpg,Right Brachial Plexitis
C:\Users\HishamMo\Desktop\999_cs\Quantum_Inpired_PSO_Classifcation\MRI_dataset\Right Brachial Plexitis\Right_Brachial_Plexitis355.jpg,Right Brachial Plexitis
C:\Users\HishamMo\Desktop\999_cs\Quantum_Inpired_PSO_Classifcation\MRI_dataset\Right Brachial Plexitis\Right_Brachial_Plexitis356.jpg,Right Brachial Plexitis
C:\Users\HishamMo\Desktop\999_cs\Quantum_Inpired_PSO_Classifcation\MRI_dataset\Right Brachial Plexitis\Right_Brachial_Plexitis357.jpg,Right Brachial Plexitis
C:\Users\HishamMo\Desktop\999_cs\Quantum_Inpired_PSO_Classifcation\MRI_dataset\Right Brachial Plexitis\Right_Brachial_Plexitis358.jpg,Right Brachial Plexitis
C:\Users\HishamMo\Desktop\999_cs\Quantum_Inpired_PSO_Classifcation\MRI_dataset\Right Brachial Plexitis\Right_Brachial_Plexitis359.jpg,Right Brachial Plexitis
C:\Users\HishamMo\Desktop\999_cs\Quantum_Inpired_PSO_Classifcation\MRI_dataset\Right Brachial Plexitis\Right_Brachial_Plexitis360.jpg,Right Brachial Plexitis
C:\Users\HishamMo\Desktop\999_cs\Quantum_Inpired_PSO_Classifcation\MRI_dataset\Right Brachial Plexitis\Right_Brachial_Plexitis361.jpg,Right Brachial Plexitis
C:\Users\HishamMo\Desktop\999_cs\Quantum_Inpired_PSO_Classifcation\MRI_dataset\Right Brachial Plexitis\Right_Brachial_Plexitis362.jpg,Right Brachial Plexitis
C:\Users\HishamMo\Desktop\999_cs\Quantum_Inpired_PSO_Classifcation\MRI_dataset\Right Brachial Plexitis\Right_Brachial_Plexitis363.jpg,Right Brachial Plexitis
C:\Users\HishamMo\Desktop\999_cs\Quantum_Inpired_PSO_Classifcation\MRI_dataset\Right Brachial Plexitis\Right_Brachial_Plexitis364.jpg,Right Brachial Plexitis
C:\Users\HishamMo\Desktop\999_cs\Quantum_Inpired_PSO_Classifcation\MRI_dataset\Right Brachial Plexitis\Right_Brachial_Plexitis365.jpg,Right Brachial Plexitis
C:\Users\HishamMo\Desktop\999_cs\Quantum_Inpired_PSO_Classifcation\MRI_dataset\Right Brachial Plexitis\Right_Brachial_Plexitis366.jpg,Right Brachial Plexitis
C:\Users\HishamMo\Desktop\999_cs\Quantum_Inpired_PSO_Classifcation\MRI_dataset\Right Brachial Plexitis\Right_Brachial_Plexitis367.jpg,Right Brachial Plexitis
C:\Users\HishamMo\Desktop\999_cs\Quantum_Inpired_PSO_Classifcation\MRI_dataset\Right Brachial Plexitis\Right_Brachial_Plexitis368.jpg,Right Brachial Plexitis
C:\Users\HishamMo\Desktop\999_cs\Quantum_Inpired_PSO_Classifcation\MRI_dataset\Right Brachial Plexitis\Right_Brachial_Plexitis369.jpg,Right Brachial Plexitis
C:\Users\HishamMo\Desktop\999_cs\Quantum_Inpired_PSO_Classifcation\MRI_dataset\Right Brachial Plexitis\Right_Brachial_Plexitis370.jpg,Right Brachial Plexitis
C:\Users\HishamMo\Desktop\999_cs\Quantum_Inpired_PSO_Classifcation\MRI_dataset\Right Brachial Plexitis\Right_Brachial_Plexitis371.jpg,Right Brachial Plexitis
C:\Users\HishamMo\Desktop\999_cs\Quantum_Inpired_PSO_Classifcation\MRI_dataset\Right Brachial Plexitis\Right_Brachial_Plexitis372.jpg,Right Brachial Plexitis
C:\Users\HishamMo\Desktop\999_cs\Quantum_Inpired_PSO_Classifcation\MRI_dataset\Right Brachial Plexitis\Right_Brachial_Plexitis373.jpg,Right Brachial Plexitis
C:\Users\HishamMo\Desktop\999_cs\Quantum_Inpired_PSO_Classifcation\MRI_dataset\Right Brachial Plexitis\Right_Brachial_Plexitis374.jpg,Right Brachial Plexitis
C:\Users\HishamMo\Desktop\999_cs\Quantum_Inpired_PSO_Classifcation\MRI_dataset\Right Brachial Plexitis\Right_Brachial_Plexitis375.jpg,Right Brachial Plexitis
C:\Users\HishamMo\Desktop\999_cs\Quantum_Inpired_PSO_Classifcation\MRI_dataset\Right Brachial Plexitis\Right_Brachial_Plexitis376.jpg,Right Brachial Plexitis
C:\Users\HishamMo\Desktop\999_cs\Quantum_Inpired_PSO_Classifcation\MRI_dataset\Right Brachial Plexitis\Right_Brachial_Plexitis377.jpg,Right Brachial Plexitis
C:\Users\HishamMo\Desktop\999_cs\Quantum_Inpired_PSO_Classifcation\MRI_dataset\Right Brachial Plexitis\Right_Brachial_Plexitis378.jpg,Right Brachial Plexitis
C:\Users\HishamMo\Desktop\999_cs\Quantum_Inpired_PSO_Classifcation\MRI_dataset\Right Brachial Plexitis\Right_Brachial_Plexitis379.jpg,Right Brachial Plexitis
C:\Users\HishamMo\Desktop\999_cs\Quantum_Inpired_PSO_Classifcation\MRI_dataset\Right Brachial Plexitis\Right_Brachial_Plexitis380.jpg,Right Brachial Plexitis
C:\Users\HishamMo\Desktop\999_cs\Quantum_Inpired_PSO_Classifcation\MRI_dataset\Right Brachial Plexitis\Right_Brachial_Plexitis381.jpg,Right Brachial Plexitis
C:\Users\HishamMo\Desktop\999_cs\Quantum_Inpired_PSO_Classifcation\MRI_dataset\Right Brachial Plexitis\Right_Brachial_Plexitis382.jpg,Right Brachial Plexitis
C:\Users\HishamMo\Desktop\999_cs\Quantum_Inpired_PSO_Classifcation\MRI_dataset\Right Brachial Plexitis\Right_Brachial_Plexitis383.jpg,Right Brachial Plexitis
C:\Users\HishamMo\Desktop\999_cs\Quantum_Inpired_PSO_Classifcation\MRI_dataset\Right Brachial Plexitis\Right_Brachial_Plexitis384.jpg,Right Brachial Plexitis
C:\Users\HishamMo\Desktop\999_cs\Quantum_Inpired_PSO_Classifcation\MRI_dataset\Right Brachial Plexitis\Right_Brachial_Plexitis385.jpg,Right Brachial Plexitis
C:\Users\HishamMo\Desktop\999_cs\Quantum_Inpired_PSO_Classifcation\MRI_dataset\Right Brachial Plexitis\Right_Brachial_Plexitis386.jpg,Right Brachial Plexitis
C:\Users\HishamMo\Desktop\999_cs\Quantum_Inpired_PSO_Classifcation\MRI_dataset\Right Brachial Plexitis\Right_Brachial_Plexitis387.jpg,Right Brachial Plexitis
C:\Users\HishamMo\Desktop\999_cs\Quantum_Inpired_PSO_Classifcation\MRI_dataset\Right Brachial Plexitis\Right_Brachial_Plexitis388.jpg,Right Brachial Plexitis
C:\Users\HishamMo\Desktop\999_cs\Quantum_Inpired_PSO_Classifcation\MRI_dataset\Right Brachial Plexitis\Right_Brachial_Plexitis389.jpg,Right Brachial Plexitis
C:\Users\HishamMo\Desktop\999_cs\Quantum_Inpired_PSO_Classifcation\MRI_dataset\Right Brachial Plexitis\Right_Brachial_Plexitis390.jpg,Right Brachial Plexitis
C:\Users\HishamMo\Desktop\999_cs\Quantum_Inpired_PSO_Classifcation\MRI_dataset\Right Brachial Plexitis\Right_Brachial_Plexitis391.jpg,Right Brachial Plexitis
C:\Users\HishamMo\Desktop\999_cs\Quantum_Inpired_PSO_Classifcation\MRI_dataset\Right Brachial Plexitis\Right_Brachial_Plexitis392.jpg,Right Brachial Plexitis
C:\Users\HishamMo\Desktop\999_cs\Quantum_Inpired_PSO_Classifcation\MRI_dataset\Right Brachial Plexitis\Right_Brachial_Plexitis393.jpg,Right Brachial Plexitis
C:\Users\HishamMo\Desktop\999_cs\Quantum_Inpired_PSO_Classifcation\MRI_dataset\Right Brachial Plexitis\Right_Brachial_Plexitis394.jpg,Right Brachial Plexitis
C:\Users\HishamMo\Desktop\999_cs\Quantum_Inpired_PSO_Classifcation\MRI_dataset\Right Brachial Plexitis\Right_Brachial_Plexitis395.jpg,Right Brachial Plexitis
C:\Users\HishamMo\Desktop\999_cs\Quantum_Inpired_PSO_Classifcation\MRI_dataset\Right Brachial Plexitis\Right_Brachial_Plexitis396.jpg,Right Brachial Plexitis
C:\Users\HishamMo\Desktop\999_cs\Quantum_Inpired_PSO_Classifcation\MRI_dataset\Right Brachial Plexitis\Right_Brachial_Plexitis397.jpg,Right Brachial Plexitis
C:\Users\HishamMo\Desktop\999_cs\Quantum_Inpired_PSO_Classifcation\MRI_dataset\Right Brachial Plexitis\Right_Brachial_Plexitis398.jpg,Right Brachial Plexitis
C:\Users\HishamMo\Desktop\999_cs\Quantum_Inpired_PSO_Classifcation\MRI_dataset\Right Brachial Plexitis\Right_Brachial_Plexitis399.jpg,Right Brachial Plexitis
C:\Users\HishamMo\Desktop\999_cs\Quantum_Inpired_PSO_Classifcation\MRI_dataset\Right Brachial Plexitis\Right_Brachial_Plexitis400.jpg,Right Brachial Plexitis
C:\Users\HishamMo\Desktop\999_cs\Quantum_Inpired_PSO_Classifcation\MRI_dataset\Right Brachial Plexitis\Right_Brachial_Plexitis401.jpg,Right Brachial Plexitis
C:\Users\HishamMo\Desktop\999_cs\Quantum_Inpired_PSO_Classifcation\MRI_dataset\Right Brachial Plexitis\Right_Brachial_Plexitis402.jpg,Right Brachial Plexitis
C:\Users\HishamMo\Desktop\999_cs\Quantum_Inpired_PSO_Classifcation\MRI_dataset\Right Brachial Plexitis\Right_Brachial_Plexitis403.jpg,Right Brachial Plexitis
C:\Users\HishamMo\Desktop\999_cs\Quantum_Inpired_PSO_Classifcation\MRI_dataset\Right Brachial Plexitis\Right_Brachial_Plexitis404.jpg,Right Brachial Plexitis
C:\Users\HishamMo\Desktop\999_cs\Quantum_Inpired_PSO_Classifcation\MRI_dataset\Right Brachial Plexitis\Right_Brachial_Plexitis405.jpg,Right Brachial Plexitis
C:\Users\HishamMo\Desktop\999_cs\Quantum_Inpired_PSO_Classifcation\MRI_dataset\Right Brachial Plexitis\Right_Brachial_Plexitis406.jpg,Right Brachial Plexitis
C:\Users\HishamMo\Desktop\999_cs\Quantum_Inpired_PSO_Classifcation\MRI_dataset\Right Brachial Plexitis\Right_Brachial_Plexitis407.jpg,Right Brachial Plexitis
C:\Users\HishamMo\Desktop\999_cs\Quantum_Inpired_PSO_Classifcation\MRI_dataset\Right Brachial Plexitis\Right_Brachial_Plexitis408.jpg,Right Brachial Plexitis
C:\Users\HishamMo\Desktop\999_cs\Quantum_Inpired_PSO_Classifcation\MRI_dataset\Right Brachial Plexitis\Right_Brachial_Plexitis409.jpg,Right Brachial Plexitis
C:\Users\HishamMo\Desktop\999_cs\Quantum_Inpired_PSO_Classifcation\MRI_dataset\Right Brachial Plexitis\Right_Brachial_Plexitis410.jpg,Right Brachial Plexitis
C:\Users\HishamMo\Desktop\999_cs\Quantum_Inpired_PSO_Classifcation\MRI_dataset\Right Brachial Plexitis\Right_Brachial_Plexitis411.jpg,Right Brachial Plexitis
C:\Users\HishamMo\Desktop\999_cs\Quantum_Inpired_PSO_Classifcation\MRI_dataset\Right Brachial Plexitis\Right_Brachial_Plexitis412.jpg,Right Brachial Plexitis
C:\Users\HishamMo\Desktop\999_cs\Quantum_Inpired_PSO_Classifcation\MRI_dataset\Right Brachial Plexitis\Right_Brachial_Plexitis413.jpg,Right Brachial Plexitis
C:\Users\HishamMo\Desktop\999_cs\Quantum_Inpired_PSO_Classifcation\MRI_dataset\Right Brachial Plexitis\Right_Brachial_Plexitis414.jpg,Right Brachial Plexitis
C:\Users\HishamMo\Desktop\999_cs\Quantum_Inpired_PSO_Classifcation\MRI_dataset\Right Brachial Plexitis\Right_Brachial_Plexitis415.jpg,Right Brachial Plexitis
C:\Users\HishamMo\Desktop\999_cs\Quantum_Inpired_PSO_Classifcation\MRI_dataset\Right Brachial Plexitis\Right_Brachial_Plexitis416.jpg,Right Brachial Plexitis
C:\Users\HishamMo\Desktop\999_cs\Quantum_Inpired_PSO_Classifcation\MRI_dataset\Right Brachial Plexitis\Right_Brachial_Plexitis417.jpg,Right Brachial Plexitis
C:\Users\HishamMo\Desktop\999_cs\Quantum_Inpired_PSO_Classifcation\MRI_dataset\Right Brachial Plexitis\Right_Brachial_Plexitis418.jpg,Right Brachial Plexitis
C:\Users\HishamMo\Desktop\999_cs\Quantum_Inpired_PSO_Classifcation\MRI_dataset\Right Brachial Plexitis\Right_Brachial_Plexitis419.jpg,Right Brachial Plexitis
C:\Users\HishamMo\Desktop\999_cs\Quantum_Inpired_PSO_Classifcation\MRI_dataset\Right Brachial Plexitis\Right_Brachial_Plexitis420.jpg,Right Brachial Plexitis
C:\Users\HishamMo\Desktop\999_cs\Quantum_Inpired_PSO_Classifcation\MRI_dataset\Right Brachial Plexitis\Right_Brachial_Plexitis421.jpg,Right Brachial Plexitis
C:\Users\HishamMo\Desktop\999_cs\Quantum_Inpired_PSO_Classifcation\MRI_dataset\Right Brachial Plexitis\Right_Brachial_Plexitis422.jpg,Right Brachial Plexitis
C:\Users\HishamMo\Desktop\999_cs\Quantum_Inpired_PSO_Classifcation\MRI_dataset\Right Brachial Plexitis\Right_Brachial_Plexitis423.jpg,Right Brachial Plexitis
C:\Users\HishamMo\Desktop\999_cs\Quantum_Inpired_PSO_Classifcation\MRI_dataset\Right Brachial Plexitis\Right_Brachial_Plexitis424.jpg,Right Brachial Plexitis
C:\Users\HishamMo\Desktop\999_cs\Quantum_Inpired_PSO_Classifcation\MRI_dataset\Right Brachial Plexitis\Right_Brachial_Plexitis425.jpg,Right Brachial Plexitis
C:\Users\HishamMo\Desktop\999_cs\Quantum_Inpired_PSO_Classifcation\MRI_dataset\Right Brachial Plexitis\Right_Brachial_Plexitis426.jpg,Right Brachial Plexitis
C:\Users\HishamMo\Desktop\999_cs\Quantum_Inpired_PSO_Classifcation\MRI_dataset\Right Brachial Plexitis\Right_Brachial_Plexitis427.jpg,Right Brachial Plexitis
C:\Users\HishamMo\Desktop\999_cs\Quantum_Inpired_PSO_Classifcation\MRI_dataset\Right Brachial Plexitis\Right_Brachial_Plexitis428.jpg,Right Brachial Plexitis
C:\Users\HishamMo\Desktop\999_cs\Quantum_Inpired_PSO_Classifcation\MRI_dataset\Right Brachial Plexitis\Right_Brachial_Plexitis429.jpg,Right Brachial Plexitis
C:\Users\HishamMo\Desktop\999_cs\Quantum_Inpired_PSO_Classifcation\MRI_dataset\Right Brachial Plexitis\Right_Brachial_Plexitis430.jpg,Right Brachial Plexitis
C:\Users\HishamMo\Desktop\999_cs\Quantum_Inpired_PSO_Classifcation\MRI_dataset\Right Brachial Plexitis\Right_Brachial_Plexitis431.jpg,Right Brachial Plexitis
C:\Users\HishamMo\Desktop\999_cs\Quantum_Inpired_PSO_Classifcation\MRI_dataset\Right Brachial Plexitis\Right_Brachial_Plexitis432.jpg,Right Brachial Plexitis
C:\Users\HishamMo\Desktop\999_cs\Quantum_Inpired_PSO_Classifcation\MRI_dataset\Right Brachial Plexitis\Right_Brachial_Plexitis433.jpg,Right Brachial Plexitis
C:\Users\HishamMo\Desktop\999_cs\Quantum_Inpired_PSO_Classifcation\MRI_dataset\Right Brachial Plexitis\Right_Brachial_Plexitis434.jpg,Right Brachial Plexitis
C:\Users\HishamMo\Desktop\999_cs\Quantum_Inpired_PSO_Classifcation\MRI_dataset\Right Brachial Plexitis\Right_Brachial_Plexitis435.jpg,Right Brachial Plexitis
C:\Users\HishamMo\Desktop\999_cs\Quantum_Inpired_PSO_Classifcation\MRI_dataset\Right Brachial Plexitis\Right_Brachial_Plexitis436.jpg,Right Brachial Plexitis
C:\Users\HishamMo\Desktop\999_cs\Quantum_Inpired_PSO_Classifcation\MRI_dataset\Right Brachial Plexitis\Right_Brachial_Plexitis437.jpg,Right Brachial Plexitis
C:\Users\HishamMo\Desktop\999_cs\Quantum_Inpired_PSO_Classifcation\MRI_dataset\Right Brachial Plexitis\Right_Brachial_Plexitis438.jpg,Right Brachial Plexitis
C:\Users\HishamMo\Desktop\999_cs\Quantum_Inpired_PSO_Classifcation\MRI_dataset\Right Brachial Plexitis\Right_Brachial_Plexitis439.jpg,Right Brachial Plexitis
C:\Users\HishamMo\Desktop\999_cs\Quantum_Inpired_PSO_Classifcation\MRI_dataset\Right Brachial Plexitis\Right_Brachial_Plexitis440.jpg,Right Brachial Plexitis
C:\Users\HishamMo\Desktop\999_cs\Quantum_Inpired_PSO_Classifcation\MRI_dataset\Right Brachial Plexitis\Right_Brachial_Plexitis441.jpg,Right Brachial Plexitis
C:\Users\HishamMo\Desktop\999_cs\Quantum_Inpired_PSO_Classifcation\MRI_dataset\Right Brachial Plexitis\Right_Brachial_Plexitis442.jpg,Right Brachial Plexitis
C:\Users\HishamMo\Desktop\999_cs\Quantum_Inpired_PSO_Classifcation\MRI_dataset\Right Brachial Plexitis\Right_Brachial_Plexitis443.jpg,Right Brachial Plexitis
C:\Users\HishamMo\Desktop\999_cs\Quantum_Inpired_PSO_Classifcation\MRI_dataset\Right Brachial Plexitis\Right_Brachial_Plexitis444.jpg,Right Brachial Plexitis
C:\Users\HishamMo\Desktop\999_cs\Quantum_Inpired_PSO_Classifcation\MRI_dataset\Right Brachial Plexitis\Right_Brachial_Plexitis445.jpg,Right Brachial Plexitis
C:\Users\HishamMo\Desktop\999_cs\Quantum_Inpired_PSO_Classifcation\MRI_dataset\Right Brachial Plexitis\Right_Brachial_Plexitis446.jpg,Right Brachial Plexitis
C:\Users\HishamMo\Desktop\999_cs\Quantum_Inpired_PSO_Classifcation\MRI_dataset\Right Brachial Plexitis\Right_Brachial_Plexitis447.jpg,Right Brachial Plexitis
C:\Users\HishamMo\Desktop\999_cs\Quantum_Inpired_PSO_Classifcation\MRI_dataset\Right Brachial Plexitis\Right_Brachial_Plexitis448.jpg,Right Brachial Plexitis
C:\Users\HishamMo\Desktop\999_cs\Quantum_Inpired_PSO_Classifcation\MRI_dataset\Right Brachial Plexitis\Right_Brachial_Plexitis449.jpg,Right Brachial Plexitis
C:\Users\HishamMo\Desktop\999_cs\Quantum_Inpired_PSO_Classifcation\MRI_dataset\Right Brachial Plexitis\Right_Brachial_Plexitis450.jpg,Right Brachial Plexitis
C:\Users\HishamMo\Desktop\999_cs\Quantum_Inpired_PSO_Classifcation\MRI_dataset\Right Brachial Plexitis\Right_Brachial_Plexitis451.jpg,Right Brachial Plexitis
C:\Users\HishamMo\Desktop\999_cs\Quantum_Inpired_PSO_Classifcation\MRI_dataset\Right Brachial Plexitis\Right_Brachial_Plexitis452.jpg,Right Brachial Plexitis
C:\Users\HishamMo\Desktop\999_cs\Quantum_Inpired_PSO_Classifcation\MRI_dataset\Right Brachial Plexitis\Right_Brachial_Plexitis453.jpg,Right Brachial Plexitis
C:\Users\HishamMo\Desktop\999_cs\Quantum_Inpired_PSO_Classifcation\MRI_dataset\Right Brachial Plexitis\Right_Brachial_Plexitis454.jpg,Right Brachial Plexitis
C:\Users\HishamMo\Desktop\999_cs\Quantum_Inpired_PSO_Classifcation\MRI_dataset\Right Brachial Plexitis\Right_Brachial_Plexitis455.jpg,Right Brachial Plexitis
C:\Users\HishamMo\Desktop\999_cs\Quantum_Inpired_PSO_Classifcation\MRI_dataset\Right Brachial Plexitis\Right_Brachial_Plexitis456.jpg,Right Brachial Plexitis
C:\Users\HishamMo\Desktop\999_cs\Quantum_Inpired_PSO_Classifcation\MRI_dataset\Right Brachial Plexitis\Right_Brachial_Plexitis457.jpg,Right Brachial Plexitis
C:\Users\HishamMo\Desktop\999_cs\Quantum_Inpired_PSO_Classifcation\MRI_dataset\Right Brachial Plexitis\Right_Brachial_Plexitis458.jpg,Right Brachial Plexitis
C:\Users\HishamMo\Desktop\999_cs\Quantum_Inpired_PSO_Classifcation\MRI_dataset\Right Brachial Plexitis\Right_Brachial_Plexitis459.jpg,Right Brachial Plexitis
C:\Users\HishamMo\Desktop\999_cs\Quantum_Inpired_PSO_Classifcation\MRI_dataset\Right Brachial Plexitis\Right_Brachial_Plexitis460.jpg,Right Brachial Plexitis
C:\Users\HishamMo\Desktop\999_cs\Quantum_Inpired_PSO_Classifcation\MRI_dataset\Right Brachial Plexitis\Right_Brachial_Plexitis461.jpg,Right Brachial Plexitis
C:\Users\HishamMo\Desktop\999_cs\Quantum_Inpired_PSO_Classifcation\MRI_dataset\Right Brachial Plexitis\Right_Brachial_Plexitis462.jpg,Right Brachial Plexitis
C:\Users\HishamMo\Desktop\999_cs\Quantum_Inpired_PSO_Classifcation\MRI_dataset\Right Brachial Plexitis\Right_Brachial_Plexitis463.jpg,Right Brachial Plexitis
C:\Users\HishamMo\Desktop\999_cs\Quantum_Inpired_PSO_Classifcation\MRI_dataset\Right Brachial Plexitis\Right_Brachial_Plexitis464.jpg,Right Brachial Plexitis
C:\Users\HishamMo\Desktop\999_cs\Quantum_Inpired_PSO_Classifcation\MRI_dataset\Right Brachial Plexitis\Right_Brachial_Plexitis465.jpg,Right Brachial Plexitis
C:\Users\HishamMo\Desktop\999_cs\Quantum_Inpired_PSO_Classifcation\MRI_dataset\Right Brachial Plexitis\Right_Brachial_Plexitis466.jpg,Right Brachial Plexitis
C:\Users\HishamMo\Desktop\999_cs\Quantum_Inpired_PSO_Classifcation\MRI_dataset\Right Brachial Plexitis\Right_Brachial_Plexitis467.jpg,Right Brachial Plexitis
C:\Users\HishamMo\Desktop\999_cs\Quantum_Inpired_PSO_Classifcation\MRI_dataset\Right Brachial Plexitis\Right_Brachial_Plexitis468.jpg,Right Brachial Plexitis
C:\Users\HishamMo\Desktop\999_cs\Quantum_Inpired_PSO_Classifcation\MRI_dataset\Right Brachial Plexitis\Right_Brachial_Plexitis469.jpg,Right Brachial Plexitis
C:\Users\HishamMo\Desktop\999_cs\Quantum_Inpired_PSO_Classifcation\MRI_dataset\Right Brachial Plexitis\Right_Brachial_Plexitis470.jpg,Right Brachial Plexitis
C:\Users\HishamMo\Desktop\999_cs\Quantum_Inpired_PSO_Classifcation\MRI_dataset\Right Brachial Plexitis\Right_Brachial_Plexitis471.jpg,Right Brachial Plexitis
C:\Users\HishamMo\Desktop\999_cs\Quantum_Inpired_PSO_Classifcation\MRI_dataset\Right Brachial Plexitis\Right_Brachial_Plexitis472.jpg,Right Brachial Plexitis
C:\Users\HishamMo\Desktop\999_cs\Quantum_Inpired_PSO_Classifcation\MRI_dataset\Right Brachial Plexitis\Right_Brachial_Plexitis473.jpg,Right Brachial Plexitis
C:\Users\HishamMo\Desktop\999_cs\Quantum_Inpired_PSO_Classifcation\MRI_dataset\Right Brachial Plexitis\Right_Brachial_Plexitis474.jpg,Right Brachial Plexitis
C:\Users\HishamMo\Desktop\999_cs\Quantum_Inpired_PSO_Classifcation\MRI_dataset\Right Brachial Plexitis\Right_Brachial_Plexitis475.jpg,Right Brachial Plexitis
C:\Users\HishamMo\Desktop\999_cs\Quantum_Inpired_PSO_Classifcation\MRI_dataset\Right Brachial Plexitis\Right_Brachial_Plexitis476.jpg,Right Brachial Plexitis
C:\Users\HishamMo\Desktop\999_cs\Quantum_Inpired_PSO_Classifcation\MRI_dataset\Right Brachial Plexitis\Right_Brachial_Plexitis477.jpg,Right Brachial Plexitis
C:\Users\HishamMo\Desktop\999_cs\Quantum_Inpired_PSO_Classifcation\MRI_dataset\Right Brachial Plexitis\Right_Brachial_Plexitis478.jpg,Right Brachial Plexitis
C:\Users\HishamMo\Desktop\999_cs\Quantum_Inpired_PSO_Classifcation\MRI_dataset\Right Brachial Plexitis\Right_Brachial_Plexitis479.jpg,Right Brachial Plexitis
C:\Users\HishamMo\Desktop\999_cs\Quantum_Inpired_PSO_Classifcation\MRI_dataset\Right Brachial Plexitis\Right_Brachial_Plexitis480.jpg,Right Brachial Plexitis
C:\Users\HishamMo\Desktop\999_cs\Quantum_Inpired_PSO_Classifcation\MRI_dataset\Right Brachial Plexitis\Right_Brachial_Plexitis481.jpg,Right Brachial Plexitis
C:\Users\HishamMo\Desktop\999_cs\Quantum_Inpired_PSO_Classifcation\MRI_dataset\Right Brachial Plexitis\Right_Brachial_Plexitis482.jpg,Right Brachial Plexitis
C:\Users\HishamMo\Desktop\999_cs\Quantum_Inpired_PSO_Classifcation\MRI_dataset\Right Brachial Plexitis\Right_Brachial_Plexitis483.jpg,Right Brachial Plexitis
C:\Users\HishamMo\Desktop\999_cs\Quantum_Inpired_PSO_Classifcation\MRI_dataset\Right Brachial Plexitis\Right_Brachial_Plexitis484.jpg,Right Brachial Plexitis
C:\Users\HishamMo\Desktop\999_cs\Quantum_Inpired_PSO_Classifcation\MRI_dataset\Right Brachial Plexitis\Right_Brachial_Plexitis485.jpg,Right Brachial Plexitis
C:\Users\HishamMo\Desktop\999_cs\Quantum_Inpired_PSO_Classifcation\MRI_dataset\Right Brachial Plexitis\Right_Brachial_Plexitis486.jpg,Right Brachial Plexitis
C:\Users\HishamMo\Desktop\999_cs\Quantum_Inpired_PSO_Classifcation\MRI_dataset\Right Brachial Plexitis\Right_Brachial_Plexitis487.jpg,Right Brachial Plexitis
C:\Users\HishamMo\Desktop\999_cs\Quantum_Inpired_PSO_Classifcation\MRI_dataset\Right Brachial Plexitis\Right_Brachial_Plexitis488.jpg,Right Brachial Plexitis
C:\Users\HishamMo\Desktop\999_cs\Quantum_Inpired_PSO_Classifcation\MRI_dataset\Right Brachial Plexitis\Right_Brachial_Plexitis489.jpg,Right Brachial Plexitis
C:\Users\HishamMo\Desktop\999_cs\Quantum_Inpired_PSO_Classifcation\MRI_dataset\Right Brachial Plexitis\Right_Brachial_Plexitis490.jpg,Right Brachial Plexitis
C:\Users\HishamMo\Desktop\999_cs\Quantum_Inpired_PSO_Classifcation\MRI_dataset\Right Brachial Plexitis\Right_Brachial_Plexitis491.jpg,Right Brachial Plexitis
C:\Users\HishamMo\Desktop\999_cs\Quantum_Inpired_PSO_Classifcation\MRI_dataset\Right Brachial Plexitis\Right_Brachial_Plexitis492.jpg,Right Brachial Plexitis
C:\Users\HishamMo\Desktop\999_cs\Quantum_Inpired_PSO_Classifcation\MRI_dataset\Right Brachial Plexitis\Right_Brachial_Plexitis493.jpg,Right Brachial Plexitis
C:\Users\HishamMo\Desktop\999_cs\Quantum_Inpired_PSO_Classifcation\MRI_dataset\Right Brachial Plexitis\Right_Brachial_Plexitis494.jpg,Right Brachial Plexitis
C:\Users\HishamMo\Desktop\999_cs\Quantum_Inpired_PSO_Classifcation\MRI_dataset\Right Brachial Plexitis\Right_Brachial_Plexitis495.jpg,Right Brachial Plexitis
C:\Users\HishamMo\Desktop\999_cs\Quantum_Inpired_PSO_Classifcation\MRI_dataset\Right Brachial Plexitis\Right_Brachial_Plexitis496.jpg,Right Brachial Plexitis
C:\Users\HishamMo\Desktop\999_cs\Quantum_Inpired_PSO_Classifcation\MRI_dataset\Right Brachial Plexitis\Right_Brachial_Plexitis497.jpg,Right Brachial Plexitis
C:\Users\HishamMo\Desktop\999_cs\Quantum_Inpired_PSO_Classifcation\MRI_dataset\Right Brachial Plexitis\Right_Brachial_Plexitis498.jpg,Right Brachial Plexitis
C:\Users\HishamMo\Desktop\999_cs\Quantum_Inpired_PSO_Classifcation\MRI_dataset\Right Brachial Plexitis\Right_Brachial_Plexitis499.jpg,Right Brachial Plexitis
C:\Users\HishamMo\Desktop\999_cs\Quantum_Inpired_PSO_Classifcation\MRI_dataset\Right Brachial Plexitis\Right_Brachial_Plexitis500.jpg,Right Brachial Plexitis
C:\Users\HishamMo\Desktop\999_cs\Quantum_Inpired_PSO_Classifcation\MRI_dataset\Right Brachial Plexitis\Right_Brachial_Plexitis501.jpg,Right Brachial Plexitis
C:\Users\HishamMo\Desktop\999_cs\Quantum_Inpired_PSO_Classifcation\MRI_dataset\Right Brachial Plexitis\Right_Brachial_Plexitis502.jpg,Right Brachial Plexitis
C:\Users\HishamMo\Desktop\999_cs\Quantum_Inpired_PSO_Classifcation\MRI_dataset\Right Brachial Plexitis\Right_Brachial_Plexitis503.jpg,Right Brachial Plexitis
C:\Users\HishamMo\Desktop\999_cs\Quantum_Inpired_PSO_Classifcation\MRI_dataset\Right Brachial Plexitis\Right_Brachial_Plexitis504.jpg,Right Brachial Plexitis
C:\Users\HishamMo\Desktop\999_cs\Quantum_Inpired_PSO_Classifcation\MRI_dataset\Right Brachial Plexitis\Right_Brachial_Plexitis505.jpg,Right Brachial Plexitis
C:\Users\HishamMo\Desktop\999_cs\Quantum_Inpired_PSO_Classifcation\MRI_dataset\Right Brachial Plexitis\Right_Brachial_Plexitis506.jpg,Right Brachial Plexitis
C:\Users\HishamMo\Desktop\999_cs\Quantum_Inpired_PSO_Classifcation\MRI_dataset\Right Brachial Plexitis\Right_Brachial_Plexitis507.jpg,Right Brachial Plexitis
C:\Users\HishamMo\Desktop\999_cs\Quantum_Inpired_PSO_Classifcation\MRI_dataset\Right Brachial Plexitis\Right_Brachial_Plexitis508.jpg,Right Brachial Plexitis
C:\Users\HishamMo\Desktop\999_cs\Quantum_Inpired_PSO_Classifcation\MRI_dataset\Right Brachial Plexitis\Right_Brachial_Plexitis509.jpg,Right Brachial Plexitis
C:\Users\HishamMo\Desktop\999_cs\Quantum_Inpired_PSO_Classifcation\MRI_dataset\Right Brachial Plexitis\Right_Brachial_Plexitis510.jpg,Right Brachial Plexitis
C:\Users\HishamMo\Desktop\999_cs\Quantum_Inpired_PSO_Classifcation\MRI_dataset\Right Brachial Plexitis\Right_Brachial_Plexitis511.jpg,Right Brachial Plexitis
C:\Users\HishamMo\Desktop\999_cs\Quantum_Inpired_PSO_Classifcation\MRI_dataset\Right Brachial Plexitis\Right_Brachial_Plexitis512.jpg,Right Brachial Plexitis
C:\Users\HishamMo\Desktop\999_cs\Quantum_Inpired_PSO_Classifcation\MRI_dataset\Right Brachial Plexitis\Right_Brachial_Plexitis513.jpg,Right Brachial Plexitis
C:\Users\HishamMo\Desktop\999_cs\Quantum_Inpired_PSO_Classifcation\MRI_dataset\Right Brachial Plexitis\Right_Brachial_Plexitis514.jpg,Right Brachial Plexitis
C:\Users\HishamMo\Desktop\999_cs\Quantum_Inpired_PSO_Classifcation\MRI_dataset\Right Brachial Plexitis\Right_Brachial_Plexitis515.jpg,Right Brachial Plexitis
C:\Users\HishamMo\Desktop\999_cs\Quantum_Inpired_PSO_Classifcation\MRI_dataset\Right Brachial Plexitis\Right_Brachial_Plexitis516.jpg,Right Brachial Plexitis
C:\Users\HishamMo\Desktop\999_cs\Quantum_Inpired_PSO_Classifcation\MRI_dataset\Right Brachial Plexitis\Right_Brachial_Plexitis517.jpg,Right Brachial Plexitis
C:\Users\HishamMo\Desktop\999_cs\Quantum_Inpired_PSO_Classifcation\MRI_dataset\Right Brachial Plexitis\Right_Brachial_Plexitis518.jpg,Right Brachial Plexitis
C:\Users\HishamMo\Desktop\999_cs\Quantum_Inpired_PSO_Classifcation\MRI_dataset\Right Brachial Plexitis\Right_Brachial_Plexitis519.jpg,Right Brachial Plexitis
C:\Users\HishamMo\Desktop\999_cs\Quantum_Inpired_PSO_Classifcation\MRI_dataset\Right Brachial Plexitis\Right_Brachial_Plexitis520.jpg,Right Brachial Plexitis
C:\Users\HishamMo\Desktop\999_cs\Quantum_Inpired_PSO_Classifcation\MRI_dataset\Right Brachial Plexitis\Right_Brachial_Plexitis521.jpg,Right Brachial Plexitis
C:\Users\HishamMo\Desktop\999_cs\Quantum_Inpired_PSO_Classifcation\MRI_dataset\Right Brachial Plexitis\Right_Brachial_Plexitis522.jpg,Right Brachial Plexitis
C:\Users\HishamMo\Desktop\999_cs\Quantum_Inpired_PSO_Classifcation\MRI_dataset\Right Brachial Plexitis\Right_Brachial_Plexitis523.jpg,Right Brachial Plexitis
C:\Users\HishamMo\Desktop\999_cs\Quantum_Inpired_PSO_Classifcation\MRI_dataset\Right Brachial Plexitis\Right_Brachial_Plexitis524.jpg,Right Brachial Plexitis
C:\Users\HishamMo\Desktop\999_cs\Quantum_Inpired_PSO_Classifcation\MRI_dataset\Right Brachial Plexitis\Right_Brachial_Plexitis525.jpg,Right Brachial Plexitis
C:\Users\HishamMo\Desktop\999_cs\Quantum_Inpired_PSO_Classifcation\MRI_dataset\Right Brachial Plexitis\Right_Brachial_Plexitis526.jpg,Right Brachial Plexitis
C:\Users\HishamMo\Desktop\999_cs\Quantum_Inpired_PSO_Classifcation\MRI_dataset\Right Brachial Plexitis\Right_Brachial_Plexitis527.jpg,Right Brachial Plexitis
C:\Users\HishamMo\Desktop\999_cs\Quantum_Inpired_PSO_Classifcation\MRI_dataset\Right Brachial Plexitis\Right_Brachial_Plexitis528.jpg,Right Brachial Plexitis
C:\Users\HishamMo\Desktop\999_cs\Quantum_Inpired_PSO_Classifcation\MRI_dataset\Right Brachial Plexitis\Right_Brachial_Plexitis529.jpg,Right Brachial Plexitis
C:\Users\HishamMo\Desktop\999_cs\Quantum_Inpired_PSO_Classifcation\MRI_dataset\Right Brachial Plexitis\Right_Brachial_Plexitis530.jpg,Right Brachial Plexitis
C:\Users\HishamMo\Desktop\999_cs\Quantum_Inpired_PSO_Classifcation\MRI_dataset\Right Brachial Plexitis\Right_Brachial_Plexitis531.jpg,Right Brachial Plexitis
C:\Users\HishamMo\Desktop\999_cs\Quantum_Inpired_PSO_Classifcation\MRI_dataset\Right Brachial Plexitis\Right_Brachial_Plexitis532.jpg,Right Brachial Plexitis
C:\Users\HishamMo\Desktop\999_cs\Quantum_Inpired_PSO_Classifcation\MRI_dataset\Right Brachial Plexitis\Right_Brachial_Plexitis533.jpg,Right Brachial Plexitis
C:\Users\HishamMo\Desktop\999_cs\Quantum_Inpired_PSO_Classifcation\MRI_dataset\Right Brachial Plexitis\Right_Brachial_Plexitis534.jpg,Right Brachial Plexitis
C:\Users\HishamMo\Desktop\999_cs\Quantum_Inpired_PSO_Classifcation\MRI_dataset\Right Brachial Plexitis\Right_Brachial_Plexitis535.jpg,Right Brachial Plexitis
C:\Users\HishamMo\Desktop\999_cs\Quantum_Inpired_PSO_Classifcation\MRI_dataset\Right Brachial Plexitis\Right_Brachial_Plexitis536.jpg,Right Brachial Plexitis
C:\Users\HishamMo\Desktop\999_cs\Quantum_Inpired_PSO_Classifcation\MRI_dataset\Right Brachial Plexitis\Right_Brachial_Plexitis537.jpg,Right Brachial Plexitis
C:\Users\HishamMo\Desktop\999_cs\Quantum_Inpired_PSO_Classifcation\MRI_dataset\Right Brachial Plexitis\Right_Brachial_Plexitis538.jpg,Right Brachial Plexitis
C:\Users\HishamMo\Desktop\999_cs\Quantum_Inpired_PSO_Classifcation\MRI_dataset\Right Brachial Plexitis\Right_Brachial_Plexitis539.jpg,Right Brachial Plexitis
C:\Users\HishamMo\Desktop\999_cs\Quantum_Inpired_PSO_Classifcation\MRI_dataset\Right Brachial Plexitis\Right_Brachial_Plexitis540.jpg,Right Brachial Plexitis
C:\Users\HishamMo\Desktop\999_cs\Quantum_Inpired_PSO_Classifcation\MRI_dataset\Right Brachial Plexitis\Right_Brachial_Plexitis541.jpg,Right Brachial Plexitis
C:\Users\HishamMo\Desktop\999_cs\Quantum_Inpired_PSO_Classifcation\MRI_dataset\Right Brachial Plexitis\Right_Brachial_Plexitis542.jpg,Right Brachial Plexitis
C:\Users\HishamMo\Desktop\999_cs\Quantum_Inpired_PSO_Classifcation\MRI_dataset\Right Brachial Plexitis\Right_Brachial_Plexitis543.jpg,Right Brachial Plexitis
C:\Users\HishamMo\Desktop\999_cs\Quantum_Inpired_PSO_Classifcation\MRI_dataset\Right Brachial Plexitis\Right_Brachial_Plexitis544.jpg,Right Brachial Plexitis
C:\Users\HishamMo\Desktop\999_cs\Quantum_Inpired_PSO_Classifcation\MRI_dataset\Right Brachial Plexitis\Right_Brachial_Plexitis545.jpg,Right Brachial Plexitis
C:\Users\HishamMo\Desktop\999_cs\Quantum_Inpired_PSO_Classifcation\MRI_dataset\Right Brachial Plexitis\Right_Brachial_Plexitis546.jpg,Right Brachial Plexitis
C:\Users\HishamMo\Desktop\999_cs\Quantum_Inpired_PSO_Classifcation\MRI_dataset\Right Brachial Plexitis\Right_Brachial_Plexitis547.jpg,Right Brachial Plexitis
C:\Users\HishamMo\Desktop\999_cs\Quantum_Inpired_PSO_Classifcation\MRI_dataset\Right Brachial Plexitis\Right_Brachial_Plexitis548.jpg,Right Brachial Plexitis
C:\Users\HishamMo\Desktop\999_cs\Quantum_Inpired_PSO_Classifcation\MRI_dataset\Right Brachial Plexitis\Right_Brachial_Plexitis549.jpg,Right Brachial Plexitis
C:\Users\HishamMo\Desktop\999_cs\Quantum_Inpired_PSO_Classifcation\MRI_dataset\Right Brachial Plexitis\Right_Brachial_Plexitis550.jpg,Right Brachial Plexitis
C:\Users\HishamMo\Desktop\999_cs\Quantum_Inpired_PSO_Classifcation\MRI_dataset\Right Brachial Plexitis\Right_Brachial_Plexitis551.jpg,Right Brachial Plexitis
C:\Users\HishamMo\Desktop\999_cs\Quantum_Inpired_PSO_Classifcation\MRI_dataset\Right Brachial Plexitis\Right_Brachial_Plexitis552.jpg,Right Brachial Plexitis
C:\Users\HishamMo\Desktop\999_cs\Quantum_Inpired_PSO_Classifcation\MRI_dataset\Right Brachial Plexitis\Right_Brachial_Plexitis553.jpg,Right Brachial Plexitis
C:\Users\HishamMo\Desktop\999_cs\Quantum_Inpired_PSO_Classifcation\MRI_dataset\Right Brachial Plexitis\Right_Brachial_Plexitis554.jpg,Right Brachial Plexitis
C:\Users\HishamMo\Desktop\999_cs\Quantum_Inpired_PSO_Classifcation\MRI_dataset\Right Brachial Plexitis\Right_Brachial_Plexitis555.jpg,Right Brachial Plexitis
C:\Users\HishamMo\Desktop\999_cs\Quantum_Inpired_PSO_Classifcation\MRI_dataset\Right Brachial Plexitis\Right_Brachial_Plexitis556.jpg,Right Brachial Plexitis
C:\Users\HishamMo\Desktop\999_cs\Quantum_Inpired_PSO_Classifcation\MRI_dataset\Right Brachial Plexitis\Right_Brachial_Plexitis557.jpg,Right Brachial Plexitis
C:\Users\HishamMo\Desktop\999_cs\Quantum_Inpired_PSO_Classifcation\MRI_dataset\Right Brachial Plexitis\Right_Brachial_Plexitis558.jpg,Right Brachial Plexitis
C:\Users\HishamMo\Desktop\999_cs\Quantum_Inpired_PSO_Classifcation\MRI_dataset\Right Brachial Plexitis\Right_Brachial_Plexitis559.jpg,Right Brachial Plexitis
C:\Users\HishamMo\Desktop\999_cs\Quantum_Inpired_PSO_Classifcation\MRI_dataset\Right Brachial Plexitis\Right_Brachial_Plexitis560.jpg,Right Brachial Plexitis
C:\Users\HishamMo\Desktop\999_cs\Quantum_Inpired_PSO_Classifcation\MRI_dataset\Right Brachial Plexitis\Right_Brachial_Plexitis561.jpg,Right Brachial Plexitis
C:\Users\HishamMo\Desktop\999_cs\Quantum_Inpired_PSO_Classifcation\MRI_dataset\Right Brachial Plexitis\Right_Brachial_Plexitis562.jpg,Right Brachial Plexitis
C:\Users\HishamMo\Desktop\999_cs\Quantum_Inpired_PSO_Classifcation\MRI_dataset\Right Brachial Plexitis\Right_Brachial_Plexitis563.jpg,Right Brachial Plexitis
C:\Users\HishamMo\Desktop\999_cs\Quantum_Inpired_PSO_Classifcation\MRI_dataset\Right Brachial Plexitis\Right_Brachial_Plexitis564.jpg,Right Brachial Plexitis
C:\Users\HishamMo\Desktop\999_cs\Quantum_Inpired_PSO_Classifcation\MRI_dataset\Right Brachial Plexitis\Right_Brachial_Plexitis565.jpg,Right Brachial Plexitis
C:\Users\HishamMo\Desktop\999_cs\Quantum_Inpired_PSO_Classifcation\MRI_dataset\Right Brachial Plexitis\Right_Brachial_Plexitis566.jpg,Right Brachial Plexitis
C:\Users\HishamMo\Desktop\999_cs\Quantum_Inpired_PSO_Classifcation\MRI_dataset\Right Brachial Plexitis\Right_Brachial_Plexitis567.jpg,Right Brachial Plexitis
C:\Users\HishamMo\Desktop\999_cs\Quantum_Inpired_PSO_Classifcation\MRI_dataset\Right Brachial Plexitis\Right_Brachial_Plexitis568.jpg,Right Brachial Plexitis
C:\Users\HishamMo\Desktop\999_cs\Quantum_Inpired_PSO_Classifcation\MRI_dataset\Right Brachial Plexitis\Right_Brachial_Plexitis569.jpg,Right Brachial Plexitis
C:\Users\HishamMo\Desktop\999_cs\Quantum_Inpired_PSO_Classifcation\MRI_dataset\Right Brachial Plexitis\Right_Brachial_Plexitis570.jpg,Right Brachial Plexitis
C:\Users\HishamMo\Desktop\999_cs\Quantum_Inpired_PSO_Classifcation\MRI_dataset\Right Brachial Plexitis\Right_Brachial_Plexitis571.jpg,Right Brachial Plexitis
C:\Users\HishamMo\Desktop\999_cs\Quantum_Inpired_PSO_Classifcation\MRI_dataset\Right Brachial Plexitis\Right_Brachial_Plexitis572.jpg,Right Brachial Plexitis
C:\Users\HishamMo\Desktop\999_cs\Quantum_Inpired_PSO_Classifcation\MRI_dataset\Right Brachial Plexitis\Right_Brachial_Plexitis573.jpg,Right Brachial Plexitis
C:\Users\HishamMo\Desktop\999_cs\Quantum_Inpired_PSO_Classifcation\MRI_dataset\Right Brachial Plexitis\Right_Brachial_Plexitis574.jpg,Right Brachial Plexitis
C:\Users\HishamMo\Desktop\999_cs\Quantum_Inpired_PSO_Classifcation\MRI_dataset\Right Brachial Plexitis\Right_Brachial_Plexitis575.jpg,Right Brachial Plexitis
C:\Users\HishamMo\Desktop\999_cs\Quantum_Inpired_PSO_Classifcation\MRI_dataset\Right Brachial Plexitis\Right_Brachial_Plexitis576.jpg,Right Brachial Plexitis
C:\Users\HishamMo\Desktop\999_cs\Quantum_Inpired_PSO_Classifcation\MRI_dataset\Right Brachial Plexitis\Right_Brachial_Plexitis577.jpg,Right Brachial Plexitis
C:\Users\HishamMo\Desktop\999_cs\Quantum_Inpired_PSO_Classifcation\MRI_dataset\Right Brachial Plexitis\Right_Brachial_Plexitis578.jpg,Right Brachial Plexitis
C:\Users\HishamMo\Desktop\999_cs\Quantum_Inpired_PSO_Classifcation\MRI_dataset\Right Brachial Plexitis\Right_Brachial_Plexitis579.jpg,Right Brachial Plexitis
C:\Users\HishamMo\Desktop\999_cs\Quantum_Inpired_PSO_Classifcation\MRI_dataset\Right Brachial Plexitis\Right_Brachial_Plexitis580.jpg,Right Brachial Plexitis
C:\Users\HishamMo\Desktop\999_cs\Quantum_Inpired_PSO_Classifcation\MRI_dataset\Right Brachial Plexitis\Right_Brachial_Plexitis581.jpg,Right Brachial Plexitis
C:\Users\HishamMo\Desktop\999_cs\Quantum_Inpired_PSO_Classifcation\MRI_dataset\Right Brachial Plexitis\Right_Brachial_Plexitis582.jpg,Right Brachial Plexitis
C:\Users\HishamMo\Desktop\999_cs\Quantum_Inpired_PSO_Classifcation\MRI_dataset\Right Brachial Plexitis\Right_Brachial_Plexitis583.jpg,Right Brachial Plexitis
C:\Users\HishamMo\Desktop\999_cs\Quantum_Inpired_PSO_Classifcation\MRI_dataset\Right Brachial Plexitis\Right_Brachial_Plexitis584.jpg,Right Brachial Plexitis
C:\Users\HishamMo\Desktop\999_cs\Quantum_Inpired_PSO_Classifcation\MRI_dataset\Right Brachial Plexitis\Right_Brachial_Plexitis585.jpg,Right Brachial Plexitis
C:\Users\HishamMo\Desktop\999_cs\Quantum_Inpired_PSO_Classifcation\MRI_dataset\Right Brachial Plexitis\Right_Brachial_Plexitis586.jpg,Right Brachial Plexitis
C:\Users\HishamMo\Desktop\999_cs\Quantum_Inpired_PSO_Classifcation\MRI_dataset\Right Brachial Plexitis\Right_Brachial_Plexitis587.jpg,Right Brachial Plexitis
C:\Users\HishamMo\Desktop\999_cs\Quantum_Inpired_PSO_Classifcation\MRI_dataset\Right Brachial Plexitis\Right_Brachial_Plexitis588.jpg,Right Brachial Plexitis
C:\Users\HishamMo\Desktop\999_cs\Quantum_Inpired_PSO_Classifcation\MRI_dataset\Right Brachial Plexitis\Right_Brachial_Plexitis589.jpg,Right Brachial Plexitis
C:\Users\HishamMo\Desktop\999_cs\Quantum_Inpired_PSO_Classifcation\MRI_dataset\Right Brachial Plexitis\Right_Brachial_Plexitis590.jpg,Right Brachial Plexitis
C:\Users\HishamMo\Desktop\999_cs\Quantum_Inpired_PSO_Classifcation\MRI_dataset\Right Brachial Plexitis\Right_Brachial_Plexitis591.jpg,Right Brachial Plexitis
C:\Users\HishamMo\Desktop\999_cs\Quantum_Inpired_PSO_Classifcation\MRI_dataset\Right Brachial Plexitis\Right_Brachial_Plexitis592.jpg,Right Brachial Plexitis
C:\Users\HishamMo\Desktop\999_cs\Quantum_Inpired_PSO_Classifcation\MRI_dataset\Right Brachial Plexitis\Right_Brachial_Plexitis593.jpg,Right Brachial Plexitis
C:\Users\HishamMo\Desktop\999_cs\Quantum_Inpired_PSO_Classifcation\MRI_dataset\Right Brachial Plexitis\Right_Brachial_Plexitis594.jpg,Right Brachial Plexitis
C:\Users\HishamMo\Desktop\999_cs\Quantum_Inpired_PSO_Classifcation\MRI_dataset\Right Brachial Plexitis\Right_Brachial_Plexitis595.jpg,Right Brachial Plexitis
C:\Users\HishamMo\Desktop\999_cs\Quantum_Inpired_PSO_Classifcation\MRI_dataset\Right Brachial Plexitis\Right_Brachial_Plexitis596.jpg,Right Brachial Plexitis
C:\Users\HishamMo\Desktop\999_cs\Quantum_Inpired_PSO_Classifcation\MRI_dataset\Right Brachial Plexitis\Right_Brachial_Plexitis597.jpg,Right Brachial Plexitis
C:\Users\HishamMo\Desktop\999_cs\Quantum_Inpired_PSO_Classifcation\MRI_dataset\Right Brachial Plexitis\Right_Brachial_Plexitis598.jpg,Right Brachial Plexitis
C:\Users\HishamMo\Desktop\999_cs\Quantum_Inpired_PSO_Classifcation\MRI_dataset\Right Brachial Plexitis\Right_Brachial_Plexitis599.jpg,Right Brachial Plexitis
C:\Users\HishamMo\Desktop\999_cs\Quantum_Inpired_PSO_Classifcation\MRI_dataset\Right Brachial Plexitis\Right_Brachial_Plexitis600.jpg,Right Brachial Plexitis
C:\Users\HishamMo\Desktop\999_cs\Quantum_Inpired_PSO_Classifcation\MRI_dataset\Right Brachial Plexitis\Right_Brachial_Plexitis601.jpg,Right Brachial Plexitis
C:\Users\HishamMo\Desktop\999_cs\Quantum_Inpired_PSO_Classifcation\MRI_dataset\Right Brachial Plexitis\Right_Brachial_Plexitis602.jpg,Right Brachial Plexitis
C:\Users\HishamMo\Desktop\999_cs\Quantum_Inpired_PSO_Classifcation\MRI_dataset\Right Brachial Plexitis\Right_Brachial_Plexitis603.jpg,Right Brachial Plexitis
C:\Users\HishamMo\Desktop\999_cs\Quantum_Inpired_PSO_Classifcation\MRI_dataset\Right Brachial Plexitis\Right_Brachial_Plexitis604.jpg,Right Brachial Plexitis
C:\Users\HishamMo\Desktop\999_cs\Quantum_Inpired_PSO_Classifcation\MRI_dataset\Right Brachial Plexitis\Right_Brachial_Plexitis605.jpg,Right Brachial Plexitis
C:\Users\HishamMo\Desktop\999_cs\Quantum_Inpired_PSO_Classifcation\MRI_dataset\Right Brachial Plexitis\Right_Brachial_Plexitis606.jpg,Right Brachial Plexitis
C:\Users\HishamMo\Desktop\999_cs\Quantum_Inpired_PSO_Classifcation\MRI_dataset\Right Brachial Plexitis\Right_Brachial_Plexitis607.jpg,Right Brachial Plexitis
C:\Users\HishamMo\Desktop\999_cs\Quantum_Inpired_PSO_Classifcation\MRI_dataset\Right Brachial Plexitis\Right_Brachial_Plexitis608.jpg,Right Brachial Plexitis
C:\Users\HishamMo\Desktop\999_cs\Quantum_Inpired_PSO_Classifcation\MRI_dataset\Right Brachial Plexitis\Right_Brachial_Plexitis609.jpg,Right Brachial Plexitis
C:\Users\HishamMo\Desktop\999_cs\Quantum_Inpired_PSO_Classifcation\MRI_dataset\Right Brachial Plexitis\Right_Brachial_Plexitis610.jpg,Right Brachial Plexitis
C:\Users\HishamMo\Desktop\999_cs\Quantum_Inpired_PSO_Classifcation\MRI_dataset\Right Brachial Plexitis\Right_Brachial_Plexitis611.jpg,Right Brachial Plexitis
C:\Users\HishamMo\Desktop\999_cs\Quantum_Inpired_PSO_Classifcation\MRI_dataset\Right Brachial Plexitis\Right_Brachial_Plexitis612.jpg,Right Brachial Plexitis
C:\Users\HishamMo\Desktop\999_cs\Quantum_Inpired_PSO_Classifcation\MRI_dataset\Right Brachial Plexitis\Right_Brachial_Plexitis613.jpg,Right Brachial Plexitis
C:\Users\HishamMo\Desktop\999_cs\Quantum_Inpired_PSO_Classifcation\MRI_dataset\Right Brachial Plexitis\Right_Brachial_Plexitis614.jpg,Right Brachial Plexitis
C:\Users\HishamMo\Desktop\999_cs\Quantum_Inpired_PSO_Classifcation\MRI_dataset\Right Brachial Plexitis\Right_Brachial_Plexitis615.jpg,Right Brachial Plexitis
C:\Users\HishamMo\Desktop\999_cs\Quantum_Inpired_PSO_Classifcation\MRI_dataset\Right Brachial Plexitis\Right_Brachial_Plexitis616.jpg,Right Brachial Plexitis
C:\Users\HishamMo\Desktop\999_cs\Quantum_Inpired_PSO_Classifcation\MRI_dataset\Right Brachial Plexitis\Right_Brachial_Plexitis617.jpg,Right Brachial Plexitis
C:\Users\HishamMo\Desktop\999_cs\Quantum_Inpired_PSO_Classifcation\MRI_dataset\Right Brachial Plexitis\Right_Brachial_Plexitis618.jpg,Right Brachial Plexitis
C:\Users\HishamMo\Desktop\999_cs\Quantum_Inpired_PSO_Classifcation\MRI_dataset\Right Brachial Plexitis\Right_Brachial_Plexitis619.jpg,Right Brachial Plexitis
C:\Users\HishamMo\Desktop\999_cs\Quantum_Inpired_PSO_Classifcation\MRI_dataset\Right Brachial Plexitis\Right_Brachial_Plexitis620.jpg,Right Brachial Plexitis
C:\Users\HishamMo\Desktop\999_cs\Quantum_Inpired_PSO_Classifcation\MRI_dataset\Right Brachial Plexitis\Right_Brachial_Plexitis621.jpg,Right Brachial Plexitis
C:\Users\HishamMo\Desktop\999_cs\Quantum_Inpired_PSO_Classifcation\MRI_dataset\Right Brachial Plexitis\Right_Brachial_Plexitis622.jpg,Right Brachial Plexitis
C:\Users\HishamMo\Desktop\999_cs\Quantum_Inpired_PSO_Classifcation\MRI_dataset\Right Brachial Plexitis\Right_Brachial_Plexitis623.jpg,Right Brachial Plexitis
C:\Users\HishamMo\Desktop\999_cs\Quantum_Inpired_PSO_Classifcation\MRI_dataset\Right Brachial Plexitis\Right_Brachial_Plexitis624.jpg,Right Brachial Plexitis
C:\Users\HishamMo\Desktop\999_cs\Quantum_Inpired_PSO_Classifcation\MRI_dataset\Right Brachial Plexitis\Right_Brachial_Plexitis625.jpg,Right Brachial Plexitis
C:\Users\HishamMo\Desktop\999_cs\Quantum_Inpired_PSO_Classifcation\MRI_dataset\Right Brachial Plexitis\Right_Brachial_Plexitis626.jpg,Right Brachial Plexitis
C:\Users\HishamMo\Desktop\999_cs\Quantum_Inpired_PSO_Classifcation\MRI_dataset\Right Brachial Plexitis\Right_Brachial_Plexitis627.jpg,Right Brachial Plexitis
C:\Users\HishamMo\Desktop\999_cs\Quantum_Inpired_PSO_Classifcation\MRI_dataset\Right Brachial Plexitis\Right_Brachial_Plexitis628.jpg,Right Brachial Plexitis
C:\Users\HishamMo\Desktop\999_cs\Quantum_Inpired_PSO_Classifcation\MRI_dataset\Right Brachial Plexitis\Right_Brachial_Plexitis629.jpg,Right Brachial Plexitis
C:\Users\HishamMo\Desktop\999_cs\Quantum_Inpired_PSO_Classifcation\MRI_dataset\Right Brachial Plexitis\Right_Brachial_Plexitis630.jpg,Right Brachial Plexitis
C:\Users\HishamMo\Desktop\999_cs\Quantum_Inpired_PSO_Classifcation\MRI_dataset\Right Brachial Plexitis\Right_Brachial_Plexitis631.jpg,Right Brachial Plexitis
C:\Users\HishamMo\Desktop\999_cs\Quantum_Inpired_PSO_Classifcation\MRI_dataset\Right Brachial Plexitis\Right_Brachial_Plexitis632.jpg,Right Brachial Plexitis
C:\Users\HishamMo\Desktop\999_cs\Quantum_Inpired_PSO_Classifcation\MRI_dataset\Right Brachial Plexitis\Right_Brachial_Plexitis633.jpg,Right Brachial Plexitis
C:\Users\HishamMo\Desktop\999_cs\Quantum_Inpired_PSO_Classifcation\MRI_dataset\Right Brachial Plexitis\Right_Brachial_Plexitis634.jpg,Right Brachial Plexitis
C:\Users\HishamMo\Desktop\999_cs\Quantum_Inpired_PSO_Classifcation\MRI_dataset\Right Brachial Plexitis\Right_Brachial_Plexitis635.jpg,Right Brachial Plexitis
C:\Users\HishamMo\Desktop\999_cs\Quantum_Inpired_PSO_Classifcation\MRI_dataset\Right Brachial Plexitis\Right_Brachial_Plexitis636.jpg,Right Brachial Plexitis
C:\Users\HishamMo\Desktop\999_cs\Quantum_Inpired_PSO_Classifcation\MRI_dataset\Right Brachial Plexitis\Right_Brachial_Plexitis637.jpg,Right Brachial Plexitis
C:\Users\HishamMo\Desktop\999_cs\Quantum_Inpired_PSO_Classifcation\MRI_dataset\Right Brachial Plexitis\Right_Brachial_Plexitis638.jpg,Right Brachial Plexitis
C:\Users\HishamMo\Desktop\999_cs\Quantum_Inpired_PSO_Classifcation\MRI_dataset\Right Brachial Plexitis\Right_Brachial_Plexitis639.jpg,Right Brachial Plexitis
C:\Users\HishamMo\Desktop\999_cs\Quantum_Inpired_PSO_Classifcation\MRI_dataset\Right Brachial Plexitis\Right_Brachial_Plexitis640.jpg,Right Brachial Plexitis
C:\Users\HishamMo\Desktop\999_cs\Quantum_Inpired_PSO_Classifcation\MRI_dataset\Right Brachial Plexitis\Right_Brachial_Plexitis641.jpg,Right Brachial Plexitis
C:\Users\HishamMo\Desktop\999_cs\Quantum_Inpired_PSO_Classifcation\MRI_dataset\Right Brachial Plexitis\Right_Brachial_Plexitis642.jpg,Right Brachial Plexitis
C:\Users\HishamMo\Desktop\999_cs\Quantum_Inpired_PSO_Classifcation\MRI_dataset\Right Brachial Plexitis\Right_Brachial_Plexitis643.jpg,Right Brachial Plexitis
C:\Users\HishamMo\Desktop\999_cs\Quantum_Inpired_PSO_Classifcation\MRI_dataset\Right Brachial Plexitis\Right_Brachial_Plexitis644.jpg,Right Brachial Plexitis
C:\Users\HishamMo\Desktop\999_cs\Quantum_Inpired_PSO_Classifcation\MRI_dataset\Right Brachial Plexitis\Right_Brachial_Plexitis645.jpg,Right Brachial Plexitis
C:\Users\HishamMo\Desktop\999_cs\Quantum_Inpired_PSO_Classifcation\MRI_dataset\Right Brachial Plexitis\Right_Brachial_Plexitis646.jpg,Right Brachial Plexitis
C:\Users\HishamMo\Desktop\999_cs\Quantum_Inpired_PSO_Classifcation\MRI_dataset\Right Brachial Plexitis\Right_Brachial_Plexitis647.jpg,Right Brachial Plexitis
C:\Users\HishamMo\Desktop\999_cs\Quantum_Inpired_PSO_Classifcation\MRI_dataset\Right Brachial Plexitis\Right_Brachial_Plexitis648.jpg,Right Brachial Plexitis
C:\Users\HishamMo\Desktop\999_cs\Quantum_Inpired_PSO_Classifcation\MRI_dataset\Right Brachial Plexitis\Right_Brachial_Plexitis649.jpg,Right Brachial Plexitis
C:\Users\HishamMo\Desktop\999_cs\Quantum_Inpired_PSO_Classifcation\MRI_dataset\Right Brachial Plexitis\Right_Brachial_Plexitis650.jpg,Right Brachial Plexitis
C:\Users\HishamMo\Desktop\999_cs\Quantum_Inpired_PSO_Classifcation\MRI_dataset\Right Brachial Plexitis\Right_Brachial_Plexitis651.jpg,Right Brachial Plexitis
C:\Users\HishamMo\Desktop\999_cs\Quantum_Inpired_PSO_Classifcation\MRI_dataset\Right Brachial Plexitis\Right_Brachial_Plexitis652.jpg,Right Brachial Plexitis
C:\Users\HishamMo\Desktop\999_cs\Quantum_Inpired_PSO_Classifcation\MRI_dataset\Right Brachial Plexitis\Right_Brachial_Plexitis653.jpg,Right Brachial Plexitis
C:\Users\HishamMo\Desktop\999_cs\Quantum_Inpired_PSO_Classifcation\MRI_dataset\Right Brachial Plexitis\Right_Brachial_Plexitis654.jpg,Right Brachial Plexitis
C:\Users\HishamMo\Desktop\999_cs\Quantum_Inpired_PSO_Classifcation\MRI_dataset\Right Brachial Plexitis\Right_Brachial_Plexitis655.jpg,Right Brachial Plexitis
C:\Users\HishamMo\Desktop\999_cs\Quantum_Inpired_PSO_Classifcation\MRI_dataset\Right Brachial Plexitis\Right_Brachial_Plexitis656.jpg,Right Brachial Plexitis
C:\Users\HishamMo\Desktop\999_cs\Quantum_Inpired_PSO_Classifcation\MRI_dataset\Right Brachial Plexitis\Right_Brachial_Plexitis657.jpg,Right Brachial Plexitis
C:\Users\HishamMo\Desktop\999_cs\Quantum_Inpired_PSO_Classifcation\MRI_dataset\Right Brachial Plexitis\Right_Brachial_Plexitis658.jpg,Right Brachial Plexitis
C:\Users\HishamMo\Desktop\999_cs\Quantum_Inpired_PSO_Classifcation\MRI_dataset\Right Brachial Plexitis\Right_Brachial_Plexitis659.jpg,Right Brachial Plexitis
C:\Users\HishamMo\Desktop\999_cs\Quantum_Inpired_PSO_Classifcation\MRI_dataset\Right Brachial Plexitis\Right_Brachial_Plexitis660.jpg,Right Brachial Plexitis
C:\Users\HishamMo\Desktop\999_cs\Quantum_Inpired_PSO_Classifcation\MRI_dataset\Right Brachial Plexitis\Right_Brachial_Plexitis661.jpg,Right Brachial Plexitis
C:\Users\HishamMo\Desktop\999_cs\Quantum_Inpired_PSO_Classifcation\MRI_dataset\Right Brachial Plexitis\Right_Brachial_Plexitis662.jpg,Right Brachial Plexitis
C:\Users\HishamMo\Desktop\999_cs\Quantum_Inpired_PSO_Classifcation\MRI_dataset\Right Brachial Plexitis\Right_Brachial_Plexitis663.jpg,Right Brachial Plexitis
C:\Users\HishamMo\Desktop\999_cs\Quantum_Inpired_PSO_Classifcation\MRI_dataset\Right Brachial Plexitis\Right_Brachial_Plexitis664.jpg,Right Brachial Plexitis
C:\Users\HishamMo\Desktop\999_cs\Quantum_Inpired_PSO_Classifcation\MRI_dataset\Right Brachial Plexitis\Right_Brachial_Plexitis665.jpg,Right Brachial Plexitis
C:\Users\HishamMo\Desktop\999_cs\Quantum_Inpired_PSO_Classifcation\MRI_dataset\Right Brachial Plexitis\Right_Brachial_Plexitis666.jpg,Right Brachial Plexitis
C:\Users\HishamMo\Desktop\999_cs\Quantum_Inpired_PSO_Classifcation\MRI_dataset\Right Brachial Plexitis\Right_Brachial_Plexitis667.jpg,Right Brachial Plexitis
C:\Users\HishamMo\Desktop\999_cs\Quantum_Inpired_PSO_Classifcation\MRI_dataset\Right Brachial Plexitis\Right_Brachial_Plexitis668.jpg,Right Brachial Plexitis
C:\Users\HishamMo\Desktop\999_cs\Quantum_Inpired_PSO_Classifcation\MRI_dataset\Right Brachial Plexitis\Right_Brachial_Plexitis669.jpg,Right Brachial Plexitis
C:\Users\HishamMo\Desktop\999_cs\Quantum_Inpired_PSO_Classifcation\MRI_dataset\Right Brachial Plexitis\Right_Brachial_Plexitis670.jpg,Right Brachial Plexitis
C:\Users\HishamMo\Desktop\999_cs\Quantum_Inpired_PSO_Classifcation\MRI_dataset\Right Brachial Plexitis\Right_Brachial_Plexitis671.jpg,Right Brachial Plexitis
C:\Users\HishamMo\Desktop\999_cs\Quantum_Inpired_PSO_Classifcation\MRI_dataset\Right Brachial Plexitis\Right_Brachial_Plexitis672.jpg,Right Brachial Plexitis
C:\Users\HishamMo\Desktop\999_cs\Quantum_Inpired_PSO_Classifcation\MRI_dataset\Right Brachial Plexitis\Right_Brachial_Plexitis673.jpg,Right Brachial Plexitis
C:\Users\HishamMo\Desktop\999_cs\Quantum_Inpired_PSO_Classifcation\MRI_dataset\Right Brachial Plexitis\Right_Brachial_Plexitis674.jpg,Right Brachial Plexitis
C:\Users\HishamMo\Desktop\999_cs\Quantum_Inpired_PSO_Classifcation\MRI_dataset\Right Brachial Plexitis\Right_Brachial_Plexitis675.jpg,Right Brachial Plexitis
C:\Users\HishamMo\Desktop\999_cs\Quantum_Inpired_PSO_Classifcation\MRI_dataset\Right Brachial Plexitis\Right_Brachial_Plexitis676.jpg,Right Brachial Plexitis
C:\Users\HishamMo\Desktop\999_cs\Quantum_Inpired_PSO_Classifcation\MRI_dataset\Right Brachial Plexitis\Right_Brachial_Plexitis677.jpg,Right Brachial Plexitis
C:\Users\HishamMo\Desktop\999_cs\Quantum_Inpired_PSO_Classifcation\MRI_dataset\Right Brachial Plexitis\Right_Brachial_Plexitis678.jpg,Right Brachial Plexitis
C:\Users\HishamMo\Desktop\999_cs\Quantum_Inpired_PSO_Classifcation\MRI_dataset\Right Brachial Plexitis\Right_Brachial_Plexitis679.jpg,Right Brachial Plexitis
C:\Users\HishamMo\Desktop\999_cs\Quantum_Inpired_PSO_Classifcation\MRI_dataset\Right Brachial Plexitis\Right_Brachial_Plexitis680.jpg,Right Brachial Plexitis
C:\Users\HishamMo\Desktop\999_cs\Quantum_Inpired_PSO_Classifcation\MRI_dataset\Right Brachial Plexitis\Right_Brachial_Plexitis681.jpg,Right Brachial Plexitis
C:\Users\HishamMo\Desktop\999_cs\Quantum_Inpired_PSO_Classifcation\MRI_dataset\Right Brachial Plexitis\Right_Brachial_Plexitis682.jpg,Right Brachial Plexitis
C:\Users\HishamMo\Desktop\999_cs\Quantum_Inpired_PSO_Classifcation\MRI_dataset\Right Brachial Plexitis\Right_Brachial_Plexitis683.jpg,Right Brachial Plexitis
C:\Users\HishamMo\Desktop\999_cs\Quantum_Inpired_PSO_Classifcation\MRI_dataset\Right Brachial Plexitis\Right_Brachial_Plexitis684.jpg,Right Brachial Plexitis
C:\Users\HishamMo\Desktop\999_cs\Quantum_Inpired_PSO_Classifcation\MRI_dataset\Right Brachial Plexitis\Right_Brachial_Plexitis685.jpg,Right Brachial Plexitis
C:\Users\HishamMo\Desktop\999_cs\Quantum_Inpired_PSO_Classifcation\MRI_dataset\Right Brachial Plexitis\Right_Brachial_Plexitis686.jpg,Right Brachial Plexitis
C:\Users\HishamMo\Desktop\999_cs\Quantum_Inpired_PSO_Classifcation\MRI_dataset\Right Brachial Plexitis\Right_Brachial_Plexitis687.jpg,Right Brachial Plexitis
C:\Users\HishamMo\Desktop\999_cs\Quantum_Inpired_PSO_Classifcation\MRI_dataset\Right Brachial Plexitis\Right_Brachial_Plexitis688.jpg,Right Brachial Plexitis
C:\Users\HishamMo\Desktop\999_cs\Quantum_Inpired_PSO_Classifcation\MRI_dataset\Right Brachial Plexitis\Right_Brachial_Plexitis689.jpg,Right Brachial Plexitis
C:\Users\HishamMo\Desktop\999_cs\Quantum_Inpired_PSO_Classifcation\MRI_dataset\Right Brachial Plexitis\Right_Brachial_Plexitis690.jpg,Right Brachial Plexitis
C:\Users\HishamMo\Desktop\999_cs\Quantum_Inpired_PSO_Classifcation\MRI_dataset\Right Brachial Plexitis\Right_Brachial_Plexitis691.jpg,Right Brachial Plexitis
C:\Users\HishamMo\Desktop\999_cs\Quantum_Inpired_PSO_Classifcation\MRI_dataset\Right Brachial Plexitis\Right_Brachial_Plexitis692.jpg,Right Brachial Plexitis
C:\Users\HishamMo\Desktop\999_cs\Quantum_Inpired_PSO_Classifcation\MRI_dataset\Right Brachial Plexitis\Right_Brachial_Plexitis693.jpg,Right Brachial Plexitis
C:\Users\HishamMo\Desktop\999_cs\Quantum_Inpired_PSO_Classifcation\MRI_dataset\Right Brachial Plexitis\Right_Brachial_Plexitis694.jpg,Right Brachial Plexitis
C:\Users\HishamMo\Desktop\999_cs\Quantum_Inpired_PSO_Classifcation\MRI_dataset\Right Brachial Plexitis\Right_Brachial_Plexitis695.jpg,Right Brachial Plexitis
C:\Users\HishamMo\Desktop\999_cs\Quantum_Inpired_PSO_Classifcation\MRI_dataset\Right Brachial Plexitis\Right_Brachial_Plexitis696.jpg,Right Brachial Plexitis
C:\Users\HishamMo\Desktop\999_cs\Quantum_Inpired_PSO_Classifcation\MRI_dataset\Right Brachial Plexitis\Right_Brachial_Plexitis697.jpg,Right Brachial Plexitis
C:\Users\HishamMo\Desktop\999_cs\Quantum_Inpired_PSO_Classifcation\MRI_dataset\Right Brachial Plexitis\Right_Brachial_Plexitis698.jpg,Right Brachial Plexitis
C:\Users\HishamMo\Desktop\999_cs\Quantum_Inpired_PSO_Classifcation\MRI_dataset\Right Brachial Plexitis\Right_Brachial_Plexitis699.jpg,Right Brachial Plexitis
C:\Users\HishamMo\Desktop\999_cs\Quantum_Inpired_PSO_Classifcation\MRI_dataset\Right Brachial Plexitis\Right_Brachial_Plexitis700.jpg,Right Brachial Plexitis
C:\Users\HishamMo\Desktop\999_cs\Quantum_Inpired_PSO_Classifcation\MRI_dataset\Right Brachial Plexitis\Right_Brachial_Plexitis701.jpg,Right Brachial Plexitis
C:\Users\HishamMo\Desktop\999_cs\Quantum_Inpired_PSO_Classifcation\MRI_dataset\Right Brachial Plexitis\Right_Brachial_Plexitis702.jpg,Right Brachial Plexitis
C:\Users\HishamMo\Desktop\999_cs\Quantum_Inpired_PSO_Classifcation\MRI_dataset\Right Brachial Plexitis\Right_Brachial_Plexitis703.jpg,Right Brachial Plexitis
C:\Users\HishamMo\Desktop\999_cs\Quantum_Inpired_PSO_Classifcation\MRI_dataset\Right Brachial Plexitis\Right_Brachial_Plexitis704.jpg,Right Brachial Plexitis
C:\Users\HishamMo\Desktop\999_cs\Quantum_Inpired_PSO_Classifcation\MRI_dataset\Right Brachial Plexitis\Right_Brachial_Plexitis705.jpg,Right Brachial Plexitis
C:\Users\HishamMo\Desktop\999_cs\Quantum_Inpired_PSO_Classifcation\MRI_dataset\Right Brachial Plexitis\Right_Brachial_Plexitis706.jpg,Right Brachial Plexitis
C:\Users\HishamMo\Desktop\999_cs\Quantum_Inpired_PSO_Classifcation\MRI_dataset\Right Brachial Plexitis\Right_Brachial_Plexitis707.jpg,Right Brachial Plexitis
C:\Users\HishamMo\Desktop\999_cs\Quantum_Inpired_PSO_Classifcation\MRI_dataset\Right Brachial Plexitis\Right_Brachial_Plexitis708.jpg,Right Brachial Plexitis
C:\Users\HishamMo\Desktop\999_cs\Quantum_Inpired_PSO_Classifcation\MRI_dataset\Right Brachial Plexitis\Right_Brachial_Plexitis709.jpg,Right Brachial Plexitis
C:\Users\HishamMo\Desktop\999_cs\Quantum_Inpired_PSO_Classifcation\MRI_dataset\Right Brachial Plexitis\Right_Brachial_Plexitis710.jpg,Right Brachial Plexitis
C:\Users\HishamMo\Desktop\999_cs\Quantum_Inpired_PSO_Classifcation\MRI_dataset\Right Brachial Plexitis\Right_Brachial_Plexitis711.jpg,Right Brachial Plexitis
C:\Users\HishamMo\Desktop\999_cs\Quantum_Inpired_PSO_Classifcation\MRI_dataset\Right Brachial Plexitis\Right_Brachial_Plexitis712.jpg,Right Brachial Plexitis
C:\Users\HishamMo\Desktop\999_cs\Quantum_Inpired_PSO_Classifcation\MRI_dataset\Right Brachial Plexitis\Right_Brachial_Plexitis713.jpg,Right Brachial Plexitis
C:\Users\HishamMo\Desktop\999_cs\Quantum_Inpired_PSO_Classifcation\MRI_dataset\Right Brachial Plexitis\Right_Brachial_Plexitis714.jpg,Right Brachial Plexitis
C:\Users\HishamMo\Desktop\999_cs\Quantum_Inpired_PSO_Classifcation\MRI_dataset\Right Brachial Plexitis\Right_Brachial_Plexitis715.jpg,Right Brachial Plexitis
C:\Users\HishamMo\Desktop\999_cs\Quantum_Inpired_PSO_Classifcation\MRI_dataset\Right Brachial Plexitis\Right_Brachial_Plexitis716.jpg,Right Brachial Plexitis
C:\Users\HishamMo\Desktop\999_cs\Quantum_Inpired_PSO_Classifcation\MRI_dataset\Right Brachial Plexitis\Right_Brachial_Plexitis717.jpg,Right Brachial Plexitis
C:\Users\HishamMo\Desktop\999_cs\Quantum_Inpired_PSO_Classifcation\MRI_dataset\Right Brachial Plexitis\Right_Brachial_Plexitis718.jpg,Right Brachial Plexitis
C:\Users\HishamMo\Desktop\999_cs\Quantum_Inpired_PSO_Classifcation\MRI_dataset\Right Brachial Plexitis\Right_Brachial_Plexitis719.jpg,Right Brachial Plexitis
C:\Users\HishamMo\Desktop\999_cs\Quantum_Inpired_PSO_Classifcation\MRI_dataset\Right Brachial Plexitis\Right_Brachial_Plexitis720.jpg,Right Brachial Plexitis
C:\Users\HishamMo\Desktop\999_cs\Quantum_Inpired_PSO_Classifcation\MRI_dataset\Right Brachial Plexitis\Right_Brachial_Plexitis721.jpg,Right Brachial Plexitis
C:\Users\HishamMo\Desktop\999_cs\Quantum_Inpired_PSO_Classifcation\MRI_dataset\Right Brachial Plexitis\Right_Brachial_Plexitis722.jpg,Right Brachial Plexitis
C:\Users\HishamMo\Desktop\999_cs\Quantum_Inpired_PSO_Classifcation\MRI_dataset\Right Brachial Plexitis\Right_Brachial_Plexitis723.jpg,Right Brachial Plexitis
C:\Users\HishamMo\Desktop\999_cs\Quantum_Inpired_PSO_Classifcation\MRI_dataset\Right Brachial Plexitis\Right_Brachial_Plexitis724.jpg,Right Brachial Plexitis
C:\Users\HishamMo\Desktop\999_cs\Quantum_Inpired_PSO_Classifcation\MRI_dataset\Right Brachial Plexitis\Right_Brachial_Plexitis725.jpg,Right Brachial Plexitis
C:\Users\HishamMo\Desktop\999_cs\Quantum_Inpired_PSO_Classifcation\MRI_dataset\Right Brachial Plexitis\Right_Brachial_Plexitis726.jpg,Right Brachial Plexitis
C:\Users\HishamMo\Desktop\999_cs\Quantum_Inpired_PSO_Classifcation\MRI_dataset\Right Brachial Plexitis\Right_Brachial_Plexitis727.jpg,Right Brachial Plexitis
C:\Users\HishamMo\Desktop\999_cs\Quantum_Inpired_PSO_Classifcation\MRI_dataset\Right Brachial Plexitis\Right_Brachial_Plexitis728.jpg,Right Brachial Plexitis
C:\Users\HishamMo\Desktop\999_cs\Quantum_Inpired_PSO_Classifcation\MRI_dataset\Right Brachial Plexitis\Right_Brachial_Plexitis729.jpg,Right Brachial Plexitis
C:\Users\HishamMo\Desktop\999_cs\Quantum_Inpired_PSO_Classifcation\MRI_dataset\Right Brachial Plexitis\Right_Brachial_Plexitis730.jpg,Right Brachial Plexitis
C:\Users\HishamMo\Desktop\999_cs\Quantum_Inpired_PSO_Classifcation\MRI_dataset\Right Brachial Plexitis\Right_Brachial_Plexitis731.jpg,Right Brachial Plexitis
C:\Users\HishamMo\Desktop\999_cs\Quantum_Inpired_PSO_Classifcation\MRI_dataset\Right Brachial Plexitis\Right_Brachial_Plexitis732.jpg,Right Brachial Plexitis
C:\Users\HishamMo\Desktop\999_cs\Quantum_Inpired_PSO_Classifcation\MRI_dataset\Right Brachial Plexitis\Right_Brachial_Plexitis733.jpg,Right Brachial Plexitis
C:\Users\HishamMo\Desktop\999_cs\Quantum_Inpired_PSO_Classifcation\MRI_dataset\Right Brachial Plexitis\Right_Brachial_Plexitis734.jpg,Right Brachial Plexitis
C:\Users\HishamMo\Desktop\999_cs\Quantum_Inpired_PSO_Classifcation\MRI_dataset\Right Brachial Plexitis\Right_Brachial_Plexitis735.jpg,Right Brachial Plexitis
C:\Users\HishamMo\Desktop\999_cs\Quantum_Inpired_PSO_Classifcation\MRI_dataset\Right Brachial Plexitis\Right_Brachial_Plexitis736.jpg,Right Brachial Plexitis
C:\Users\HishamMo\Desktop\999_cs\Quantum_Inpired_PSO_Classifcation\MRI_dataset\Right Brachial Plexitis\Right_Brachial_Plexitis737.jpg,Right Brachial Plexitis
C:\Users\HishamMo\Desktop\999_cs\Quantum_Inpired_PSO_Classifcation\MRI_dataset\Right Brachial Plexitis\Right_Brachial_Plexitis738.jpg,Right Brachial Plexitis
C:\Users\HishamMo\Desktop\999_cs\Quantum_Inpired_PSO_Classifcation\MRI_dataset\Right Brachial Plexitis\Right_Brachial_Plexitis739.jpg,Right Brachial Plexitis
C:\Users\HishamMo\Desktop\999_cs\Quantum_Inpired_PSO_Classifcation\MRI_dataset\Right Brachial Plexitis\Right_Brachial_Plexitis740.jpg,Right Brachial Plexitis
C:\Users\HishamMo\Desktop\999_cs\Quantum_Inpired_PSO_Classifcation\MRI_dataset\Right Brachial Plexitis\Right_Brachial_Plexitis741.jpg,Right Brachial Plexitis
C:\Users\HishamMo\Desktop\999_cs\Quantum_Inpired_PSO_Classifcation\MRI_dataset\Right Brachial Plexitis\Right_Brachial_Plexitis742.jpg,Right Brachial Plexitis
C:\Users\HishamMo\Desktop\999_cs\Quantum_Inpired_PSO_Classifcation\MRI_dataset\Right Brachial Plexitis\Right_Brachial_Plexitis743.jpg,Right Brachial Plexitis
C:\Users\HishamMo\Desktop\999_cs\Quantum_Inpired_PSO_Classifcation\MRI_dataset\Right Brachial Plexitis\Right_Brachial_Plexitis744.jpg,Right Brachial Plexitis
C:\Users\HishamMo\Desktop\999_cs\Quantum_Inpired_PSO_Classifcation\MRI_dataset\Right Brachial Plexitis\Right_Brachial_Plexitis745.jpg,Right Brachial Plexitis
C:\Users\HishamMo\Desktop\999_cs\Quantum_Inpired_PSO_Classifcation\MRI_dataset\Right Brachial Plexitis\Right_Brachial_Plexitis746.jpg,Right Brachial Plexitis
C:\Users\HishamMo\Desktop\999_cs\Quantum_Inpired_PSO_Classifcation\MRI_dataset\Right Brachial Plexitis\Right_Brachial_Plexitis747.jpg,Right Brachial Plexitis
C:\Users\HishamMo\Desktop\999_cs\Quantum_Inpired_PSO_Classifcation\MRI_dataset\Right Brachial Plexitis\Right_Brachial_Plexitis748.jpg,Right Brachial Plexitis
C:\Users\HishamMo\Desktop\999_cs\Quantum_Inpired_PSO_Classifcation\MRI_dataset\Right Brachial Plexitis\Right_Brachial_Plexitis749.jpg,Right Brachial Plexitis
C:\Users\HishamMo\Desktop\999_cs\Quantum_Inpired_PSO_Classifcation\MRI_dataset\Right Brachial Plexitis\Right_Brachial_Plexitis750.jpg,Right Brachial Plexitis
C:\Users\HishamMo\Desktop\999_cs\Quantum_Inpired_PSO_Classifcation\MRI_dataset\Right Brachial Plexitis\Right_Brachial_Plexitis751.jpg,Right Brachial Plexitis
C:\Users\HishamMo\Desktop\999_cs\Quantum_Inpired_PSO_Classifcation\MRI_dataset\Right Brachial Plexitis\Right_Brachial_Plexitis752.jpg,Right Brachial Plexitis
C:\Users\HishamMo\Desktop\999_cs\Quantum_Inpired_PSO_Classifcation\MRI_dataset\Right Brachial Plexitis\Right_Brachial_Plexitis753.jpg,Right Brachial Plexitis
C:\Users\HishamMo\Desktop\999_cs\Quantum_Inpired_PSO_Classifcation\MRI_dataset\Right Brachial Plexitis\Right_Brachial_Plexitis754.jpg,Right Brachial Plexitis
C:\Users\HishamMo\Desktop\999_cs\Quantum_Inpired_PSO_Classifcation\MRI_dataset\Right Brachial Plexitis\Right_Brachial_Plexitis755.jpg,Right Brachial Plexitis
C:\Users\HishamMo\Desktop\999_cs\Quantum_Inpired_PSO_Classifcation\MRI_dataset\Right Brachial Plexitis\Right_Brachial_Plexitis756.jpg,Right Brachial Plexitis
C:\Users\HishamMo\Desktop\999_cs\Quantum_Inpired_PSO_Classifcation\MRI_dataset\Right Brachial Plexitis\Right_Brachial_Plexitis757.jpg,Right Brachial Plexitis
C:\Users\HishamMo\Desktop\999_cs\Quantum_Inpired_PSO_Classifcation\MRI_dataset\Right Brachial Plexitis\Right_Brachial_Plexitis758.jpg,Right Brachial Plexitis
C:\Users\HishamMo\Desktop\999_cs\Quantum_Inpired_PSO_Classifcation\MRI_dataset\Right Brachial Plexitis\Right_Brachial_Plexitis759.jpg,Right Brachial Plexitis
C:\Users\HishamMo\Desktop\999_cs\Quantum_Inpired_PSO_Classifcation\MRI_dataset\Right Brachial Plexitis\Right_Brachial_Plexitis760.jpg,Right Brachial Plexitis
C:\Users\HishamMo\Desktop\999_cs\Quantum_Inpired_PSO_Classifcation\MRI_dataset\Right Brachial Plexitis\Right_Brachial_Plexitis761.jpg,Right Brachial Plexitis
C:\Users\HishamMo\Desktop\999_cs\Quantum_Inpired_PSO_Classifcation\MRI_dataset\Right Brachial Plexitis\Right_Brachial_Plexitis762.jpg,Right Brachial Plexitis
C:\Users\HishamMo\Desktop\999_cs\Quantum_Inpired_PSO_Classifcation\MRI_dataset\Right Brachial Plexitis\Right_Brachial_Plexitis763.jpg,Right Brachial Plexitis
C:\Users\HishamMo\Desktop\999_cs\Quantum_Inpired_PSO_Classifcation\MRI_dataset\Right Brachial Plexitis\Right_Brachial_Plexitis764.jpg,Right Brachial Plexitis
C:\Users\HishamMo\Desktop\999_cs\Quantum_Inpired_PSO_Classifcation\MRI_dataset\Right Brachial Plexitis\Right_Brachial_Plexitis765.jpg,Right Brachial Plexitis
C:\Users\HishamMo\Desktop\999_cs\Quantum_Inpired_PSO_Classifcation\MRI_dataset\Right Brachial Plexitis\Right_Brachial_Plexitis766.jpg,Right Brachial Plexitis
C:\Users\HishamMo\Desktop\999_cs\Quantum_Inpired_PSO_Classifcation\MRI_dataset\Right Brachial Plexitis\Right_Brachial_Plexitis767.jpg,Right Brachial Plexitis
C:\Users\HishamMo\Desktop\999_cs\Quantum_Inpired_PSO_Classifcation\MRI_dataset\Right Brachial Plexitis\Right_Brachial_Plexitis768.jpg,Right Brachial Plexitis
C:\Users\HishamMo\Desktop\999_cs\Quantum_Inpired_PSO_Classifcation\MRI_dataset\Right Brachial Plexitis\Right_Brachial_Plexitis769.jpg,Right Brachial Plexitis
C:\Users\HishamMo\Desktop\999_cs\Quantum_Inpired_PSO_Classifcation\MRI_dataset\Right Brachial Plexitis\Right_Brachial_Plexitis770.jpg,Right Brachial Plexitis
C:\Users\HishamMo\Desktop\999_cs\Quantum_Inpired_PSO_Classifcation\MRI_dataset\Right Brachial Plexitis\Right_Brachial_Plexitis771.jpg,Right Brachial Plexitis
C:\Users\HishamMo\Desktop\999_cs\Quantum_Inpired_PSO_Classifcation\MRI_dataset\Right Brachial Plexitis\Right_Brachial_Plexitis772.jpg,Right Brachial Plexitis
C:\Users\HishamMo\Desktop\999_cs\Quantum_Inpired_PSO_Classifcation\MRI_dataset\Right Brachial Plexitis\Right_Brachial_Plexitis773.jpg,Right Brachial Plexitis
C:\Users\HishamMo\Desktop\999_cs\Quantum_Inpired_PSO_Classifcation\MRI_dataset\Right Brachial Plexitis\Right_Brachial_Plexitis774.jpg,Right Brachial Plexitis
C:\Users\HishamMo\Desktop\999_cs\Quantum_Inpired_PSO_Classifcation\MRI_dataset\Right Brachial Plexitis\Right_Brachial_Plexitis775.jpg,Right Brachial Plexitis
C:\Users\HishamMo\Desktop\999_cs\Quantum_Inpired_PSO_Classifcation\MRI_dataset\Right Brachial Plexitis\Right_Brachial_Plexitis776.jpg,Right Brachial Plexitis
C:\Users\HishamMo\Desktop\999_cs\Quantum_Inpired_PSO_Classifcation\MRI_dataset\Right Brachial Plexitis\Right_Brachial_Plexitis777.jpg,Right Brachial Plexitis
C:\Users\HishamMo\Desktop\999_cs\Quantum_Inpired_PSO_Classifcation\MRI_dataset\Right Brachial Plexitis\Right_Brachial_Plexitis778.jpg,Right Brachial Plexitis
C:\Users\HishamMo\Desktop\999_cs\Quantum_Inpired_PSO_Classifcation\MRI_dataset\Right Brachial Plexitis\Right_Brachial_Plexitis779.jpg,Right Brachial Plexitis
C:\Users\HishamMo\Desktop\999_cs\Quantum_Inpired_PSO_Classifcation\MRI_dataset\Right Brachial Plexitis\Right_Brachial_Plexitis780.jpg,Right Brachial Plexitis
C:\Users\HishamMo\Desktop\999_cs\Quantum_Inpired_PSO_Classifcation\MRI_dataset\Right Brachial Plexitis\Right_Brachial_Plexitis781.jpg,Right Brachial Plexitis
C:\Users\HishamMo\Desktop\999_cs\Quantum_Inpired_PSO_Classifcation\MRI_dataset\Right Brachial Plexitis\Right_Brachial_Plexitis782.jpg,Right Brachial Plexitis
C:\Users\HishamMo\Desktop\999_cs\Quantum_Inpired_PSO_Classifcation\MRI_dataset\Right Brachial Plexitis\Right_Brachial_Plexitis783.jpg,Right Brachial Plexitis
C:\Users\HishamMo\Desktop\999_cs\Quantum_Inpired_PSO_Classifcation\MRI_dataset\Right Brachial Plexitis\Right_Brachial_Plexitis784.jpg,Right Brachial Plexitis
